timestamp_ms,frame_index,capture_frame_id,gaze_x_raw,gaze_y_raw,gaze_x_smooth,gaze_y_smooth,grid_row,grid_col,section,confidence,dwell_time_ms,nrevisit_count,transition_rate,iris_size_delta,fps_actual,capture_fps,capture_age_ms,preprocess_ms,inference_ms,mapping_metrics_ms,total_processing_ms,dropped_frames_total,face_detected,gaze_status,calibration_quality,head_pitch,head_yaw,head_pose_shifted,is_blinking,total_blinks,blink_rate_bpm
1789815142535,1,1523,614.421185918944,898.8455029086946,614.421185918944,898.8455029086946,1,0,sidebar,0.7625142879165435,0,0,0.2,0.0,0.0,29.59448799475837,29.589999991003424,0.32560000545345247,12.419200007570907,0.603599997702986,13.360899989493191,0,True,on_screen,0.7417420067697549,2.2665774138714596,4.3173789491654055,False,False,0,0.0
1789815142548,2,1524,686.1210202799751,873.0757718398083,662.2811533739432,881.6440895264722,1,0,sidebar,0.676341921814002,13,0,0.2,0.0,74.06803884947368,29.584518803340202,11.490700009744614,0.2159999858122319,16.267700004391372,0.7189000025391579,17.212399980053306,0,True,on_screen,0.7417420067697549,1.2764614458523056,4.446838836237182,False,False,0,0.0
1789815142569,3,1525,755.6077817611252,887.0298279101379,727.6097932449707,885.4141063950383,1,0,sidebar,0.5617985986165913,33,0,0.2,0.0,71.55317207218776,29.595733555117924,0.11480000102892518,0.23899998632259667,10.207800019998103,0.5790000141132623,11.039099976187572,0,True,on_screen,0.7417420067697549,0.620778372562313,4.71005705193347,False,False,0,0.0
1789815142601,4,1526,743.6618922855401,855.5535680690255,732.5347082315723,876.2526495451834,1,0,sidebar,0.5518880100458531,65,0,0.2,0.0,67.55045986272513,29.597388489354522,0.10820000898092985,0.3704999980982393,9.15179998264648,0.5855000053998083,10.224899975582957,0,True,on_screen,0.7417420067697549,-0.23213683977098754,5.304462843298602,False,False,0,0.0
1789815142633,5,1527,675.1672892264033,780.5038124539882,692.377514927954,809.2284635813469,1,0,sidebar,0.5919670497550857,97,0,0.2,0.0,63.870264977421684,29.597784713383092,0.15820001135580242,0.2804000105243176,9.46750000002794,1.0375999845564365,10.79939998453483,0,True,on_screen,0.7417420067697549,-0.42922704715152804,5.460165575116377,False,False,0,0.0
1789815142664,6,1528,628.7739965769658,783.506601146224,654.0353608671633,793.7225350134404,1,0,sidebar,0.6397427469467905,128,0,0.2,0.0,60.72354267850993,29.60078926552652,0.14119999832473695,0.22470002295449376,7.662800024263561,0.5850000015925616,8.483999990858138,0,True,on_screen,0.7417420067697549,-0.2493590696175545,5.627448298039596,False,False,0,0.0
1789815142695,7,1529,633.1349750141554,710.2273174964575,639.4050907700578,735.2758827515524,1,0,sidebar,0.5950369625585674,159,0,0.2,0.0,57.75311781216721,29.601080028608045,0.09009998757392168,0.2271000121254474,8.715999982086942,0.5688000237569213,9.521500003756955,0,True,on_screen,0.7417420067697549,-0.15442266847560404,5.563018185750174,False,False,0,0.0
1789815142728,8,1530,567.6141579315521,765.6046434024422,590.4162716230571,755.9716741521372,1,0,sidebar,0.6793814903474549,192,0,0.2,0.0,55.12225246559129,29.602040900124315,0.11520000407472253,0.22759998682886362,9.021700010634959,0.5645999917760491,9.824199980357662,0,True,on_screen,0.7417420067697549,0.4227442559427743,5.252180633956089,False,False,0,0.0
1789815142775,9,1531,406.5992843189574,829.3986866849092,461.74438051018734,807.3705829250775,1,0,sidebar,0.8332071961344308,240,0,0.2,0.0,51.67354646866791,29.593939812154495,0.12110001989640296,0.33030001213774085,8.436800009803846,0.5253999843262136,9.302499995101243,0,True,on_screen,0.7417420067697549,0.4117185076930525,5.071599236713891,False,False,0,0.0
1789815142808,10,1532,312.50668618991637,833.3350624810386,357.2779944859976,825.5457186142502,1,0,sidebar,0.7464107181108863,273,0,0.2,0.0,49.652805122720885,29.59441985391281,0.11409999569877982,0.21639998885802925,9.702900017146021,0.543399975867942,10.473100002855062,0,True,on_screen,0.7417420067697549,0.28429384820159953,5.908596431599423,False,False,0,0.0
1789815142841,11,1533,280.5938843345828,857.7779360938029,303.59911738000727,848.1082708499371,1,0,sidebar,0.6751547811994489,305,0,0.2,0.0,47.751484778927264,29.596263069631554,0.155999994603917,0.26390000130049884,7.568600005470216,0.5567000189330429,8.399799990002066,0,True,on_screen,0.7417420067697549,0.5099586651890888,6.078330906491883,False,False,0,0.0
1789815142872,12,1534,388.866773543087,914.8488496572637,363.28647669416307,894.8266760150657,1,0,sidebar,0.7936040660912441,336,0,0.2,0.0,46.17065297415814,29.597257270402466,0.12749998131766915,0.26790000265464187,8.333300007507205,0.527900003362447,9.141400019871071,0,True,on_screen,0.7417420067697549,0.7737251302751815,6.013414825308959,False,False,0,0.0
1789815142904,13,1535,361.0953226042293,954.3078750592317,362.1353959277394,926.0739828558305,1,0,sidebar,0.7867386776274465,368,0,0.2,0.0,44.69896381658346,29.598851280728212,0.12519999290816486,0.1981999957934022,7.435899984557182,0.698099989676848,8.342500019352883,0,True,on_screen,0.7417420067697549,0.7446312360429204,5.948864142395909,False,False,0,0.0
1789815142937,14,1536,233.1932341671065,929.0961556644297,271.8758826952964,928.1895038218499,1,0,sidebar,0.6289574346542873,401,0,0.2,0.0,43.31625898379789,29.60002075855725,0.2266000083182007,0.20089998724870384,6.912999990163371,0.5610999942291528,7.685399992624298,0,True,on_screen,0.7417420067697549,0.7398256750036296,5.637581623691181,False,False,0,0.0
1789815142968,15,1537,175.19862004984245,894.9459761744446,204.20179884347863,904.9190344686663,1,0,sidebar,0.5126799936584129,432,0,0.2,0.0,42.12837766445889,29.60053988610523,0.12329997844062746,0.2075999800581485,7.964000018546358,0.5682000191882253,8.749200002057478,0,True,on_screen,0.7417420067697549,0.9962810897927454,5.5701189099253865,False,False,0,0.0
1789815143000,16,1538,191.82678846644072,900.6247608775375,202.60080503063915,904.3634708577626,1,0,sidebar,0.5098684434559688,464,0,0.2,0.0,41.04884315152765,29.60204320000173,0.13459997717291117,0.20819998462684453,7.232500007376075,0.5282999773044139,7.97850001254119,0,True,on_screen,0.7417420067697549,1.122486473487669,5.580904796588477,False,False,0,0.0
1789815143033,17,1539,306.10230709184214,847.1578573213517,275.0518564734812,864.319541382275,1,0,sidebar,0.6324795577456448,497,0,0.2,0.0,39.92040620812352,29.602105064743593,0.1404999929945916,0.20650000078603625,7.318199990550056,0.5204000044614077,8.054400008404627,0,True,on_screen,0.7417420067697549,1.1967620984667633,5.521823499530921,False,False,0,0.0
1789815143078,18,1540,435.6889715441211,778.2846990335166,387.49783702292916,804.0951517381441,1,0,sidebar,0.7645999097641623,542,0,0.2,0.0,38.082020231181524,29.59432119874261,0.10840001050382853,0.215600011870265,8.222699980251491,0.6376999954227358,9.086300007766113,0,True,on_screen,0.7417420067697549,2.1238397478479385,4.966387634609301,False,False,0,0.0
1789815143112,19,1541,503.3398587072405,730.3618106308863,468.5872522019471,752.4818129630637,1,0,sidebar,0.7386062856448347,576,0,0.2,0.0,37.38130943605576,29.595917129340936,0.10240002302452922,0.20830001449212432,7.102500007022172,0.5665999779012054,7.88809999357909,0,True,on_screen,0.7417420067697549,3.563632307573158,4.7115455402731605,False,False,0,0.0
1789815143145,20,1542,391.6171213788345,466.3081073583714,414.7081606257683,552.1602190397791,0,0,sidebar,0.5398264713024883,609,0,0.2,0.0,36.76575849376573,29.596385000037408,0.10770000517368317,0.22040001931600273,7.943399978103116,0.6553000130224973,8.828199992422014,0,True,on_screen,0.7417420067697549,4.748694970235107,4.570077007190064,False,False,0,0.0
1789815143177,21,1543,421.2487781154234,124.81426140710407,419.28659286852684,253.0180486969066,0,0,sidebar,0.8643757030687461,641,0,0.2,0.0,36.194955966267855,29.59770108382832,0.1162000116892159,0.2209999947808683,7.272500020917505,0.5967000033706427,8.099700004095212,0,True,on_screen,0.7417420067697549,6.44124852359667,6.24825460645691,False,False,0,0.0
1789815143208,22,1544,1484.416745739267,219.15075499700146,1164.877699878045,229.31094310697299,0,1,main_file,0.4981643471842415,0,0,0.4,0.0,35.7121248403855,29.598358574722923,0.14590000500902534,0.20849998691119254,8.120099984807894,0.5064000142738223,8.84659998700954,0,True,on_screen,0.7417420067697549,8.591536542135856,3.3905941893916367,False,False,0,0.0
1789815143241,23,1545,1710.3428986929032,120.53720728364208,1546.7033390484457,153.16932803064137,0,1,main_file,0.6793379936262312,32,0,0.4,0.0,35.269970355242776,29.599439350977924,0.20719997701235116,0.20979999681003392,8.053699973970652,0.49420000868849456,8.767400024225935,0,True,on_screen,0.7417420067697549,12.269902350989412,3.4454518339407727,False,False,0,0.0
1789815143273,24,1546,1606.6664533900578,-33.447973819781055,1588.6775190875742,22.53721673534568,0,1,main_file,0.4438781266557893,65,0,0.4,0.0,34.74492158307545,29.599654260717138,0.10569998994469643,0.22620000527240336,8.097099984297529,0.527600001078099,8.861000009346753,0,True,on_screen,0.7417420067697549,11.91153659751285,6.3260908066050785,False,False,0,0.0
1789815143304,25,1547,1340.790350138289,-180.0,1415.1565008230746,-119.23883497939627,-1,-1,off_screen,0.0,0,0,0.6,0.0,34.5038082421879,29.601218752773075,0.11729999096132815,0.21999998716637492,8.15189999411814,0.5743000074289739,8.955600002082065,0,True,gaze_outside_screen,0.7417420067697549,9.63247656772279,10.386296983320452,False,False,0,0.0
1789815143336,26,1548,1191.6489224283566,-180.0,1258.701195946772,-161.77165049381887,-1,-1,off_screen,0.0,32,0,0.6,0.0,34.20320236547715,29.602502756222,0.08170001092366874,0.20860001677647233,7.914299989352003,0.589100003708154,8.721199992578477,0,True,gaze_outside_screen,0.7417420067697549,9.344785285735924,10.820257035513302,False,False,0,0.0
1789815143369,27,1549,1071.5761346525326,-180.0,1127.7136530408045,-174.53149514814567,-1,-1,off_screen,0.0,65,0,0.6,0.0,33.86475516702953,29.603173114630945,0.08220001473091543,0.19640001119114459,8.030999975744635,0.6328000163193792,8.869599987519905,0,True,gaze_outside_screen,0.7417420067697549,8.71080853824779,9.023829566529079,False,False,0,0.0
1789815143415,28,1550,1520.3715436239443,-180.0,1402.5741764490022,-178.3594485444437,-1,-1,off_screen,0.0,111,0,0.6,0.0,32.59534937280941,29.595637628985546,0.10379997547715902,0.23120001424103975,7.915800000773743,0.5880999960936606,8.746200008317828,0,True,gaze_outside_screen,0.7417420067697549,8.855833134561209,5.750298522869396,False,False,0,0.0
1789815143448,29,1551,1646.823710686312,-180.0,1573.548850415119,-179.50783456333312,-1,-1,off_screen,0.0,144,0,0.6,0.0,32.449003773516765,29.59697456253646,0.1168999879155308,0.20249999943189323,7.284699997399002,0.5489000177476555,8.046200004173443,0,True,gaze_outside_screen,0.7417420067697549,9.703163754989646,4.4850323950939055,False,False,0,0.0
1789815143480,30,1552,1533.1115242430733,-180.0,1558.8871166446793,-179.6862835184574,-1,-1,off_screen,0.0,176,0,0.6,0.0,32.242536534937415,29.597479579325885,0.10920001659542322,0.2300000051036477,7.26429998758249,0.5224999913480133,8.027000003494322,0,True,gaze_outside_screen,0.7417420067697549,10.695689798477758,-1.774784382647239,False,False,0,0.0
1789815143512,31,1553,1612.8892043767453,-180.0,1584.714202296609,-179.83632183696506,-1,-1,off_screen,0.0,208,0,0.6,0.0,32.21180386729453,29.598738178151393,0.11399999493733048,0.20119998953305185,7.525599998189136,0.526999996509403,8.26890001189895,0,True,gaze_outside_screen,0.7417420067697549,10.805454809610609,-7.176149905598654,False,False,0,0.0
1789815143544,32,1554,1574.015764196699,-180.0,1583.43038972462,-179.85596321652923,-1,-1,off_screen,0.0,240,0,0.6,0.0,32.1572447584635,29.600009753900203,0.08040000102482736,0.20670000230893493,7.490099989809096,0.512800004798919,8.219499984988943,0,True,gaze_outside_screen,0.7417420067697549,11.498203555886136,-8.187738322418191,False,False,0,0.0
1789815143576,33,1555,1626.7226614070162,-180.0,1600.1804603013813,-179.91169201511215,-1,-1,off_screen,0.0,272,0,0.6,0.0,32.04134390203189,29.6009443017155,0.12620000052265823,0.21779999951831996,7.287899992661551,0.5704000068362802,8.084699977189302,0,True,gaze_outside_screen,0.7417420067697549,10.811740104180302,-7.901122366429673,False,False,0,0.0
1789815143608,34,1556,1576.8691280302696,-180.0,1595.1340128994448,-179.9308089662896,-1,-1,off_screen,0.0,304,0,0.6,0.0,31.924324818764376,29.601691134720078,0.1128000149037689,0.19829999655485153,7.413100014673546,0.527600001078099,8.148599998094141,0,True,gaze_outside_screen,0.7417420067697549,11.763899915718497,-8.232863318982387,False,False,0,0.0
1789815143640,35,1557,1540.2776454155803,-180.0,1568.4990534822357,-179.96440397921955,-1,-1,off_screen,0.0,336,0,0.6,0.0,31.88669536637654,29.602582590904113,0.13930001296103,0.22379998699761927,7.783699984429404,0.6299999949987978,8.648599992739037,0,True,gaze_outside_screen,0.7417420067697549,11.458501854676967,-7.672074118896945,False,False,0,0.0
1789815143673,36,1558,1503.1547820155693,-180.0,1530.926401937417,-179.98487152526678,-1,-1,off_screen,0.0,369,0,0.6,0.0,31.72411983873539,29.603346170721007,0.1373999984934926,0.21729999571107328,7.159400003729388,0.6390999769791961,8.026099996641278,0,True,gaze_outside_screen,0.7417420067697549,11.051159903808042,-7.861620451488979,False,False,0,0.0
1789815143720,37,1559,1496.7162717165334,-180.0,1520.340440639169,-179.98955287102586,-1,-1,off_screen,0.0,416,0,0.6,0.0,30.693195975892543,29.5959868540417,0.1115999766625464,0.20929999300278723,7.300500001292676,0.685199978761375,8.204600017052144,0,True,gaze_outside_screen,0.7417420067697549,11.34980434951379,-7.600770925916833,False,False,0,0.0
1789815143753,38,1560,933.6589021399328,-180.0,1109.6633636897036,-179.99686586130775,-1,-1,off_screen,0.0,449,0,0.6,0.0,30.715716394088712,29.59651733834196,0.08239998714998364,0.23600002168677747,7.847399974707514,0.6107999943196774,8.705100015504286,0,True,gaze_outside_screen,0.7417420067697549,11.706484766443424,-8.034699227181294,False,False,0,0.0
1789815143784,39,1561,425.03910485231336,-180.0,630.4263825035305,-179.99905975839232,-1,-1,off_screen,0.0,480,0,0.6,0.0,30.778960646918257,29.598080815690597,0.13569998554885387,0.2224999770987779,7.141100009903312,0.4340999876148999,7.806900015566498,0,True,gaze_outside_screen,0.7417420067697549,12.682938152906246,-8.430766475525195,False,False,0,0.0
1789815143816,40,1562,155.1345591087101,-180.0,297.7221061271562,-179.99971792751768,-1,-1,off_screen,0.0,512,0,0.6,0.0,30.837355228312756,29.59882489859874,0.09279997902922332,0.1999999803956598,7.703200011746958,0.4689999914262444,8.38149999617599,0,True,gaze_outside_screen,0.7417420067697549,11.383925571822203,-8.10082002556069,False,False,0,0.0
1789815143848,41,1563,14.037790985984717,-180.0,99.14308552833617,-179.9999153782553,-1,-1,off_screen,0.0,544,0,0.6,0.0,30.882315476409598,29.599927661791092,0.08450000314041972,0.20020001102238894,7.545400003436953,0.48279998009093106,8.237300004111603,0,True,gaze_outside_screen,0.7417420067697549,10.77137261059417,-7.717954063335579,False,False,0,0.0
1789815143879,42,1564,-256.8364840581401,-180.0,-150.04261318219721,-179.99997461347658,-1,-1,off_screen,0.0,575,0,0.6,0.0,30.911271476889624,29.600824217155207,0.0824000162538141,0.2010999887716025,7.552299997769296,0.5764999950770289,8.340400003362447,0,True,gaze_outside_screen,0.7417420067697549,11.033197261418053,-6.599537486320748,False,False,0,0.0
1789815143913,43,1565,-288.0,-180.0,-246.61278395465916,-179.99999238404297,-1,-1,off_screen,0.0,609,0,0.6,0.0,30.791232668746584,29.600592229729543,0.0866000191308558,0.20310000400058925,8.170300017809495,0.49760000547394156,8.879900007741526,0,True,gaze_outside_screen,0.7417420067697549,10.39165952708808,-4.300355104906139,False,False,0,0.0
1789815143944,44,1566,-288.0,-180.0,-261.9531900929677,-179.99999520694058,-1,-1,off_screen,0.0,640,0,0.6,0.0,31.015983194062844,29.602866375612088,0.08329999400302768,0.20629999926313758,7.636599999386817,0.4778000002261251,8.331299992278218,0,True,gaze_outside_screen,0.7417420067697549,11.521070941566876,-4.20389522842941,False,False,0,0.0
1789815143976,45,1567,-288.0,-180.0,-268.19950229240345,-179.99999635636908,-1,-1,off_screen,0.0,672,0,0.6,0.0,31.03534712958153,29.603907724893354,0.11340001947246492,0.20110001787543297,7.552000024588779,0.44620002154260874,8.208299987018108,0,True,gaze_outside_screen,0.7417420067697549,12.312674765754736,-4.808622691076566,False,False,0,0.0
1789815144023,46,1568,-267.96403074465644,-180.0,-268.1712457066738,-179.9999967936048,-1,-1,off_screen,0.0,719,0,0.6,0.0,29.99794519472416,29.595542465856603,0.6682999955955893,0.20059998496435583,7.848200009902939,0.4994999908376485,8.559100009733811,0,True,gaze_outside_screen,0.7417420067697549,10.997205792500466,-2.4611656341152215,False,False,0,0.0
1789815144056,47,1569,-20.332854845197463,-180.0,-94.68437210364037,-179.99999903808143,-1,-1,off_screen,0.0,752,0,0.6,0.0,30.172260100409027,29.596701815981426,0.07690000347793102,0.19530000281520188,8.099200000287965,0.46350000775419176,8.766500017372891,0,True,gaze_outside_screen,0.7417420067697549,9.21561229242667,-2.984678832596286,False,False,0,0.0
1789815144088,48,1570,108.25856938258535,-180.0,47.37568693671763,-179.99999971142444,-1,-1,off_screen,0.0,784,0,0.6,0.0,30.280756912952334,29.597977626370035,0.08450000314041972,0.21249998826533556,7.539600017480552,0.5123000009916723,8.274899999378249,0,True,gaze_outside_screen,0.7417420067697549,8.387091754720615,-3.2604118438117755,False,False,0,0.0
1789815144121,49,1571,341.76161618337426,-180.0,253.44583740937725,-179.99999991342733,-1,-1,off_screen,0.0,817,0,0.6,0.0,30.294987533787385,29.598556790201986,0.09459999273531139,0.21349999587982893,7.345599995460361,0.5844999977853149,8.152700000209734,0,True,gaze_outside_screen,0.7417420067697549,7.038003634840834,-3.872974855244294,False,False,0,0.0
1789815144153,50,1572,1923.4801974259296,1980.0000000000002,1422.469889420964,1332.0000000259718,2,1,terminal,0.7015891822831812,0,0,0.8,0.0,30.358065051066646,29.598886732393773,0.10380000458098948,0.2237000153400004,8.233999978983775,0.5379999929573387,9.010400011902675,0,True,on_screen,0.7417420067697549,6.770188910118662,-2.986199092155252,False,False,0,0.0
1789815144184,51,1573,1717.4952105732168,1980.0000000000002,1628.987614227541,1785.6000000077916,2,1,terminal,0.39497609353815544,30,0,0.8,0.0,30.559028249427712,29.60092419767835,0.09580000187270343,0.1991999743040651,7.5308000086806715,0.5035999929532409,8.242600015364587,0,True,on_screen,0.7417420067697549,5.215763883321131,-4.02454259045234,False,True,0,0.0
1789815144216,52,1574,687.0577863344647,1907.8195057061878,969.6367347023876,1871.1536539966692,-1,-1,off_screen,0.0,0,1,1.0,0.0,30.637479511785358,29.60148441176416,0.11940000695176423,0.2128999913111329,8.341100008692592,0.5500999977812171,9.114399988902733,0,True,gaze_outside_screen,0.7417420067697549,4.589790704079718,-2.6164676460638576,False,False,1,1.0
1789815144247,53,1575,486.8116288566265,877.2252123044509,631.6591606103548,1175.4037448121164,2,0,terminal,0.3670432080336258,0,1,1.2,0.0,30.699151538635007,29.603147423171333,0.1170000177808106,0.2091999922413379,7.175000006100163,0.5169000069145113,7.9120000009424984,0,True,on_screen,0.7417420067697549,5.228336506881391,-0.627234895887658,False,False,1,1.0
1789815144279,54,1576,481.3128821751173,392.0112994949943,526.4167657056885,627.029033090131,0,0,sidebar,0.41645936101377823,0,1,1.4,0.0,30.75342604979466,29.603722615514936,0.08369999704882503,0.22690001060254872,7.881300000008196,0.5301999917719513,8.649299998069182,0,True,on_screen,0.7417420067697549,5.754960604676086,-0.21148684388121491,False,False,1,1.0
1789815144329,55,1577,437.9146376043093,205.08420606723269,464.46527603472305,331.66765417410215,0,0,sidebar,0.9376849059920224,49,1,1.4,0.0,29.72415274102348,29.59527011808782,0.10039997869171202,0.20190002396702766,7.936599984532222,0.6206000107340515,8.768700005020946,0,True,on_screen,0.7417420067697549,5.972892551282342,-0.19527997559792395,False,False,1,1.0
1789815144361,56,1578,421.8100234057514,195.02689109851246,434.6065991944429,236.0191200211894,0,0,sidebar,0.8614085274870825,82,1,1.4,0.0,29.770988208433366,29.595702448927312,0.1173000200651586,0.2080000122077763,7.974699983606115,0.4661999992094934,8.65849998081103,0,True,on_screen,0.7417420067697549,6.183794141246381,0.18031649442270803,False,False,1,1.0
1789815144391,57,1579,351.39000034801694,163.65274523716954,376.3549800019447,185.3626576723755,0,0,sidebar,0.726971883971395,111,1,1.4,0.0,30.09561420831702,29.59725391467432,0.08670001989230514,0.21320002269931138,8.572400023695081,0.5692000268027186,9.363099990878254,0,True,on_screen,0.7417420067697549,6.306596815953412,0.44116158056079785,False,False,1,1.0
1789815144426,58,1580,299.4372012137196,167.27732842601603,323.158534774777,172.85481823881486,0,0,sidebar,0.6433040087876789,147,1,1.4,0.0,30.078398369120006,29.597920751312984,0.11999998241662979,0.22799998987466097,7.838000019546598,0.450999999884516,8.528900012606755,0,True,on_screen,0.7417420067697549,6.411522832193953,0.6333746403554271,False,False,1,1.0
1789815144456,59,1581,279.47983091817963,168.05643059247697,306.01717520708144,170.97172921078175,0,0,sidebar,0.6173295179488383,177,1,1.4,0.0,30.355795989583587,29.599929542805352,0.14609997742809355,0.23099998361431062,7.5311000109650195,0.4786999779753387,8.250600018072873,0,True,on_screen,0.7417420067697549,6.411773182432967,0.6604651641905455,False,False,1,1.0
1789815144489,60,1582,265.7178808672066,135.87104065863215,286.9362894494847,154.3522762092474,0,0,sidebar,0.5727492009996429,210,1,1.4,0.0,30.43682103466383,29.600628470367475,0.1303000026382506,0.21379999816417694,7.882599980803207,0.5800000217277557,8.686299988767132,0,True,on_screen,0.7417420067697549,6.103092853836216,0.5576845183056215,False,False,1,1.0
1789815144520,61,1583,215.5199944059398,135.2238106595267,240.64012996040398,141.95210211268733,0,0,sidebar,0.49326543731837447,240,1,1.4,0.0002284940131600903,30.522392761069234,29.601926310103156,0.10810000821948051,0.22059999173507094,7.448299991665408,0.4887999966740608,8.168300002580509,0,True,on_screen,0.7417420067697549,6.00872581095922,0.6529544770348377,False,False,1,1.0
1789815144553,62,1584,186.82873172650173,184.33547593566212,208.25119704385065,167.46253849946518,0,0,sidebar,0.46585504578502834,273,1,1.4,0.0002594859862905738,30.491703177719238,29.600663282097493,0.10199999087490141,0.21999998716637492,8.707800006959587,2.1983000042382628,11.13729999633506,0,True,on_screen,0.7417420067697549,6.155357622626809,1.212102412052637,False,False,1,1.0
1789815144585,63,1585,209.14756089622236,216.32222735582775,208.64063270693163,188.69019652847004,0,0,sidebar,0.48183502690134217,305,1,1.4,0.0002783319375306136,30.626232319128093,29.60372810038914,0.4003999929409474,0.231999991228804,7.286899985047057,0.43929999810643494,7.966900011524558,0,True,on_screen,0.7417420067697549,6.280113326330678,1.664582814745813,False,False,1,1.0
1789815144632,64,1586,327.86611315377684,183.53607312136262,292.09846901972327,185.08231014349485,0,0,sidebar,0.6108804201801836,352,1,1.4,0.0003131646660943094,29.647545894295597,29.595811587303448,0.089899986051023,0.23330000112764537,7.35620001796633,0.49080001190304756,8.090900024399161,0,True,on_screen,0.7417420067697549,6.362110639599479,1.9967900364457627,False,False,1,1.0
1789815144664,65,1587,330.08005154075795,174.38452735594873,305.5520169981181,181.29302269305774,0,0,sidebar,0.6272238422605992,384,1,1.4,0.00029335023978546183,29.867626394309276,29.59697077559091,0.11629998334683478,0.33870001789182425,7.5659999856725335,0.46469998778775334,8.380400016903877,0,True,on_screen,0.7417420067697549,6.299598755548033,2.249935569103158,False,False,1,1.0
1789815144696,66,1588,353.8678125027008,187.67905441228135,326.48901245167013,184.060323027768,0,0,sidebar,0.6601405152183728,417,1,1.4,0.0003149303933660478,30.017026533057216,29.597559614848556,0.11580000864341855,0.22230000467970967,8.438499993644655,0.5425999988801777,9.21399999060668,0,True,on_screen,0.7417420067697549,6.274517154922762,2.750777727087512,False,False,1,1.0
1789815144728,67,1589,562.3633243575864,138.35579739344894,491.60103078581153,152.06715508374467,0,0,sidebar,0.7378501055369073,448,1,1.4,0.0003872584312687756,30.137455421635966,29.599313772791472,0.18939998699352145,0.21540001034736633,7.047299994155765,0.5169000069145113,7.789600000251085,0,True,on_screen,0.7417420067697549,5.9061842695545295,4.299752409503585,False,False,1,1.0
1789815144760,68,1590,666.1707502564404,98.37584490499171,613.7998344152518,114.4832379586176,0,0,sidebar,0.5959055348947777,480,1,1.4,0.00045092827541080155,30.262402426564954,29.59928653433216,0.0957000011112541,0.21170001127757132,8.970900002168491,0.5702000053133816,9.763200010638684,0,True,on_screen,0.7417420067697549,5.914155444813645,5.5098787750750935,False,False,1,1.0
1789815144794,69,1591,710.2646897456185,74.20662110005003,681.3252331465085,86.2896061576203,0,0,sidebar,0.4812986122599545,514,1,1.4,0.0005758805839819053,30.221272452410467,29.600190046992267,0.3163999936077744,0.20700000459328294,7.6219000038690865,0.5689999961759895,8.407499990426004,0,True,on_screen,0.7417420067697549,5.805613113285062,6.576611812097572,False,False,1,1.0
1789815144825,70,1592,693.1846926528488,49.39191083448894,685.4549276309615,73.4411109303716,0,0,sidebar,0.4596763769009693,546,1,1.4,0.0006235904035507191,30.451928775703912,29.601876534356805,0.0892000098247081,0.20549999317154288,7.4720999982673675,0.6965000065974891,8.383899985346943,0,True,on_screen,0.7417420067697549,5.6801878943001896,6.958568575593836,False,False,1,1.0
1789815144856,71,1593,660.4083233524584,46.771104975246146,677.1967073800096,64.64763214887239,0,0,sidebar,0.4575530585251809,576,1,1.4,0.000626202245409626,30.52858478283911,29.60271088134326,0.1145999995060265,0.19489999976940453,7.804799999576062,0.606399989919737,8.616599981905892,0,True,on_screen,0.7417420067697549,5.727594261179405,7.37944782256279,False,False,1,1.0
1789815144888,72,1594,624.7153418506728,54.51604823779819,652.3442970285219,59.84984767186989,0,0,sidebar,0.47778844559156264,608,1,1.4,0.0006014686156632382,30.582339041050858,29.603760023700854,0.13619998935610056,0.20900001982226968,7.29690000298433,0.7832999981474131,8.299700013594702,0,True,on_screen,0.7417420067697549,5.841009620923899,7.424022303638737,False,False,1,1.0
1789815144920,73,1595,628.5305720093803,63.145638875270166,647.040976327451,60.583820945742445,0,0,sidebar,0.48425903102146084,641,1,1.4,0.000609155629200905,30.672660263297278,29.604470868294843,0.08850000449456275,0.20619999850168824,8.20349997957237,0.6049000076018274,9.024799976032227,0,True,on_screen,0.7417420067697549,5.9626378124278006,7.4722668405619865,False,False,1,1.0
1789815144968,74,1596,643.6812389363247,62.911741733522824,646.6378078405158,60.86317144027609,0,0,sidebar,0.48507123938084173,688,1,1.4,0.0006075638937199385,29.686382124179474,29.59668398455713,0.16950001008808613,0.21609998657368124,8.100600010948256,0.6049000076018274,8.933800010709092,0,True,on_screen,0.7417420067697549,6.058150625472251,7.530559552883534,False,False,1,1.0
1789815145001,75,1597,659.8785571191823,3.1268904422312556,653.5612302691043,30.673591198831627,0,0,sidebar,0.4339499523350582,721,1,1.4,0.000627027585344277,29.716442476972745,29.597150095055103,0.11669998639263213,0.20750000840052962,7.637800008524209,0.6674000178463757,8.523399999830872,0,True,on_screen,0.7417420067697549,6.308450043423363,7.5729551651348235,False,False,1,1.0
1789815145032,76,1598,644.0435283798707,-52.207898928828364,646.8988389466408,-27.343451890530364,-1,-1,off_screen,0.0,0,2,1.6,0.0006784419726537892,30.044670852454008,29.59903016239706,0.09380001574754715,0.21410000044852495,7.766399998217821,0.5864999839104712,8.576699998229742,0,True,gaze_outside_screen,0.7417420067697549,6.60287256613222,7.54025836481802,False,False,1,1.0
1789815145064,77,1599,619.6645960850717,-101.8734926139494,627.9858464150276,-79.10131094861912,-1,-1,off_screen,0.0,31,2,1.6,0.0007810910333235933,30.107509661244052,29.59970086493883,0.10969999129883945,0.19950000569224358,7.758799998555332,0.5667999794241041,8.5356000054162,0,True,gaze_outside_screen,0.7417420067697549,6.532916688947495,6.953402876654899,False,False,1,1.0
1789815145096,78,1600,619.5632570678084,-101.98947294520575,626.0851358529671,-84.26644122621313,-1,-1,off_screen,0.0,63,2,1.6,0.0008219436549591203,30.26188658187897,29.60067288101926,0.15890001668594778,0.228899996727705,8.091299998341128,0.6194000015966594,8.95029999082908,0,True,gaze_outside_screen,0.7417420067697549,6.46666047054282,6.573785535753139,False,False,1,1.0
1789815145128,79,1601,621.4406692548511,-118.02364182726805,624.6533001119444,-94.67339869191406,-1,-1,off_screen,0.0,95,2,1.6,0.0008274282403903654,30.363287958361482,29.60198128186961,0.10140001541003585,0.22509999689646065,7.460499997250736,0.6693999748677015,8.369199989829212,0,True,gaze_outside_screen,0.7417420067697549,6.405556800565364,6.391670210679984,False,False,1,1.0
1789815145159,80,1602,619.6437901276547,-126.15477429498145,623.2028315277971,-103.7886108466352,-1,-1,off_screen,0.0,126,2,1.6,0.0008502557314995305,30.44203957865302,29.602793431939663,0.10750000365078449,0.43349998304620385,7.491700001992285,0.6287000142037868,8.564299991121516,0,True,gaze_outside_screen,0.7417420067697549,6.315004380372756,6.171891375957155,False,False,1,1.0
1789815145193,81,1603,647.1240913395368,-130.23208172797706,630.9003994282798,-112.29779532251605,-1,-1,off_screen,0.0,161,2,1.6,0.0008181768176032615,30.417970862647408,29.603171079862637,0.10540001676417887,0.2041999832727015,7.778900006087497,0.5493999924510717,8.54290000279434,0,True,gaze_outside_screen,0.7417420067697549,6.34096869301402,5.950711340472485,False,False,1,1.0
1789815145224,82,1604,659.522297768686,-124.78794953622192,639.0292330583122,-115.8450927242866,-1,-1,off_screen,0.0,191,2,1.6,0.0007860042119284347,30.57773101375377,29.60474419938701,0.11570000788196921,0.20409998251125216,7.456100021954626,0.5388999998103827,8.209099993109703,0,True,gaze_outside_screen,0.7417420067697549,6.298870906953169,5.812450907687382,False,False,1,1.0
1789815145272,83,1605,667.5401175205092,-91.62075372289877,648.6303586443963,-107.6874741382837,-1,-1,off_screen,0.0,240,2,1.6,0.000781686454718709,29.607954438854264,29.596440255967654,0.13349999790079892,0.22339998395182192,8.459800010314211,0.6123000057414174,9.305800020229071,0,True,gaze_outside_screen,0.7417420067697549,6.393410673611754,5.772193074375367,False,False,1,1.0
1789815145304,84,1606,653.8440544953505,-79.18746464166898,650.0107861617082,-100.141541564258,-1,-1,off_screen,0.0,271,2,1.6,0.0007922237790076187,29.767225388671143,29.597618442191244,0.11220001033507288,0.2080000122077763,8.119899983284995,0.5446999857667834,8.882800000719726,0,True,gaze_outside_screen,0.7417420067697549,6.4522721774757485,5.586869322224,False,False,1,1.0
1789815145335,85,1607,640.0610963689355,-66.77591324562479,646.8804123543266,-89.64403951838057,-1,-1,off_screen,0.0,302,2,1.6,0.0008036340145273838,29.950379994316595,29.598731634482917,0.12199999764561653,0.4144000122323632,7.779699983075261,0.5591000081039965,8.980600017821416,0,True,gaze_outside_screen,0.7417420067697549,6.5622467555685375,5.6107665435084995,False,False,1,1.0
1789815145368,86,1608,622.0539667242415,-50.28939877147014,636.5891136682776,-73.33037268732159,-1,-1,off_screen,0.0,335,2,1.6,0.0007937151627663893,30.05238153532057,29.599190077795257,0.09169999975711107,0.3392999933566898,7.972699997480959,1.3128000136930496,9.635599999455735,0,True,gaze_outside_screen,0.7417420067697549,6.628519734789506,5.606710523246678,False,False,1,1.0
1789815145400,87,1609,604.0249054387746,1.0511273935168162,613.7941679076255,-21.263322630734706,-1,-1,off_screen,0.0,368,2,1.6,0.0007696433902643924,30.204087710759982,29.600933097939503,0.1162000116892159,0.21169998217374086,7.687500008614734,0.6329999887384474,8.543100004317239,0,True,gaze_outside_screen,0.7417420067697549,6.706398974898605,5.572762566194027,False,False,1,1.0
1789815145433,88,1610,578.1856003814871,-0.2974677389066709,600.6153497145233,-13.503808303753033,-1,-1,off_screen,0.0,401,2,1.6,0.0007463473989649597,30.17106321615641,29.601152762284155,0.09459999273531139,0.2170999941881746,7.688500016229227,0.5322000070009381,8.44820000929758,0,True,gaze_outside_screen,0.7417420067697549,6.760063241280648,5.339769149063005,False,False,1,1.0
1789815145463,89,1611,560.7790499598141,5.546362960115894,584.9086849843186,-5.992702730771232,-1,-1,off_screen,0.0,430,2,1.6,0.0007468315318217098,30.4130799958661,29.60304668308959,0.09079999290406704,0.1978000218514353,7.310299988603219,0.5474000063259155,8.065500005614012,0,True,gaze_outside_screen,0.7417420067697549,6.894039612883887,5.11139157722945,False,False,1,1.0
1789815145496,90,1612,557.2045923029614,34.78822779172988,572.7699521356096,11.875733771663581,0,0,sidebar,0.4652469247742841,0,2,1.8,0.0007461979171779713,30.507511903896983,29.60396931930771,0.15120001626200974,0.19789999350905418,7.530100003350526,0.521400012075901,8.25839999015443,0,True,on_screen,0.7417420067697549,7.035132139976923,4.834200213008154,False,False,1,1.0
1789815145528,91,1613,808.6732426931966,199.1563867573548,737.9022555259205,142.97219086164742,0,0,sidebar,0.466563369530125,32,2,1.8,0.0005842151162602557,30.59116392282929,29.60503171009921,0.08850000449456275,0.2038999809883535,7.453099999111146,0.5111999926157296,8.1783999921754,0,True,on_screen,0.7417420067697549,7.117035034158675,4.49443581481429,False,False,1,1.0
1789815145575,92,1614,1445.5234155833548,876.3344734564646,1233.2370675661246,656.3257886780194,1,1,main_file,0.4354190413775094,0,1,2.0,0.0002519263944532075,29.5917288572102,29.596813719261448,0.11419999646022916,0.22749998606741428,7.780900021316484,0.5233999982010573,8.54290000279434,0,True,on_screen,0.7417420067697549,6.859806932138326,4.5767342041691546,False,False,1,1.0
1789815145607,93,1615,1590.843329935866,1103.37300608235,1483.5614512249435,969.2588408610508,1,1,main_file,0.8554529755005871,32,1,2.0,4.1501732538043457e-05,29.825964776087464,29.59819159190928,0.08159998105838895,0.19370001973584294,7.752099976642057,0.519599998369813,8.475600014207885,0,True,on_screen,0.7417420067697549,6.767182325129681,4.593085314404288,False,False,1,1.0
1789815145641,94,1616,1583.386680187706,1059.1123653190116,1553.439111498877,1032.1563079816233,1,1,main_file,0.6923077230105704,65,1,2.0,2.8303274312291987e-05,29.829173777856887,29.598682128935977,0.08640001760795712,0.19719998817890882,7.142000016756356,0.5154999962542206,7.864799990784377,0,True,on_screen,0.7417420067697549,6.888906143375095,4.340935476270561,False,False,1,1.0
1789815145673,95,1617,1601.5214647569658,935.2561495968234,1587.096758779539,964.3261971122635,1,1,main_file,0.7163676611960614,98,1,2.0,-6.208908669331353e-06,29.898517210345446,29.59536362291441,0.1860999909695238,0.4283999733161181,13.97590001579374,0.592199998209253,15.013399999588728,0,True,on_screen,0.7417420067697549,7.0369735537747715,4.031423861119612,False,False,1,1.0
1789815145706,96,1618,1539.112657847208,844.7449384776462,1553.5078881269073,880.6193160680314,1,1,main_file,0.7965677500326378,131,1,2.0,7.451127449301272e-05,30.012038857371728,29.59753870526511,0.19039999460801482,0.40129999979399145,11.667999991914257,0.47649999032728374,12.561700015794486,0,True,on_screen,0.7417420067697549,7.270127507082435,2.609532084745268,False,False,1,1.0
1789815145737,97,1619,1437.5608304528898,799.4764048952079,1472.344947755095,823.819278247055,1,1,main_file,0.8537858315383743,161,1,2.0,0.00015572215323180795,30.23378235463965,29.600768078310242,0.13310002395883203,0.31790000502951443,8.550200000172481,0.4724999889731407,9.353099972940981,0,True,on_screen,0.7417420067697549,7.535195270006369,2.3559722217713523,False,False,1,1.0
1789815145770,98,1620,1276.3603635660907,719.5789095174052,1335.155738822792,750.8510201363001,1,1,main_file,0.6779157622138812,194,1,2.0,0.00018805383699240126,30.306331427236508,29.60033907225543,0.15330000314861536,0.30169999809004366,10.670000017853454,0.6436000112444162,11.628599982941523,0,True,on_screen,0.7417420067697549,7.7881901902501625,2.16871987237677,False,False,1,1.0
1789815145802,99,1621,1162.6094888640177,623.7705911851358,1214.37336385165,661.8947198704851,1,1,main_file,0.4204873561468321,226,1,2.0,0.00016153873010253325,30.27795297905417,29.597997028128326,0.20119998953305185,0.7677999965380877,14.605900010792539,1.0455999872647226,16.437300015240908,0,True,on_screen,0.7417420067697549,7.887503719243796,2.1069154936487373,False,False,1,1.0
1789815145840,100,1622,1075.2250586833186,472.16636686385124,1116.9695502338182,529.0848727658414,0,1,main_file,0.30037340437701543,264,1,2.0,0.00011848411916295758,29.987686185154338,29.600425876762625,0.2610000083222985,0.20360000780783594,8.487399987643585,0.4971000016666949,9.197100007440895,0,True,on_screen,0.7417420067697549,8.009580584046262,2.1193069973301966,False,False,1,1.0
1789815145880,101,1623,990.3550869815737,429.57958865742023,1028.339425957247,459.43117388994654,0,1,main_file,0.2200973054605717,305,1,2.0,0.00012597562302041863,29.45060751653233,29.596993117649532,0.10609999299049377,0.21749999723397195,7.833699986804277,0.6559000175911933,8.717599994270131,0,True,on_screen,0.7417420067697549,8.061595058670235,2.2234450164282133,False,False,1,1.0
1789815145913,102,1624,915.467336498753,361.5126338689875,949.3289633363011,390.88819587527524,0,0,sidebar,0.1554493915332752,0,3,2.2,0.000155904496570854,29.57155485489394,29.597683463677033,0.1391999830957502,0.23519998649135232,7.889100001193583,0.47470000572502613,8.609200012870133,0,True,on_screen,0.7417420067697549,8.35432696097709,1.8628414977026082,False,False,1,1.0
1789815145944,103,1625,889.1773812601433,315.1443156909543,907.2228558829906,337.8674797462506,0,0,sidebar,0.2422820857252801,30,3,2.2,0.00016357251250806448,29.7677300749484,29.598898262342804,0.11399999493733048,0.21559998276643455,7.715100015047938,0.4891000280622393,8.429600013187155,0,True,on_screen,0.7417420067697549,8.445877201246134,1.8638966854581491,False,False,1,1.0
1789815145976,104,1626,873.2504701255434,309.48153096122746,893.795299473692,326.64795777144184,0,0,sidebar,0.2674487837739745,62,3,2.2,0.0001657222873443203,29.91996610887326,29.599591633395757,0.13619998935610056,0.578600011067465,7.83759998739697,0.5439000087790191,8.968600013758987,0,True,on_screen,0.7417420067697549,8.416032720477688,1.965197397582406,False,False,1,1.0
1789815146008,105,1627,882.1753948174579,256.70389635969195,886.5630075437584,283.11439309424884,0,0,sidebar,0.28112090732418893,94,3,2.2,0.00022881064958949794,30.026448454987413,29.600685551149326,0.14689998351968825,0.31609999132342637,7.616099988808855,0.5038999952375889,8.447900007013232,0,True,on_screen,0.7417420067697549,8.451449919917337,1.8767001310125366,False,False,1,1.0
1789815146041,106,1628,870.4813745623273,253.60643228998242,881.6696343369772,274.13561183782565,0,0,sidebar,0.28891542957060234,127,3,2.2,0.0002739411080923109,30.168121513218413,29.601840427146175,0.1050999853760004,0.22310001077130437,7.490499992854893,0.5574999959208071,8.281800022814423,0,True,on_screen,0.7417420067697549,8.439160348587876,1.861236403309345,False,False,1,1.0
1789815146073,107,1629,822.9292821254768,250.8399902105392,848.9729944247526,261.16857089914896,0,0,sidebar,0.3445490480768407,159,3,2.2,0.00033712043656487604,30.156649850450805,29.601661292480497,0.10380000458098948,0.22929999977350235,8.39339999947697,0.4889000265393406,9.12229999084957,0,True,on_screen,0.7417420067697549,8.2497001251906,1.5267251563506936,False,False,1,1.0
1789815146104,108,1630,798.2520133952821,259.1512869744482,826.1176526818049,260.259564161586,0,0,sidebar,0.3845093414643389,190,3,2.2,0.0004361503357872918,30.415400545337913,29.60362885859694,0.11630001245066524,0.2565999748185277,7.927600003313273,0.5096000095363706,8.704599982593209,0,True,on_screen,0.7417420067697549,8.132998160323467,1.3352487405043332,False,False,1,1.0
1789815146135,109,1631,918.7699010538348,246.27156853608543,890.9742265422258,250.4679672237356,0,0,sidebar,0.2686927094842734,221,3,2.2,0.0004959728337444302,30.503839113315493,29.60281367646486,0.12850001803599298,0.3704999980982393,11.145399999804795,0.5258999881334603,12.052299978677183,0,True,on_screen,0.7417420067697549,8.233639599949697,1.506869240205266,False,False,1,1.0
1789815146184,110,1632,1007.7279206068,265.1332815884277,972.7018123874277,260.73368727902005,0,0,sidebar,0.1268019816987176,270,3,2.2,0.0004957687479927777,29.528695100576563,29.59698702236621,0.10109998402185738,0.235399988014251,7.717300002695993,0.536899984581396,8.498800016241148,0,True,on_screen,0.7417420067697549,8.343886711431594,1.5902550684321737,False,False,1,1.0
1789815146215,111,1633,1051.5102266089773,276.7321301833012,1027.8677023425125,271.93259731201687,0,1,main_file,0.2702145539030938,0,2,2.4,0.0005027661147055888,29.717042120849904,29.598082293670238,0.08279999019578099,0.21170001127757132,7.5597999966703355,0.6278000073507428,8.40960000641644,0,True,on_screen,0.7417420067697549,8.394923569421394,1.6397250979684252,False,False,1,1.0
1789815146248,112,1634,1066.5120190356852,322.8000521685747,1049.605942863239,300.5466100044554,0,1,main_file,0.310304535735095,32,2,2.4,0.0005731619834290578,29.85809116969117,29.597909644181374,0.10149998706765473,0.19219997921027243,9.719800000311807,0.4697999975178391,10.39189999573864,0,True,on_screen,0.7417420067697549,8.60037310536373,1.63394666258083,False,False,1,1.0
1789815146279,113,1635,1072.7029116349754,328.0249201183488,1057.0851889525188,309.4446193272564,0,1,main_file,0.3233127773971396,64,2,2.4,0.0006390207817242918,30.02695570036374,29.599454640100475,0.08950001210905612,0.3457999846432358,8.391400013351813,0.8476999937556684,9.595699986675754,0,True,on_screen,0.7417420067697549,8.610555154951783,1.7516314335679233,False,False,1,1.0
1789815146312,114,1636,1135.9379905741803,557.9942040134891,1112.2821500876817,483.4293286076193,0,1,main_file,0.33651200741349074,97,2,2.4,0.000523377691941513,30.02585698135364,29.599972081943356,0.10459998156875372,0.21960001322440803,8.341099979588762,0.5268999957479537,9.098000009544194,0,True,on_screen,0.7417420067697549,8.518262122930537,1.9155573173367602,False,False,1,1.0
1789815146344,115,1637,1847.4244035814095,1980.0000000000002,1626.8817275332913,1531.0287985822858,2,1,terminal,0.6653230896933469,0,2,2.6,-0.0008478382728209933,30.271205595965217,29.600439507029787,0.09889999637380242,0.20979999681003392,9.89570000092499,1.1023999832104892,11.220299988053739,0,True,on_screen,0.7417420067697549,7.797623460391435,2.4315588518739464,False,False,1,1.0
1789815146376,116,1638,2394.471499829169,1980.0000000000002,2164.1945681404054,1845.308639574686,-1,-1,off_screen,0.0,0,3,2.8,-0.0017527934712748949,30.367659905210278,29.602424261430468,0.15919998986646533,0.2108000044245273,8.389900001930073,0.666600011754781,9.278499986976385,0,True,gaze_outside_screen,0.7417420067697549,7.592811033532314,2.362868034903149,False,True,1,1.0
1789815146407,117,1639,2727.9603091247845,1980.0000000000002,2558.830586829471,1939.5925918724058,-1,-1,off_screen,0.0,31,3,2.8,-0.0015715443230626801,30.44794543452371,29.602348777147252,0.14029999147169292,0.24670001585036516,10.40689999354072,0.4545999981928617,11.118800000986084,0,True,gaze_outside_screen,0.7417420067697549,6.822217256178533,3.243429119531139,False,False,2,2.0
1789815146440,118,1640,2625.5202257266883,1980.0000000000002,2604.362071959412,1967.180225164836,-1,-1,off_screen,0.0,64,3,2.8,-0.0012102733840285967,30.4924501762755,29.60470631793491,0.12919999426230788,0.20229999790899456,7.436899992171675,0.4693999944720417,8.118300000205636,0,True,gaze_outside_screen,0.7417420067697549,6.872171547509282,2.848238596933182,False,False,2,2.0
1789815146488,119,1641,2564.4049873038775,1777.1311968786247,2576.392112700538,1834.145905364488,-1,-1,off_screen,0.0,111,3,2.8,-0.000873912325177818,29.550393621156232,29.5973420136681,0.08239998714998364,0.229199999012053,7.527900015702471,0.4644000146072358,8.232099993620068,0,True,gaze_outside_screen,0.7417420067697549,6.885931140952067,2.355965191587736,False,False,2,2.0
1789815146521,120,1642,2446.3061695439224,1575.5048145197006,2485.331952490907,1653.0971417731366,2,2,terminal,0.6903534044200922,0,3,3.0,-0.0009299864110183364,29.5389981957906,29.59692398051123,0.10469998233020306,0.33049998455680907,8.032000012462959,0.45960000716149807,8.831100014504045,0,True,on_screen,0.7417420067697549,7.016568051565827,1.7183686970898098,False,False,2,2.0
1789815146551,121,1643,2304.1665251325094,1437.4695654398681,2358.5161533400287,1502.1578383398487,2,2,terminal,0.9266129367754983,30,3,3.0,-0.0008908890492436688,29.92252561922156,29.599109072223005,0.08170001092366874,0.20760000916197896,7.768599985865876,0.5706000083591789,8.557099994504824,0,True,on_screen,0.7417420067697549,7.122085330348426,1.3066966971465888,False,False,2,2.0
1789815146584,122,1644,2194.65171916441,1333.6524253103146,2243.811049417096,1384.2040492191747,2,2,terminal,0.6565046630464768,63,3,3.0,-0.0009493947170938852,30.032212080876803,29.60002187232814,0.10350000229664147,0.21070000366307795,7.654999993974343,0.5164999747648835,8.391300012590364,0,True,on_screen,0.7417420067697549,7.198424119086894,0.715636020192339,False,False,2,2.0
1789815146615,123,1645,2147.503626489717,1266.209396480654,2176.3958533679306,1301.6077923022103,2,2,terminal,0.47189393802835866,94,3,3.0,-0.0008603785574853463,30.154762547224614,29.60066463118827,0.08880000677891076,0.21230001584626734,8.010499994270504,0.7439999899361283,8.976100012660027,0,True,on_screen,0.7417420067697549,7.27050816803677,0.1546811048783518,False,False,2,2.0
1789815146649,124,1646,2136.4093001922774,1210.6992788619077,2148.405266144973,1237.9718328939985,2,2,terminal,0.35823990061888833,128,3,3.0,-0.0008084644840270234,30.25014162135416,29.601763022017263,0.08980001439340413,0.20070001482963562,7.723899994743988,0.6163999787531793,8.550700003979728,0,True,on_screen,0.7417420067697549,7.301356562512893,-0.4341643090238055,False,False,2,2.0
1789815146680,125,1647,2120.3087659407333,1024.4320494082715,2128.7377160020055,1088.4939844539895,1,2,second_file,0.4164307355255137,0,0,3.2,-0.0006153933260583857,30.379791157746606,29.60296737412606,0.08449997403658926,0.21639998885802925,7.527600013418123,0.6156000017654151,8.36970002274029,0,True,on_screen,0.7417420067697549,7.075978464067646,-0.7418338779068243,False,False,2,2.0
1789815146713,126,1648,2119.606706331329,831.3599435431836,2122.346009232532,908.5001558164254,1,2,second_file,0.5092491191195799,32,0,3.2,-0.0003548067378104716,30.35802114918834,29.603625383544692,0.09799998952075839,0.22260000696405768,7.045300008030608,0.4799999878741801,7.758099993225187,0,True,on_screen,0.7417420067697549,6.666258187320636,-1.2259900584640535,False,False,2,2.0
1789815146744,127,1649,2123.6350196167446,761.7428281493422,2123.248316501481,805.7700264494672,1,2,second_file,0.48350920525453744,63,0,3.2,-1.5390320830440882e-05,30.559114463715275,29.604809491419452,0.0788999896030873,0.1902000221889466,7.612199988216162,0.6031999946571887,8.416399999987334,0,True,on_screen,0.7417420067697549,6.732777007736473,-1.222543026730135,False,False,2,2.0
1789815146777,128,1650,2120.0909193495013,750.7355078240037,2121.708040230019,778.9224811234081,1,2,second_file,0.46383540464295603,96,0,3.2,5.794819906942798e-05,30.618875472115192,29.60556760652875,0.1382000045850873,0.2159999858122319,7.8618999978061765,0.5699000030290335,8.671399991726503,0,True,on_screen,0.7417420067697549,6.7088806959396265,-1.1873759647231004,False,False,2,2.0
1789815146824,129,1651,2146.816057391398,758.1287702483039,2129.132730216528,772.7735743449697,1,2,second_file,0.4713110660872668,143,0,3.2,3.5123091814932145e-05,29.650023349371565,29.598490453316366,0.1238000113517046,0.21860000560991466,7.2604999877512455,0.5160000000614673,8.005300012882799,0,True,on_screen,0.7417420067697549,6.750438806216749,-0.7515049249032641,False,False,2,2.0
1789815146856,130,1652,2253.307920366222,774.1475603679434,2216.055363321314,773.7353645610513,1,2,second_file,0.6058385394972711,175,0,3.2,-5.854463726934905e-06,29.812024251279624,29.598955545305977,0.16219998360611498,0.20009998115710914,8.121599996229634,0.6037999992258847,8.934400015277788,0,True,on_screen,0.7417420067697549,6.836487111777217,0.1720483599154156,False,False,2,2.0
1789815146888,131,1653,2389.2945151631525,823.326489339544,2337.322769610601,808.4491519059961,1,2,second_file,0.8039880048702115,207,0,3.2,-7.027470394261812e-05,29.925053558030207,29.597998692554317,0.13520001084543765,0.2872000040952116,11.44079997902736,0.46519999159500003,12.206699990201741,0,True,on_screen,0.7417420067697549,6.965596521404592,0.8638120316302307,False,False,2,2.0
1789815146920,132,1654,2289.6419568168926,785.3536738603431,2314.935019554874,797.6050458681931,1,2,second_file,0.7648228446201442,240,0,3.2,-0.00012846679155634373,30.0559084391839,29.601264753584594,0.11850000009872019,0.1970000157598406,7.120299997041002,0.48379998770542443,7.810100010829046,0,True,on_screen,0.7417420067697549,6.880664742928786,0.12731189764261666,False,False,2,2.0
1789815146953,133,1655,2279.6961735137893,795.452935689838,2303.70180250173,796.9190097611208,1,2,second_file,0.7507875488932119,273,0,3.2,-0.00027891088719371633,30.102401404831767,29.601149250044635,0.19190000602975488,0.4524999822024256,8.059199986746535,0.5210000090301037,9.046299994224682,0,True,on_screen,0.7417420067697549,6.577276120897949,-0.8000180829060732,False,False,2,2.0
1789815146984,134,1656,2186.840495170578,793.5759189382719,2221.8988873699236,794.5788461851266,1,2,second_file,0.6343663428237463,303,0,3.2,-0.00018176997851431474,30.3272032407313,29.603085582523022,0.10659999679774046,0.22040001931600273,7.429800025420263,0.5966000026091933,8.258000016212463,0,True,on_screen,0.7417420067697549,6.9575148350433835,-0.2581186681979973,False,False,2,2.0
1789815147017,135,1657,2222.9605772784817,782.4423193827893,2222.027946209343,793.1035321117159,1,2,second_file,0.6332273443216404,336,0,3.2,-0.00014714626209247524,30.278177026453456,29.60191182831401,0.14570000348612666,0.23779997718520463,9.984000003896654,0.509100005729124,10.742099984781817,0,True,on_screen,0.7417420067697549,7.309740540010779,0.03604745963040938,False,False,2,2.0
1789815147048,136,1658,2385.7793280905216,803.4881334169421,2336.6539135261683,800.3727530253742,1,2,second_file,0.7914266176126714,368,0,3.2,-0.0001697424390718471,30.52101597549809,29.60497238973611,0.10760000441223383,0.21550001110881567,7.428599987179041,0.5003999976906925,8.158400014508516,0,True,on_screen,0.7417420067697549,7.361441652910742,-0.13044340200093332,False,False,2,2.0
1789815147082,137,1659,2371.903418159938,799.9778242875495,2347.87465808034,800.2470379400056,1,2,second_file,0.8011604773341502,401,0,3.2,-0.00011346457063909736,30.3459250490614,29.603231686487394,0.1145999995060265,0.21190001280047,9.778699983144179,0.4720000142697245,10.47340000513941,0,True,on_screen,0.7417420067697549,7.46584465015826,-0.11742600875443021,False,False,2,2.0
1789815147129,138,1660,2338.5959332324865,757.512545922066,2344.25001651024,783.5532336958635,1,2,second_file,0.7719162628732732,448,0,3.2,-7.717812474211487e-05,29.496236604281094,29.59787017719787,0.12030001380480826,0.20420001237653196,7.959399983519688,0.46919999294914305,8.642600005259737,0,True,on_screen,0.7417420067697549,7.5862066594308715,0.015543110534767786,False,False,2,2.0
1789815147160,139,1661,2266.7704323986136,719.1786250913977,2290.0143076321015,738.4910076727374,1,2,second_file,0.6547901942106052,480,0,3.2,-7.225193521923252e-05,29.62697655123575,29.598565174180642,0.11409999569877982,0.22560000070370734,7.956600020406768,0.4545999981928617,8.647400012705475,0,True,on_screen,0.7417420067697549,7.44305256680704,-0.48398792647721117,False,False,2,2.0
1789815147191,140,1662,2273.429327197508,679.674853647459,2281.0770384903008,706.7963185844653,1,2,second_file,0.5991958251989755,510,0,3.2,-6.808525998701874e-05,29.888753951752015,29.59999886587065,0.11239998275414109,0.2060999977402389,7.941100018797442,0.5424999981187284,8.700400008819997,0,True,on_screen,0.7417420067697549,7.476482075709214,-0.8476092839568493,False,False,2,2.0
1789815147225,141,1663,2153.8809712095417,673.1344685397274,2192.0397913937695,683.2330235531488,1,2,second_file,0.46930847871282655,544,0,3.2,-6.894132301129251e-05,29.942805121526057,29.600338103850653,0.12680000509135425,0.20470001618377864,8.251999999629334,0.5102999857626855,8.976900018751621,0,True,on_screen,0.7417420067697549,7.441213570680901,-0.9413856665650656,False,False,2,2.0
1789815147256,142,1664,1749.4149318702769,932.5475449244334,1882.2023897273248,857.753188513048,1,2,second_file,0.08218635209810066,575,0,3.2,-0.0002767327346476899,30.157736329104885,29.602089881932887,0.12290000449866056,0.3220000071451068,7.457400002749637,0.4847000236622989,8.273399987956509,0,True,on_screen,0.7417420067697549,7.3840482865153945,-0.8931095294182881,False,False,2,2.0
1789815147288,143,1665,1075.2935505937426,1228.858442957183,1317.3662023338172,1117.5268666239424,1,1,main_file,0.5588398210688136,0,3,3.4,-0.00042668656538857354,30.251821570837325,29.602756977113625,0.10609999299049377,0.2179000002797693,7.882500009145588,0.5210000090301037,8.631500008050352,0,True,on_screen,0.7417420067697549,7.254020183999131,-1.692666708572244,False,False,2,2.0
1789815147320,144,1666,712.470994196467,1369.8426830613073,893.939556637672,1294.1479381300978,2,0,terminal,0.1832721342095125,0,4,3.6,-0.0004320640280522318,30.373272517299302,29.603669274236445,0.09270000737160444,0.2106000029016286,8.0168999847956,0.659800018183887,8.897799998521805,0,True,on_screen,0.7417420067697549,6.9241209126349474,-2.155584627067862,False,False,2,2.0
1789815147352,145,1667,552.276111025671,1325.2973137607107,654.7751447092713,1315.9525010715267,2,0,terminal,0.5516021269809523,32,4,3.6,-0.0003534092239595842,30.392030542524964,29.60316290633551,0.10840001050382853,0.21379999816417694,10.145400010515004,0.5391000013332814,10.918799991486594,0,True,on_screen,0.7417420067697549,6.781038473387838,-2.5315904360634813,False,False,2,2.0
1789815147385,146,1668,473.71181174478494,1252.139733509362,528.0308116341308,1271.2835637780113,2,0,terminal,0.5871214631175066,65,4,3.6,-0.00027341719869192725,30.49766947453402,29.605549765483186,0.2237000153400004,0.2060999977402389,7.60660000378266,0.5352999723982066,8.358499995665625,0,True,on_screen,0.7417420067697549,6.721193769740665,-2.690448347716867,False,False,2,2.0
1789815147434,147,1669,442.9576480575238,1180.4435418819708,468.4795971305059,1207.695548450783,2,0,terminal,0.48319558415420305,114,4,3.6,-0.0002019320890708793,29.46114564081097,29.596234007079605,0.09329998283647001,0.20860001677647233,9.516899997834116,0.4731000226456672,10.209400003077462,0,True,on_screen,0.7417420067697549,6.723985757917461,-2.6169240013708497,False,False,2,2.0
1789815147465,148,1670,415.3996563735417,1142.1520866297562,431.32363860063094,1161.8151251760644,1,0,sidebar,0.5295347617985672,0,4,3.8,-0.00017498400471894875,29.86349948570374,29.599166841941436,0.08190001244656742,0.20750000840052962,7.791000010911375,0.533799990080297,8.542099996702746,0,True,on_screen,0.7417420067697549,6.731486847021898,-2.6866750992227804,False,False,2,2.0
1789815147497,149,1671,338.9606822197404,1094.4316694552278,366.6695691340076,1114.6467061714789,1,0,sidebar,0.5711809795728774,32,4,3.8,-9.657049767848765e-05,29.9466962586131,29.598989961295334,0.1315999834332615,0.2161000156775117,9.296399977756664,0.5634000117424875,10.085999994771555,0,True,on_screen,0.7417420067697549,6.817064175500462,-2.60436111006177,False,False,2,2.0
1789815147528,150,1672,272.0263727216006,1030.376702919636,300.4193316453227,1055.657703895189,1,0,sidebar,0.5801487346889913,63,4,3.8,-4.758220214062803e-06,30.107865090499498,29.600954105316294,0.11510000331327319,0.2091999922413379,7.723899994743988,0.49149998812936246,8.435600000666454,0,True,on_screen,0.7417420067697549,6.810858013613796,-2.5066852637271717,False,False,2,2.0
1789815147560,151,1673,234.6313962006316,985.3368121807641,254.36777683403892,1006.4330796950915,1,0,sidebar,0.5592612723584891,95,4,3.6,2.741792769676496e-05,30.25246893598107,29.601504563266943,0.13569998554885387,0.22010001703165472,8.734300005016848,0.5110000201966614,9.475300001213327,0,True,on_screen,0.7417420067697549,6.716287618815159,-2.491203634755706,False,False,2,2.0
1789815147593,152,1674,197.26546979666193,993.2934265084424,224.82165576272104,999.6343038832185,1,0,sidebar,0.5160407582408826,128,4,3.6,3.701862319479242e-05,30.2260914676814,29.602119136840162,1.117300009354949,0.360500009264797,7.800899998983368,0.5237000004854053,8.737600001040846,0,True,on_screen,0.7417420067697549,6.7231084577260845,-2.419554821178302,False,False,2,2.0
1789815147625,153,1675,200.78045703304664,978.5737147934792,217.8434924983392,993.5212880238696,1,0,sidebar,0.5082698075092744,160,4,3.6,5.60084229599446e-05,30.440388227964746,29.603781120052695,0.21500000730156898,0.19809999503195286,7.719600020209327,0.5207000067457557,8.448400010820478,0,True,on_screen,0.7417420067697549,6.7492244501031,-2.3625266830025398,False,False,2,2.0
1789815147655,154,1676,206.99124918567483,941.8507297693479,212.76483742209666,969.340394229738,1,0,sidebar,0.5122514641990726,190,4,3.6,0.00010435776712845388,30.529299265497322,29.605109962093422,0.10259999544359744,0.1970000157598406,7.056700007524341,0.5035999929532409,7.767800008878112,0,True,on_screen,0.7417420067697549,6.9438753835166835,-2.321155486136648,False,False,2,2.0
1789815147689,155,1677,225.44439407212863,899.8323275971604,220.62988348056047,926.2249951200525,1,0,sidebar,0.5394440757064836,223,4,3.6,0.0001402941493624018,30.50178586369772,29.605094519512086,0.09889999637380242,0.27540000155568123,7.7102999784983695,0.5273999995552003,8.522000018274412,0,True,on_screen,0.7417420067697549,6.967126097138959,-2.47274771857628,False,False,2,2.0
1789815147735,156,1678,220.347020632287,890.6425647338572,220.53904098817443,914.7975606543242,1,0,sidebar,0.5408750212557455,269,4,3.6,0.00015679547161561412,29.594899202239166,29.598413906023286,0.07899999036453664,0.20830001449212432,7.671799976378679,0.5452000186778605,8.436000003712252,0,True,on_screen,0.7417420067697549,6.994662355750904,-2.3940420310855863,False,False,2,2.0
1789815147768,157,1679,229.12827425218654,880.018323781325,223.31513312225692,903.5567009704848,1,0,sidebar,0.546480777929689,302,4,3.6,0.0001610218788753049,29.682350455850756,29.59887505799877,0.12890002108179033,0.2162999880965799,7.76659999974072,0.5244000058155507,8.51779998629354,0,True,on_screen,0.7417420067697549,7.0918905368055505,-2.4503284233097204,False,False,2,2.0
1789815147801,158,1680,205.34416246462604,882.7897483461203,218.78840402284155,898.3256886594734,1,0,sidebar,0.5385176235830413,336,4,3.6,0.00015776333821992776,29.787123947436385,29.59961869630132,0.0914999982342124,0.19970000721514225,7.631999993463978,0.49409997882321477,8.33559999591671,0,True,on_screen,0.7417420067697549,7.181995171812673,-2.5586418251192162,False,False,2,2.0
1789815147832,159,1681,213.05306823630391,888.8363374710806,218.10016372845703,897.1869665168662,1,0,sidebar,0.5372845260297046,367,4,3.6,0.00015040007140321686,30.051342774090365,29.598372933941757,0.1066999975591898,0.20169999334029853,12.96860000002198,0.49390000640414655,13.67379998555407,0,True,on_screen,0.7417420067697549,7.262643421486587,-2.5633357643621504,False,False,2,2.0
1789815147864,160,1682,182.44882401989983,880.0922386532502,205.44813335601947,891.1203497247036,1,0,sidebar,0.5147057224850892,399,4,3.6,0.0001746233374604004,30.173984398381087,29.602215477677564,0.08179998258128762,0.21710002329200506,7.357300026342273,0.5268999957479537,8.111200004350394,0,True,on_screen,0.7417420067697549,7.378407764043203,-2.642825182980702,False,False,2,2.0
1789815147896,161,1683,158.5351808427666,852.669134039767,180.34880935973013,870.548216255705,1,0,sidebar,0.4680664330424169,430,4,3.6,0.0001924623637332267,30.287544563310135,29.602312403885826,0.132200017105788,0.506600015796721,8.749399974476546,0.5020000098738819,9.767199982888997,0,True,on_screen,0.7417420067697549,7.340483887032008,-2.7192241869470433,False,False,2,2.0
1789815147928,162,1684,144.93796495867775,862.9478958841215,168.78506816809823,868.0662608198197,1,0,sidebar,0.44730120344215607,463,4,3.6,0.00018621390223132542,30.274990116636303,29.603580978539952,0.11180000728927553,0.2190999803133309,7.230000017443672,0.4962000239174813,7.956299989018589,0,True,on_screen,0.7417420067697549,7.348513264849487,-2.664307582279514,False,False,2,2.0
1789815147961,163,1685,546.1160082745554,845.3928024852123,432.9167262426182,852.1948399855945,1,0,sidebar,0.8814600896904734,496,4,3.6,0.00015026593591187416,30.30064654319707,29.60408912550941,0.08579998393543065,0.19970000721514225,7.320699980482459,0.47729999641887844,8.006100018974394,0,True,on_screen,0.7417420067697549,7.242651716438843,-2.6150941206816687,False,False,2,2.0
1789815147993,164,1686,1540.89880426905,1230.4766774563834,1208.5041808611204,1116.9921262151468,1,1,main_file,0.43944723331436186,0,4,3.8,-0.00023802290265246238,30.473410624893493,29.605066620233867,0.09210000280290842,0.22170000011101365,7.9551999806426466,0.4948000132571906,8.682599989697337,0,True,on_screen,0.7417420067697549,6.861880806655307,-2.3412112925753057,False,False,2,2.0
1789815148041,165,1687,2271.569672451058,1463.9932530508386,1952.6500249740768,1359.892915000131,2,2,terminal,0.17182873079748473,0,5,4.0,-0.0005671396645737497,29.53162528199194,29.597430557054903,0.09780001710169017,0.20740000763908029,8.955400000559166,0.4956000193487853,9.668599988799542,0,True,on_screen,0.7417420067697549,6.6683371769621544,-1.8645430951176696,False,False,2,2.0
1789815148073,166,1688,2353.1300076248435,1491.6211425888403,2232.9860128296136,1452.1026743122275,2,2,terminal,0.6930485683469563,32,5,4.0,-0.0006221548923329105,29.746789624516868,29.59923681945274,0.13989998842589557,0.21890000789426267,7.700199988903478,0.4836000152863562,8.412700000917539,0,True,on_screen,0.7417420067697549,6.528030296358622,-1.770565113515188,False,False,2,2.0
1789815148103,167,1689,2381.9993882962553,1448.1274932806407,2337.295375656263,1449.3200475901167,2,2,terminal,0.8575634765821556,62,5,4.0,-0.0005585865245123309,29.896729848407404,29.599330684307986,0.10480001219548285,0.2077000099234283,9.311500005424023,0.48439999227412045,10.012299986556172,0,True,on_screen,0.7417420067697549,6.594328342685202,-1.7098399833249232,False,False,2,2.0
1789815148138,168,1690,2378.9592376883197,1415.1987445254651,2357.16824971523,1433.0448314805312,2,2,terminal,0.8595802459921382,97,5,4.0,-0.0004987970841894545,29.840029638359677,29.599829691338503,0.08269998943433166,0.1965999836102128,7.909300009487197,0.6236000044737011,8.739500015508384,0,True,on_screen,0.7417420067697549,6.762282833046726,-1.620119443166921,False,False,2,2.0
1789815148170,169,1691,2443.980440258011,1369.8514434561287,2417.936783095177,1388.8094598634493,2,2,terminal,0.8010242801493634,129,5,4.0,-0.0004599559278012696,29.978577421535235,29.60071248827243,0.0923000043258071,0.2120999852195382,8.02290000137873,0.5497999954968691,8.794399996986613,0,True,on_screen,0.7417420067697549,6.78560477365275,-1.3023722355221583,False,False,2,2.0
1789815148200,170,1692,2426.5176138266365,1326.8289224138352,2422.6677971366335,1354.6366854377627,2,2,terminal,0.740088352621449,159,5,4.0,-0.00042086237862379826,30.315965221906886,29.602388330484967,0.08659999002702534,0.2133999951183796,8.63629998639226,0.4993999900761992,9.358500014059246,0,True,on_screen,0.7417420067697549,6.744485772518033,-1.1769795726782388,False,False,2,2.0
1789815148233,171,1693,2428.169833260774,1285.5572600003534,2426.016995869004,1312.5866663379747,2,2,terminal,0.6657286526315187,192,5,3.8,-0.00039224001330414975,30.280138671519936,29.60194255605841,0.10810000821948051,0.19869999960064888,9.910799999488518,0.5011000030208379,10.620399989420548,0,True,on_screen,0.7417420067697549,6.564222484941098,-1.2535287952862386,False,False,2,2.0
1789815148264,172,1694,2391.547260881785,1254.4720966928264,2405.543203066837,1278.068685328169,2,2,terminal,0.6077998472229387,223,5,3.8,-0.00034628597203868565,30.5429624531866,29.604615160268658,0.1029000268317759,0.23239999427460134,8.092699979897588,0.5127000040374696,8.848799974657595,0,True,on_screen,0.7417420067697549,6.595738044508124,-1.1295433867320928,False,False,2,2.0
1789815148296,173,1695,2355.054119644894,1231.2804524007176,2375.0088737323817,1249.7725227449698,2,2,terminal,0.5557330563211376,255,5,3.8,-0.00031956040899916785,30.608362725329556,29.605614078180416,0.08209998486563563,0.2170999941881746,7.879400014644489,0.5342999938875437,8.641099993837997,0,True,on_screen,0.7417420067697549,6.693944580560185,-0.8979381987417469,False,False,2,2.0
1789815148330,174,1696,2321.0884700505635,1220.8964264127692,2345.926676342371,1234.1980782667438,2,2,terminal,0.5207990618721564,289,5,3.6,-0.00030343379563402967,30.56687747302827,29.605518768942456,0.14899999951012433,0.308899994706735,8.60220001777634,0.5612000240944326,9.483200003160164,0,True,on_screen,0.7417420067697549,6.794423031590867,-0.7925902005488554,False,False,2,2.0
1789815148377,175,1697,2273.600697926259,1205.779284390047,2296.7118591931376,1214.8602721993761,2,2,terminal,0.46422287297557474,336,5,3.6,-0.0002804780521751451,29.61439413685124,29.598980695524606,0.08040000102482736,0.198300025658682,7.652699976461008,0.53779999143444,8.398100006161258,0,True,on_screen,0.7417420067697549,6.787666191049624,-0.770174460391709,False,False,2,2.0
1789815148409,176,1698,2267.6352578266014,1190.182441508472,2286.74048295173,1206.3973871620633,2,2,terminal,0.44404760983061486,368,5,3.6,-0.00025050622652119693,29.841303222770314,29.600080786947682,0.08430000161752105,0.2586000191513449,7.832199975382537,0.5853000038769096,8.68660002015531,0,True,on_screen,0.7417420067697549,6.8162969647455895,-0.5977626862751803,False,False,2,2.0
1789815148440,177,1699,2240.63483478974,1160.689146161907,2260.395686817438,1180.279669728065,2,2,terminal,0.38366378464088113,399,5,3.6,-0.00022870324098005906,29.942231036701664,29.600239256349184,0.13210001634433866,0.2049999893642962,9.055300004547462,0.47870000707916915,9.748699987540022,0,True,on_screen,0.7417420067697549,6.82005915936827,-0.6998015074291781,False,False,2,2.0
1789815148474,178,1700,2221.393917057017,1147.319112144286,2242.720346046976,1165.3421658441016,1,2,second_file,0.4550671663946634,0,1,3.8,-0.00019897726083012955,29.961544740656475,29.599695476943726,0.08150000940077007,0.2035000070463866,10.726999986218289,0.4633000062312931,11.403599986806512,0,True,on_screen,0.7417420067697549,6.972052777804237,-0.5281380570501559,False,False,2,2.0
1789815148505,179,1701,2214.8400643229706,1147.241011171116,2234.3235591665652,1159.8905875715784,1,2,second_file,0.4555013514587778,31,1,3.8,-0.0001861070273497991,30.23908774438818,29.60246628744363,0.12240000069141388,0.2125999890267849,8.594500017352402,0.4450000124052167,9.262599982321262,0,True,on_screen,0.7417420067697549,7.215460818429364,-0.44356398892733256,False,False,2,2.0
1789815148537,180,1702,2203.298997905947,1139.6888663148702,2223.9792427660823,1153.154859876405,1,2,second_file,0.4552752987282995,62,1,3.8,-0.00018238207082029757,30.192140267613,29.601474050448026,0.11319998884573579,0.2266000083182007,10.679600003641099,0.4625000001396984,11.379400006262586,0,True,on_screen,0.7417420067697549,7.2158538380463995,-0.4059383968422471,False,False,2,2.0
1789815148567,181,1703,2220.7220389341687,1123.5720783233523,2223.094926118283,1145.1232635853648,1,2,second_file,0.4659507978667945,92,1,3.8,-0.00018852382935617001,30.45711712988663,29.604377683290572,0.08100000559352338,0.20820001373067498,8.391999988816679,0.46019998262636364,9.069799998542294,0,True,on_screen,0.7417420067697549,7.291733360445875,-0.48240609979503224,False,False,2,2.0
1789815148598,182,1704,2335.0467458468197,1066.5669343747334,2301.461199928259,1090.133833137923,1,2,second_file,0.6216668332125211,124,1,3.8,-0.00027188484535804573,30.572191442810094,29.605469383905337,0.13139998191036284,0.2803000097628683,8.320299995830283,0.47679999261163175,9.088500024517998,0,True,on_screen,0.7417420067697549,7.165921179545819,-1.0669207577454107,False,False,2,2.0
1789815148632,183,1705,2460.9581750162383,1077.5362206519706,2413.1090824898442,1081.3155043977563,1,2,second_file,0.6788404660441422,157,1,3.8,-0.0004274174052488304,30.599155067130326,29.60650636612658,0.10229999315924942,0.2440999960526824,7.648899976629764,0.5190000229049474,8.425400010310113,0,True,on_screen,0.7417420067697549,7.028398613118895,-1.4087834792484173,False,False,2,2.0
1789815148684,184,1706,2563.041833400794,1153.1028948107903,2518.062008127509,1131.5666776868802,1,2,second_file,0.5407975078787023,210,1,3.8,-0.0003185046086548477,29.466077522645644,29.596918833749523,2.4711999867577106,0.22410001838579774,8.28219999675639,0.45369999133981764,8.969099988462403,0,True,on_screen,0.7417420067697549,7.53119135533953,-1.030604041320136,False,False,2,2.0
1789815148712,185,1707,2660.1570919361448,1151.0254993498795,2617.528566793554,1145.1878528509797,1,2,second_file,0.4209338511581838,237,1,3.8,-0.0003305970737145277,30.10766031587375,29.599179768065113,0.1249000197276473,0.2230999816674739,9.768800024176016,0.48030001926235855,10.481899982551113,0,True,on_screen,0.7417420067697549,7.526546416603566,-0.8260001949827209,False,False,2,2.0
1789815148744,186,1708,2686.2307763180243,1147.1905189635459,2659.016828315109,1146.397233684487,1,2,second_file,0.36843012580902823,269,1,3.8,-0.00036712471625944404,30.22096682607593,29.599715200832662,0.09929999941959977,0.21279999054968357,7.952300016768277,3.0383999983314425,11.213099991437048,0,True,on_screen,0.7417420067697549,7.4677478585601875,-0.8198449878259854,False,False,2,2.0
1789815148776,187,1709,2681.2225002181767,1153.620715436006,2663.8314088016245,1147.9634116608788,1,2,second_file,0.3603487173481916,302,1,3.8,-0.0003977926115848948,30.32609829278868,29.601930900867625,0.12660000356845558,0.24319998919963837,7.974700012709945,0.47179998364299536,8.69859999511391,0,True,on_screen,0.7417420067697549,7.451893972075055,-0.4851473662849094,False,False,2,2.0
1789815148808,188,1710,2649.3951663393564,1139.8950623088926,2661.5402914786237,1146.6829167525484,1,2,second_file,0.364846432293634,334,1,3.8,-0.000424774292942123,30.405631423439438,29.601701728773477,0.11670001549646258,0.28979999478906393,9.973699983675033,0.5213000113144517,10.795399983180687,0,True,on_screen,0.7417420067697549,7.378373866529671,-0.4841534805229406,False,False,2,2.0
1789815148840,189,1711,2586.151730410776,1128.3417991913477,2610.319536700106,1134.2215317405603,1,2,second_file,0.4438684942278813,365,1,3.8,-0.00043109459175934804,30.471488007259765,29.602850869077106,0.11000002268701792,0.20789998234249651,9.401500021340325,0.522000016644597,10.141799983102828,0,True,on_screen,0.7417420067697549,7.335291592825371,-0.3861612543634474,False,False,2,2.0
1789815148873,190,1712,2553.798689301966,1091.5211520166488,2575.1721668446435,1107.6683905862333,1,2,second_file,0.520028323226509,398,1,3.8,-0.00039756805532087554,30.472664304818338,29.604444383806968,0.10160001693293452,0.23360000341199338,7.294500013813376,0.4653999931178987,8.004599978448823,0,True,on_screen,0.7417420067697549,7.3159804572678695,-0.686115185644194,False,False,2,2.0
1789815148904,191,1713,2528.505899182401,1058.083691859053,2547.245992050226,1077.9957590870542,1,2,second_file,0.5918898323359412,430,1,3.8,-0.0003780014841377032,30.653932959624377,29.60574925883993,0.10949998977594078,0.22539999918080866,7.425599993439391,0.5966000026091933,8.259299997007474,0,True,on_screen,0.7417420067697549,7.041763389996646,-0.8375221395103264,False,False,2,2.0
1789815148936,192,1714,2580.1157810012205,1027.1891933547486,2564.7912541972437,1050.876189932169,1,2,second_file,0.6052791321589361,462,1,3.8,-0.0003885682200782028,30.724604091869033,29.60687485452747,0.11019999510608613,0.20229999790899456,7.156000006943941,0.5755999882239848,7.948300015414134,0,True,on_screen,0.7417420067697549,6.920594868082389,-0.37724719153191183,False,False,2,2.0
1789815148983,193,1715,2537.4780362809897,997.0174082831868,2550.240790191475,1022.1842113384746,1,2,second_file,0.6578813324266941,509,1,3.8,-0.00038734302135348155,29.741627934817224,29.59811624265186,0.11860000086016953,0.22380001610144973,10.305000003427267,0.46740000834688544,11.006999993696809,0,True,on_screen,0.7417420067697549,6.852818743669104,-0.13249497744305544,False,False,2,2.0
1789815149016,194,1716,2480.8754508587695,1013.4082657070334,2507.6498503888574,1016.7957020960275,1,2,second_file,0.7193855596018833,542,1,3.8,-0.0003589439854018387,29.80964187921026,29.599900780308968,0.09390001650899649,0.23299999884329736,7.718700013356283,0.4650000191759318,8.426199987297878,0,True,on_screen,0.7417420067697549,6.395680652633672,0.10339928091156493,False,False,2,2.0
1789815149047,195,1717,2396.512082004573,1040.7290887891918,2429.8534125198585,1033.5490727812426,1,2,second_file,0.7582408088793859,572,1,3.8,-4.657611302108511e-05,30.038352938284035,29.60059773829513,0.0881000014487654,0.2443999983370304,7.042599987471476,2.391899994108826,9.688500023912638,0,True,on_screen,0.7417420067697549,6.288756957519382,0.5613205432318427,False,False,2,2.0
1789815149079,196,1718,2254.345361471823,925.0508287561645,2306.9977767862338,957.6003019636879,1,2,second_file,0.8067363525675704,605,1,3.8,0.0002750250171930733,30.162225066258646,29.60241098300966,0.13429997488856316,0.22659997921437025,7.230799994431436,0.47640001866966486,7.944100012537092,0,True,on_screen,0.7417420067697549,6.318976412722094,0.44571090674048364,False,False,2,2.0
1789815149113,197,1719,2115.983830505585,807.488489051047,2173.2880143897796,852.5220329248393,1,2,second_file,0.5907877235542915,638,1,3.8,0.0002956029508740538,30.16393207823135,29.602393361249984,0.10720000136643648,0.20640000002458692,7.888599997386336,0.5157999985385686,8.624600013718009,0,True,on_screen,0.7417420067697549,6.224565825795736,0.20770800636485404,False,False,2,2.0
1789815149144,198,1720,2008.4545132309865,780.231736459837,2057.9045635786247,801.9188253993377,1,2,second_file,0.371283324520877,670,1,3.8,0.0003315160812554889,30.374521607351358,29.604057588590358,0.1154000055976212,0.21199998445808887,7.438700005877763,0.4896000027656555,8.150399982696399,0,True,on_screen,0.7417420067697549,6.338077413711659,-0.12916851976701077,False,False,2,2.0
1789815149175,199,1721,1977.9367801909448,798.6941198792314,2001.9271152072488,799.6615315352633,1,2,second_file,0.274742652198425,700,1,3.6,0.00032330064466780037,30.465041021688197,29.605198915136043,0.11749999248422682,0.2035000070463866,7.020899996859953,0.48469999455846846,7.718900014879182,0,True,on_screen,0.7417420067697549,6.049292781026111,-0.4860699846800727,False,False,2,2.0
1789815149209,200,1722,1945.5699670152587,888.1652862399477,1962.4771114728558,861.6141598285424,1,2,second_file,0.22407529551027472,735,1,3.6,0.00035451628660432104,30.528598901824985,29.605943957507932,0.14310001279227436,0.22369998623616993,7.128500001272187,0.5169000069145113,7.879399985540658,0,True,on_screen,0.7417420067697549,5.896269779505786,-1.6372255527742603,False,False,2,2.0
1789815149240,201,1723,1904.7196769763432,930.0136890741113,1922.0469073252968,909.4938303004405,1,2,second_file,0.15545132868976586,766,1,3.4,0.00030511149649904874,30.61978011192946,29.60672347898791,0.11470000026747584,0.21410000044852495,7.434600003762171,0.6582000060006976,8.31780000589788,0,True,on_screen,0.7417420067697549,5.588126557866303,-2.909501037239473,False,False,2,2.0
1789815149288,202,1724,1941.879361365113,977.8122210179471,1934.4306717992167,952.1531430705238,1,2,second_file,0.1723513185733705,814,1,3.0,0.00011542777171062203,29.63591417761678,29.59951651558927,0.08739999611862004,0.20329997641965747,7.243300002301112,0.6945999921299517,8.151400019414723,0,True,on_screen,0.7417420067697549,3.650648872910324,-3.024266838425279,False,False,2,2.0
1789815149321,203,1725,1958.5358479139222,981.0379280186694,1942.5911851714552,961.931734718306,1,2,second_file,0.18453929206093167,847,1,3.0,0.00016127864583372238,29.709122700515792,29.60005024698243,0.09590000263415277,0.2091999922413379,7.189600000856444,0.5462999979499727,7.955200009746477,0,True,on_screen,0.7417420067697549,3.608713070818794,-3.1149129864809946,False,False,2,2.0
1789815149351,204,1726,1880.036273625853,1014.4039182768768,1898.8027470895336,998.6622632093056,1,2,second_file,0.09756030404961136,877,1,3.0,0.00020606146148793685,29.965776425603234,29.601229523249557,0.1542000100016594,0.25079998886212707,7.5799000042025,0.5908999883104116,8.43329998315312,0,True,on_screen,0.7417420067697549,3.8612520479528314,-3.8830611179965815,False,False,2,2.0
1789815149393,205,1727,1822.5645452769802,1029.9504710100769,1845.4360058207462,1020.5640086698455,1,1,main_file,0.2527327459694302,0,5,3.2,0.0003003946113856303,29.429810540685203,29.59685168606183,0.1564999984111637,0.22560000070370734,9.24379998468794,0.7242000137921423,10.204799997154623,0,True,on_screen,0.7417420067697549,3.5334635776869447,-4.064610244427065,False,False,2,2.0
1789815149416,206,1728,1854.5713021251304,1115.0500991114093,1851.830713233815,1086.7042719789401,1,1,main_file,0.20115755261995572,23,5,3.2,0.0001895231038463955,30.673645204180506,29.60034275004236,0.14319998444989324,0.20909999147988856,12.268400023458526,0.7343000033870339,13.222000008681789,0,True,on_screen,0.7417420067697549,3.1363128385321772,-4.066160535876358,False,False,2,2.0
1789815149447,207,1729,1608.5103565895856,1110.9523596399374,1681.5064635828544,1103.6779333416382,1,1,main_file,0.4418628482550352,54,5,3.2,0.00022754387282123388,30.810823442354295,29.604129099682314,0.08260001777671278,0.19639998208731413,7.458000007318333,0.6640999927185476,8.328600000822917,0,True,on_screen,0.7417420067697549,3.104894374274295,-3.1126800627604583,False,False,2,2.0
1789815149479,208,1730,1389.2002903429075,1140.9452393139632,1476.8921423148915,1129.7650475222656,1,1,main_file,0.5888833784796617,86,5,3.2,0.0002433620359298897,30.855112238131046,29.60350902952358,0.1210999907925725,0.21160001051612198,10.34149999031797,0.7716999971307814,11.33590002427809,0,True,on_screen,0.7417420067697549,2.5074757651864843,-3.4448297138775947,False,False,2,2.0
1789815149513,209,1731,1276.117323871323,1144.3139626345542,1336.3497694043936,1139.9492881008675,1,1,main_file,0.5382311895111249,120,5,3.2,5.195136959634285e-05,30.752529713431954,29.604176916430077,0.10099998326040804,0.22750001517124474,9.42149999900721,0.6121999758761376,10.27210001484491,0,True,on_screen,0.7417420067697549,1.2924147171510754,-4.210217635296477,False,False,2,2.0
1789815149545,210,1732,1234.035267070206,1156.2194858007738,1264.7296177704623,1151.3384264908018,1,1,main_file,0.4586663036725619,152,5,3.2,-6.452976591395272e-05,30.85060051099822,29.605678481261506,0.10309999925084412,0.25370001094415784,8.181699988199398,1.1263999913353473,9.57110000308603,0,True,on_screen,0.7417420067697549,1.7962936302395747,-4.307411905420646,False,False,2,2.0
1789815149593,211,1733,1267.702457471612,1172.1004012249819,1265.313901595173,1155.4189983432113,1,1,main_file,0.4533209508272116,200,5,3.2,-0.00018286226323408275,29.831664700160136,29.59915399502898,0.1002000062726438,0.20629999926313758,7.062699995003641,0.5716999876312912,7.851500005926937,0,True,on_screen,0.7417420067697549,2.4813433892002763,-3.2782407907714606,False,False,2,2.0
1789815149625,212,1734,1310.5683542392671,1172.9757397377596,1284.8489420430324,1162.9977366382566,1,1,main_file,0.46054641015256115,232,5,3.2,-0.00027363451610103347,30.040276209885864,29.59862371520491,0.08840000373311341,0.21249998826533556,10.549900005571544,0.5827999848406762,11.355599999660626,0,True,on_screen,0.7417420067697549,2.80420224656757,-3.3137601543946484,False,False,2,2.0
1789815149656,213,1735,1311.95989086315,1198.7183326895658,1295.6970660337756,1177.290908653701,2,1,terminal,0.375478974072719,0,6,3.4,-0.00029588707329785725,30.204796316269316,29.601351299806293,0.10800000745803118,0.2117999829351902,7.3893000080715865,0.5683999916072935,8.179299999028444,0,True,on_screen,0.7417420067697549,2.9376714348058215,-3.9051284274127798,False,False,2,2.0
1789815149689,214,1736,1304.6663267352255,1198.5510029215113,1297.6206155501272,1181.850352894164,2,1,terminal,0.3842194668454113,32,6,3.4,-0.00030473067658965715,30.213894452594868,29.601934213577398,1.2743000115733594,0.20760000916197896,7.038600015221164,0.5421999958343804,7.7988999837543815,0,True,on_screen,0.7417420067697549,2.7670770878372366,-4.4412147439168255,False,False,2,2.0
1789815149720,215,1737,1285.9773018370713,1200.5903626040815,1295.224102994046,1185.7075596720367,2,1,terminal,0.38867380200643986,64,6,3.4,-0.0002838407191418802,30.413749760498508,29.602348836117777,0.11000002268701792,0.21100000594742596,8.945500012487173,0.547699979506433,9.714599989820272,0,True,on_screen,0.7417420067697549,2.785215159081673,-4.618843435490322,False,False,2,2.0
1789815149754,216,1738,1287.7446562120795,1187.6303745264083,1294.32656938021,1185.9382974545613,2,1,terminal,0.38837851508787524,98,6,3.4,-0.00031229329259525353,30.301799096044814,29.60300390843942,0.1446999958716333,0.24870000197552145,7.21989999874495,0.5806999979540706,8.05990002118051,0,True,on_screen,0.7417420067697549,2.784485836344544,-4.755970787300213,False,False,2,2.0
1789815149786,217,1739,1288.7692287204652,1185.9154610086273,1293.6596885010406,1185.9355570810492,2,1,terminal,0.38787745438703125,130,6,3.4,-0.0003236576477004642,30.44071919162687,29.60333295736973,0.1238000113517046,0.24229998234659433,8.862499991664663,0.51710000843741,9.632699977373704,0,True,on_screen,0.7417420067697549,2.8333137306041465,-4.836905637077839,False,False,2,2.0
1789815149816,218,1740,1274.829434499796,1180.1817836356408,1290.165007329963,1184.867722110741,2,1,terminal,0.38354118900306644,160,6,3.4,-0.00030898655270103666,30.71560949952821,29.605856719046738,0.16170000890269876,0.19890000112354755,7.514199998695403,0.5501999985426664,8.272199978819117,0,True,on_screen,0.7417420067697549,2.913500421895236,-4.86843430983419,False,False,2,2.0
1789815149848,219,1741,1264.2394559866889,1170.120277905253,1283.1119679993578,1180.8556838466368,2,1,terminal,0.3717358666792051,192,6,3.4,-0.000315478448909879,30.76239283322988,29.60631788688557,0.12450001668184996,0.21729999571107328,8.05410000612028,0.7841999758966267,9.065399994142354,0,True,on_screen,0.7417420067697549,2.898043131079902,-4.874118084399225,False,False,2,2.0
1789815149901,220,1742,1260.6693561144016,1164.9934819744615,1277.4551853799687,1176.8575294287941,2,1,terminal,0.3609613546246554,245,6,3.4,-0.00030757034699398743,29.586568030197853,29.596432945468965,0.11160000576637685,0.22789998911321163,8.931599993957207,0.7029999978840351,9.873199975118041,0,True,on_screen,0.7417420067697549,2.935580948669781,-5.029543012926597,False,False,2,2.0
1789815149928,221,1743,1262.4856079135195,1144.6323015338041,1272.654175682811,1166.5223257823504,1,1,main_file,0.4440235753005568,0,6,3.6,-0.0003202235684277282,30.255871190751215,29.59840160209128,0.1238000113517046,0.21989998640492558,11.253200005739927,0.6966000073589385,12.180399993667379,0,True,on_screen,0.7417420067697549,2.8635864379005227,-5.173673320688631,False,False,2,2.0
1789815149960,222,1744,1243.9477060083702,1111.090790369087,1256.8631951997309,1136.0303041654477,1,1,main_file,0.47221580140183694,32,6,3.6,-0.0003221583195300425,30.267600542044143,29.600912972266404,0.11059999815188348,0.27940000290982425,7.238299993332475,0.5148999916855246,8.043100009672344,0,True,on_screen,0.7417420067697549,2.6829308557334457,-5.171241950805702,False,False,2,2.0
1789815149991,223,1745,1241.7189765386188,1094.6306765893562,1250.9017372369283,1119.7335149422238,1,1,main_file,0.48784752482248994,62,6,3.6,-0.0002932526458892786,30.47780926194999,29.601951933364795,0.08629998774267733,0.2575000107754022,7.948699989356101,0.6458999996539205,8.863900002324954,0,True,on_screen,0.7417420067697549,2.610770114565611,-5.334328772508434,False,False,2,2.0
1789815150024,224,1746,1192.0431695579236,1092.6904966285597,1217.3446918875059,1104.315474243612,1,1,main_file,0.46612796621440244,95,6,3.6,-0.00025522039001803394,30.564510140654733,29.60213750626125,0.0866000191308558,0.20369997946545482,9.584000014001504,0.5740999768022448,10.372399992775172,0,True,on_screen,0.7417420067697549,2.7080622186846313,-5.023968578218535,False,False,2,2.0
1789815150056,225,1747,1180.8077769500305,1063.493059871792,1199.6267581880043,1084.5193630357767,1,1,main_file,0.46464949959447377,128,6,3.4,-0.00020973653928364235,30.634798376528522,29.603497615794893,0.08960001287050545,0.20179999410174787,8.620800013886765,0.6265999982133508,9.4600000011269,0,True,on_screen,0.7417420067697549,2.30221806919684,-5.353477263894623,False,False,2,2.0
1789815150088,226,1748,1181.5594569541124,1018.8427822050761,1188.810954841988,1045.202756005885,1,1,main_file,0.487424751241213,160,6,3.4,-0.00026081604633514284,30.6922320921628,29.60509405979082,0.11049999739043415,0.2086999884340912,7.201000000350177,0.5935000081080943,8.0139999918174,0,True,on_screen,0.7417420067697549,1.7631389388504601,-5.879012990510933,False,False,2,2.0
1789815150120,227,1749,1184.1589623847883,956.4148572605499,1185.5545601219483,983.0512268841504,1,1,main_file,0.5271411746943185,191,6,3.4,-0.0003013421819855009,30.715384323313565,29.605735294129992,0.36419997923076153,0.19619998056441545,7.367600017460063,0.6013000092934817,8.174600021447986,0,True,on_screen,0.7417420067697549,1.4487633882154967,-5.692605258396056,False,False,2,2.0
1789815150163,228,1750,1176.4479202088432,898.274824761063,1179.1799121827748,923.7077453979892,1,1,main_file,0.5373191368219463,235,6,3.4,-0.0002984565436866364,29.98966681083616,29.598398827428873,0.10879998444579542,1.3009000103920698,12.037099979352206,0.6253000174183398,13.974300003610551,0,True,on_screen,0.7417420067697549,1.100701567938188,-5.39853813926332,False,False,2,2.0
1789815150185,229,1751,1172.2751188065645,866.9401728623876,1175.6901632055738,895.0168682926935,1,1,main_file,0.5329705749555038,256,6,3.4,-0.00028215653318591945,31.722098638497464,29.606239767130155,0.12209999840706587,0.2392000169493258,9.97569999890402,0.7315999828279018,10.956800018902868,0,True,on_screen,0.7417420067697549,0.8346238928025969,-5.488473208482085,False,False,2,2.0
1789815150232,230,1752,1302.5802010705474,927.7760171282721,1264.5131897110555,917.9482724775985,1,1,main_file,0.6883566119054259,304,6,3.4,-0.00017971726150804376,30.604023438567314,29.600052104205865,0.9737000218592584,0.23980002151802182,7.553499977802858,0.6168000109028071,8.421699982136488,0,True,on_screen,0.7417420067697549,2.0282572622232635,-5.031000527810766,False,False,2,2.0
1789815150263,231,1753,1349.312299842945,937.5841347008839,1323.8725668033783,931.6933760338983,1,1,main_file,0.7873385842900062,335,6,3.4,-5.5669278154955176e-05,30.726864501304245,29.60104046930816,0.10380000458098948,0.21319999359548092,7.980700000189245,0.609799986705184,8.813499996904284,0,True,on_screen,0.7417420067697549,3.6542636946587663,-5.236926414975134,False,False,2,2.0
1789815150295,232,1754,1374.885758860517,918.0263121675222,1347.7520734860414,925.2957614215063,1,1,main_file,0.8310128256902133,367,6,3.4,5.607738288314172e-05,30.8032785130799,29.60109901556054,0.0982999918051064,0.21999998716637492,9.7607999923639,0.7298999989870936,10.72400002158247,0,True,on_screen,0.7417420067697549,4.270894674516285,-4.960811880334111,False,False,2,2.0
1789815150327,233,1755,1419.5086205948385,887.7579656046729,1397.9816564621992,899.0193043497229,1,1,main_file,0.9257475255960056,398,6,3.4,7.228690775855535e-05,30.83352537141396,29.602845592163053,0.11799999629147351,0.4943000094499439,7.790100004058331,0.5651999963447452,8.85990000097081,0,True,on_screen,0.7417420067697549,4.184822912585787,-4.830366977253712,False,False,2,2.0
1789815150359,234,1756,1483.087819598769,861.3234332956251,1457.555970657798,872.6321946118545,1,1,main_file,0.9425573923318189,430,6,3.4,8.34084251477487e-05,30.872635833011028,29.60350037587224,0.09169999975711107,0.3031000087503344,8.2066000031773,0.7818999874871224,9.302799997385591,0,True,on_screen,0.7417420067697549,3.876460859183908,-4.737583644749528,False,False,2,2.0
1789815150394,235,1757,1536.529873869526,820.2465942864453,1512.8377029060075,835.962274384068,1,1,main_file,0.8286595289719147,466,6,3.4,0.00012485302157069084,30.808538774160866,29.604024753598768,0.15050001093186438,0.20810001296922565,8.063699991907924,0.6706999847665429,8.953100012149662,0,True,on_screen,0.7417420067697549,3.5986568979766105,-4.1087631846409955,False,False,2,2.0
1789815150424,236,1758,1542.23937769428,768.4719564700537,1531.818048724895,792.3936823681594,1,1,main_file,0.7500956883129323,496,6,3.4,0.00019849015084027165,30.924104905866834,29.605140080113443,0.11190000805072486,0.21940001170150936,8.37399999727495,0.6065999914426357,9.209999989252537,0,True,on_screen,0.7417420067697549,3.683928969745665,-3.7949510696490494,False,False,2,2.0
1789815150458,237,1759,1574.1265376213232,698.3895469229965,1561.4339909523949,726.5907875565454,1,1,main_file,0.6259970845427084,529,6,3.4,0.0001543709498601012,30.82278694163741,29.599655256056277,0.18850000924430788,0.21989998640492558,19.415500020841137,0.9186000097543001,20.565099985105917,0,True,on_screen,0.7417420067697549,3.6842506923875646,-3.5056565848797225,False,False,2,2.0
1789815150500,238,1760,1568.0982853072119,652.2157744262488,1565.7961963634598,677.907601092774,1,1,main_file,0.5490690837438819,572,6,3.2,0.00012391226620970565,30.142662500150745,29.60006664166486,0.12699997751042247,0.2324000233784318,43.59190000104718,1.8401999841444194,45.67810002481565,0,True,on_screen,0.7417420067697549,3.628326852534485,-3.908803519568736,False,False,2,2.0
1789815150545,239,1761,1574.9730060516338,620.5798703891949,1570.5024687100697,648.5074148764423,1,1,main_file,0.4994403422070056,617,6,3.2,0.0001136273237592831,29.305594022544536,29.600853771949666,5.84929998149164,0.4105999832972884,29.598900000564754,1.9266000017523766,31.94790001725778,0,True,on_screen,0.7417420067697549,3.7518721093910017,-3.678340196859812,False,False,2,2.0
1789815150577,240,1762,1561.3751043005723,582.1919345986763,1565.1299970952564,609.4733608570493,0,1,main_file,0.41026446061960054,648,6,3.0,0.00012688114571107918,29.48526104479613,29.599841969411845,6.774899986339733,0.24470000062137842,33.196200005477294,2.1641999774146825,35.61530000297353,0,True,on_screen,0.7417420067697549,3.8077339346385486,-3.680280593267933,False,False,2,2.0
1789815150613,241,1763,1489.2742437234533,565.9774053385104,1512.0309697349942,579.0261919940721,0,1,main_file,0.49089416338996783,684,6,3.0,0.00013167878271609125,29.31162220925904,29.58639259679767,8.007600001292303,0.49100001342594624,58.26379999052733,1.6815999988466501,60.45230000745505,0,True,on_screen,0.7417420067697549,4.092719091405343,-3.568002669503691,False,False,2,2.0
1789815150674,242,1764,1444.2437058772443,588.303005148427,1471.2757968818923,584.6036132103209,0,1,main_file,0.4941744115045168,746,6,3.0,0.00014103133744574822,28.026997731230992,29.592435930742063,29.26000001025386,5.858100019395351,47.59990001912229,1.6561000084038824,55.12770000495948,0,True,on_screen,0.7417420067697549,4.233632311095221,-3.6169362942922683,False,False,2,2.0
1789815150729,243,1766,1260.0099579816979,821.6675774559421,1323.3897096517562,750.5483881822557,1,1,main_file,0.6651078392494711,801,6,3.0,-0.00012267495178096277,27.028563964896037,29.591900313383174,3.146599978208542,0.6705000123474747,32.237300009001046,1.656300009926781,34.57660001004115,1,True,on_screen,0.7417420067697549,3.9617831091253493,-4.6230253033896185,False,False,2,2.0
1789815150764,244,1767,1202.3834040073832,943.5954855620282,1238.6852957006952,885.6813563480964,1,1,main_file,0.643446263270368,835,6,3.0,-0.0001575900569482109,27.196507228313006,29.590184178834352,34.40679999766871,0.4093000025022775,69.67769999755546,0.697199982823804,70.79599998542108,1,True,on_screen,0.7417420067697549,3.4587563117270577,-5.265821799386177,False,False,2,2.0
1789815150836,245,1769,1175.286668933161,1167.3029237159328,1194.3062569634212,1082.8164535055819,1,1,main_file,0.458964582633029,907,6,3.0,-0.0001574623399465385,25.884609281523204,29.596142724344666,30.7850000099279,1.2379999971017241,19.67700000386685,0.5884999991394579,21.512099978281185,2,True,on_screen,0.7417420067697549,2.8751475464415535,-5.516415991132964,False,False,2,2.0
1789815150857,246,1770,1175.420046950532,1156.260397621696,1181.7571031736004,1131.6171048281667,1,1,main_file,0.3871540646447107,929,6,3.0,-0.00012245931853501792,27.917455354967114,29.60390038124052,14.003399992361665,0.31980001949705184,16.325099975802004,1.328000013018027,17.981500015594065,2,True,on_screen,0.7417420067697549,2.862300484200887,-5.226234772794743,False,False,2,2.0
1789815150876,247,1771,1115.2700639819418,1193.3583630670219,1135.2161757394394,1174.8359855953654,2,1,terminal,0.21264516270714562,0,7,3.2,-0.00013336188318554404,30.58273573682131,29.590518089898683,3.361500013852492,0.4917999904137105,24.646999983815476,1.5545999922323972,26.71189999091439,2,True,on_screen,0.7417420067697549,2.9648706345488165,-5.220232803478724,False,False,2,2.0
1789815150914,248,1772,1345.3427286773285,1180.2909916719852,1282.3047627959618,1178.6544898489992,2,1,terminal,0.367616707211309,38,7,3.0,-0.0001672635600095066,30.049198265568556,29.596325687239645,3.6837999941781163,0.6632999866269529,73.74900000286289,2.291599987074733,76.72390001243912,2,True,on_screen,0.7417420067697549,3.2051756582527844,-4.793282874351655,False,False,2,2.0
1789815150991,249,1774,1491.5418621318772,1284.2414018671814,1428.7707323311026,1252.5653282617268,2,1,terminal,0.5624163599457901,115,7,3.0,-0.00016152186772579354,28.342929140712073,29.600938442141377,12.99070002278313,0.5811000009998679,22.25060001364909,1.3165000127628446,24.162899993825704,3,True,on_screen,0.7417420067697549,3.381846319288286,-5.240253433169366,False,False,2,2.0
1789815151016,250,1775,1476.0068942155488,1327.8753967029613,1461.8360456502148,1305.2823761705909,2,1,terminal,0.6538432610965164,140,7,3.0,-0.00010652528246825853,29.601227001177087,29.60666579277434,15.341199992690235,0.6692000024486333,19.444200006546453,1.7786000098567456,21.90419999533333,3,True,on_screen,0.7417420067697549,3.812037609364239,-4.474438237361571,False,False,2,2.0
1789815151039,251,1776,1481.1359551697835,1351.3821340276459,1470.4036464745845,1325.7469448266709,2,1,terminal,0.6875027642759423,163,7,3.0,-8.679502050304606e-05,31.152294310105933,29.596031961346206,0.6359999824780971,0.44659999548457563,19.505900010699406,1.3248999894130975,21.290000004228204,3,True,on_screen,0.7417420067697549,4.103648801657016,-4.333637985239719,False,False,2,2.0
1789815151066,252,1777,1478.6738630595291,1376.378988228435,1474.1685110461194,1348.7962548936798,2,1,terminal,0.7261383811645392,190,7,3.0,-9.737823959833462e-05,31.80259297524264,29.599793156583416,0.25370001094415784,0.4805999924428761,19.07409998239018,1.3185999996494502,20.892600005026907,3,True,on_screen,0.7417420067697549,4.094646632993317,-4.685973118738823,False,False,2,2.0
1789815151099,253,1778,1467.8249609849217,1384.0351333577926,1472.1192578563632,1360.180004276809,2,1,terminal,0.7465513892696625,223,7,3.0,-9.500365630193096e-05,31.683967425347642,29.600790963768965,0.202000024728477,0.22310001077130437,18.60320000560023,1.1021000100299716,19.989199994597584,3,True,on_screen,0.7417420067697549,4.035855531761257,-4.194861680765762,False,False,2,2.0
1789815151151,254,1779,1468.1732615921387,1412.8528512612709,1470.2718433956811,1384.840083174151,2,1,terminal,0.7896395182297714,275,7,3.0,-9.01076763255692e-05,30.350662034478795,29.57866567540142,0.11529997573234141,0.26359999901615083,108.34100001375191,3.230800008168444,111.85120002483018,3,True,on_screen,0.7417420067697549,3.9909048682443995,-4.23251898141651,False,False,2,2.0
1789815151265,255,1781,1466.7582699909726,1396.8925421738304,1469.8336070853463,1386.3433462496864,2,1,terminal,0.7924048354330833,389,7,2.8,-0.00015537120014962914,28.206812180760252,29.59685489842892,0.7805000059306622,0.44949998846277595,28.063500009011477,1.6873000131454319,30.214900005375966,4,True,on_screen,0.7417420067697549,3.579790696673115,-4.8043822600544965,False,False,2,2.0
1789815151294,256,1783,1532.0402118084635,1461.3262015748649,1513.3782303915284,1438.8313449773113,2,1,terminal,0.8312307804196271,417,7,2.8,-0.00021442873310643755,28.65216227832102,29.59611263421045,20.74670000001788,0.5068999889772385,32.71800000220537,1.6548999992664903,34.89609999815002,5,True,on_screen,0.7417420067697549,3.4679193636583534,-4.62867086485716,False,False,2,2.0
1789815151330,257,1784,1518.5659232970527,1480.425548010422,1515.324496271588,1454.4362351753061,2,1,terminal,0.8444750703055746,453,7,2.8,-0.00020904877146020288,28.62234544404733,29.595921266219708,24.164400005247444,0.5604999896604568,31.554799992591143,1.6737999976612628,33.80579999065958,5,True,on_screen,0.7417420067697549,3.440610979446177,-4.69821599149783,False,False,2,2.0
1789815151365,258,1785,1397.7400166826174,1521.5667360973846,1433.0153605593086,1501.4275858207611,2,1,terminal,0.987405390573065,489,7,2.6,-0.00016302498884359327,28.684720318357666,29.59623511893652,26.08650000183843,0.5359000060707331,30.580599996028468,1.6293999797198921,32.761899987235665,5,True,on_screen,0.7417420067697549,3.3980584658494593,-4.802948916355429,False,False,2,2.0
1789815151397,259,1786,1348.0711264935362,1557.7936642325692,1373.554396713268,1540.8838407090268,2,1,terminal,0.8621718915611221,521,7,2.4,-8.486931412639981e-05,28.83253927424089,29.59491729239407,26.989700010744855,0.5136000108905137,31.497899995883927,4.057599988300353,36.085300002014264,5,True,on_screen,0.7417420067697549,3.1158238626424577,-5.055850083373351,False,False,2,2.0
1789815151433,260,1787,1317.8924059583128,1587.1405629704134,1338.2117318679602,1570.2546161619534,2,1,terminal,0.7815003876637664,557,7,2.4,-7.212033540825169e-05,28.68623692960178,29.592888008088046,31.896800006506965,0.6161000055726618,35.28770001139492,1.5613000141456723,37.48049997375347,5,True,on_screen,0.7417420067697549,3.0848356377246375,-5.365772533642508,False,False,2,2.0
1789815151472,261,1788,1263.7376328133369,1636.6447128172917,1286.0798625297239,1616.7276838206901,2,1,terminal,0.658724024923807,595,7,2.4,-7.209349542232867e-05,28.463745915089383,29.600280832118827,21.645600005285814,4.6252000029198825,79.86779999919236,1.4412000018637627,85.94990000710823,5,True,on_screen,0.7417420067697549,3.0159838449603456,-5.514529829309607,False,False,2,2.0
1789815151559,262,1791,1186.6656048099717,1798.0750047123272,1216.4898821258973,1743.670808444836,2,1,terminal,0.4158453195963412,683,7,2.2,-0.00017631401281220475,26.775587068971053,29.59119252040799,1.2949999945703894,1.5004000160843134,15.76140001998283,0.9194000158458948,18.192199990153313,7,True,on_screen,0.7417420067697549,2.788763977473394,-5.724974580774403,False,False,2,2.0
1789815151578,263,1792,1183.625667226684,1782.4317845283779,1201.6650066650695,1761.1556820357878,2,1,terminal,0.3753756202194085,702,7,2.2,-0.00018154091581261064,29.37774790000726,29.591417550169623,0.1260999997612089,0.4068000125698745,61.214900022605434,4.7420000191777945,66.37970000156201,7,True,on_screen,0.7417420067697549,2.663957056731448,-5.986133760486849,False,False,2,2.0
1789815151644,264,1793,1157.5634481384911,1757.604808769375,1184.2438005487559,1759.752999293186,2,1,terminal,0.3559965110681468,768,7,2.2,-0.00020675657573447116,27.939724901072015,29.60400500395708,10.373099998105317,0.45579997822642326,39.74400000879541,1.283499994315207,41.49699999834411,7,True,on_screen,0.7417420067697549,2.355305478903034,-6.338914460764638,False,False,2,2.0
1789815151686,265,1795,1118.2443111199423,1756.9670697979172,1145.8924754999325,1758.134136957116,2,1,terminal,0.30866684041101156,810,7,2.0,-0.00020154168874071156,27.53855486265333,29.60017151354054,11.201099987374619,0.5521000130102038,33.99870000430383,6.774999987101182,41.34140000678599,8,True,on_screen,0.7417420067697549,2.208056886649672,-6.529514583513683,False,False,2,2.0
1789815151728,266,1796,1099.8705056825736,1752.6452567707315,1126.8868112973587,1755.8673975262618,2,1,terminal,0.28562994484188353,851,7,2.0,-0.00021969489006965805,27.173141228432332,29.59737250527179,10.311599995475262,0.4718000127468258,68.1334999972023,4.1612000204622746,72.78470002347603,8,True,on_screen,0.7417420067697549,2.0603360635433887,-6.570635037537281,False,False,2,2.0
1789815151801,267,1798,1355.489398958812,1967.1639537947892,1286.908622660376,1903.774986914231,-1,-1,off_screen,0.0,0,4,2.2,-0.0004298436036766027,25.824658807444614,29.60312198506399,6.2830999959260225,0.45640001189894974,19.65349999954924,1.5890000213403255,21.71129998168908,9,True,gaze_outside_screen,0.7417420067697549,2.44710806437854,-7.8265161158520575,False,False,2,2.0
1789815151823,268,1799,1427.5349493436436,1893.2113263874394,1385.3470513386633,1896.3804245454767,-1,-1,off_screen,0.0,21,4,2.2,-0.0004623408613946174,27.795304977438576,29.592093649220296,3.938900015782565,0.4519999783951789,20.926500001223758,1.0058000043500215,22.395199979655445,9,True,gaze_outside_screen,0.7417420067697549,2.5994700883226756,-7.330158037157983,False,False,2,2.0
1789815151849,269,1800,1427.457373032299,1799.5178362781155,1414.8242765242082,1828.5766127583238,-1,-1,off_screen,0.0,47,4,2.2,-0.0004383801478686205,28.841870751535275,29.590901968459473,0.2300000051036477,0.48600000445730984,64.15359998936765,1.6336000117007643,66.2972999853082,9,True,gaze_outside_screen,0.7417420067697549,3.1136959477205437,-6.889665958410116,False,False,2,2.0
1789815151920,270,1801,1371.718007344553,1781.895988594786,1390.7020454529043,1802.454175719467,-1,-1,off_screen,0.0,118,4,2.2,-0.0005166134762191344,27.366118511449212,29.60209961009649,26.899199991021305,0.46590002602897584,38.007100025424734,1.345600001513958,39.835300005506724,9,True,gaze_outside_screen,0.7417420067697549,3.4465244907001704,-6.6503104649118745,False,False,2,2.0
1789815151961,271,1803,1448.1492674919402,1800.8354284147536,1419.8756151689445,1801.6321231350162,-1,-1,off_screen,0.0,159,4,2.2,-0.0006209506625415601,27.12274375347894,29.591568364850087,14.074100006837398,0.519599998369813,48.816599999554455,5.846200016094372,55.19739998271689,10,True,gaze_outside_screen,0.7417420067697549,3.2771666636077725,-6.97935960519814,False,False,2,2.0
1789815152016,272,1804,1522.7946858673674,1731.6364101558263,1491.9189646578407,1752.6351240495833,2,1,terminal,0.5443512917808496,0,8,2.4,-0.0007289917125885576,26.21268682626481,29.595930545777353,17.48900001985021,0.46159999328665435,56.3127999776043,1.5133999986574054,58.30089998198673,10,True,on_screen,0.7417420067697549,2.904922042842486,-7.893745973969691,False,False,2,2.0
1789815152074,273,1806,1362.7994681284824,1758.980947117902,1401.53531708729,1757.0772001974062,2,1,terminal,0.5407755727619263,57,8,2.4,-0.0007105563411739981,25.299126740543304,29.6016775498324,13.301300001330674,0.47259998973459005,20.404999988386407,0.7827999943401664,21.677699987776577,11,True,on_screen,0.7417420067697549,2.5394648772738435,-7.996983301280047,False,False,2,2.0
1789815152096,274,1807,1278.5957265816157,1767.3929104174365,1315.4776037333181,1764.2981973514275,2,1,terminal,0.4838459583814302,79,8,2.4,-0.000705810261404748,27.323466601091965,29.59067399160789,7.744100003037602,0.5119999987073243,20.56889998493716,1.3244999863673002,22.419899993110448,11,True,on_screen,0.7417420067697549,2.2821681990534444,-7.959387093998311,False,False,2,2.0
1789815152122,275,1808,1283.3838935150086,1766.9138988595462,1306.096766465681,1765.0627543322644,2,1,terminal,0.47536250049796525,105,8,2.4,-0.0007316092333277662,28.496439374920772,29.588335960660014,0.1993000041693449,0.2562000008765608,67.44099999195896,1.5226000105030835,69.2333999904804,11,True,on_screen,0.7417420067697549,2.1139488607452392,-7.9784202164402735,False,False,2,2.0
1789815152200,276,1809,1354.5472865823208,1806.9627958801723,1333.422863902801,1788.6943813034738,2,1,terminal,0.45632931437911384,184,8,2.4,-0.000837014026043215,26.916114473153876,29.597986290948334,22.543300001416355,3.5749000089708716,33.654099999694154,0.8391000155825168,38.08909998042509,11,True,on_screen,0.7417420067697549,1.8343222265543204,-8.883969342703246,False,False,2,2.0
1789815152238,277,1811,1323.4922253302998,1789.7585726134955,1332.2311872741009,1788.8220842606765,2,1,terminal,0.45538525295412,221,8,2.4,-0.0008388397860884297,26.819479151566696,29.60404308102284,19.736100017325953,3.463100001681596,15.982399985659868,1.3526999973692,20.814199990127236,12,True,on_screen,0.7417420067697549,1.552902682645481,-9.20850275579659,False,False,2,2.0
1789815152260,278,1812,1309.858390744449,1792.1605434255123,1327.5197744015734,1789.5251192819253,2,1,terminal,0.4512623843721959,243,8,2.4,-0.0008268448302163143,28.87720467916877,29.593943799965356,11.560499988263473,0.4951999871991575,18.681100016692653,1.4121000131126493,20.60330001404509,12,True,on_screen,0.7417420067697549,1.4647072706957545,-9.540043738668041,False,False,2,2.0
1789815152282,279,1813,1323.095374225232,1783.2731859514856,1326.9888463804125,1788.7748872822726,2,1,terminal,0.45215649085734755,266,8,2.4,-0.0008475982504627354,30.685973580313245,29.594660736659023,0.23560001864098012,0.4498999915085733,29.161399987060577,1.9910999981220812,31.616399995982647,12,True,on_screen,0.7417420067697549,1.3171947503940373,-9.78756315042225,False,False,2,2.0
1789815152314,280,1814,1329.6269429853169,1790.689010528779,1327.305417973001,1789.0045820718533,2,1,terminal,0.45198201503045266,297,8,2.2,-0.0008136265468379877,30.704367642367764,29.59721330260021,0.08099997648969293,0.20830001449212432,25.911300006555393,1.5964999911375344,27.72690000711009,12,True,on_screen,0.7417420067697549,1.401111067555206,-9.696202415999885,False,False,2,2.0
1789815152355,281,1815,1335.8550634110595,1795.3565735524378,1328.3313754255682,1789.7668210495235,2,1,terminal,0.4513815663949138,338,8,2.0,-0.0007763423880810631,30.057503514509197,29.591132526996557,4.867000010563061,0.4595999780576676,61.6409000067506,4.52769998810254,66.64800000726245,12,True,on_screen,0.7417420067697549,1.6316986321489537,-9.557555733570522,False,False,2,2.0
1789815152422,282,1816,1377.35400806787,1789.814352492915,1349.6945305849104,1789.7875343720318,2,1,terminal,0.4637605718001322,405,8,2.0,-0.0007566235128544548,28.545855939414714,29.594284960165936,19.03409999795258,1.288100000238046,24.915499991038814,0.7549000147264451,26.97130001615733,12,True,on_screen,0.7417420067697549,1.843646877890194,-9.6308545681409,False,False,2,2.0
1789815152450,283,1817,1404.626112271227,1773.5629608828153,1377.5003862442882,1781.5748061976947,2,1,terminal,0.490445308347057,434,8,2.0,-0.0007264049669836441,29.352503741751924,29.600423444318874,22.036300011677667,0.21800000104121864,18.9257999882102,1.55570000060834,20.708700001705438,12,True,on_screen,0.7417420067697549,1.9254017429686883,-9.502346143626989,False,False,2,2.0
1789815152470,284,1818,1401.362375319728,1759.052022562618,1384.599798109854,1774.8738343349169,2,1,terminal,0.5046256186593164,453,8,1.8,-0.0007227502076693395,31.176461242476904,29.606802087750495,13.409500010311604,0.6568999961018562,18.989199976203963,0.5831000162288547,20.23989998269826,12,True,on_screen,0.7417420067697549,2.006030410958431,-9.646818326467423,False,False,2,2.0
1789815152490,285,1819,1389.648287494987,1755.3162085073686,1385.5586586680147,1771.1592507066875,2,1,terminal,0.5113932298760281,473,8,1.8,-0.0007212971660704778,32.958326147297896,29.60388453974143,1.8867000180762261,0.31919998582452536,37.75849999510683,1.57789999502711,39.664699987042695,12,True,on_screen,0.7417420067697549,2.123343618123556,-9.657378271328474,False,False,2,2.0
1789815152530,286,1820,1410.4189507711792,1731.3239773839719,1395.9541309858666,1754.5019049529883,2,1,terminal,0.5436970125448242,513,8,1.8,-0.0006847480282954569,32.16453895520241,29.594529317085872,4.983899998478591,4.5455000072252005,74.47099999990314,7.6837000087834895,86.71110001159832,12,True,on_screen,0.7417420067697549,2.3590636858213827,-9.508704043463144,False,False,2,2.0
1789815152618,287,1822,1365.9886666775215,1746.7664833337913,1387.5154512308825,1752.32350567499,2,1,terminal,0.5446881020736402,601,8,1.8,-0.0007055163020398842,30.09930068598259,29.61122372394837,16.90809999126941,0.4904000088572502,29.151199996704236,3.0279000056907535,32.67939999932423,13,True,on_screen,0.7417420067697549,2.8292947499613206,-9.10649500673385,False,False,2,2.0
1789815152651,288,1824,1365.9957688949926,1792.1773395831833,1378.8222143901944,1768.4231307422035,2,1,terminal,0.5136260610196688,634,8,1.8,-0.0007704404638699605,30.12127228593715,29.588445215108226,0.5221999890636653,0.4565000126603991,42.4228000047151,4.2252000130247325,47.11770001449622,14,True,on_screen,0.7417420067697549,3.089521266184505,-8.436513533765115,False,False,2,2.0
1789815152703,289,1825,1251.6222802022112,1762.734183330944,1289.7822604586063,1764.4408675543218,2,1,terminal,0.462706818508689,687,8,1.8,-0.0007245094330353367,29.011395991072018,29.588603028833028,0.21529998048208654,0.45810002484358847,59.150900022359565,2.1834000071976334,61.813500011339784,14,True,on_screen,0.7417420067697549,3.7031637608409937,-7.791651683075232,False,False,2,2.0
1789815152767,290,1826,1414.5514803033511,1804.9724929689146,1377.1207143499278,1792.8130053445366,2,1,terminal,0.4709050059958193,750,8,1.8,-0.0006884691453119419,27.682074325017087,29.59390758922344,28.158300003269687,0.5669000092893839,19.7143999976106,0.6234000029508024,20.92159999301657,14,True,on_screen,0.7417420067697549,4.028417678142972,-7.396941814833781,False,False,2,2.0
1789815152787,291,1827,1351.8283578901091,1868.933207396641,1359.4160648280547,1846.0971467810095,-1,-1,off_screen,0.0,0,5,2.0,-0.000599371716757913,29.634455264315807,29.59519573093177,20.490900002187118,0.7087000121828169,26.49260000907816,3.626199992140755,30.840499995974824,14,True,gaze_outside_screen,0.7417420067697549,3.889534185546779,-7.266301722944932,False,False,2,2.0
1789815152820,292,1828,1271.2495162693067,1922.0851624371182,1297.6994808369311,1899.2887577402857,-1,-1,off_screen,0.0,32,5,2.0,-0.0005289462143601899,29.8839746940508,29.595150910649235,25.59190001920797,0.45089999912306666,97.3484999849461,3.3671999990474433,101.17710000486113,14,True,gaze_outside_screen,0.7417420067697549,3.6908324033813074,-6.208320840073433,False,False,2,2.0
1789815152921,293,1831,1300.154419494921,1796.0396727530672,1299.417937897524,1827.0143982492327,-1,-1,off_screen,0.0,134,5,2.0,-0.000342294653814865,27.88259692872641,29.602088818891943,3.5454999888315797,0.2413999754935503,119.56940000527538,0.6696000054944307,120.48740001046099,16,True,gaze_outside_screen,0.7417420067697549,3.1739069277135457,-5.006190474955339,False,False,2,2.0
1789815153041,294,1835,1906.0650639459147,1921.8217859993208,1724.0709261313975,1893.3795696742943,-1,-1,off_screen,0.0,253,5,1.8,-0.0007021270247601057,25.923206417730867,29.59659437036163,0.7402000192087144,0.23019997752271593,10.561200004303828,0.5510000046342611,11.348899977747351,19,True,gaze_outside_screen,0.7417420067697549,1.5657040900084098,-9.56798524775343,False,False,2,2.0
1789815153071,295,1836,1819.6021540052875,1816.3328024893497,1790.9427856431205,1839.4468326448332,-1,-1,off_screen,0.0,284,5,1.6,-0.000664659238083341,26.666598586496903,29.598872453196716,0.12149999383836985,0.20100001711398363,9.59179998608306,0.5803999956697226,10.383400018326938,19,True,gaze_outside_screen,0.7417420067697549,1.845562086571391,-9.95155800795605,False,False,2,2.0
1789815153096,296,1837,1705.3100279950302,1618.3255642437207,1730.9998552894574,1684.6619447640544,2,1,terminal,0.39112640166700796,0,9,1.8,-0.0005325052658485766,28.015922343724853,29.603999641195372,0.11409999569877982,0.2193999825976789,7.70139999804087,0.5877999938093126,8.519000024534762,19,True,on_screen,0.7417420067697549,2.3861248930417958,-10.300941927932453,False,False,2,2.0
1789815153128,297,1838,1520.7081637419635,1448.197828881331,1583.7956712062119,1519.137063646148,2,1,terminal,0.7437216428854191,32,9,1.8,-0.0003510074785537335,28.346171224971815,29.604937062339832,0.11839999933727086,0.21860000560991466,7.5554999930318445,0.6165000086184591,8.4023000090383,19,True,on_screen,0.7417420067697549,2.881947946565532,-9.407703062876458,False,False,2,2.0
1789815153159,298,1839,1475.382967394446,1314.1597522811517,1507.906778537976,1375.6529456906505,2,1,terminal,0.7496973087943812,62,9,1.8,-0.000261440047026296,28.628644484302505,29.604385203082625,0.14879999798722565,0.3795000084210187,10.236700007226318,0.6304999988060445,11.25720000709407,19,True,on_screen,0.7417420067697549,2.8617549848245574,-9.220412160018492,False,False,2,2.0
1789815153193,299,1840,1409.519137682419,1080.6897340753924,1439.035429939086,1169.1786975599698,1,1,main_file,0.5244488655816499,0,7,2.0,-3.0517050121846648e-05,28.73531557200982,29.605673443324854,0.12299997615627944,0.22410001838579774,7.859999983338639,0.5603999888990074,8.656300022266805,19,True,on_screen,0.7417420067697549,2.761436140851629,-9.087625337277123,False,False,2,2.0
1789815153225,300,1841,1367.1392725332717,823.7687452123758,1388.708119755016,927.3917309166541,1,1,main_file,0.8972724671267472,31,7,2.0,0.00015574500379514182,29.01411074529799,29.606178167728487,0.29039999935775995,0.35069999285042286,8.465099992463365,0.8212999964598566,9.650699998019263,19,True,on_screen,0.7417420067697549,2.501869970587535,-9.527385262821134,False,False,2,2.0
1789815153256,301,1842,1341.9271852040033,709.07047727948,1355.9614655693072,774.5668533706322,1,1,main_file,0.7332634130605253,62,7,2.0,1.597774788164065e-05,29.373842180332876,29.607737644368267,0.11249998351559043,0.22650000755675137,8.638899977086112,0.6097000150475651,9.486399998422712,19,True,on_screen,0.7417420067697549,1.6440241876379105,-9.862747825328366,False,False,2,2.0
1789815153304,302,1843,1340.6667055005498,714.5445657151031,1347.6111130735976,741.7969859605271,1,1,main_file,0.676339309704128,110,7,2.0,-7.758019177543131e-05,28.521341928087864,29.601175952082404,0.08639998850412667,0.2018999948631972,8.31030000699684,0.5729999975301325,9.095399989746511,19,True,on_screen,0.7417420067697549,0.36375139753255326,-10.50268583652823,False,False,2,2.0
1789815153336,303,1844,1348.9745766036744,760.6804232046653,1347.8553516260924,745.1795944989276,1,1,main_file,0.6817063568507069,142,7,2.0,-0.00010373341600831108,28.78530737529355,29.602265882005586,0.08289999095723033,0.19680001423694193,7.719599991105497,0.5663999763783067,8.492799999658018,19,True,on_screen,0.7417420067697549,0.06019849774548902,-10.702653290612526,False,False,2,2.0
1789815153366,304,1845,1221.3295726929318,836.0666814196945,1259.28730637288,808.8005553434643,1,1,main_file,0.6423896050439564,172,7,2.0,-0.00010944740697187323,29.04291974488272,29.60207181515192,0.08340002386830747,0.30479999259114265,9.925899998052046,0.5552999791689217,10.796199989272282,19,True,on_screen,0.7417420067697549,-0.07397951196787744,-11.342648185771539,False,False,2,2.0
1789815153400,305,1846,1236.2839858705436,847.6543982574435,1250.022172892532,824.4498630504073,1,1,main_file,0.6388074701071934,207,7,2.0,-8.8277370909641e-06,29.272520191656646,29.603963832846098,0.1317999849561602,0.222400005441159,7.89099998655729,0.5590000073425472,8.682799991220236,19,True,on_screen,0.7417420067697549,0.4917262704179848,-11.047439578399388,False,False,2,2.0
1789815153433,306,1847,1080.201232290675,872.4632286195445,1131.1475144712322,858.0592189488033,1,1,main_file,0.4493537818235589,240,7,2.0,9.30061377372518e-05,29.342879076555015,29.6041709330833,0.10699999984353781,0.22560000070370734,7.861999998567626,0.5682999908458441,8.665800007293,19,True,on_screen,0.7417420067697549,1.4356959011451238,-11.263920004234546,False,False,2,2.0
1789815153464,307,1848,1038.23509865015,818.7420940287859,1066.1088233964747,830.5372315047912,1,1,main_file,0.32815752584553826,270,7,2.0,0.0002442491918723984,29.562011369115524,29.605087975276717,0.1449999981559813,0.2756000030785799,7.990699989022687,0.5189999938011169,8.799700008239597,19,True,on_screen,0.7417420067697549,2.2167421328323087,-11.251949626390136,False,False,2,2.0
1789815153495,308,1849,1050.2332562936447,777.6667079319787,1058.3537251453395,804.7103679829817,1,1,main_file,0.30506111541406467,301,7,1.8,5.5049610480467984e-05,29.82678522206422,29.606441208727013,0.09199997293762863,0.23979999241419137,7.738199987215921,0.6884000031277537,8.67640000069514,19,True,on_screen,0.7417420067697549,1.6260981211654553,-12.37222669605557,False,False,2,2.0
1789815153528,309,1850,1131.1759092825032,806.2404934354556,1104.880878231007,805.6879873995242,1,1,main_file,0.384958662067573,335,7,1.8,-6.294887657661355e-06,29.917984272184313,29.606136949539934,0.09859999408945441,0.22280000848695636,9.761699999216944,0.5674999847542495,10.562899988144636,19,True,on_screen,0.7417420067697549,1.406018899766167,-12.479594043544635,False,False,2,2.0
1789815153559,310,1851,1123.4356735932095,815.69811446521,1108.544905951029,807.6646938160407,1,1,main_file,0.39213363020293057,365,7,1.8,0.00012171486773590763,30.118086079681117,29.60845747047612,0.08159998105838895,0.1855999871622771,7.325599988689646,0.58970000827685,8.110099995974451,19,True,on_screen,0.7417420067697549,1.5581548819427837,-12.18068711913416,False,False,2,2.0
1789815153591,311,1852,1091.691262677899,783.3733345747537,1103.9974070983803,801.1103288939382,1,1,main_file,0.38122157945426616,398,7,1.8,0.00024538273520688207,30.194594059362522,29.60863689054371,0.08290002006106079,0.20629999926313758,8.214200002839789,0.6947000219952315,9.125399985350668,19,True,on_screen,0.7417420067697549,1.8141468553822335,-12.231503052921674,False,False,2,2.0
1789815153642,312,1853,981.7204103715575,788.0625012369097,1018.4035093896043,791.9768495340182,1,1,main_file,0.23112067801798175,448,7,1.8,0.0003640669648903184,29.163898140291508,29.60138619985099,0.11950000771321356,0.21040000137872994,7.163300004322082,0.5622000026050955,7.945999997900799,19,True,on_screen,0.7417420067697549,2.0401553583512566,-11.910262595908382,False,False,2,2.0
1789815153672,313,1854,1017.8200498052923,855.0157186782368,1018.0794824483662,826.9857730261281,1,1,main_file,0.24352978083519927,478,7,1.8,0.00015782585418184364,29.630801623768367,29.603040329965612,0.21639998885802925,0.24179997853934765,7.8407000110019,0.5713000136893243,8.6717999947723,19,True,on_screen,0.7417420067697549,1.962232643401478,-12.026423553438626,False,False,2,2.0
1789815153704,314,1855,1086.3217019912663,912.7126342811256,1065.8490361283962,886.9945759046263,1,1,main_file,0.33860208190453167,510,7,1.8,-5.504032852231798e-05,29.803009124742253,29.603805819318204,0.08219998562708497,0.18689999706111848,8.155799994710833,0.5848000000696629,8.936800004448742,19,True,on_screen,0.7417420067697549,1.751496054037574,-12.020001069172512,False,False,2,2.0
1789815153736,315,1856,1133.250906085458,949.2879377754465,1113.0303450983395,930.5999292142005,1,1,main_file,0.4198306489048731,542,7,1.8,1.2817231251269906e-05,29.938934089358067,29.604553995806295,0.089899986051023,0.20549999317154288,8.198299998184666,0.6257999921217561,9.041500015882775,19,True,on_screen,0.7417420067697549,1.66376265063613,-12.062697612942102,False,False,2,2.0
1789815153768,316,1857,1101.564531044823,932.3289490956577,1111.6544474119175,930.8074115999754,1,1,main_file,0.41737630507036816,574,7,1.8,6.572284032006943e-05,30.058792251544368,29.60432622351261,0.11610001092776656,0.2437999937683344,10.324000002583489,0.6095000135246664,11.186999996425584,19,True,on_screen,0.7417420067697549,2.0459624371685834,-12.044231371382663,False,False,2,2.0
1789815153800,317,1858,964.765151354991,997.7749047926702,1008.8319401720689,977.6846568348617,1,1,main_file,0.226006348430701,606,7,1.8,7.75182079258245e-05,30.19916002656342,29.606208348584687,0.1100999943446368,0.2203000185545534,8.3427999925334,0.6179999909363687,9.192199999233708,19,True,on_screen,0.7417420067697549,2.129076101730192,-11.585947881191133,False,False,2,2.0
1789815153833,318,1859,814.4391238711355,1077.7480684610882,872.7569687614155,1047.7290449732202,1,0,sidebar,0.2586707891399449,0,5,2.0,-9.85970350987804e-05,30.170488649339102,29.604959290286285,0.3893999964930117,0.2133999951183796,11.364700010744855,0.5993999948259443,12.187199987238273,19,True,on_screen,0.7417420067697549,2.2151867356968467,-12.683595679460256,False,False,2,2.0
1789815153865,319,1860,814.88549780395,1061.541470035556,842.3674283263927,1054.982243189766,1,0,sidebar,0.3037248003784444,32,5,2.0,-0.00015197410749076892,30.388523623634736,29.6077469223701,0.1039999770000577,0.21959998412057757,8.26740000047721,0.6425000028684735,9.139100002357736,19,True,on_screen,0.7417420067697549,2.038674906365003,-12.922365983674904,False,False,2,2.0
1789815153897,320,1861,982.783529924642,1131.9597108038633,940.6586994451671,1108.866470519634,1,0,sidebar,0.10642528017749187,64,5,2.0,-0.00025025893444242074,30.405943341493042,29.607955618533786,0.908499991055578,0.20400001085363328,8.942699991166592,0.5944999866187572,9.751300007337704,19,True,on_screen,0.7417420067697549,1.9189875047407838,-12.71647984499717,False,False,2,2.0
1789815153944,321,1862,1017.1671654486039,1156.9585672494704,994.2146256475728,1142.5309382305195,1,0,sidebar,0.0,111,5,2.0,-0.00018738379998924082,29.509491103692795,29.602658271652164,0.0881000014487654,0.20310000400058925,7.358700007898733,0.5705999792553484,8.140899997670203,19,True,on_screen,0.7417420067697549,1.8554727775596405,-12.529262315926616,False,False,2,2.0
1789815153975,322,1863,918.009685459836,1164.2433533319722,941.3666137961948,1157.5884655742425,1,0,sidebar,0.06648782825834298,141,5,2.0,-0.0002117765987846281,29.677304468462737,29.603490326187273,0.08650001836940646,0.2057999954558909,7.308900007046759,0.5648999940603971,8.088999980827793,19,True,on_screen,0.7417420067697549,1.9206528450969813,-12.505088628155864,False,False,2,2.0
1789815154008,323,1864,845.649557418588,1076.4811635686337,874.36467433187,1100.8133541703164,1,0,sidebar,0.21816523218547523,174,5,2.0,-4.98042473766943e-05,29.803250546819136,29.60380674334125,0.208800018299371,0.2108000044245273,8.034900005441159,0.6166999810375273,8.87190000503324,19,True,on_screen,0.7417420067697549,2.4219591882250597,-13.055059178995709,False,False,2,2.0
1789815154040,324,1865,781.2355452355106,1016.5718901983819,809.1742839644185,1041.8443293899622,1,0,sidebar,0.36676641086155437,207,5,2.0,-7.303403276355015e-05,29.969113099758538,29.604750280768354,0.10840001050382853,0.20619999850168824,7.977600005688146,0.6656000041402876,8.858799992594868,19,True,on_screen,0.7417420067697549,3.0025122305694367,-13.238546012798768,False,False,2,2.0
1789815154073,325,1866,737.2423216909041,1147.988625207937,758.8219103729584,1116.1453364625447,1,0,sidebar,0.3767397142219555,240,5,2.0,-0.00044109084914544655,29.989985590581284,29.604728047054788,0.14039999223314226,0.22280000848695636,8.703100000275299,0.610999995842576,9.547599998768419,19,True,on_screen,0.7417420067697549,4.376405949918649,-14.392686801120046,False,False,2,2.0
1789815154105,326,1867,1031.129509404688,1956.6385215282935,949.437229695169,1704.490566008569,2,0,terminal,0.09539307787691809,0,10,2.2,-0.0010450840284444967,30.1961563291223,29.605843326380096,0.14659998123534024,1.4696999860461801,7.5382000068202615,0.7292999944183975,9.750800003530458,19,True,on_screen,0.7417420067697549,3.837072094032578,-13.586387669191664,False,False,2,2.0
1789815154136,327,1868,1343.0499142492838,1980.0000000000002,1224.9661088830494,1897.3471698025708,-1,-1,off_screen,0.0,0,6,2.4,-0.0011007683605817834,30.339176055272794,29.607461251418208,0.11530000483617187,0.20549999317154288,7.579700002679601,0.665100000333041,8.460799988824874,19,True,gaze_outside_screen,0.7417420067697549,3.7118837192573153,-13.006159931046637,False,False,2,2.0
1789815154168,328,1869,1032.592342066309,1837.8805468232204,1090.304472111331,1855.7205337170255,-1,-1,off_screen,0.0,32,6,2.4,-0.0007873487126048313,30.41736266812721,29.608369807397253,0.11339999036863446,0.20599999697878957,7.223900000099093,0.7254999945871532,8.16649998887442,19,True,gaze_outside_screen,0.7417420067697549,1.8839280106458034,-13.168532562441081,False,False,2,2.0
1789815154200,329,1870,1048.0565918556595,1685.1451666013386,1060.7309559323608,1736.3177767360448,2,1,terminal,0.21053460109265387,0,11,2.6,-0.0006441904368207508,30.491978525708546,29.609049176513203,0.1202999847009778,0.2311999851372093,7.218199985800311,0.9426000178791583,8.402800012845546,19,True,on_screen,0.7417420067697549,1.237269809179793,-11.364582083539666,False,False,2,2.0
1789815154248,330,1871,982.8115673093051,1480.9118062228836,1006.187383896222,1557.533597376832,2,0,terminal,0.06486383688449726,47,11,2.6,-0.00043416383729148224,29.501567265412014,29.602073033646906,0.5807999987155199,0.20889998995698988,7.657100009964779,0.6203999801073223,8.4956000209786,19,True,on_screen,0.7417420067697549,3.1110357576886827,-10.76781682684147,False,False,2,2.0
1789815154280,331,1872,942.0976442101158,1249.2951926239098,961.3245661159476,1341.7667140497865,2,0,terminal,0.10489067977138389,79,11,2.6,-0.0003219171989766005,29.63590724109591,29.60248769059933,0.13699999544769526,0.3878000134136528,7.97260002582334,0.5989000201225281,8.970900002168491,19,True,on_screen,0.7417420067697549,4.203917426144557,-10.551727919271745,False,False,2,2.0
1789815154312,332,1873,909.305145098644,1225.701228075165,924.910971403835,1260.5208738675515,2,0,terminal,0.10736117553715707,111,11,2.6,-0.00035225405156889995,29.887254404353147,29.603379017236215,0.14009998994879425,0.2044999855570495,8.94600001629442,0.582900014705956,9.741899993969128,19,True,on_screen,0.7417420067697549,4.232649376578081,-10.108628944218124,False,False,2,2.0
1789815154344,333,1874,837.8812727797394,1203.4251719117726,863.990182366968,1220.5538824985063,2,0,terminal,0.16099571391133904,144,11,2.6,-0.00043144714889596127,29.99745921136416,29.60434750047418,0.08830000297166407,0.20370000856928527,8.353500015800819,0.6141999911051244,9.181899979012087,19,True,on_screen,0.7417420067697549,4.70014712912905,-9.453097677789334,False,False,2,2.0
1789815154377,334,1875,842.4564747612884,1142.7435000608962,848.9165870429923,1166.0866147921793,1,0,sidebar,0.19640800400521852,0,6,2.8,-0.0003597479669433263,30.083894913316584,29.60518422112667,0.08940001134760678,0.19329998758621514,8.005799987586215,0.5606000195257366,8.76810000045225,19,True,on_screen,0.7417420067697549,5.995430435762728,-9.687956547328934,False,False,2,2.0
1789815154408,335,1876,1019.8638249574072,1207.8395765915934,968.5796535830827,1195.3136880517693,2,0,terminal,0.0,0,12,2.8,-0.0003844823030847381,30.28237067764042,29.60664577284717,0.1221999991685152,0.2072999777738005,7.358500006375834,0.658600009046495,8.23469998431392,19,True,on_screen,0.7417420067697549,7.022102185708576,-12.126086373083005,False,False,2,2.0
1789815154438,336,1877,1111.153318785983,1216.4563662847063,1068.381219225113,1210.1135628148252,2,1,terminal,0.1673510962563407,29,12,2.8,-0.0003378028856763065,30.38819300023596,29.607691416356253,0.08700002217665315,0.20009998115710914,7.063700002618134,0.590600015129894,7.86429998697713,19,True,on_screen,0.7417420067697549,7.487854009158184,-12.740254045634442,False,False,2,2.0
1789815154474,337,1878,1255.6157038233437,1222.8121642551894,1199.4453584438745,1219.0025838230802,2,1,terminal,0.3465111315221884,65,12,2.8,-0.0003911159531132906,30.337284614344018,29.607425543579726,0.3423999878577888,0.2347000117879361,7.9234000004362315,0.5724999937228858,8.740699995541945,19,True,on_screen,0.7417420067697549,7.343258458931814,-14.530240933331061,False,False,2,2.0
1789815154504,338,1879,1366.0122021303455,1172.8181344087384,1316.0421490244044,1186.673469233041,2,1,terminal,0.40471299712179853,95,12,2.8,-0.00044974804131819347,30.564007528528442,29.60881921639775,0.3173000004608184,0.21959998412057757,8.041799999773502,0.5864000122528523,8.858199988026172,19,True,on_screen,0.7417420067697549,6.333600077138101,-11.194010376480245,False,False,2,2.0
1789815154551,339,1880,1464.7308817031007,1063.847412204277,1420.1242618994918,1100.6952293129061,1,1,main_file,0.6437046455092205,0,8,3.0,-0.00044589788436567336,29.592060503410963,29.602526545404086,0.11779999476857483,0.21769999875687063,7.442800007993355,0.48499999684281647,8.155100018484518,19,True,on_screen,0.7417420067697549,5.439914764410247,-11.00590671118439,False,False,2,2.0
1789815154585,340,1881,1466.436372458034,957.4290241417599,1452.5427392904712,1000.4088856931038,1,1,main_file,0.8212326797454028,33,8,3.0,-0.0003150590217024362,29.701139128578696,29.602797174436088,0.595899997279048,0.20640000002458692,7.970399979967624,0.5780000064987689,8.763499994529411,19,True,on_screen,0.7417420067697549,4.675120465732107,-10.979111831801497,False,False,2,2.0
1789815154616,341,1882,1463.7805703266106,851.9040542755048,1460.4092210157687,896.4555037007844,1,1,main_file,0.9634040622378414,64,8,3.0,-0.0001307745799749866,29.911342864082606,29.603947939711425,0.11370002175681293,0.21830000332556665,7.83469999441877,0.5661999748554081,8.629399992059916,19,True,on_screen,0.7417420067697549,4.710792046061215,-11.373341605702839,False,False,2,2.0
1789815154647,342,1883,1092.1054123003469,860.9128514911861,1202.5965549149735,871.5756471540656,1,1,main_file,0.5775925827677728,95,8,3.0,0.00012646764919908675,30.038144506376256,29.604737542856146,0.08899997919797897,0.21860000560991466,7.890800014138222,0.5195000267121941,8.639700012281537,19,True,on_screen,0.7417420067697549,5.470195049062596,-10.688323954075415,False,False,2,2.0
1789815154680,343,1884,886.5394129146156,780.0524728484378,981.356555514723,807.509425140126,1,0,sidebar,0.09932591793241086,0,7,3.0,0.00032618784672106514,30.16029715000637,29.605823074427068,0.08689999231137335,0.21100000594742596,7.279799989191815,0.5942999850958586,8.094499993603677,19,True,on_screen,0.7417420067697549,6.131710083556186,-10.136645829256477,False,False,2,2.0
1789815154713,344,1885,857.3616687077198,553.8348551157728,894.5601347498207,629.9372261230787,0,0,sidebar,0.06397078999773254,32,7,3.0,0.0005986621773061262,30.14931892812272,29.605878519367042,0.08399999933317304,0.21040000137872994,7.720399997197092,0.53190000471659,8.475100010400638,19,True,on_screen,0.7417420067697549,6.851719064876278,-9.920739152857612,False,False,2,2.0
1789815154745,345,1886,925.4801651354994,423.2415535019082,916.2041560197957,485.2502552882594,0,0,sidebar,0.16275874585366346,64,7,3.0,0.0006057166898466113,30.39219355441279,29.60709130840475,0.07599999662488699,0.19929997506551445,8.178699994459748,0.5591000081039965,8.947300026193261,19,True,on_screen,0.7417420067697549,7.178995712080024,-9.33773690024858,False,False,2,2.0
1789815154777,346,1887,975.9914335584418,369.1589005941555,958.055250296848,403.9863070023867,0,0,sidebar,0.13568820652310432,96,7,3.0,0.0005502309661361733,30.450176804559014,29.60787769254321,0.17670000670477748,0.20760000916197896,7.964999997057021,0.5592999805230647,8.74290001229383,19,True,on_screen,0.7417420067697549,7.3304891532715715,-8.393529333147075,False,False,2,2.0
1789815154809,347,1888,910.531422939728,411.4165280397617,937.7187720667498,407.16586001346707,0,0,sidebar,0.16949732470093803,128,7,3.0,0.0004272700185530224,30.5140415130178,29.608215111678675,0.09359998512081802,0.18919998547062278,8.831400016788393,0.5956999957561493,9.625100006815046,19,True,on_screen,0.7417420067697549,7.5314773401166235,-6.807214923025701,False,False,2,2.0
1789815154856,348,1889,1006.5924244483685,461.5252696044933,985.9303287338829,445.21744672718546,0,0,sidebar,0.0701012828722094,175,7,3.0,0.00028938184314252456,29.574097098227377,29.60245148791928,0.11470000026747584,0.2136999974027276,7.595599978230894,0.6419999990612268,8.460800017928705,19,True,on_screen,0.7417420067697549,7.464019656376365,-5.966033037366967,False,False,2,2.0
1789815154889,349,1890,1210.6439257884583,425.52973533614147,1143.2298466720856,431.43604875345466,0,1,main_file,0.42658795827532214,0,9,3.2,0.00022864474309259968,29.698826391075997,29.60295191113483,0.523900002008304,0.19979997887276113,7.98429999849759,0.522699992870912,8.717599994270131,19,True,on_screen,0.7417420067697549,7.249699117756791,-5.96208603145866,False,False,2,2.0
1789815154922,350,1891,2068.4884424484335,358.7606835142038,1790.910863715529,380.563293085979,0,1,main_file,0.3639304168847507,32,9,3.2,0.0001295616334512622,29.699740817348097,29.603081213930924,0.13520001084543765,0.225499999942258,7.798700011335313,0.5238000012468547,8.55779999983497,19,True,on_screen,0.7417420067697549,7.57434918889868,-5.137626307752509,False,False,2,2.0
1789815154951,351,1892,2162.03378077047,368.4888729467198,2050.696905653988,372.11119898849756,0,2,ai_agent,0.3698862716367459,0,0,3.2,0.00013054730189796838,30.059526125958776,29.60505365651672,0.07430001278407872,0.19309998606331646,7.32510001398623,0.5201999738346785,8.04809998953715,19,True,on_screen,0.7417420067697549,7.800192753112469,-4.824237025442834,False,False,2,2.0
1789815154984,352,1893,2145.5064893718663,286.10169325810256,2117.0636142565027,311.90454497722106,0,2,ai_agent,0.4997044675868859,32,0,3.2,0.00011342602599251177,30.168702449245746,29.605663309094528,0.08510000770911574,0.21279999054968357,7.670499995583668,0.5144000169821084,8.407699991948903,19,True,on_screen,0.7417420067697549,7.879947761158405,-4.334888825978349,False,False,2,2.0
1789815155017,353,1894,2126.196081766897,192.16035404666803,2123.4563415137786,228.08361132583394,0,2,ai_agent,0.4951905403624375,65,0,3.2,0.00023831041280011206,30.17629710214201,29.605977962786714,0.11959997937083244,0.229199999012053,7.703500014031306,0.4986999847460538,8.441400015726686,19,True,on_screen,0.7417420067697549,7.886498893527971,-4.378165002059775,False,False,2,2.0
1789815155048,354,1895,2143.8169801085874,137.64219511033045,2137.708788530145,164.7746199749815,0,2,ai_agent,0.47866198079746114,97,0,3.2,0.0003455186721992836,30.385660542401432,29.607450423193267,0.11029999586753547,0.20749997929669917,7.310700020752847,0.517400010721758,8.04659997811541,19,True,on_screen,0.7417420067697549,7.9839019478357045,-4.066881654662726,False,False,2,2.0
1789815155080,355,1896,2143.6027787186094,109.60175734548817,2140.602246980694,137.6893381011322,0,2,ai_agent,0.45941278622445414,128,0,3.2,0.0004064726243852689,30.497643473255692,29.60839894081345,0.10299999848939478,0.2602999738883227,7.109800004400313,0.6503000040538609,8.029800024814904,19,True,on_screen,0.7417420067697549,8.012894122707479,-3.9098902643928093,False,False,2,2.0
1789815155113,356,1897,2089.520415085219,63.51937927676376,2104.8449646538616,85.7703669240743,0,2,ai_agent,0.3556864733256705,161,0,3.2,0.0004514963849450368,30.469547508508864,29.608095279659572,0.11419999646022916,0.21719999494962394,8.31919998745434,0.8200000156648457,9.366899990709499,19,True,on_screen,0.7417420067697549,7.733249249826827,-4.4135704791330035,False,False,2,2.0
1789815155159,357,1898,2094.2855869308205,33.99725311482718,2099.8996668700784,61.52334482714253,0,2,ai_agent,0.32280936457937826,207,0,3.2,0.000521636332906002,29.551579551502527,29.602376311569145,0.11379999341443181,0.20989999757148325,7.73539999499917,0.5946999881416559,8.555399981560186,19,True,on_screen,0.7417420067697549,7.626115355089951,-4.543554400681431,False,False,2,2.0
1789815155191,358,1899,2076.369636428153,56.42618940799067,2094.652485955036,60.386682607244786,0,2,ai_agent,0.314289677717863,240,0,3.2,0.0005555565146453095,29.74441176179853,29.603382948022553,0.08860000525601208,0.19099999917671084,7.597099989652634,0.5904000136069953,8.388499991269782,19,True,on_screen,0.7417420067697549,7.611188631399102,-4.672097882334671,False,False,2,2.0
1789815155224,359,1900,2094.0357687766664,82.13253635081658,2094.527168422913,64.80546129646316,0,2,ai_agent,0.31890582938188494,273,0,3.2,0.0005105410624508897,29.872188672369322,29.60418360464647,0.10179998935200274,0.19720001728273928,7.466699986252934,0.524200004292652,8.19759999285452,19,True,on_screen,0.7417420067697549,7.432851348394877,-4.173593128747378,False,False,2,2.0
1789815155255,360,1901,2054.906310221849,97.75132222211579,2076.4141176954045,79.8669737750533,0,2,ai_agent,0.30859031338165543,304,0,3.2,0.0005126294747352326,30.002594673718875,29.604875530868256,0.08339999476447701,0.2133999951183796,7.572400005301461,0.6043000030331314,8.400199993047863,19,True,on_screen,0.7417420067697549,7.349817361775706,-4.254050198973129,False,False,2,2.0
1789815155288,361,1902,2009.5350405224524,108.78458509744974,2033.669900319655,98.34899710135377,0,2,ai_agent,0.26124563094624664,337,0,3.2,0.000516197343961208,30.12746216495973,29.604718268623007,0.11190000805072486,0.2136999974027276,9.758900007000193,0.5381999944802374,10.520999989239499,19,True,on_screen,0.7417420067697549,7.179004691960273,-4.432053437802578,False,False,2,2.0
1789815155321,362,1903,1948.264924299794,84.79764456583881,1973.8864171057523,88.8630503264933,0,2,ai_agent,0.1598562986220382,370,0,3.2,0.0006115399661509157,30.223356725574572,29.606311557822416,0.27049999334849417,0.21890000789426267,7.8748999803792685,0.5681000184267759,8.6717999947723,19,True,on_screen,0.7417420067697549,6.982205237498249,-4.616124110039183,False,False,2,2.0
1789815155353,363,1904,1933.5286636601015,62.8252761787172,1956.6415538480192,77.7371125232698,0,2,ai_agent,0.12382145906649744,401,0,3.2,0.0006527906757740742,30.18829823893537,29.606527415782825,0.1060000213328749,0.2060999977402389,7.7123999944888055,0.5746999813709408,8.504099998390302,19,True,on_screen,0.7417420067697549,6.863652713369618,-4.764163680254384,False,False,2,2.0
1789815155385,364,1905,1915.653199244973,37.689970258586726,1935.8841612219096,57.45637025898006,0,2,ai_agent,0.07485041170975704,434,0,3.2,0.0006389566122111962,30.248447304242276,29.606888223916037,0.10489998385310173,0.2584999892860651,8.10429998091422,0.6455999973695725,9.017800010042265,19,True,on_screen,0.7417420067697549,6.734390863814497,-4.882049087327318,False,False,2,2.0
1789815155416,365,1906,1932.8182054132674,32.28161222043407,1935.1668517726703,51.56649677402491,0,2,ai_agent,0.06886786250374566,464,0,3.2,0.0006198585295275599,30.534455216887697,29.60878935016054,0.10450000991113484,0.215300009585917,7.672499981708825,0.5594000103883445,8.45689998823218,19,True,on_screen,0.7417420067697549,6.621797164829218,-4.994129666740708,False,False,2,2.0
1789815155447,366,1907,1986.829588780159,12.43918463042507,1964.636058518731,29.247686006986825,0,2,ai_agent,0.09425371491670587,496,0,3.2,0.0006213636506137918,30.631112074947588,29.609371526628387,0.12919999426230788,0.22059999173507094,8.368599985260516,0.6195000023581088,9.218999999575317,19,True,on_screen,0.7417420067697549,6.572878889400755,-5.087578499927894,False,False,2,2.0
1789815155496,367,1908,2038.2057736148447,23.427517711024258,2012.244053045974,25.481373469010776,0,2,ai_agent,0.16066738004994907,545,0,3.2,0.000612870240741881,29.65274139955937,29.603110951831308,0.07840001489967108,0.1981999957934022,7.867999986046925,0.5758999905083328,8.652299991808832,19,True,on_screen,0.7417420067697549,6.5290809799979,-5.287829069297198,False,False,2,2.0
1789815155529,368,1909,2044.4151933105027,30.837096112437482,2021.7610607762483,27.065726817371768,0,2,ai_agent,0.1759736714105492,578,0,3.2,0.0005895881615862464,29.763812931111065,29.60417932853198,0.11389999417588115,0.21910000941716135,6.827799981692806,0.541499990504235,7.59920000564307,19,True,on_screen,0.7417420067697549,6.477239487357309,-5.227555664355592,False,False,2,2.0
1789815155560,369,1910,1280.0261249793584,393.4509027524103,1502.5466057184253,283.5353499718987,0,1,main_file,0.8857368694328578,0,10,3.4,0.0004705360462234579,29.974591209697177,29.604421106269196,0.0847000046633184,0.20030001178383827,8.695900003658608,0.5699999746866524,9.475300001213327,19,True,on_screen,0.7417420067697549,6.21634450971365,-5.775754512230377,False,False,2,2.0
1789815155596,370,1911,749.9637614867387,1122.1535263974167,975.7386147562447,870.5680734697612,1,0,sidebar,0.12265471705562259,0,8,3.6,-1.6914022264316944e-05,29.815976565133475,29.604227587803184,0.12469998910091817,0.24569997913204134,7.645700010471046,0.5480999825522304,8.450599998468533,19,True,on_screen,0.7417420067697549,5.546425775428588,-6.840047477613448,False,False,2,2.0
1789815155625,371,1912,551.0876751474889,1270.6167548129126,678.4829570301156,1150.6021504099672,1,0,sidebar,0.43522865425375434,29,8,3.6,1.4211086246477059e-05,30.185450583260064,29.603987704206,0.08439997327513993,0.21559998276643455,12.10920000448823,0.5776000034529716,12.911600002553314,19,True,on_screen,0.7417420067697549,5.486219920227228,-7.1511554297016335,False,False,2,2.0
1789815155656,372,1913,654.8425594331942,1182.6413826811504,670.0371581288219,1162.0485278071683,1,0,sidebar,0.42812606154473,59,8,3.6,5.3413445108009897e-05,30.360018616732276,29.60594867667864,0.14340001507662237,0.3657999914139509,8.493300003465265,2.217500004917383,11.093499982962385,19,True,on_screen,0.7417420067697549,5.5229142600638,-7.292486474828359,False,False,2,2.0
1789815155688,373,1914,699.5920644112613,1048.8690004444777,690.7255925265295,1082.822858653285,1,0,sidebar,0.5071374823819184,92,8,3.6,0.0002616899192348088,30.443985805747392,29.607829311226407,0.11019999510608613,0.21319999359548092,7.794600009219721,0.6935999845154583,8.712300012120977,19,True,on_screen,0.7417420067697549,5.623246965661508,-7.3545016187220815,False,False,2,2.0
1789815155719,374,1915,734.8112468047108,960.5517316037236,721.5855505212564,997.2330697185921,1,0,sidebar,0.5399280572882822,123,8,3.6,0.00037233047500963984,30.57452301049861,29.6089491658888,0.08680002065375447,0.3132999991066754,7.447799987858161,0.7726000039838254,8.54439998511225,19,True,on_screen,0.7417420067697549,5.664882526900357,-7.621462246085007,False,False,2,2.0
1789815155753,375,1916,755.1389539655147,883.554312920604,745.0729329322372,917.6579399600005,1,0,sidebar,0.5306675171548563,157,8,3.6,0.00042579766611133656,30.576016596664108,29.609440904092168,0.07920002099126577,0.19459999748505652,7.785199995851144,0.5637000140268356,8.551999984774739,19,True,on_screen,0.7417420067697549,5.71850110114508,-7.789753074478276,False,False,2,2.0
1789815155802,376,1917,766.1559414153138,806.3915542237459,759.8310388703908,839.7714699446223,1,0,sidebar,0.49431173788668836,206,8,3.6,0.0004753553698072493,29.55770803698995,29.60274876207529,0.10750000365078449,0.20229999790899456,7.189199997810647,0.5221999890636653,7.9246000095736235,19,True,on_screen,0.7417420067697549,5.77013490137557,-8.009679240974364,False,False,2,2.0
1789815155832,377,1918,743.4757335305247,781.7121543894153,751.1278488260991,808.8762193443906,1,0,sidebar,0.49467920409614263,236,8,3.6,0.0004921238442224408,29.898035642784166,29.603898144992552,0.10149998706765473,0.19540000357665122,8.119499980239198,0.5241000035312027,8.850700018228963,19,True,on_screen,0.7417420067697549,5.81203445102318,-8.11250553177187,False,False,2,2.0
1789815155864,378,1919,377.62647648596777,747.5323321733291,489.6768881880072,765.9354983246476,1,0,sidebar,0.7625369943099346,268,8,3.6,0.0005177385971284667,30.031397218580672,29.604866424181882,0.08709999383427203,0.2075999800581485,7.726900017587468,0.5355000030249357,8.49120001657866,19,True,on_screen,0.7417420067697549,5.902256130957653,-8.10480388502374,False,False,2,2.0
1789815155896,379,1920,144.71346086497968,736.1208967355047,248.20248906188795,745.0652772122476,1,0,sidebar,0.5074371640862314,299,8,3.4,0.0005814373130573411,30.097662891877203,29.605205061337028,0.12539999443106353,0.25599999935366213,8.123400009935722,0.5576999974437058,8.948100003181025,19,True,on_screen,0.7417420067697549,6.053596052109242,-8.287720037388135,False,False,2,2.0
1789815155929,380,1921,74.78150636882447,695.8580040548974,126.80780117674352,710.6201860021024,1,0,sidebar,0.2919901746480511,332,8,3.4,0.0006432019369835406,30.22406921649106,29.606165395013146,0.10979999206028879,0.22390001686289907,7.96659998013638,0.535300001502037,8.735400013392791,19,True,on_screen,0.7417420067697549,6.229031428994233,-8.246793649027804,False,False,2,2.0
1789815155960,381,1922,26.823593786786084,680.7224815218551,56.81885600377332,689.6917928659293,1,0,sidebar,0.16514778378757278,364,8,3.4,0.0006871054124487092,30.35698295496416,29.60610102319693,0.08659999002702534,0.19950000569224358,10.233700013486668,0.5189999938011169,10.960600018734112,19,True,on_screen,0.7417420067697549,6.342356064283848,-8.256613494159511,False,False,2,2.0
1789815155993,382,1923,-46.357520616630524,640.2204245408835,-15.404607630509368,655.0618350383972,-1,-1,off_screen,0.0,0,7,3.6,0.0007575215193978569,30.28252790730233,29.606961990736195,0.12959999730810523,0.22399998852051795,8.284300012746826,0.5586000042967498,9.079100011149421,19,True,gaze_outside_screen,0.7417420067697549,6.460888249633257,-8.096735820152627,False,False,2,2.0
1789815156024,383,1924,-48.24227809327025,588.8997780016388,-36.67206562890519,612.2116952663805,-1,-1,off_screen,0.0,30,7,3.6,0.0007898209679612096,30.56443731483002,29.60884903727308,0.23999999393709004,0.20520001999102533,7.7763999870512635,0.5117999971844256,8.50299999001436,19,True,gaze_outside_screen,0.7417420067697549,6.486068417092241,-8.23680393748134,False,False,2,2.0
1789815156059,384,1925,-64.48952856957729,546.5418047739488,-54.084488546795114,571.1054337548801,-1,-1,off_screen,0.0,65,7,3.6,0.0008224982341670326,30.3390102022843,29.608000607784426,0.12129999231547117,0.21349999587982893,7.921799988253042,0.6716999923810363,8.816800022032112,19,True,gaze_outside_screen,0.7417420067697549,6.614781505205457,-8.145766871860411,False,False,2,2.0
1789815156104,385,1926,-70.19748419844389,500.11166897476113,-64.37396669645553,525.7700530932204,-1,-1,off_screen,0.0,111,7,3.6,0.0008535171614869157,29.56232833187243,29.601736758178948,0.08779999916441739,0.20310000400058925,11.291799979517236,0.5499999970197678,12.053999991621822,19,True,gaze_outside_screen,0.7417420067697549,6.742329590927994,-8.220926078322371,False,False,2,2.0
1789815156136,386,1927,-104.95956695648488,482.7925455139991,-85.55314447329754,503.34268310006695,-1,-1,off_screen,0.0,142,7,3.6,0.0008630698631057789,29.70069109837865,29.603996843753727,0.13050000416114926,0.20710000535473228,7.807600020896643,0.5273999995552003,8.55180001235567,19,True,gaze_outside_screen,0.7417420067697549,6.756245338486053,-8.264209538411722,False,False,2,2.0
1789815156169,387,1928,-126.63142927854572,439.46374982629834,-112.88787220799054,460.835717259127,-1,-1,off_screen,0.0,175,7,3.6,0.0009026998920864029,29.742425245798376,29.604324915480156,0.11570000788196921,0.2504000149201602,7.492000004276633,0.6544999778270721,8.406400011153892,19,True,gaze_outside_screen,0.7417420067697549,6.734636686981759,-8.160221230950341,False,False,2,2.0
1789815156199,388,1929,-164.80810851700812,414.12426294108866,-144.7328346588103,432.1855296920346,-1,-1,off_screen,0.0,205,7,3.6,0.0008617034277255149,30.02341224658055,29.60559654496761,0.09190000128000975,0.19690001499839127,7.9221999912988394,0.5369000136852264,8.666599984280765,19,True,gaze_outside_screen,0.7417420067697549,6.42889564228301,-8.26562974453395,False,False,2,2.0
1789815156232,389,1930,-217.10868637751355,379.13186418770584,-195.39593086190257,395.0479638390044,-1,-1,off_screen,0.0,239,7,3.6,0.0008667897631930658,30.024308512815168,29.60567029640987,0.09809999028220773,0.2818999928422272,8.197099989047274,0.4955999902449548,8.98440001765266,19,True,gaze_outside_screen,0.7417420067697549,6.063658071857418,-8.467833632916646,False,False,2,2.0
1789815156263,390,1931,-182.118188888199,384.9743790205595,-193.27410321764043,393.4381712412173,-1,-1,off_screen,0.0,269,7,3.6,0.0008271732311096059,30.295371525637073,29.607190244905436,0.0889000075403601,0.2142000012099743,8.108599984552711,0.5317000031936914,8.864700008416548,19,True,gaze_outside_screen,0.7417420067697549,6.028120342676942,-8.661388675754928,False,False,2,2.0
1789815156296,391,1932,-187.64524698589838,418.7937849071979,-191.92779024719712,399.5027410484115,-1,-1,off_screen,0.0,302,7,3.6,0.0007867951950298463,30.381827207914807,29.608288413075297,0.14369998825713992,0.1976999919861555,7.370400009676814,0.550499971723184,8.127600012812763,19,True,gaze_outside_screen,0.7417420067697549,5.971354021412623,-8.699520323653264,False,False,2,2.0
1789815156329,392,1933,-172.3511637546009,430.4373701550099,-185.46950854235007,409.7080003294694,-1,-1,off_screen,0.0,335,7,3.6,0.0007577658808271635,30.350105370708786,29.608632241257226,0.11160000576637685,0.20500001846812665,7.133799983421341,0.533199985511601,7.882000005338341,19,True,gaze_outside_screen,0.7417420067697549,5.939319298350398,-8.828130399636017,False,False,2,2.0
1789815156360,393,1934,-166.34838230424458,439.8534017873144,-179.30998475473987,419.4187942991584,-1,-1,off_screen,0.0,366,7,3.6,0.0007343019732641339,30.580934153809917,29.609601930321922,0.08950001210905612,0.32890000147745013,8.036899991566315,0.5219000158831477,8.896799990907311,19,True,gaze_outside_screen,0.7417420067697549,5.93168904692422,-8.74142337462045,False,False,2,2.0
1789815156408,394,1935,-125.5450649156347,464.82608269399674,-146.08889941651557,447.4757393714565,-1,-1,off_screen,0.0,414,7,3.6,0.0006534677419633185,29.60139340036233,29.603520825827975,0.11710001854225993,0.20290000247769058,7.2653999959584326,0.5052999767940491,7.983499992405996,19,True,gaze_outside_screen,0.7417420067697549,5.767131814563584,-8.708628690920861,False,False,2,2.0
1789815156442,395,1936,-118.46577154824459,464.17848213574706,-137.99589842535033,452.36929503217686,-1,-1,off_screen,0.0,448,7,3.6,0.0006848780610184974,29.634145942682483,29.60359147224201,0.0934000127017498,0.202000024728477,7.388100028038025,0.5006999999750406,8.19469999987632,19,True,gaze_outside_screen,0.7417420067697549,5.6526994526270755,-8.734663972880165,False,False,2,2.0
1789815156471,396,1937,-127.8970924550543,453.7019311231608,-136.7840417089148,452.52921136309493,-1,-1,off_screen,0.0,477,7,3.6,0.000655249782205037,29.947775979175876,29.605268115161692,0.11249998351559043,0.2482999989297241,6.961300008697435,0.5336999893188477,7.753600017167628,19,True,gaze_outside_screen,0.7417420067697549,5.531346811926909,-8.775074370862676,False,False,2,2.0
1789815156503,397,1938,-131.21054200087036,467.4226384848855,-135.9297191619646,454.8121199946573,-1,-1,off_screen,0.0,509,7,3.6,0.0007007330199508121,30.081058014487702,29.605774728271854,0.10189999011345208,0.2744000230450183,7.5465000118128955,0.6120000034570694,8.442299993475899,19,True,gaze_outside_screen,0.7417420067697549,5.5091667199777135,-8.75257618622596,False,False,2,2.0
1789815156537,398,1939,-159.41764525055288,455.33666183445894,-141.05091391031823,454.92648858152836,-1,-1,off_screen,0.0,543,7,3.6,0.0006797445745235931,30.03264416871101,29.6060079791132,0.11069999891333282,0.20940002286806703,7.182200002716854,0.5147000192664564,7.9163000045809895,19,True,gaze_outside_screen,0.7417420067697549,5.468334959475243,-8.68770276955265,False,False,2,2.0
1789815156567,399,1940,-222.33578732934077,442.9078009326331,-197.950325303634,446.5134072273017,-1,-1,off_screen,0.0,573,7,3.6,0.0006713577117298721,30.33955290739131,29.6072390957125,0.10959999053739011,0.4175999783910811,7.806000008713454,0.5254999850876629,8.758600015426055,19,True,gaze_outside_screen,0.7417420067697549,5.4941440135993105,-8.654866543985966,False,False,2,2.0
1789815156600,400,1941,-288.0,455.31876525450815,-260.9850975910902,452.67715784634623,-1,-1,off_screen,0.0,606,7,3.6,0.0006663893988029107,30.392760573317076,29.607514459773764,0.09770001634024084,0.20059998496435583,8.418999990681186,0.9022000012919307,9.532199997920543,19,True,gaze_outside_screen,0.7417420067697549,5.435355167371398,-8.568431907018915,False,False,2,2.0
1789815156633,401,1942,-288.0,465.80654896219215,-268.3828573531862,456.2725097683133,-1,-1,off_screen,0.0,639,7,3.6,0.0006666156716356158,30.364127139663893,29.60848268819649,0.11229998199269176,0.20629999926313758,7.140200003050268,0.5905000143684447,7.946900004753843,19,True,gaze_outside_screen,0.7417420067697549,5.42603518171984,-8.433049049349675,False,False,2,2.0
1789815156663,402,1943,-288.0,467.50338139089814,-272.5112928778259,458.63605119807795,-1,-1,off_screen,0.0,670,7,3.6,0.0006239675250988893,30.59925918307619,29.609695313293436,0.10340000153519213,0.20670000230893493,7.681000017328188,0.5687999946530908,8.467100007692352,19,True,gaze_outside_screen,0.7417420067697549,5.390288878181934,-8.40689002716189,False,False,2,2.0
1789815156711,403,1944,-288.0,476.7107516874778,-275.92926028150043,462.6246821804215,-1,-1,off_screen,0.0,717,7,3.6,0.0005997901171559909,29.63124342997353,29.602967963116942,0.12009998317807913,0.2094999945256859,8.632799988845363,0.5048000020906329,9.356499998830259,19,True,gaze_outside_screen,0.7417420067697549,5.332382509523654,-8.299192415553287,False,False,2,2.0
1789815156744,404,1945,-288.0,480.0188908454404,-278.32208296235524,466.0727937278348,-1,-1,off_screen,0.0,750,7,3.6,0.0006208483356753489,29.681229128447487,29.6037775016786,0.10959999053739011,0.22810001973994076,7.402499992167577,0.5119999987073243,8.15179999335669,19,True,gaze_outside_screen,0.7417420067697549,5.286988648662003,-8.1685456854594,False,False,2,2.0
1789815156776,405,1946,-288.0,478.29738980730514,-279.77992139863767,467.9142525834292,-1,-1,off_screen,0.0,782,7,3.6,0.0005810582500342942,29.904079589740785,29.603546596150224,0.10629999451339245,0.21250001736916602,7.919600000604987,2.9642000154126436,11.105799989309162,19,True,gaze_outside_screen,0.7417420067697549,5.136203769972923,-8.221939643036192,False,False,2,2.0
1789815156808,406,1947,-288.0,499.467969149599,-282.21112732316146,477.24671597905945,-1,-1,off_screen,0.0,815,7,3.4,0.0005907487411522683,30.070038021704818,29.605924930507065,0.08779999916441739,0.1905999961309135,7.10290001006797,0.6166999810375273,7.920100004412234,19,True,gaze_outside_screen,0.7417420067697549,5.127971317782425,-8.080590256205507,False,False,2,2.0
1789815156839,407,1948,-288.0,482.01406404229914,-282.9057920443821,477.8187977466482,-1,-1,off_screen,0.0,845,7,3.4,0.0005318322615701591,30.186472499229463,29.605877605642505,0.11900000390596688,0.21649998961947858,9.049399988725781,0.5110000201966614,9.786499984329566,19,True,gaze_outside_screen,0.7417420067697549,4.9820628658055455,-8.246448383081383,False,False,2,2.0
1789815156872,408,1949,-288.0,481.51660213029703,-283.51709699905626,478.2625342726861,-1,-1,off_screen,0.0,878,7,3.4,0.0005365983533574727,30.181017003104994,29.607077591800575,0.08180001168511808,0.19389999215491116,6.9700999883934855,0.5320000054780394,7.7077999885659665,19,True,gaze_outside_screen,0.7417420067697549,4.92086485912921,-8.170375088082958,False,False,2,2.0
1789815156904,409,1950,-288.0,471.5683641647822,-284.0550453591695,477.45923385973765,-1,-1,off_screen,0.0,911,7,3.4,0.000532215435855533,30.351212974991174,29.607440458493794,0.10570001904852688,0.21699999342672527,8.132100017974153,0.9535000135656446,9.312499983934686,19,True,gaze_outside_screen,0.7417420067697549,4.891900059744444,-8.266227708781042,False,False,2,2.0
1789815156936,410,1951,-288.0,461.5606247761613,-284.6758434693667,474.9573479389984,-1,-1,off_screen,0.0,943,7,3.4,0.0005045349055284518,30.480388288180322,29.609104337914385,0.08769999840296805,0.19309998606331646,7.04799999948591,0.530099991010502,7.781200023600832,19,True,gaze_outside_screen,0.7417420067697549,4.835719596753677,-8.2785722411445,False,False,2,2.0
1789815156968,411,1952,-288.0,492.4017367406327,-285.2380075073168,477.907452110666,-1,-1,off_screen,0.0,974,7,3.4,0.0005131586059030774,30.573171349494082,29.6100010933837,0.18489998183213174,0.1942999952007085,7.041299977572635,0.4741000011563301,7.71920001716353,19,True,gaze_outside_screen,0.7417420067697549,4.99805846924977,-8.228455423768521,False,False,2,2.0
1789815157019,412,1953,-288.0,462.68811017395484,-285.6511447813756,475.6309515563171,-1,-1,off_screen,0.0,1026,7,3.2,0.0005018036205685032,29.496899571685702,29.602448843108125,0.09090002276934683,0.20039998344145715,7.126000011339784,0.5047000013291836,7.840499980375171,19,True,gaze_outside_screen,0.7417420067697549,4.9043073568166164,-8.14025285423162,False,False,2,2.0
1789815157048,413,1954,-288.0,490.04339709385226,-285.9851486649931,477.68038088844185,-1,-1,off_screen,0.0,1055,7,3.2,0.0005035410080942871,29.932060378118187,29.603664144596056,0.09789998875930905,0.19869999960064888,8.667800022521988,0.49259999650530517,9.36820000060834,19,True,gaze_outside_screen,0.7417420067697549,4.9952223315087565,-8.05129674101428,False,False,2,2.0
1789815157080,414,1955,-288.0,483.72449232894024,-286.22693082519396,478.40567426130167,-1,-1,off_screen,0.0,1086,7,3.2,0.0005041991974299043,29.967331107180083,29.604684409026216,0.11950000771321356,0.20790001144632697,7.151799974963069,0.4819000023417175,7.852400012779981,19,True,gaze_outside_screen,0.7417420067697549,5.054653792163236,-8.010794885323278,False,False,2,2.0
1789815157112,415,1956,-288.0,478.0267226702234,-286.4396991261707,478.3602000703723,-1,-1,off_screen,0.0,1118,7,3.2,0.0005145488946577109,30.20338100209822,29.605602025293674,0.08669999078847468,0.19790002261288464,7.943600008729845,0.4985999839846045,8.64960000035353,19,True,gaze_outside_screen,0.7417420067697549,5.111717707009433,-8.013876542116723,False,False,2,2.0
1789815157144,416,1957,-288.0,472.3029736930538,-286.6269352310302,477.63333290509405,-1,-1,off_screen,0.0,1151,7,3.2,0.0005182318326487616,30.32506875488795,29.60686364981622,0.1050999853760004,0.20020001102238894,7.0863000000827014,0.48729998525232077,7.783600012771785,19,True,gaze_outside_screen,0.7417420067697549,5.173655908110362,-7.900875060920289,False,False,2,2.0
1789815157176,417,1958,-288.0,469.51803301470227,-286.79170300330657,476.659496918247,-1,-1,off_screen,0.0,1183,7,3.2,0.000531299159741953,30.403078535632492,29.607189949116165,0.2198000147473067,0.2108000044245273,7.951999985380098,0.5089000042062253,8.681799983605742,19,True,gaze_outside_screen,0.7417420067697549,5.222954726944067,-8.065176317962788,False,False,2,2.0
1789815157207,418,1959,-288.0,468.44546987335644,-286.9366986429098,475.67381367286015,-1,-1,off_screen,0.0,1213,7,3.2,0.000554079219318342,30.48716533104328,29.608075993721258,0.11819999781437218,0.2023999986704439,7.760899985441938,0.4960999940522015,8.471100009046495,19,True,gaze_outside_screen,0.7417420067697549,5.2915987414127414,-8.12682236955769,False,False,2,2.0
1789815157240,419,1960,-288.0,464.9339586423535,-287.0642948057606,474.3850310691994,-1,-1,off_screen,0.0,1246,7,3.2,0.000550728919757118,30.549613834631117,29.609051719149964,0.08460000390186906,0.2190999803133309,7.196499995188788,0.49610002315603197,7.921799988253042,19,True,gaze_outside_screen,0.7417420067697549,5.279882953929075,-8.097198996186124,False,False,2,2.0
1789815157275,420,1961,-288.0,460.601422754013,-287.1910676219873,472.517576603156,-1,-1,off_screen,0.0,1282,7,3.2,0.0005495059959482098,30.405682636605224,29.608402887087305,0.1328999933321029,0.20589999621734023,8.043500012718141,0.5343000229913741,8.794499997748062,19,True,gaze_outside_screen,0.7417420067697549,5.2786764614837125,-8.09723163230499,False,False,2,2.0
1789815157304,421,1962,-288.0,465.1896409496153,-287.28813950734883,471.6382243247311,-1,-1,off_screen,0.0,1310,7,3.2,0.0005812773110857646,30.748510694434053,29.61055406956713,0.1345000055152923,0.20710000535473228,7.443300011800602,0.5381999944802374,8.198399998946115,19,True,gaze_outside_screen,0.7417420067697549,5.333627473789363,-8.105894924954352,False,False,2,2.0
1789815157352,422,1963,-288.0,467.0576730178215,-287.373562766467,471.08855816790197,-1,-1,off_screen,0.0,1358,7,3.2,0.0005947984694992907,29.7568367196909,29.60370866454697,0.18319999799132347,0.22620000527240336,8.527500001946464,0.5320000054780394,9.296300006099045,19,True,gaze_outside_screen,0.7417420067697549,5.384872494466151,-8.083928943019762,False,False,2,2.0
1789815157384,423,1964,-288.0,461.519170915616,-287.448735234491,469.94023169762767,-1,-1,off_screen,0.0,1391,7,3.2,0.000591290604695904,29.918024145594146,29.60507329660041,0.1315999834332615,0.2010999887716025,7.388900005025789,0.5387999990489334,8.138900011545047,19,True,gaze_outside_screen,0.7417420067697549,5.332135175314221,-8.107315283299476,False,False,2,2.0
1789815157416,424,1965,-288.0,465.79323425074114,-287.51488700635207,469.4425920040013,-1,-1,off_screen,0.0,1422,7,3.2,0.0005916064521688212,30.057660752498084,29.605850264259967,0.10579999070614576,0.2030999748967588,7.476500002667308,0.5511000053957105,8.24070000089705,19,True,gaze_outside_screen,0.7417420067697549,5.284673464747954,-8.092459936065076,False,False,2,2.0
1789815157448,425,1966,-288.0,455.57308936799245,-287.5808711531768,467.5560886319956,-1,-1,off_screen,0.0,1454,7,3.2,0.0005895046503137363,30.162063061345016,29.60679787018454,0.08769999840296805,0.20070001482963562,6.916299986187369,0.6129000103101134,7.739699998637661,19,True,gaze_outside_screen,0.7417420067697549,5.236127742263278,-8.24209924309695,False,False,2,2.0
1789815157480,426,1967,159.9885052139024,362.095826386397,25.717692303778634,393.7339050600766,0,0,sidebar,0.18053018715233404,0,9,3.4,0.000584927167652181,30.185102534763693,29.60685037795434,0.1010000123642385,0.20169999334029853,7.7778999984730035,0.5043999990448356,8.494899986544624,19,True,on_screen,0.7417420067697549,5.228622114862617,-8.063644876395285,False,False,2,2.0
1789815157513,427,1968,816.5606359346085,501.192590604539,579.3077528453596,468.95498494120034,0,0,sidebar,0.6537709082211667,32,9,3.4,0.00042135525859163074,30.271208534654182,29.60767385893241,0.11910000466741621,0.20249999943189323,7.492699980502948,0.5069999897386879,8.212099986849353,19,True,on_screen,0.7417420067697549,5.181476242228797,-7.93071594199103,False,False,2,2.0
1789815157545,428,1969,1208.0006810517898,1072.085269901784,1019.3928025898608,891.1461844136088,1,1,main_file,0.2567641593223452,0,11,3.6,-0.00011540058199367188,30.427229762799442,29.60875567687219,0.10799997835420072,0.4560000088531524,7.13839998934418,0.5372000159695745,8.141800004523247,19,True,on_screen,0.7417420067697549,4.893538443833535,-7.82865209137775,False,False,2,2.0
1789815157576,429,1970,1347.8516204159137,1383.833745735146,1249.3139750680978,1236.0274773386848,2,1,terminal,0.42470044489504466,0,13,3.8,-0.00039913218143833133,30.551368741390768,29.608644910298292,0.13749999925494194,0.21379999816417694,9.814399993047118,0.5496999947354198,10.587700002361089,19,True,on_screen,0.7417420067697549,4.712093768307653,-7.861660334863856,False,False,2,2.0
1789815157608,430,1971,1428.2212089026273,1546.0211425281927,1374.5490387522684,1453.0230429713401,2,1,terminal,0.8576694031005727,32,13,3.8,-0.00048591960490354004,30.62646522835385,29.610654729022972,0.08899997919797897,0.21050000214017928,7.182099972851574,0.4946000117342919,7.896600000094622,19,True,on_screen,0.7417420067697549,4.722789566954873,-7.899064191992013,False,False,2,2.0
1789815157656,431,1972,1452.2894309754502,1616.8145867883006,1428.9673133084957,1567.6771236432123,2,1,terminal,0.8788590285779014,79,13,3.8,-0.0005223763120590103,29.649637639279106,29.60406791478838,0.10979999206028879,0.21180001203902066,7.806699984939769,0.5150999932084233,8.543100004317239,19,True,on_screen,0.7417420067697549,4.777317159316709,-7.775273929723491,False,False,2,2.0
1789815157688,432,1973,1423.455495774875,1592.0515379457927,1427.6952094591306,1573.3026339347261,2,1,terminal,0.8686870772430657,111,13,3.8,-0.00044665181859253854,29.80486682773642,29.604787772110615,0.10599999222904444,0.20910002058371902,7.833600015146658,0.5999999993946403,8.65259999409318,19,True,on_screen,0.7417420067697549,4.824654927335985,-7.656433181647401,False,False,2,2.0
1789815157722,433,1974,1403.8079143359741,1553.2919860556476,1420.9247156482966,1567.6309173624825,2,1,terminal,0.875857404283914,145,13,3.8,-0.00036446969791927887,29.837372165340778,29.605282087444934,0.12110001989640296,0.21639998885802925,7.329599990043789,0.5720999906770885,8.12809998751618,19,True,on_screen,0.7417420067697549,4.907673976912577,-7.548781192442339,False,False,2,2.0
1789815157753,434,1975,1368.4551726891777,1485.2438455668632,1384.1960355769133,1509.959967105549,2,1,terminal,0.8998552329074565,177,13,3.8,-0.00031303315174002234,30.034215595846923,29.60642157077109,0.09960000170394778,0.19749999046325684,7.14430000516586,0.5462999979499727,7.897399977082387,19,True,on_screen,0.7417420067697549,4.972695962536363,-7.490145888986491,False,False,2,2.0
1789815157783,435,1976,1348.8208440017747,1446.517183514304,1361.6545021470793,1469.5333979895577,2,1,terminal,0.8514927494352488,207,13,3.8,-0.00025708060689427943,30.221014097451473,29.607083850816753,0.09140002657659352,0.3040999872609973,8.001900016097352,0.5195000267121941,8.83489998523146,19,True,on_screen,0.7417420067697549,5.111873926521412,-7.384428070736921,False,False,2,2.0
1789815157815,436,1977,1345.4891624304757,1402.8167173135362,1351.90410232969,1429.2920963847332,2,1,terminal,0.8004335627943978,239,13,3.6,-0.0002267459158920692,30.325945259497832,29.608061067641582,0.10289999772794545,0.22340001305565238,7.626799982972443,0.5681999900843948,8.427499997196719,19,True,on_screen,0.7417420067697549,5.248271790653007,-7.389327799774433,False,False,2,2.0
1789815157848,437,1978,1394.1302293969643,1337.5216153950669,1381.462391276782,1365.0527596919667,2,1,terminal,0.7401298623205979,272,13,3.6,-0.00020336219389878972,30.414741625600556,29.608437514936803,0.1336999994236976,0.24269998539239168,8.289300021715462,0.7730000070296228,9.316099982243031,19,True,on_screen,0.7417420067697549,5.255147073002519,-7.373834980447543,False,False,2,2.0
1789815157881,438,1979,1390.7756889541984,1307.413389331852,1386.2648239088019,1335.3308284604839,2,1,terminal,0.6939876035479233,305,13,3.6,-0.0001756836881548745,30.446512101935717,29.608337913828535,0.12000001152046025,0.23370000417344272,8.321100001921877,2.21060001058504,10.775999980978668,19,True,on_screen,0.7417420067697549,5.268667557237137,-7.291619798695597,False,False,2,2.0
1789815157915,439,1980,1389.7563804704105,1287.278770246146,1387.7612470744557,1314.7365142053654,2,1,terminal,0.6599393896463585,338,13,3.6,-0.00015747339387040156,30.336434572796843,29.608925225892495,0.1393999846186489,0.29769999673590064,8.320900000398979,0.5169999785721302,9.147100005066022,19,True,on_screen,0.7417420067697549,5.258792795228743,-7.240501764843192,False,False,2,2.0
1789815157960,440,1981,1414.402605477572,1272.4571226577693,1399.5870277740073,1295.969197427184,2,1,terminal,0.6325435101697461,384,13,3.6,-9.433154527530192e-05,29.460819196238567,29.60369257302793,0.08489997708238661,0.18989999080076814,7.685299991862848,0.5227999936323613,8.408500027144328,19,True,on_screen,0.7417420067697549,5.345968581362143,-7.127838848502157,False,False,2,2.0
1789815157991,441,1982,1387.269759639282,1281.0560825332443,1397.33760354994,1293.2457102438407,2,1,terminal,0.6270398115977107,414,13,3.6,-8.517388602979382e-05,29.752890491036503,29.605121187669283,0.08140000863932073,0.19120000069960952,7.363900018390268,0.5124000017531216,8.075199992163107,19,True,on_screen,0.7417420067697549,5.381850278148278,-7.0856876033636205,False,False,2,2.0
1789815158024,442,1983,1402.7087210957593,1320.1655408338524,1398.6899601285113,1300.0236684028027,2,1,terminal,0.6392499291934346,447,13,3.6,-9.809870704203215e-05,29.856750981129192,29.60528244352667,0.10870001278817654,0.20179999410174787,8.27759999083355,0.5243000050541013,9.011799993459135,19,True,on_screen,0.7417420067697549,5.433388188080443,-6.990604304614762,False,False,2,2.0
1789815158057,443,1984,1400.3520442109036,1341.9164312523283,1399.3136551841508,1315.7438773459762,2,1,terminal,0.6666399945597572,480,13,3.6,-0.00013368879610280333,30.014030007314588,29.606251921179528,0.10850001126527786,0.31120001222006977,7.904700003564358,0.5496999947354198,8.778099989285693,19,True,on_screen,0.7417420067697549,5.4094827461601085,-6.940747736833407,False,False,2,2.0
1789815158089,444,1985,1388.188205616106,1337.9515924274883,1396.760296849647,1320.8406830118379,2,1,terminal,0.6743980279998327,513,13,3.6,-0.0001127278129734819,30.127193211860614,29.60723391025108,0.10809997911565006,0.22479999461211264,7.375099987257272,0.6141999911051244,8.223600016208366,19,True,on_screen,0.7417420067697549,5.485732832377408,-6.7949961350249435,False,False,2,2.0
1789815158121,445,1986,1338.5129770837498,1410.6155240890455,1355.987173013519,1383.6830717658831,2,1,terminal,0.7465113396784504,545,13,3.4,-0.00011861704812660308,30.159707793676667,29.607606235184463,0.14220000593923032,0.22029998945072293,7.584700011648238,0.5032999906688929,8.317300002090633,19,True,on_screen,0.7417420067697549,5.481469315941695,-6.733145909674885,False,False,2,2.0
1789815158153,446,1987,718.0371336142117,1569.335266649935,909.4221454340039,1513.6396081847195,2,0,terminal,0.2409731370261632,577,13,3.4,-0.00018228093615600682,30.256810055202767,29.608143418992707,0.08599998545832932,0.19489999976940453,7.99319997895509,0.5545000021811575,8.752300025662407,19,True,on_screen,0.7417420067697549,5.343090334825632,-6.944896790286314,False,False,2,2.0
1789815158185,447,1988,382.00118963507134,1662.612470669303,540.2274763747512,1617.920611923928,2,0,terminal,0.7660747233826004,608,13,3.4,-0.0002617509420698473,30.419375896092166,29.60863122101756,0.15330000314861536,0.24850000045262277,9.272900002542883,0.523299997439608,10.055499995360151,19,True,on_screen,0.7417420067697549,5.111241707474846,-7.249862055194876,False,False,2,2.0
1789815158215,448,1989,218.16909457874752,1704.448385494054,314.78660911754866,1678.4900534230162,2,0,terminal,0.5703187471137904,638,13,3.2,-0.00023299001124827724,30.57017419200608,29.609673978600195,0.08120000711642206,0.1984999980777502,9.416599990800023,0.5175000114832073,10.142499988432974,19,True,on_screen,0.7417420067697549,5.326357860292546,-7.356758215905893,False,False,2,2.0
1789815158264,449,1990,77.81678805820088,1680.5784136365776,148.90773437600524,1679.951905572509,2,0,terminal,0.3342591243823262,687,13,3.2,-0.00017007029742875483,29.600434191259424,29.604131838271055,0.12549999519251287,0.21100000594742596,7.838199991965666,0.5286000086925924,8.587699994677678,19,True,on_screen,0.7417420067697549,5.642587244066846,-7.614121370147551,False,False,2,2.0
1789815158296,450,1991,104.16547820420372,1622.480469979383,120.32276585560666,1643.2345086906103,2,0,terminal,0.31603930041136374,720,13,3.2,-0.00023721404969994156,29.754355659367192,29.60350770192932,0.11550000635907054,0.20169999334029853,10.92969998717308,0.5308999971020967,11.671300017042086,19,True,on_screen,0.7417420067697549,5.5035717553627705,-7.615639248532254,False,False,2,2.0
1789815158329,451,1992,54.624981222077736,1577.111465331724,74.33431661213642,1596.9483783393898,2,0,terminal,0.2631433915005408,753,13,3.2,-0.0003088126686051351,29.826771357894245,29.605489288124815,0.10480001219548285,0.19759999122470617,7.399599999189377,0.5302000208757818,8.137299999361858,19,True,on_screen,0.7417420067697549,5.364216780015312,-7.163314177837117,False,False,2,2.0
1789815158360,452,1993,-10.51675697208347,1531.7236609071342,14.938565103182498,1551.2910761368107,2,0,terminal,0.17341135305428534,783,13,3.2,-0.00031667129731356367,30.049078612979763,29.605685396789706,0.13470000703819096,0.1976999919861555,9.526999987429008,0.5324000085238367,10.26759998057969,19,True,on_screen,0.7417420067697549,5.2692671979908425,-6.967302381106258,False,False,2,2.0
1789815158393,453,1994,-13.52167342336671,1465.0593549710866,-4.983601865401947,1490.9288713208039,-1,-1,off_screen,0.0,0,8,3.4,-0.0002976918803780145,30.018015785213105,29.606482395440757,0.21359999664127827,0.2604000037536025,7.842299994081259,0.49330000183545053,8.60510001075454,19,True,gaze_outside_screen,0.7417420067697549,5.150585999303132,-6.858386781571356,False,False,2,2.0
1789815158424,454,1995,-22.16366346598469,1393.0307810683316,-17.009644985809867,1422.4002081440733,-1,-1,off_screen,0.0,31,8,3.4,-0.0002502102977396028,30.307680094573822,29.608191507045586,0.10959999053739011,0.1908999984152615,7.424099982017651,0.4869000113103539,8.110599999781698,19,True,gaze_outside_screen,0.7417420067697549,5.37775062279448,-6.688648318438695,False,False,2,2.0
1789815158456,455,1996,-23.992006520069765,1383.996551383958,-19.457505086599575,1408.9367432910644,-1,-1,off_screen,0.0,63,8,3.4,-0.0002608900867245977,30.335577284177603,29.608370937963873,0.1194999786093831,0.22639997769147158,8.003099996130913,0.5421999958343804,8.782300021266565,19,True,gaze_outside_screen,0.7417420067697549,5.511473520429888,-6.5108238994127206,False,False,2,2.0
1789815158488,456,1997,-27.267765940818077,1373.4487792812793,-22.016009312983115,1397.311509819414,-1,-1,off_screen,0.0,95,8,3.4,-0.00024339172677062017,30.373904741020397,29.608963639429557,0.09009998757392168,0.2159999858122319,7.892199995694682,0.5357000045478344,8.652900025481358,19,True,gaze_outside_screen,0.7417420067697549,5.421568030021575,-6.594108093636106,False,False,2,2.0
1789815158519,457,1998,-48.3179118772894,1369.736418684093,-31.02917068015349,1387.8620509633704,-1,-1,off_screen,0.0,126,8,3.4,-0.0002570558342212242,30.58062377252881,29.610189107340105,0.08520000847056508,0.21919998107478023,8.064499997999519,0.5141999863553792,8.808699989458546,19,True,gaze_outside_screen,0.7417420067697549,5.428011059341372,-6.564646360134071,False,False,2,2.0
1789815158567,458,1999,-53.197657345847375,1336.9522761446617,-41.919653632444984,1362.852132914876,-1,-1,off_screen,0.0,174,8,3.4,-0.00023141059556518705,29.611596053551988,29.60420287031883,0.09809999028220773,0.19449999672360718,7.612899993546307,0.5355000030249357,8.363000000827014,19,True,gaze_outside_screen,0.7417420067697549,5.444430920722425,-6.5327232863339635,False,False,2,2.0
1789815158601,459,2000,-48.83230016557456,1328.3150743206365,-44.11836230787188,1351.8669147367232,-1,-1,off_screen,0.0,208,8,3.4,-0.00022807412262929906,29.57898570136191,29.60398205530973,0.10050000855699182,0.19489999976940453,7.717100001173094,0.5776999751105905,8.499399991706014,19,True,gaze_outside_screen,0.7417420067697549,5.472786051083091,-6.53974474530667,False,False,2,2.0
1789815158632,460,2001,-53.93391960797891,1330.969696330767,-46.22449631896312,1347.3829775463705,-1,-1,off_screen,0.0,239,8,3.4,-0.00022894433021945944,29.921776646577204,29.60498389561772,0.08769999840296805,0.19630001042969525,8.986300003016368,0.5027999868616462,9.694500011391938,19,True,gaze_outside_screen,0.7417420067697549,5.448859171285278,-6.534165968033578,False,False,2,2.0
1789815158663,461,2002,-65.23445552982916,1330.6793594604019,-50.66316287406452,1343.482822363239,-1,-1,off_screen,0.0,270,8,3.4,-0.00021634967861372013,30.09437627655406,29.60652363687337,0.12429998605512083,0.3816999960690737,7.457200001226738,0.5092000064905733,8.357999991858378,19,True,gaze_outside_screen,0.7417420067697549,5.540432088936456,-6.416201453027856,False,False,2,2.0
1789815158696,462,2003,-76.06926022722305,1341.9796985245757,-56.6266105063155,1343.1300015355434,-1,-1,off_screen,0.0,303,8,3.4,-0.000228337181062346,30.19303835744587,29.606892438441477,0.09469999349676073,0.20089998724870384,8.377299993298948,0.5265999934636056,9.117600013269112,19,True,gaze_outside_screen,0.7417420067697549,5.479770317704066,-6.468587411340508,False,False,2,2.0
1789815158728,463,2004,-86.0225981125224,1358.6221020446833,-65.47674617702104,1347.7941479886854,-1,-1,off_screen,0.0,335,8,3.4,-0.0002501045315803623,30.316234315710958,29.60801785596605,0.11170000652782619,0.22079999325796962,7.666499994229525,0.6017000123392791,8.498899987898767,19,True,gaze_outside_screen,0.7417420067697549,5.387971681128647,-6.471752183499121,False,False,2,2.0
1789815158760,464,2005,-96.10459651283655,1356.292744825224,-74.32069420435275,1350.2481611794087,-1,-1,off_screen,0.0,367,8,3.4,-0.0002789248847637083,30.38101750555125,29.608551513199725,0.17579999985173345,0.42409999878145754,7.81399998231791,0.5030000174883753,8.757500007050112,19,True,gaze_outside_screen,0.7417420067697549,5.314543752819702,-6.4836146783208815,False,False,2,2.0
1789815158793,465,2006,-117.56820784845739,1359.9465055976966,-91.43305812273255,1354.0856441953636,-1,-1,off_screen,0.0,400,8,3.4,-0.00030278025876281055,30.39138953553447,29.609065864963192,0.09509999654255807,0.20559999393299222,7.711200014455244,0.6248000136110932,8.551399980206043,19,True,gaze_outside_screen,0.7417420067697549,5.243279216202552,-6.527948654810321,False,False,2,2.0
1789815158824,466,2007,-120.108113821035,1369.0488254158374,-99.84990838310993,1358.477714330351,-1,-1,off_screen,0.0,430,8,3.4,-0.00031525373166182806,30.5662068672612,29.61041431821172,0.09980000322684646,0.19609997980296612,7.401500013656914,0.5171999800950289,8.123500010697171,19,True,gaze_outside_screen,0.7417420067697549,5.242035507684335,-6.564108492804209,False,False,2,2.0
1789815158857,467,2008,-104.31049100106661,1387.1730207706494,-101.03348187732033,1366.0917430391255,-1,-1,off_screen,0.0,464,8,3.2,-0.0003229399936168723,30.564019230183295,29.61080843702418,0.1145999995060265,0.21319999359548092,7.515999983297661,0.514600018505007,8.253599982708693,19,True,gaze_outside_screen,0.7417420067697549,5.267297184463075,-6.3742094324299305,False,False,2,2.0
1789815158904,468,2009,-56.05278888279719,1366.7386548187205,-82.98067923996496,1366.3513782270988,-1,-1,off_screen,0.0,511,8,3.2,-0.00034255747701371873,29.636554244684127,29.604961066450144,0.10579999070614576,0.1920999784488231,7.778600003803149,0.4732999950647354,8.453800022834912,19,True,gaze_outside_screen,0.7417420067697549,5.131993354903585,-6.416218959685074,False,False,2,2.0
1789815158936,469,2010,-70.34409560825124,1369.0012418515323,-81.36605289257896,1366.689961799185,-1,-1,off_screen,0.0,543,8,3.2,-0.00037314600776575287,29.80214285781405,29.60579687040456,0.1999999803956598,0.20750000840052962,7.634600013261661,0.5062999844085425,8.358700026292354,19,True,gaze_outside_screen,0.7417420067697549,5.243753933933164,-6.2326710947916135,False,False,2,2.0
1789815158967,470,2011,-103.20361144987875,1365.5474627271676,-85.82448155080772,1366.4567053849519,-1,-1,off_screen,0.0,574,8,3.2,-0.0003982873575702813,29.933974679900945,29.606466649444634,0.08060000254772604,0.3144000074826181,7.626499980688095,0.516500003868714,8.466200000839308,19,True,gaze_outside_screen,0.7417420067697549,5.32515589765552,-6.1795733132460775,False,False,2,2.0
1789815159001,471,2012,-163.92034796943543,1380.6284714185997,-140.07280372399094,1376.3009463776214,-1,-1,off_screen,0.0,608,8,3.2,-0.0004379095256999907,30.05139383126628,29.606103317626204,0.08450000314041972,0.19039999460801482,10.204000020166859,0.5263000202830881,10.930399992503226,19,True,gaze_outside_screen,0.7417420067697549,5.3380222038251475,-6.1043887238797705,False,False,2,2.0
1789815159033,472,2013,-179.42459480666798,1392.9552449036985,-155.10976967557997,1382.664827486821,-1,-1,off_screen,0.0,640,8,3.2,-0.00043211141417033756,30.049374690056638,29.6071233568053,0.08430000161752105,0.23110001347959042,8.035500010009855,0.7883000071160495,9.066099999472499,19,True,gaze_outside_screen,0.7417420067697549,5.448008990007395,-6.308240338807486,False,False,2,2.0
1789815159065,473,2014,-166.81424667930472,1396.910668763163,-157.15697025008285,1385.1565316813717,-1,-1,off_screen,0.0,672,8,3.2,-0.0003789515453502708,30.162343982400962,29.60782274782275,0.10980002116411924,0.19269998301751912,8.457899995846674,0.5008000007364899,9.162100002868101,19,True,gaze_outside_screen,0.7417420067697549,5.6089463948980836,-6.382322746059105,False,False,2,2.0
1789815159096,474,2015,-133.58352926643394,1401.9940811889726,-150.91621638592414,1389.614048181632,-1,-1,off_screen,0.0,703,8,3.2,-0.0003416530239511457,30.43845324000248,29.609700388246686,0.08689999231137335,0.19430002430453897,7.517900026869029,0.5265000218059868,8.247699995990843,19,True,gaze_outside_screen,0.7417420067697549,5.677851972238756,-6.673629847955194,False,False,2,2.0
1789815159128,475,2016,-148.58891184173592,1408.8229510401882,-150.49105079626327,1393.1232427694188,-1,-1,off_screen,0.0,735,8,3.0,-0.0003013159700981684,30.492578125161906,29.610551147665927,0.11150000500492752,0.21600001491606236,7.0257000043056905,0.5339999916031957,7.7849999943282455,19,True,gaze_outside_screen,0.7417420067697549,5.800516881428763,-6.967374673842724,False,False,2,2.0
1789815159160,476,2017,-177.4524030510245,1412.9235726547377,-158.65937475959055,1399.1220334664054,-1,-1,off_screen,0.0,767,8,2.8,-0.00027591975192673736,30.58232813544623,29.611149105888835,0.08120000711642206,0.2671999973244965,7.372299995040521,0.6750000175088644,8.324099995661527,19,True,gaze_outside_screen,0.7417420067697549,5.822488618552427,-7.057979208165066,False,False,2,2.0
1789815159208,477,2018,-162.3892048268983,1394.7643139916981,-159.10695436766747,1398.5991071294404,-1,-1,off_screen,0.0,815,8,2.6,-0.0002597369556562937,29.611442449578732,29.604966018563086,0.0990999978967011,0.24580000899732113,7.6354999910108745,0.5244000058155507,8.420900005148724,19,True,gaze_outside_screen,0.7417420067697549,5.879007943900035,-7.190634775270267,False,False,2,2.0
1789815159241,478,2019,-182.7411241180393,1396.6240278109904,-164.30494283571625,1398.1647174458076,-1,-1,off_screen,0.0,848,8,2.6,-0.00023774356080758646,29.650175211171668,29.60519584178344,0.12169999536126852,0.21529998048208654,7.40220001898706,0.7087999838404357,8.334900019690394,19,True,gaze_outside_screen,0.7417420067697549,5.9664886640237,-7.345207671557549,False,False,2,2.0
1789815159272,479,2020,-185.1850876405084,1388.9856719232796,-168.73553370499792,1396.2170012943611,-1,-1,off_screen,0.0,879,8,2.6,-0.00023896237787992582,29.94896113023211,29.60605109694923,0.12129999231547117,0.22909999825060368,8.745300001464784,0.5177999846637249,9.502500004600734,19,True,gaze_outside_screen,0.7417420067697549,5.9591807451922705,-7.365392881560943,False,False,2,2.0
1789815159304,480,2021,-203.68807089866888,1384.246813611672,-180.36668588029852,1392.2336831812063,-1,-1,off_screen,0.0,911,8,2.6,-0.00023379756479936266,30.04996357102015,29.606896576870295,0.14029999147169292,0.21890000789426267,8.115400007227436,0.685499981045723,9.029200009535998,19,True,gaze_outside_screen,0.7417420067697549,6.009136730063233,-7.4063816375976534,False,False,2,2.0
1789815159336,481,2022,-195.06762745116885,1382.9341053026578,-182.80732975237996,1390.689771340403,-1,-1,off_screen,0.0,943,8,2.6,-0.00024174114724906381,30.186430443661326,29.608047784844928,0.10060000931844115,0.1914000022225082,7.602400000905618,0.5072999920230359,8.317300002090633,19,True,gaze_outside_screen,0.7417420067697549,6.084014805408515,-7.422783162691503,False,False,2,2.0
1789815159368,482,2023,-195.41569773993186,1380.498936379193,-184.77328445855042,1389.1007694988025,-1,-1,off_screen,0.0,975,8,2.6,-0.00021956822981904385,30.29398903303131,29.6088641673974,0.08019999950192869,0.20050001330673695,7.515300007071346,0.4948000132571906,8.220299991080537,19,True,gaze_outside_screen,0.7417420067697549,6.186904605845683,-7.344176359713755,False,False,2,2.0
1789815159399,483,2024,-163.99094028430147,1388.9240463710648,-180.72250135718974,1389.0663235742495,-1,-1,off_screen,0.0,1006,8,2.4,-0.00020174609485648122,30.387150630005294,29.609632356314513,0.11100000119768083,0.21379999816417694,7.285500003490597,0.6865999894216657,8.195500005967915,19,True,gaze_outside_screen,0.7417420067697549,6.209610893629986,-7.364261114862794,False,False,2,2.0
1789815159433,484,2025,-161.50866113380147,1379.4974244541802,-176.86573124959295,1387.145570426528,-1,-1,off_screen,0.0,1040,8,2.2,-0.00019910100890889286,30.377104950027768,29.60987073949023,0.16120000509545207,0.21029997151345015,7.5329000246711075,0.6458999996539205,8.400199993047863,19,True,gaze_outside_screen,0.7417420067697549,6.179053616189094,-7.45653949754054,False,False,2,2.0
1789815159464,485,2026,-167.90478590098596,1371.8050183669975,-175.34971254950935,1384.5502456156842,-1,-1,off_screen,0.0,1071,8,2.2,-0.00018909655400262126,30.568263124324115,29.611179561998316,0.09750001481734216,0.2330999996047467,7.384199998341501,0.5515000084415078,8.177499985322356,19,True,gaze_outside_screen,0.7417420067697549,6.053832060701495,-7.687763879482493,False,False,2,2.0
1789815159512,486,2027,-179.91084887514853,1364.7735974449856,-176.21978740240056,1380.7776847844991,-1,-1,off_screen,0.0,1119,8,2.2,-0.0002060746277927645,29.596086080823635,29.604879476531796,0.15869998605921865,0.22409998928196728,7.803299988154322,0.4982000100426376,8.546299999579787,19,True,gaze_outside_screen,0.7417420067697549,5.699059855514207,-8.408463873906761,False,False,2,2.0
1789815159545,487,2028,-224.73663770264565,1367.007394141464,-197.94623552443804,1374.6111776136952,-1,-1,off_screen,0.0,1152,8,2.2,-0.0001993550932529297,29.695367217659914,29.605265678971364,0.19600000814534724,0.19880000036209822,7.9956999979913235,0.5344999954104424,8.739200013224036,19,True,gaze_outside_screen,0.7417420067697549,5.385341252908233,-8.379589697074344,False,False,2,2.0
1789815159575,488,2029,-234.01170286487542,1355.5239106113806,-211.13498181277305,1367.631173183003,-1,-1,off_screen,0.0,1182,8,2.0,-0.00017913591226557946,29.920432896231198,29.60651822474889,0.08299999171867967,0.20500001846812665,7.574399991426617,0.5253999843262136,8.31470001139678,19,True,gaze_outside_screen,0.7417420067697549,5.029484810975674,-8.838850561711666,False,False,2,2.0
1789815159608,489,2030,-257.2842069982151,1356.2432175082017,-230.6598012143593,1362.8131556104372,-1,-1,off_screen,0.0,1215,8,2.0,-0.000167259519061878,30.04134635345523,29.607203607075096,0.09350001346319914,0.21499997819773853,7.622100005391985,0.5321000062394887,8.380099985515699,19,True,gaze_outside_screen,0.7417420067697549,4.764780778111316,-9.177345862263094,False,False,2,2.0
1789815159640,490,2031,-254.71842996159532,1314.785932853809,-242.10725221749595,1339.9610934626144,-1,-1,off_screen,0.0,1247,8,2.0,-0.0001428647550312384,30.175973226978883,29.608190744575456,0.10710000060498714,0.20580002455972135,7.0976999995764345,0.6960000027902424,8.008900011191145,19,True,gaze_outside_screen,0.7417420067697549,4.599545116802602,-9.590590698709695,False,False,2,2.0
1789815159673,491,2032,-281.6347207241603,1341.4610270935304,-256.14091713460004,1340.49362354282,-1,-1,off_screen,0.0,1280,8,2.0,-0.0001664782697691925,30.160603555636968,29.608145979632596,0.09910002700053155,0.20169999334029853,7.771799981128424,0.594900018768385,8.57839998207055,19,True,gaze_outside_screen,0.7417420067697549,4.534154267258145,-9.625536000497434,False,False,2,2.0
1789815159704,492,2033,-219.74614891137847,1403.1144362366958,-233.01484586509753,1380.2843255588514,-1,-1,off_screen,0.0,1311,8,1.8,-0.0002868218086598956,30.3738706610987,29.609292036089855,0.10810000821948051,0.2046999870799482,7.803100015735254,0.7108999998308718,8.72949999757111,19,True,gaze_outside_screen,0.7417420067697549,4.194067130378556,-9.541771814249149,False,False,2,2.0
1789815159737,493,2034,-138.88034827666368,1406.322529378448,-167.12069755319385,1398.511068232569,-1,-1,off_screen,0.0,1344,8,1.8,-0.00033809007137799996,30.414960119218517,29.60943133697694,0.5531999922823161,1.499100006185472,7.6289999997243285,0.5560000136028975,9.6954999899026,19,True,gaze_outside_screen,0.7417420067697549,3.864147397677783,-9.947664529657182,False,False,2,2.0
1789815159767,494,2035,65.45177432270046,1355.8502650286757,-4.319967240067847,1368.6485059898437,-1,-1,off_screen,0.0,1374,8,1.8,-0.00043603433645503405,30.582202143508447,29.611159078353765,0.10119998478330672,0.21559998276643455,7.448399992426857,0.6200000061653554,8.293599996250123,19,True,gaze_outside_screen,0.7417420067697549,3.4526608718950342,-10.20349717413321,False,False,2,2.0
1789815159816,495,2036,258.2728208762538,1298.5506394851732,179.49498444135727,1319.5799994365743,2,0,terminal,0.3807735056976621,0,14,2.0,-0.0005084436966973638,29.615039104999312,29.60510329979122,0.08599998545832932,0.19729998894035816,7.449400000041351,0.6501000025309622,8.306400006404147,19,True,on_screen,0.7417420067697549,3.2171689410737088,-10.384936834558694,False,False,2,2.0
1789815159849,496,2037,211.2703299680333,1314.53350848171,188.77557224714752,1318.106076757168,2,0,terminal,0.39339603301571924,32,14,2.0,-0.0004305116330348257,29.679903945212924,29.605459293205627,0.7136999920476228,0.19640001119114459,7.455600018147379,0.5543000006582588,8.21410000207834,19,True,on_screen,0.7417420067697549,3.5953289225104754,-9.812716593504257,False,False,2,2.0
1789815159880,497,2038,149.08146808828707,1357.9283574224064,169.03858034612426,1337.9068015152966,2,0,terminal,0.38047980410515814,64,14,2.0,-0.00044699704160573554,29.820419041595372,29.606336341706086,0.11150000500492752,0.21399999968707561,7.01089997892268,0.5472000048030168,7.782499975292012,19,True,on_screen,0.7417420067697549,4.371304324794835,-8.876633997439095,False,False,2,2.0
1789815159912,498,2039,197.57878366685378,1340.317856880433,176.51455285492875,1338.538366169003,2,0,terminal,0.3926858729602478,95,14,1.8,-0.0004985795806309729,30.076645701895135,29.607521475585486,0.11029999586753547,0.1998000079765916,7.148000004235655,0.5637999856844544,7.921900018118322,19,True,on_screen,0.7417420067697549,4.8001214067099625,-8.109169857422968,False,False,2,2.0
1789815159944,499,2040,96.34474406100344,1401.8700696753149,120.39568669918103,1382.8705586234212,2,0,terminal,0.3318495720834712,128,14,1.8,-0.0005561347616993735,30.18364434314626,29.60690928314982,0.10390000534243882,0.1976999919861555,10.279999987687916,0.5289000109769404,11.015299998689443,19,True,on_screen,0.7417420067697549,4.810492714015396,-8.626975813854962,False,False,2,2.0
1789815159975,500,2041,-18.305219458297987,1433.8349591433553,23.30505238894572,1418.545638987375,2,0,terminal,0.18044139627734612,158,14,1.6,-0.0005753874375198382,30.301855833425464,29.60913243944628,0.1092999882530421,0.2044999855570495,7.0072000089567155,0.5112999933771789,7.733400008874014,19,True,on_screen,0.7417420067697549,4.756879995240695,-8.966048295342995,False,False,2,2.0
1789815160007,501,2042,-59.171549386111835,1425.4212239100298,-34.42856885359457,1423.3585484332334,-1,-1,off_screen,0.0,0,9,1.8,-0.0006263441580360764,30.394055251974386,29.609352802838323,0.08739999611862004,0.19630001042969525,8.241900010034442,0.5184999899938703,8.967000001575798,19,True,gaze_outside_screen,0.7417420067697549,4.3300211785927445,-9.142880548883321,False,False,2,2.0
1789815160040,502,2043,-65.81769796882071,1393.559603546068,-46.57018136265707,1411.8320342483157,-1,-1,off_screen,0.0,32,9,1.8,-0.0006913213617502443,30.44973380432671,29.610179937540725,0.11760002234950662,0.23339997278526425,7.754500024020672,0.5049000028520823,8.503099990775809,19,True,gaze_outside_screen,0.7417420067697549,3.5324627124204824,-9.417774337727467,False,False,2,2.0
1789815160074,503,2044,-90.27561419708721,1396.552025741859,-64.60105619500152,1405.5281973349324,-1,-1,off_screen,0.0,66,9,1.8,-0.0007422233614485726,30.39850350270552,29.610424210193802,0.20099998801015317,0.2609000075608492,7.073999993735924,0.9565000073052943,8.3028000080958,19,True,gaze_outside_screen,0.7417420067697549,2.8417730778341195,-9.435032050189609,False,False,2,2.0
1789815160120,504,2045,-196.16845683723338,1359.6312344423334,-156.69823664456382,1373.400323310113,-1,-1,off_screen,0.0,112,9,1.8,-0.0008779585558999457,29.519278350823264,29.605277625279832,0.09290000889450312,0.20879998919554055,7.061500014970079,0.5164000031072646,7.798000006005168,19,True,gaze_outside_screen,0.7417420067697549,2.0532234404473115,-9.791208901211444,False,False,2,2.0
1789815160151,505,2046,-288.0,1359.6950936905075,-248.60947099336914,1363.8066625763893,-1,-1,off_screen,0.0,144,9,1.8,-0.0009581160776075213,29.69496011432154,29.605830447810035,0.08140000863932073,0.19120000069960952,7.620899996254593,0.49100001342594624,8.311999990837649,19,True,gaze_outside_screen,0.7417420067697549,1.6357278201222414,-10.272854544109647,False,False,2,2.0
1789815160184,506,2047,-288.0,1388.5289958701967,-264.92959097951984,1374.049516781892,-1,-1,off_screen,0.0,177,9,1.8,-0.0009945918267365208,29.843662534019426,29.606732941909605,0.09339998359791934,0.1973999897018075,7.221200008643791,0.48340001376345754,7.911400025477633,19,True,gaze_outside_screen,0.7417420067697549,1.1810568025023542,-10.671705243117763,False,False,2,2.0
1789815160216,507,2048,-288.0,1420.3972664058647,-275.5242892326406,1395.3339431456066,-1,-1,off_screen,0.0,209,9,1.8,-0.0010254889304526452,29.98069691302007,29.607489036242583,0.11010002344846725,0.19419999443925917,7.20510000246577,0.4752999811898917,7.884399994509295,19,True,gaze_outside_screen,0.7417420067697549,1.0160753924511425,-11.529183703353484,False,False,2,2.0
1789815160248,508,2049,-224.31916724223439,1624.5409892011958,-239.68070383935626,1555.778875384519,-1,-1,off_screen,0.0,240,9,1.8,-0.0011219330471408055,30.093105179698576,29.607932323720544,0.12149999383836985,0.1978000218514353,7.753299985779449,0.5127000040374696,8.474100002786145,19,True,gaze_outside_screen,0.7417420067697549,0.8081929623687643,-12.404601918808837,False,False,2,2.0
1789815160279,509,2050,-136.8586206254914,1679.041350011775,-167.70524558965087,1642.0626076235983,-1,-1,off_screen,0.0,272,9,1.8,-0.0010708264192126945,30.18838199921847,29.60863348697605,0.0858000130392611,0.1962000096682459,7.612299988977611,0.5805999971926212,8.398700010729954,19,True,gaze_outside_screen,0.7417420067697549,0.39940147346192134,-12.577286657583013,False,False,2,2.0
1789815160314,510,2051,76.44964864556667,1980.0000000000002,3.203180375001395,1878.6187822870795,-1,-1,off_screen,0.0,306,9,1.8,-0.0011897225239464373,30.138338795778626,29.608712534151955,0.11239998275414109,0.2012000186368823,7.588099979329854,0.5047000013291836,8.304000017233193,19,True,gaze_outside_screen,0.7417420067697549,-0.15661638073390804,-13.223278528108912,False,False,2,2.0
1789815160343,511,2052,1243.8871551280702,1980.0000000000002,871.6819627021495,1949.585634686124,-1,-1,off_screen,0.0,335,9,1.8,-0.0013592920316667038,30.46209924515664,29.61039631865509,0.12670000432990491,0.2059000253211707,7.412100007059053,0.5471000040415674,8.175199996912852,19,True,gaze_outside_screen,0.7417420067697549,0.7975848873369387,-12.188048178065266,False,False,2,2.0
1789815160376,512,2053,1761.247294489811,1980.0000000000002,1494.3776949535127,1970.8756904058373,-1,-1,off_screen,0.0,368,9,1.8,-0.0014680962984130654,30.544575302787955,29.611076026306062,0.11230001109652221,0.20050001330673695,7.643500022822991,0.5391000013332814,8.39339999947697,19,True,gaze_outside_screen,0.7417420067697549,1.4687660660861184,-11.209445641547338,False,True,2,2.0
1789815160423,513,2054,1928.2531434609261,1980.0000000000002,1798.0905089087023,1977.2627071217512,-1,-1,off_screen,0.0,416,9,1.8,-0.0015766302720438465,29.57834975018015,29.604126927130853,0.089899986051023,0.19990000873804092,9.85850000870414,0.4917000187560916,10.559599992120638,19,True,gaze_outside_screen,0.7417420067697549,2.278645941261658,-10.082303954397371,False,True,2,2.0
1789815160456,514,2055,2521.821506876844,1980.0000000000002,2304.7022074864017,1979.1788121365255,-1,-1,off_screen,0.0,449,9,1.8,-0.0015624969559324391,29.720828527227592,29.605716044023147,0.11439999798312783,0.2164000179618597,7.635299989487976,0.49589999252930284,8.35779999033548,19,True,gaze_outside_screen,0.7417420067697549,2.608514806416764,-9.096366400223792,False,True,2,2.0
1789815160489,515,2056,2631.1639998372857,1980.0000000000002,2533.2254621320203,1979.7536436409578,-1,-1,off_screen,0.0,482,9,1.8,-0.0013473155759743932,29.8126025793063,29.60624321480862,0.10930001735687256,0.20000000949949026,7.512800017138943,0.5364999815355986,8.260200003860518,19,True,gaze_outside_screen,0.7417420067697549,3.0480210071079625,-8.092110965946778,False,True,2,2.0
1789815160519,516,2057,2566.6552566491605,1980.0000000000002,2543.347712534219,1979.828238199208,-1,-1,off_screen,0.0,512,9,1.8,-0.0012125834050596262,30.033935142370673,29.607451383426476,0.08369999704882503,0.19719998817890882,7.119399990187958,0.6499000010080636,7.976799999596551,19,True,gaze_outside_screen,0.7417420067697549,3.145365059111242,-8.625248374858458,False,False,3,3.0
1789815160554,517,2058,2442.186616032506,1980.0000000000002,2472.53494498302,1979.9484714597625,-1,-1,off_screen,0.0,546,9,1.8,-0.0009373682125212498,29.941554862880707,29.60707978302234,0.08460000390186906,0.20139999105595052,7.550100010121241,0.5107999895699322,8.272300008684397,19,True,gaze_outside_screen,0.7417420067697549,3.2608848282332588,-9.922991093694453,False,False,3,3.0
1789815160583,518,2059,2435.480635772873,1977.4136474411623,2460.142606678917,1979.1007320888377,-1,-1,off_screen,0.0,575,9,1.6,-0.0007547056045534312,30.322755897828,29.608872517366912,0.09539999882690609,0.20989999757148325,7.465700007742271,0.5256000149529427,8.210699976189062,19,True,gaze_outside_screen,0.7417420067697549,3.746980805471054,-10.64606720094929,False,False,3,3.0
1789815160615,519,2060,2211.6317317216362,1886.5372995549558,2286.1849942088206,1914.3063293151204,-1,-1,off_screen,0.0,608,9,1.4,-0.0006967950604812156,30.422458748734254,29.609566204600902,0.12549999519251287,0.225800002226606,7.686199998715892,0.5041999975219369,8.425700012594461,19,True,gaze_outside_screen,0.7417420067697549,4.236960724811752,-11.477848244884374,False,False,3,3.0
1789815160650,520,2061,2222.8318771096224,1841.9841508302163,2241.837812239382,1863.6808043756878,-1,-1,off_screen,0.0,643,9,1.4,-0.0006695719023269309,30.34820603531065,29.60983304023372,0.1336999994236976,0.21329999435693026,7.160999986808747,0.4935000033583492,7.878400007029995,19,True,gaze_outside_screen,0.7417420067697549,4.558618361685944,-11.324892405793204,False,False,3,3.0
1789815160680,521,2062,2130.8681616483605,1824.9407844032671,2164.159056825667,1836.5627903949935,-1,-1,off_screen,0.0,673,9,1.4,-0.0006777439674686397,30.611951875791323,29.61105366904736,0.09349998435936868,0.20190002396702766,7.748400006676093,0.5033999914303422,8.464200014714152,19,True,gaze_outside_screen,0.7417420067697549,4.820646366682183,-11.675785686525911,False,False,3,3.0
1789815160712,522,2063,2033.799885029214,1784.1514602030463,2072.90763656815,1799.8748592606305,2,2,terminal,0.21604267137256405,0,15,1.6,-0.0006446293031206873,30.6688870553497,29.61194868971454,0.09620000491850078,0.20519999088719487,7.292800000868738,0.5509000038728118,8.058999985223636,19,True,on_screen,0.7417420067697549,4.887567642806857,-11.742743197478312,False,False,3,3.0
1789815160760,523,2064,1929.3445384704075,1694.1771626382247,1972.4134678997302,1725.8864716249464,2,2,terminal,0.1456673167698943,48,15,1.6,-0.0005289125830994484,29.64465306628168,29.605620007299738,0.1176999940071255,0.2018999948631972,7.076600013533607,0.48439999227412045,7.773199991788715,19,True,on_screen,0.7417420067697549,5.147123336650509,-11.896502294680092,False,False,3,3.0
1789815160792,524,2065,1881.3493205789016,1638.3653360188341,1908.6685647751501,1664.6216767006676,2,2,terminal,0.08455669703233615,80,15,1.6,-0.00047168215369986465,29.849880425738977,29.606470280889024,0.09180000051856041,0.20740000763908029,7.293200003914535,0.4881000204477459,7.998299988685176,19,True,on_screen,0.7417420067697549,5.455712023766637,-12.001922788905551,False,False,3,3.0
1789815160824,525,2066,1848.5719590424933,1445.9566252102986,1866.6009407622903,1511.5561406574093,2,1,terminal,0.2460633753578524,111,15,1.6,-0.00032042561915004986,30.01221872991383,29.60724086146512,0.08480000542476773,0.20420001237653196,7.4865999922621995,0.4852999991271645,8.185599988792092,19,True,on_screen,0.7417420067697549,5.5975000731284865,-12.646932784482543,False,False,3,3.0
1789815160857,526,2067,1752.2219851895977,1338.3847310373505,1786.5356718614055,1390.336153923368,2,1,terminal,0.35786441325631557,145,15,1.6,-0.00017841322776398875,30.131900670064404,29.60765448883022,0.0934000127017498,0.23129998589865863,8.155899995472282,0.5447999865282327,8.944300003349781,19,True,on_screen,0.7417420067697549,5.852416902545798,-12.972435593748434,False,False,3,3.0
1789815160887,527,2068,1639.1116510032855,1287.9107576623528,1683.3388572607216,1318.6383765406574,2,1,terminal,0.4638364016136598,175,15,1.6,-5.050341488726899e-05,30.24372036815119,29.606937594968894,0.09610000415705144,0.20979999681003392,11.600400001043454,0.589400005992502,12.410700001055375,19,True,on_screen,0.7417420067697549,6.032398138226142,-13.035503502301056,False,False,3,3.0
1789815160920,528,2069,1593.2385367879856,1276.6803791271439,1620.2686329298065,1289.2677783511979,2,1,terminal,0.5100738633105733,208,15,1.6,2.0312137803074268e-05,30.357932516044862,29.607666606044933,0.11789999553002417,0.2232999831903726,11.848599999211729,0.5215000128373504,12.60399998864159,19,True,on_screen,0.7417420067697549,6.1389717082951165,-13.206781473094399,False,False,3,3.0
1789815160952,529,2070,1635.0218823533653,1263.5797664078298,1624.2566618493308,1282.32391591289,2,1,terminal,0.4961651585081527,240,15,1.6,-2.3720944739341956e-05,30.341663509059618,29.609358709822487,0.11059999815188348,0.20909999147988856,8.551000006264076,0.4954999894835055,9.26590000744909,19,True,on_screen,0.7417420067697549,6.091058553155733,-13.22750261328732,False,False,3,3.0
1789815160984,530,2071,1691.0727196585303,1258.4207468516074,1665.8776997368,1267.4341612977464,2,1,terminal,0.427242459429934,272,15,1.6,-8.5273240144507e-05,30.55984697967193,29.61086503535025,0.09539999882690609,0.20209999638609588,7.9916999966371804,0.529799988726154,8.733800001209602,19,True,on_screen,0.7417420067697549,5.9082698046321696,-13.262412094811125,False,False,3,3.0
1789815161016,531,2072,1736.9654372328737,1289.7030112243294,1712.3006758439078,1281.9765609363849,2,1,terminal,0.38373614217105545,304,15,1.4,-0.00015151928561060908,30.58017956155014,29.61162899433789,0.11940000695176423,0.19829999655485153,7.509899995056912,0.47580001410096884,8.193499990738928,19,True,on_screen,0.7417420067697549,5.549298600847919,-13.242498649408358,False,False,3,3.0
1789815161064,532,2073,1714.585904891825,1269.729740952577,1712.5838345052725,1280.4590792836145,2,1,terminal,0.3816674927002195,351,15,1.4,-0.0002358624247472737,29.5996951570662,29.605083692993745,0.17690000822767615,1.4763999788556248,7.347900012973696,0.4687999899033457,9.3073999742046,19,True,on_screen,0.7417420067697549,5.141288409557774,-13.810967884713094,False,False,3,3.0
1789815161096,533,2074,1719.5753165194242,1256.3496217476666,1714.204170100373,1274.871506842609,2,1,terminal,0.37321848079199227,384,15,1.4,-0.00025780792652726515,29.816961383955586,29.60656330514907,0.2263000060338527,0.2573000092525035,7.366800011368468,0.47549998271279037,8.110499999020249,19,True,on_screen,0.7417420067697549,4.84846554469982,-14.35861067083796,False,False,3,3.0
1789815161128,534,2075,1663.6352131024857,1289.905323115806,1690.5567149545964,1281.9017387693843,2,1,terminal,0.4131446109198308,416,15,1.4,-0.0002538308007706564,29.960792678851124,29.606964999847357,0.09310001041740179,0.2164000179618597,8.24520000605844,0.4687999899033457,8.94140001037158,19,True,on_screen,0.7417420067697549,4.757175851639346,-14.763148101545164,False,False,3,3.0
1789815161160,535,2076,1642.8874365061247,1306.2835908833497,1667.94546405133,1293.466926948835,2,1,terminal,0.45658221731882365,448,15,1.4,-0.0002085557517155015,30.10349462088924,29.6073371830483,0.10640002437867224,0.19699998665601015,9.284700005082414,0.4856000014115125,9.976300003472716,19,True,on_screen,0.7417420067697549,4.71372394652991,-14.746057778226213,False,False,3,3.0
1789815161193,536,2077,1575.3161745824414,1300.2717144204055,1603.1049614231079,1298.2302781789344,2,1,terminal,0.5416394319137459,481,15,1.4,-0.0002368076405979188,30.03705773833874,29.607802376951987,0.11059999815188348,0.21049997303634882,7.930899999337271,0.5289000109769404,8.681200008140877,19,True,on_screen,0.7417420067697549,4.761819777927826,-14.815973882142766,False,False,3,3.0
1789815161224,537,2078,1564.5601982258381,1269.3002522057122,1586.580356106113,1285.8276267844703,2,1,terminal,0.5414986475997798,512,15,1.4,-0.00017631557031360344,30.366185372382947,29.609577824670026,0.11920000542886555,0.20130001939833164,7.43759999750182,0.5940999835729599,8.243000018410385,19,True,on_screen,0.7417420067697549,4.884027046724469,-14.89618663201407,False,False,3,3.0
1789815161256,538,2079,1537.20747037209,1240.0738694472532,1557.3619560172847,1258.7509921585802,2,1,terminal,0.5260371316480782,544,15,1.4,-0.00015619825750082944,30.44359959899382,29.60953934644907,0.1440000196453184,0.2628000220283866,9.146399999735877,0.5736000020988286,9.994499996537343,19,True,on_screen,0.7417420067697549,5.143041517969294,-14.885886164947829,False,False,3,3.0
1789815161288,539,2080,1510.1020542136243,1225.9715188309342,1533.3436499714949,1242.0918923222316,2,1,terminal,0.5154392796071976,576,15,1.4,-0.00016714106226592938,30.49768979442879,29.610905329708334,0.09040001896210015,0.20119998953305185,7.518500002333894,0.523599999723956,8.2525999750942,19,True,on_screen,0.7417420067697549,5.272976647846406,-14.794896596884762,False,False,3,3.0
1789815161319,540,2081,1458.5093279402388,1214.8480397183105,1481.1899162368613,1223.1050344735422,2,1,terminal,0.5054370801504946,607,15,1.4,-0.00011740336395787108,30.58892028222776,29.61167022304916,0.11970000923611224,0.20569999469444156,7.543900021119043,0.6120000034570694,8.371500007342547,19,True,on_screen,0.7417420067697549,5.361089572481831,-14.401301211263736,False,False,3,3.0
1789815161368,541,2082,1337.697677641744,1295.3788059391582,1380.745349220279,1273.6966744994734,2,1,terminal,0.5867204760030675,656,15,1.4,-0.0001258999673058158,29.62221414865319,29.605554405852754,0.1024999946821481,0.222400005441159,8.15619999775663,0.48160000005736947,8.869599987519905,19,True,on_screen,0.7417420067697549,5.63458977094794,-14.089328439866847,False,False,3,3.0
1789815161401,542,2083,1266.0008746866413,1360.058887070624,1300.4242170467326,1334.1502232992789,2,1,terminal,0.6170473001198513,689,15,1.4,-0.00015621981313646179,29.64651158915179,29.60603366133686,0.09349998435936868,0.20879998919554055,7.304900005692616,0.5006999999750406,8.02440001280047,19,True,on_screen,0.7417420067697549,5.666128258175291,-13.484233701427648,False,False,3,3.0
1789815161431,543,2084,1296.8036937696725,1351.6816780594577,1299.8075135339784,1337.1364517825477,2,1,terminal,0.6203586496049358,719,15,1.4,-0.00021970790794999945,29.947977081332738,29.607505222983406,0.08950001210905612,0.2094999945256859,6.978699995670468,0.48630000674165785,7.68509999033995,19,True,on_screen,0.7417420067697549,5.58144481788554,-13.075667686565186,False,False,3,3.0
1789815161463,544,2085,1437.115495130069,1275.9956694192767,1395.9231006512418,1294.337904128258,2,1,terminal,0.6284137037295049,751,15,1.4,-0.0003042297928250396,30.08935198700104,29.607414165681703,0.10160001693293452,0.2099999983329326,9.013100003357977,0.5578999989666045,9.790899988729507,19,True,on_screen,0.7417420067697549,5.4650090185515126,-12.860554088989593,False,False,3,3.0
1789815161498,545,2086,1459.5554925434294,1228.176678147507,1440.465774975773,1248.0250459417323,2,1,terminal,0.5548443776057969,786,15,1.4,-0.0003785502073857961,29.96573685759711,29.606737537418837,0.16339999274350703,0.2665000210981816,9.78139997459948,0.458399998024106,10.518299997784197,19,True,on_screen,0.7417420067697549,5.749792925385748,-11.363217063838093,False,False,3,3.0
1789815161528,546,2087,1499.0230066799145,1980.0000000000002,1481.4558371686721,1760.4075137825198,2,1,terminal,0.534154482247653,816,15,1.4,-0.0011962933243555816,30.385934049035974,29.6087096934978,0.1531000016257167,0.2677000011317432,9.575000003678724,0.47729999641887844,10.331899975426495,19,True,on_screen,0.7417420067697549,5.573009194346099,-9.851486674239055,False,False,3,3.0
1789815161559,547,2088,1743.8706903965817,1980.0000000000002,1665.146234428209,1914.122254134756,-1,-1,off_screen,0.0,0,10,1.6,-0.0018893055675184445,30.469852392879034,29.609237659000883,0.09139999747276306,0.20280000171624124,10.131799994269386,0.47759999870322645,10.822699987329543,19,True,gaze_outside_screen,0.7417420067697549,5.389353138274714,-7.826710473349288,False,True,3,3.0
1789815161593,548,2089,1987.4730482532416,1980.0000000000002,1890.7750041057318,1960.236676240427,-1,-1,off_screen,0.0,33,10,1.6,-0.0019331532067665917,30.39487382480393,29.60961216059391,0.15319997328333557,0.2948000037577003,9.260299993911758,0.49000000581145287,10.056300001451746,19,True,gaze_outside_screen,0.7417420067697549,5.357523874995422,-6.828310146222482,False,True,3,3.0
1789815161623,549,2090,1543.9957133364085,1980.0000000000002,1648.0295005672056,1974.0710028721282,-1,-1,off_screen,0.0,63,10,1.6,-0.0016872085244808103,30.633913727339916,29.61158091191185,0.10999999358318746,0.3201999934390187,7.802699983585626,0.5020000098738819,8.6347000033129,19,True,gaze_outside_screen,0.7417420067697549,5.291241673596488,-6.1547948894145375,False,False,4,4.0
1789815161672,550,2091,1297.9951792533116,1967.6527869130543,1403.0054756474797,1969.5782517007765,-1,-1,off_screen,0.0,112,10,1.6,-0.0015113310527695642,29.65448956064554,29.60579099239174,0.1500000071246177,0.21009999909438193,7.49550000182353,0.5141999863553792,8.229700004449114,19,True,gaze_outside_screen,0.7417420067697549,6.155198266120351,-3.23331357946116,False,False,4,4.0
1789815161704,551,2092,1373.4413860416014,1495.2986260589523,1382.3106129233647,1637.5825137514996,2,1,terminal,0.7364353320708843,0,16,1.8,-0.0012003348063896746,29.803199440916902,29.605751179255474,0.12139999307692051,0.20379998022690415,9.256399993319064,0.5207000067457557,9.99040002352558,19,True,on_screen,0.7417420067697549,6.35835222223011,-1.796733376969818,False,False,4,4.0
1789815161735,552,2093,1340.141790963549,1249.080447730938,1352.7924375514938,1365.6310675371064,2,1,terminal,0.717001911489519,30,16,1.8,-0.0011509039981662111,29.96091213734218,29.607421826109917,0.10689999908208847,0.2015999925788492,7.156000006943941,0.5443000118248165,7.91169999865815,19,True,on_screen,0.7417420067697549,6.3045726642501165,-1.098069247222391,False,False,4,4.0
1789815161767,553,2094,1327.579563797501,1071.0428659568465,1335.1434259236987,1159.4193264309245,1,1,main_file,0.5056710874093918,0,12,2.0,-0.0010229368062901738,30.092919696653404,29.60774932587586,0.10629999451339245,0.2027000009547919,8.223100012401119,0.5005999992135912,8.935999998357147,19,True,on_screen,0.7417420067697549,6.08836530782969,-0.8167928002677922,False,False,4,4.0
1789815161800,554,2095,856.4102556832894,894.8854677069294,1000.0302067554121,974.2456253241278,1,0,sidebar,0.07196556897154649,0,10,2.2,-0.000910271468329343,30.189709745583148,29.608492500311723,0.39610001840628684,0.2077000099234283,8.003800001461059,0.5193000251892954,8.740099990973249,19,True,on_screen,0.7417420067697549,6.071237824242104,-1.2038742496436958,False,False,4,4.0
1789815161834,555,2096,526.8135532812472,529.1037586549434,668.7785493234967,662.6463186556987,1,0,sidebar,0.46421994186018867,34,10,2.2,-0.0006015177217720824,30.16849345381766,29.608924185122792,0.22349998471327126,0.21739999647252262,7.352599990554154,0.5421999958343804,8.123900013742968,19,True,on_screen,0.7417420067697549,6.494864667892074,-0.9397259384078437,False,False,4,4.0
1789815161865,556,2097,442.32282810193715,228.89530760938933,510.259544468405,359.02061092328216,0,0,sidebar,0.8828251764258718,65,10,2.2,-0.00031539065616188224,30.32719490787271,29.609904336498317,0.10730000212788582,0.20410001161508262,7.346500002313405,0.5018999800086021,8.062500011874363,19,True,on_screen,0.7417420067697549,6.5269433705967685,-0.906199525000403,False,False,4,4.0
1789815161897,557,2098,432.52516778241016,97.08206788154365,455.84548078820865,175.66363079406523,0,0,sidebar,0.7762329278535621,97,10,2.2,-0.0002484691101157996,30.479330793161463,29.610884328772187,0.21399999968707561,0.2052999916486442,7.37539998954162,0.5005999992135912,8.091399999102578,19,True,on_screen,0.7417420067697549,6.549709274039401,-0.24779903553581464,False,False,4,4.0
1789815161927,558,2099,545.6319291098231,102.62683506041095,518.6959946133388,124.53787378050725,0,0,sidebar,0.6825687441758496,127,10,2.2,-0.00025310548337567455,30.601351621266677,29.611181069109687,0.08970001363195479,0.2195000124629587,8.86290002381429,0.513400009367615,9.606100007658824,19,True,on_screen,0.7417420067697549,6.593450493901628,-0.2507747632438088,False,False,4,4.0
1789815161975,559,2100,594.1705525879765,71.41176183821868,571.5281851955851,87.34959542090525,0,0,sidebar,0.5909970588030307,174,10,2.2,-0.00030194335147506503,29.621611234758618,29.60535119486402,0.09469999349676073,0.19409999367780983,8.592500002123415,0.47810000251047313,9.27469998714514,19,True,on_screen,0.7417420067697549,7.215052648404196,0.3075775728745851,False,False,4,4.0
1789815162009,560,2101,583.9958490325433,109.181777021034,574.4217787284534,92.41657992679737,0,0,sidebar,0.5971142306346706,209,10,2.2,-0.00022358865341073897,29.717413813909918,29.605996730287007,0.09350001346319914,0.21669999114237726,8.086400019237772,0.49009997746907175,8.80370000959374,19,True,on_screen,0.7417420067697549,7.66453535448872,0.2609951134080101,False,False,4,4.0
1789815162040,561,2102,580.4383222852962,206.28460491719252,578.6333592182433,172.12419742007398,0,0,sidebar,0.714692051318323,240,10,2.2,-0.00022089988232973888,29.860811072534183,29.607005399461702,0.11599998106248677,0.2148000057786703,7.384199998341501,0.450999999884516,8.060399995883927,19,True,on_screen,0.7417420067697549,8.485912461519547,0.4052818648732463,False,False,4,4.0
1789815162071,562,2103,520.8704584469194,218.94272498518464,540.9809872462822,202.6425507493135,0,0,sidebar,0.7970477435856391,271,10,2.2,-6.986828608663599e-05,30.029333950169587,29.60778662205809,0.08450000314041972,0.2783999952953309,7.51029999810271,0.4641000123228878,8.262199989985675,19,True,on_screen,0.7417420067697549,9.477078332317632,0.9616055250285611,False,False,4,4.0
1789815162104,563,2104,505.90794987364933,162.3915920594621,524.390962763571,183.60329894392856,0,0,sidebar,0.7799192238305057,304,10,2.2,-5.340972644689822e-05,30.214616909826244,29.608990232872625,0.14869999722577631,0.19689998589456081,7.09840000490658,0.47759999870322645,7.782800006680191,19,True,on_screen,0.7417420067697549,8.985505006025448,1.087695854386474,False,False,4,4.0
1789815162136,564,2105,452.7035539283232,223.75778931215171,474.2097765788975,211.71144220168478,0,0,sidebar,0.8436887835237201,335,10,2.2,-3.348541002190682e-05,30.325221943439075,29.60951114551121,0.1066999975591898,0.20169999334029853,7.671600003959611,0.4949000140186399,8.378200000151992,19,True,on_screen,0.7417420067697549,8.173801478604986,1.2307439150846202,False,False,4,4.0
1789815162168,565,2106,377.5754394338474,227.5846751947267,406.5657405773625,222.82270529681415,0,0,sidebar,0.811795018425572,368,10,2.2,5.6693625506832115e-05,30.39615016426259,29.61018994784734,0.11029999586753547,0.20700000459328294,7.57389998761937,0.5068999889772385,8.298100001411512,19,True,on_screen,0.7417420067697549,7.611614514152308,1.1801792279153398,False,False,4,4.0
1789815162200,566,2107,366.72120145919405,170.01615422780745,383.38073037765713,192.0952718205436,0,0,sidebar,0.7441159749263704,400,10,2.2,0.00021903767048037266,30.480256375449212,29.611047452044048,0.16399999731220305,0.21190001280047,7.267099979799241,0.5067000165581703,7.996400003321469,19,True,on_screen,0.7417420067697549,7.435079749505263,1.182266918898229,False,False,4,4.0
1789815162234,567,2108,416.0521819510435,160.1908375297961,396.68274625769226,179.10554313873735,0,0,sidebar,0.7406117679942708,434,10,2.2,0.0003132350300748283,30.36507448245198,29.61085124311531,0.13529998250305653,0.22310001077130437,7.3921000002883375,0.5163999740034342,8.14290001289919,19,True,on_screen,0.7417420067697549,7.0345845722758895,1.251646688348053,False,False,4,4.0
1789815162263,568,2109,554.6453055634422,244.05178067568525,507.25653777171726,224.56790941460088,0,0,sidebar,0.8583039340773521,463,10,2.2,0.00027292263940766233,30.675432860972247,29.611421488919376,0.11839999933727086,2.4796000216156244,7.662599993636832,0.5114000232424587,10.664000001270324,19,True,on_screen,0.7417420067697549,6.868437980525414,1.4116721628549704,False,False,4,4.0
1789815162312,569,2110,587.1251096339251,322.69208472650485,563.1645380752627,293.25483213293364,0,0,sidebar,0.8525938195620876,512,10,2.2,0.00023189963891434053,29.689735255591067,29.606792539078473,0.11470000026747584,0.20879998919554055,6.798300018999726,0.5240000027697533,7.5413000013213605,19,True,on_screen,0.7417420067697549,6.467450136850033,1.3470322195332305,False,False,4,4.0
1789815162344,570,2111,624.9502263102759,334.4190104375775,603.380385541713,320.0482913153337,0,0,sidebar,0.7791695567916755,544,10,2.2,0.00019441263399355875,29.806819538424374,29.606511814690982,0.1120000088121742,0.2035000070463866,8.862499991664663,0.5141000146977603,9.589399996912107,19,True,on_screen,0.7417420067697549,5.998800531379146,0.6071572205880928,False,False,4,4.0
1789815162376,571,2112,602.4582144457426,367.72459845531176,602.9890401271275,340.2808753392001,0,0,sidebar,0.7713631223645887,575,10,2.2,0.00016247050813365457,29.99735812336116,29.607977923487976,0.11690001701936126,0.20410001161508262,7.523200009018183,0.5625000048894435,8.300099987536669,19,True,on_screen,0.7417420067697549,5.759078636613594,0.622308856792684,False,False,4,4.0
1789815162409,572,2113,572.7013048799291,359.13686094434644,593.2377077090017,346.3516819613026,0,0,sidebar,0.7838362443645813,608,10,2.2,0.00020277225404111317,30.058815564884544,29.608619659106687,0.6901999877300113,0.20149999181739986,7.124299998395145,0.5246000073384494,7.860599987907335,19,True,on_screen,0.7417420067697549,5.595237522846645,0.18575838083905474,False,False,4,4.0
1789815162441,573,2114,542.2886093150722,327.4228281592743,568.7191944968395,337.2424461422951,0,0,sidebar,0.8300134463455597,641,10,2.2,0.0002503386549900493,30.199002837639814,29.60939850153458,0.11690001701936126,0.22749998606741428,7.21390001126565,0.5187999922782183,7.970899983774871,19,True,on_screen,0.7417420067697549,5.618981191553445,0.12091468839729633,False,False,4,4.0
1789815162473,574,2115,510.68607206337254,335.8199983732585,538.9607305825115,336.5130375075379,0,0,sidebar,0.8774800373109111,673,10,2.2,0.00025196193584040363,30.27416747230741,29.609885557789553,0.11449999874457717,0.21729999571107328,7.50440001138486,0.5281000048853457,8.259499998530373,19,True,on_screen,0.7417420067697549,5.584402557365365,-0.21871518181546432,False,False,4,4.0
1789815162503,575,2116,514.6215963329741,337.7152937023126,533.472288200198,336.7841446794754,0,0,sidebar,0.8853388139161736,703,10,2.0,0.00024334290798535933,30.451519421391907,29.610661474830483,0.10730000212788582,0.22069999249652028,8.194399997591972,0.5299999902490526,8.955900004366413,19,True,on_screen,0.7417420067697549,5.550729311328865,-0.3047725085501105,False,False,4,4.0
1789815162536,576,2117,527.7755737642118,372.5354310198443,531.6127014930469,348.4544886275821,0,0,sidebar,0.8749318734516623,736,10,2.0,0.00022403222962352927,30.531162415228962,29.610987932947438,0.1024999946821481,0.21329999435693026,9.188000025460497,0.5265000218059868,9.937299997545779,19,True,on_screen,0.7417420067697549,5.453895134236376,-0.6426070676086463,False,False,4,4.0
1789815162567,577,2118,907.4081000527119,1980.0000000000002,794.6694804848123,1490.5363465882747,2,0,terminal,0.4438336740135239,0,17,2.0,-0.0008682096434338721,30.592971336773616,29.612472188301428,0.09250000584870577,0.2043000131379813,7.290400011697784,0.5152999947313219,8.01989997853525,19,True,on_screen,0.7417420067697549,4.8216845385841225,-0.767431830811889,False,False,4,4.0
1789815162616,578,2119,2187.18067804624,1980.0000000000002,1769.4273187778115,1833.1609039764826,-1,-1,off_screen,0.0,0,11,2.0,-0.00155457188829306,29.620908054857612,29.606797832561416,0.10530001600272954,0.20179999410174787,6.907700008014217,0.47500000800937414,7.593699992867187,19,True,gaze_outside_screen,0.7417420067697549,4.4633085665223575,-0.8253042819420772,False,True,4,4.0
1789815162650,579,2120,0.0,0.0,0.0,0.0,-1,-1,,0.0,0,0,2.0,-0.0015763230113720588,29.60708690968925,29.606507671263394,0.11240001185797155,0.2170999941881746,7.535099983215332,0.3902000025846064,8.153600007062778,19,True,eyes_invalid_or_blink,0.7417420067697549,4.783411367941511,-0.9787949162872147,False,True,4,4.0
1789815162681,580,2121,3168.0000000000005,1980.0000000000002,2748.428195633344,1935.948271192945,-1,-1,off_screen,0.0,0,12,2.2,-0.0013572695574307053,29.858383410998037,29.607205889708723,0.1016999885905534,0.25309997727163136,8.327399991685525,0.5163000023458153,9.106900019105524,19,True,gaze_outside_screen,0.7417420067697549,4.668560342082628,-0.6547744265872638,False,True,4,4.0
1789815162712,581,2122,3168.0000000000005,1980.0000000000002,3042.1284586900038,1966.7844813578836,-1,-1,off_screen,0.0,30,12,2.2,-0.0011962400539183345,30.08315807231853,29.608592614504868,0.09359998512081802,0.19910000264644623,7.663099997444078,0.5068000173196197,8.379000006243587,19,True,gaze_outside_screen,0.7417420067697549,4.453829898313074,-1.748557440562073,False,False,5,5.0
1789815162744,582,2123,3168.0000000000005,1980.0000000000002,3130.2385376070015,1976.0353444073653,-1,-1,off_screen,0.0,62,12,2.2,-0.0010797899324180727,30.134480737998622,29.608901115721782,1.058900001225993,0.19389999215491116,7.997399981832132,0.5215000128373504,8.72230000095442,19,True,gaze_outside_screen,0.7417420067697549,4.631177937245127,-2.6491464424106237,False,False,5,5.0
1789815162776,583,2124,3168.0000000000005,1980.0000000000002,3143.134094800829,1977.3892761597047,-1,-1,off_screen,0.0,95,12,2.2,-0.0009808813491113972,30.31959970419029,29.610380053111225,0.09290000889450312,0.1934999891091138,6.940399995073676,0.5055000074207783,7.648899976629764,19,True,gaze_outside_screen,0.7417420067697549,4.7607947782366296,-3.6369502012744768,False,False,5,5.0
1789815162809,584,2125,2961.4507011079722,1837.1701903471658,3015.9557192158295,1879.2359160909273,-1,-1,off_screen,0.0,128,12,2.2,-0.0007246090719851411,30.377387641945642,29.610794614753146,0.10989999282173812,0.19630001042969525,7.3315000045113266,0.513700011651963,8.051299984799698,19,True,gaze_outside_screen,0.7417420067697549,5.261907618366877,-3.484455722909255,False,False,5,5.0
1789815162840,585,2126,2791.269616298842,1621.1133893845895,2858.675447173938,1698.5501473964907,2,2,terminal,0.11701242214583907,0,18,2.4,-0.0005588371200786289,30.518682515334373,29.61163513181704,0.10199999087490141,0.24659998598508537,7.5486999994609505,0.5213999829720706,8.328700001584366,19,True,on_screen,0.7417420067697549,5.606140366646315,-4.576412798894428,False,False,5,5.0
1789815162873,586,2127,2533.369257890849,1461.5026783550022,2630.9611146757757,1532.6169190674489,2,2,terminal,0.5879207593590826,32,18,2.4,-0.0003204864166862897,30.494960886648798,29.611675329774375,0.09190000128000975,0.20280000171624124,8.24819999979809,0.517400010721758,8.978199999546632,19,True,on_screen,0.7417420067697549,6.124275107292107,-4.670690771572577,False,False,5,5.0
1789815162922,587,2128,2048.3674122519415,1184.9697440004268,2223.1455229790918,1289.2638965205333,2,2,terminal,0.5139678494061481,82,18,2.4,-0.00012854177323716638,29.466209765462132,29.605365719884055,0.12430001515895128,0.21309999283403158,7.811699993908405,0.5433000042103231,8.577799977501854,19,True,on_screen,0.7417420067697549,6.319145683379389,-5.395573195910917,False,False,5,5.0
1789815162953,588,2129,1929.8527796977164,1073.3044662416107,2017.840602682129,1138.0922953252875,1,2,second_file,0.20454288840262957,0,2,2.6,-5.032900152705973e-05,29.756368969175444,29.606892022769888,0.09050001972354949,0.19389999215491116,6.988899986026809,0.5604000180028379,7.753299985779449,19,True,on_screen,0.7417420067697549,6.342630186989766,-4.861787355588088,False,False,5,5.0
1789815162985,589,2130,1884.887145960286,963.6597754056149,1924.773182976839,1015.9895313815167,1,2,second_file,0.13578909761825464,31,2,2.6,0.00020510898131154663,29.831177285152673,29.607243896777472,0.11300001642666757,0.308299990138039,7.031100016320124,0.5423999973572791,7.892099994933233,19,True,on_screen,0.7417420067697549,6.363524290076498,-4.085419558532989,False,False,5,5.0
1789815163016,590,2131,1870.115074098267,921.6997318485601,1886.5125067618387,949.986671708447,1,2,second_file,0.0885523562458852,62,2,2.6,0.0001681860635356948,30.206570526822958,29.608722825891203,0.09980000322684646,0.19920000340789557,7.507400005124509,0.5819000070914626,8.297199994558468,19,True,on_screen,0.7417420067697549,6.344412561473007,-4.124419943361305,False,False,5,5.0
1789815163048,591,2132,1916.5750842400655,897.6842512637509,1902.511741003906,922.1514444486468,1,2,second_file,0.12023501050807628,95,2,2.6,0.0001788459979306222,30.264380521309647,29.60868558403545,0.11359999189153314,0.2043000131379813,8.91790000605397,0.5458999949041754,9.67790000140667,19,True,on_screen,0.7417420067697549,6.544270414253447,-4.358926417624933,False,False,5,5.0
1789815163079,592,2133,2126.626949965778,963.2625885164098,2059.3923872772166,950.9292452960808,1,2,second_file,0.3915715433481607,125,2,2.6,-7.562672364364725e-06,30.411920924124626,29.61003599256167,0.11419999646022916,0.20730000687763095,7.950600003823638,0.4929999995511025,8.660099992994219,19,True,on_screen,0.7417420067697549,6.342396997184267,-4.559243550703796,False,False,5,5.0
1789815163112,593,2134,2245.2476655146183,1016.1427695933669,2189.491082043398,996.5787123041811,1,2,second_file,0.5908297874643784,158,2,2.6,-0.00014550767772009837,30.444001805582204,29.610282312896036,0.08970001363195479,0.24269998539239168,8.519700000761077,0.5208999791648239,9.29419999010861,19,True,on_screen,0.7417420067697549,6.098934052618176,-5.160645420463204,False,False,5,5.0
1789815163143,594,2135,2321.7007703161125,1030.3290918118603,2282.037863834298,1020.2039779595566,1,2,second_file,0.7024650699485182,189,2,2.6,-0.00019911304567148125,30.558201230729942,29.6114404125965,0.12549999519251287,0.21779999951831996,7.8553999774158,0.5036999937146902,8.586700016167015,19,True,on_screen,0.7417420067697549,5.861321966377773,-5.664751692612183,False,False,5,5.0
1789815163176,595,2136,2319.3414819065274,1042.3054387355562,2296.4921553355925,1028.767784184523,1,2,second_file,0.7081259904947581,223,2,2.6,-0.00021541018446805983,30.612220639828458,29.612245939127895,0.08889997843652964,0.18730000010691583,7.498599996324629,0.5435999773908406,8.239500020863488,19,True,on_screen,0.7417420067697549,5.712928514788587,-5.868928897206102,False,False,5,5.0
1789815163225,596,2137,2378.80261518648,1056.3332646263757,2354.109477231214,1048.06362049382,1,2,second_file,0.7261456972558341,271,2,2.6,-0.00027737734699732376,29.593540641833805,29.60607920174591,0.12049998622387648,0.1965999836102128,7.3219999903813004,0.5540999991353601,8.08230001712218,19,True,on_screen,0.7417420067697549,5.673256394388858,-5.924846413088463,False,False,5,5.0
1789815163256,597,2138,2340.928717138505,1081.6028890629148,2349.8255258133822,1058.9644028560676,1,2,second_file,0.7055064270147506,302,2,2.6,-0.0002733306611653018,29.872801226272774,29.6072860633959,0.08960001287050545,0.2133999951183796,7.352399989031255,0.46209999709390104,8.037999999942258,19,True,on_screen,0.7417420067697549,5.648638948184924,-6.3013967630546315,False,False,5,5.0
1789815163287,598,2139,2235.157969981938,1094.9301925604468,2269.5582367313714,1084.140455649133,1,2,second_file,0.6013335235300264,333,2,2.6,-0.00020964101165937485,30.011693418023377,29.60768984596298,0.09539999882690609,0.20340000628493726,8.134799980325624,0.4920999926980585,8.840599999530241,19,True,on_screen,0.7417420067697549,5.708939085600264,-6.386593747620396,False,False,5,5.0
1789815163320,599,2140,2081.631481005384,1110.40624463223,2138.0095077231804,1102.526507937301,1,2,second_file,0.4149810217321085,366,2,2.6,-0.00012310884948361044,30.140933816248424,29.608725971581823,0.09670000872574747,0.22170000011101365,7.376199995633215,0.5323999794200063,8.141199999954551,19,True,on_screen,0.7417420067697549,6.123399033076652,-7.325147160863345,False,False,5,5.0
1789815163354,600,2141,2057.231090578623,1193.3347992671759,2081.4646157219904,1166.0923118682135,1,2,second_file,0.2667392156406806,401,2,2.6,-0.00010318947069302455,30.118022430683236,29.6085626868054,0.10000000474974513,0.22560000070370734,8.108200010610744,0.5382999952416867,8.88229999691248,19,True,on_screen,0.7417420067697549,6.132368232601721,-7.43931645370305,False,False,5,5.0
1789815163384,601,2142,2052.3844074981307,1195.2629824370727,2070.7348776846325,1176.8554278393403,2,2,terminal,0.18496123555526767,0,19,2.8,-9.654081039301744e-05,30.365024661165798,29.610057890273332,0.1297999988310039,0.21699999342672527,7.550499984063208,0.5391000013332814,8.317500003613532,19,True,on_screen,0.7417420067697549,6.017259782654207,-7.5470232604288645,False,False,5,5.0
1789815163416,602,2143,2055.125600137297,1188.0975554674583,2067.8983390858784,1178.8983621681439,2,2,terminal,0.18389001813630446,31,19,2.6,-0.0001057180504471858,30.453405013256685,29.610901697686256,0.09129999671131372,0.2683000057004392,7.2293000121135265,0.5184999899938703,8.025699993595481,19,True,on_screen,0.7417420067697549,5.925413258690526,-7.969668827416914,False,False,5,5.0
1789815163447,603,2144,2114.4731602232396,1174.9072703214463,2087.290174254,1177.236636082203,2,2,terminal,0.2060551718444864,62,19,2.6,-0.0001126671535527507,30.544119105193964,29.611632869197273,0.1157999795395881,0.2018999948631972,7.353900000452995,0.5556000105571002,8.121999999275431,19,True,on_screen,0.7417420067697549,5.887923201342375,-7.968366176097236,False,False,5,5.0
1789815163480,604,2145,2149.963536915069,1158.4636099745658,2123.369995804152,1166.4293743818405,1,2,second_file,0.32147997683800555,0,3,2.8,-0.00011473418344282345,30.58039094613546,29.611672199460294,0.08889997843652964,0.222100003156811,8.651900017866865,0.5524000152945518,9.441200003493577,19,True,on_screen,0.7417420067697549,5.879768229104741,-7.913897860978604,False,False,5,5.0
1789815163528,605,2146,2163.7446104630762,1147.5797254093688,2139.4270169858655,1158.9328517431547,1,2,second_file,0.35101995612877823,48,3,2.8,-0.00011955901242733692,29.625808250827095,29.606522092210685,0.10539998766034842,0.215600011870265,7.510399998864159,0.533799990080297,8.277499990072101,19,True,on_screen,0.7417420067697549,5.918200431845094,-7.947137896332179,False,False,5,5.0
1789815163561,606,2147,2167.9344980636943,1138.7503636451033,2148.423058358323,1152.5639095895665,1,2,second_file,0.37021622026568746,81,3,2.8,-0.00011628455202926553,29.659733499046958,29.60662527821013,0.12939999578520656,0.19869999960064888,7.642699987627566,0.5772000004071742,8.428700006334111,19,True,on_screen,0.7417420067697549,5.916738194350529,-7.805568209170592,False,False,5,5.0
1789815163592,607,2148,2141.705963123971,1112.333889281596,2145.9677208888197,1137.8584047820914,1,2,second_file,0.38518848854391186,111,3,2.8,-8.777685123995821e-05,29.948163355685075,29.607675514753126,0.11130000348202884,0.2052999916486442,8.129399997415021,0.5594000103883445,8.903799986001104,19,True,on_screen,0.7417420067697549,5.90003146580716,-7.73569579948565,False,False,5,5.0
1789815163624,608,2149,2126.8358747861116,1088.7860757853914,2137.035242978758,1114.9469987209563,1,2,second_file,0.39997743567609145,144,3,2.8,-5.802982668848093e-05,30.04193068847666,29.608264814384956,0.08560001151636243,0.2080999838653952,8.11480000265874,0.5234999989625067,8.856699976604432,19,True,on_screen,0.7417420067697549,5.90087774957135,-7.7421243165364615,False,False,5,5.0
1789815163656,609,2150,2116.953244295007,1082.1004241294058,2130.086427309717,1103.581357492188,1,2,second_file,0.4027249094134344,175,3,2.8,-5.032851609589224e-05,30.216296336458974,29.609577177249047,0.09059999138116837,0.1894999877549708,7.193299999926239,0.5593000096268952,7.952000014483929,19,True,on_screen,0.7417420067697549,5.935167182473236,-7.688984032501431,False,False,5,5.0
1789815163687,610,2151,2110.229301236374,1072.1192991538987,2123.4347147556314,1093.0422408217696,1,2,second_file,0.4041506870905006,207,3,2.8,-5.566866319936699e-05,30.30461261874018,29.610273258837793,0.10760000441223383,0.2125999890267849,7.139699999243021,0.4994999908376485,7.862099999329075,19,True,on_screen,0.7417420067697549,5.925186917286311,-7.4982550626758036,False,False,5,5.0
1789815163720,611,2152,2105.705965324963,1068.6981591755084,2118.5679161138746,1086.359437618184,1,2,second_file,0.4036789394887357,240,3,2.8,-6.287165078224834e-05,30.392223391058533,29.60998405953915,0.13349999790079892,0.20129999029450119,9.421800001291558,0.6400000129360706,10.272999992594123,19,True,on_screen,0.7417420067697549,5.89637004127033,-7.404920316168575,False,False,5,5.0
1789815163753,612,2153,2091.174297993217,1064.1554071495443,2109.8454135626625,1079.289370730457,1,2,second_file,0.3974296563887083,273,3,2.8,-6.849805492433435e-05,30.394705868034784,29.611303191992647,0.08789999992586672,0.19459999748505652,7.209799980046228,0.5153999954927713,7.929800020065159,19,True,on_screen,0.7417420067697549,5.897979173075413,-7.342489538881524,False,False,5,5.0
1789815163784,613,2154,2046.0329743185005,1072.1281736356855,2073.7692917311992,1075.2408149643688,1,2,second_file,0.3457718945167666,303,3,2.8,-5.806738408426805e-05,30.547125324709228,29.611299889793333,0.20730000687763095,0.20349997794255614,9.652400010963902,0.5133000086061656,10.379599989391863,19,True,on_screen,0.7417420067697549,5.89005678837799,-7.2852594710971585,False,False,5,5.0
1789815163831,614,2155,1992.665027452231,1075.9482031748994,2016.9963067359213,1075.7359867117402,1,2,second_file,0.25553443144098853,351,3,2.8,-5.494753242871707e-05,29.57864076699881,29.605241403158153,0.07960002403706312,0.20979999681003392,10.27179998345673,0.6178999901749194,11.109999992186204,19,True,on_screen,0.7417420067697549,5.884185903301244,-7.1837594643338925,False,False,5,5.0
1789815163863,615,2156,1957.0944444588756,1078.225745715535,1985.3072723176815,1077.0531086803271,1,2,second_file,0.2033977787533886,382,3,2.8,-5.7803787479994775e-05,29.741222790853943,29.606950254097793,0.10219999239780009,0.23020000662654638,7.8524999844376,0.5436000064946711,8.638100000098348,19,True,on_screen,0.7417420067697549,5.876414847478344,-7.2389094743975155,False,False,5,5.0
1789815163895,616,2157,1931.0490600398307,1081.4216454691252,1959.1583253284239,1079.1584607019886,1,2,second_file,0.15932237038807895,414,3,2.8,-5.729875555288838e-05,29.914912308806194,29.60721889826567,0.09750001481734216,0.3220999788027257,9.113100008107722,0.5381999944802374,9.984699980122969,19,True,on_screen,0.7417420067697549,5.847624031584303,-7.2021207381717565,False,False,5,5.0
1789815163927,617,2158,1892.0249792957188,1081.5756339446534,1919.5076220363526,1080.5861061973249,1,2,second_file,0.093159118699921,447,3,2.8,-6.0601665275753294e-05,30.05140243730883,29.608402438734185,0.09019998833537102,0.36399997770786285,7.914899993920699,0.5880999960936606,8.877200016286224,19,True,on_screen,0.7417420067697549,5.837030094421721,-7.451601504789951,False,False,5,5.0
1789815163960,618,2159,1860.3952257106603,1077.628180422813,1888.6230584314249,1079.0406732187964,1,2,second_file,0.04279794986775576,480,3,2.8,-5.6952545821825976e-05,30.158908875780458,29.609215489388095,0.22839999292045832,0.2142000012099743,7.644800003618002,0.6526999932248145,8.52209998993203,19,True,on_screen,0.7417420067697549,5.815890337983092,-7.4341322098349565,False,False,5,5.0
1789815163993,619,2160,1838.6959691639738,1086.8266022790706,1866.2236295205125,1082.5337741996445,1,1,main_file,0.18086027380703584,0,13,3.0,-5.731690404289433e-05,30.17184331869213,29.60961142023271,0.1086000120267272,0.20599999697878957,7.52210000064224,0.5645999917760491,8.303599985083565,19,True,on_screen,0.7417420067697549,5.78665737911939,-7.4319457785706415,False,False,5,5.0
1789815164024,620,2161,1637.0827936207686,1089.1679400432538,1705.8250443906918,1087.177690290171,1,1,main_file,0.4256349052463235,30,13,3.0,-6.0743009996097955e-05,30.399200047225726,29.611060231133635,0.08639998850412667,0.2072000061161816,6.957300007343292,0.5099999834783375,7.6846000156365335,19,True,on_screen,0.7417420067697549,5.726191711940061,-7.429658818381693,False,False,5,5.0
1789815164056,621,2162,1581.0830940782619,1124.6170715597884,1618.505679171991,1113.3852571789032,1,1,main_file,0.5085069960798035,62,13,3.0,-0.00012774017079473544,30.488093283582806,29.611724169669696,0.10109998402185738,0.19730001804418862,7.137799984775484,0.5132000078447163,7.857699994929135,19,True,on_screen,0.7417420067697549,5.702791888719162,-7.466886268758449,False,False,5,5.0
1789815164088,622,2163,1752.6641124428136,1980.0000000000002,1712.4165824615668,1720.015577153671,2,1,terminal,0.3813710525473184,0,20,3.2,-0.0007941408160784518,30.551020179820185,29.61233534835826,0.12089998926967382,0.19970000721514225,7.2472000028938055,0.5270999972708523,7.983899995451793,19,True,on_screen,0.7417420067697549,5.629865361329081,-7.346936410613382,False,False,5,5.0
1789815164120,623,2164,2074.586245402738,1980.0000000000002,1965.9353465203865,1902.0046731461014,-1,-1,off_screen,0.0,0,13,3.4,-0.0012868186210846493,30.630075779306814,29.61282822682286,0.09989997488446534,0.20549999317154288,7.676399982301518,0.738600007025525,8.631100005004555,19,True,gaze_outside_screen,0.7417420067697549,5.8456616093825176,-6.999195919052644,False,True,5,5.0
1789815164167,624,2165,2090.7181685586843,1980.0000000000002,2053.283321947195,1956.6014019438305,-1,-1,off_screen,0.0,47,13,3.4,-0.0011880216062709562,29.632936340515677,29.606979558383575,0.1297999988310039,0.21399999968707561,7.69100000616163,0.5217999860178679,8.436700009042397,19,True,gaze_outside_screen,0.7417420067697549,5.965181061394304,-6.879775274624258,False,True,5,5.0
1789815164200,625,2166,1894.4405545919017,1980.0000000000002,1942.0933847984898,1972.9804205831492,-1,-1,off_screen,0.0,80,13,3.4,-0.0010091585654657554,29.70169146211581,29.606397583300215,0.15239999629557133,0.2920999831985682,9.829300019191578,0.5362000083550811,10.669800016330555,19,True,gaze_outside_screen,0.7417420067697549,5.544719429745641,-7.972634977990757,False,False,6,6.0
1789815164231,626,2167,1647.7058522343398,1714.9126022629418,1736.0221120035847,1792.3329477590041,2,1,terminal,0.26500094877100255,0,21,3.6,-0.00043459315288756073,29.959661359123565,29.608439563383364,0.08099997648969293,0.3302000113762915,7.483900000806898,0.5955999949947,8.420900005148724,19,True,on_screen,0.7417420067697549,5.713301397180118,-8.153938195838316,False,False,6,6.0
1789815164264,627,2168,1454.706288775543,1003.4435275716997,1539.1010357439554,1240.110353627891,2,1,terminal,0.5086146504770471,32,21,3.6,-2.9150329489862833e-05,30.08827535676393,29.60918715060308,0.12549999519251287,0.21620001643896103,7.432999991578981,0.6830999918747693,8.341899985680357,19,True,on_screen,0.7417420067697549,5.946909227306094,-8.243070331120164,False,False,6,6.0
1789815164295,628,2169,1414.151460184351,597.3293269339443,1451.6363328522323,790.1636349421284,1,1,main_file,0.8048702268358956,0,14,3.8,0.0002485230425523701,30.209495022986907,29.609991404379347,0.08269998943433166,0.2967000182252377,7.266799977514893,0.603599997702986,8.17690000985749,19,True,on_screen,0.7417420067697549,6.171649516602031,-8.09417670419643,False,False,6,6.0
1789815164328,629,2170,1425.1710082092914,469.6444891053937,1433.1106056021736,565.8002328564141,0,1,main_file,0.5302628183834618,32,14,3.8,0.00034419540472752606,30.335644051941443,29.61071253356068,0.10140001541003585,0.21320002269931138,7.616399991093203,0.5401999806053936,8.389299997361377,19,True,on_screen,0.7417420067697549,6.319906659763689,-8.03927046933252,False,False,6,6.0
1789815164360,630,2171,1443.6496632388196,419.24935075333013,1440.4879459478257,463.21461538425535,0,1,main_file,0.7116534676102493,64,14,3.8,0.0003799003331046973,30.419364367219345,29.61142208817706,0.09740001405589283,0.1970999874174595,7.441499998094514,0.6754999922122806,8.324599999468774,19,True,on_screen,0.7417420067697549,6.483950745950722,-7.858226853660493,False,False,6,6.0
1789815164393,631,2172,1431.0132857484143,394.1172345767031,1434.6845096068873,420.8909602449264,0,1,main_file,0.786220046253673,97,14,3.8,0.00043693188038809554,30.415076547515703,29.611040859951192,0.08980001439340413,0.21120000747032464,9.25699999788776,0.6412999937310815,10.119599988684058,19,True,on_screen,0.7417420067697549,6.5659431843890275,-7.796823067747498,False,False,6,6.0
1789815164424,632,2173,1428.5475182222422,336.5511412335981,1430.3886156376357,361.85308693699665,0,1,main_file,0.8894150290122819,128,14,3.8,0.00042929944691012974,30.563554889714496,29.61273139002113,0.08490000618621707,0.19690001499839127,7.597099989652634,0.5490999901667237,8.35320001351647,19,True,on_screen,0.7417420067697549,6.483195198441024,-7.70789917442006,False,False,6,6.0
1789815164471,633,2174,1395.5774231516268,421.15088211400496,1409.35791282307,397.6770337445608,0,1,main_file,0.8191456291453694,175,14,3.8,0.0004019293742947485,29.606593095504323,29.606828830588018,0.10299999848939478,0.2072000061161816,8.191200002329424,0.7142999966163188,9.126099990680814,19,True,on_screen,0.7417420067697549,6.509441639862871,-7.594144218856634,False,False,6,6.0
1789815164504,634,2175,1020.8242985013308,534.4009209003567,1137.3843827978526,493.3837547536179,0,1,main_file,0.3655404051816489,208,14,3.8,0.0004138837623611346,29.76293672612468,29.607728672984578,0.09449999197386205,0.20680000307038426,7.6800000097136945,0.6902999884914607,8.58750002225861,19,True,on_screen,0.7417420067697549,6.5834638818773215,-7.5215352227048236,False,False,6,6.0
1789815164535,635,2176,865.4531800931859,623.3323348774793,947.0325409045859,584.3477608403209,0,0,sidebar,0.03401637951147618,0,11,4.0,0.000404926056011147,29.89417290828577,29.608406240179473,0.08930001058615744,0.20929999300278723,7.683000003453344,0.5979000125080347,8.500800002366304,19,True,on_screen,0.7417420067697549,6.5956582078837585,-7.509596460056385,False,False,6,6.0
1789815164568,636,2177,797.1665759358848,659.0796212764703,842.1263654264951,636.6600631456255,1,0,sidebar,0.20896994474738773,32,11,4.0,0.00040159297533739514,30.05120060611928,29.609259160529316,0.08150000940077007,0.2731999848037958,7.552600000053644,0.5387999990489334,8.374700002605096,19,True,on_screen,0.7417420067697549,6.591073409850139,-7.451069911918799,False,False,6,6.0
1789815164599,637,2178,794.416701226405,678.0610948167268,815.5789393399427,659.6971321886205,1,0,sidebar,0.270818073339147,63,11,4.0,0.0004116841768201391,30.147163444229772,29.6097285648012,0.11230001109652221,0.2995000104419887,7.754899997962639,0.6709999870508909,8.735000010346994,19,True,on_screen,0.7417420067697549,6.5052614557918105,-7.8534554686738085,False,False,6,6.0
1789815164634,638,2179,603.9327759316697,582.9474941778443,667.4266249541515,605.9723855810772,0,0,sidebar,0.36609566327837717,98,11,4.0,0.0005043364290862971,30.179081940447535,29.610033346889278,0.14179997378960252,0.2032000047620386,8.172700006980449,0.5407999851740897,8.927200018661097,19,True,on_screen,0.7417420067697549,3.818786231606879,-8.5375254298123,False,False,6,6.0
1789815164663,639,2180,442.0576680358563,566.1799637943253,509.6683551113449,578.1176903303509,0,0,sidebar,0.505871992879333,128,11,4.0,0.00046120764396935694,30.38791699372342,29.611323613564092,0.11249998351559043,0.2156999835278839,7.680799986701459,0.594300014199689,8.500399999320507,19,True,on_screen,0.7417420067697549,1.1207031787327537,-9.691948687702554,False,False,6,6.0
1789815164695,640,2181,646.0164431728385,483.96154229861935,605.1120167543904,512.2083867081388,0,0,sidebar,0.5647929585457008,159,11,4.0,0.00041820914521705464,30.46428333998823,29.611983749604814,0.08100000559352338,0.31010000384412706,7.609700027387589,0.5987000185996294,8.52809997741133,19,True,on_screen,0.7417420067697549,-0.15250836375309973,-10.164126606842295,False,False,6,6.0
1789815164728,641,2182,712.0731282349797,615.9840490598451,679.9847947908029,584.8513503543332,0,0,sidebar,0.3851245521965392,192,11,4.0,0.00017081919652863972,30.51676604946608,29.612771551370326,0.11150000500492752,0.19540000357665122,7.301500008907169,0.5623999750241637,8.068600000115111,19,True,on_screen,0.7417420067697549,0.5459528705356433,-9.865291714050311,False,False,6,6.0
1789815164776,642,2183,809.441839488072,844.7348010432379,770.6047260788912,766.7697658365664,1,0,sidebar,0.43521627520927497,240,11,4.0,-0.00010951121684869315,29.550660421888512,29.60697347598546,0.09250000584870577,0.19550000433810055,7.522600004449487,0.5977999826427549,8.325900009367615,19,True,on_screen,0.7417420067697549,3.9112599409504014,-9.8151989917835,False,False,6,6.0
1789815164807,643,2184,1712.8224463623549,1397.7931860384385,1430.157130277316,1208.486159977877,2,1,terminal,0.484699762047866,0,22,4.2,-0.00042568685079399406,29.773940941129673,29.607591435244327,0.11039999662898481,0.3226999833714217,8.179500000551343,0.5868999869562685,9.099200018681586,19,True,on_screen,0.7417420067697549,6.97626811283024,-10.145497394385403,False,False,6,6.0
1789815164841,644,2185,0.0,0.0,0.0,0.0,-1,-1,,0.0,0,0,4.0,-0.00042568685079399406,29.815414770059668,29.60892190398468,0.11370002175681293,0.24449999909847975,6.160999997518957,0.014599994756281376,6.433499976992607,19,False,face_missing,0.7417420067697549,0.0,0.0,False,False,6,6.0
1789815164871,645,2186,2048.9157522867804,1980.0000000000002,1863.288165683941,1748.5458479933632,2,1,terminal,0.13280787003631078,0,23,4.2,-0.003603911147019063,30.072645279890097,29.608825895258818,0.08540000999346375,0.19859999883919954,8.851399994455278,0.5109999910928309,9.570399997755885,19,True,on_screen,0.7417420067697549,15.267087014898465,-21.695604384037686,True,False,6,6.0
1789815164904,646,2187,1998.8465542276901,1980.0000000000002,1958.1790376645654,1910.563754398009,-1,-1,off_screen,0.0,0,14,4.4,-0.008152701935429319,30.175229955278233,29.609428847642956,0.09790001786313951,0.2069000038318336,9.010200010379776,0.45679998584091663,9.683999989647418,19,True,gaze_outside_screen,0.7417420067697549,43.84662879641229,-51.56047888680576,True,False,6,6.0
1789815164936,647,2188,1430.8520351347113,1980.0000000000002,1589.0501358936676,1959.169126319403,-1,-1,off_screen,0.0,32,14,4.4,-0.0028753464547198165,30.28707830168407,29.61079436552636,0.1120000088121742,0.20400001085363328,7.368999999016523,0.5117999971844256,8.09389998903498,19,True,gaze_outside_screen,0.7417420067697549,25.50914972257803,-46.91433760611706,True,True,6,6.0
1789815164969,648,2189,2635.4220863221185,1980.0000000000002,2321.510501193583,1973.750737895821,-1,-1,off_screen,0.0,65,14,4.4,-0.002568900630413491,30.336666941569398,29.610996430534357,0.23299999884329736,0.24399999529123306,8.029099990380928,0.5927000020164996,8.875700004864484,19,True,gaze_outside_screen,0.7417420067697549,6.446081454830221,-30.905621289720006,True,True,6,6.0
1789815165001,649,2190,3168.0000000000005,1980.0000000000002,2914.0531503580755,1978.1252213687462,-1,-1,off_screen,0.0,96,14,4.4,-0.0027617051547680054,30.420625115998945,29.611675729597486,0.12589999823831022,0.2552999940235168,8.066799986409023,0.5419999943114817,8.874499995727092,19,True,gaze_outside_screen,0.7417420067697549,-2.3681396983779166,-44.56291314109577,True,True,6,6.0
1789815165034,650,2191,0.0,0.0,0.0,0.0,-1,-1,,0.0,0,0,4.2,-0.003181742381462828,30.376191480049936,29.611754555587737,0.11359999189153314,0.20859998767264187,8.366199996089563,0.5031000182498246,9.088299993891269,19,True,eyes_invalid_or_blink,0.7417420067697549,-4.1451484211768275,-49.38728102739561,True,True,6,6.0
1789815165079,651,2192,2939.3431640236768,1980.0000000000002,2919.969695788931,1978.5638218808408,-1,-1,off_screen,0.0,0,15,4.4,-0.0030606343774629095,29.50342124797253,29.606091826174875,0.10119998478330672,0.22949997219257057,9.613600006559864,0.971500005107373,10.824900004081428,19,True,gaze_outside_screen,0.7417420067697549,-5.2807815881446345,-53.08643269539483,True,True,6,6.0
1789815165111,652,2193,2894.0854472042492,1980.0000000000002,2913.78946780029,1978.9067295831703,-1,-1,off_screen,0.0,32,15,4.4,-0.003186512219791271,29.67635156351892,29.607552139410327,0.11249998351559043,0.3916000132448971,7.6219000038690865,0.9062000026460737,8.930700016207993,19,True,gaze_outside_screen,0.7417420067697549,-1.7629536655599338,-54.8335839369681,True,True,6,6.0
1789815165144,653,2194,2025.1796394946632,1980.0000000000002,2291.7625879863513,1979.6720188749512,-1,-1,off_screen,0.0,65,15,4.4,-0.002518116957115105,29.85133471020752,29.608472552141215,0.18030000501312315,0.2232999831903726,7.480800006305799,0.8679000020492822,8.581300004152581,19,True,gaze_outside_screen,0.7417420067697549,-15.90604052498827,71.56597768729827,True,False,7,7.0
1789815165175,654,2195,3168.0000000000005,-180.0,2905.128776395906,467.9016056624854,-1,-1,off_screen,0.0,95,15,4.4,-0.002557748960087569,29.996473791669928,29.60910724339164,0.09429999045096338,0.2683000057004392,7.681599992793053,0.8600000001024455,8.820299990475178,19,True,gaze_outside_screen,0.7417420067697549,3.965478028189011,27.529566110153723,True,False,7,7.0
1789815165208,655,2196,0.0,0.0,0.0,0.0,-1,-1,,0.0,0,0,4.4,-0.002247115464346392,30.119728213284166,29.60989213856168,0.10859998292289674,0.22530002752318978,7.495199999539182,0.8760000055190176,8.606300019891933,19,True,eyes_invalid_or_blink,0.7417420067697549,5.35411896705719,-49.810391071264206,True,False,7,7.0
1789815165240,656,2197,0.0,0.0,0.0,0.0,-1,-1,,0.0,0,0,4.4,-0.002654933129308458,30.234025439666514,29.610606919961057,0.092999980552122,0.21479997667483985,7.611600012751296,0.7639999967068434,8.60060000559315,19,True,eyes_invalid_or_blink,0.7417420067697549,-25.885854818106843,58.46850876260687,True,False,7,7.0
1789815165274,657,2198,0.0,0.0,0.0,0.0,-1,-1,,0.0,0,0,4.4,-0.002773363909949587,30.17671453410612,29.610677438923055,0.17110002227127552,0.22029998945072293,7.509399991249666,0.7407999946735799,8.481099997879937,19,True,eyes_invalid_or_blink,0.7417420067697549,-2.9229701590770105,-53.11557235757015,True,False,7,7.0
1789815165304,658,2199,0.0,0.0,0.0,0.0,-1,-1,,0.0,0,0,4.4,-0.0028859939426268636,30.450823176491717,29.612099833109355,0.12770001194439828,0.2108000044245273,7.324300007894635,0.7612000044900924,8.306999981869012,19,True,eyes_invalid_or_blink,0.7417420067697549,8.237388946671928,58.36191239805307,True,False,7,7.0
1789815165336,659,2200,0.0,0.0,0.0,0.0,-1,-1,,0.0,0,0,4.4,-0.0030405081329786827,30.462125036336033,29.611884951845642,0.10469998233020306,0.3727000148501247,8.639799983939156,0.8623999892733991,9.897600015392527,19,True,eyes_invalid_or_blink,0.7417420067697549,7.559722049035514,57.71381030912587,True,False,7,7.0
1789815165384,660,2201,0.0,0.0,0.0,0.0,-1,-1,,0.0,0,0,4.4,-0.0030697816943746365,29.52696218822163,29.60706283707937,0.10609999299049377,0.20209999638609588,7.528200017986819,0.662900012684986,8.405800006585196,19,True,eyes_invalid_or_blink,0.7417420067697549,2.6734660255304448,-71.24678701994337,True,False,7,7.0
1789815165416,661,2202,0.0,0.0,0.0,0.0,-1,-1,,0.0,0,0,4.4,-0.00328062427494326,29.688444199151878,29.607629010940155,0.11039999662898481,0.22789998911321163,7.588400010718033,0.8196999842766672,8.646000002045184,19,True,eyes_invalid_or_blink,0.7417420067697549,6.699347879621854,60.82578741282558,True,False,7,7.0
1789815165449,662,2203,0.0,0.0,0.0,0.0,-1,-1,,0.0,0,0,4.4,-0.003453668526538051,29.818712505616773,29.60816520566482,0.12069998774677515,0.21089997608214617,7.77550000930205,0.8093999931588769,8.806400001049042,19,True,eyes_invalid_or_blink,0.7417420067697549,-34.962390046214864,74.54539817633297,True,False,7,7.0
1789815165479,663,2204,0.0,0.0,0.0,0.0,-1,-1,,0.0,0,0,4.4,-0.0039214401662616746,30.002860996162255,29.609036690898456,0.11150000500492752,0.22499999613501132,7.786500005749986,0.7830999966245145,8.804499986581504,19,True,eyes_invalid_or_blink,0.7417420067697549,-18.81552148437413,-28.42631405666069,True,False,7,7.0
1789815165513,664,2205,0.0,0.0,0.0,0.0,-1,-1,,0.0,0,0,4.4,-0.0039214401662616746,30.018620258740352,29.610182590769107,0.13830000534653664,0.22650000755675137,6.285699986619875,0.017200014553964138,6.540500005939975,19,False,face_missing,0.7417420067697549,0.0,0.0,False,False,7,7.0
1789815165544,665,2206,0.0,0.0,0.0,0.0,-1,-1,,0.0,0,0,4.4,-0.004227278613408918,30.266772044868077,29.61024871216703,0.12549999519251287,0.20229999790899456,8.605600014561787,0.5556999822147191,9.376700007123873,19,True,eyes_invalid_or_blink,0.7417420067697549,-2.06279579960335,-49.72734994370385,True,False,7,7.0
1789815165576,666,2207,0.0,0.0,0.0,0.0,-1,-1,,0.0,0,0,4.4,-0.004227278613408918,30.363298997882687,29.61212320914914,0.09610000415705144,0.20119998953305185,6.193400011397898,0.007399998139590025,6.412599992472678,19,False,face_missing,0.7417420067697549,0.0,0.0,False,False,7,7.0
1789815165608,667,2208,0.0,0.0,0.0,0.0,-1,-1,,0.0,0,0,4.4,-0.00391666093883049,30.447463882865136,29.611346768743783,0.14500002725981176,0.2196999848820269,9.520399995381013,0.34100000630132854,10.090999974636361,19,True,eyes_invalid_or_blink,0.7417420067697549,-2.146176117123815,-49.057272323478045,True,False,7,7.0
1789815165640,668,2209,0.0,0.0,0.0,0.0,-1,-1,,0.0,0,0,4.4,-0.0038578436712470715,30.518506443570747,29.612852121529674,0.09030001820065081,0.1975000195670873,7.026399980532005,0.7399000169243664,7.975099986651912,19,True,eyes_invalid_or_blink,0.7417420067697549,-3.4114014319710577,-51.504578872581135,True,False,7,7.0
1789815165687,669,2210,0.0,0.0,0.0,0.0,-1,-1,,0.0,0,0,4.4,-0.0038508304718680355,29.555738462412094,29.607017826730164,0.12760001118294895,0.20740000763908029,7.624799996847287,0.7404999923892319,8.583099988754839,19,True,eyes_invalid_or_blink,0.7417420067697549,6.576404340915815,43.46277125431152,True,False,7,7.0
1789815165720,670,2211,0.0,0.0,0.0,0.0,-1,-1,,0.0,0,0,4.2,-0.0038508304718680355,29.643822849951476,29.608242496543205,0.1364000199828297,0.2297000028192997,6.166299979668111,0.007599999662488699,6.414799980120733,19,False,face_missing,0.7417420067697549,0.0,0.0,False,False,7,7.0
1789815165752,671,2212,0.0,0.0,0.0,0.0,-1,-1,,0.0,0,0,4.2,-0.003799704911790179,29.88643951900563,29.607979416838347,0.12450001668184996,0.2196999848820269,8.887900010449812,0.5533999938052148,9.670699975686148,19,True,eyes_invalid_or_blink,0.7417420067697549,-1.759761311273678,-67.59319340120122,True,False,7,7.0
1789815165784,672,2213,0.0,0.0,0.0,0.0,-1,-1,,0.0,0,0,4.2,-0.0034436333999623824,30.018007990968183,29.60927345853526,0.09050001972354949,0.20369997946545482,7.2432000015396625,0.672199996188283,8.129800000460818,19,True,eyes_invalid_or_blink,0.7417420067697549,3.172265698488502,-50.91872754584981,True,False,7,7.0
1789815165817,673,2214,0.0,0.0,0.0,0.0,-1,-1,,0.0,0,0,4.2,-0.00378049046421239,30.131763163957885,29.608034793651804,0.07770000956952572,0.19519997294992208,9.772400022484362,2.957800024887547,12.934200000017881,19,True,eyes_invalid_or_blink,0.7417420067697549,1.5399656564219413,-50.888053029629184,True,False,7,7.0
1789815165848,674,2215,0.0,0.0,0.0,0.0,-1,-1,,0.0,0,0,4.2,-0.004190749961181286,30.270158537416428,29.61031557409954,0.10989999282173812,0.21659999038092792,8.145100000547245,0.8402000239584595,9.216200007358566,19,True,eyes_invalid_or_blink,0.7417420067697549,10.56026225255539,63.532994646299166,True,False,7,7.0
1789815165880,675,2216,0.0,0.0,0.0,0.0,-1,-1,,0.0,0,0,4.2,-0.004190749961181286,30.36056345278834,29.612153865974207,0.12840001727454364,0.23139998666010797,6.016200000885874,0.006999995093792677,6.2649000028613955,19,False,face_missing,0.7417420067697549,0.0,0.0,False,False,7,7.0
1789815165915,676,2217,0.0,0.0,0.0,0.0,-1,-1,,0.0,0,0,4.2,-0.004190749961181286,30.192474494041498,29.61114484315283,0.09889999637380242,0.19910000264644623,7.501000014599413,0.007700000423938036,7.718200009549037,19,False,face_missing,0.7417420067697549,0.0,0.0,False,False,7,7.0
1789815165945,677,2218,1004.1054558406712,1598.958609850037,1574.4124520072417,1259.6415085937715,2,1,terminal,0.5134810147702306,0,24,4.4,-0.0030648749911038,30.542624158577105,29.61192090384258,0.6703999824821949,0.20359997870400548,9.031399997184053,0.6021000153850764,9.84680000692606,19,True,on_screen,0.7417420067697549,-1.6216541339320543,-57.459148795434565,True,False,7,7.0
1789815165976,678,2219,2396.090422618033,1980.0000000000002,2149.5870314347953,1763.8924525781315,2,2,terminal,0.3572990208942367,31,24,4.4,-0.003189595096131122,30.670227650768137,29.613278264070498,0.1694000093266368,0.22570000146515667,7.651399995665997,0.8664999913889915,8.754099981160834,19,True,on_screen,0.7417420067697549,-29.73747077547455,71.9088159521667,True,True,7,7.0
1789815166024,679,2220,0.0,0.0,0.0,0.0,-1,-1,,0.0,0,0,4.4,-0.003052912768753987,29.68695062722489,29.607895715195713,0.1246000174432993,0.2108000044245273,7.509599992772564,0.4309999931138009,8.16060000215657,19,True,eyes_invalid_or_blink,0.7417420067697549,5.165857120673394,-21.244379168442347,True,True,7,7.0
1789815166056,680,2221,0.0,0.0,0.0,0.0,-1,-1,,0.0,0,0,4.4,-0.002439284368321828,29.83967568629449,29.608363983951758,0.12119999155402184,0.23110001347959042,8.020499983103946,0.4504999960772693,8.712500013643876,19,True,eyes_invalid_or_blink,0.7417420067697549,9.04871427739522,-20.229626394126132,True,True,7,7.0
1789815166087,681,2222,1188.332249564749,1980.0000000000002,1476.7086841257628,1915.1677357734395,-1,-1,off_screen,0.0,0,16,4.6,-0.0016751193139276383,29.959987055448735,29.609085305031616,0.0782000133767724,0.19540000357665122,7.736400002613664,0.5027999868616462,8.444699982646853,19,True,gaze_outside_screen,0.7417420067697549,6.411930500425598,-15.11901169039046,True,True,7,7.0
1789815166122,682,2223,890.1351425049097,1980.0000000000002,1066.1072049911656,1960.550320732032,-1,-1,off_screen,0.0,35,16,4.6,-0.0007943188809543533,29.99449341312832,29.60943063162089,0.11040002573281527,0.22319998242892325,7.587200001580641,0.524500006577,8.344999980181456,19,True,gaze_outside_screen,0.7417420067697549,6.883755497824382,-9.40252047561256,False,False,8,8.0
1789815166155,683,2224,826.2201086453285,1533.1822550096083,898.1862375490797,1661.3926747263354,2,0,terminal,0.2080947043446002,0,25,4.8,-0.0005192088338168994,29.979423828915372,29.609348094026753,0.11190000805072486,0.21550001110881567,8.01540000247769,0.5791000148747116,8.819299982860684,19,True,on_screen,0.7417420067697549,6.028972535920104,-4.865016792178609,False,False,8,8.0
1789815166184,684,2225,1164.6341597744283,983.5206784813101,1084.6997831068238,1186.8822773548177,2,1,terminal,0.1633381971155381,29,25,4.8,-7.099869723674497e-05,30.36458016312078,29.610928476224558,0.09989997488446534,0.318799982778728,8.183199999621138,0.5112999933771789,9.02310002129525,19,True,on_screen,0.7417420067697549,7.533041323349835,-0.795380780452934,False,False,8,8.0
1789815166217,685,2226,1216.8511569032632,625.1719774045304,1177.2057447643315,793.6850673896165,1,1,main_file,0.49917768780527294,0,15,5.0,-2.9273763416630058e-05,30.467100409552163,29.61168733763891,0.07660000119358301,0.20519999088719487,8.305199997266755,0.4914000164717436,9.010300011141226,19,True,on_screen,0.7417420067697549,7.50484267746188,0.7577872943864582,False,False,8,8.0
1789815166248,686,2227,976.5219541528018,552.4179789386852,1036.7270913362609,624.7981054739646,0,1,main_file,0.08521158006296203,30,15,5.0,-0.00021382823980947534,30.55106471571059,29.61250186374497,0.10969999129883945,0.2175999979954213,7.96209997497499,0.5802999949082732,8.770200016442686,19,True,on_screen,0.7417420067697549,7.786831530523074,1.1841674743973076,False,False,8,8.0
1789815166280,687,2228,1129.9550736185395,508.53621055884577,1101.986678933856,543.4147790333815,0,1,main_file,0.26411798047477,62,15,5.0,7.214472144420961e-06,30.611058065163718,29.613244461385616,0.13749999925494194,0.2379999787081033,7.6908000046387315,0.6122000049799681,8.551299979444593,19,True,on_screen,0.7417420067697549,7.5659759436121305,0.8576065039958766,False,False,8,8.0
1789815166329,688,2229,1128.0082587398147,294.3859729808225,1120.2017847980271,369.09461479659024,0,1,main_file,0.4219879837865024,111,15,5.0,0.0002516381036966001,29.605742288979272,29.606288600962095,0.16309999045915902,1.7636000120546669,9.037999989232048,0.5466000002343208,11.361200013197958,19,True,on_screen,0.7417420067697549,6.855060980110409,3.3820817648109287,False,False,8,8.0
1789815166364,689,2230,1276.166045477286,410.1131511128557,1229.3767672735082,397.8075902179761,0,1,main_file,0.58973657685786,147,15,5.0,-8.152285937918814e-05,29.510152789579784,29.60546252486267,0.2468000166118145,1.6028000100050122,10.01849997555837,0.6965000065974891,12.335600011283532,19,True,on_screen,0.7417420067697549,6.01174549527974,5.528994503916036,False,False,8,8.0
1789815166392,690,2231,1428.2112694345867,247.27701003771048,1368.560918786263,292.43618409179015,0,1,main_file,0.8730857727227503,174,15,5.0,-0.00013737257561265322,30.094755324861204,29.608762630882875,0.08870000601746142,0.2373000024817884,8.281899994472042,0.898900005267933,9.430600010091439,19,True,on_screen,0.7417420067697549,5.0424863968474085,8.826383010240736,False,False,8,8.0
1789815166423,691,2232,1673.080039818143,526.8263338888161,1581.724303508579,456.50928894970826,0,1,main_file,0.6269832479732895,206,15,5.0,-0.00076259495950033,30.20803531115996,29.609749118143764,0.12240000069141388,0.20020001102238894,7.920199976069853,0.5392000020947307,8.669500006362796,19,True,on_screen,0.7417420067697549,2.4123276732091767,17.387625937493684,True,False,8,8.0
1789815166456,692,2233,248.99730600560272,1649.1905143554216,648.8154052564956,1291.3861467337076,2,0,terminal,0.5258940313642733,0,26,5.2,-0.0021301693167320983,30.307707092646478,29.61048745702967,0.12049998622387648,0.19990000873804092,7.783300010487437,0.5231999966781586,8.515599998645484,19,True,on_screen,0.7417420067697549,-0.3113410326972428,24.85559266921082,True,False,8,8.0
1789815166488,693,2234,1058.3193634277152,1980.0000000000002,935.4681759763492,1773.4158440201122,2,0,terminal,0.06149193508179163,31,26,5.2,-0.0028846750089393594,30.40025759617313,29.61107371022664,0.1052000152412802,0.2238999877590686,7.973600004334003,0.5677999870385975,8.776400005444884,19,True,on_screen,0.7417420067697549,-1.7674686324383515,27.619706227385656,True,False,8,8.0
1789815166519,694,2235,-288.0,1980.0000000000002,79.0404527929048,1918.024753206034,-1,-1,off_screen,0.0,0,17,5.4,-0.0033087330731295366,30.49377073172751,29.611544981488525,0.0838999985717237,0.20020001102238894,8.71039999765344,0.5123000009916723,9.43330000154674,19,True,gaze_outside_screen,0.7417420067697549,-4.401963371346767,36.235242278559824,True,False,8,8.0
1789815166554,695,2236,-288.0,1980.0000000000002,-177.88786416212855,1961.4074259618103,-1,-1,off_screen,0.0,34,17,5.4,-0.004295811057209359,30.432608139435338,29.612060474149718,0.08850000449456275,0.23110001347959042,7.701799971982837,0.4820000031031668,8.424700004979968,19,True,gaze_outside_screen,0.7417420067697549,-8.150126796587784,40.5002665740283,True,False,8,8.0
1789815166584,696,2237,128.57809628495338,1518.2149495308859,36.63830815082878,1651.172692460163,2,0,terminal,0.17244932802588198,0,27,5.4,-0.0037001421630069847,30.65425899501902,29.613223632112206,0.1005999802146107,0.21210001432336867,7.89099998655729,0.4847999953199178,8.598800020990893,19,True,on_screen,0.7417420067697549,-11.600706050742986,43.36634673037291,True,False,8,8.0
1789815166631,697,2238,-288.0,610.8450488469302,-190.60850755475136,922.9433419309001,-1,-1,off_screen,0.0,0,18,5.6,-0.003322523330582706,29.680196392360315,29.607452684268594,0.08070000330917537,1.7651999951340258,7.044300000416115,0.46350000775419176,9.28240001667291,19,True,gaze_outside_screen,0.7417420067697549,-13.297095778375763,44.387224313987545,True,False,8,8.0
1789815166664,698,2239,-288.0,-180.0,-258.7825522664254,150.8830025792701,-1,-1,off_screen,0.0,32,18,5.6,-0.0034304343590816234,29.83797773940352,29.608211177102323,0.089599983766675,0.23129998589865863,8.398900012252852,0.4868999822065234,9.128500008955598,19,True,gaze_outside_screen,0.7417420067697549,-14.02278176644748,45.393002619914924,True,False,8,8.0
1789815166695,699,2240,0.0,0.0,0.0,0.0,-1,-1,,0.0,0,0,5.6,-0.0034284089629130245,29.942334422277035,29.60895271098874,0.1126999850384891,0.22879999596625566,7.995300024049357,0.39300002390518785,8.626499999081716,19,True,eyes_invalid_or_blink,0.7417420067697549,-17.133896156946037,47.37992645357987,True,False,8,8.0
1789815166727,700,2241,0.0,0.0,0.0,0.0,-1,-1,,0.0,0,0,5.4,-0.0034294902094302495,30.10691011012564,29.609419882974816,0.09399998816661537,0.2007999864872545,8.918400009861216,0.4192999913357198,9.548400004860014,19,True,eyes_invalid_or_blink,0.7417420067697549,-17.53366902037331,47.27673869842386,True,False,8,8.0
1789815166761,701,2242,0.0,0.0,0.0,0.0,-1,-1,,0.0,0,0,5.4,-0.0034593766721103484,30.099835451715954,29.609854508243085,0.09370001498609781,0.20420001237653196,8.321200002683327,0.3814000228885561,8.916799997678027,19,True,eyes_invalid_or_blink,0.7417420067697549,-17.132052474134014,47.85723112884777,True,False,8,8.0
1789815166793,702,2243,0.0,0.0,0.0,0.0,-1,-1,,0.0,0,0,5.2,-0.0033626804208172125,30.149396767731837,29.61050285143449,0.08830000297166407,0.2730999840423465,7.648200000403449,0.41470001451671124,8.346299990080297,19,True,eyes_invalid_or_blink,0.7417420067697549,-17.790319045483784,48.86829453137421,True,False,8,8.0
1789815166840,703,2244,0.0,0.0,0.0,0.0,-1,-1,,0.0,0,0,5.0,-0.003372404983921098,29.301337196499485,29.605729692382052,0.11389999417588115,0.22689998149871826,7.611900015035644,0.33889999031089246,8.186799997929484,19,True,eyes_invalid_or_blink,0.7417420067697549,-16.73475480876212,48.54078525374913,True,False,8,8.0
1789815166872,704,2245,0.0,0.0,0.0,0.0,-1,-1,,0.0,0,0,5.0,-0.003434003691331582,29.482465310769136,29.60596513698518,0.19679998513311148,0.24809999740682542,8.373400021810085,0.588100025197491,9.219700004905462,19,True,eyes_invalid_or_blink,0.7417420067697549,-21.27365353470725,63.7983863271984,True,False,8,8.0
1789815166904,705,2246,0.0,0.0,0.0,0.0,-1,-1,,0.0,0,0,5.0,-0.0034665035600823773,29.686644885708862,29.607054760565966,0.09330001194030046,0.2716000017244369,7.76360000600107,0.43899999582208693,8.483199984766543,19,True,eyes_invalid_or_blink,0.7417420067697549,-21.243678136474557,64.69863301335509,True,False,8,8.0
1789815166935,706,2247,0.0,0.0,0.0,0.0,-1,-1,,0.0,0,0,5.0,-0.0034169877315990815,29.84040439696586,29.607369830131,0.08880000677891076,0.29689999064430594,8.673700009239838,0.4446999810170382,9.424899995792657,19,True,eyes_invalid_or_blink,0.7417420067697549,-20.669840976083663,64.38702164638426,True,False,8,8.0
1789815166970,707,2248,0.0,0.0,0.0,0.0,-1,-1,,0.0,0,0,5.0,-0.0034221802004889557,29.80404266063051,29.60683303158918,0.12660000356845558,0.27520000003278255,9.625100006815046,0.738000002456829,10.651799995684996,19,True,eyes_invalid_or_blink,0.7417420067697549,1.2881090250256477,7.520836475010303,False,False,8,8.0
1789815167015,708,2249,0.0,0.0,0.0,0.0,-1,-1,,0.0,0,0,5.0,-0.003308711175558735,28.99760815063303,29.603227117687073,0.10989999282173812,0.3076000139117241,6.898599996929988,0.46579999616369605,7.681799994315952,19,True,eyes_invalid_or_blink,0.7417420067697549,-17.333490182147216,63.67478993337764,True,False,8,8.0
1789815167048,709,2250,0.0,0.0,0.0,0.0,-1,-1,,0.0,0,0,5.0,-0.0033195042123450105,29.18392419173034,29.60368395716779,0.10320000001229346,0.19329998758621514,7.237799989525229,0.44120001257397234,7.885600003646687,19,True,eyes_invalid_or_blink,0.7417420067697549,-16.827571776908997,63.31000311456543,True,False,8,8.0
1789815167080,710,2251,0.0,0.0,0.0,0.0,-1,-1,,0.0,0,0,5.0,-0.0034478745925497142,29.427057270390648,29.604048403993843,0.09240000508725643,0.19290001364424825,7.752700010314584,1.143200002843514,9.098699985770509,19,True,eyes_invalid_or_blink,0.7417420067697549,-16.27961698363822,63.270227494932975,True,False,8,8.0
1789815167112,711,2252,0.0,0.0,0.0,0.0,-1,-1,,0.0,0,0,5.0,-0.0034656825935183554,29.601004757466363,29.60475983961463,0.10539998766034842,0.22410001838579774,8.295799983898178,0.4340999876148999,8.964100008597597,19,True,eyes_invalid_or_blink,0.7417420067697549,-15.537670335044027,63.58963785983393,True,False,8,8.0
1789815167160,712,2253,0.0,0.0,0.0,0.0,-1,-1,,0.0,0,0,5.0,-0.0034217654796109952,28.729716394655405,29.59947562183704,0.09929999941959977,0.20199999562464654,7.421699992846698,0.8203999896068126,8.454499999061227,19,True,eyes_invalid_or_blink,0.7417420067697549,-42.01370862026098,-51.26910598380103,True,False,8,8.0
1789815167193,713,2254,0.0,0.0,0.0,0.0,-1,-1,,0.0,0,0,5.0,-0.003446072542301828,28.834698961168364,29.599725745279393,0.12439998681657016,0.21310002193786204,7.078599999658763,0.7138000219129026,8.01550000323914,19,True,eyes_invalid_or_blink,0.7417420067697549,-15.32947909625679,63.828854911195656,True,False,8,8.0
1789815167223,714,2255,0.0,0.0,0.0,0.0,-1,-1,,0.0,0,0,5.0,-0.0036314412387788483,29.248914420311124,29.600831902304858,0.08939998224377632,0.20160002168267965,7.722400012426078,0.6932999822311103,8.628200012026355,19,True,eyes_invalid_or_blink,0.7417420067697549,33.73654136335574,64.51209898103214,True,False,8,8.0
1789815167255,715,2256,0.0,0.0,0.0,0.0,-1,-1,,0.0,0,0,5.0,-0.003593956141593911,29.434326793368257,29.601444148437814,0.1236999814864248,0.21169998217374086,7.7501000196207315,0.7118000066839159,8.683500025654212,19,True,eyes_invalid_or_blink,0.7417420067697549,-35.00224174103943,-72.68674206314488,True,False,8,8.0
1789815167288,716,2257,0.0,0.0,0.0,0.0,-1,-1,,0.0,0,0,5.0,-0.003708004907939466,29.614225082062877,29.602219952972987,0.13420000323094428,0.2027000009547919,7.704799994826317,0.53190000471659,8.450499997707084,19,True,eyes_invalid_or_blink,0.7417420067697549,-18.403182783646372,62.52284908998169,True,False,8,8.0
1789815167336,717,2258,0.0,0.0,0.0,0.0,-1,-1,,0.0,0,0,5.0,-0.003673071504811583,28.72272453816821,29.596538441291255,0.09879999561235309,0.2080999838653952,7.9153999977279454,0.43039998854510486,8.563100011087954,19,True,eyes_invalid_or_blink,0.7417420067697549,-18.335212356716994,61.3876551937907,True,False,8,8.0
1789815167367,718,2259,0.0,0.0,0.0,0.0,-1,-1,,0.0,0,0,5.0,-0.0033583752225666754,28.999919508883586,29.597523714199117,0.09620000491850078,0.19029999384656549,7.421000016620383,0.437400012742728,8.059299987507984,19,True,eyes_invalid_or_blink,0.7417420067697549,-13.629013018338526,45.90128288542474,True,False,8,8.0
1789815167401,719,2260,0.0,0.0,0.0,0.0,-1,-1,,0.0,0,0,5.0,-0.003111207113043614,29.074657229044547,29.596705714833675,0.10629999451339245,0.20410001161508262,9.740699984831735,0.38610000046901405,10.339200001908466,19,True,eyes_invalid_or_blink,0.7417420067697549,-12.325542413666312,43.89375277566174,True,False,8,8.0
1789815167432,720,2261,-288.0,1340.260677145737,-279.2347656799276,983.4473747757969,-1,-1,off_screen,0.0,0,19,5.2,-0.003336263243030893,29.43964627270633,29.598897550114426,0.08560001151636243,0.21349999587982893,7.225299981655553,0.4616999940481037,7.9117999994196,19,True,gaze_outside_screen,0.7417420067697549,-8.73162006945472,42.56996457544449,True,False,8,8.0
1789815167464,721,2262,1210.481425923324,1980.0000000000002,763.5665684423485,1681.0342124327392,2,0,terminal,0.4056461433661944,0,28,5.4,-0.0036385670792798506,29.588468340628324,29.599495236216114,0.11079999967478216,0.2103000006172806,7.200099993497133,0.4006999952252954,7.820099999662489,19,True,on_screen,0.7417420067697549,-8.942867677236507,39.43073863689534,True,False,8,8.0
1789815167496,722,2263,1063.8833393661225,1980.0000000000002,973.7883080889903,1890.3102637298218,-1,-1,off_screen,0.0,0,20,5.6,-0.003958598227531484,29.792917154888446,29.600308344435245,0.20929999300278723,0.20300000323913991,7.20060002640821,0.4778000002261251,7.891700020991266,19,True,gaze_outside_screen,0.7417420067697549,-8.696744092886519,37.48261103108262,True,True,8,8.0
1789815167544,723,2264,0.0,0.0,0.0,0.0,-1,-1,,0.0,0,0,5.6,-0.003779772832540487,28.885292696422574,29.593880407997094,0.08079997496679425,0.2075999800581485,9.319100005086511,0.4808999947272241,10.018200002377853,19,True,eyes_invalid_or_blink,0.7417420067697549,-8.049456036344083,34.93758270740241,True,True,8,8.0
1789815167576,724,2265,3168.0000000000005,1980.0000000000002,2509.7364924266976,1953.0930791189467,-1,-1,off_screen,0.0,0,21,5.6,-0.003106674445683003,29.15345861898044,29.594810124478503,0.1081999798770994,0.1951000012923032,9.044200007338077,0.47649999032728374,9.726400021463633,19,True,gaze_outside_screen,0.7417420067697549,-5.149846730788568,30.98730059664881,True,True,8,8.0
1789815167609,725,2266,3152.204390043292,1980.0000000000002,2959.4640207583134,1971.927923735684,-1,-1,off_screen,0.0,32,21,5.6,-0.0025205964520984784,29.242378813091022,29.595478009475972,0.1066999975591898,0.2542000147514045,7.782400003634393,0.45530000352300704,8.501599979354069,19,True,gaze_outside_screen,0.7417420067697549,-4.749804582362856,26.253823321545415,True,False,9,9.0
1789815167639,726,2267,2680.6405883868406,1786.2355273841813,2764.2876180982826,1841.943246289632,-1,-1,off_screen,0.0,62,21,5.4,-0.0021713843889482054,29.592342191282782,29.596970983062846,0.09819999104365706,0.20730000687763095,7.137599983252585,0.5298000178299844,7.884499995270744,19,True,gaze_outside_screen,0.7417420067697549,-3.9296388055833233,21.391951217051307,True,False,9,9.0
1789815167671,727,2268,2356.09574797803,1456.7258650966075,2478.5533090141057,1572.291079454515,2,2,terminal,0.8113999392514112,0,29,5.6,-0.0017259126852649416,29.699736613764475,29.597432711379046,0.10649999603629112,0.22059999173507094,7.127799995942041,0.5101999850012362,7.867600012104958,19,True,on_screen,0.7417420067697549,-3.2391221871483538,16.94666948371251,True,False,9,9.0
1789815167703,728,2269,2252.1206531028747,1528.4629536457721,2320.050449876244,1541.611391388395,2,2,terminal,0.840770440507044,32,29,5.4,-0.0017773723575224502,29.903006165789847,29.59811929297054,0.08219998562708497,0.19770002108998597,7.64499997603707,0.509400008013472,8.3621000230778,19,True,on_screen,0.7417420067697549,-2.800255942148368,14.893925806892621,False,False,9,9.0
1789815167738,729,2270,2098.7368872468955,1120.74358239953,2165.1309560357,1247.0039250961895,2,2,terminal,0.39012884404088455,66,29,5.4,-0.0014100572458374556,29.733293583560936,29.597311779692852,0.11900000390596688,0.2463999844621867,7.9446999880019575,0.5851000023540109,8.787200000369921,19,True,on_screen,0.7417420067697549,-1.524366832721796,13.06913304034713,False,False,9,9.0
1789815167769,730,2271,1974.0372111190172,866.141440607906,2031.365334594022,980.4001859543912,1,2,second_file,0.33343702482312443,0,4,5.6,-0.0012030775766913287,30.24786991534991,29.59868237457157,0.08659999002702534,0.22229997557587922,9.504100016783923,0.614099990343675,10.35050000064075,19,True,on_screen,0.7417420067697549,0.3653302192060721,11.698893893901513,False,False,9,9.0
1789815167802,731,2272,1966.726462384552,829.0471973631311,1986.118124047393,874.4530939405091,1,2,second_file,0.2674185595092492,32,4,5.6,-0.0015301562076289448,30.21008349726515,29.59919649854506,0.09809999028220773,0.44460000935941935,8.320900000398979,0.5477000086102635,9.324000013293698,19,True,on_screen,0.7417420067697549,1.776643050487337,11.432706401782491,False,False,9,9.0
1789815167832,732,2273,1951.1255045327289,804.0686436419683,1962.0402050198763,826.0225643434219,1,2,second_file,0.21531226539426274,62,4,5.6,-0.0016024194258107954,30.44073755964014,29.5996510590445,0.08659999002702534,0.1978000218514353,10.376199992606416,0.5910999898333102,11.17579999845475,19,True,on_screen,0.7417420067697549,1.7583126207240127,11.07964841860179,False,False,9,9.0
1789815167880,733,2274,1904.9964587600691,940.0272940288015,1922.1095826380115,905.8258751231876,1,2,second_file,0.15566588406226878,111,4,5.4,-0.0014029927857453686,29.49827237470838,29.595237416741135,0.09940000018104911,0.19279998377896845,8.106200024485588,0.5280000041238964,8.834500011289492,19,True,on_screen,0.7417420067697549,1.2726576717168712,11.381286623197713,False,False,9,9.0
1789815167912,734,2275,1880.7378406282728,994.3165455421389,1893.1493632311945,967.7693444164535,1,2,second_file,0.0965970630288907,142,4,5.4,-0.0012729613097132789,29.568698957820473,29.595592477103555,0.10620002285577357,0.19869999960064888,7.847000000765547,0.5364999815355986,8.59169999603182,19,True,on_screen,0.7417420067697549,1.3723809924717045,9.717388587567587,False,False,9,9.0
1789815167945,735,2276,1854.2636150747562,1000.4814741185243,1875.6091358458698,982.5248324920392,1,2,second_file,0.06217618761417354,175,4,5.4,-0.0012303539787014862,29.83791649580659,29.59533783550182,0.11150000500492752,0.27570000384002924,11.162599985254928,0.595899997279048,12.045199982821941,19,True,on_screen,0.7417420067697549,1.472700688070347,8.60390215859383,False,False,9,9.0
1789815167975,736,2277,1796.5058100049105,1048.4030303106729,1820.2368077571982,1028.6395709650828,1,1,main_file,0.29084775429471954,0,16,5.4,-0.0012349863547898576,29.994710000979456,29.597407984574062,0.09630000567995012,0.20490001770667732,7.8532999905291945,0.5434999766293913,8.611700002802536,19,True,on_screen,0.7417420067697549,1.5629684686664973,7.129899504665491,False,False,9,9.0
1789815168007,737,2278,1779.1857374316046,990.9732904137516,1800.0049425187071,1010.0758866054422,1,1,main_file,0.3349263896778675,32,16,5.4,-0.001172620709285423,30.099517938665205,29.597915039713516,0.09190000128000975,0.3430000215303153,7.943599979626015,0.5707000091206282,8.866199990734458,19,True,on_screen,0.7417420067697549,1.736864514772492,8.017434292588277,False,False,9,9.0
1789815168041,738,2279,1769.9689806545452,942.8623333479156,1780.6144011382173,966.6843284571115,1,1,main_file,0.3868254308935474,65,16,5.4,-0.0010973873184053733,30.113683481839114,29.598363852320936,0.12889999197795987,0.29609998455271125,7.490400021197274,0.6216000183485448,8.417600009124726,19,True,on_screen,0.7417420067697549,1.8654929732665835,8.756732863611237,False,False,9,9.0
1789815168071,739,2280,1702.700951976348,941.3636339568958,1726.074986724909,948.9598423069606,1,1,main_file,0.48725371561707087,96,16,5.4,-0.0011300167794592916,30.34635097371506,29.599078879777753,0.0811999780125916,0.2015999925788492,8.74590000603348,0.5591000081039965,9.5164000231307,19,True,on_screen,0.7417420067697549,1.9168627861526772,8.856415597491743,False,False,9,9.0
1789815168103,740,2281,1655.8774675797463,873.4554950146783,1676.9367233232952,896.1067992023629,1,1,main_file,0.5813561224279525,128,16,5.4,-0.0010995022639373065,30.432843725372035,29.600140052138613,0.07999999797903001,0.2108000044245273,7.610000000568107,0.6681999948341399,8.498699986375868,19,True,on_screen,0.7417420067697549,2.2969511671476823,9.64000874356075,False,False,9,9.0
1789815168136,741,2282,1537.0534004310737,922.9482944564862,1579.0183972987402,914.8958458802492,1,1,main_file,0.7529954674229573,161,16,5.4,-0.001173958083105343,30.525161608202005,29.600939960850518,0.11550000635907054,0.22369998623616993,7.507200003601611,0.5655999993905425,8.30719998339191,19,True,on_screen,0.7417420067697549,1.7474357205808815,10.20129214479145,False,False,9,9.0
1789815168185,742,2283,2032.6673524463797,1017.0165222676026,1896.572665902088,986.3803193513966,1,2,second_file,0.09761614037432964,0,5,5.6,-0.0012471265357309504,29.519037147168163,29.59502632650459,0.11690001701936126,0.25099999038502574,7.755900005577132,0.6156000017654151,8.634600002551451,19,True,on_screen,0.7417420067697549,0.8460777142262543,11.387151799046825,False,False,9,9.0
1789815168216,743,2284,2120.4359299930734,1045.366274153059,2053.2769507657777,1027.6704877125603,1,2,second_file,0.34725054203132266,31,5,5.6,-0.0012681320740785436,29.77291923393751,29.595217553821044,0.08379999781027436,0.2384000108577311,9.888600005069748,0.5953999934718013,10.731799993664026,19,True,on_screen,0.7417420067697549,0.5465278293789311,11.995867403492042,False,False,9,9.0
1789815168249,744,2285,2138.7860592016923,1075.3977429092138,2113.133326670918,1061.0795663502176,1,2,second_file,0.418772890286094,64,5,5.6,-0.0012963707087991373,29.780140672479902,29.595790408746502,0.09809999028220773,0.21579998428933322,8.67629999993369,0.6058999861124903,9.520499996142462,19,True,on_screen,0.7417420067697549,0.41852090479835624,11.14289482327882,False,False,9,9.0
1789815168280,745,2286,2281.3440309912744,1095.4190964407996,2230.8808196951677,1085.1172374136252,1,2,second_file,0.5570299116511852,95,5,5.6,-0.0012820820203278838,30.053091329547417,29.596558321616943,0.092999980552122,0.21089997608214617,9.763600013684481,0.5602999881375581,10.54460002342239,19,True,on_screen,0.7417420067697549,0.39458267319128026,11.58011940048519,False,False,9,9.0
1789815168312,746,2287,2379.6994196502446,1083.7113441353483,2335.0538396637216,1084.1331121188314,1,2,second_file,0.655057013517893,127,5,5.6,-0.0011580542999948193,30.183728609541213,29.596779864139833,0.11169997742399573,0.23579999106004834,9.601400000974536,2.019000006839633,11.865800013765693,19,True,on_screen,0.7417420067697549,-0.36710972931743413,10.496562366331023,False,False,9,9.0
1789815168344,747,2288,2301.390217478244,1111.0979461176619,2322.0753381509558,1094.5289969382693,1,2,second_file,0.6297848603756937,159,5,5.6,-0.001053361871569047,30.238949885942517,29.598122845652195,0.12919999426230788,0.21600001491606236,8.833600004436448,0.5514999793376774,9.610500012058765,19,True,on_screen,0.7417420067697549,-0.5291511312776151,10.698858720822287,False,False,9,9.0
1789815168378,748,2289,2337.5547707067335,1207.432748749436,2332.9109409400003,1173.561623206086,2,2,terminal,0.41123991432734,0,30,5.8,-0.001071741587605847,30.230399986704153,29.598706631944356,0.11340001947246492,0.19880000036209822,7.918099989183247,0.5803999956697226,8.70719997328706,19,True,on_screen,0.7417420067697549,-0.6711770777044705,10.45464671240002,False,False,9,9.0
1789815168408,749,2290,2229.6812177752754,1199.9583533076432,2260.650134724693,1192.039334277176,2,2,terminal,0.40283086515824496,29,30,5.6,-0.0010461098347750771,30.499757842813995,29.59999711703454,0.15820001135580242,0.2688000095076859,7.900099997641519,0.5648999940603971,8.746300009079278,19,True,on_screen,0.7417420067697549,-0.7660205504647024,9.537409944024246,False,False,9,9.0
1789815168441,750,2291,2017.509589176273,1023.7265524673835,2090.451752840799,1074.2203870103212,1,2,second_file,0.37246678028017144,0,6,5.8,-0.0008975439869351193,30.49493250483966,29.59971545099832,0.11409999569877982,0.19690001499839127,9.627899999031797,0.5926000012550503,10.42760000564158,19,True,on_screen,0.7417420067697549,1.4221335274663716,10.392868858545707,False,False,9,9.0
1789815168488,751,2292,1759.7355330945716,866.7519644317805,1858.9503990184398,928.9924912053427,1,1,main_file,0.25808561266993446,0,17,5.8,-0.0008571934428320705,29.558911583395655,29.59529805089838,0.12969999806955457,0.6861000147182494,7.139699999243021,0.6193000008352101,8.45399999525398,19,True,on_screen,0.7417420067697549,2.749204532311154,10.0165520555657,False,False,9,9.0
1789815168520,752,2293,1591.9470205309144,1138.6746963394096,1672.0480340771721,1075.7700347991895,1,1,main_file,0.4857177308634105,32,17,5.8,-0.0009656154800500132,29.787318015834888,29.59636448429948,0.11449999874457717,0.22059999173507094,7.134499988751486,0.6816000095568597,8.047099981922656,19,True,on_screen,0.7417420067697549,2.701549885380615,8.553173223148221,False,False,9,9.0
1789815168552,753,2294,1392.3599127499645,1220.6028943995857,1476.2663491481267,1177.1530365194667,2,1,terminal,0.42605084378174995,0,31,6.0,-0.001069510112504361,29.911227804543294,29.5966320178397,0.11289998656138778,0.20629999926313758,8.092000003671274,0.5947999889031053,8.904000016627833,19,True,on_screen,0.7417420067697549,2.43267479841856,8.388557107568632,False,False,9,9.0
1789815168584,754,2295,1223.2685560584582,1344.4287262609598,1299.167893985359,1294.2460193385118,2,1,terminal,0.5595074873611258,32,31,6.0,-0.001108890412288198,30.049946496839397,29.59667218164897,0.08540000999346375,0.19920000340789557,9.816199977649376,0.6094000127632171,10.635799990268424,19,True,on_screen,0.7417420067697549,2.456564680422929,8.065850289213024,False,False,9,9.0
1789815168615,755,2296,1097.4448006345544,1428.9467052049474,1157.9617286397956,1388.5364994450167,2,1,terminal,0.46423279347513,62,31,6.0,-0.0011878218713646388,30.17583203292836,29.59818416584096,0.12689997674897313,0.24200000916607678,7.688499987125397,0.5788000125903636,8.520500006852672,19,True,on_screen,0.7417420067697549,2.22527591176177,7.326691929443807,False,False,9,9.0
1789815168649,756,2297,1095.3906469049675,1565.0547804800487,1114.161971425416,1512.099296169539,2,1,terminal,0.4239572397368484,96,31,6.0,-0.0013391410951754754,30.25784185349076,29.598956178703034,0.12009998317807913,0.22139999782666564,7.103099982487038,0.6856000109110028,8.020100009161979,19,True,on_screen,0.7417420067697549,2.3701860986818133,6.039232387933671,False,False,9,9.0
1789815168681,757,2298,1149.2256294843044,1835.3940379991348,1138.706532066638,1738.4056154502562,2,1,terminal,0.32123572087101104,128,31,6.0,-0.0014702091546494964,30.284588674263805,29.599412029446373,0.11389999417588115,0.21309999283403158,7.005799998296425,0.6204999808687717,7.84960002056323,19,True,on_screen,0.7417420067697549,2.359022640906744,5.703366850610752,False,False,9,9.0
1789815168712,758,2299,1260.6764871938296,1980.0000000000002,1224.0855006556721,1907.5216846350768,-1,-1,off_screen,0.0,0,22,6.2,-0.0015348445320984248,30.481104004970206,29.60012771599,0.08019999950192869,0.2010999887716025,7.990900019649416,0.5466000002343208,8.748099993681535,19,True,gaze_outside_screen,0.7417420067697549,2.7781985956225697,5.739119407556983,False,False,9,9.0
1789815168744,759,2300,1243.0176791542765,1980.0000000000002,1236.5161181074245,1955.1099857867503,-1,-1,off_screen,0.0,32,22,6.2,-0.00154193898876606,30.541875993387873,29.600890854000273,0.08100000559352338,0.202000024728477,7.6123000180814415,0.5381999944802374,8.362599997781217,19,True,gaze_outside_screen,0.7417420067697549,3.108773124671842,5.790710685197165,False,False,9,9.0
1789815168792,760,2301,1248.5248936810658,1980.0000000000002,1239.558685801558,1961.4161701839328,-1,-1,off_screen,0.0,80,22,6.2,-0.0016015823055404738,29.573620451462176,29.594579305090626,0.08769999840296805,0.23100001271814108,9.989200014388189,0.5528000183403492,10.783400008222088,19,True,gaze_outside_screen,0.7417420067697549,2.85261925608782,5.3534145278413146,False,False,9,9.0
1789815168824,761,2302,1184.0165886453951,1980.0000000000002,1210.8321499645647,1971.0277815658162,-1,-1,off_screen,0.0,111,22,6.2,-0.0015713576248367143,29.741600239702684,29.595910157887563,0.15669999993406236,0.22020001779310405,8.165400009602308,0.6824999873060733,9.079000010387972,19,True,gaze_outside_screen,0.7417420067697549,2.7344740057890817,5.722006743657796,False,False,9,9.0
1789815168855,762,2303,1195.251797320392,1980.0000000000002,1208.1679374108853,1972.5620149386177,-1,-1,off_screen,0.0,143,22,6.2,-0.0015499123182605105,29.907216789741515,29.596681637012267,0.1194999786093831,0.19749999046325684,8.226200006902218,0.5575999966822565,8.989699999801815,19,True,gaze_outside_screen,0.7417420067697549,2.6666996326972594,5.976848038731315,False,False,9,9.0
1789815168887,763,2304,1214.3234393720807,1980.0000000000002,1208.9065976462289,1973.4545731459834,-1,-1,off_screen,0.0,175,22,6.2,-0.0015243940138385068,30.03049878306663,29.597591873123744,0.07840001489967108,0.2023999986704439,7.543999992776662,0.5144999886397272,8.270499994978309,19,True,gaze_outside_screen,0.7417420067697549,2.5544984418937986,5.897170864803424,False,False,9,9.0
1789815168927,764,2305,1184.2861277325546,1835.7520187663074,1191.672268706657,1877.0627850802102,-1,-1,off_screen,0.0,215,22,6.2,-0.0015417901481042731,29.591689545083494,29.595157517327035,0.08859997615218163,0.29299999005161226,8.52209998993203,0.6389000045601279,9.465000010095537,19,True,gaze_outside_screen,0.7417420067697549,2.3034862020003004,6.519099277406367,False,False,9,9.0
1789815168955,765,2306,1558.5940364168,1660.0044939358081,1448.5175061037571,1725.1219812791287,2,1,terminal,0.602000734143975,0,32,6.4,-0.0014998732697235426,30.136337999443057,29.596734443664136,0.2688999811653048,0.4912000149488449,9.399499977007508,0.6602999928873032,10.56230001267977,19,True,on_screen,0.7417420067697549,1.9521618556095746,8.025737673818957,False,False,9,9.0
1789815168984,766,2307,1796.9776933506564,1606.3474860052288,1692.4396371765865,1641.9798345873987,2,1,terminal,0.4883259103147003,29,32,6.4,-0.0014990916754097656,30.649655396791708,29.599651928624837,0.10209999163635075,0.21319999359548092,7.541200000559911,0.5497000238392502,8.313700003782287,19,True,on_screen,0.7417420067697549,1.4784579614254483,8.284118707520475,False,False,9,9.0
1789815169055,767,2308,1874.988392879319,1549.7489321181743,1820.2237661684992,1577.4182028589416,2,1,terminal,0.31448987780491844,100,32,6.2,-0.0014796951834308188,28.98284345508403,29.58744985219811,0.24190000840462744,0.46430001384578645,64.03509998926893,5.810599977849051,70.32939998316579,19,True,on_screen,0.7417420067697549,1.2882106444861847,7.2347622506168205,False,False,9,9.0
1789815169125,768,2310,2017.0638776685928,1628.1215973498765,1958.0118442185649,1612.910579002596,2,2,terminal,0.1940794751790723,170,32,5.8,-0.0016093823052020593,27.50070888164436,29.589583513994867,14.659400010714307,0.44579998939298093,25.932099990313873,1.4905999996699393,27.88059998420067,20,True,on_screen,0.7417420067697549,1.4950142002150528,6.337564996342094,False,False,9,9.0
1789815169153,769,2311,1955.9426076379953,1695.84623964103,1956.5633786121662,1670.9655414494998,2,2,terminal,0.16038834412512215,198,32,5.8,-0.0015634539458456703,28.303553338650552,29.592598453895892,18.10680000926368,0.48099999548867345,23.406899999827147,1.6696999955456704,25.570600002538413,20,True,on_screen,0.7417420067697549,1.5582251130624627,4.12497598475477,False,False,9,9.0
1789815169180,770,2312,1823.3544492273309,1675.8252044658216,1863.3171280427814,1674.367305560925,2,1,terminal,0.19118204777158987,225,32,5.8,-0.0014333200309269763,29.344680279516254,29.584460694103473,18.37350000278093,0.9359999967273325,52.60769999586046,1.4751999988220632,55.03230000613257,20,True,on_screen,0.7417420067697549,1.6737694626183952,3.0635783971049673,False,False,9,9.0
1789815169251,771,2313,1848.025180362558,1617.0947683231961,1855.3154459391367,1644.3988119570568,2,1,terminal,0.22319451070635865,296,32,5.6,-0.0013218336717000095,27.82933636806579,29.593897322324043,48.17389999516308,0.47619998804293573,58.524199994280934,1.9866999937221408,61.00839999271557,20,True,on_screen,0.7417420067697549,2.044688917004322,3.31451084940383,False,False,9,9.0
1789815169311,772,2316,1821.7339483381118,1567.4032535368392,1831.8083976184193,1590.5019210629043,2,1,terminal,0.2895808016006328,356,32,5.4,-0.0014891967192158708,26.679002483504895,29.59943083858763,17.9704999900423,0.3501999890431762,17.353100003674626,1.196099998196587,18.910400016466156,22,True,on_screen,0.7417420067697549,1.8288383149246101,3.009221463882492,False,False,9,9.0
1789815169330,773,2317,1789.7303569208586,1531.0384528439092,1804.9215290960076,1552.5061773118555,2,1,terminal,0.3486674059226027,375,32,5.4,-0.0014469040583536975,29.23923166023059,29.592407840297515,9.128900012001395,0.3056999994441867,16.60730000003241,1.4370999997481704,18.360499991104007,22,True,on_screen,0.7417420067697549,1.8677103557775183,3.2759862517717613,False,False,9,9.0
1789815169357,774,2318,1715.3933422420619,1569.8794185763977,1742.2517982982458,1564.6674461970351,2,1,terminal,0.4539380909389743,402,32,5.4,-0.0013783566723171038,30.088124601010065,29.5939195388189,0.21689999266527593,0.4693999944720417,20.298599993111566,0.8613000100012869,21.64630001061596,22,True,on_screen,0.7417420067697549,2.321358579073461,2.2040580477049674,False,False,9,9.0
1789815169401,775,2319,1606.001737209814,1687.595756527343,1646.8767555363438,1650.7172634282506,2,1,terminal,0.5478112409933351,446,32,5.4,-0.0014315121383827404,29.378791768856154,29.589843504019758,0.23499998496845365,0.43849999201484025,20.590800006175414,1.6965999966487288,22.742300003301352,22,True,on_screen,0.7417420067697549,3.0417640275774716,2.870644928824241,False,False,9,9.0
1789815169434,776,2320,1643.4606643297868,1736.7392793929087,1644.4854916917539,1710.9326746035113,2,1,terminal,0.4809890398041683,479,32,5.4,-0.0014266030913974315,29.446235016352894,29.590463910781168,0.5260000179987401,0.44230002094991505,19.761000003200024,1.3971999869681895,21.620599989546463,22,True,on_screen,0.7417420067697549,3.3618724061509226,3.632535279965343,False,False,9,9.0
1789815169465,777,2321,1690.8344332794832,1740.7192653523884,1667.0840996673865,1725.4558862283197,2,1,terminal,0.4346745742993269,509,32,5.4,-0.0014725319181983897,29.73994299612623,29.59201745626789,0.21009999909438193,0.6738999800290912,17.904900014400482,1.8209000118076801,20.417399995494634,22,True,on_screen,0.7417420067697549,3.1134268406329397,3.4915039165009034,False,False,9,9.0
1789815169496,778,2322,1737.7035607829516,1743.3768693121065,1712.2157171787653,1736.908861671474,2,1,terminal,0.3624641563095572,541,32,5.4,-0.0015106841226032851,29.89233603229048,29.593821096662655,0.311999989207834,0.7088000129442662,15.98499997635372,0.7285000174306333,17.441900010453537,22,True,on_screen,0.7417420067697549,2.322861378446447,4.3246863047550255,False,False,9,9.0
1789815169529,779,2323,1619.734522999114,1792.1883499112016,1647.4788812530094,1775.6045034392832,2,1,terminal,0.390551587665393,574,32,5.4,-0.0017630692914603393,30.01341591824325,29.593756830733913,0.33039998379535973,0.4393999988678843,17.1983000182081,1.5967999934218824,19.2518999974709,22,True,on_screen,0.7417420067697549,0.976509245475512,4.276532769195663,False,False,9,9.0
1789815169562,780,2324,1611.6376566036113,1816.6631661407791,1630.1850495698047,1795.4158131487873,2,1,terminal,0.3792979093596456,607,32,5.2,-0.0017472480060713568,30.045456699189383,29.593608395887557,0.3111999831162393,0.4707000043708831,18.55290000094101,1.4257000002544373,20.470300019951537,22,True,on_screen,0.7417420067697549,0.15860528338404833,5.221372056624237,False,False,9,9.0
1789815169593,781,2325,1694.6544552474238,1802.637402845044,1666.9952923593316,1799.5391405976993,2,1,terminal,0.336029422874234,638,32,5.2,-0.0017386623150449972,30.213127486850127,29.59389406557624,0.31090000993572176,0.663500017253682,19.827499985694885,1.4702999906148762,21.97939998586662,22,True,on_screen,0.7417420067697549,-0.5356788353064701,3.7655431813714064,False,False,9,9.0
1789815169626,782,2326,1705.8825373576337,1894.7106033853051,1694.2163638581433,1866.1591645490234,-1,-1,off_screen,0.0,0,23,5.4,-0.00180057890402085,30.253420367762953,29.594618689613693,0.20479998784139752,0.4501999937929213,19.651300011901185,1.0649000178091228,21.18239999981597,22,True,gaze_outside_screen,0.7417420067697549,-0.7172057175992848,3.375176398828702,False,False,9,9.0
1789815169658,783,2327,1738.996501919408,1900.6971499878136,1716.6065534466175,1883.4282502521646,-1,-1,off_screen,0.0,32,23,5.4,-0.001827198119769986,30.400244477123607,29.596062007765518,0.25439998717047274,0.4327000060584396,18.198200006736442,0.9669999999459833,19.614500022726133,22,True,gaze_outside_screen,0.7417420067697549,-0.9852043684525995,3.040039719706269,False,False,9,9.0
1789815169689,784,2328,1770.7094175028162,1923.0814320229035,1748.5156257673368,1906.8151127952422,-1,-1,off_screen,0.0,62,23,5.4,-0.0018767173323320178,30.52905893398023,29.595019277242965,0.22960000205785036,0.4619999963324517,22.506499983137473,1.6296999820042402,24.61669998592697,22,True,gaze_outside_screen,0.7417420067697549,-1.158520297666655,3.0350941219253733,False,False,9,9.0
1789815169737,785,2329,1736.118118289101,1922.0567830253988,1746.219299102001,1909.63824912609,-1,-1,off_screen,0.0,111,23,5.4,-0.0018971351304122742,29.544071763169544,29.591264879176858,0.19419999443925917,0.47160001122392714,18.056700006127357,1.4847000129520893,20.03280000644736,22,True,gaze_outside_screen,0.7417420067697549,-1.1252953306412792,2.470156465550874,False,False,9,9.0
1789815169770,786,2330,1741.2938150948962,1859.5756811455346,1744.0190212638277,1887.2746481701665,-1,-1,off_screen,0.0,144,23,5.4,-0.0017948328732421241,29.717753574852196,29.592231897385933,0.24610001128166914,0.4158999945502728,17.222700000274926,1.6289999766740948,19.285099988337606,22,True,gaze_outside_screen,0.7417420067697549,-1.0443470824377243,2.4762789078061016,False,False,9,9.0
1789815169801,787,2331,1598.6768898284693,1952.9142822020171,1642.2795292590768,1933.2223919924618,-1,-1,off_screen,0.0,175,23,5.4,-0.0017964706368554292,30.01129500066653,29.59355382876321,0.20780001068487763,0.4073999880347401,17.57779999752529,0.9325999999418855,18.93500000005588,22,True,gaze_outside_screen,0.7417420067697549,-0.8691350942213205,2.9393923096567267,False,False,9,9.0
1789815169833,788,2332,1492.6508362011223,1964.5768048077566,1537.5394441185088,1955.170480963168,-1,-1,off_screen,0.0,207,23,5.2,-0.0017970620779685694,30.089021152351727,29.595564253376978,0.18000000272877514,0.44230002094991505,13.702900003409013,0.6951999966986477,14.892000006511807,22,True,gaze_outside_screen,0.7417420067697549,-0.6694318227636131,2.5151651400285204,False,False,9,9.0
1789815169953,789,2333,1477.9005034571185,1973.616184473623,1504.7316472063285,1965.3175910218329,-1,-1,off_screen,0.0,327,23,4.8,-0.0018201126078255542,27.907605489158833,29.594279705464025,0.7231000054161996,0.48309998237527907,30.61449999222532,1.5091999957803637,32.62650000397116,22,True,gaze_outside_screen,0.7417420067697549,-0.13353712968168452,2.7517073191340837,False,False,9,9.0
1789815169988,790,2336,1501.1520650510217,1980.0000000000002,1504.2070684633577,1967.469261052407,-1,-1,off_screen,0.0,361,23,4.8,-0.0018804416310349778,28.029689711808267,29.57779843387991,17.661599995335564,0.603599997702986,73.22279998334125,36.05530000641011,109.89749999134801,24,True,gaze_outside_screen,0.7417420067697549,0.48326261498723966,2.641555064636197,False,False,9,9.0
1789815170097,791,2338,1358.22471378054,1980.0000000000002,1402.0194201853853,1976.2407783157223,-1,-1,off_screen,0.0,470,23,4.6,-0.0018129027939434769,26.134375904267127,29.595258245699032,0.8935999940149486,0.5697000015061349,19.421799981500953,0.6645999965257943,20.667900011176243,25,True,gaze_outside_screen,0.7417420067697549,1.1273622550596656,3.0351418797262433,False,False,9,9.0
1789815170119,792,2340,1394.3992858983336,1977.4598748466099,1401.1050040709392,1976.3870698994288,-1,-1,off_screen,0.0,493,23,4.6,-0.0018520930631920427,28.3026301684857,29.600129398972683,12.482300022384152,0.43899999582208693,18.73499999055639,1.342200004728511,20.52779999212362,26,True,gaze_outside_screen,0.7417420067697549,1.4683377660527128,3.1919616091567216,False,False,9,9.0
1789815170139,793,2341,1431.2837739590243,1980.0000000000002,1409.461272178707,1977.387462317243,-1,-1,off_screen,0.0,513,23,4.6,-0.0018173478115010699,30.284478273254702,29.583071182165927,1.33940001251176,0.4307999915909022,34.00009998586029,10.90470000053756,45.35149998264387,26,True,gaze_outside_screen,0.7417420067697549,1.6692941484656387,3.335285233493084,False,False,9,9.0
1789815170196,794,2342,1535.4355474984977,1980.0000000000002,1497.6432649025605,1979.2162386951732,-1,-1,off_screen,0.0,570,23,4.6,-0.0018672755908835954,29.043890163480818,29.593991147158015,0.21620001643896103,0.4585999995470047,59.58530001225881,1.5263000095728785,61.59009999828413,26,True,gaze_outside_screen,0.7417420067697549,1.6295013331408654,3.236604546167088,False,False,9,9.0
1789815170257,795,2344,1679.7458866471377,1941.4295806644545,1625.1151001237645,1952.7655780736702,-1,-1,off_screen,0.0,631,23,4.6,-0.0018549478126438507,27.75604420239892,29.597998407899215,12.179699988337234,0.8137999975588173,20.70270001422614,1.2629999837372452,22.791900002630427,27,True,gaze_outside_screen,0.7417420067697549,1.3946426373189524,3.0884403439763637,False,False,9,9.0
1789815170279,796,2345,1706.1198878292146,1867.205753113435,1681.8184515175794,1892.8737006015058,-1,-1,off_screen,0.0,653,23,4.6,-0.0018030686069677292,29.317310557861212,29.602830968444778,14.82199999736622,0.44529998558573425,18.657300010090694,1.4659000153187662,20.580500015057623,27,True,gaze_outside_screen,0.7417420067697549,1.4718871385608452,3.088798546934462,False,False,9,9.0
1789815170301,797,2346,1722.340059365991,1852.8515886820512,1702.2183287285034,1872.7252856636533,-1,-1,off_screen,0.0,675,23,4.6,-0.0018156448619767226,31.183744678677627,29.592088505335735,3.719700005603954,0.43059999006800354,51.53359999530949,10.323199996491894,62.30150000192225,27,True,gaze_outside_screen,0.7417420067697549,1.454394699672605,3.2397567126593922,False,False,9,9.0
1789815170364,798,2347,1734.8783587319908,1751.7851357794336,1725.0803497309446,1788.0671807446995,2,1,terminal,0.2840032169512242,0,33,4.8,-0.0017524705057706865,29.662140901712323,29.589815989851147,3.0789000156801194,0.461799994809553,37.49669998069294,1.5851999924052507,39.562599995406345,27,True,on_screen,0.7417420067697549,0.7781177004133042,3.821764528843593,False,False,9,9.0
1789815170404,799,2348,1732.9716729755878,1677.1923818370915,1730.6042760021949,1710.4548215093737,2,1,terminal,0.36610985169142596,39,33,4.8,-0.001677427722896004,29.20739795694826,29.593894065818773,10.86889998987317,0.43539999751374125,20.854700007475913,1.2972999829798937,22.599799995077774,27,True,on_screen,0.7417420067697549,0.7900631753965399,4.166632041261856,False,False,9,9.0
1789815170427,800,2349,1773.004353740673,1712.0771906735772,1746.6976251388496,1711.0706070168699,2,1,terminal,0.3422548391150708,62,33,4.8,-0.0016455225306015332,30.659408926264433,29.59879456175552,16.6148999996949,0.43410001671873033,18.467899993993342,1.4618000132031739,20.37360001122579,27,True,on_screen,0.7417420067697549,0.10973671914661054,3.731331714962665,False,False,9,9.0
1789815170447,801,2350,1763.7832205372797,1700.033523195427,1749.963354182893,1708.9609863477217,2,1,terminal,0.33958461140561924,82,33,4.8,-0.0016375122758991115,32.46548027143187,29.591798429821715,5.993600003421307,0.37739999243058264,17.17909998842515,1.0553000029176474,18.61919998191297,27,True,on_screen,0.7417420067697549,-0.38083927068279877,3.569004843688213,False,False,9,9.0
1789815170473,802,2351,1819.5783543663208,1763.098876548908,1798.6938543112924,1746.8575094885523,2,1,terminal,0.23074060149001308,108,33,4.8,-0.0016702201425227697,33.057217608123445,29.586019453829707,0.1863999932538718,0.40450002416037023,31.925000017508864,9.530200011795387,41.878200019709766,27,True,on_screen,0.7417420067697549,-0.9109113426996487,3.643394913006345,False,False,9,9.0
1789815170518,803,2352,1833.3079414855704,1783.3991008576904,1814.1649307668044,1763.1901012172204,2,1,terminal,0.1918246519219169,153,33,4.8,-0.00165963332167785,31.976279040910335,29.600156409538098,0.18640002235770226,0.4889000265393406,58.57039999682456,1.2524000194389373,60.32929997309111,27,True,on_screen,0.7417420067697549,-1.2992968188714258,3.7661742730666012,False,False,9,9.0
1789815170579,804,2354,1847.3793372638143,1940.493089930198,1837.4150153147111,1887.3021933163047,-1,-1,off_screen,0.0,0,24,5.0,-0.0017853640677510645,30.429224711156422,29.593770647557232,3.527600027155131,0.43829999049194157,14.938100008293986,1.515799987828359,16.90509999752976,28,True,gaze_outside_screen,0.7417420067697549,-1.0318707825116462,3.3813191189614433,False,False,9,9.0
1789815170602,805,2355,1771.040892879533,1950.9661851979827,1790.9531296100865,1931.8669876334793,-1,-1,off_screen,0.0,23,24,5.0,-0.0017797972512993612,31.76755922479433,29.596814882021686,0.11100000119768083,0.20619999850168824,18.096699990564957,1.3699000119231641,19.68609998584725,28,True,gaze_outside_screen,0.7417420067697549,-0.8657158030136713,3.593409661167223,False,False,9,9.0
1789815170649,806,2356,1682.2259537156592,1876.5178911268156,1714.8441064839872,1893.1226200788149,-1,-1,off_screen,0.0,69,24,5.0,-0.0016760670470177246,30.720384030974834,29.590151719297225,0.1784999913070351,0.4093000025022775,22.645900025963783,1.3654000067617744,24.441100016701967,28,True,gaze_outside_screen,0.7417420067697549,0.18268112068318487,3.730031594567006,False,False,9,9.0
1789815170682,807,2357,1612.9488702380372,1830.9528496359146,1643.517441111822,1849.6037807687846,-1,-1,off_screen,0.0,102,24,5.0,-0.0016130321358979217,30.679484516421873,29.592956739690287,0.2111000067088753,0.4216000088490546,16.080499975942075,1.1774000013247132,17.693900008453056,28,True,gaze_outside_screen,0.7417420067697549,0.70465940689391,3.883091854424328,False,False,9,9.0
1789815170712,808,2358,1586.3166627226783,1816.3779724089702,1610.2339342363261,1830.2706274074017,-1,-1,off_screen,0.0,132,24,5.0,-0.0015741893889375802,30.87706610950433,29.593231767358223,0.1908999984152615,0.4538999928627163,18.149200011976063,1.4996000099927187,20.12299999478273,28,True,gaze_outside_screen,0.7417420067697549,0.8469534792716047,4.269668920478304,False,False,9,9.0
1789815170745,809,2359,1593.5081148824029,1815.034687796864,1606.7110703139479,1827.0615683567366,-1,-1,off_screen,0.0,165,24,5.0,-0.0015866223031511025,30.861348489377043,29.593271865390776,0.18519998411647975,0.4260999849066138,19.50520000536926,1.3029999972786754,21.254299994325265,28,True,gaze_outside_screen,0.7417420067697549,0.5976906023639117,4.28476605016284,False,False,9,9.0
1789815170777,810,2360,1579.9083199335614,1830.5767462838096,1600.0581863582302,1827.934093396168,-1,-1,off_screen,0.0,197,24,5.0,-0.0016201195852627564,30.84962043365021,29.594348818646015,0.235699990298599,0.4366000066511333,17.636300006415695,1.5254000027198344,19.617100013419986,28,True,gaze_outside_screen,0.7417420067697549,0.5340415375271448,4.304897232262055,False,False,9,9.0
1789815170809,811,2361,1558.641831462978,1839.6979260653543,1584.1179495503939,1832.461731788993,-1,-1,off_screen,0.0,230,24,5.0,-0.0015983579103233739,31.018373319231294,29.593421324032995,0.17680000746622682,0.5141000146977603,23.34870002232492,1.2944999907631427,25.173500005621463,28,True,gaze_outside_screen,0.7417420067697549,0.660747727899377,4.361795999862419,False,False,9,9.0
1789815170845,812,2362,1543.4921761149164,1845.1872680116296,1568.6491608163954,1837.3071443118451,-1,-1,off_screen,0.0,266,24,5.0,-0.001655677314844452,30.621439164215317,29.595494358884995,0.205100019229576,0.42460000258870423,14.63079999666661,1.3304000021889806,16.40449999831617,28,True,gaze_outside_screen,0.7417420067697549,1.0502402779674753,3.885480459319067,False,False,9,9.0
1789815170873,813,2363,1684.3827220949534,1980.0000000000002,1649.662653711386,1937.1921432935537,-1,-1,off_screen,0.0,293,24,5.0,-0.0017737034817578365,31.043008886015016,29.596290367144686,0.23320000036619604,0.45739999040961266,17.55700001376681,1.3066999963484704,19.341199978953227,28,True,gaze_outside_screen,0.7417420067697549,1.2517209549775998,3.507116446571252,False,False,9,9.0
1789815170905,814,2364,1735.3380943921482,1980.0000000000002,1709.6354621879195,1967.157642988066,-1,-1,off_screen,0.0,325,24,5.0,-0.00188318239867836,31.161167249366258,29.59724097023502,0.23710000095888972,0.4358000005595386,17.809799988754094,1.267700019525364,19.531499972799793,28,True,gaze_outside_screen,0.7417420067697549,-0.9435823037021862,2.6241483452406507,False,False,9,9.0
1789815170953,815,2365,1782.7290031475861,1980.0000000000002,1757.1931596618704,1975.5134145324087,-1,-1,off_screen,0.0,374,24,4.8,-0.0018488190837601792,30.131935910647197,29.59075961929781,0.21190001280047,0.40920000174082816,21.200799994403496,1.2741000100504607,22.901699994690716,28,True,gaze_outside_screen,0.7417420067697549,-1.9987763828054028,2.177487664400774,False,False,9,9.0
1789815170988,816,2366,1813.5589918998712,1980.0000000000002,1785.372415650509,1977.7564159285796,-1,-1,off_screen,0.0,408,24,4.8,-0.001964169617299819,29.963385005524486,29.591404105833128,0.2023999986704439,0.42389999725855887,18.058799993013963,1.3005000073462725,19.801100017502904,28,True,gaze_outside_screen,0.7417420067697549,-2.2004189902262112,1.5736014170927684,False,False,9,9.0
1789815171017,817,2367,1823.4767101657717,1980.0000000000002,1798.4504636747718,1978.5264524980994,-1,-1,off_screen,0.0,437,24,4.8,-0.0019354378987861982,30.35734820768204,29.59191074827414,0.22610000451095402,0.5002999969292432,21.576999977696687,0.6335999933071434,22.729000018443912,28,True,gaze_outside_screen,0.7417420067697549,-2.15611788901046,2.062752437557072,False,False,9,9.0
1789815171049,818,2368,1862.1242303010256,1951.6667061187713,1837.1061815990074,1962.2201644525023,-1,-1,off_screen,0.0,470,24,4.8,-0.0018608964868505867,30.513809106851372,29.591418481641547,0.2230999816674739,0.3958999877795577,54.94999999064021,4.95589998899959,60.321199998725206,28,True,gaze_outside_screen,0.7417420067697549,-1.7478712111114305,1.8494795686852328,False,False,9,9.0
1789815171109,819,2369,1914.6735299490124,1900.6176648666947,1891.4033254440108,1919.098414742437,-1,-1,off_screen,0.0,529,24,4.6,-0.0018585082559929075,29.112497911758382,29.594401423545733,17.934000003151596,0.4498000198509544,23.58259999891743,1.3931000139564276,25.438100012252107,28,True,gaze_outside_screen,0.7417420067697549,-1.6634686261560603,2.3172939103555352,False,False,9,9.0
1789815171135,820,2370,1840.895794118202,1980.0000000000002,1856.42704981944,1961.272533651578,-1,-1,off_screen,0.0,555,24,4.6,-0.001891125991963668,30.095253300312987,29.598847937431795,18.26669997535646,0.4391999973449856,19.391999987419695,1.6690999909769744,21.512100007385015,28,True,gaze_outside_screen,0.7417420067697549,-1.2557260005923752,2.9680846839987245,False,False,9,9.0
1789815171156,821,2371,1805.0087336366325,1980.0000000000002,1831.5200939022018,1970.3440905093203,-1,-1,off_screen,0.0,576,24,4.4,-0.001889372699645826,31.678319197026894,29.591857666692125,10.140400001546368,0.40699998498894274,16.606300021521747,1.633800013223663,18.66069997777231,28,True,gaze_outside_screen,0.7417420067697549,-1.1612233031931396,2.9988549449963946,False,False,9,9.0
1789815171189,822,2372,1777.2668096207988,1980.0000000000002,1805.0625248927247,1975.0529647292446,-1,-1,off_screen,0.0,609,24,4.4,-0.001914260172658189,31.65318459135112,29.583276134429077,4.257300024619326,0.47870000707916915,68.89900000533089,8.290500001749024,77.68839999334887,28,True,gaze_outside_screen,0.7417420067697549,-1.0232590066064517,3.2001434949241263,False,False,9,9.0
1789815171268,823,2373,1862.027675074362,1980.0000000000002,1833.8501498830124,1977.5529738705204,-1,-1,off_screen,0.0,688,24,4.2,-0.0019603029914221515,29.757441395888073,29.597441939579134,46.89719999441877,0.5447000148706138,26.260800019372255,1.2824000150430948,28.103699994971976,28,True,gaze_outside_screen,0.7417420067697549,-0.9644333574799475,3.832291756597461,False,False,9,9.0
1789815171295,824,2375,1857.922537164684,1947.9963643888123,1842.1017156619073,1967.4215189181853,-1,-1,off_screen,0.0,716,24,4.2,-0.001980562750391813,30.305106790917005,29.588695762739505,1.3323999883141369,0.5676000146195292,21.10569999786094,1.7555000085849315,23.4405999945011,29,True,gaze_outside_screen,0.7417420067697549,-0.9298642622280227,3.487327991687441,False,False,9,9.0
1789815171322,825,2376,1835.7105678406556,1904.6925042373132,1838.5516982746651,1932.5781544663123,-1,-1,off_screen,0.0,743,24,4.2,-0.0019798921700830002,31.063623089731884,29.591969005641673,0.295300007564947,0.4980000085197389,19.997000024886802,1.4499000099021941,21.964000014122576,29,True,gaze_outside_screen,0.7417420067697549,-0.874982326808265,3.105741942787001,False,False,9,9.0
1789815171352,826,2377,1789.4754721813333,1847.6496763018881,1804.198340009333,1873.1282197512153,-1,-1,off_screen,0.0,773,24,4.2,-0.0020193077522167435,31.178764964213286,29.593001941522292,0.3158000181429088,0.4574000195134431,19.990100001450628,1.4455000055022538,21.911999996518716,29,True,gaze_outside_screen,0.7417420067697549,-0.6515223544321316,2.7946685047029085,False,False,9,9.0
1789815171385,827,2378,1876.0230398433382,1874.2556606885091,1849.4726781918012,1873.83889647376,-1,-1,off_screen,0.0,805,24,4.2,-0.0020655697761994187,31.25536840607741,29.595473044579645,0.22070002160035074,0.444800010882318,15.869599999859929,1.3598999939858913,17.689799977233633,29,True,gaze_outside_screen,0.7417420067697549,-0.7352524369599109,2.5631586089259963,False,False,9,9.0
1789815171419,828,2379,2042.930234972007,1896.0286103741607,1984.8929679379453,1889.3716962040407,-1,-1,off_screen,0.0,839,24,4.2,-0.002131811771765321,31.09324233337636,29.594324360419602,0.3876000118907541,0.4010999982710928,19.14519999991171,1.2904000177513808,20.854200003668666,29,True,gaze_outside_screen,0.7417420067697549,-0.8323127319278569,2.5775632792762573,False,False,9,9.0
1789815171449,829,2380,2119.886588925036,1897.5765757314819,2079.3885026289086,1895.1151118732496,-1,-1,off_screen,0.0,869,24,4.2,-0.002146904853564882,31.264542730759768,29.596503800322274,0.17579999985173345,0.2843000111170113,16.620199981844053,1.323400007095188,18.24030000716448,29,True,gaze_outside_screen,0.7417420067697549,-0.8672067894049178,2.7439874172523853,False,False,9,9.0
1789815171482,830,2381,2186.6570716070055,1895.0374657546752,2154.4765009135763,1895.0607595902475,-1,-1,off_screen,0.0,903,24,4.0,-0.0021619590183825557,31.20100692914241,29.596616440227464,0.25370001094415784,0.443600001744926,17.88149998174049,0.7316000119317323,19.072399998549372,29,True,gaze_outside_screen,0.7417420067697549,-0.9885299669711856,2.912773854342561,False,False,9,9.0
1789815171513,831,2382,2247.174626592795,1898.1856944671852,2219.3651888890295,1897.2482140041038,-1,-1,off_screen,0.0,934,24,4.0,-0.002151806011279808,31.24786848518571,29.597614356736738,0.21470000501722097,0.4416000156197697,16.406400012783706,1.7048000008799136,18.570899992482737,29,True,gaze_outside_screen,0.7417420067697549,-1.1362119954385435,3.028874821023485,False,False,9,9.0
1789815171545,832,2383,2305.118019263168,1871.9487771083818,2279.3921701509266,1879.5386081770985,-1,-1,off_screen,0.0,966,24,3.8,-0.0020988283927060574,31.162207341544576,29.597679316384998,0.23239999427460134,0.43890002416446805,17.79130002250895,1.028099999530241,19.27729998715222,29,True,gaze_outside_screen,0.7417420067697549,-1.194799212393292,2.7532453741872702,False,False,9,9.0
1789815171592,833,2384,2298.5640540435593,1824.0192023850577,2289.3353621879337,1850.7443531804406,-1,-1,off_screen,0.0,1013,24,3.6,-0.002019352775767159,30.207788859378443,29.592900926229525,0.22289998014457524,0.4093000025022775,17.94049999443814,1.445000001695007,19.810900004813448,29,True,gaze_outside_screen,0.7417420067697549,-1.0475416725075775,2.3145943842628824,False,False,9,9.0
1789815171625,834,2385,2315.461318286242,1793.5373092961158,2303.810860679452,1819.0478872468789,-1,-1,off_screen,0.0,1046,24,3.6,-0.001981816137230497,30.169929774649773,29.59194380782737,0.17549999756738544,0.4430000262800604,21.546500007389113,0.680800003465265,22.685200005071238,29,True,gaze_outside_screen,0.7417420067697549,-0.9916855626877066,2.4752404012238967,False,False,9,9.0
1789815171656,835,2386,2278.7619856996353,1740.2127238687315,2286.2766481935805,1763.8632728821758,2,2,terminal,0.4923899124273078,0,34,3.6,-0.0019286806988137277,30.31278398728253,29.583249022002043,0.16969998250715435,0.42910000775009394,75.24030000786297,6.645700021181256,82.33309999923222,29,True,on_screen,0.7417420067697549,-0.8817426979650236,2.2760371633255208,False,False,9,9.0
1789815171743,836,2387,2199.9740044263413,1891.9754892119452,2225.864797556513,1853.5418243130143,-1,-1,off_screen,0.0,0,25,3.8,-0.0019164243171193047,28.44956204736706,29.59817087119671,44.74250000203028,0.43280000681988895,21.747899998445064,1.4154999807942659,23.614799982169643,29,True,gaze_outside_screen,0.7417420067697549,-0.7772910368625787,2.6270149402736385,False,False,9,9.0
1789815171767,837,2389,2100.382199997197,1898.5810384633965,2138.026979264992,1885.0692742182819,-1,-1,off_screen,0.0,23,25,3.8,-0.0019195043188530055,29.796370703580198,29.592967959291773,13.170899997930974,0.4130000015720725,75.34969999687746,5.756200000178069,81.53279998805374,30,True,gaze_outside_screen,0.7417420067697549,-0.7463057987725392,2.3673800677783916,False,False,9,9.0
1789815171848,838,2391,1787.915963862224,1811.5330377458465,1892.9492684830545,1833.593908687577,-1,-1,off_screen,0.0,105,25,3.8,-0.0018000448323912868,28.038918239355844,29.59144160482654,15.335800009779632,0.7253999938257039,35.33290000632405,1.6008999955374748,37.67260001040995,31,True,gaze_outside_screen,0.7417420067697549,-0.4679820547256952,1.5295903464226637,False,False,9,9.0
1789815171886,839,2392,1691.5547423896262,1826.558643254696,1751.9731002176545,1828.6692228845604,-1,-1,off_screen,0.0,142,25,3.8,-0.0017375594926407525,27.871427201406377,29.593430256508494,18.88739998685196,0.44159998651593924,26.349699997808784,1.297699986025691,28.101200005039573,31,True,gaze_outside_screen,0.7417420067697549,-0.27736252797689076,1.3139458688052483,False,False,9,9.0
1789815171914,840,2393,1671.8969022846563,1888.9011581914276,1695.9197616645556,1870.8315775993674,-1,-1,off_screen,0.0,171,25,3.8,-0.0017845853331741272,28.6097932999166,29.590413182537556,16.248100000666454,0.45039999531582,67.13730000774376,7.969899976160377,75.57129999622703,31,True,gaze_outside_screen,0.7417420067697549,-0.33567879211989293,1.314861090388174,False,False,9,9.0
1789815171990,841,2395,1678.0408370603263,1855.6986544388012,1692.0322414345428,1867.5411366904095,-1,-1,off_screen,0.0,246,25,3.8,-0.001771705196743566,27.0661304907956,29.58893499200994,1.1862999817822129,0.5800999933853745,34.63100001681596,2.274700003908947,37.498599995160475,32,True,gaze_outside_screen,0.7417420067697549,-0.05128419484347546,1.5608332724023863,False,False,9,9.0
1789815172029,842,2396,1677.2663671262042,1898.800121174026,1687.417647452588,1877.310116072731,-1,-1,off_screen,0.0,286,25,3.8,-0.001807895604386909,26.94960723959946,29.59338997004469,14.483100007055327,0.43280000681988895,19.504899973981082,0.5377000197768211,20.49039999837987,32,True,gaze_outside_screen,0.7417420067697549,0.13209150793073832,1.8831230178007565,False,False,9,9.0
1789815172049,843,2397,1674.779056368282,1940.6326316883656,1680.233825139191,1913.3028701372957,-1,-1,off_screen,0.0,305,25,3.8,-0.0018242623501172218,29.091382490909652,29.59836790896121,20.587700011674315,0.3954000130761415,18.3275000017602,1.245200022822246,19.97929997742176,32,True,gaze_outside_screen,0.7417420067697549,0.4413005053222605,2.033419094663807,False,False,9,9.0
1789815172071,844,2398,1604.6661939788423,1954.9399569829027,1627.336483326947,1942.4488309292205,-1,-1,off_screen,0.0,328,25,3.8,-0.0018395272753657065,31.06184021296749,29.603818891155104,13.318800018168986,0.44059997890144587,16.868400009116158,1.0257999820169061,18.34650000091642,32,True,gaze_outside_screen,0.7417420067697549,0.6901978479695003,2.1684599628719567,False,False,9,9.0
1789815172089,845,2399,1573.6411084732515,1938.2877020151839,1601.7232423788894,1940.4639300363308,-1,-1,off_screen,0.0,345,25,3.8,-0.0018377553723600074,33.3346897951503,29.596090774624418,0.4008999967481941,0.4087999986950308,19.355299999006093,1.1389999999664724,20.916699984809384,32,True,gaze_outside_screen,0.7417420067697549,0.7914538083723528,2.21474387405645,False,False,9,9.0
1789815172121,846,2400,1584.5452218561895,1935.4481031471973,1598.7981052387154,1939.6098164029993,-1,-1,off_screen,0.0,378,25,3.8,-0.0018435678270240976,33.06906307888495,29.596360616432143,0.19390002125874162,0.7415000000037253,19.469199993181974,1.1403000098653138,21.369599999161437,32,True,gaze_outside_screen,0.7417420067697549,0.7987099245947036,2.201306181020974,False,False,9,9.0
1789815172153,847,2401,1617.651840705834,1928.062579249806,1602.6861733645328,1937.2285140454435,-1,-1,off_screen,0.0,410,25,3.8,-0.0018412779658263639,32.95332362224836,29.597739623213005,0.12919999426230788,0.21359999664127827,18.59550000517629,1.219500001752749,20.041100011439994,32,True,gaze_outside_screen,0.7417420067697549,0.8918280112245043,2.250906171098764,False,False,9,9.0
1789815172201,848,2402,1670.4198877504211,1915.8151937871373,1644.9221233475891,1923.876050924221,-1,-1,off_screen,0.0,457,25,3.8,-0.001830154824351917,31.744071265616107,29.59121250286336,0.222100003156811,0.45999998110346496,22.0821000111755,1.2298000219743699,23.7918000202626,32,True,gaze_outside_screen,0.7417420067697549,0.8858814296611115,2.5338727124295213,False,False,9,9.0
1789815172234,849,2403,1666.0194830068988,1905.2506803530864,1650.3586268445965,1919.0765454942443,-1,-1,off_screen,0.0,490,25,3.8,-0.0018209727302220102,31.59254736494731,29.59346412765875,0.3575999871827662,0.4470999992918223,16.65609999326989,1.2045000039506704,18.32580001791939,32,True,gaze_outside_screen,0.7417420067697549,0.8439142098875436,2.521740680033377,False,False,9,9.0
1789815172265,850,2404,1654.3422399103802,1916.867644897827,1650.8366604124906,1918.8114774226742,-1,-1,off_screen,0.0,522,25,3.8,-0.0018129871887334666,31.5796287187778,29.593160577431874,0.28020000900141895,0.5648999940603971,19.09950000117533,1.4853000175207853,21.168100007344037,32,True,gaze_outside_screen,0.7417420067697549,0.7912088345689767,2.4078561845932156,False,False,9,9.0
1789815172298,851,2405,1659.0578866626015,1906.3776435170412,1652.0269826290694,1917.011226671161,-1,-1,off_screen,0.0,555,25,3.8,-0.0018066793428925306,31.574449756700076,29.59430037450181,0.22399998852051795,0.4391999973449856,18.336800014367327,1.31720001809299,20.111000019824132,32,True,gaze_outside_screen,0.7417420067697549,0.7307976287133897,2.262566652757217,False,False,9,9.0
1789815172329,852,2406,1663.5823217560915,1902.1050602199252,1654.0897990249257,1914.3502329766475,-1,-1,off_screen,0.0,585,25,3.8,-0.0017938834548837362,31.60674657056151,29.592426534987297,0.35749998642131686,0.4388000234030187,23.373200005153194,3.867099992930889,27.698999998392537,32,True,gaze_outside_screen,0.7417420067697549,0.5963859466444035,2.0792207635386055,False,False,9,9.0
1789815172361,853,2407,1679.6006697007947,1895.4716798728732,1661.445618317604,1908.9067799913305,-1,-1,off_screen,0.0,618,25,3.8,-0.0017957633332539146,31.560007710457363,29.594931831895682,0.17549999756738544,2.6134999934583902,18.504500010749325,1.3560000224970281,22.49229999142699,32,True,gaze_outside_screen,0.7417420067697549,0.503173070788506,2.0974071272520804,False,False,9,9.0
1789815172399,854,2408,1678.6120405729575,1912.7660354302816,1664.324788860708,1909.5540584057176,-1,-1,off_screen,0.0,655,25,3.8,-0.0017876658215404424,31.05770938479535,29.599523797945167,0.27290001162327826,0.3588999970816076,65.24230001377873,7.8548000019509345,73.5446999897249,32,True,gaze_outside_screen,0.7417420067697549,0.6767981013837243,2.126636960438253,False,False,9,9.0
1789815172472,855,2410,1684.9761536055942,1895.843588202265,1669.0555207988682,1906.4133187945629,-1,-1,off_screen,0.0,728,25,3.4,-0.0017328190730790168,29.306636267450994,29.596937319240723,3.5143000131938607,0.45220000902190804,38.72859998955391,1.4358999906107783,40.62970000086352,33,True,gaze_outside_screen,0.7417420067697549,1.2490368363308448,2.153092364221315,False,False,9,9.0
1789815172514,856,2411,1683.6276793873485,1904.8346817616166,1671.1344754636366,1906.188100629135,-1,-1,off_screen,0.0,770,25,3.2,-0.0017315167211072059,28.82003418251609,29.589582379650498,7.704499992541969,0.2395999908912927,18.33469999837689,1.3787999923806638,19.962699996540323,33,True,gaze_outside_screen,0.7417420067697549,1.3835251724093496,2.1232707802020334,False,False,9,9.0
1789815172537,857,2412,1664.2213607423178,1891.039311173399,1670.030618908906,1903.7692068003694,-1,-1,off_screen,0.0,793,25,3.2,-0.0016894173686895896,29.971638784873832,29.592743994623273,0.2649000089149922,0.48699998296797276,19.174099987139925,0.5783000087831169,20.257700001820922,33,True,gaze_outside_screen,0.7417420067697549,1.573225924856274,2.1119678827497923,False,False,9,9.0
1789815172570,858,2413,1601.5242912861036,1761.722909972148,1622.0761895729443,1804.3367990206143,-1,-1,off_screen,0.0,826,25,3.2,-0.0015676454515720778,30.143323852603718,29.593876052030275,0.34100000630132854,0.22509999689646065,18.45649999449961,0.6790000188630074,19.374199997400865,33,True,gaze_outside_screen,0.7417420067697549,1.8482411391396454,2.3336608488742967,False,False,9,9.0
1789815172602,859,2414,1603.711171259074,1797.7048777982434,1618.6935273285328,1803.1152620124055,-1,-1,off_screen,0.0,858,25,3.0,-0.0015981718035323507,30.279848186673494,29.59426888716086,0.21210001432336867,0.454699998954311,18.990499986102805,0.8830000006128103,20.343400014098734,33,True,gaze_outside_screen,0.7417420067697549,1.837490460610809,2.423386736832338,False,False,9,9.0
1789815172633,860,2415,1589.8260938320973,1830.3733753969295,1608.408324669311,1812.8270786275712,-1,-1,off_screen,0.0,889,25,3.0,-0.0016586968591532133,30.451453820289608,29.594131195804618,0.23830001009628177,0.2415000053588301,21.611600008327514,1.374599989503622,23.25989998644218,33,True,gaze_outside_screen,0.7417420067697549,1.286781177756609,1.4898887696535668,False,False,9,9.0
1789815172666,861,2416,1571.8137929074826,1814.035366581506,1596.3340692437055,1813.2257495950926,-1,-1,off_screen,0.0,922,25,3.0,-0.0016497557412381864,30.436235023330024,29.59369039002586,0.17469999147579074,0.40079999598674476,23.386400018353015,1.4552999928127974,25.262200011638924,33,True,gaze_outside_screen,0.7417420067697549,0.789682817791288,0.6295285886747783,False,False,9,9.0
1789815172698,862,2417,1573.2952909801472,1816.3460060209286,1591.3588836513359,1813.899563746031,-1,-1,off_screen,0.0,954,25,2.8,-0.0016303156254167828,30.510566890187768,29.596195919264705,0.3603000077418983,0.28390000807121396,18.576899979962036,1.1943999852519482,20.066099998075515,33,True,gaze_outside_screen,0.7417420067697549,1.1082676803229674,1.1638856402025144,False,False,9,9.0
1789815172730,863,2418,1522.3128405012492,1641.0861848642396,1543.0266534462753,1692.930198528777,2,1,terminal,0.6136030547118634,0,35,3.0,-0.001300189812494636,30.57782531266105,29.59664908159238,0.18319999799132347,0.4318999999668449,18.738500017207116,1.347499986877665,20.535699994070455,33,True,on_screen,0.7417420067697549,1.6035748207286247,1.5912109070017175,False,False,9,9.0
1789815172762,864,2419,1577.5217154931822,1663.3032960680723,1557.0141495329176,1680.9167056507263,2,1,terminal,0.6193541300340029,32,35,3.0,-0.0014024479717554602,30.648611305794464,29.59713364178896,0.19309998606331646,0.4296999832149595,19.266099989181384,1.305699988733977,21.021699998527765,33,True,on_screen,0.7417420067697549,1.1693652492067201,0.9173269243529686,False,False,9,9.0
1789815172808,865,2420,1608.6666193771216,1673.553290437671,1580.9120124299034,1677.5099007535755,2,1,terminal,0.5996024131349156,78,35,2.8,-0.0013870352943319772,29.720621027416673,29.592923968933086,0.17949999892152846,0.4186000151094049,18.511899979785085,0.6957000005058944,19.642500003101304,33,True,on_screen,0.7417420067697549,1.068511132164133,-0.22567194732041046,False,False,9,9.0
1789815172840,866,2421,1622.7993769466916,1784.2000747452573,1610.233167591655,1752.1930225477527,2,1,terminal,0.46245619180918707,109,35,2.8,-0.0014120882776214195,29.852625871272345,29.59350533426615,0.24429999757558107,0.6278000073507428,17.68160000210628,1.281900011235848,19.611800002167,33,True,on_screen,0.7417420067697549,0.5378801772202451,-0.8449376598857212,False,False,9,9.0
1789815172873,867,2422,1606.770634395231,1894.2476626884877,1607.809394354158,1851.6312706462672,-1,-1,off_screen,0.0,0,26,3.0,-0.0014517607638075327,29.979903397741552,29.593983438086067,0.08739999611862004,0.19829999655485153,18.229000008432195,1.513900002464652,19.95260000694543,33,True,gaze_outside_screen,0.7417420067697549,0.04899858164682769,-1.3445454327931246,False,False,9,9.0
1789815172905,868,2423,1626.4376525194025,1980.0000000000002,1620.849175069829,1941.4893811938803,-1,-1,off_screen,0.0,32,26,3.0,-0.001483229691337646,30.100179550401624,29.59315434006378,0.5717000167351216,0.461799994809553,22.16789999511093,1.3184999988880008,23.967599991010502,33,True,gaze_outside_screen,0.7417420067697549,-0.3361554876032642,-1.7666958641434218,False,False,9,9.0
1789815172936,869,2424,1569.9121744304266,1980.0000000000002,1592.2070455765406,1963.1440942092813,-1,-1,off_screen,0.0,63,26,3.0,-0.0015624392174188855,30.25351728391729,29.596341216294494,0.10400000610388815,0.37730002077296376,15.612899995176122,1.3257000246085227,17.327000008663163,33,True,gaze_outside_screen,0.7417420067697549,-0.5659540168903163,-2.2215835451760593,False,False,9,9.0
1789815172969,870,2425,1617.3720830464863,1980.0000000000002,1599.1523743259484,1967.7961757817966,-1,-1,off_screen,0.0,96,26,3.0,-0.001648684605615557,30.33470108501059,29.59598132902119,0.19920000340789557,0.44070000876672566,18.34089998737909,1.121900015277788,19.920599996112287,33,True,gaze_outside_screen,0.7417420067697549,-0.8092097374483274,-2.1822297474371593,False,False,9,9.0
1789815173002,871,2426,1629.3453253748328,1980.0000000000002,1608.0718645009702,1971.401384495437,-1,-1,off_screen,0.0,129,26,2.8,-0.0016350972476710367,30.347689468322418,29.59636097394816,0.1770000089891255,0.44109998270869255,17.22670000162907,2.147299994248897,19.833099999232218,33,True,gaze_outside_screen,0.7417420067697549,-0.3140398594127589,-1.1228116362581475,False,False,9,9.0
1789815173033,872,2427,1680.7640832811876,1980.0000000000002,1654.73965426719,1976.9216229388496,-1,-1,off_screen,0.0,160,26,2.8,-0.0015797387267344008,30.446930800604086,29.59684747502127,0.26660002185963094,0.43899999582208693,18.74969998607412,1.1566999892238528,20.365000003948808,33,True,gaze_outside_screen,0.7417420067697549,0.7730150519179517,0.09361453542643895,False,False,9,9.0
1789815173066,873,2428,1726.7854973876688,1980.0000000000002,1700.3242418034022,1978.8693626353486,-1,-1,off_screen,0.0,193,26,2.8,-0.001577561058479936,30.532921868884507,29.59749789676334,0.24059999850578606,0.4569999873638153,18.70980000239797,1.2234000023454428,20.40779998060316,33,True,gaze_outside_screen,0.7417420067697549,1.1405895551806395,0.10863764329191415,False,False,9,9.0
1789815173097,874,2429,1777.947050154466,1980.0000000000002,1753.0917754425832,1979.6379633397078,-1,-1,off_screen,0.0,223,26,2.8,-0.001560471851820457,30.636783318684934,29.599230922050694,0.12400001287460327,0.2091999922413379,16.296899993903935,1.197600009618327,17.71529999678023,33,True,gaze_outside_screen,0.7417420067697549,1.0458233619506814,-0.43071208130062844,False,False,9,9.0
1789815173149,875,2430,1656.4345220913765,1980.0000000000002,1685.4316980967387,1979.8913890019126,-1,-1,off_screen,0.0,276,26,2.8,-0.0014842727235191647,29.49973877253947,29.59096010342673,0.24709998979233205,0.443600001744926,20.61179999145679,1.4658999862149358,22.54279999760911,33,True,gaze_outside_screen,0.7417420067697549,1.0235783836430699,-0.06184896021888358,False,False,9,9.0
1789815173176,876,2431,1639.6526873744667,1980.0000000000002,1666.7485426412265,1979.935714908686,-1,-1,off_screen,0.0,303,26,2.8,-0.0014451479445488462,30.101229164455482,29.594033179690516,0.23529998725280166,0.5073999927844852,17.89190000272356,1.2301999959163368,19.648399989819154,33,True,gaze_outside_screen,0.7417420067697549,0.973494659631541,-0.3738479981922227,False,False,9,9.0
1789815173209,877,2432,1644.5864869886727,1980.0000000000002,1662.1681520903455,1979.9490011682924,-1,-1,off_screen,0.0,336,26,2.6,-0.001394251153416447,30.1751558507802,29.594602031235116,0.1981999957934022,0.4372999828774482,17.37620000494644,1.6039999900385737,19.43419998860918,33,True,gaze_outside_screen,0.7417420067697549,0.7287174279423994,-0.9217836056722659,False,False,9,9.0
1789815173241,878,2433,1607.4957158576237,1897.8735879840149,1623.8974467274402,1922.4962119392983,-1,-1,off_screen,0.0,368,26,2.6,-0.0012994204376958144,30.316878511658054,29.594743126044666,0.13380000018514693,0.20410001161508262,19.447200000286102,1.5152000123634934,21.179200004553422,33,True,gaze_outside_screen,0.7417420067697549,0.7501468850099968,-0.916173461769148,False,False,9,9.0
1789815173274,879,2434,1553.385616013774,1830.5929189243463,1574.539165227874,1858.1639068288318,-1,-1,off_screen,0.0,401,26,2.6,-0.001304543674254784,30.40723447482551,29.596004303038054,0.22990000434219837,0.3536999865900725,17.909999995026737,1.1518000101204962,19.43419998860918,33,True,gaze_outside_screen,0.7417420067697549,0.3900762645054954,-0.2655241303168259,False,False,9,9.0
1789815173305,880,2435,1564.0568469971329,1852.0808372306076,1573.2706011197022,1857.4277372535573,-1,-1,off_screen,0.0,432,26,2.6,-0.0013672334509046685,30.47338436302533,29.595263022304273,0.3217000048607588,0.7884000078774989,20.72790000238456,1.559399999678135,23.096399992937222,33,True,gaze_outside_screen,0.7417420067697549,-0.5074719966649184,-1.5815811881879998,False,False,9,9.0
1789815173343,881,2436,1549.3993482614887,1867.4229751192925,1567.5801047240157,1859.8104301682038,-1,-1,off_screen,0.0,470,26,2.6,-0.0013981864711268086,30.06911527070812,29.589077694998547,0.1973999897018075,0.47110000741668046,68.03110000328161,1.5295000048354268,70.05340000614524,33,True,gaze_outside_screen,0.7417420067697549,-1.0213146826384616,-3.1877171538666573,False,False,9,9.0
1789815173414,882,2437,1491.017255607005,1916.6441898682688,1513.986110342108,1899.5940619582493,-1,-1,off_screen,0.0,541,26,2.4,-0.0014323522695952173,28.483795158266613,29.599920951343822,29.83640000456944,6.863599992357194,28.997399989748374,1.2320000096224248,37.106200004927814,33,True,gaze_outside_screen,0.7417420067697549,-1.7371654686129716,-3.819737071255352,False,False,9,9.0
1789815173451,883,2439,1346.4336723596439,1980.0000000000002,1396.6994037543832,1955.8782185874747,-1,-1,off_screen,0.0,578,26,2.2,-0.0015056794963505885,28.312368947303078,29.59044286590204,1.5367000014521182,2.8748000040650368,21.944699983578175,1.3119000068400055,26.143600000068545,34,True,gaze_outside_screen,0.7417420067697549,-1.666080706087314,-3.0523443400571937,False,False,9,9.0
1789815173482,884,2440,1262.8671916208095,1980.0000000000002,1303.0168552608816,1972.7634655762427,-1,-1,off_screen,0.0,609,26,2.2,-0.0015691444459589188,28.763544232501843,29.59281103393531,0.2610000083222985,0.5723000213038176,20.981300011044368,1.300499978242442,22.874099988257512,34,True,gaze_outside_screen,0.7417420067697549,-1.4771884873700287,-2.9783219599279214,False,False,9,9.0
1789815173513,885,2441,1276.9324103495862,1980.0000000000002,1296.5339522688914,1974.5619991784317,-1,-1,off_screen,0.0,640,26,2.0,-0.0015150544558402736,29.05321957706517,29.594144424263284,0.18129998352378607,0.4199999966658652,19.679299992276356,1.247400010470301,21.364299987908453,34,True,gaze_outside_screen,0.7417420067697549,-0.9770339249818392,-2.362642640590857,False,False,9,9.0
1789815173546,886,2442,1395.603960236822,1980.0000000000002,1365.8829578464429,1978.3685997535295,-1,-1,off_screen,0.0,673,26,2.0,-0.0015232459956429963,29.216304687502443,29.594501377512007,0.30399998649954796,0.4943999811075628,19.68319999286905,1.3723000010941178,21.568900003330782,34,True,gaze_outside_screen,0.7417420067697549,-0.8029531588810812,-2.242543477374743,False,False,9,9.0
1789815173578,887,2443,1469.7232982076735,1980.0000000000002,1438.5711960993042,1979.5105799260589,-1,-1,off_screen,0.0,705,26,1.8,-0.0015273979122146283,29.415149528520764,29.595823276534897,0.20740000763908029,0.3069999802391976,18.514399998821318,0.7877000025473535,19.625000015366822,34,True,gaze_outside_screen,0.7417420067697549,-0.6903205748018877,-1.9625093020252795,False,False,9,9.0
1789815173609,888,2444,1314.629954412235,1980.0000000000002,1351.812326918356,1979.8531739778177,-1,-1,off_screen,0.0,736,26,1.8,-0.0015459317249829508,29.740156642747163,29.59788061445457,0.44800000614486635,0.20879998919554055,15.615899988915771,1.2233000015839934,17.060999991372228,34,True,gaze_outside_screen,0.7417420067697549,1.585139227187426,-1.427799968459613,False,False,9,9.0
1789815173654,889,2445,1204.8473085627945,1980.0000000000002,1248.936814069463,1979.9559521933454,-1,-1,off_screen,0.0,781,26,1.8,-0.0013394259685573836,28.948351165545898,29.598004415696987,0.1976999919861555,0.48049999168142676,68.68419999955222,3.061299998080358,72.24830001359805,34,True,gaze_outside_screen,0.7417420067697549,2.637426263233891,-1.7026502681614348,False,False,9,9.0
1789815173726,890,2447,1054.0569522032897,1916.5525667560096,1112.5209107631417,1935.57358238721,-1,-1,off_screen,0.0,853,26,1.6,-0.001185335807165672,27.43227489033365,29.590887061265096,8.828499994706362,0.4907000111415982,17.599299986613914,1.4974999940022826,19.604900007834658,35,True,gaze_outside_screen,0.7417420067697549,3.754228672908397,-1.1159515472720123,False,False,9,9.0
1789815173752,891,2448,1051.751738309935,1911.1912088874412,1077.5095150822176,1921.5259840445171,-1,-1,off_screen,0.0,879,26,1.6,-0.0012382521094632618,28.488814853540315,29.587111675418125,0.23259999579750001,0.5932000058237463,99.69139998429455,4.928300011670217,105.23769998690113,35,True,gaze_outside_screen,0.7417420067697549,3.974358029099875,-0.23885214575759448,False,False,9,9.0
1789815173859,892,2450,906.1691548323165,1980.0000000000002,957.5712629072868,1962.4577952133552,-1,-1,off_screen,0.0,986,26,1.6,-0.0013102444486916397,26.586693271908764,29.581415520780524,22.35600000130944,0.38139999378472567,142.16670001042075,8.216599992010742,150.77710000332445,36,True,gaze_outside_screen,0.7417420067697549,3.879686605992589,0.49769879987937293,False,False,9,9.0
1789815174009,893,2454,1034.620771024602,1945.0385240806543,1010.8448120801334,1950.4137676793944,-1,-1,off_screen,0.0,1136,26,1.4,-0.0012210280616166448,24.58993850603981,29.585539607413484,24.374200002057478,0.7656000088900328,78.24840000830591,10.506799997529015,89.5369999925606,39,True,gaze_outside_screen,0.7417420067697549,2.820377926498253,-0.2042968070641367,False,False,9,9.0
1789815174100,894,2457,1031.719293249734,1980.0000000000002,1017.660084411056,1960.0733241911278,-1,-1,off_screen,0.0,1226,26,1.4,-0.0011895928374076568,23.239439718395282,29.586306012422785,23.36909997393377,0.4762000171467662,91.55859999009408,6.510299979709089,98.57170001487248,41,True,gaze_outside_screen,0.7417420067697549,1.3140006410816056,-3.495621379870995,False,False,9,9.0
1789815174198,895,2460,1411.513692627355,1971.9057598718994,1293.3576101624653,1968.3560291676679,-1,-1,off_screen,0.0,1325,26,1.4,-0.0011239970819071233,21.926970932428056,29.604051942258376,17.698599986033514,0.8590999932494015,117.22030001692474,0.6693999748677015,118.75910000526346,43,True,gaze_outside_screen,0.7417420067697549,1.2296806080773308,-0.9246234659367726,False,False,9,9.0
1789815174318,896,2465,1333.852897505121,1980.0000000000002,1308.6260807910883,1972.7463085883237,-1,-1,off_screen,0.0,1445,26,1.4,-0.0008165418046164555,20.574472293996635,29.597331388517627,3.6459999973885715,0.5435000057332218,117.66109999734908,1.7874999903142452,120.00689998967573,47,True,gaze_outside_screen,0.7417420067697549,1.8522007033558907,0.2975978531441597,False,False,9,9.0
1789815174438,897,2468,1308.6500113435677,1722.727526881919,1308.642832177824,1797.7331613938404,2,1,terminal,0.42508823634231385,0,36,1.6,-0.0008798569535163163,19.34920721277248,29.60192102726972,9.917599993059412,0.5186999915167689,18.972999998368323,1.1903000122401863,20.694600010756403,49,True,on_screen,0.7417420067697549,4.176038792456893,0.21268123035450098,False,False,9,9.0
1789815174459,898,2469,1264.8720970780528,1716.6437523850966,1278.0033176079842,1740.9705750877197,2,1,terminal,0.4870292175879962,21,36,1.6,-0.0008653017105255262,22.188103058636607,29.594368758097815,1.253900001756847,0.49020000733435154,19.295700010843575,1.2344999995548278,21.032099990407005,49,True,on_screen,0.7417420067697549,4.341770530761465,0.3961374128230271,False,False,9,9.0
1789815174489,899,2470,1345.3748048560908,1788.2720804629787,1325.1633586816588,1774.081628850401,2,1,terminal,0.47500611304145635,51,36,1.6,-0.0008490376766083791,23.331552731305088,29.587015844229988,0.1016999885905534,0.23399997735396028,40.77240001061,4.80329999118112,45.822300016880035,49,True,on_screen,0.7417420067697549,4.450313400461226,1.1446661126694742,False,False,9,9.0
1789815174537,900,2471,1433.9072234641098,1879.7447207726077,1401.2840640293746,1848.0457931959459,-1,-1,off_screen,0.0,0,27,1.8,-0.0009617422129692983,23.031289652771193,29.597765941952023,0.2686000079847872,0.4613999917637557,62.14120000367984,5.045199999585748,67.66969998716377,49,True,gaze_outside_screen,0.7417420067697549,4.257389481590167,0.9217689142695321,False,False,9,9.0
1789815174606,901,2473,1399.2973719289998,1777.4877279604123,1400.0529022598253,1804.3206520756994,-1,-1,off_screen,0.0,69,27,1.8,-0.0008057700926903961,22.198305717716767,29.59091189847459,8.520100003806874,0.44329999946057796,51.21939998934977,1.11859999014996,52.79529999825172,50,True,gaze_outside_screen,0.7417420067697549,4.3108563740499335,0.9776730649155797,False,False,9,9.0
1789815174660,902,2474,1300.6731232703053,1724.6603364913904,1330.4870569671612,1748.558431166683,2,1,terminal,0.5201488656907574,0,37,1.8,-0.0006740963030314358,21.86307719274359,29.596150906610095,29.573800013167784,0.43620000360533595,17.03109999652952,1.2445999891497195,18.721999978879467,50,True,on_screen,0.7417420067697549,4.5424529752264675,1.6742551980486295,False,False,9,9.0
1789815174678,903,2475,1299.1101636263636,1707.7656451279456,1316.1601742249786,1729.9321938283922,2,1,terminal,0.5386163261147445,17,37,1.8,-0.0006122102934387249,24.973267431333092,29.588295808969722,13.338099990505725,0.23129998589865863,47.861099999863654,7.737500010989606,55.84009998710826,50,True,on_screen,0.7417420067697549,4.773677629513628,2.05272291853387,False,False,9,9.0
1789815174734,904,2476,1381.7146372859575,1645.5550736215373,1362.0482983676638,1670.8682096835937,2,1,terminal,0.6682038587282275,73,37,1.8,-0.000596080992864647,24.25822725532545,29.596931173452088,26.901999983238056,3.119299974059686,105.51789999590255,1.8149999959859997,110.46600001282059,50,True,on_screen,0.7417420067697549,5.20268490946836,2.344470713883514,False,False,9,9.0
1789815174844,905,2480,1267.040809458833,1525.12178151955,1295.5430561314824,1568.8457099687632,2,1,terminal,0.7172922724501474,184,37,1.8,-0.0005648904410221322,22.735395325622264,29.600304475815985,4.0237999928649515,0.5251999828033149,22.419299988541752,1.000199990812689,23.956500022904947,53,True,on_screen,0.7417420067697549,5.1306015642653335,0.06046947184343715,False,False,9,9.0
1789815174869,906,2481,1295.514630195804,1533.8681205535145,1295.534073950258,1557.7933016866593,2,1,terminal,0.7251122717589977,208,37,1.8,-0.000618760756307268,24.598172236611322,29.60315357696056,10.295199987012893,0.40419999277219176,23.896200000308454,1.181600004201755,25.49379999982193,53,True,on_screen,0.7417420067697549,4.805825685533705,-0.5272381492352213,False,False,9,9.0
1789815174895,907,2482,1352.9338374908525,1515.5414981584925,1331.4416577782504,1531.3618308322798,2,1,terminal,0.8003711457220635,234,37,1.8,-0.0006874418477864162,26.031859869456852,29.605353495891176,5.153299978701398,0.3045000194106251,25.072699994780123,1.9705000158865005,27.358300023479387,53,True,on_screen,0.7417420067697549,4.537132476990422,-0.9425250109198156,False,False,9,9.0
1789815174923,908,2483,1377.1592373755561,1519.5731814054461,1350.6588756970787,1526.4065150216088,2,1,terminal,0.8354142971554773,263,37,1.8,-0.0007127924731060511,27.028295201141194,29.604838548068503,1.451199990697205,0.5767999973613769,32.415299996500835,1.806700020097196,34.8146999895107,53,True,on_screen,0.7417420067697549,4.370850290908862,-0.8845541724044166,False,False,9,9.0
1789815174958,909,2484,1366.5348128344526,1530.003400897387,1353.143322701063,1526.9693965863585,2,1,terminal,0.8393265699159669,297,37,1.8,-0.0007183058925712537,27.170618253015235,29.595141502395922,1.8572999979369342,0.516800006153062,25.1933999825269,1.4341000060085207,27.15910002007149,53,True,on_screen,0.7417420067697549,4.035725849961011,-0.9993947554477787,False,False,9,9.0
1789815175001,910,2485,1364.0875722061203,1529.128216533856,1354.4566326416698,1527.2284549800581,2,1,terminal,0.8414026795664586,340,37,1.8,-0.0007240928870574353,26.724456657878275,29.59992126087677,0.24769999436102808,0.4202999989502132,32.32369999750517,4.372499999590218,37.13820001576096,53,True,on_screen,0.7417420067697549,3.783192701736681,-1.0540342549304085,False,False,9,9.0
1789815175038,911,2486,1572.9997607770572,1543.5084224648733,1507.436822336441,1538.6244322194289,2,1,terminal,0.8627043367007985,378,37,1.8,-0.0008288736380470257,26.7233007704773,29.60033305385425,0.6379999977070838,0.46740000834688544,30.38460001698695,1.452099997550249,32.317400007741526,53,True,on_screen,0.7417420067697549,3.5227479535157045,-0.9329476874420722,False,False,9,9.0
1789815175071,912,2487,1897.6563735506077,1564.0045026800726,1780.5905081863577,1556.3904815418796,2,1,terminal,0.3900999327800483,411,37,1.8,-0.0008462263404782396,27.128973438849766,29.601092266029568,1.5082999889273196,0.4064000095240772,29.529300023568794,1.5112000110093504,31.457100005354732,53,True,on_screen,0.7417420067697549,3.564611793963394,-0.2298327953949749,False,False,9,9.0
1789815175103,913,2488,2009.93956186288,1596.7764758850974,1941.1348457599233,1584.6606775821322,2,2,terminal,0.17565775453741794,442,37,1.8,-0.0008542109058835203,27.568830181787803,29.590343224788764,3.545400017173961,0.7110000005923212,28.22000000742264,1.327400008449331,30.27069999370724,53,True,on_screen,0.7417420067697549,3.6718270881370927,-0.4584113922135664,False,False,9,9.0
1789815175134,914,2489,2012.774941522452,1533.1125321046857,1991.2829127936934,1548.5769757479197,2,2,terminal,0.2728525712716954,473,37,1.8,-0.0008062601427295014,28.05035205782838,29.601724278326,0.2083999861497432,0.2841999812517315,33.022899995557964,1.3079999771434814,34.62780002155341,53,True,on_screen,0.7417420067697549,3.542190330667694,-0.7442514282732534,False,False,9,9.0
1789815175169,915,2490,2011.961351070923,1504.9744911550454,2000.159217231449,1529.86043041214,2,2,terminal,0.29164893860174235,508,37,1.8,-0.0008065223357440494,28.11835169508774,29.60226732310184,4.158700001426041,0.34950001281686127,30.20120001747273,1.4995999808888882,32.06019999925047,53,True,on_screen,0.7417420067697549,3.326295175616309,-0.8689565572982327,False,False,9,9.0
1789815175202,916,2491,1986.235877105499,1492.6229218070366,1995.1922439390903,1516.5764260681817,2,2,terminal,0.28424171917636043,541,37,1.8,-0.0008400972624103813,28.38676627262408,29.60421636079668,3.8258999993558973,0.6058999861124903,26.188400021055713,1.02680001873523,27.834200009237975,53,True,on_screen,0.7417420067697549,3.149361803936813,-0.8300628945635252,False,False,9,9.0
1789815175230,917,2492,1951.2280403558461,1484.7140884099747,1974.0559991221498,1501.2582782502932,2,2,terminal,0.24749715338097122,569,37,1.8,-0.0008318739503168568,29.10241935232251,29.593875878476304,1.6998999926727265,0.3515999997034669,26.83650000835769,1.9139000214636326,29.111800016835332,53,True,on_screen,0.7417420067697549,3.1568903420716197,-0.8323452700096005,False,False,9,9.0
1789815175260,918,2493,1933.5098013754584,1483.0499143652403,1957.9691290174192,1494.0340352653288,2,2,terminal,0.21900923299796338,599,37,1.8,-0.0008297343218054004,29.389558120739988,29.595005245387423,0.24590000975877047,0.4741000011563301,26.39929999713786,1.5202999929897487,28.41259998967871,53,True,on_screen,0.7417420067697549,3.1566851726216214,-0.7604111646365334,False,False,9,9.0
1789815175306,919,2494,1455.0453684057813,1596.3916619152515,1605.9224965892727,1565.6843739202745,2,1,terminal,0.6847374325604518,645,37,1.8,-0.0008492888394670706,28.65293987011882,29.589182485318194,0.15330000314861536,0.3597000031732023,31.286099983844906,1.716600003419444,33.379700005752966,53,True,on_screen,0.7417420067697549,3.213907071685469,-0.7099706511880824,False,False,9,9.0
1789815175344,920,2495,1270.1694201257799,1646.3103154758905,1370.8953430648276,1622.1225330092057,2,1,terminal,0.7521039425447654,684,37,1.8,-0.0008512518191039643,28.403584273603872,29.600044869681575,0.7172999903559685,0.6213999877218157,29.693499993300065,1.4540999836754054,31.787600019015372,53,True,on_screen,0.7417420067697549,3.2465743598241943,-0.953575138444114,False,False,9,9.0
1789815175376,921,2496,1202.6459857160708,1663.8068879822983,1253.1207929206978,1651.3015814903704,2,1,terminal,0.575206569257792,715,37,1.6,-0.0008283873823639858,28.687581448040504,29.60029527556642,1.9124999816995114,0.2835000050254166,31.01899998728186,1.5393999929074198,32.85200000391342,53,True,on_screen,0.7417420067697549,3.3306754288920786,-0.9843281699013823,False,False,9,9.0
1789815175408,922,2497,1188.5709782700412,1686.5861860044088,1211.479329664772,1674.063886391214,2,1,terminal,0.49250334922331873,747,37,1.6,-0.0008219134807762509,28.836989644933023,29.601917571927714,3.8258999993558973,0.46809998457320035,26.88819999457337,1.508699991973117,28.877400007331744,53,True,on_screen,0.7417420067697549,3.436833620283636,-0.9916046843380771,False,False,9,9.0
1789815175438,923,2498,1199.8326100219351,1677.7144583367326,1210.061315013641,1674.5083518426459,2,1,terminal,0.4900338934541748,777,37,1.6,-0.0008012998326158132,29.35887925320434,29.60207915053716,1.3131999876350164,0.8716000011190772,28.711099992506206,3.2380000047851354,32.834700017701834,53,True,on_screen,0.7417420067697549,3.4546332466614444,-1.0362894596955543,False,False,9,9.0
1789815175472,924,2499,1209.008365438507,1667.5416923843934,1209.934961064625,1673.6723527076556,2,1,terminal,0.4907472603957155,811,37,1.6,-0.0007981965805260467,29.44107568723056,29.60263893458491,0.6683000246994197,0.6187999970279634,29.339400003664196,1.889599981950596,31.885899981716648,53,True,on_screen,0.7417420067697549,3.4705838277259318,-1.0334540539844064,False,False,9,9.0
1789815175505,925,2500,1218.9189528689499,1652.2650676568146,1211.8725037394674,1669.055526552654,2,1,terminal,0.49837366367118263,845,37,1.6,-0.0007961190758793008,29.60210494697898,29.600525405185202,1.1189999931957573,0.46469998778775334,37.17100000358187,1.8448999908287078,39.4940999976825,53,True,on_screen,0.7417420067697549,3.479792700926481,-1.0626500797885725,False,False,9,9.0
1789815175544,926,2501,1221.9154447867818,1641.0930189210144,1214.5948150030808,1661.4758097021954,2,1,terminal,0.5101468584158773,883,37,1.6,-0.0008044707914987952,29.15635890892435,29.599505137918243,8.124300016788766,0.447600003099069,34.35060000629164,1.6101000073831528,36.42089999630116,53,True,on_screen,0.7417420067697549,3.475655187805046,-1.1431110542916798,False,False,9,9.0
1789815175580,927,2502,1229.5211353119203,1630.2550259546592,1219.263926220377,1651.7096175937443,2,1,terminal,0.5268104931216927,919,37,1.4,-0.0007972869492528286,28.96419031963358,29.58828668934931,18.553300003986806,0.4523000097833574,29.81600002385676,1.4699000166729093,31.751400005305186,53,True,on_screen,0.7417420067697549,3.4869118506834127,-1.1467295881576578,False,False,9,9.0
1789815175615,928,2503,1230.8261357189865,1607.1052391592639,1224.012181293916,1633.3919278624649,2,1,terminal,0.5515175252997896,954,37,1.4,-0.000784227557081003,29.00347353681599,29.598501959293397,0.20519999088719487,0.45900000259280205,34.2534999945201,1.3438000169117004,36.07550001470372,53,True,on_screen,0.7417420067697549,3.5065061795454824,-1.2048904765267756,False,False,9,9.0
1789815175651,929,2504,1231.240824192057,1592.4753228921631,1226.7015697123495,1618.1690644454543,2,1,terminal,0.5692088826923005,990,37,1.4,-0.0007767779675449202,28.855520767273294,29.598382909772017,4.737399984151125,0.41629999759607017,32.06169998156838,1.3790999946650118,33.86940000928007,53,True,on_screen,0.7417420067697549,3.467800663277842,-1.2758469213986523,False,False,9,9.0
1789815175685,930,2505,1260.3046321996337,1548.5466908489282,1249.451987906919,1571.0323454151905,2,1,terminal,0.6407363830467705,1024,37,1.4,-0.0007442691758548815,28.90050043353266,29.59922768552023,9.908400010317564,0.5732999998144805,29.13280000211671,1.39720001607202,31.11499999067746,53,True,on_screen,0.7417420067697549,3.556398356194393,-1.097683724801094,False,False,9,9.0
1789815175716,931,2506,1298.5713903627907,1521.9766934933937,1279.4030864474998,1541.1201194673658,2,1,terminal,0.7071267180807181,1055,37,1.4,-0.0007272234566938606,29.1948088240419,29.60006907454153,7.951999985380098,0.6382999999914318,29.487199994036928,0.9512999968137592,31.089000025531277,53,True,on_screen,0.7417420067697549,3.6378392547693466,-1.1156429135535417,False,False,9,9.0
1789815175748,932,2507,1322.8644869369277,1502.792489737044,1301.6511619600553,1521.5000430120547,2,1,terminal,0.7526504237964527,1087,37,1.4,-0.0007271601105193135,29.460183314761643,29.598829083543446,9.124700009124354,0.45369999133981764,35.22389999125153,1.3330999936442822,37.0233999856282,53,True,on_screen,0.7417420067697549,3.7130533366496365,-0.8779878231354632,False,False,9,9.0
1789815175785,933,2508,1185.7246327552805,1524.0226286432307,1220.502591516713,1523.2658529538778,2,1,terminal,0.6100497316970621,1125,37,1.4,-0.0007267637155299791,29.193585693575606,29.59979481219016,11.715200002072379,0.3617999900598079,28.911700006574392,1.4300999755505472,30.721499992068857,53,True,on_screen,0.7417420067697549,3.6552574789577363,-2.0418325104570805,False,False,9,9.0
1789815175817,934,2509,1079.4156133830552,1521.9918463992021,1121.7417068231525,1522.3740483656047,2,1,terminal,0.43635710028216423,1156,37,1.4,-0.0007179492930337924,29.500158449749858,29.60132487510135,10.599900007946417,0.6050000083632767,27.49730000505224,1.0086999973282218,29.12369999103248,53,True,on_screen,0.7417420067697549,3.6154549771403595,-1.7892875726969215,False,False,9,9.0
1789815175846,935,2510,1000.6632734228704,1550.7404552340133,1036.986803442955,1542.2305331734906,2,1,terminal,0.28411318771740235,1185,37,1.4,-0.0007236387879904216,29.948774994578883,29.601603512377093,10.892500024056062,0.7112000021152198,31.035899999551475,0.9239999926649034,32.68319999915548,53,True,on_screen,0.7417420067697549,3.669419570812977,-1.6753174897548158,False,False,9,9.0
1789815175878,936,2511,1066.195590533732,1542.4699729597105,1044.7793924350315,1542.2944131229237,2,1,terminal,0.2977916366223706,1217,37,1.4,-0.0007246430487953363,29.982961364566812,29.591467203912046,8.638300001621246,0.514300016220659,26.477100007468835,1.7169999773614109,28.72679999563843,53,True,on_screen,0.7417420067697549,3.7431510842792193,-1.3585070581509247,False,False,9,9.0
1789815175913,937,2512,1037.7240161407854,1537.8387896270397,1043.932747279722,1541.7597383034176,2,1,terminal,0.2964040454705501,1253,37,1.4,-0.0007193344907139698,29.9034613980927,29.591094262389557,0.12420001439750195,0.3597000031732023,27.7504000114277,1.2038999993819743,29.334599996218458,53,True,on_screen,0.7417420067697549,3.847769730429917,-1.3728841651367234,False,False,9,9.0
1789815175946,938,2513,1037.1553354066637,1523.1467269878488,1042.6680680567606,1538.2865114834399,2,1,terminal,0.2947970225540576,1286,37,1.4,-0.000718208383346278,29.947832424526197,29.590885286692693,0.4808999947272241,0.49100001342594624,28.862599981948733,1.4001000090502203,30.771100020501763,53,True,on_screen,0.7417420067697549,3.8246527908995915,-1.328108153433835,False,False,9,9.0
1789815175979,939,2514,1000.3233804058965,1504.0465051916824,1022.2526656624129,1521.77857282075,2,1,terminal,0.26097893989464693,1319,37,1.4,-0.0007050799806766015,29.998811764792123,29.588615601016752,0.6738999800290912,0.49169998965226114,32.94790000654757,4.782400006661192,38.25030001462437,53,True,on_screen,0.7417420067697549,3.8089300438178952,-1.6000611211032933,False,False,9,9.0
1789815176018,940,2515,969.4879826410523,1503.9494591279965,996.2556678768227,1512.9942230881475,2,0,terminal,0.08766128193455414,1357,37,1.4,-0.0006979514696683689,29.56303315117555,29.60098620038527,0.3147000097669661,0.4268999909982085,29.588700010208413,1.2756999931298196,31.306799995945767,53,True,on_screen,0.7417420067697549,3.72006112439027,-1.3887257807473103,False,False,9,9.0
1789815176048,941,2516,953.0484963352253,1503.0139390357413,979.1507027960897,1509.0432028264336,2,0,terminal,0.11802414457762234,1388,37,1.4,-0.0006831946147669559,29.77386259954219,29.60103394800578,3.2773000129964203,0.38789998507127166,31.445300002815202,1.5347000153269619,33.37869999813847,53,True,on_screen,0.7417420067697549,3.6312824375984576,-1.1216946116797435,False,False,9,9.0
1789815176083,942,2517,937.6130691083138,1492.5987907300355,962.5899548708605,1502.486937114379,2,0,terminal,0.14741479753581632,1422,37,1.4,-0.0006957263727745723,29.76607360446781,29.589630869223875,6.004700000630692,0.4422000201884657,64.34889999218285,1.4634999970439821,66.26810002489947,53,True,on_screen,0.7417420067697549,3.4389391210424094,-0.8985893594393904,False,False,9,9.0
1789815176149,943,2518,863.2214609304503,1619.4716847695984,893.0320091125734,1584.3762604730325,2,0,terminal,0.25524138196634516,1488,37,1.4,-0.0007106765121070221,28.29215229536699,29.598865212618193,33.594499982427806,12.285799981327727,61.26019998919219,0.9682000090833753,74.5265000150539,53,True,on_screen,0.7417420067697549,2.544579262176711,-0.8780983041232598,False,False,9,9.0
1789815176224,944,2521,867.8982486766303,1703.933030976078,875.4383768074131,1668.0659998251642,2,0,terminal,0.24091501187771158,1563,37,1.4,-0.0009115387052245471,26.799581713093986,29.590025744827248,5.7280000182799995,0.4676000098697841,22.261900012381375,2.4104999902192503,25.156799994874746,55,True,on_screen,0.7417420067697549,1.4049578126859217,0.43224605257992305,False,False,9,9.0
1789815176256,945,2522,1054.672850587157,1680.0155858280445,1000.9025084532338,1676.4307100271803,2,0,terminal,0.028387926650483286,1595,37,1.4,-0.000974218337836355,27.266702267435807,29.582475022867726,0.2170999941881746,0.4783000040333718,76.26760000130162,5.968599987681955,82.7350000035949,55,True,on_screen,0.7417420067697549,1.38944984823857,0.9030305892002797,False,False,9,9.0
1789815176341,946,2523,1233.472246838305,1641.972682909234,1163.7013253227835,1652.3100910446178,2,1,terminal,0.44262038113991087,1680,37,1.4,-0.0009754702570112603,25.720775531155173,29.59761389826804,46.522999997250736,0.9378000104334205,19.101200014119968,1.9363999890629202,21.99119998840615,55,True,on_screen,0.7417420067697549,1.5550436341736145,1.854861717077878,False,False,9,9.0
1789815176363,947,2525,1299.371128248618,1560.8778961684832,1258.6701873708678,1588.3075546313235,2,1,terminal,0.643682286137973,1702,37,1.4,-0.0009234265851150551,27.66720578465376,29.60270921182266,15.87990002008155,0.3090999962296337,17.292600008659065,1.344699994660914,18.957599997520447,56,True,on_screen,0.7417420067697549,1.5937194950709568,1.9245245536692095,False,False,9,9.0
1789815176382,948,2526,1324.832928270166,1583.8708190380717,1297.259190766249,1585.7198564412956,2,1,terminal,0.7058474984629666,1721,37,1.4,-0.0009453367440545746,30.104346473995072,29.59603309394874,5.388399993535131,0.4647999885492027,17.248299991479144,1.261900004465133,18.989000003784895,56,True,on_screen,0.7417420067697549,1.8748155930504424,0.34255155720624003,False,False,9,9.0
1789815176409,949,2527,1206.4956565830369,1845.140597140635,1233.7247168380006,1767.314374930833,2,1,terminal,0.40348895306598864,1748,37,1.4,-0.0010048509025767927,30.870318348923973,29.59639948685125,0.24200000916607678,0.44529998558573425,23.063400003593415,1.7143999866675586,25.23930001189001,56,True,on_screen,0.7417420067697549,2.94209114404336,-2.6409966316367623,False,False,9,9.0
1789815176442,950,2528,1344.4082142422462,1980.0000000000002,1311.2031650209724,1916.1943124792501,-1,-1,off_screen,0.0,0,28,1.6,-0.0011468181957498234,30.856172291212584,29.598439354843446,0.22050002007745206,0.46129999100230634,18.836600007489324,1.2801000266335905,20.598999981302768,56,True,gaze_outside_screen,0.7417420067697549,4.427062864400767,-7.704779574965579,False,False,9,9.0
1789815176474,951,2529,2100.7522110924474,1980.0000000000002,1863.8874972710048,1960.858293743775,-1,-1,off_screen,0.0,32,28,1.6,-0.0018511226720356651,30.796987927006004,29.595029064910626,0.26470000739209354,0.4949000140186399,29.185599996708333,1.4872000028844923,31.188499997369945,56,True,gaze_outside_screen,0.7417420067697549,4.843642199469286,-9.70080448704726,False,True,9,9.0
1789815176522,952,2530,0.0,0.0,0.0,0.0,-1,-1,,0.0,0,0,1.6,-0.002207127595670046,29.824446515332962,29.591125039137072,0.20060001406818628,0.2888999879360199,27.192400011699647,1.3016000157222152,28.799099993193522,56,True,eyes_invalid_or_blink,0.7417420067697549,6.3373902824743595,-13.328692403442492,False,True,9,9.0
1789815176553,953,2531,2076.273633258848,1980.0000000000002,2012.557792462495,1974.2574881231326,-1,-1,off_screen,0.0,0,29,1.8,-0.0020841713227855493,29.934922480424284,29.585289645997594,0.24989998200908303,0.4844000213779509,36.94640001049265,9.676999994553626,47.13410002295859,56,True,gaze_outside_screen,0.7417420067697549,6.425473034630613,-15.191055235565752,True,True,9,9.0
1789815176604,954,2532,1480.9691327414396,1980.0000000000002,1640.445730657756,1978.27724643694,-1,-1,off_screen,0.0,51,29,1.8,-0.0018315934998841786,28.89844632976605,29.59619998246846,3.511600021738559,0.814600003650412,63.780999975278974,1.2451999937184155,65.86049997713417,56,True,gaze_outside_screen,0.7417420067697549,5.974382860419411,-16.582725701346323,True,True,9,9.0
1789815176671,955,2534,958.9405055562983,1980.0000000000002,1163.3920730867358,1979.483173931082,-1,-1,off_screen,0.0,118,29,1.6,-0.0017679649041716962,27.519422193707594,29.599304580978625,11.681999982101843,0.6417999975383282,20.749299990711734,3.0645999941043556,24.475800018990412,57,True,gaze_outside_screen,0.7417420067697549,6.100050345922483,-16.341635834617396,True,False,10,10.0
1789815176696,956,2535,936.9358952001486,1980.0000000000002,1004.8727485661248,1979.8449521793248,-1,-1,off_screen,0.0,143,29,1.6,-0.0015892635900604298,28.81038326219661,29.595682014025435,12.278900016099215,0.4258000117260963,75.99670000490732,1.3662000128533691,77.80120000825264,57,True,gaze_outside_screen,0.7417420067697549,5.921560890683338,-14.552535990421623,False,False,10,10.0
1789815176773,957,2537,1161.236915642617,1980.0000000000002,1114.3276655196694,1979.9534856537975,-1,-1,off_screen,0.0,220,29,1.4,-0.0013325118188878462,27.20994815113798,29.594418430182028,20.218400022713467,3.90399998286739,31.419900013133883,1.8255000177305192,37.16399997938424,58,True,gaze_outside_screen,0.7417420067697549,6.471814534242611,-10.746928604741576,False,False,10,10.0
1789815176811,958,2538,1321.3692455448802,1904.7328478544969,1259.2567715373168,1927.2990391942872,-1,-1,off_screen,0.0,258,29,1.4,-0.0012143428381647843,27.15984357110175,29.59446218911701,31.093700003111735,0.4687999899033457,30.70910001406446,2.194100001361221,33.38629999780096,58,True,gaze_outside_screen,0.7417420067697549,6.622555261251222,-7.211979896787274,False,False,10,10.0
1789815176846,959,2539,1077.45240559687,1828.5658841383745,1131.993715379004,1858.1858306551483,-1,-1,off_screen,0.0,292,29,1.4,-0.0011218887360185913,27.406725611072428,29.595897901354903,30.663799989270046,0.7492000004276633,26.883399987127632,1.6132000018842518,29.26160002243705,58,True,gaze_outside_screen,0.7417420067697549,7.081523400740906,-4.6612922068347356,False,False,10,10.0
1789815176874,960,2540,972.5453676832385,1658.5960593108111,1020.3798719919681,1718.4729907141123,2,1,terminal,0.16421428360129442,0,38,1.6,-0.0010175893423696562,28.04640710565204,29.593732316299096,15.613600000506267,0.4230999911669642,36.35079998639412,2.9620999994222075,39.74979999475181,58,True,on_screen,0.7417420067697549,7.234223473824613,-2.0644763262635273,False,False,10,10.0
1789815176925,961,2542,657.8486239764102,1822.7991450129748,766.6079983810776,1791.5012987233158,2,0,terminal,0.2777887336275886,50,38,1.6,-0.0012033693735783602,27.23681866540724,29.59129339562053,1.9929000118281692,0.524500006577,90.48789998632856,7.052100001601502,98.08349999366328,59,True,on_screen,0.7417420067697549,12.512816099066185,-1.239947032353139,False,False,10,10.0
1789815177023,962,2544,972.2698170440748,1980.0000000000002,910.5712714451756,1923.450389616995,-1,-1,off_screen,0.0,0,30,1.8,-0.0010792143099370675,25.52923277530356,29.595559973847244,19.13070000591688,1.0682000138331205,18.74970001517795,1.206599990837276,21.06219998677261,60,True,gaze_outside_screen,0.7417420067697549,19.025806783548944,0.6423917589159189,False,False,10,10.0
1789815177045,963,2545,1007.0446104764643,1980.0000000000002,978.1026087670776,1963.0351168850984,-1,-1,off_screen,0.0,22,30,1.8,-0.001172549052323302,27.69560575710964,29.599410159409004,17.831800010753796,0.4288000054657459,51.84849997749552,3.969400015193969,56.258800002979115,60,True,gaze_outside_screen,0.7417420067697549,20.621645225177048,0.9525835309475397,True,False,10,10.0
1789815177100,964,2547,1215.9055413549909,1980.0000000000002,1144.564661578617,1974.9105350655295,-1,-1,off_screen,0.0,76,30,1.8,-0.0012619877822321098,26.694282337179207,29.59452992177438,6.248099991353229,0.4721999866887927,45.708099991315976,1.488600013544783,47.68359998706728,61,True,gaze_outside_screen,0.7417420067697549,22.614176380250314,1.870674724103094,True,False,10,10.0
1789815177148,965,2548,1179.845997274693,1980.0000000000002,1155.9143502762022,1976.5477702071103,-1,-1,off_screen,0.0,125,30,1.8,-0.0013251659744796685,26.108995042078533,29.59342227548591,13.746499986154959,0.5336000176612288,31.560000003082678,4.60630000452511,36.71549999853596,61,True,gaze_outside_screen,0.7417420067697549,22.691232497146302,2.8714339154061257,True,False,10,10.0
1789815177186,966,2549,1224.5040451901739,1980.0000000000002,1197.3025629250867,1978.6309055958907,-1,-1,off_screen,0.0,163,30,1.8,-0.0012740322844190747,26.198302373010197,29.594140113289555,21.442900004331023,0.4599000094458461,29.684800014365464,1.2248999846633524,31.381500011775643,61,True,gaze_outside_screen,0.7417420067697549,22.11456355238326,3.508937721683992,True,False,10,10.0
1789815177218,967,2550,1475.0727526417802,1980.0000000000002,1391.7416957267722,1979.5892716787673,-1,-1,off_screen,0.0,194,30,1.8,-0.0012876294085210002,26.741837831192072,29.59486247015839,19.298200000775978,0.47069997526705265,29.62020001723431,1.3528999988920987,31.457100005354732,61,True,gaze_outside_screen,0.7417420067697549,22.453252820520845,4.007751793845379,True,False,10,10.0
1789815177250,968,2551,1483.323213791706,1980.0000000000002,1455.8487583722258,1979.8767815036304,-1,-1,off_screen,0.0,226,30,1.8,-0.0013271146213149222,27.215713584470567,29.595720932836805,20.158100000116974,0.4555000050459057,29.037600004812703,1.4738999889232218,30.979800008935854,61,True,gaze_outside_screen,0.7417420067697549,22.506535597140527,3.9655046677859103,True,False,10,10.0
1789815177280,969,2552,1471.0433775587169,1980.0000000000002,1458.0862037876939,1979.89492573327,-1,-1,off_screen,0.0,256,30,1.8,-0.001269403629909625,27.692739959036597,29.596065413311333,23.312000004807487,0.48240000614896417,59.45639999117702,6.336999998893589,66.28910001018085,61,True,gaze_outside_screen,0.7417420067697549,22.755195693118395,3.9833115477204055,True,False,10,10.0
1789815177348,970,2554,1582.6194979211423,1980.0000000000002,1545.2595096811076,1979.968477719981,-1,-1,off_screen,0.0,325,30,1.8,-0.0010931654329892643,26.419522358402645,29.603414453190588,14.954100013710558,0.30789998709224164,44.17239999747835,1.0901000059675425,45.58340000221506,62,True,gaze_outside_screen,0.7417420067697549,22.983276468287016,4.339698165694473,True,False,10,10.0
1789815177394,971,2556,1618.7236155394467,1980.0000000000002,1592.5889600919536,1979.9887860347908,-1,-1,off_screen,0.0,371,30,1.8,-0.0004389193261261099,25.959670787348983,29.603480081850098,3.016400005435571,0.41530001908540726,29.095399979269132,3.821499994955957,33.34449999965727,63,True,gaze_outside_screen,0.7417420067697549,25.591871642911144,4.69794287700241,True,True,10,10.0
1789815177427,972,2557,1491.0817524897334,1980.0000000000002,1521.5339147703994,1979.9966358104373,-1,-1,off_screen,0.0,404,30,1.8,-0.0004147931108086072,26.337168509011917,29.594227690087376,4.189200000837445,0.45039999531582,57.606899994425476,2.4391000042669475,60.50829999730922,63,True,gaze_outside_screen,0.7417420067697549,26.477233134512602,5.086343573119892,True,False,11,11.0
1789815177487,973,2558,1554.5239726087818,1980.0000000000002,1531.3990257126422,1979.9976418136225,-1,-1,off_screen,0.0,463,30,1.8,-0.00038205190074228415,25.350778705075363,29.59451818576805,15.091800014488399,0.32300001475960016,31.05439999490045,1.3572000025305897,32.745499978773296,63,True,gaze_outside_screen,0.7417420067697549,26.278730383155278,4.626389866867585,True,False,11,11.0
1789815177521,974,2559,1690.1871567163914,1980.0000000000002,1642.5507174152667,1979.999292544087,-1,-1,off_screen,0.0,497,30,1.8,-0.0004705985518977645,25.841886419482318,29.594360584652726,18.780099984724075,0.43100002221763134,32.19410000019707,1.3054999872110784,33.951799996430054,63,True,gaze_outside_screen,0.7417420067697549,26.033246471628274,4.259617467304644,True,False,11,11.0
1789815177555,975,2560,1823.8943928539095,1980.0000000000002,1769.4912902223166,1979.9997877632263,-1,-1,off_screen,0.0,532,30,1.8,-0.000563670438517681,26.167499735421437,29.594591331774563,22.370399994542822,0.5385999975260347,29.902500013122335,2.1865000016987324,32.70049998536706,63,True,gaze_outside_screen,0.7417420067697549,26.19135654175747,4.010950046912885,True,False,11,11.0
1789815177588,976,2561,1917.3235955703476,1980.0000000000002,1872.9739039659382,1979.999936328968,-1,-1,off_screen,0.0,565,30,1.8,-0.0004642549668868474,26.589856994158257,29.59209562368906,23.9902000175789,0.29269998776726425,39.27410001051612,1.3093000161461532,40.88729998329654,63,True,gaze_outside_screen,0.7417420067697549,26.41077827304761,4.072574456233705,True,False,11,11.0
1789815177630,977,2562,1836.4813411126079,1980.0000000000002,1860.971238984826,1979.9999572708261,-1,-1,off_screen,0.0,607,30,1.8,-0.00038994502427778903,26.359800817792078,29.59093169417486,28.990099992370233,0.42729999404400587,64.03209999552928,6.236900022486225,70.71050000377,63,True,gaze_outside_screen,0.7417420067697549,26.66225825071038,4.457429707121401,True,False,11,11.0
1789815177700,978,2564,1851.271369679528,1980.0000000000002,1859.8072546681904,1979.9999623983272,-1,-1,off_screen,0.0,677,30,1.8,-0.00040648717743271487,25.13160918447495,29.60315181042348,22.754900011932477,0.46439998550340533,29.573200008599088,1.4183000021148473,31.46919998107478,64,True,gaze_outside_screen,0.7417420067697549,26.773953649024293,4.305953997389587,True,False,11,11.0
1789815177731,979,2566,1885.0877385951549,1980.0000000000002,1865.7045523727497,1979.9999711698467,-1,-1,off_screen,0.0,707,30,1.6,-0.0005509607463696515,25.768243058863476,29.587545772243,8.702499995706603,0.8525000012014061,38.93070001504384,5.641399999149144,45.44070002157241,65,True,gaze_outside_screen,0.7417420067697549,26.96460082575456,5.521896338211385,True,False,11,11.0
1789815177780,980,2567,1756.8990263285564,1980.0000000000002,1789.5406841418144,1979.9999913509541,-1,-1,off_screen,0.0,756,30,1.6,-0.0006599791911156404,25.249256334943645,29.600843900353095,0.23700000019744039,0.4523000097833574,57.57079998147674,1.1870999878738075,59.23289997735992,65,True,gaze_outside_screen,0.7417420067697549,26.844337257034994,6.216895105837379,True,False,11,11.0
1789815177841,981,2569,1903.362689405431,1980.0000000000002,1869.216087826346,1979.9999974052862,-1,-1,off_screen,0.0,818,30,1.6,-0.0006240850251580509,24.405059465786042,29.593388239440372,1.14229999599047,0.5348999984562397,19.57199999014847,1.4808999840170145,21.599100000457838,66,True,gaze_outside_screen,0.7417420067697549,26.404084655841842,7.405805435404639,True,False,11,11.0
1789815177872,982,2570,1766.5750982270774,1980.0000000000002,1797.3673951068579,1979.999999221586,-1,-1,off_screen,0.0,848,30,1.6,-0.0006527437179042542,25.034232154257186,29.600849474405347,0.20860001677647233,0.4599000094458461,61.83160000364296,6.1793000204488635,68.49060000968166,66,True,gaze_outside_screen,0.7417420067697549,26.13865987302995,7.52715659052904,True,False,11,11.0
1789815177941,983,2572,1635.935475387091,1980.0000000000002,1684.3650513030211,1979.9999997664759,-1,-1,off_screen,0.0,917,30,1.4,-0.0006574501685241759,23.983644802183626,29.602590423856764,1.3330999936442822,0.42830000165849924,26.905200007604435,0.9839000122155994,28.330300003290176,67,True,gaze_outside_screen,0.7417420067697549,25.233912406958666,7.172360037642697,True,False,11,11.0
1789815177971,984,2573,1591.6766960159375,1980.0000000000002,1619.4832026020626,1979.999999929943,-1,-1,off_screen,0.0,947,30,1.4,-0.0006434847885271686,25.076790713112104,29.60227242408002,5.049500003224239,0.43659997754730284,32.75120002217591,1.2009000056423247,34.40450000925921,67,True,gaze_outside_screen,0.7417420067697549,25.173085035944013,7.162349767038429,True,False,11,11.0
1789815178005,985,2574,1617.4210450925182,1980.0000000000002,1619.2357437009173,1979.99999993835,-1,-1,off_screen,0.0,982,30,1.4,-0.0006298987043558343,25.454323488397627,29.590801390834294,5.24930001120083,0.4099000070709735,63.158700009807944,3.6657000018749386,67.24850001046434,67,True,gaze_outside_screen,0.7417420067697549,25.130522030888528,7.118626737295366,True,False,11,11.0
1789815178072,986,2575,1683.5015853621599,1980.0000000000002,1655.5971567091772,1979.9999999732315,-1,-1,off_screen,0.0,1049,30,1.4,-0.0006158697620114468,24.389896505344094,29.60283113577056,38.947699998971075,0.4234999942127615,63.39670001761988,1.871600019512698,65.70350000401959,67,True,gaze_outside_screen,0.7417420067697549,24.997842210745006,6.791850216666811,True,False,11,11.0
1789815178139,987,2578,1854.316719166599,1980.0000000000002,1794.7008504293724,1979.9999999919696,-1,-1,off_screen,0.0,1115,30,1.4,-0.0007601760025573306,23.468970291249278,29.59680412652346,1.172600022982806,0.6041000015102327,15.963999991072342,0.9324999991804361,17.564699985086918,69,True,gaze_outside_screen,0.7417420067697549,23.61314509637276,6.968466129644438,True,False,11,11.0
1789815178176,988,2579,1794.28784703191,1980.0000000000002,1794.651290021677,1979.9999999929332,-1,-1,off_screen,0.0,1153,30,1.4,-0.0007461133823842125,23.725290840367613,29.599794946017916,0.23419997887685895,0.4709000058937818,62.90920000174083,8.299200009787455,71.70210001640953,69,True,gaze_outside_screen,0.7417420067697549,22.375444722342735,6.778717506773115,True,False,11,11.0
1789815178249,989,2581,1842.3142963846603,1980.0000000000002,1814.8691969254871,1979.999999995931,-1,-1,off_screen,0.0,1226,30,1.4,-0.0008029695856460826,22.74194198687403,29.602361826389455,4.931200004648417,0.5246000073384494,24.294899980304763,1.1051000037696213,25.936399993952364,70,True,gaze_outside_screen,0.7417420067697549,19.56113903264915,7.993134226421265,False,False,11,11.0
1789815178275,990,2582,1893.610987685695,1980.0000000000002,1869.1434105129042,1979.9999999987358,-1,-1,off_screen,0.0,1252,30,1.4,-0.0007533096791867318,24.28292532890308,29.594528933792095,9.828599984757602,0.5310999986249954,51.14070000126958,4.9116000009234995,56.60149999312125,70,True,gaze_outside_screen,0.7417420067697549,18.950116291540297,8.323871447916522,False,False,11,11.0
1789815178331,991,2583,1838.8189123843385,1980.0000000000002,1860.7648368942434,1979.999999999085,-1,-1,off_screen,0.0,1308,30,1.4,-0.0008238237757776795,23.610694721967903,29.598089444125094,19.291599979624152,0.45029999455437064,55.05799999809824,1.2058999855071306,56.72799999592826,70,True,gaze_outside_screen,0.7417420067697549,18.517828900889356,8.50552309985175,False,False,11,11.0
1789815178388,992,2585,1916.9528709588762,1980.0000000000002,1888.6845551393258,1979.9999999995398,-1,-1,off_screen,0.0,1365,30,1.4,-0.0009604239449580425,23.003632718118165,29.588276262824348,12.631099991267547,1.0239999974146485,21.92009999998845,5.724999995436519,28.681700001470745,71,True,gaze_outside_screen,0.7417420067697549,16.6486590582343,8.936737246277438,False,False,11,11.0
1789815178420,993,2586,2110.337578995491,1980.0000000000002,2043.8416718386416,1979.999999999862,-1,-1,off_screen,0.0,1397,30,1.4,-0.0009101388344442581,23.853778724874395,29.59336157504594,0.2080000122077763,0.9103000047616661,81.14110000315122,1.2322999828029424,83.3029999921564,71,True,gaze_outside_screen,0.7417420067697549,16.2058514884221,9.145069729094555,False,False,11,11.0
1789815178505,994,2588,1998.1921719157792,1980.0000000000002,2025.2618487655868,1979.9999999999181,-1,-1,off_screen,0.0,1482,30,1.4,-0.0010696190838049378,22.665147138607487,29.59876121650451,7.176400016760454,0.2825999981723726,15.569300012430176,1.706100010778755,17.57339999312535,72,True,gaze_outside_screen,0.7417420067697549,15.606858776052434,9.485242395130717,False,False,11,11.0
1789815178523,995,2589,2000.591938906002,1980.0000000000002,2019.6354594380878,1979.9999999999368,-1,-1,off_screen,0.0,1500,30,1.4,-0.001150528609057169,25.999931926997228,29.60559160271988,16.67830001679249,0.4422000201884657,112.83350002486259,1.3590000162366778,114.64990000240505,72,True,gaze_outside_screen,0.7417420067697549,15.919303688193537,9.46811178029349,False,False,11,11.0
1789815178636,996,2593,1386.8531727483332,1980.0000000000002,1576.6878587552596,1979.9999999999811,-1,-1,off_screen,0.0,1612,30,1.4,-0.0015800130141461841,24.27012518910511,29.58925239721996,3.133800026262179,0.6510999810416251,113.90510000637732,1.119499997003004,115.68849999457598,75,True,gaze_outside_screen,0.7417420067697549,15.195601070311938,9.284824291169237,False,False,11,11.0
1789815178754,997,2595,1930.4200509323396,1980.0000000000002,1824.3003932792155,1979.9999999999945,-1,-1,off_screen,0.0,1730,30,1.4,-0.0017449812464632609,22.69923160924872,29.601557968861407,17.95849998597987,0.4949000140186399,28.204100002767518,1.2729000009130687,29.988800000865012,76,True,gaze_outside_screen,0.7417420067697549,10.663413204707894,12.130729293939144,False,False,11,11.0
1789815178784,998,2597,1976.472692904474,1980.0000000000002,1930.8210030168964,1979.9999999999984,-1,-1,off_screen,0.0,1760,30,1.4,-0.0015754208910026667,23.735312151541883,29.574611021068026,6.850999983726069,0.4600999818649143,111.70110001694411,1.316600013524294,113.49060002248734,77,True,gaze_outside_screen,0.7417420067697549,10.167494193774388,12.721872505253165,False,False,11,11.0
1789815178897,999,2598,1628.0254780764612,1980.0000000000002,1718.864135558592,1979.9999999999995,-1,-1,off_screen,0.0,1874,30,1.4,-0.0016088052595520687,22.240850037284144,29.60026484509386,9.45849998970516,1.2229999992996454,22.52639998914674,1.1879999947268516,24.95039999485016,77,True,gaze_outside_screen,0.7417420067697549,10.218504781908251,14.0686711000359,False,False,11,11.0
1789815178924,1000,2601,1664.3088637723215,1980.0000000000002,1692.5154976122044,1979.9999999999998,-1,-1,off_screen,0.0,1901,30,1.4,-0.001678094368119597,23.982862830919334,29.60465411285352,11.574799980735406,0.49229999422095716,18.535199982579798,1.446899987058714,20.487200003117323,79,True,gaze_outside_screen,0.7417420067697549,9.141883116591714,14.019579788706187,False,False,11,11.0
1789815178944,1001,2602,1698.805061805417,1980.0000000000002,1693.2702453153897,1980.0,-1,-1,off_screen,0.0,1921,30,1.4,-0.0017153952269538166,26.40111461325683,29.60162445169511,6.604399997740984,0.4736000264529139,108.8348000193946,0.7456999737769365,110.06669999915175,79,True,gaze_outside_screen,0.7417420067697549,8.08212036961308,13.568661129901455,False,False,11,11.0
1789815179054,1002,2605,1590.1662212383676,1980.0000000000002,1621.097428461474,1980.0,-1,-1,off_screen,0.0,2030,30,1.4,-0.0016904658751083022,24.667434919838886,29.594663367607623,0.8243999909609556,1.130599994212389,18.63129998673685,0.6693000032100827,20.443600020371377,81,True,gaze_outside_screen,0.7417420067697549,7.331011599676373,13.852975857472536,False,False,11,11.0
1789815179081,1003,2606,1502.538245539291,1980.0000000000002,1538.106000415946,1980.0,-1,-1,off_screen,0.0,2058,30,1.4,-0.0016995050615343458,25.852458881243777,29.586473805026568,0.20020001102238894,0.5160000000614673,83.0337000079453,1.452799973776564,85.02309999312274,81,True,gaze_outside_screen,0.7417420067697549,6.791576371027389,13.672430755590344,False,False,11,11.0
1789815179166,1004,2607,1563.6354140158896,1980.0000000000002,1544.1155717747547,1980.0,-1,-1,off_screen,0.0,2142,30,1.4,-0.0016234887502207234,24.43965452047223,29.595460915230237,20.94109999598004,5.873999994946644,32.65479998663068,2.008899988140911,40.550699981395155,81,True,gaze_outside_screen,0.7417420067697549,6.210807366362985,14.14630058670343,False,False,11,11.0
1789815179208,1005,2609,1653.0766019490306,1980.0000000000002,1620.388292896748,1980.0,-1,-1,off_screen,0.0,2184,30,1.4,-0.0016718941445316993,24.43900415820957,29.599831877487304,17.57480000378564,0.3525999782141298,19.348600006196648,0.6793999928049743,20.38839997840114,82,True,gaze_outside_screen,0.7417420067697549,5.699715231022566,15.509126648065825,True,False,11,11.0
1789815179228,1006,2610,1430.8014813580014,1980.0000000000002,1487.6775248196254,1980.0,-1,-1,off_screen,0.0,2204,30,1.4,-0.0015357929957561887,26.867068507277107,29.604287650549303,18.745700013823807,0.43620000360533595,19.10810000845231,0.8032000041566789,20.369899983052164,82,True,gaze_outside_screen,0.7417420067697549,4.9240250935966685,15.872471116149486,True,False,11,11.0
1789815179249,1007,2611,1390.73822505943,1980.0000000000002,1419.8200149874888,1980.0,-1,-1,off_screen,0.0,2226,30,1.4,-0.001454253440988212,29.040440005908927,29.597763850060304,7.975099986651912,0.21460000425577164,17.716600006679073,1.292400003876537,19.236000021919608,82,True,gaze_outside_screen,0.7417420067697549,4.425718963605817,16.034351457840796,True,False,11,11.0
1789815179273,1008,2612,1325.3572812759562,1980.0000000000002,1353.696101389416,1980.0,-1,-1,off_screen,0.0,2250,30,1.4,-0.0015196884757300074,30.153089380101154,29.60022935417822,0.2809000143315643,0.47810000251047313,19.440499978372827,0.8366999973077327,20.774000004166737,82,True,gaze_outside_screen,0.7417420067697549,4.057414301840311,17.028259119442083,True,False,11,11.0
1789815179320,1009,2613,1436.9329380757238,1980.0000000000002,1411.9618870698314,1980.0,-1,-1,off_screen,0.0,2296,30,1.4,-0.0013963512095357625,29.283058685062112,29.595372843983725,0.30010001501068473,0.502900016726926,20.745100016938522,1.159299979917705,22.429400007240474,82,True,gaze_outside_screen,0.7417420067697549,3.7685896505442997,18.420576209092612,True,False,11,11.0
1789815179353,1010,2614,1289.7326017578305,1980.0000000000002,1326.401387351431,1980.0,-1,-1,off_screen,0.0,2329,30,1.4,-0.0016110946137924166,29.35899179838554,29.595626955595247,0.25839998852461576,0.4836000152863562,19.990799977676943,1.6796000127214938,22.174700017785653,82,True,gaze_outside_screen,0.7417420067697549,5.088123144971718,19.2467126553597,True,False,11,11.0
1789815179384,1011,2615,1457.1155021519146,1980.0000000000002,1417.9012677117694,1980.0,-1,-1,off_screen,0.0,2361,30,1.4,-0.001479689755458079,29.66609745533582,29.596457586292175,0.2722000062931329,0.4917999904137105,20.996400009607896,1.1357000039424747,22.648099984508008,82,True,gaze_outside_screen,0.7417420067697549,6.801285581507528,19.01040425616077,True,False,11,11.0
1789815179416,1012,2616,1505.1460502246111,1980.0000000000002,1478.9726154707587,1980.0,-1,-1,off_screen,0.0,2392,30,1.4,-0.001441464724714887,29.841276645901306,29.59798107735783,0.21040000137872994,0.5324000085238367,18.348799989325926,1.1552000069059432,20.057300018379465,82,True,gaze_outside_screen,0.7417420067697549,7.082349533399508,18.939914872051393,True,False,11,11.0
1789815179449,1013,2617,1640.3140806288725,1980.0000000000002,1591.9116410814383,1980.0,-1,-1,off_screen,0.0,2425,30,1.2,-0.0015166771384696152,29.88803063391992,29.598152834583363,0.23880001390352845,0.4658999969251454,18.707100010942668,1.1431000020820647,20.33649999066256,82,True,gaze_outside_screen,0.7417420067697549,6.776512710422907,19.16696219601593,True,False,11,11.0
1789815179481,1014,2618,1551.3760641536148,1980.0000000000002,1577.1813494564553,1980.0,-1,-1,off_screen,0.0,2457,30,1.2,-0.0014652297940308135,30.018709985913873,29.59839115445789,0.27630000840872526,0.47549998271279037,19.66260001063347,1.1930999753531069,21.353699994506314,82,True,gaze_outside_screen,0.7417420067697549,6.82753946625084,18.802979660085335,True,False,11,11.0
1789815179516,1015,2619,1511.8096934129726,1980.0000000000002,1539.577688172701,1980.0,-1,-1,off_screen,0.0,2493,30,1.2,-0.0014433941080162736,29.932112397409032,29.598875162272797,0.22429999080486596,0.4353000258561224,17.7570000232663,1.1771999998018146,19.390400004340336,82,True,gaze_outside_screen,0.7417420067697549,6.831557893585114,18.45704006884373,True,False,11,11.0
1789815179549,1016,2620,1414.4031929301182,1980.0000000000002,1451.955541502893,1980.0,-1,-1,off_screen,0.0,2526,30,1.0,-0.0013846377050154238,29.97029732581621,29.591733009591728,0.8306000090669841,3.0069000204093754,66.21210000594147,6.109499983722344,75.34509999095462,82,True,gaze_outside_screen,0.7417420067697549,6.546069289363373,17.533615079539565,True,False,11,11.0
1789815179625,1017,2621,1246.1608987065802,1980.0000000000002,1307.8992915454742,1980.0,-1,-1,off_screen,0.0,2601,30,1.0,-0.0015136567673615497,28.295073021069257,29.59301104363985,38.113699993118644,0.4427999956533313,27.566100005060434,1.6340000147465616,29.657600010978058,82,True,gaze_outside_screen,0.7417420067697549,6.53354110830773,17.17079831188408,True,False,11,11.0
1789815179654,1018,2622,1309.7155793514207,1980.0000000000002,1308.1172460821876,1980.0,-1,-1,off_screen,0.0,2631,30,1.0,-0.0015175045702090651,28.738984576997403,29.59671090849603,21.449499996379018,0.3556999727152288,51.04440002469346,4.189800005406141,55.60740001965314,82,True,gaze_outside_screen,0.7417420067697549,4.952826602115152,17.46838043201424,True,False,11,11.0
1789815179711,1019,2624,1293.5375672782473,1980.0000000000002,1306.0468858718957,1980.0,-1,-1,off_screen,0.0,2687,30,0.8,-0.0016043381184691723,27.654391797136824,29.601079429854526,7.192299992311746,0.49849998322315514,52.375400002347305,1.3134999899193645,54.20020001474768,83,True,gaze_outside_screen,0.7417420067697549,4.278040932767141,18.551882344941376,True,False,11,11.0
1789815179764,1020,2626,1456.8807663720022,1980.0000000000002,1411.6306022219703,1980.0,-1,-1,off_screen,0.0,2740,30,0.8,-0.0015472197332690694,26.725159307697652,29.60454839277394,7.340300013311207,0.4343999898992479,21.20010001817718,1.477500016335398,23.12319999327883,84,True,gaze_outside_screen,0.7417420067697549,3.832387868372223,19.38953826724847,True,False,11,11.0
1789815179788,1021,2627,1360.1286233526603,1980.0000000000002,1388.0978728901027,1980.0,-1,-1,off_screen,0.0,2765,30,0.8,-0.0015538977160916585,28.335353647142128,29.597078543243484,4.12920000962913,0.5320999771356583,20.338900008937344,1.2836999958381057,22.16930000577122,84,True,gaze_outside_screen,0.7417420067697549,3.70335118464115,19.603792689923996,True,False,11,11.0
1789815179817,1022,2628,1308.3302199360999,1980.0000000000002,1332.4185980509387,1980.0000000000002,-1,-1,off_screen,0.0,2793,30,0.8,-0.0015948850497413108,29.06829200333466,29.5990250819986,0.11600001016631722,0.45479999971576035,20.002099976409227,1.6104000096675009,22.078300011344254,84,True,gaze_outside_screen,0.7417420067697549,3.5455153518523446,19.55488375240945,True,False,11,11.0
1789815179849,1023,2629,1312.145533946926,1980.0000000000002,1328.5552743559276,1980.0,-1,-1,off_screen,0.0,2825,30,0.8,-0.00158371901025158,29.23502859945938,29.60004674668031,0.19540000357665122,0.5050000036135316,18.504799983929843,1.2327000149525702,20.262000005459413,84,True,gaze_outside_screen,0.7417420067697549,3.3587635849367814,19.601986582002738,True,False,11,11.0
1789815179884,1024,2630,1410.1564345709357,1980.0000000000002,1385.6760865064332,1980.0,-1,-1,off_screen,0.0,2861,30,0.8,-0.0017710580795873912,29.165333718614665,29.598205263865342,0.24110000231303275,0.5308999971020967,22.52349999616854,1.4584999880753458,24.533299991162494,84,True,gaze_outside_screen,0.7417420067697549,2.7963621797349845,19.068045638868846,True,False,11,11.0
1789815179936,1025,2631,1352.2962432632683,1980.0000000000002,1375.583441004139,1980.0,-1,-1,off_screen,0.0,2913,30,0.8,-0.0017487462387207244,28.162818809106994,29.601783142165804,0.2477999951224774,0.47199998516589403,61.02429999737069,1.374599989503622,62.89209998794831,84,True,gaze_outside_screen,0.7417420067697549,4.329950733693067,18.900545332936183,True,False,11,11.0
1789815180000,1026,2633,1620.914974429086,1980.0000000000002,1547.3155144016018,1980.0,-1,-1,off_screen,0.0,2976,30,0.8,-0.0017518836414705096,26.92932129925425,29.593407179399062,1.2344999995548278,0.4591000033542514,50.035799999022856,8.165000006556511,58.679499983554706,85,True,gaze_outside_screen,0.7417420067697549,4.204432298194888,18.115851783640096,True,False,11,11.0
1789815180058,1027,2634,1797.2339649134142,1980.0000000000002,1722.2584297598705,1980.0,-1,-1,off_screen,0.0,3035,30,0.8,-0.0016833924312563402,25.932776542868414,29.594669830213267,1.1722999915946275,0.4600000102072954,58.481000014580786,4.557699983706698,63.51330000325106,85,True,gaze_outside_screen,0.7417420067697549,3.4217355398785685,17.1710749275762,True,False,11,11.0
1789815180123,1028,2636,1870.199085860319,1980.0000000000002,1825.8168890301845,1980.0,-1,-1,off_screen,0.0,3099,30,0.8,-0.001779825043720264,24.906744705002072,29.59254871428867,8.44659999711439,0.47450000420212746,35.73589998995885,3.6604999913834035,39.882600016426295,86,True,gaze_outside_screen,0.7417420067697549,2.2677493871102286,16.870386053958903,True,False,11,11.0
1789815180162,1029,2637,1749.8390244410043,1980.0000000000002,1775.2389145614277,1980.0000000000002,-1,-1,off_screen,0.0,3138,30,0.8,-0.0016911361031670957,24.912917963349628,29.605180179129178,38.353700016159564,0.40019999141804874,27.486200007842854,1.4727000088896602,29.367999988608062,86,True,gaze_outside_screen,0.7417420067697549,2.043178851683308,16.167686988744993,True,False,11,11.0
1789815180192,1030,2639,1790.7029586250035,1980.0000000000002,1777.5515044876101,1980.0000000000002,-1,-1,off_screen,0.0,3168,30,0.8,-0.0016081343955471946,25.796378967608142,29.60622433096084,3.802999999606982,0.5742999783251435,28.274500014958903,1.5086000203154981,30.369200016139075,87,True,gaze_outside_screen,0.7417420067697549,1.91805067735379,15.706296413284692,True,False,11,11.0
1789815180223,1031,2640,1794.7972203481272,1980.0000000000002,1780.3926132235924,1980.0000000000005,-1,-1,off_screen,0.0,3200,30,0.8,-0.0016402923793122168,26.480459293297955,29.588382627254393,4.267900018021464,0.4641000123228878,51.61500000394881,1.407100004144013,53.498599998420104,87,True,gaze_outside_screen,0.7417420067697549,1.0058196986036023,15.777177492558327,True,False,11,11.0
1789815180283,1032,2641,1891.2114355079375,1980.0000000000002,1857.9657888226338,1980.0000000000002,-1,-1,off_screen,0.0,3259,30,0.8,-0.0015164250260837012,25.50023638790221,29.60352300695658,3.5948000149801373,0.44200001866556704,47.91670001577586,0.8691999828442931,49.24689998733811,87,True,gaze_outside_screen,0.7417420067697549,1.1751829909256344,15.878917987968274,True,False,11,11.0
1789815180333,1033,2643,1656.832453265728,1980.0000000000002,1717.1724539327997,1980.0,-1,-1,off_screen,0.0,3309,30,0.8,-0.0014011931412875236,24.97112106744658,29.591785616785096,2.9578999965451658,0.27150000096298754,30.594500014558434,4.300500004319474,35.177200014004484,88,True,gaze_outside_screen,0.7417420067697549,1.2293941982171646,18.271646087592522,True,False,11,11.0
1789815180373,1034,2644,1681.9051524641986,1965.912341444576,1705.1262847332391,1975.1881116071395,-1,-1,off_screen,0.0,3349,30,0.8,-0.001415691922624281,24.904396583169202,29.59841014701787,0.20929999300278723,0.464299984741956,70.16909998492338,4.744300007587299,75.39740001084283,88,True,gaze_outside_screen,0.7417420067697549,0.12408461892115952,19.97245852058934,True,False,11,11.0
1789815180449,1035,2646,1690.1275352915736,1980.0000000000002,1702.8464750560643,1975.9195185665126,-1,-1,off_screen,0.0,3425,30,0.8,-0.0014340125887993497,23.7352523756762,29.59992068428891,10.792699991725385,0.49649999709799886,22.524100000737235,5.900700023630634,28.936200018506497,89,True,gaze_outside_screen,0.7417420067697549,0.48822476877714394,18.941494458993986,True,False,11,11.0
1789815180477,1036,2647,1678.5466804695793,1980.0000000000002,1697.310692833153,1976.8491007693588,-1,-1,off_screen,0.0,3453,30,0.8,-0.0013799137743760893,24.784802085698797,29.598077118513853,18.250900000566617,0.587200018344447,70.84520001080818,1.4187999768182635,72.86469999235123,89,True,gaze_outside_screen,0.7417420067697549,0.5890395184744364,18.76837973934429,True,False,11,11.0
1789815180550,1037,2649,1592.5484900374038,1980.0000000000002,1623.9771508761287,1979.0547302308078,-1,-1,off_screen,0.0,3526,30,0.8,-0.0014116731286704601,23.67317220279122,29.599123544264796,12.956399994436651,0.46499999007210135,28.92219999921508,0.9258000063709915,30.323699989821762,90,True,gaze_outside_screen,0.7417420067697549,0.5643165808769766,18.8179375776799,True,False,11,11.0
1789815180582,1038,2650,1612.9073146830876,1980.0000000000002,1622.6487705329637,1979.1681626031109,-1,-1,off_screen,0.0,3559,30,0.8,-0.0014732999308455282,24.577399739890783,29.591613770577727,8.84220001171343,1.0261000134050846,87.30400001513772,1.719699997920543,90.06579997367226,90,True,gaze_outside_screen,0.7417420067697549,0.6633718561207615,19.356633708921134,True,False,11,11.0
1789815180680,1039,2652,1649.6840080322158,1885.9409068320622,1641.5734367824402,1913.9090835633767,-1,-1,off_screen,0.0,3657,30,0.8,-0.0015038974873913067,23.13452345955488,29.603505042500995,35.297000024002045,2.809600002365187,19.356700009666383,0.9051999950315803,23.089700000127777,91,True,gaze_outside_screen,0.7417420067697549,0.6086901074025093,20.109819102590624,True,False,11,11.0
1789815180704,1040,2654,1572.0465241271406,1980.0000000000002,1592.9045979237303,1960.1727250690133,-1,-1,off_screen,0.0,3680,30,0.8,-0.0014785195770122255,25.11396680302491,29.594937249618848,7.358900009421632,0.45870000030845404,23.700799996731803,1.575100002810359,25.750800006790087,92,True,gaze_outside_screen,0.7417420067697549,0.6440049828755718,20.14563853866435,True,False,11,11.0
1789815180730,1041,2655,1561.1014195038588,1980.0000000000002,1582.1771286742867,1966.860625231518,-1,-1,off_screen,0.0,3707,30,0.8,-0.0014403584931158772,26.37453237196933,29.593573795246414,0.18000000272877514,0.4029999836347997,35.080900008324534,1.663100003497675,37.16209999402054,92,True,gaze_outside_screen,0.7417420067697549,0.7708160200471923,20.334028444280452,True,False,11,11.0
1789815180775,1042,2656,1565.5335129598134,1956.4237285476122,1579.0945626643436,1964.9276063779812,-1,-1,off_screen,0.0,3752,30,0.8,-0.001459889512914904,25.910897664958178,29.594431846741116,3.7275000067893416,0.454699998954311,53.925199987133965,1.7334999865852296,56.13919999450445,92,True,gaze_outside_screen,0.7417420067697549,1.4189577023393554,20.275515569672095,True,False,11,11.0
1789815180834,1043,2657,1558.7718830442245,1895.3789830999904,1566.1761878132766,1920.7181220641464,-1,-1,off_screen,0.0,3811,30,0.8,-0.0012892323516645043,25.04886170789972,29.593740734553787,28.45250000245869,0.46460001613013446,31.662199995480478,2.0422000088728964,34.191499988082796,92,True,gaze_outside_screen,0.7417420067697549,2.8186202366063924,19.48863209638157,True,False,11,11.0
1789815180869,1044,2658,1536.1585297421063,1873.4978452862497,1551.320477724535,1897.3488525342127,-1,-1,off_screen,0.0,3845,30,0.8,-0.001184360012078509,25.446295071903712,29.59405335066305,30.951599997933954,0.4183000128250569,30.108699982520193,2.0386000105645508,32.578100013779476,92,True,gaze_outside_screen,0.7417420067697549,3.3189922617679883,18.649186670377812,True,False,11,11.0
1789815180901,1045,2659,1537.2596447523372,1849.0738251837886,1545.042105613576,1875.793331181248,-1,-1,off_screen,0.0,3878,30,0.8,-0.001124433220577951,25.945166319900558,29.591418414795044,23.635500023374334,0.4270999925211072,39.51010000309907,1.5654999879188836,41.515399992931634,92,True,gaze_outside_screen,0.7417420067697549,3.483161329366027,18.43084468663755,True,False,11,11.0
1789815180943,1046,2660,1544.1022242623699,1980.0000000000002,1544.3841886677317,1948.7379993543746,-1,-1,off_screen,0.0,3920,30,0.8,-0.0012349023803150498,25.743120105610167,29.600713091070805,35.65320000052452,8.027900010347366,56.1763999867253,8.622299996204674,72.84119998803362,92,True,gaze_outside_screen,0.7417420067697549,3.813149584583442,17.913926929713984,True,False,11,11.0
1789815181015,1047,2663,1379.5041590492056,1980.0000000000002,1428.9681679347634,1970.6213998063124,-1,-1,off_screen,0.0,3992,30,0.8,-0.001171936600235254,24.535942458242378,29.598826768278766,4.955800017341971,0.4493999877013266,37.1883999905549,1.5614999865647405,39.21349998563528,94,True,gaze_outside_screen,0.7417420067697549,4.38086619167089,17.448525294784925,True,False,11,11.0
1789815181056,1048,2664,1445.9177246405518,1886.077131667913,1440.8328576288154,1911.4404121094326,-1,-1,off_screen,0.0,4032,30,0.8,-0.001221808297962956,24.61537251708715,29.601825051486916,11.031200003344566,0.47050000284798443,21.15600000252016,2.7589999954216182,24.401100003160536,94,True,gaze_outside_screen,0.7417420067697549,4.037086750208232,16.90878467681291,True,False,11,11.0
1789815181081,1049,2665,1518.0361029144933,1774.4375982410593,1494.87512932879,1815.5384424015713,-1,-1,off_screen,0.0,4058,30,0.8,-0.0012100364334330423,26.200616050365543,29.596037196484545,15.192699996987358,0.447900005383417,83.0013999948278,1.409599994076416,84.87190000596456,94,True,gaze_outside_screen,0.7417420067697549,4.105136538331749,16.72913334729037,True,False,11,11.0
1789815181165,1050,2667,1539.9104074729337,1646.4192950315721,1526.3998240296905,1697.155039242572,2,1,terminal,0.619715597379938,0,39,1.0,-0.0012063698611811998,24.75516776267178,29.6000202735681,18.599800008814782,0.4385999927762896,19.423299992922693,1.5170999977272004,21.395499992650002,95,True,on_screen,0.7417420067697549,4.698610909978697,16.740878320465615,True,False,11,11.0
1789815181187,1051,2668,1579.6352215134796,1644.605313227314,1561.3047950715059,1662.6996439320274,2,1,terminal,0.6414673603532044,22,39,1.0,-0.0012191408979648852,26.89811931813596,29.593432042561194,10.63500001328066,0.4778000002261251,18.08460001484491,1.2363000132609159,19.80879998882301,95,True,on_screen,0.7417420067697549,4.809780494849662,16.76519390703821,True,False,11,11.0
1789815181211,1052,2669,1586.9193555079316,1602.4870542601755,1576.0527384459142,1628.0313986927245,2,1,terminal,0.6699488052334674,46,39,1.0,-0.0013223120626977575,28.418957807676026,29.59596395060581,0.2027000009547919,0.2300000051036477,20.213099982356653,1.6785000043455511,22.135900013381615,95,True,on_screen,0.7417420067697549,4.130050105956798,17.015219051095666,True,False,11,11.0
1789815181241,1053,2670,1656.5265736201488,1637.4971083325875,1632.3844230678785,1634.6573954406285,2,1,terminal,0.5851373120007932,75,39,1.0,-0.0013339663229335608,28.965399367952518,29.591217905489067,0.22079999325796962,0.4675000091083348,34.88300001481548,5.512000003363937,40.881099994294345,95,True,on_screen,0.7417420067697549,3.013285212603762,17.646492779600194,True,False,11,11.0
1789815181284,1054,2671,1615.9703616528107,1634.5187381683995,1629.7966750071168,1634.6355355195374,2,1,terminal,0.588896671710682,118,39,1.0,-0.0014005841487877719,28.333295779048047,29.602089575727717,0.22509999689646065,0.4826999793294817,62.970600003609434,1.4544999867212027,64.92589999106713,95,True,on_screen,0.7417420067697549,2.214275394978756,18.12416017195574,True,False,11,11.0
1789815181350,1055,2673,1606.7919317965068,1669.6288147455366,1621.1735811713002,1647.752410053897,2,1,terminal,0.5869836255480358,184,39,1.0,-0.0014321695521152342,27.033327544120134,29.606361861978055,4.099899990251288,0.4990000161342323,18.3495000237599,1.5449999773409218,20.456099999137223,96,True,on_screen,0.7417420067697549,2.2876896416710224,17.03181123616059,True,False,11,11.0
1789815181370,1056,2674,1644.5222342249995,1626.4616653459263,1627.878435363692,1641.6385096680347,2,1,terminal,0.5843278764685047,204,39,1.0,-0.0013646675204707238,29.154922291741705,29.60011246536902,1.8477000121492893,0.4335999838076532,17.6355000003241,0.7172999903559685,18.798999983118847,96,True,on_screen,0.7417420067697549,2.51080098668632,16.33244990231186,True,False,11,11.0
1789815181402,1057,2675,1570.2616340111538,1662.9471052611261,1596.672238795914,1653.1795915582393,2,1,terminal,0.6129024675573367,236,39,1.0,-0.0013610878387216984,29.43551294332784,29.601108333663287,0.25460001779720187,0.49619999481365085,16.919499990763143,0.8182000019587576,18.253999995067716,96,True,on_screen,0.7417420067697549,2.944852489030211,15.838930857061516,True,False,11,11.0
1789815181436,1058,2676,1641.77292656359,1654.4409427580158,1614.8243550995633,1653.687259951148,2,1,terminal,0.5887682967528839,271,39,1.0,-0.0013486791397829632,29.477383833376773,29.594779075906374,0.23939998936839402,0.5009000014979392,69.42139999591745,1.7205000040121377,71.66409998899326,96,True,on_screen,0.7417420067697549,3.138864220340224,15.675598089873617,True,False,11,11.0
1789815181507,1059,2677,1635.4735646763693,1639.7867693822861,1619.5728781019086,1650.4906824277032,2,1,terminal,0.5860807280478724,342,39,0.8,-0.0013439639895143091,27.91937203514688,29.59539177337511,16.415099991718307,0.4369000089354813,30.28679999988526,0.888400012627244,31.62309998879209,96,True,on_screen,0.7417420067697549,3.0780310169805034,16.049463079461077,True,False,11,11.0
1789815181538,1060,2678,1640.5856867833536,1656.4608840733513,1623.8588112852444,1651.708410420767,2,1,terminal,0.5788832979115681,373,39,0.8,-0.0013360775449308606,28.272247150732714,29.595094924208354,21.91589999711141,0.3017000271938741,29.01440000277944,5.196399986743927,34.52260000631213,96,True,on_screen,0.7417420067697549,3.1808070291509694,16.254079194326497,True,False,11,11.0
1789815181573,1061,2679,1553.2393025659078,1601.5556002715527,1574.4251551817088,1616.601443316317,2,1,terminal,0.6856232066562207,407,39,0.6,-0.0012660704690632286,28.312792428588907,29.596044254569016,26.666699995985255,0.5275000003166497,28.320499986875802,1.6744000022299588,30.536800011759624,96,True,on_screen,0.7417420067697549,3.3392474610097906,16.739023933245278,True,False,11,11.0
1789815181605,1062,2680,1533.9529087468288,1545.492430533538,1546.094582677293,1566.8251343683717,2,1,terminal,0.7784851054851002,440,39,0.6,-0.0012668891734823797,28.72177538649978,29.59646422114757,22.40360001451336,0.4231999919284135,29.891999991377816,1.8497999990358949,32.1778999932576,96,True,on_screen,0.7417420067697549,3.3988118962637657,16.989724968756576,True,False,11,11.0
1789815181638,1063,2681,1490.6118278398917,1504.114400696712,1507.256654291112,1522.9276207982098,2,1,terminal,0.8744657690527593,473,39,0.6,-0.001245866967366895,28.928093326375933,29.595656199855892,25.842800008831546,0.455000001238659,34.19939999002963,1.2886000040452927,35.956500010797754,96,True,on_screen,0.7417420067697549,3.5174859834851873,16.842254453880663,True,False,11,11.0
1789815181673,1064,2682,1441.5949753705968,1493.1614614203052,1465.7215283867317,1504.0986600135225,2,1,terminal,0.9539854268980741,508,39,0.6,-0.001224274552820058,28.795107585756224,29.596340791814647,23.446999985026196,0.41240002610720694,28.841799998190254,2.14679999044165,31.414400000358,96,True,on_screen,0.7417420067697549,3.7224328989166224,17.063870387971622,True,False,11,11.0
1789815181705,1065,2683,1442.2663883350185,1467.4999595372544,1456.6111437128232,1489.8830876840104,2,1,terminal,0.9656393326210588,539,39,0.6,-0.0011826400662301156,29.05407265698769,29.5967804869192,30.24980000918731,0.5000999954063445,29.56979998270981,1.9085000094491988,31.99220000533387,96,True,on_screen,0.7417420067697549,4.490928979253397,17.034495246589824,True,False,11,11.0
1789815181737,1066,2684,1320.2095174559988,1241.1762790769228,1361.130005333046,1315.7883216590492,2,1,terminal,0.6459860166259956,572,39,0.6,-0.0009750309599363734,29.246194184284604,29.593875606854294,28.63200000138022,0.4800999886356294,36.00490000098944,5.90280001051724,42.40020000725053,96,True,on_screen,0.7417420067697549,6.456424901101116,17.082501335920227,True,False,11,11.0
1789815181780,1067,2685,1302.4220179086797,1094.4255442239478,1320.0344141359894,1160.8343774544783,1,1,main_file,0.4927913090031646,0,18,0.8,-0.0008502431275936116,28.66885485476851,29.591570731274555,39.121000008890405,0.44440000783652067,72.83160000224598,1.1663000041153282,74.45200000074692,96,True,on_screen,0.7417420067697549,7.372794819539621,16.808980040135527,True,False,11,11.0
1789815181855,1068,2687,1279.550479298907,1042.8326049147395,1291.6956597500316,1078.2331366766612,1,1,main_file,0.5903732235765002,75,18,0.8,-0.0006800272066665395,27.140677167876948,29.59433147356563,24.361800024053082,0.48779998905956745,23.276899999473244,1.2980000174138695,25.07179998792708,97,True,on_screen,0.7417420067697549,7.732266951005386,16.84194803248748,True,False,11,11.0
1789815181880,1069,2688,1264.0239481789147,1130.1649852704213,1277.318724670591,1105.2145112789867,1,1,main_file,0.5373561802642459,100,18,0.6,-0.0007755414450961052,28.390804838916317,29.597513894213943,24.069000006420538,0.38519999361597,51.68019997654483,5.57830001343973,57.6537000015378,97,True,on_screen,0.7417420067697549,7.593071332913183,16.811421846272058,True,False,11,11.0
1789815181939,1070,2690,1125.5689168556348,1073.6037332201386,1171.0938592001216,1083.086966637793,1,1,main_file,0.4252739079565756,158,18,0.6,-0.0006159405985580353,27.27696882223213,29.603868154905108,13.742700015427545,0.46049998491071165,46.4784000068903,0.7897999894339591,47.74169999291189,98,True,on_screen,0.7417420067697549,9.174410843334243,15.827038551486456,True,False,11,11.0
1789815181987,1071,2692,1168.8944485630614,1134.1487776633667,1170.096254689593,1106.247486159039,1,1,main_file,0.39989062253842766,207,18,0.6,-0.0008054138384981837,26.630013016774004,29.597207892636877,9.658399998443201,0.31170001602731645,15.90070000384003,3.9170999953057617,20.144999987678602,99,True,on_screen,0.7417420067697549,8.024878911803796,15.898843298871684,True,False,11,11.0
1789815182014,1072,2693,1236.8352385403575,1239.075655398543,1216.8135433851282,1199.2272046266917,2,1,terminal,0.3383228171550132,0,40,0.8,-0.0009763988872028805,27.546942625050466,29.605161887917184,0.19389999215491116,0.4214000073261559,62.09520000265911,6.573600025149062,69.10860000061803,99,True,on_screen,0.7417420067697549,7.5670032936752705,16.02733047086668,True,False,11,11.0
1789815182084,1073,2695,1197.0755495607389,1105.3599656620886,1202.9969477080558,1133.5201373514697,1,1,main_file,0.4121971618982393,0,19,0.8,-0.0009380133233454976,26.23399114065588,29.59653845035715,0.960400007897988,0.41989999590441585,24.506899993866682,1.3327999913599342,26.271299982909113,100,True,on_screen,0.7417420067697549,7.656332019431119,15.802935360485778,True,False,11,11.0
1789815182122,1074,2696,1231.2533936153973,1011.3411820771274,1222.776459843195,1047.99486865943,1,1,main_file,0.5356378882023085,37,19,0.8,-0.0008650656278841387,26.173675929709127,29.593786372295703,0.1824999926611781,0.44669999624602497,58.349500002805144,4.489799990551546,63.30579999485053,100,True,on_screen,0.7417420067697549,7.663233929864845,15.950923325153536,True,False,11,11.0
1789815182186,1075,2697,1276.658746349289,891.8717972481845,1260.4940603974608,938.7087186715581,1,1,main_file,0.6755839431445418,101,19,0.8,-0.0008098250916060128,25.12778293005102,29.6017570120116,19.85209999838844,0.454699998954311,40.68060001009144,1.5471000224351883,42.695899988757446,100,True,on_screen,0.7417420067697549,7.696673666619262,15.991656055932806,True,False,11,11.0
1789815182229,1076,2699,1261.465179951897,925.9686786988464,1260.6170306839365,937.0954812920822,1,1,main_file,0.6763854826408009,144,19,0.8,-0.0008656768644784967,24.941933487076128,29.602438332230232,9.691299987025559,0.444800010882318,27.204799989704043,3.740299987839535,31.403300003148615,101,True,on_screen,0.7417420067697549,7.753622200569936,15.462733559522999,True,False,11,11.0
1789815182260,1077,2700,1276.2369559124136,944.1868153502828,1263.1781191868001,938.2581971092688,1,1,main_file,0.6803869225304735,175,19,0.8,-0.0008944229324794641,25.602294366031778,29.600810870286608,2.2557000047527254,0.47229998745024204,68.75710000167601,3.040400013560429,72.28309998754412,101,True,on_screen,0.7417420067697549,7.840601661123628,15.105703052930425,True,False,11,11.0
1789815182334,1078,2702,1204.0480374673261,1006.7099528471116,1221.7870619831683,986.1744261257588,1,1,main_file,0.5855191489432066,250,19,0.8,-0.0009554766836933522,24.42025181444683,29.601121990061863,14.293799991719425,0.5278000026009977,30.393900000490248,1.613699976587668,32.547199982218444,102,True,on_screen,0.7417420067697549,8.405465666894685,14.47610244385949,False,False,11,11.0
1789815182366,1079,2703,1145.266886363886,1001.1063862547954,1169.55213347184,996.3674224638081,1,1,main_file,0.49278388067415635,281,19,0.8,-0.001018338221299082,25.017804984011967,29.60062354851722,21.182800002861768,0.4579000233206898,33.27539999736473,1.2231000000610948,34.96859999722801,102,True,on_screen,0.7417420067697549,8.326538055682533,14.438109097556119,False,False,11,11.0
1789815182402,1080,2704,1182.9553307427575,870.0976116692433,1178.9343715614823,907.9785549076128,1,1,main_file,0.538569640615363,317,19,0.8,-0.0008428814287634433,25.350097982932507,29.599567638405006,18.09190001222305,0.4378999874461442,34.596400015288964,1.6794000111985952,36.726799997268245,102,True,on_screen,0.7417420067697549,9.79734937242381,14.687567334592982,False,False,11,11.0
1789815182439,1081,2705,1121.0391282446676,669.3387513141018,1138.407701239712,740.9306923921552,1,1,main_file,0.39761978751426164,354,19,0.8,-0.0006542064280253158,25.508284632717825,29.599954125981146,6.533699983265251,0.7909999985713512,29.961499996716157,1.423400011844933,32.18670000205748,102,True,on_screen,0.7417420067697549,10.850666506644927,14.858563819965173,False,False,11,11.0
1789815182472,1082,2706,1211.3473047402622,597.3558492831643,1189.4654236900972,640.4283022158615,1,1,main_file,0.3626653106128124,387,19,0.8,-0.0002120408674255881,26.037724892629562,29.593859577837115,11.78760000038892,0.45679998584091663,48.495199996978045,3.371099999640137,52.34049999853596,102,True,on_screen,0.7417420067697549,11.947312676957239,15.231887664946665,True,False,11,11.0
1789815182524,1083,2707,1108.1470899306805,928.0077496876889,1132.5425900585055,841.7339154461407,1,1,main_file,0.4471586402119593,439,19,0.8,-0.00043469242360062894,25.334157434838588,29.59740851078399,23.51610001642257,0.43559999903663993,54.60339999990538,1.2648999982047826,56.319700001040474,102,True,on_screen,0.7417420067697549,11.613958582638077,15.014468413303677,False,False,11,11.0
1789815182581,1084,2709,1147.1667180209565,717.7613705593565,1142.7794796322212,754.9531340253918,1,1,main_file,0.4157213890759289,496,19,0.8,-8.171868873422909e-05,24.561326769425747,29.60035213452416,21.01189998211339,0.4440000047907233,19.195400003809482,4.5482999994419515,24.201499996706843,103,True,on_screen,0.7417420067697549,11.67863383064767,16.04385605429655,True,False,11,11.0
1789815182605,1085,2710,1160.6027445982866,553.901397733168,1155.255765108467,614.2169186208351,0,1,main_file,0.2508607701642138,520,19,0.8,-6.369981586663333e-05,26.182200589986472,29.60045030579613,16.024800017476082,0.7210999901872128,61.161400022683665,5.04190000356175,66.93569998606108,103,True,on_screen,0.7417420067697549,11.898591114246784,15.752409679450373,True,False,11,11.0
1789815182672,1086,2712,1120.312448667056,474.0786509558399,1130.7954435994793,516.1201312553385,0,1,main_file,0.3335314694418755,587,19,0.8,5.381531824322737e-05,25.053862741169798,29.60232426280662,13.451099977828562,0.3203000233042985,56.028899998636916,5.220699997153133,61.579300003359094,104,True,on_screen,0.7417420067697549,12.567149019473362,16.662484299082085,True,False,11,11.0
1789815182734,1087,2714,1029.9643535612822,435.8985474400923,1060.2136805727414,459.96502258466614,0,1,main_file,0.27195802227377575,649,19,0.8,-6.611544684679595e-05,24.165288727689905,29.593336450325985,5.581899982644245,0.34849997609853745,25.88060000562109,1.3324999890755862,27.573700004722923,105,True,on_screen,0.7417420067697549,12.84678122668413,16.610659698868513,True,False,11,11.0
1789815182771,1088,2715,1090.9025527212864,420.75278110277316,1073.7891343260999,442.6191922059435,0,1,main_file,0.3056977201427834,686,19,0.8,-0.00015812938961551858,24.436368365535543,29.59924544474968,0.18780000391416252,0.4186000151094049,71.8265000032261,1.1492000194266438,73.41149999410845,105,True,on_screen,0.7417420067697549,12.872986370964924,16.488923447116516,True,False,11,11.0
1789815182844,1089,2717,1131.4081199549273,397.72632921917096,1110.7034883103042,413.85799452826353,0,1,main_file,0.3844507656140057,759,19,0.8,-0.00011849182483231364,23.349846953254062,29.602482604908012,7.3244000086560845,1.2599999899975955,20.51269999356009,1.6799000150058419,23.468200000934303,106,True,on_screen,0.7417420067697549,13.822916623408673,16.389056136518057,True,False,11,11.0
1789815182869,1090,2718,1133.877777758677,425.94720715711395,1116.2789698083861,416.7665273438518,0,1,main_file,0.3920272545362036,784,19,0.8,-0.00010187761592610027,25.18288353086575,29.605235493061205,12.275499990209937,0.9012999944388866,22.429100004956126,1.3691000058315694,24.716799991438165,106,True,on_screen,0.7417420067697549,13.96530418956553,16.479558491678358,True,False,11,11.0
1789815182893,1091,2719,1114.8654470191193,442.4318104739775,1115.9441223972449,422.84633990689497,0,1,main_file,0.38774624038784855,808,19,0.8,-7.049622474133467e-05,26.66895191938896,29.597672268428592,4.517800000030547,0.5730999982915819,55.036400008248165,1.3777999847661704,56.9991999946069,106,True,on_screen,0.7417420067697549,13.911552172175277,16.504724316758047,True,False,11,11.0
1789815182954,1092,2720,1114.6337459808963,392.1280688742404,1115.5773557422137,414.2484764423011,0,1,main_file,0.39235322597178623,869,19,0.8,-0.00016214363625316822,25.655706414603944,29.60229582007807,23.55149999493733,0.4768000217154622,47.76080002193339,1.4792000001762062,49.73549998248927,106,True,on_screen,0.7417420067697549,14.034732442504094,16.18218337340804,True,False,11,11.0
1789815183005,1093,2722,1112.2153372877628,351.4539800725771,1113.71474949734,379.45942853356775,0,1,main_file,0.4067171004726222,921,19,0.8,-9.89225276902296e-05,25.089903799915714,29.595574592215762,11.993200023425743,0.5015000060666353,19.036300014704466,1.0611999896354973,20.61219999450259,107,True,on_screen,0.7417420067697549,14.222105662078889,16.31850133253307,True,False,11,11.0
1789815183034,1094,2723,1157.7867672521384,388.6219840604647,1131.4137771509616,383.1390495699959,0,1,main_file,0.4353927085513998,949,19,0.8,-0.00011902005934852876,26.001751801774546,29.57619430795532,0.3407999756745994,0.5827000131830573,117.61340001248755,1.0538999922573566,119.26880001556128,107,True,on_screen,0.7417420067697549,13.99325804326159,16.523701015533522,True,False,11,11.0
1789815183154,1095,2724,1173.522041960771,385.861963411556,1147.312001709265,384.16710180395904,0,1,main_file,0.46196372057057555,1069,19,0.8,-0.00014825071615768952,24.238256675092327,29.596767421738605,3.8668999914079905,0.390799978049472,35.40310001699254,1.285000005736947,37.08999999798834,107,True,on_screen,0.7417420067697549,13.913990296183755,16.20045263688624,True,False,11,11.0
1789815183191,1096,2727,1380.9580201685726,460.3013437483289,1310.8642146307802,437.4610711650179,0,1,main_file,0.6667996653496444,1106,19,0.8,-0.0001835155984570378,24.4833324344094,29.597989157079457,17.828699987148866,0.21729999571107328,61.85450000339188,1.3095999893266708,63.39070000103675,109,True,on_screen,0.7417420067697549,13.999257664795152,15.699023439014617,True,False,11,11.0
1789815183255,1097,2729,1352.4440664414801,154.18110522142874,1339.9701108982701,239.16509500450547,0,1,main_file,0.7931655841222364,1171,19,0.8,-0.0002950834348184068,23.606113314666597,29.59765948514442,15.17320002312772,6.789799983380362,59.300299995811656,2.239299996290356,68.3415999810677,110,True,on_screen,0.7417420067697549,9.308972666823848,18.00129369117202,True,False,11,11.0
1789815183322,1098,2731,1204.1378649478859,335.0872864471544,1244.887538733001,306.31062901435973,0,1,main_file,0.6551217598013845,1237,19,0.8,0.0003763433519755593,22.703595642741373,29.60283473798072,24.578799988375977,0.5135999817866832,16.20589999947697,0.6780000112485141,17.40859998972155,111,True,on_screen,0.7417420067697549,11.640533190826858,20.77674027035996,True,False,11,11.0
1789815183341,1099,2732,1262.205675471103,541.1632316065045,1257.0102344496722,470.70745082886106,0,1,main_file,0.5578882249080628,1256,19,0.8,0.000105574333443487,26.100242767794484,29.59110610061552,3.0943999881856143,0.38399998447857797,60.98239999846555,8.757400006288663,70.1355000201147,111,True,on_screen,0.7417420067697549,11.74059266343562,24.57648129352062,True,False,11,11.0
1789815183410,1100,2733,1747.9103049552346,761.4943360204682,1600.6402838035658,674.258270462986,1,1,main_file,0.5105207063773713,1325,19,0.8,-7.836503093514198e-05,24.91078401788485,29.598331369231524,17.185800010338426,0.4112000169698149,42.86020001745783,1.4822000230196863,44.76709998562001,111,True,on_screen,0.7417420067697549,9.409714033439144,27.093939797879287,True,False,11,11.0
1789815183457,1101,2735,1601.4525549919435,885.4915328867803,1601.20887363543,822.121554159642,1,1,main_file,0.6837063439491196,1372,19,0.8,-0.0008891099719698804,24.636454931271256,29.60137131555251,13.331299996934831,0.774099986301735,21.494099986739457,1.66680000256747,23.948300018673763,112,True,on_screen,0.7417420067697549,5.791045710516215,27.81394727960051,True,False,11,11.0
1789815183483,1102,2736,1558.1874216724527,924.6700117050586,1571.0938572613459,893.9054744414336,1,1,main_file,0.7681511732961502,1398,19,0.8,-0.000832044940545177,25.961434467321645,29.605918664797667,18.228700006147847,0.4329000075813383,82.67489998252131,1.563400001032278,84.68770000035875,112,True,on_screen,0.7417420067697549,6.137248983699607,25.972805470309268,True,False,11,11.0
1789815183568,1103,2739,1176.5086505575653,1846.5056274597318,1294.8842125686995,1560.7255815542424,2,1,terminal,0.7220876155403642,0,41,1.0,-0.001150354177725077,24.540025765652377,29.598663391359114,0.6516999856103212,0.4464999947231263,19.95710001210682,1.8190000264439732,22.239999991143122,114,True,on_screen,0.7417420067697549,1.342292921620583,17.461949753652057,True,False,11,11.0
1789815183593,1104,2740,906.78007077681,1776.7736407706234,1023.2113133143769,1711.9592230057092,2,1,terminal,0.1739276602460369,24,41,1.0,-0.0012807780807861883,26.03383314029417,29.60168960393825,0.18160001491196454,0.47080000513233244,17.006900015985593,3.73659998876974,21.23009998467751,114,True,on_screen,0.7417420067697549,0.20670654839369718,15.841407403626206,True,False,11,11.0
1789815183625,1105,2741,792.7256511951464,1756.6210955857234,861.8713498309155,1743.2225338117191,2,0,terminal,0.20014255176219498,56,41,1.0,-0.001306845767114628,26.45180780736996,29.60207996373925,0.8635999984107912,0.4512000014074147,18.72009999351576,1.5053999959491193,20.69380000466481,114,True,on_screen,0.7417420067697549,0.30121839288170804,15.6717975263081,True,False,11,11.0
1789815183674,1106,2742,638.5118170278804,1812.4765299483286,705.519676868791,1791.7003311073456,2,0,terminal,0.34861089605261086,105,41,1.0,-0.00145403143801528,25.931402331123977,29.59721052573012,0.29520000680349767,0.4453999863471836,20.70669998647645,1.4764000079594553,22.651200008112937,114,True,on_screen,0.7417420067697549,2.2130616853325193,14.38134841762149,False,False,11,11.0
1789815183705,1107,2743,794.0711038112979,1617.9572121085323,767.5056757285458,1670.0801478081762,2,0,terminal,0.40985314081890833,136,41,1.0,-0.001499342209515737,26.512391673391498,29.598448265258348,0.39000000106170774,0.2237000153400004,19.142899982398376,1.6765999898780137,21.05810001376085,114,True,on_screen,0.7417420067697549,3.8581094791684905,12.917650170897625,False,False,11,11.0
1789815183737,1108,2744,837.92453333314,1594.9686468226726,816.7988760517618,1617.5020971183237,2,0,terminal,0.3698180470604895,168,41,1.0,-0.0014754874138883881,26.993140753280876,29.599675339882502,0.16640001558698714,0.22260000696405768,17.402500001480803,1.4343999791890383,19.071999995503575,114,True,on_screen,0.7417420067697549,4.267730642781601,13.92651772476453,False,False,11,11.0
1789815183769,1109,2745,1110.9602445536725,1611.527759359021,1022.7118340030993,1613.3200606868118,2,1,terminal,0.23609263517609103,200,41,1.0,-0.0017066930269184558,27.408412281720896,29.598019655487004,0.18250002176500857,0.45319998753257096,21.873999998206273,3.587799990782514,25.936199992429465,114,True,on_screen,0.7417420067697549,2.8209171067644547,16.7557594152955,True,False,11,11.0
1789815183803,1110,2746,1206.4944956377838,1681.5023437150624,1151.3596971473785,1661.0476588065872,2,1,terminal,0.41606619231812103,234,41,1.0,-0.0019255556104982152,27.571905193027803,29.59851920742932,0.22220000391826034,0.4606999864336103,21.746299986261874,1.498800003901124,23.72510000714101,114,True,on_screen,0.7417420067697549,1.648612424698456,19.96835695252345,True,False,11,11.0
1789815183833,1111,2747,1212.1872514741021,1730.9827605978865,1193.938985176085,1710.0022300604967,2,1,terminal,0.4284989220981854,264,41,1.0,-0.0020034711804511867,28.082442914692322,29.599923819905605,0.3192000149283558,0.4644000146072358,20.224400010192767,1.7948999884538352,22.50419999472797,114,True,on_screen,0.7417420067697549,1.3937032627582937,21.523072984752023,True,False,11,11.0
1789815183865,1112,2748,1175.0152302604442,1662.0584157550732,1185.285500453534,1688.0784064598274,2,1,terminal,0.44062589804178787,296,41,1.0,-0.0020918198041112706,28.376869093158213,29.60131727585112,0.22610000451095402,0.45399999362416565,17.673199996352196,1.5414999797940254,19.68739999574609,114,True,on_screen,0.7417420067697549,1.2547769280359944,22.69768104055169,True,False,11,11.0
1789815183896,1113,2749,1179.985747063808,1594.5639197719274,1181.575673080726,1622.6182657782974,2,1,terminal,0.4946652515319877,327,41,1.0,-0.002106729551579539,28.81372653138659,29.60166391200234,0.235399988014251,0.43899999582208693,20.469399983994663,0.9169999975711107,21.843000024091452,114,True,on_screen,0.7417420067697549,1.025225905559779,22.737836138621212,True,False,11,11.0
1789815183929,1114,2750,1200.0108050991787,1551.35752746019,1193.4749783593413,1576.6216719498443,2,1,terminal,0.5439220732798907,360,41,1.0,-0.0021003297703876943,29.014654383485325,29.60078643196948,0.35089999437332153,0.23849998251534998,24.22710001701489,1.4592999941669405,25.936399993952364,114,True,on_screen,0.7417420067697549,1.1202092922606255,23.316291498969203,True,False,11,11.0
1789815183977,1115,2751,1288.5075485566679,1560.8215182816737,1259.99777749747,1565.561564382125,2,1,terminal,0.6615600948731402,408,41,1.0,-0.002185503787437886,28.177615570852232,29.598063558044316,0.19570000586099923,0.42440000106580555,18.042200012132525,1.3432000123430043,19.829500000923872,114,True,on_screen,0.7417420067697549,1.180800614442461,21.745297403738856,True,False,11,11.0
1789815184008,1116,2752,1330.3748937069515,1503.041966462373,1309.2617588441071,1521.7978458382986,2,1,terminal,0.7658412553906018,439,41,1.0,-0.002093320748961817,28.441717556646875,29.598152243278392,0.19619998056441545,0.5058000097051263,18.875100009609014,1.4883999829180539,20.888800005195662,114,True,on_screen,0.7417420067697549,1.6828597661581455,22.11324847674252,True,False,11,11.0
1789815184040,1117,2753,1496.3059467097555,1460.6247542881395,1440.192690350061,1478.9766817531872,2,1,terminal,0.9628573186815538,471,41,1.0,-0.002018516814921635,28.852012556091147,29.599782268605473,0.1973999897018075,0.4010999982710928,17.048200010322034,1.3583000109065324,18.825700011802837,114,True,on_screen,0.7417420067697549,1.761341463653281,20.705801514690275,True,False,11,11.0
1789815184073,1118,2754,1500.7067903764357,1370.6258686518659,1482.5525603685232,1403.1311125822622,2,1,terminal,0.8130815156315815,504,41,1.0,-0.0019039794410655782,29.009673050503775,29.59908341375588,0.24259998463094234,0.6978000164963305,19.953300012275577,1.2697999773081392,21.942999999737367,114,True,on_screen,0.7417420067697549,1.4667779600413269,19.311863259329623,True,False,11,11.0
1789815184106,1119,2755,1585.7955042458627,1319.8906293461562,1554.8226210826608,1344.862774316988,2,1,terminal,0.6590212318890243,537,41,1.0,-0.0018103595684201557,29.24048801115795,29.59972609498654,0.18360000103712082,0.4178000090178102,20.13509999960661,1.2054000108037144,21.775600005639717,114,True,on_screen,0.7417420067697549,1.5496859986536151,19.7948251436633,True,False,11,11.0
1789815184136,1120,2756,1710.422576685355,1393.762876027881,1663.7425900045466,1379.0928455146131,2,1,terminal,0.550700063937388,567,41,1.0,-0.0019085306075966053,29.53870117496493,29.600697545373716,0.20059998496435583,0.4209000035189092,19.812599988654256,1.2193000002298504,21.47010000771843,114,True,on_screen,0.7417420067697549,1.221747391360509,20.36841009793968,True,False,11,11.0
1789815184170,1121,2757,1795.649076235114,1415.7419779917852,1756.0771303659437,1404.7472382486335,2,1,terminal,0.41679284146378026,601,41,1.0,-0.001884337495834193,29.57424256203233,29.600792121918104,0.22170000011101365,0.4467999970074743,19.819699984509498,1.2184999941382557,21.50420000543818,114,True,on_screen,0.7417420067697549,0.893527857831117,19.75743251364518,True,False,11,11.0
1789815184202,1122,2758,1662.8202208222076,1584.3203111501853,1690.7972936853284,1530.4483892797198,2,1,terminal,0.5536722632478442,633,41,1.0,-0.0019194094169576528,29.678948936004623,29.60158075445927,0.2544999879319221,0.43810001807287335,18.469999980879948,1.218599994899705,20.147500006714836,114,True,on_screen,0.7417420067697549,2.682691561977691,17.69726845639227,True,False,11,11.0
1789815184234,1123,2759,1738.1271503024816,1873.271487402362,1723.9281933173356,1770.4245579655694,2,1,terminal,0.3072863154326376,665,41,1.0,-0.002040992407945018,29.912283311878415,29.60216564851543,0.10910001583397388,0.23889998556114733,19.436300004599616,1.1630999797489494,20.850099972449243,114,True,on_screen,0.7417420067697549,5.010943864546078,16.60894943811296,True,False,11,11.0
1789815184281,1124,2760,1620.2539994652695,1980.0000000000002,1651.3562576208892,1917.1273673896708,-1,-1,off_screen,0.0,0,31,1.2,-0.002248342725020707,29.029167419333568,29.598471256973962,0.22200000239536166,0.4718999844044447,17.04000000609085,1.304799981880933,18.83260000613518,114,True,gaze_outside_screen,0.7417420067697549,6.2648480522342425,17.26840858405884,True,False,11,11.0
1789815184313,1125,2761,1555.333388955336,1906.527562083822,1584.140249555002,1909.7075036755766,-1,-1,off_screen,0.0,32,31,1.2,-0.0022049825042370786,29.30121670682999,29.59903512162955,0.28979999478906393,0.43620000360533595,17.581799998879433,1.3082000077702105,19.345600012457,114,True,gaze_outside_screen,0.7417420067697549,6.288360318330376,17.764479908742135,True,False,11,11.0
1789815184345,1126,2762,1566.169903537854,1606.071081072993,1571.5610073429984,1697.162007853768,2,1,terminal,0.5812555327883959,0,42,1.4,-0.0021472230959227127,29.407138948063906,29.5990147844721,0.1922000083141029,0.3945999778807163,18.469200003892183,1.375499996356666,20.257199998013675,114,True,on_screen,0.7417420067697549,6.031037258743794,17.692171247859598,True,False,11,11.0
1789815184378,1127,2763,1402.8261183957366,1579.224578872509,1453.4465850799152,1614.6058075668866,2,1,terminal,0.7961412987022957,32,42,1.4,-0.0024136681020609143,29.532310941939674,29.60013613191843,0.1936999906320125,1.119799999287352,15.283499989891425,1.4668999938294291,17.888200003653765,114,True,on_screen,0.7417420067697549,5.2628564401028655,18.79004653926645,True,False,11,11.0
1789815184408,1128,2764,1343.22580883885,1659.5047418406893,1376.2920417111695,1646.0350615585485,2,1,terminal,0.7185236933302942,62,42,1.4,-0.002731298656197709,29.868174851590922,29.600569349602516,0.22990000434219837,0.42660001781769097,18.333100015297532,1.1238999722991139,19.90079999086447,114,True,on_screen,0.7417420067697549,5.233865592864248,20.05022002591605,True,False,11,11.0
1789815184442,1129,2765,1337.330055413519,1869.1785921619498,1349.018651302814,1802.2355329809295,-1,-1,off_screen,0.0,0,32,1.6,-0.0028737709725894563,29.902003484074914,29.601245803702692,0.2125999890267849,0.4537000204436481,16.636200016364455,1.3351999805308878,18.444799992721528,114,True,gaze_outside_screen,0.7417420067697549,5.246307791753111,20.148939195957656,True,False,11,11.0
1789815184472,1130,2766,1343.9301032682015,1821.3100175449333,1348.072023762541,1805.7839778972352,-1,-1,off_screen,0.0,29,32,1.6,-0.0030282071012174647,30.07668059238783,29.601108116514546,0.2379999787081033,0.44949998846277595,19.211200007703155,1.3855999859515578,21.064800006570294,114,True,gaze_outside_screen,0.7417420067697549,4.56505474621045,20.396149840648704,True,False,11,11.0
1789815184506,1131,2767,1648.1922247897915,1564.0780540516344,1558.1561644816163,1636.5898312053146,2,1,terminal,0.6809342739209142,0,43,1.8,-0.002345148273513179,30.12161808251156,29.60080744754737,0.24110000231303275,0.45190000673756003,20.936000015353784,1.62830000044778,23.038199986331165,114,True,on_screen,0.7417420067697549,4.622877179395772,19.590046294056688,True,False,11,11.0
1789815184546,1132,2768,1618.4906754807553,1479.4029954373748,1600.3903221810135,1526.5590461677568,2,1,terminal,0.7127857856239175,39,43,1.8,-0.0025333289430201945,29.59191152315549,29.594423084555974,3.5084999981336296,0.4797000146936625,68.28330000280403,1.7198999994434416,70.5012000107672,114,True,on_screen,0.7417420067697549,4.425366593084902,16.7854351154975,True,False,11,11.0
1789815184617,1133,2769,1597.9347147654878,1629.3292939364253,1598.6713969901455,1598.4982196058247,2,1,terminal,0.6700617113638978,111,43,1.8,-0.0026602558710325016,28.042851315172413,29.59475348483961,20.322199998190627,0.45900000259280205,28.963100019609556,2.893099997891113,32.33039999031462,114,True,on_screen,0.7417420067697549,5.167026555994369,13.21644437840633,False,False,11,11.0
1789815184650,1134,2770,1693.4490959185032,1671.0834344366335,1665.015786239996,1649.3078699873909,2,1,terminal,0.5229193539078505,144,43,1.8,-0.0027103163232015063,28.30361573023723,29.59755955806182,31.535300018731505,0.6950999959371984,22.660599992377684,1.2410999916028231,24.617799994302914,114,True,on_screen,0.7417420067697549,6.413479656822773,10.72264430151692,False,False,11,11.0
1789815184675,1135,2771,1940.9929337187793,1657.1027744210653,1858.1997894751444,1654.764303090963,2,1,terminal,0.21221273113412042,168,43,1.8,-0.002735446738168527,29.483054109162993,29.601555123037283,23.74870001222007,0.4655999946407974,18.77769999555312,1.5672000008635223,20.82410000730306,114,True,on_screen,0.7417420067697549,6.926115598877573,10.257779313709628,False,False,11,11.0
1789815184697,1136,2772,1885.6497760105478,1836.0786867911013,1877.4147800499268,1781.68437168106,2,2,terminal,0.0,190,43,1.8,-0.002745653348368581,31.22267354158371,29.604686328107668,14.942300011171028,0.49730000318959355,21.314599987817928,1.541099976748228,23.36659998400137,114,True,on_screen,0.7417420067697549,6.53432319276007,11.495680224968327,False,False,11,11.0
1789815184720,1137,2773,1928.102472127082,1971.7685465154746,1912.8961645039353,1914.7432940651502,-1,-1,off_screen,0.0,0,33,2.0,-0.002799191183286776,32.33353294633693,29.597472379698086,7.276299991644919,0.4388999950606376,20.56189998984337,1.5603999781887978,22.57359999930486,114,True,gaze_outside_screen,0.7417420067697549,6.731246517506833,12.868868660464772,False,False,11,11.0
1789815184746,1138,2774,1846.5447881578864,1903.8304193754407,1873.669980313829,1908.2917258205136,-1,-1,off_screen,0.0,26,33,2.0,-0.002784155168303085,32.97224656142073,29.60073032492475,0.21989998640492558,0.4393999988678843,18.522400001529604,1.2370000185910612,20.218899997416884,114,True,gaze_outside_screen,0.7417420067697549,5.937657135128347,13.36064902708336,False,False,11,11.0
1789815184777,1139,2775,2121.6772653459698,1888.0826169975005,2047.2750798363274,1894.1453496444046,-1,-1,off_screen,0.0,56,33,2.0,-0.0027599484944473545,32.808295706078056,29.600710480197172,0.1880000054370612,0.20920002134516835,20.811199996387586,1.116400002501905,22.148899995954707,114,True,gaze_outside_screen,0.7417420067697549,7.00988508519896,13.09474927824164,False,False,11,11.0
1789815184808,1140,2776,1994.7538429967324,1823.9899361576668,2010.510214048611,1845.0365602036882,-1,-1,off_screen,0.0,88,33,2.0,-0.0028101014439526825,32.701192755000804,29.601538846656993,0.1975000195670873,0.4428999964147806,20.215500000631437,1.1212999816052616,21.79899998009205,114,True,gaze_outside_screen,0.7417420067697549,7.161556485125573,12.99172715727503,False,False,11,11.0
1789815184842,1141,2777,2008.0656613924339,1623.920764992039,2008.7990271892872,1690.2555035555338,2,2,terminal,0.23148050432356493,0,44,2.2,-0.0027548250661288045,32.474398251180034,29.601709121035437,0.364200008334592,0.44170001638121903,19.948599976487458,1.7739000031724572,22.18249998986721,114,True,on_screen,0.7417420067697549,6.145885344618534,13.52501625268255,False,False,11,11.0
1789815184889,1142,2778,1919.4621469193169,1579.603506428833,1946.2632110003078,1612.799105566843,2,2,terminal,0.17400097957886407,46,44,2.2,-0.0026713177691097528,31.35298503096307,29.59821698977139,0.1902000221889466,0.4600000102072954,18.44759998493828,1.0753000096883625,20.000599994091317,114,True,on_screen,0.7417420067697549,5.885041015900754,13.811645531820865,False,False,11,11.0
1789815184921,1143,2779,1818.4620686857543,1315.2236724667753,1856.8024113801202,1404.4963023967957,2,1,terminal,0.2445677247033834,78,44,2.2,-0.002606146997002033,31.345932083946163,29.597826228287214,0.4010999982710928,0.4369999805931002,21.00310000241734,1.6007999947760254,23.059300001477823,114,True,on_screen,0.7417420067697549,5.451884916548153,13.367432048263867,False,False,11,11.0
1789815184954,1144,2780,1856.6839674007122,1313.0821580874294,1856.7195005945346,1340.5064013802394,2,1,terminal,0.21171706740276708,111,44,2.2,-0.0025525004398461813,31.14834307221717,29.59787017644406,0.22089999401941895,0.4626000009011477,20.8120999741368,1.36160000693053,22.657800000160933,114,True,on_screen,0.7417420067697549,5.819780381503477,12.951360424914599,False,False,11,11.0
1789815184985,1145,2781,1818.915583083317,1384.4709997489056,1837.3560510771501,1363.025397746453,2,1,terminal,0.25746773780952226,142,44,2.2,-0.002529589233199547,31.303256407129265,29.599024852087414,0.2018999948631972,0.4144000122323632,19.935799995437264,1.8281999800819904,22.194899996975437,114,True,on_screen,0.7417420067697549,6.049311650838774,12.908105332613488,False,False,11,11.0
1789815185016,1146,2782,2085.2569292384837,1405.3220869036074,2010.8866657900835,1392.6330801564611,2,2,terminal,0.2868787235971366,174,44,2.2,-0.002646432782719239,31.341809837960312,29.599951369260445,0.1260999997612089,0.6273000035434961,20.206599991070107,0.6301999965216964,21.480800001882017,114,True,on_screen,0.7417420067697549,5.058375791461486,13.781762996735079,False,False,11,11.0
1789815185048,1147,2783,2115.007280951316,1256.15075520242,2083.771096402946,1297.0954526886323,2,2,terminal,0.3362164994904062,206,44,2.2,-0.0024478908806023283,31.41370244142694,29.600674772007974,0.09389998740516603,0.2179000002797693,20.311699976446107,1.2355000071693212,21.775500004878268,114,True,on_screen,0.7417420067697549,4.369357106700505,14.93450761627694,False,False,11,11.0
1789815185082,1148,2784,2169.814238754218,1141.8711654337412,2144.0012960488366,1188.4384516102086,2,2,terminal,0.2876032285399934,240,44,2.2,-0.0023533295628457036,31.222036782421092,29.600863959905578,0.3243999963160604,0.4796000139322132,20.01919999020174,0.536599982297048,21.055699995486066,114,True,on_screen,0.7417420067697549,4.053932601147579,14.967094545394273,False,False,11,11.0
1789815185113,1149,2785,2050.143461729702,1134.1385337404433,2078.300812025442,1150.428509101373,1,2,second_file,0.27976282318365986,0,7,2.4,-0.0023532529423485275,31.33940250020227,29.601923378862175,0.31030000536702573,0.4602000117301941,18.895500019425526,1.2289000151213259,20.603799988748506,114,True,on_screen,0.7417420067697549,4.228287692084621,14.239436019023131,False,False,11,11.0
1789815185145,1150,2786,1961.8214213956835,1200.424435470235,1996.765238584611,1185.4256575595764,2,2,terminal,0.09648472309313427,0,45,2.6,-0.002347283884708746,31.260175214448704,29.602295843559276,0.225800002226606,0.437700015027076,19.38249997328967,0.6234000029508024,20.464200002606958,114,True,on_screen,0.7417420067697549,4.645289906809552,13.59971019083296,False,False,11,11.0
1789815185193,1151,2787,1833.6570349259978,1242.8158812945987,1882.589496023582,1225.598814174092,2,2,terminal,0.0,48,45,2.6,-0.0024091451430553103,30.22935069266437,29.597340574764832,0.20249999943189323,0.623999978415668,20.374800020363182,1.261299999896437,22.28040000773035,114,True,on_screen,0.7417420067697549,4.7101078757402774,12.15129439457803,False,False,11,11.0
1789815185224,1152,2788,1750.9783505309074,1316.4118107231552,1790.4616941787096,1289.1679117584363,2,1,terminal,0.2774508286695254,78,45,2.6,-0.002452954475792751,30.366792085967326,29.59779565044879,0.21410000044852495,0.6185999955050647,21.02080002077855,1.3178999943193048,22.977099986746907,114,True,on_screen,0.7417420067697549,5.000454088506359,11.28182581631331,False,False,11,11.0
1789815185257,1153,2789,1754.8758774314083,1364.1434237543854,1765.5516224555986,1341.6507701556006,2,1,terminal,0.3604329612030963,111,45,2.6,-0.0025117005894343975,30.41924992576853,29.599325561585296,0.21680002100765705,0.5624000041279942,17.73490000050515,1.204100000904873,19.5213999832049,114,True,on_screen,0.7417420067697549,4.811359849188165,12.6689065474124,False,False,11,11.0
1789815185289,1154,2790,1860.6245348264392,1353.6679869403372,1832.102661115187,1350.0628219049163,2,1,terminal,0.25836825350749837,144,45,2.6,-0.0024775356923070913,30.547580329813165,29.599085008470333,0.17270000535063446,0.46270000166259706,20.836799987591803,1.2120000028517097,22.528700006660074,114,True,on_screen,0.7417420067697549,4.72009144977406,12.414148620502754,False,False,11,11.0
1789815185321,1155,2791,1546.3176763816123,1426.5025392235746,1632.0531718016846,1403.5706240279771,2,1,terminal,0.6203398369360682,176,45,2.6,-0.0023822019467244823,30.648182781953814,29.599710484075807,0.08140000863932073,1.2017000117339194,19.72299997578375,1.691900019068271,22.629200015217066,114,True,on_screen,0.7417420067697549,5.407672266889875,11.300097203314161,False,False,11,11.0
1789815185352,1156,2792,1429.64119106615,1372.520665291637,1490.3647852868103,1381.835652912539,2,1,terminal,0.7730719690965563,207,45,2.6,-0.0024016791058392144,30.69411338381286,29.600186694908455,0.2628000220283866,0.46720000682398677,20.867499988526106,1.396000006934628,22.749099996872246,114,True,on_screen,0.7417420067697549,5.019352099972423,10.994530574482715,False,False,11,11.0
1789815185386,1157,2793,1523.926391036573,1493.0386793780417,1513.8579093116443,1459.677771438391,2,1,terminal,0.8513389673303731,240,45,2.6,-0.0024992190016045815,30.660626135533587,29.600898744755813,0.20619999850168824,0.43780001578852534,19.547700008843094,1.3188000011723489,21.323799999663606,114,True,on_screen,0.7417420067697549,4.491894867047819,11.343212310525049,False,False,11,11.0
1789815185417,1158,2794,1597.0327840023508,1578.7520340810938,1572.080321595139,1543.029755288283,2,1,terminal,0.754587844494099,272,45,2.6,-0.0025728851489199896,30.824183008162972,29.60220655483703,0.20370000856928527,0.41599999531172216,18.084999988786876,1.4546999882441014,19.973099988419563,114,True,on_screen,0.7417420067697549,3.5992589891863247,12.645404297018636,False,False,11,11.0
1789815185449,1159,2795,1613.4176244144733,1752.9757149237105,1601.016433568673,1689.9919270330822,2,1,terminal,0.560022046088714,303,45,2.6,-0.0025756492558314317,30.81093459028476,29.60249526814749,0.1289999927394092,0.4591000033542514,18.44129999517463,1.3389000087045133,20.251300011295825,114,True,on_screen,0.7417420067697549,3.5252262286949474,12.338565217921838,False,False,11,11.0
1789815185481,1160,2796,1379.4027908155374,1701.5668462830336,1445.886883641478,1698.094370508048,2,1,terminal,0.6498794793467757,335,45,2.6,-0.0025007643776796037,30.8113627856801,29.602190894143078,0.1996000064536929,0.7863000209908932,20.141600019996986,1.6046000237111002,22.552299982635304,114,True,on_screen,0.7417420067697549,2.7446276348315735,10.91301609014047,False,False,11,11.0
1789815185531,1161,2797,1322.6171349161789,1435.411429570361,1359.5980595337687,1514.2163118516671,2,1,terminal,0.8557535449149031,385,45,2.6,-0.0022937814086184394,29.79575327890209,29.598285007008784,0.1748999929986894,0.45849999878555536,18.45030000549741,1.4612000086344779,20.38840000750497,114,True,on_screen,0.7417420067697549,4.370688446047666,9.032223550857255,False,False,11,11.0
1789815185561,1162,2798,1447.147496991797,1367.6427986036294,1420.8826657543884,1411.6148525780409,2,1,terminal,0.8402423930189028,416,45,2.6,-0.0022260690575523056,30.065072514776475,29.599661478891043,0.24959997972473502,0.4008000250905752,17.12309999857098,1.4574000088032335,18.998100014869124,114,True,on_screen,0.7417420067697549,4.874777621178737,9.07876065003992,False,False,11,11.0
1789815185593,1163,2799,1579.565647352519,1341.6874983876532,1531.9607528730799,1362.6657046447694,2,1,terminal,0.7080058620074039,447,45,2.6,-0.0022752351709864026,30.200433165812857,29.598567790548884,0.26840000646188855,0.3772999916691333,22.407299984479323,1.6456999874208122,24.447600007988513,114,True,on_screen,0.7417420067697549,5.4297697322458305,9.460652468177212,False,False,11,11.0
1789815185626,1164,2800,1528.0995178107198,1302.691868556903,1529.9133419165603,1330.864716844831,2,1,terminal,0.6615968270889323,480,45,2.6,-0.002346909866069032,30.235364110717395,29.598724614631816,0.08190001244656742,0.20760000916197896,23.355200013611466,1.42529999720864,24.99909998732619,114,True,on_screen,0.7417420067697549,5.154331677252912,10.018551956321122,False,False,11,11.0
1789815185657,1165,2801,1634.9420673426712,1328.6067448484362,1603.433449714838,1329.2841364473545,2,1,terminal,0.5824750467054077,512,45,2.6,-0.002338630535317984,30.43061511721016,29.60073897647933,0.2282000205013901,0.4254000086802989,19.117799995001405,1.714799989713356,21.276799991028383,114,True,on_screen,0.7417420067697549,5.518648590082762,9.683408208429197,False,False,11,11.0
1789815185689,1166,2802,1471.2675836603453,1316.923927559576,1510.917343476693,1320.6319902259095,2,1,terminal,0.6592484964209945,543,45,2.6,-0.002370049200198095,30.487550196188707,29.600597865306508,0.3941000031773001,0.42470000335015357,21.38399999239482,1.4272999833337963,23.252899991348386,114,True,on_screen,0.7417420067697549,5.293535613070958,7.652934464296463,False,False,11,11.0
1789815185722,1167,2803,1488.0060977708915,1294.775077793028,1503.7618437071153,1312.556517886637,2,1,terminal,0.6502157268195177,576,45,2.6,-0.0023684917667978287,30.48687869543227,29.601843722378497,0.2033999771811068,0.43780001578852534,18.388600001344457,1.3992000021971762,20.242900005541742,114,True,on_screen,0.7417420067697549,6.038785213987609,6.993962389081436,False,False,11,11.0
1789815185754,1168,2804,1521.2568810135926,1197.9547705420698,1516.0083698216495,1232.33529474544,2,1,terminal,0.5084304141995717,608,45,2.6,-0.002409090979159834,30.598757072907873,29.602214072476237,0.22379998699761927,0.44609999167732894,19.268499978352338,1.4663000183645636,21.199900016654283,114,True,on_screen,0.7417420067697549,6.89956003385322,9.915878356121969,False,False,11,11.0
1789815185786,1169,2805,1340.4674312600148,1072.8485609490674,1393.1297128285053,1120.6945810879793,1,1,main_file,0.6014111896122204,0,20,2.8,-0.0022621771798054455,30.62587278292947,29.60290904758168,0.48439999227412045,0.4504999960772693,18.412500008707866,1.4804000093135983,20.362600014777854,114,True,on_screen,0.7417420067697549,8.505672007795539,10.780095245751083,False,False,11,11.0
1789815185833,1170,2806,1309.954365886323,1110.8868023811515,1334.9069699689778,1113.8291359931998,1,1,main_file,0.5790762626836176,46,20,2.8,-0.0020541160233208695,29.690872650444494,29.598645822500902,0.19570000586099923,0.44979999074712396,18.726599984802306,1.5992000116966665,20.79429998411797,114,True,on_screen,0.7417420067697549,8.038789599697793,9.239893089637283,False,False,11,11.0
1789815185866,1171,2807,1424.2101464744392,1138.3620016890736,1397.4191935228007,1131.0021419803115,1,1,main_file,0.5850217178503556,79,20,2.8,-0.0018795042336792796,29.77159797543028,29.599467628006565,0.11170000652782619,0.2069000038318336,17.42240000749007,1.5155999863054603,19.157900009304285,114,True,on_screen,0.7417420067697549,7.490145464414553,8.127572649432958,False,False,11,11.0
1789815185897,1172,2808,1598.5374093703588,1136.1542036298683,1538.2019446160914,1134.6085851350012,1,1,main_file,0.5506808794249651,111,20,2.8,-0.0019968876891103358,29.95358659573189,29.59944856143259,0.22020001779310405,0.4276999970898032,19.583000015700236,1.3226000010035932,21.34819998173043,114,True,on_screen,0.7417420067697549,7.006156070527567,8.087324669737942,False,False,11,11.0
1789815185933,1173,2809,1553.0352976069987,1267.151136836194,1548.5852917097266,1227.388371325836,2,1,terminal,0.48158786542595633,0,46,3.0,-0.0017915378029100069,29.779524210177193,29.602180653959678,0.3173000004608184,0.451600004453212,76.14259998081252,1.880299998447299,78.49270000588149,114,True,on_screen,0.7417420067697549,6.515927886778513,8.32386960576853,False,False,11,11.0
1789815186016,1174,2811,1739.2624127430984,1281.968861742465,1682.0592764330868,1265.5947146174763,2,1,terminal,0.40471439328161163,82,46,3.0,-0.0017156823601455675,27.998638974520556,29.601203896540852,11.46619999781251,0.47309999354183674,30.478900007437915,0.904499989701435,31.870100006926805,115,True,on_screen,0.7417420067697549,6.2465764804071,5.850314665265182,False,False,11,11.0
1789815186048,1175,2812,1592.0054222031033,1375.4695878283035,1619.0215784720983,1342.5071258650553,2,1,terminal,0.5787601864372747,115,46,3.0,-0.0018298129467857836,28.323491899655526,29.604313336453266,16.785799991339445,0.38949999725446105,21.482700016349554,1.788599998690188,23.669099988183007,115,True,on_screen,0.7417420067697549,6.452271367259755,3.834095569819224,False,False,11,11.0
1789815186071,1176,2813,1642.0271698433069,1403.7582703054563,1632.2663190019439,1377.7705321465596,2,1,terminal,0.5975016371870812,138,46,3.0,-0.0016987809982367784,29.662519555651798,29.605034843060462,12.66909998957999,0.5296999879647046,28.484600014053285,2.131000015651807,31.158500001765788,115,True,on_screen,0.7417420067697549,6.259815364242172,5.1476042670875515,False,False,11,11.0
1789815186104,1177,2814,1752.4724402465356,1261.37977738342,1716.4106038731582,1296.297003812362,2,1,terminal,0.39339431977799144,171,46,3.0,-0.0014646676593645085,29.875897617223323,29.600699373148895,7.922600023448467,0.4299999854993075,45.95990001689643,1.0118000209331512,47.41239998838864,115,True,on_screen,0.7417420067697549,5.651869165179875,5.166946201270752,False,False,11,11.0
1789815186151,1178,2815,1880.6408576418132,1363.2908458924962,1831.3717815112166,1343.192693268456,2,1,terminal,0.25514582025231913,217,46,3.0,-0.001555205737040587,28.988879001721088,29.596634520443924,3.488399990601465,0.2702999918255955,45.05109999445267,1.324300013948232,46.65570001816377,115,True,on_screen,0.7417420067697549,5.702159462131334,5.259541425408156,False,False,11,11.0
1789815186199,1179,2816,1861.0649483727059,1491.6978301094287,1852.156998314259,1447.146289057137,2,1,terminal,0.26589480095972307,265,46,2.8,-0.0015088378226392352,28.220610876717235,29.600481077484936,20.73060002294369,0.43799998820759356,18.993400008184835,1.6952000150922686,21.140299999387935,115,True,on_screen,0.7417420067697549,5.605351601292682,6.90569311439995,False,False,11,11.0
1789815186219,1180,2817,1888.9428366983227,1491.499613699193,1870.886056806899,1469.728240374685,2,1,terminal,0.236893191083554,286,46,2.8,-0.0015077964393007248,30.05753534378606,29.60136647555124,18.789399997331202,0.5677999870385975,28.1136000121478,1.916500012157485,30.611800000770018,115,True,on_screen,0.7417420067697549,4.161066524875935,6.288148763235799,False,False,11,11.0
1789815186251,1181,2818,1554.5242075337087,1405.5477789620268,1649.4327623156657,1424.8019173858243,2,1,terminal,0.6068754380307324,317,46,2.8,-0.0015751268777791493,30.289935026880972,29.60201175733874,16.456899989861995,0.458099995739758,29.10919999703765,1.8572999979369342,31.4366000238806,115,True,on_screen,0.7417420067697549,3.8358537206713663,5.884758916094893,False,False,11,11.0
1789815186282,1182,2819,1645.41263092167,1362.3523051278617,1647.2160295158606,1390.3666986678231,2,1,terminal,0.5858392070088845,348,46,2.8,-0.0016179977231442818,30.411282076353363,29.603117770968698,16.270099993562326,0.5019000091124326,27.779399999417365,1.6211000038310885,29.915999999502674,115,True,on_screen,0.7417420067697549,3.811696124263392,4.760723714709823,False,False,11,11.0
1789815186312,1183,2820,1685.6389772758098,1377.8578296937596,1661.1367514654876,1385.8347067972315,2,1,terminal,0.5603344498996818,378,46,2.8,-0.0016299598922701712,30.67074533210355,29.60448955012021,14.165000000502914,0.42619998566806316,27.282700000796467,1.2618000037036836,28.982499992707744,115,True,on_screen,0.7417420067697549,4.225277250125458,1.777939542835635,False,False,11,11.0
1789815186341,1184,2821,1740.1067248338709,1439.418283693426,1716.4157328233557,1423.3432106245677,2,1,terminal,0.4932357651427972,407,46,2.8,-0.0016872065498718739,31.019496320537268,29.605406831884835,12.262699980055913,0.5169000069145113,28.42600000440143,1.575700007379055,30.53270000964403,115,True,on_screen,0.7417420067697549,5.147555851313882,0.791399882379851,False,False,11,11.0
1789815186372,1185,2822,1661.9646044220096,1509.53482089464,1678.2999429424135,1483.6773378136184,2,1,terminal,0.5780178301806236,438,46,2.8,-0.0018254411154275205,31.156633394561776,29.604724358615798,11.802699998952448,0.47229998745024204,33.45469999476336,1.693999976851046,35.63569998368621,115,True,on_screen,0.7417420067697549,4.866483837896226,0.4022596511168513,False,False,11,11.0
1789815186408,1186,2823,1449.4359507703589,1632.5344229992377,1518.0951484219754,1587.877297443552,2,1,terminal,0.79230418432016,474,46,2.8,-0.0018389661239275757,30.822487428262686,29.597772321572528,11.275500000920147,0.5920999974478036,49.43980000098236,5.8234999887645245,55.86839999887161,115,True,on_screen,0.7417420067697549,4.676556398429426,0.49126735871012295,False,False,11,11.0
1789815186464,1187,2824,1406.6164957785434,1558.840473523567,1440.060091571573,1567.5515206995624,2,1,terminal,0.880659171559886,530,46,2.8,-0.0017247762183983713,29.51995912719302,29.594918949943988,6.2726000032853335,0.47679999261163175,71.78820000262931,4.17810000362806,76.45789999514818,115,True,on_screen,0.7417420067697549,4.1818586380982765,-0.5311485993154503,False,False,11,11.0
1789815186542,1188,2826,1496.6982692457896,1480.3611858025515,1479.7068159435246,1506.5182862716547,2,1,terminal,0.9289125117395537,608,46,2.8,-0.0018424032541458756,27.87066227673951,29.60328495468527,22.932699997909367,0.4421000194270164,37.99680000520311,1.8167000089306384,40.26820001308806,116,True,on_screen,0.7417420067697549,4.823629329615528,-0.8619899135370763,False,False,11,11.0
1789815186582,1189,2828,1558.7296561824496,1922.8952533719748,1535.022804110772,1797.9821632418789,2,1,terminal,0.4474474651959085,648,46,2.8,-0.0021845034972737317,27.55028343481968,29.596804830639485,12.436100019840524,0.4521999799180776,50.01470001298003,3.950600017560646,54.43170000216924,117,True,on_screen,0.7417420067697549,4.773880406580048,-3.8332561851126874,False,False,11,11.0
1789815186638,1190,2829,1688.4209468707545,1886.3389126609138,1642.4015040427596,1859.8318878352034,-1,-1,off_screen,0.0,0,34,3.0,-0.0023319310963426203,26.62072218337779,29.599233973078945,24.17369998875074,0.5423999973572791,57.038200000533834,1.7817000043578446,59.376200020778924,117,True,gaze_outside_screen,0.7417420067697549,4.965884409054212,-2.769890559934701,False,False,11,11.0
1789815186696,1191,2831,1651.4506359663455,1767.4244942881567,1648.7358963892698,1795.1467123522707,2,1,terminal,0.36135126201493284,0,47,3.2,-0.002560784022900062,25.633391677811694,29.602538165941517,20.89509999495931,0.45610000961460173,20.629200007533655,1.6687000170350075,22.770500014303252,118,True,on_screen,0.7417420067697549,5.800363151327076,-5.154992648634389,False,False,11,11.0
1789815186719,1192,2832,1655.5439521601406,1666.1393351218783,1653.5015354288794,1704.841548290996,2,1,terminal,0.4772857094784735,23,47,3.2,-0.002454244235436538,27.40978405555262,29.595675667144764,21.826099982718006,0.4552000027615577,19.517899985658005,1.924200012581423,21.910300012677908,118,True,on_screen,0.7417420067697549,5.67430200720446,-6.135321535261051,False,False,11,11.0
1789815186747,1193,2833,1658.0996650319903,1673.6362290486575,1654.8197458948082,1695.8954806573074,2,1,terminal,0.4863821907698411,50,47,3.2,-0.0023721187350759145,28.37568079124079,29.593607621194398,1.2774000060744584,0.49279999802820385,62.61439999798313,6.075800018152222,69.20300002093427,118,True,on_screen,0.7417420067697549,5.235165396664826,-7.179056017168028,False,False,11,11.0
1789815186815,1194,2834,1429.3624646638575,1904.4904790099456,1496.9996490331428,1841.9119795041543,-1,-1,off_screen,0.0,0,35,3.2,-0.0022131681080062755,26.977292954906936,29.602883919631893,30.123100004857406,0.4490000137593597,35.13909998582676,1.6717000107746571,37.27160001290031,118,True,gaze_outside_screen,0.7417420067697549,4.083240834982888,-6.879664068600251,False,False,11,11.0
1789815186854,1195,2836,1057.8561261014074,1657.951529975008,1189.5991829809282,1713.139664833752,2,1,terminal,0.4190683848531739,0,48,3.4,-0.002354946764084381,26.943672782113396,29.600365754096018,11.853499978315085,0.45280001359060407,36.890999996103346,4.310200019972399,41.6689999983646,119,True,on_screen,0.7417420067697549,4.1511321869824656,-6.148216556512461,False,False,11,11.0
1789815186896,1196,2837,1101.2156593624852,1851.0269510071405,1127.730716448018,1809.660765155124,-1,-1,off_screen,0.0,0,36,3.6,-0.002369393197078266,26.632567377619704,29.600430235736287,8.146700012730435,0.4564999835565686,65.19660001504235,1.4013000181876123,67.06729999859817,119,True,gaze_outside_screen,0.7417420067697549,4.894039895800205,-4.891154391421818,False,False,11,11.0
1789815186962,1197,2839,991.208041054641,1715.791184532174,1032.1648436726541,1743.952058719059,2,1,terminal,0.16043133940049015,0,49,3.8,-0.002380737480806961,25.454263611477685,29.604000286823663,7.981700007803738,0.7642999989911914,19.575300015276298,1.5827000024728477,21.938499994575977,120,True,on_screen,0.7417420067697549,4.478371579540635,-4.375608917805412,False,False,11,11.0
1789815186988,1198,2840,928.1981044756976,1793.9338503349168,959.3881262347845,1778.9393128501595,2,0,terminal,0.020146581849177614,26,49,3.8,-0.0023912218917632923,26.99987093544339,29.596053494354276,18.97059998009354,0.4899999767076224,88.4076000074856,1.9156999769620597,90.82979999948293,120,True,on_screen,0.7417420067697549,2.932166768721629,-6.089169253427811,False,False,11,11.0
1789815187079,1199,2842,1047.1853902522475,1894.144843367275,1020.8462110470086,1859.5831842121402,-1,-1,off_screen,0.0,0,37,3.8,-0.0022963989749808823,25.395135705724872,29.599314526930712,29.36380001483485,0.2607000060379505,21.36640000389889,1.0935000027529895,22.73079997394234,121,True,gaze_outside_screen,0.7417420067697549,4.318420105506306,-5.62679543161683,False,False,11,11.0
1789815187101,1200,2843,1259.8561125887209,1893.505533545775,1188.153142126207,1883.3288287456844,-1,-1,off_screen,0.0,22,37,3.6,-0.0022326413113521373,27.231108910871306,29.598245560035572,20.26859999750741,2.2000999888405204,33.74760001315735,1.1733999999705702,37.13199999765493,121,True,gaze_outside_screen,0.7417420067697549,4.001877645731099,-2.1503440029210763,False,False,11,11.0
1789815187139,1201,2844,1198.2352559920553,1929.2141129531947,1192.3710723721156,1902.5252919751433,-1,-1,off_screen,0.0,59,37,3.6,-0.0022462358060394948,27.174835364926608,29.599593819908353,19.66989997890778,0.4133999755140394,27.224899997236207,1.3913000002503395,29.0411000023596,121,True,gaze_outside_screen,0.7417420067697549,2.0127856449074386,-1.5195585807307965,False,False,11,11.0
1789815187168,1202,2845,1076.692464950364,1953.0284973684602,1111.3960471768894,1937.877535750465,-1,-1,off_screen,0.0,88,37,3.6,-0.002206962203520126,27.880426776024162,29.60135353780418,20.196800003759563,0.2598999999463558,26.18430001894012,1.4353000151459128,27.89860000484623,121,True,gaze_outside_screen,0.7417420067697549,0.6054497981611462,-1.0782755052631496,False,False,11,11.0
1789815187196,1203,2846,1022.1843268062221,1921.014312520109,1048.9478429174223,1926.0732794892156,-1,-1,off_screen,0.0,117,37,3.6,-0.0022106805165670474,28.638005610355844,29.601442128192147,18.31419998779893,0.5742000066675246,30.904099985491484,1.6955999890342355,33.18759999820031,121,True,gaze_outside_screen,0.7417420067697549,-0.23629516800212969,-1.803662075571241,False,False,11,11.0
1789815187230,1204,2847,919.3526420165206,1881.708427646053,958.2312022867911,1895.017883199002,-1,-1,off_screen,0.0,151,37,3.6,-0.002166152978762983,28.75951137162337,29.60124234002244,20.102099981158972,0.5370000144466758,31.97169999475591,1.5998999879229814,34.12160000880249,121,True,gaze_outside_screen,0.7417420067697549,-0.6989721687723431,-0.8841018836859224,False,False,11,11.0
1789815187264,1205,2848,893.1904316818827,1849.8429900892465,913.1519595451553,1863.7075227376758,-1,-1,off_screen,0.0,184,37,3.6,-0.0021498152619442105,28.791306177012352,29.594647750300403,18.467200017767027,0.4115999909117818,53.24549999204464,1.289300009375438,54.959399974904954,121,True,gaze_outside_screen,0.7417420067697549,-0.3321672991798721,-0.3171077569740475,False,False,11,11.0
1789815187320,1206,2849,973.4124948092541,1795.0401914715317,955.3343342300244,1815.6403908513748,-1,-1,off_screen,0.0,240,37,3.6,-0.0020450719377459233,27.721681618678144,29.594396730829175,42.96789999352768,0.42460000258870423,63.39159997878596,4.263800015905872,68.09329998213798,121,True,gaze_outside_screen,0.7417420067697549,-0.09863181152215361,1.464289598044258,False,False,11,11.0
1789815187388,1207,2851,1264.4585083201407,1971.423189040064,1171.721256093106,1924.6883495834572,-1,-1,off_screen,0.0,309,37,3.6,-0.002156235270683938,26.411463288477865,29.593962064974754,19.91860000998713,0.48719998449087143,62.670999992405996,5.51449999329634,68.68749999557622,122,True,gaze_outside_screen,0.7417420067697549,0.16040719520384528,2.963672003564066,False,False,11,11.0
1789815187458,1208,2853,1222.6290774235413,1980.0000000000002,1205.2607956407887,1961.1292586247591,-1,-1,off_screen,0.0,378,37,3.6,-0.0019673578337843067,25.220205898156756,29.59937513241028,28.771000012056902,0.4879999905824661,47.52849999931641,1.6247000021394342,49.654999980702996,123,True,gaze_outside_screen,0.7417420067697549,0.575668186017964,5.284232577358723,False,False,11,11.0
1789815187511,1209,2855,1093.450180101192,1876.292111139108,1126.993364763071,1901.7432553848034,-1,-1,off_screen,0.0,431,37,3.6,-0.0021320447012535323,24.56556058200148,29.60432643698829,22.633799992036074,0.49279999802820385,46.07319997739978,0.9456000116188079,47.529100003885105,124,True,gaze_outside_screen,0.7417420067697549,0.052200946327957354,6.020579856366444,False,False,11,11.0
1789815187558,1210,2857,1222.5594768527171,1961.803510837499,1193.8896432258232,1943.7854342016904,-1,-1,off_screen,0.0,479,37,3.6,-0.0022043496433753283,24.204680515051308,29.59852358587189,3.1488000240642577,0.4189999890513718,49.19079999672249,2.8950000123586506,52.51889998908155,125,True,gaze_outside_screen,0.7417420067697549,0.0026081606912384814,6.655248606458791,False,False,11,11.0
1789815187612,1211,2858,1245.975363825899,1967.2687134764583,1220.191546284663,1955.6438654160934,-1,-1,off_screen,0.0,532,37,3.6,-0.0021511259449968814,23.67749566278477,29.60757968946937,14.686400012578815,0.4113999893888831,34.72999998484738,2.559899992775172,37.71529998630285,125,True,gaze_outside_screen,0.7417420067697549,0.09617897024909894,6.207566913683257,False,False,11,11.0
1789815187650,1212,2860,1221.2869800893986,1866.5458352789958,1220.958349947978,1893.2752443201252,-1,-1,off_screen,0.0,571,37,3.6,-0.0019509612489878852,23.936079289146285,29.597868181049787,1.1637000134214759,0.34229998709633946,29.438300000037998,1.5405000012833625,31.33450000314042,126,True,gaze_outside_screen,0.7417420067697549,0.5901008630632134,5.575944394886347,False,False,11,11.0
1789815187690,1213,2861,1214.098877844279,1980.0000000000002,1216.1567194753889,1953.9825732960376,-1,-1,off_screen,0.0,611,37,3.6,-0.002045476074600325,24.042665126214587,29.59662302137858,0.14349998673424125,0.40920000174082816,27.590999990934506,1.1763999937102199,29.19050000491552,126,True,gaze_outside_screen,0.7417420067697549,1.0251965019864997,4.963702659986919,False,False,11,11.0
1789815187722,1214,2862,1204.9217914917638,1980.0000000000002,1213.242752709523,1960.7306287227564,-1,-1,off_screen,0.0,642,37,3.6,-0.002104149793233567,24.704397300423743,29.596835505523114,0.31110001145862043,0.6410999922081828,28.030899993609637,0.9772999910637736,29.667299997527152,126,True,gaze_outside_screen,0.7417420067697549,0.8751171803612294,4.817900074423549,False,False,11,11.0
1789815187755,1215,2863,1159.5840323198559,1904.610413108347,1176.759505496502,1922.5737795649668,-1,-1,off_screen,0.0,676,37,3.6,-0.002121004365179752,25.19180236543435,29.605218341485553,0.3236000193282962,0.4741000011563301,33.78929998143576,1.7510000034235418,36.0342999920249,126,True,gaze_outside_screen,0.7417420067697549,0.7379850295105541,3.4169768152698587,False,False,11,11.0
1789815187792,1216,2864,1020.3381062998009,1895.0884866009053,1067.2645260588113,1903.3340744901238,-1,-1,off_screen,0.0,713,37,3.6,-0.0020927523891635363,25.41653544319223,29.605467618362017,5.768600007286295,0.5578999989666045,30.60719999484718,1.3713999942410737,32.55350000108592,126,True,gaze_outside_screen,0.7417420067697549,2.459660867177462,4.821221373247607,False,False,11,11.0
1789815187824,1217,2865,1092.8149360312345,1815.4418898822887,1085.1498130395075,1841.8095452646394,-1,-1,off_screen,0.0,744,37,3.6,-0.0020718029029810608,25.921191904944425,29.596189956130512,1.7794999876059592,0.9113000123761594,27.74719998706132,1.3905999949201941,30.06180000375025,126,True,gaze_outside_screen,0.7417420067697549,3.3129993295454767,3.4087527324129554,False,False,11,11.0
1789815187856,1218,2866,1099.2708051576326,1904.9891311294568,1093.1963450016203,1877.811021135572,-1,-1,off_screen,0.0,776,37,3.6,-0.0020238189362613325,26.543772893594536,29.605589381617165,0.5780000064987689,1.5579000173602253,32.576499972492456,1.6232999914791435,35.7761999766808,126,True,gaze_outside_screen,0.7417420067697549,2.781661461803651,2.9933249502819934,False,False,11,11.0
1789815187892,1219,2867,1052.8122905245718,1958.920354795569,1064.9275068676864,1934.5875546975699,-1,-1,off_screen,0.0,812,37,3.6,-0.002048662334143133,26.66165965799383,29.602053464310455,7.815799996023998,0.4658999969251454,40.72379998979159,3.8499000074807554,45.05390001577325,126,True,gaze_outside_screen,0.7417420067697549,1.9227273684809632,3.5804159715664987,False,False,11,11.0
1789815187938,1220,2868,1285.767358409459,1858.0594943363058,1219.5154029469272,1881.017912444685,-1,-1,off_screen,0.0,858,37,3.6,-0.0020544035552255233,26.195926737385026,29.601006018345238,22.13100000517443,0.4568000149447471,68.99269999121316,1.136499980930239,70.60040000942536,126,True,gaze_outside_screen,0.7417420067697549,2.061885712820782,2.9063524683190796,False,False,11,11.0
1789815188008,1221,2870,1375.3396394301435,1959.7753021189255,1328.5923684851787,1936.1480852166533,-1,-1,off_screen,0.0,928,37,3.6,-0.002061927765377544,24.98994944151734,29.605526010120094,6.058900005882606,0.6466000049840659,16.58830000087619,1.5915999829303473,18.83549999911338,127,True,gaze_outside_screen,0.7417420067697549,2.3174783760275943,2.881952459870588,False,False,11,11.0
1789815188029,1222,2871,1536.3077862714197,1980.0000000000002,1473.9931609355474,1966.844425564996,-1,-1,off_screen,0.0,950,37,3.6,-0.00217770672399621,27.49530828452248,29.594658653787054,2.5203000113833696,0.3690999874379486,61.65970000438392,6.21240001055412,68.25330000719987,127,True,gaze_outside_screen,0.7417420067697549,2.2620753514263754,3.630141395641496,False,False,11,11.0
1789815188097,1223,2872,1079.5427990119993,1980.0000000000002,1197.8779075890639,1976.053327669499,-1,-1,off_screen,0.0,1017,37,3.6,-0.002455259011908637,26.203675546179404,29.60142239704865,24.182399996789172,10.945900023216382,63.99190000956878,3.8822999922558665,78.83370001218282,127,True,gaze_outside_screen,0.7417420067697549,2.5549887083807334,5.7568111968126185,False,False,11,11.0
1789815188176,1224,2875,1272.4231095498321,1980.0000000000002,1246.6576241252258,1978.6358890212582,-1,-1,off_screen,0.0,1097,37,3.6,-0.002498436416722415,24.847699932685074,29.602984832023868,19.78380000218749,0.5880999960936606,57.44730000151321,4.130199988139793,62.17839999590069,129,True,gaze_outside_screen,0.7417420067697549,4.475370396232506,9.668884574544668,False,False,11,11.0
1789815188239,1225,2877,1214.3912999097658,1980.0000000000002,1237.2001818715335,1979.0357176699426,-1,-1,off_screen,0.0,1160,37,3.6,-0.0022328195234456224,23.95703303362954,29.599565558187273,10.638099978677928,0.2668999950401485,43.0927999841515,1.0863000061362982,44.457800016971305,130,True,gaze_outside_screen,0.7417420067697549,0.7649133668340653,11.055274705813337,False,False,11,11.0
1789815188284,1226,2878,1379.1835549052666,1980.0000000000002,1336.5885429951466,1979.7107153009829,-1,-1,off_screen,0.0,1204,37,3.6,-0.002435584981797941,23.797145713875228,29.604746393358944,17.857999977422878,0.926099979551509,14.858500013360754,0.6984000210650265,16.493800008902326,130,True,gaze_outside_screen,0.7417420067697549,1.8149524355148685,11.930607710024612,False,True,11,11.0
1789815188299,1227,2879,1376.3449291921086,1980.0000000000002,1350.7718176002381,1979.8139189549793,-1,-1,off_screen,0.0,1220,37,3.6,-0.0024369825624472336,27.43232400948905,29.599409424357624,3.3494000090286136,0.1959000073838979,49.475799984065816,1.5075999835971743,51.188599987654015,130,True,gaze_outside_screen,0.7417420067697549,2.211866196249048,13.381367397767615,False,True,11,11.0
1789815188351,1228,2880,1441.840816155174,1980.0000000000002,1414.5201165886933,1979.944175686494,-1,-1,off_screen,0.0,1272,37,3.6,-0.0025798950855150243,26.63189168885982,29.603850425934876,9.13419999415055,2.679299999726936,48.51839999901131,1.4338000037241727,52.67860001185909,130,True,gaze_outside_screen,0.7417420067697549,2.35911245076133,13.667999996422312,False,True,11,11.0
1789815188405,1229,2882,1551.618210547616,1980.0000000000002,1510.488782359939,1979.9832527059484,-1,-1,off_screen,0.0,1325,37,3.6,-0.003123317285593565,25.85847225189611,29.599101694168052,7.9295999894384295,0.3952999832108617,13.683400000445545,1.290299987886101,15.38060000166297,131,True,gaze_outside_screen,0.7417420067697549,3.04486171410025,14.357108769406816,False,True,11,11.0
1789815188426,1230,2883,1990.5156990895905,1980.0000000000002,1846.507624070695,1979.9949758117846,-1,-1,off_screen,0.0,1347,37,3.6,-0.003494554371204805,27.971873143607638,29.599463234872896,0.17710000975057483,0.4366999783087522,58.535799995297566,1.4891999890096486,60.48069999087602,131,True,gaze_outside_screen,0.7417420067697549,4.068004273326181,13.567671103082596,False,True,11,11.0
1789815188490,1231,2884,1924.3667882139043,1980.0000000000002,1899.5873252489023,1979.9984010015112,-1,-1,off_screen,0.0,1411,37,3.6,-0.003389857810016021,26.71975551234374,29.606644672404467,22.14839999214746,0.4965999978594482,38.089699984993786,1.0718000121414661,39.67640001792461,131,True,gaze_outside_screen,0.7417420067697549,4.635108343512428,12.051506510480468,False,True,11,11.0
1789815188531,1232,2886,2169.7602001751825,1980.0000000000002,2088.7083376972982,1979.9995203004535,-1,-1,off_screen,0.0,1451,37,3.6,-0.003557029350746803,26.535577313985364,29.5948475522169,6.770300009520724,0.4979000077582896,36.34180000517517,1.481500017689541,38.33799998392351,132,True,gaze_outside_screen,0.7417420067697549,3.252714350495438,9.874176999351862,False,True,11,11.0
1789815188570,1233,2887,2324.477793556834,1980.0000000000002,2253.7469567989733,1979.9998560901363,-1,-1,off_screen,0.0,1490,37,3.4,-0.0035129014896471723,26.395119114390553,29.59723476233296,0.15159999020397663,3.452600009040907,53.74800000572577,1.038899994455278,58.25500001083128,132,True,gaze_outside_screen,0.7417420067697549,3.449005320693175,8.807048040988395,False,True,11,11.0
1789815188628,1234,2888,2258.156974755865,1980.0000000000002,2254.2761589538004,1979.9998733593202,-1,-1,off_screen,0.0,1549,37,3.4,-0.003492479268666261,25.46374459886033,29.60356798836835,15.286699985153973,0.4477999755181372,44.88510001101531,1.0506999969948083,46.395700017455965,132,True,gaze_outside_screen,0.7417420067697549,3.960946061105062,7.198291620914727,False,True,11,11.0
1789815188675,1235,2890,2091.729389543351,1980.0000000000002,2140.4934203664857,1979.999962007796,-1,-1,off_screen,0.0,1595,37,3.4,-0.003080115500853171,25.060951505615137,29.597339967229935,9.766600007424131,1.5331000031437725,17.78840000042692,0.9539999882690609,20.28629998676479,133,True,gaze_outside_screen,0.7417420067697549,3.8917165882714926,5.820777813577814,False,False,12,12.0
1789815188697,1236,2891,2026.8329549850707,1980.0000000000002,2060.9310945994953,1979.9999886023388,-1,-1,off_screen,0.0,1618,37,3.4,-0.0028921996098729957,27.369492849346276,29.60102667295508,0.08640001760795712,0.3486999776214361,19.039600010728464,1.740099978633225,21.138799987966195,133,True,gaze_outside_screen,0.7417420067697549,4.0691790638103384,5.331713274381678,False,False,12,12.0
1789815188729,1237,2892,1995.0381480254227,1980.0000000000002,2022.7345920604835,1979.9999952092796,-1,-1,off_screen,0.0,1650,37,3.4,-0.002759397542000705,27.69080653242454,29.600849858007802,0.3397999971639365,0.6494999979622662,20.72919998317957,1.4088999887462705,22.805999993579462,133,True,gaze_outside_screen,0.7417420067697549,4.0855153157045265,4.441387425399671,False,False,12,12.0
1789815188762,1238,2893,1890.8600396328293,1911.4753469866218,1930.4224053611256,1932.0327414534192,-1,-1,off_screen,0.0,1683,37,3.4,-0.00275097583177686,27.93879949955276,29.60193921372402,0.2382999809924513,0.4834999854210764,18.140000000130385,1.2043000024277717,19.847899995511398,133,True,gaze_outside_screen,0.7417420067697549,3.9998660316146015,3.989313821937678,False,False,12,12.0
1789815188793,1239,2894,1815.9568093640646,1698.4948045497943,1850.2964881631829,1768.556185620882,2,1,terminal,0.13367618234529333,0,50,3.6,-0.0026502391135568865,28.403002036973596,29.602841698501642,0.26000000070780516,0.46460001613013446,18.008099985308945,1.4631999947596341,19.95600000373088,133,True,on_screen,0.7417420067697549,3.9467107588247643,3.8577600848542244,False,False,12,12.0
1789815188825,1240,2895,1684.3081750017232,1178.667982637638,1734.1046689501609,1355.6344435326112,2,1,terminal,0.42119475429057784,32,50,3.6,-0.0024348439418819968,28.69411143706091,29.602680219095987,0.3282999969087541,0.46469998778775334,20.60750001692213,1.2430000060703605,22.33539998997003,133,True,on_screen,0.7417420067697549,3.617353708262584,4.361417261389469,False,False,12,12.0
1789815188857,1241,2896,1593.0816683545381,926.6307183030239,1635.388568533225,1055.3318358719,1,1,main_file,0.559024914470873,0,21,3.8,-0.0023140559625464945,28.921337036444235,29.603650593803092,0.2511999919079244,0.454699998954311,18.885700003011152,1.2567999947350472,20.61659999890253,133,True,on_screen,0.7417420067697549,3.007289208971372,4.633069298732454,False,False,12,12.0
1789815188890,1242,2897,1564.7925983223786,867.2796605185346,1585.9713893856326,923.6953131245442,1,1,main_file,0.7387421525216027,32,21,3.8,-0.0023694776034253306,29.089478511935734,29.6037629221421,0.23320000036619604,0.45319998753257096,19.542800000635907,1.3319999852683395,21.347899979446083,133,True,on_screen,0.7417420067697549,1.3868777753223185,4.611959408298133,False,False,12,12.0
1789815188937,1243,2898,1710.5733219320434,802.6995206083825,1673.1927421681203,838.9982583632311,1,1,main_file,0.5741643030086542,79,21,3.8,-0.0024201599993978282,28.275359367336918,29.59468634085313,0.19869999960064888,0.3717999788932502,26.070100022479892,10.954700002912432,37.41340001579374,133,True,on_screen,0.7417420067697549,0.12261311668265762,3.256338055713677,False,False,12,12.0
1789815188978,1244,2899,1633.1634304416955,773.2684065058517,1646.210343197085,794.6919985093533,1,1,main_file,0.5909402974377186,120,21,3.8,-0.0023129775640816346,27.949199186315017,29.59664407093027,0.1474000164307654,0.44049997813999653,23.19000000716187,1.0986999841406941,24.746399983996525,133,True,on_screen,0.7417420067697549,0.26912338976720207,3.734882082069547,False,False,12,12.0
1789815189015,1245,2900,1504.4055760910853,635.3238298048831,1546.9470062228852,683.1342804162242,1,1,main_file,0.5728166076994721,157,21,3.8,-0.002244192048689756,27.840689256632523,29.598435243670902,4.49370002024807,0.4715000104624778,48.02789998939261,0.6491999956779182,49.16499997489154,133,True,on_screen,0.7417420067697549,0.5123384501206942,4.072847063668333,False,False,12,12.0
1789815189064,1246,2901,1485.2160447220563,730.6286134920326,1504.8477583267222,715.5244401222989,1,1,main_file,0.654544105374237,206,21,3.8,-0.002274208184902522,27.08265487545385,29.60598057457014,17.029100010404363,0.2786999975796789,7.668500009458512,0.6507000070996583,8.60510001075454,133,True,on_screen,0.7417420067697549,0.5097105104697732,5.667848657209569,False,False,12,12.0
1789815189073,1247,2902,1559.6316889442558,793.8102566902132,1543.1965097589957,770.3245117198389,1,1,main_file,0.7072172137106283,215,21,3.8,-0.002279748348695324,35.81224180065309,29.602901014117364,8.501000003889203,0.2347000117879361,9.080999996513128,0.7379999733529985,10.059299995191395,133,True,on_screen,0.7417420067697549,0.6993417537479161,5.049287661723748,False,False,12,12.0
1789815189097,1248,2903,1537.010582067079,724.0668371861024,1540.6249573329283,751.0947306593664,1,1,main_file,0.6825007924373122,239,21,3.8,-0.002520235186767075,36.49326519237175,29.606468646451248,0.12260000221431255,0.20940002286806703,7.6942000014241785,0.6466000049840659,8.560900023439899,133,True,on_screen,0.7417420067697549,-0.10099373430352898,5.293020458612816,False,False,12,12.0
1789815189128,1249,2904,1578.0528568932343,736.2914821970801,1554.1344658609044,745.7515344423098,1,1,main_file,0.6610065505760336,270,21,3.8,-0.00264902704277503,35.98751524378924,29.606959235663226,0.09050001972354949,0.2477999951224774,8.02589999511838,0.615699973423034,8.901099994545802,133,True,on_screen,0.7417420067697549,-0.7625756676984281,6.342312720408841,False,False,12,12.0
1789815189161,1250,2905,1565.2916384166,787.1061761474303,1558.4075473954435,761.5899339073626,1,1,main_file,0.6782068146002749,303,21,3.8,-0.0025759740990134155,35.425277803402324,29.6072989580741,0.11699998867698014,0.2767000114545226,7.718499982729554,0.6125000072643161,8.61860002623871,133,True,on_screen,0.7417420067697549,-0.7487395202698792,4.397090553950749,False,False,12,12.0
1789815189191,1251,2906,1592.9656873171082,877.3186824997568,1582.5982453406089,842.6000579220386,1,1,main_file,0.728433286667566,333,21,3.8,-0.0025504165362891535,35.121480051546634,29.60819067619591,0.09739998495206237,0.2279000182170421,7.751400000415742,0.5717000167351216,8.561700000427663,133,True,on_screen,0.7417420067697549,-0.22333552678171031,4.476804405746631,False,False,12,12.0
1789815189240,1252,2907,1772.1226183688648,993.8923798173274,1715.2653064603878,948.5046832487408,1,1,main_file,0.5062067723444341,382,21,3.8,-0.00250813209307928,33.70366937666728,29.604210012361392,0.08060000254772604,0.18900001305155456,6.949899980099872,0.6413999944925308,7.790200004819781,133,True,on_screen,0.7417420067697549,0.5012730051099084,4.5432709691607185,False,False,12,12.0
1789815189271,1253,2908,1965.6924043290433,909.3787784118483,1890.5642749684466,921.116549862916,1,2,second_file,0.09922583820167485,0,8,4.0,-0.002465684125601905,33.44108339126045,29.604485981195808,0.10649999603629112,0.21810000180266798,7.712299993727356,0.5354000022634864,8.476100018015131,133,True,on_screen,0.7417420067697549,1.309309051103071,5.472005424145368,False,False,12,12.0
1789815189303,1254,2909,1966.1499074569576,1012.0485241422267,1943.4742177104044,984.7689318584335,1,2,second_file,0.17968680484165345,32,8,3.8,-0.0024712204859692038,33.21499847484844,29.604953384782,0.09039998985826969,0.2106000029016286,7.716799998888746,0.694699992891401,8.632100012619048,133,True,on_screen,0.7417420067697549,1.514265350071554,5.607178601629362,False,False,12,12.0
1789815189336,1255,2910,1823.8300330070208,1054.8763967080802,1859.7232884180357,1033.844157253186,1,1,main_file,0.22170137926121247,0,22,4.0,-0.0025010316495856205,32.98435432878846,29.605434517614793,0.09670000872574747,0.21899997955188155,7.703700015554205,0.5262999911792576,8.459199976641685,133,True,on_screen,0.7417420067697549,1.2038029265740136,6.96306895481314,False,False,12,12.0
1789815189367,1256,2911,854.2951858591908,1278.963796685774,1155.9236166268443,1205.4279048559977,2,1,terminal,0.27702214756032284,0,51,4.0,-0.0025450010106009384,32.84473800416854,29.60606739320833,0.08759999764151871,0.2136999974027276,7.566799991764128,0.6871999939903617,8.477499999571592,133,True,on_screen,0.7417420067697549,0.9897227571021006,7.023247499199469,False,False,12,12.0
1789815189402,1257,2912,533.7538583042598,1486.7793558693907,720.4047858010351,1402.3739205653728,2,0,terminal,0.5416017668631328,34,51,4.0,-0.0026527302602959695,32.552430712098214,29.6063240783762,0.11240001185797155,0.21769999875687063,7.229800015920773,0.5236000288277864,7.980900001712143,133,True,on_screen,0.7417420067697549,1.3840609390070142,6.773508520635694,False,False,12,12.0
1789815189432,1258,2913,673.9713781991294,1980.0000000000002,687.9014004797011,1806.712176169612,-1,-1,off_screen,0.0,0,38,4.2,-0.002893540441754567,32.546842364856595,29.607277274013143,0.08100000559352338,0.20290000247769058,7.057899987557903,0.5466000002343208,7.817300007445738,133,True,gaze_outside_screen,0.7417420067697549,1.4182678591629951,7.896564194943182,False,False,12,12.0
1789815189463,1259,2914,760.6299427553536,1980.0000000000002,738.8113800726578,1928.0136528508838,-1,-1,off_screen,0.0,31,38,4.0,-0.0028934710747033025,32.44037623554023,29.60763681298102,0.08680002065375447,0.20340000628493726,7.822600018698722,0.5863999831490219,8.633699995698407,133,True,gaze_outside_screen,0.7417420067697549,1.6916209789932282,9.023273494756724,False,False,12,12.0
1789815189496,1260,2915,698.49210920345,1980.0000000000002,715.4749665829685,1958.102859990213,-1,-1,off_screen,0.0,64,38,4.0,-0.002883583466429923,32.29126942601947,29.60808561206743,0.07939999341033399,0.20340000628493726,7.862099999329075,0.530999997863546,8.605399983935058,133,True,gaze_outside_screen,0.7417420067697549,2.0577340990741106,11.271307820660107,False,False,12,12.0
1789815189543,1261,2916,834.228040329705,1980.0000000000002,798.6021182056841,1973.4308579970639,-1,-1,off_screen,0.0,111,38,3.8,-0.002984494911401141,31.162934271879834,29.604164723642764,0.08289999095723033,0.20549999317154288,7.051200023852289,0.5565000174101442,7.82289999187924,133,True,gaze_outside_screen,0.7417420067697549,2.4113073115350687,11.768212716790735,False,False,12,12.0
1789815189575,1262,2917,1099.9395139474384,1980.0000000000002,1009.5382952249121,1978.0292573991192,-1,-1,off_screen,0.0,143,38,3.8,-0.0030752907464934587,31.14739680987928,29.604168909204017,0.08040000102482736,0.21169998217374086,7.808499998645857,1.3076000032015145,9.338000003481284,133,True,gaze_outside_screen,0.7417420067697549,2.7388349227805406,12.696836761920983,False,False,12,12.0
1789815189609,1263,2918,1300.0443504611974,1980.0000000000002,1212.8925338903118,1979.4087772197358,-1,-1,off_screen,0.0,177,38,3.8,-0.003116183782009417,31.03332627779227,29.604671012412226,0.11870000162161887,0.21170001127757132,7.351099979132414,0.5463999987114221,8.11920000705868,133,True,gaze_outside_screen,0.7417420067697549,2.8344270418768076,13.649951487826952,False,False,12,12.0
