timestamp_ms,frame_index,capture_frame_id,gaze_x_raw,gaze_y_raw,gaze_x_smooth,gaze_y_smooth,grid_row,grid_col,section,confidence,dwell_time_ms,nrevisit_count,transition_rate,iris_size_delta,fps_actual,capture_fps,capture_age_ms,preprocess_ms,inference_ms,mapping_metrics_ms,total_processing_ms,dropped_frames_total,face_detected,gaze_status,calibration_quality,head_pitch,head_yaw,head_pose_shifted,is_blinking,total_blinks,blink_rate_bpm
1789821605165,1,1040,1624.1035715326009,763.3878186058747,1624.1035715326009,763.3878186058747,1,1,main_file,0.594986887142503,0,0,0.2,0.0,0.0,14.973673089475751,53.68749999979627,0.3161999993608333,13.463600000250153,0.7981999988260213,14.591600000130711,0,True,on_screen,0.6365258267662824,-5.897451184202538,-1.1390714846322232,False,False,0,0.0
1789821605180,2,1041,1661.5992068538487,735.770627726605,1639.6586202810697,751.9308384335886,1,1,main_file,0.5608570042428115,15,0,0.2,0.0,67.7355333765533,14.970618371012884,2.8923999998369254,0.26979999893228523,12.921600002300693,0.8120999991660938,14.01350000014645,0,True,on_screen,0.6365258267662824,-5.800785491726941,-0.9331060218598752,False,False,0,0.0
1789821605241,3,1042,1711.6741958976274,787.9987285521337,1690.06952321266,777.1783615165701,1,1,main_file,0.5078014325129195,75,0,0.2,0.0,62.59150972409775,14.97162239609656,0.33319999783998355,0.31830000079935417,12.954800000443356,1.4467999972112011,14.775999999983469,0,True,on_screen,0.6365258267662824,-4.578387078938192,-0.46524907440481666,False,False,0,0.0
1789821605305,4,1043,1841.4885692851976,721.7301219239865,1796.0628554634363,738.3645938017617,1,1,main_file,0.3091765177878849,140,0,0.2,0.0,57.917586961141396,14.9721398550771,0.14000000010128133,0.31069999749888666,14.935900002456037,0.8157000011124182,16.078800003015203,0,True,on_screen,0.6365258267662824,-4.852437760976926,-0.11736324123084034,False,False,0,0.0
1789821605368,5,1044,1788.6617997699313,768.7373108543424,1793.958818634842,746.9992153894881,1,1,main_file,0.31875470799412786,203,0,0.2,0.0,53.68753764961589,14.97315296462953,0.18089999866788276,0.37309999970602803,12.96629999706056,0.7637999988219235,14.119200001005083,0,True,on_screen,0.6365258267662824,-4.961245865133094,0.16104269321308626,False,False,0,0.0
1789821605448,6,1045,1676.518426893679,764.8521100734165,1711.7505444160279,759.4962416682381,1,1,main_file,0.45953485465519883,282,0,0.2,0.0,49.57109910241787,14.97067293879705,0.22170000011101365,0.3302000004623551,11.421499999414664,0.8441999998467509,12.614899998879991,0,True,on_screen,0.6365258267662824,-4.727241824768214,-0.13444972927221402,False,False,0,0.0
1789821605512,7,1046,1578.9683369506947,669.4357107907152,1618.8029991902945,696.4538700539721,1,1,main_file,0.5213629305590961,347,0,0.2,0.0,46.186130842133394,14.971592033896101,0.16070000128820539,0.3079999987676274,10.371000000304775,0.8213000000978354,11.516200000187382,0,True,on_screen,0.6365258267662824,-4.998699667053131,0.5467219534189068,False,False,0,0.0
1789821605575,8,1047,1425.7722158808172,692.5303231818143,1483.6814508736602,693.7073872434617,1,1,main_file,0.6274698010199113,410,0,0.2,0.0,43.13480287532971,14.972520512671581,0.13079999916953966,0.26340000113123097,9.100300001591677,0.7904999984020833,10.167200001887977,0,True,on_screen,0.6365258267662824,-5.125665168407551,-0.18661975691393454,False,False,0,0.0
1789821605640,9,1048,1413.9792643987516,603.3926918918227,1434.8899203412243,630.4871004973144,1,1,main_file,0.5237759188081041,475,0,0.2,0.0,40.363551911105475,14.972992564671925,0.21859999833395705,0.3007000013894867,8.962899999460205,0.6326000002445653,9.908100000757258,0,True,on_screen,0.6365258267662824,-5.4672557042095775,-0.16054663378625375,False,False,0,0.0
1789821605705,10,1049,1294.246529994762,558.1867886657618,1336.4395470987008,579.8768822152276,0,1,main_file,0.4727884207220836,539,0,0.2,0.0,37.87421684982286,14.973199022872294,0.38359999962267466,0.28340000062598847,10.118500002135988,0.6739000018569641,11.088700000982499,0,True,on_screen,0.6365258267662824,-5.2536276508103015,-0.5996103951475112,False,False,0,0.0
1789821605767,11,1050,1014.806979801542,806.8556063860099,1111.2967499906895,738.7619891347751,1,1,main_file,0.3531900938727439,601,0,0.2,0.0,35.67984691029502,14.973922870538779,0.11690000246744603,0.2769999991869554,10.737199998402502,0.6831999999121763,11.712299998180242,0,True,on_screen,0.6365258267662824,-4.827504381349456,-0.4961462943266576,False,False,0,0.0
1789821605848,12,1051,1241.6083508379888,864.9154521395103,1202.5148705837992,827.0694132380897,1,1,main_file,0.5611057718472199,683,0,0.2,0.0,33.35247696873109,14.971170475693908,0.1632999992580153,0.3341999981785193,9.762199999386212,0.6826000026194379,10.793800000101328,0,True,on_screen,0.6365258267662824,-5.055476626935842,0.09513636864597345,False,False,0,0.0
1789821605912,13,1052,1539.6653355390458,872.657930877004,1438.5201960524719,858.9813755853297,1,1,main_file,0.9274867662731335,746,0,0.2,0.0,31.58779806901883,14.971855494742194,0.18110000019078143,0.3347999991092365,9.69710000208579,0.65579999863985,10.702300001867115,0,True,on_screen,0.6365258267662824,-4.769987182846762,-0.36877310993985135,False,False,0,0.0
1789821605975,14,1053,1385.8768785081872,993.3453051189965,1401.6698737714726,953.0361262588965,1,1,main_file,0.8843944825740796,809,0,0.2,0.0,30.001456563574237,14.971855449719055,0.14390000069397502,0.27269999918644316,12.787200001184829,0.8249999991676304,13.899300000048243,0,True,on_screen,0.6365258267662824,-5.693180781319597,-0.44405877600248655,False,False,0,0.0
1789821606040,15,1054,1452.2848789885882,947.5471898493037,1424.542511823715,950.5557065641863,1,1,main_file,0.9066035959670825,875,0,0.2,0.0,28.56305199868376,14.972881448115654,0.18399999680696055,0.294400000711903,10.756300001958152,0.7695999993302394,11.836200003017439,0,True,on_screen,0.6365258267662824,-5.515266785265567,-0.5520595947901366,False,False,0,0.0
1789821606104,16,1055,1472.8918753354637,838.6092543701945,1458.3870662819393,872.1931900283921,1,1,main_file,0.9411061470501952,939,0,0.2,0.0,27.2408326523368,14.972323893447514,0.45279999903868884,0.4729000029328745,14.467099998000776,1.1051000001316424,16.062099999544444,0,True,on_screen,0.6365258267662824,-6.324693927974977,-0.1861385898554821,False,False,0,0.0
1789821606184,17,1056,1295.789093308432,766.9284960946687,1344.5684852004842,798.5079042747857,1,1,main_file,0.7538827132741375,1019,0,0.2,0.0,25.777686439858236,14.96999784904136,0.14800000280956738,0.33350000012433156,13.032099999691127,1.1212999997951556,14.506600000459002,0,True,on_screen,0.6365258267662824,-6.364749530087096,-1.2051770639754207,False,False,0,0.0
1789821606248,18,1057,1334.4413675079634,771.145246594726,1341.869545244714,791.2155855370147,1,1,main_file,0.7411755002668978,1082,0,0.2,0.0,24.761112734517216,14.970815570615304,0.16179999875021167,0.31239999952958897,12.185499999759486,0.8809999999357387,13.395500001934124,0,True,on_screen,0.6365258267662824,-6.253101272725388,-1.0635119472463417,False,False,0,0.0
1789821606312,19,1058,1337.1568392436275,679.7757455380852,1338.5706510439534,713.207697537764,1,1,main_file,0.6244883761081765,1147,0,0.2,0.0,23.843736142585346,14.971489211499277,0.21209999977145344,0.3409000019019004,11.65949999995064,0.8407999994233251,12.857400000939379,0,True,on_screen,0.6365258267662824,-6.199593824978734,-1.44453011000812,False,False,0,0.0
1789821606376,20,1059,1290.5602994172057,665.9751404403326,1310.1439277788563,685.2415030772437,1,1,main_file,0.5566280482970531,1210,0,0.2,0.0,23.028814711024275,14.972137678852457,0.1458000006095972,0.32890000147745013,11.565799999516457,0.9576999982527923,12.870700000348734,0,True,on_screen,0.6365258267662824,-5.640394381597702,-1.0322999423014119,False,False,0,0.0
1789821606440,21,1060,1654.191309861907,542.8747936122385,1550.9770952369918,585.5848064517401,0,1,main_file,0.4587127593857355,1275,0,0.2,0.0,22.286438718874656,14.972242387784359,0.26499999876250513,0.3830999994534068,13.692700002138736,0.991600001725601,15.084499998920364,0,True,on_screen,0.6365258267662824,-5.505096240986376,-0.7346302075116891,False,False,0,0.0
1789821606506,22,1061,1575.529296185514,419.54265541544135,1568.1636359009574,469.35530072633094,0,1,main_file,0.6247883017379801,1341,0,0.2,0.0,21.581776217812607,14.970994664391291,0.2562000008765608,0.48800000149640255,19.881699998222757,1.770400001987582,22.163699999509845,0,True,on_screen,0.6365258267662824,-5.200351583301142,0.0321745877754824,False,False,0,0.0
1789821606584,23,1062,1579.8182318739841,444.83632651861365,1571.0679946608711,463.24510199536746,0,1,main_file,0.6301475538427155,1419,0,0.2,0.0,20.692949856001782,14.969702400666781,0.19299999985378236,0.38019999919924885,14.834400000836467,1.0709999987739138,16.30260000092676,0,True,on_screen,0.6365258267662824,-5.359782373437383,0.755583295715081,False,False,0,0.0
1789821606648,24,1063,1513.6628668617036,454.46536395294606,1541.6207375916078,458.74133703484904,0,1,main_file,0.6670152272216816,1483,0,0.2,0.0,20.210412426565085,14.971501148984578,0.16770000001997687,0.323799999023322,10.346800001570955,0.8667999973113183,11.55060000019148,0,True,on_screen,0.6365258267662824,-5.687894088108266,0.140918338087255,False,False,0,0.0
1789821606712,25,1064,1351.0430753938447,478.3222101386378,1408.2163740531737,472.44794820750116,0,1,main_file,0.6902112308024607,1546,0,0.2,0.0,19.74209388315421,14.971955620449707,0.1554000009491574,0.29400000130408444,10.682500000257278,0.794399998994777,11.784499998611864,0,True,on_screen,0.6365258267662824,-5.657755649287907,-0.15001671736990918,False,False,0,0.0
1789821606776,26,1065,1624.175686547925,481.81949438466233,1559.3878927994995,479.008030531514,0,1,main_file,0.6198703160793462,1611,0,0.2,0.0,19.328506871064636,14.97253861387164,0.23990000045159832,0.40490000174031593,10.51010000082897,0.7968000027176458,11.729000001651002,0,True,on_screen,0.6365258267662824,-6.320405454367204,-0.47811850795175576,False,False,0,0.0
1789821606840,27,1066,1765.4950691897752,592.8495299641896,1703.6629162726927,558.697080134387,0,1,main_file,0.3474282301884901,1674,0,0.2,0.0,18.94817638995015,14.973212403302567,0.14000000010128133,0.28649999876506627,9.847999997873558,0.7546999986516312,10.902599999099039,0,True,on_screen,0.6365258267662824,-6.174548783276975,-0.12095544815153127,False,False,0,0.0
1789821606904,28,1067,1753.2963735922613,643.5385303102768,1738.4063363963908,618.0860952575098,0,1,main_file,0.22947335163022597,1739,0,0.2,0.0,18.636138111578067,14.973986865837414,0.22149999858811498,0.29879999783588573,9.788100000150735,0.7229000002553221,10.822899999766378,0,True,on_screen,0.6365258267662824,-6.385351282148974,-0.34019936687821123,False,False,0,0.0
1789821606984,29,1068,1766.7608067258554,799.6909571197515,1758.254465627016,745.209498561079,1,1,main_file,0.37477593472786697,1819,0,0.2,0.0,18.02061004888664,14.971187445115135,0.12309999874560162,0.27100000079371966,9.775900001841364,0.759399998059962,10.819200000696583,0,True,on_screen,0.6365258267662824,-6.840706085040551,0.2023657279748023,False,False,0,0.0
1789821607047,30,1069,2370.241684615843,824.7721562265625,2186.6455189191947,800.9033589269175,1,2,second_file,0.5844010726904382,0,0,0.4,0.0,17.78899205026007,14.972144723904993,0.1680999994277954,0.27350000164005905,8.414299998548813,0.6716999996569939,9.372500000608852,0,True,on_screen,0.6365258267662824,-6.471652177328849,1.130535781770079,False,False,0,0.0
1789821607112,31,1070,2577.678503318146,713.5821358158164,2460.3686079984604,739.7785027491467,1,2,second_file,0.6975170529616722,65,0,0.4,0.0,17.56248049504318,14.97260831973007,0.12730000162264332,0.2392999995208811,8.663099997647805,0.619800001004478,9.533199998259079,0,True,on_screen,0.6365258267662824,-6.260680545798948,1.195957199843964,False,False,0,0.0
1789821607176,32,1071,2606.6903475075933,841.289338444318,2562.793825654853,810.8360877357666,1,2,second_file,0.6720850832316074,129,0,0.4,0.0,17.38425127444009,14.973293997721498,0.12460000289138407,0.23259999943547882,8.748100000957493,0.6847999975434504,9.675999997853069,0,True,on_screen,0.6365258267662824,-6.450794335329135,1.4895952264397911,False,False,0,0.0
1789821607240,33,1072,1544.4927992252296,648.9462879275382,1849.9831071541166,697.5132278700066,1,1,main_file,0.19217497151164664,0,1,0.6,0.0,17.194777661778897,14.973751753482627,0.2227000004495494,0.2865000024030451,8.729900000616908,0.6859999994048849,9.712800001580035,0,True,on_screen,0.6365258267662824,-6.6308549119947315,0.676294953969296,False,False,0,0.0
1789821607323,34,1073,1165.9595954952654,703.8567520208934,1371.1666489929207,701.9536947756274,1,1,main_file,0.6295885422740877,82,1,0.6,0.0,16.682705639444954,14.970156205334739,0.131200002215337,0.22620000163442455,9.95850000253995,0.6905999980517663,10.88529999833554,0,True,on_screen,0.6365258267662824,-6.415938518949076,-0.2494906635489226,False,False,0,0.0
1789821607383,35,1074,1094.3860894708835,724.3608148979574,1177.4202573274947,717.6386788612584,1,1,main_file,0.4352097250760717,142,1,0.6,0.0,16.661656295675783,14.97179583408098,0.11900000026798807,0.24019999909796752,8.231499999965308,0.6369000002450775,9.119700000155717,0,True,on_screen,0.6365258267662824,-6.436147951209108,-0.7763950795808986,False,False,0,0.0
1789821607448,36,1075,1136.2428467410361,700.5434731352792,1161.0344822764234,710.8359636956332,1,1,main_file,0.40454071296619853,207,1,0.6,0.0,16.557561096791108,14.972490027336118,0.0911999995878432,0.21850000121048652,7.731199999398086,0.6044999972800724,8.56510000085109,0,True,on_screen,0.6365258267662824,-6.552207447758121,-0.9757325931833086,False,False,0,0.0
1789821607512,37,1076,1483.5831103316355,675.1780028710444,1386.8185219150719,685.875391118421,1,1,main_file,0.6102210294537316,272,1,0.6,0.0,16.445987126428868,14.972944633520113,0.1604999997653067,0.24570000095991418,7.563800001662457,0.5934000000706874,8.413100000325358,0,True,on_screen,0.6365258267662824,-6.519881502939114,-0.6123749841863834,False,False,0,0.0
1789821607575,38,1077,1579.2527382681028,672.7850945419847,1521.5224733621935,676.7121835149155,1,1,main_file,0.5800564709588438,335,1,0.6,0.0,16.384480985113616,14.973543542049647,0.1143000008596573,0.23829999918234535,8.28180000098655,0.623800002358621,9.155799998552538,0,True,on_screen,0.6365258267662824,-6.569621575199562,-0.6155079899754526,False,False,0,0.0
1789821607639,39,1078,1371.7102158552384,874.514768372581,1416.653893107325,815.1739929152814,1,1,main_file,0.8445688592055807,398,1,0.6,0.0,16.304879340267025,14.97410663035199,0.09859999772743322,0.2555999999458436,8.20930000190856,0.6078999977034982,9.083100001589628,0,True,on_screen,0.6365258267662824,-6.615619574444281,-0.8148373379346808,False,False,0,0.0
1789821607720,40,1079,1490.637633520707,880.0564704380503,1468.4425113966922,860.5917271812195,1,1,main_file,0.9141396551518212,480,1,0.6,0.0,15.91235223716646,14.971348405080994,0.10829999882844277,0.23439999858965166,7.536299999628682,0.5814000032842159,8.362600001419196,0,True,on_screen,0.6365258267662824,-6.493649584572381,-0.5383855836563807,False,False,0,0.0
1789821607783,41,1080,1676.3576331851596,813.5830508335727,1613.9830966486195,827.6856537378667,1,1,main_file,0.6671375864179563,542,1,0.6,0.0,15.90192724192417,14.972054099570924,0.12409999908413738,0.2510999984224327,7.605000002513407,0.6294999984675087,8.498000002873596,0,True,on_screen,0.6365258267662824,-6.547653756029405,-0.3835194726121364,False,False,0,0.0
1789821607847,42,1081,1726.7935954004047,832.6172294717983,1692.950445774869,831.1377567516188,1,1,main_file,0.5368580927768546,606,1,0.6,0.0,15.876351640246721,14.972639101800572,0.08439999874099158,0.22190000163391232,7.722700000158511,0.6004000024404377,8.554500000172993,0,True,on_screen,0.6365258267662824,-6.503766023038025,-0.5311009631437216,False,False,0,0.0
1789821607912,43,1082,1784.3889187771117,1000.2167331259246,1756.957376876439,949.4930402136329,1,1,main_file,0.43325749630072985,671,1,0.6,0.0,15.85233788599518,14.973283034081252,0.09049999789567664,0.2235000029031653,7.346399997913977,0.701400000252761,8.281000002170913,0,True,on_screen,0.6365258267662824,-6.574599783121755,-0.5484255877150744,False,False,0,0.0
1789821607976,44,1083,1704.9795490392487,1108.4701939546585,1720.5728973904056,1060.777047832351,1,1,main_file,0.4287079883208539,736,1,0.6,0.0,15.800869952686657,14.973436812013148,0.08859999798005447,0.2719999974942766,8.205399997677887,0.6356000012601726,9.124899999733316,0,True,on_screen,0.6365258267662824,-6.701543175140813,0.11625266554870795,False,False,0,0.0
1789821608040,45,1084,1714.7176396722261,1358.6455350175208,1716.47421698768,1269.2849888619699,2,1,terminal,0.36383589205870237,0,0,0.8,0.0,15.797537806678527,14.974063106197187,0.185500000952743,0.26330000036978163,8.508099999744445,0.6763999990653247,9.460599998419639,0,True,on_screen,0.6365258267662824,-6.606791736003771,-0.010940449472634917,False,False,0,0.0
1789821608119,46,1085,1560.7938551813688,1351.153802302702,1607.497963723262,1326.5931582704823,2,1,terminal,0.5740711090672208,78,0,0.8,0.0,15.475168013467737,14.971558523374076,0.2812000020639971,0.24530000155209564,7.970400001795497,0.6076999998185784,8.834000000206288,0,True,on_screen,0.6365258267662824,-6.52590529753536,-1.0721108602002043,False,False,0,0.0
1789821608184,47,1086,1694.3377825299067,1349.706350355644,1668.2858368879133,1342.7723927300954,2,1,terminal,0.5102965819868976,144,0,0.8,0.0,15.471883427650814,14.97197839147569,0.1350999991700519,0.2871000033337623,7.916099999420112,0.6218000016815495,8.836100001644809,0,True,on_screen,0.6365258267662824,-6.878981077523832,-0.7393867093886239,False,False,0,0.0
1789821608247,48,1087,1690.2939161608483,1310.7193520867704,1675.9728496244313,1331.5768618246625,2,1,terminal,0.48782141642259813,207,0,0.8,0.0,15.504531319004425,14.972479198932733,0.1467000001866836,0.24559999656048603,8.982100000139326,0.6616000027861446,9.901299999910407,0,True,on_screen,0.6365258267662824,-6.563778828020702,-0.6359054334751744,False,False,0,0.0
1789821608312,49,1088,1778.5931189160665,1447.91086179425,1747.8070381285759,1413.0106618033738,2,1,terminal,0.4349098884146635,272,0,0.8,0.0,15.518861793170853,14.973075966653655,0.1931000006152317,0.28530000054161064,8.939499999542022,0.646799999231007,9.887899999739602,0,True,on_screen,0.6365258267662824,-7.250871824126989,-0.8564271390862496,False,False,0,0.0
1789821608377,50,1089,1602.0652850848585,1452.1498650401645,1645.7878109979738,1440.4081040691271,2,1,terminal,0.6215058039027297,337,0,0.8,0.0,15.511441560720225,14.97333004488397,0.1315000008617062,0.31540000054519624,9.655300000304123,0.709100000676699,10.693100000935374,0,True,on_screen,0.6365258267662824,-8.790678353790867,-1.5609548896833885,False,False,0,0.0
1789821608456,51,1090,1200.3858423352046,1601.4973887511867,1334.0064329340355,1553.170603346569,2,1,terminal,0.7905051158365599,416,0,0.8,0.0,15.210550580940708,14.97097684537485,0.12570000035339035,0.2620999985083472,8.007299999007955,0.6562999988091178,8.936800000810763,0,True,on_screen,0.6365258267662824,-8.259010865284267,-1.5109173654210786,False,False,0,0.0
1789821608520,52,1091,1205.0325940300515,1572.6712916400688,1243.7247457012468,1566.821085152019,2,1,terminal,0.6337036562326266,480,0,0.8,0.0,15.268408819974056,14.971468203377201,0.11610000001383014,0.23950000104377978,9.054999998625135,0.6998999997449573,10.006600001361221,0,True,on_screen,0.6365258267662824,-7.91688056480362,-1.924300484031301,False,False,0,0.0
1789821608584,53,1092,1240.275496475329,1743.9363248643776,1241.3102712431044,1690.8017529506699,2,1,terminal,0.5133398837002022,544,0,0.8,0.0,15.300458132800596,14.971970065827065,0.1664000010350719,0.25129999994533136,9.244099997886224,0.6993000024522189,10.207199997239513,0,True,on_screen,0.6365258267662824,-8.13932200313107,-2.3570248231267246,False,False,0,0.0
1789821608650,54,1093,869.1717577112456,1941.9281078606577,980.8133117708032,1866.5902013876614,-1,-1,off_screen,0.0,0,0,1.0,0.0,15.26426288371615,14.971920143224294,0.10699999984353781,0.25889999960782006,9.164099999907194,0.8653000004414935,10.300999998435145,0,True,gaze_outside_screen,0.6365258267662824,-8.278194176675953,-2.114295522337874,False,False,0,0.0
1789821608712,55,1094,874.6462126475592,1956.95939947964,906.4963423845325,1929.8486400520464,-1,-1,off_screen,0.0,61,0,1.0,0.0,15.3814056383708,14.973349873474534,0.14799999917158857,0.252499998168787,8.333000001584878,0.6732000001647975,9.272299997974187,0,True,gaze_outside_screen,0.6365258267662824,-9.425668905063816,-2.0290046248066615,False,False,0,0.0
1789821608776,56,1095,736.4377605369845,1980.0000000000002,787.4553350912488,1964.954592015614,-1,-1,off_screen,0.0,125,0,1.0,0.0,15.403539245939454,14.973372175382158,0.10629999815137126,0.22360000002663583,10.869300000194926,0.7538999998359941,11.85780000014347,0,True,gaze_outside_screen,0.6365258267662824,-10.439576076023798,-1.2843660146327895,False,False,0,0.0
1789821608856,57,1096,862.7459357847026,1980.0000000000002,838.0903796122491,1975.0730516388517,-1,-1,off_screen,0.0,205,0,1.0,0.0,15.106794723533671,14.971131417262653,0.19260000044596381,0.2545000024838373,8.227900001656963,0.6915999983903021,9.18680000177119,0,True,gaze_outside_screen,0.6365258267662824,-9.473177216244693,-0.5079678346756598,False,False,0,0.0
1789821608919,58,1097,933.2095018843903,1980.0000000000002,904.673765202748,1978.5219154916556,-1,-1,off_screen,0.0,268,0,1.0,0.0,15.172671233080784,14.972033776323883,0.12169999899924733,0.2319999985047616,7.24370000170893,0.6489999977929983,8.13660000130767,0,True,gaze_outside_screen,0.6365258267662824,-8.892366940265873,-0.28162125462544757,False,False,0,0.0
1789821608984,59,1098,905.4840814607344,1741.916739157849,905.2409865833386,1812.8982920579908,-1,-1,off_screen,0.0,333,0,1.0,0.0,15.212401098537596,14.972440217019965,0.15640000128769316,0.2178999966417905,7.846099997550482,0.6355000004987232,8.710699999937788,0,True,gaze_outside_screen,0.6365258267662824,-8.3772138880787,0.1918726764734374,False,False,0,0.0
1789821609047,60,1099,1130.617432775603,1752.6281086660188,1063.0044989179237,1770.7091636836103,2,1,terminal,0.18005310009782138,0,1,1.2,0.0,15.262581254017984,14.973068558762751,0.07950000144774094,0.18849999833037145,7.852999999158783,0.7336999988183379,8.782900000369409,0,True,on_screen,0.6365258267662824,-7.8057435315687655,-0.21234280363263633,False,False,0,0.0
1789821609111,61,1100,1252.5180837233383,1747.4462274947787,1195.664008281714,1754.4251083514282,2,1,terminal,0.3768104558868206,64,1,1.2,-0.00021167828001805375,15.297856929623945,14.973615094933766,0.07410000034724362,0.1970999983313959,8.008199998585042,0.6342999986372888,8.848800000123447,0,True,on_screen,0.6365258267662824,-8.11843932859935,-0.4366986290765848,False,False,0,0.0
1789821609175,62,1101,1451.0753142807366,1741.8301430664476,1374.4519224810297,1745.6086326519417,2,1,terminal,0.5509055063453482,128,1,1.2,-0.0003094032454914429,15.321913422236648,14.97426340299448,0.08059999890974723,0.19550000070012175,7.308800002647331,0.5791000003227964,8.092600000964012,0,True,on_screen,0.6365258267662824,-8.53980708672762,-1.283512216024836,False,False,0,0.0
1789821609255,63,1102,2177.23446287651,1677.0661076567021,1936.399700757866,1697.6288651552738,2,2,terminal,0.10966066134735619,208,1,1.2,-0.00028258781819507847,15.040808961740767,14.971368677104001,0.1407999989169184,0.29830000130459666,8.206099999370053,0.653500002954388,9.172900001431117,0,True,on_screen,0.6365258267662824,-7.965639773190901,1.0190937684509462,False,False,0,0.0
1789821609320,64,1103,1964.9160205591988,1615.9374196076278,1956.361124618799,1640.4448532719216,2,2,terminal,0.17790307897076008,273,1,1.2,-0.00041690340083675413,15.084986507079178,14.971968389442955,0.09869999848888256,0.24230000053648837,7.583200000226498,0.591200001508696,8.42700000066543,0,True,on_screen,0.6365258267662824,-7.927887559586225,-0.6303844653120689,False,False,0,0.0
1789821609384,65,1104,1966.4252124085187,1676.9303585686714,1959.7876346030105,1652.867037059509,2,2,terminal,0.1767363869991857,337,1,1.2,-0.00040260741813074805,15.162238931468385,14.972440862805191,0.08239999806392007,0.22150000222609378,8.636099999421276,0.9614999980840366,9.83030000134022,0,True,on_screen,0.6365258267662824,-8.261788463210024,-0.5660342680502259,False,False,0,0.0
1789821609447,66,1105,1823.2561122311795,1696.4198292816927,1864.2155689427286,1683.3539916150376,2,1,terminal,0.1835463566552793,400,1,1.2,-0.0003283225589187696,15.201445122477018,14.9725582207689,0.13830000170855783,0.2682999984244816,10.316199997760123,1.1516999984451104,11.750800000299932,0,True,on_screen,0.6365258267662824,-8.385554705540045,-0.5086304508569482,False,False,0,0.0
1789821609512,67,1106,2384.26892946255,1735.9814852859652,2228.2529213066036,1720.193237184687,2,2,terminal,0.5066543909640857,465,1,1.2,-0.00024815670970107853,15.225594829181714,14.972968856632546,0.14880000162520446,0.276099999609869,10.67910000347183,0.7918000010249671,11.758599997847341,0,True,on_screen,0.6365258267662824,-8.598082597155354,-0.5101133748493345,False,False,0,0.0
1789821609592,68,1107,2441.6436666638874,1583.199704061004,2377.626443056702,1624.2977639981086,2,2,terminal,0.7768786979364511,545,1,1.2,-0.0002093040057747006,14.95460606755649,14.970728533748298,0.1021999996737577,0.23890000011306256,8.776300001045456,0.6848999983048998,9.709900001325877,0,True,on_screen,0.6365258267662824,-8.036007000488212,-0.37068107654566723,False,False,0,0.0
1789821609655,69,1108,1908.1445747434566,1566.8121898553227,2048.98913523743,1584.0578620981585,2,2,terminal,0.36234876371800206,608,1,1.2,-0.00018069762209670277,15.04111355565983,14.971619862247861,0.08719999823370017,0.23249999867402948,8.038000003580237,0.6084000015107449,8.888200001820223,0,True,on_screen,0.6365258267662824,-7.035734289127049,-0.5789065817074929,False,False,0,0.0
1789821609719,70,1109,1575.3044371044873,1275.0877666241893,1717.40984654437,1367.77879526638,2,1,terminal,0.4570889547432858,672,1,1.2,-0.0001413216376503438,15.102464347991598,14.972297887229551,0.12339999739197083,0.22149999858811498,7.5870999971812125,0.6284000010055024,8.448000000498723,0,True,on_screen,0.6365258267662824,-6.125053004948654,-1.4801605567651908,False,False,0,0.0
1789821609785,71,1110,1292.5013001400766,1231.219601991721,1419.9738640613646,1272.1873599741186,2,1,terminal,0.5959797648321603,738,1,1.2,-8.636561606402415e-05,15.118965772272345,14.972440390836622,0.20529999892460182,0.26109999816981144,8.130799997161375,0.6217999980435707,9.033499998622574,0,True,on_screen,0.6365258267662824,-6.176741708712683,-1.3453287288647306,False,False,0,0.0
1789821609848,72,1111,1284.7938081870464,1276.815595709675,1325.3478249493419,1275.427124989008,2,1,terminal,0.554541233566757,801,1,1.2,-5.556418185818403e-05,15.195121956495843,14.973250443072208,0.10340000153519213,0.2310999989276752,7.966900000610622,0.6308000010903925,8.83849999809172,0,True,on_screen,0.6365258267662824,-6.1226660853213275,-1.2541156486590128,False,False,0,0.0
1789821609911,73,1112,1237.8063850990213,1312.7747035292703,1264.0688170541175,1301.5704299671916,2,1,terminal,0.5314974734953186,864,1,1.2,-5.46151689160574e-05,15.243595260120944,14.97379907663837,0.1878000002761837,0.2423999976599589,8.27229999777046,0.6020000000717118,9.126999997533858,0,True,on_screen,0.6365258267662824,-6.459045954566534,-1.037937553584457,False,False,0,0.0
1789821609992,74,1113,2235.2908363154197,1283.5863199090065,1943.924230537029,1288.981552926462,2,2,terminal,0.11220318480496949,945,1,1.2,-8.990280393804048e-05,14.951105688070156,14.97092245348294,0.2539000015531201,0.34640000012586825,8.074500001384877,0.5854000010003801,9.015200001158519,0,True,on_screen,0.6365258267662824,-6.3140803871813205,0.0022203140006534887,False,False,0,0.0
1789821610056,75,1114,2992.4973428334906,1980.0000000000002,2677.925409144552,1772.6944658779387,2,2,terminal,0.31212388617790965,1009,1,1.2,-0.0006134261409935574,15.05053795588649,14.971652023584436,0.09789999967324547,0.23330000112764537,8.585899999161484,0.6419999990612268,9.471400000620633,0,True,on_screen,0.6365258267662824,-7.07024647726044,0.5714219391187256,False,True,0,0.0
1789821610120,76,1115,0.0,0.0,0.0,0.0,-1,-1,,0.0,0,0,1.2,-0.0010637988496171764,15.103099575736064,14.97198198345527,0.1370999998471234,0.2898999991884921,9.547699999529868,0.572900000406662,10.422700001072371,0,True,eyes_invalid_or_blink,0.6365258267662824,-8.05405626392826,0.3212770797624027,False,True,0,0.0
1789821610183,77,1116,0.0,0.0,0.0,0.0,-1,-1,,0.0,0,0,1.0,-0.001016791310036999,15.155770723252703,14.972516858591165,0.1325999983237125,0.24620000112918206,9.768600000825245,0.5442999972729012,10.57059999948251,0,True,eyes_invalid_or_blink,0.6365258267662824,-8.848822120869812,0.45253348913944963,False,True,0,0.0
1789821610248,78,1117,0.0,0.0,0.0,0.0,-1,-1,,0.0,0,0,1.0,-0.0009811831435264165,15.184855223251478,14.97293484522706,0.17240000306628644,0.43340000047464855,9.553100000630366,0.5404000003181864,10.538099999394035,0,True,eyes_invalid_or_blink,0.6365258267662824,-8.888512910810874,-0.04127804124262915,False,True,0,0.0
1789821610328,79,1118,0.0,0.0,0.0,0.0,-1,-1,,0.0,0,0,1.0,-0.0009647532736172977,14.922513815858931,14.970666746067517,0.28979999842704274,0.23050000163493678,8.284799998364178,0.5036000002291985,9.028899999975692,0,True,eyes_invalid_or_blink,0.6365258267662824,-8.992475462177794,-0.23516086100653533,False,True,0,0.0
1789821610392,80,1119,1694.9931556037898,1980.0000000000002,1989.8728316660186,1917.8083397633818,-1,-1,off_screen,0.0,0,1,1.2,-0.0002702879039235811,14.991537808931621,14.970293299150155,0.112599998828955,0.7301999976334628,12.230899999849498,0.6677000019408297,13.64090000060969,0,True,gaze_outside_screen,0.6365258267662824,-8.234542329592557,0.339151437988285,False,True,0,0.0
1789821610456,81,1120,1332.5665885991605,1755.5502171429682,1529.758461519218,1804.2276539290922,-1,-1,off_screen,0.0,64,1,1.2,-0.00014489237683770924,15.057135803568071,14.971475662830102,0.13160000162315555,0.26589999833959155,9.616800001822412,0.7268999979714863,10.623399997712113,0,True,gaze_outside_screen,0.6365258267662824,-6.935255689284219,-0.41519373857020675,False,False,1,1.0
1789821610520,82,1121,1367.2726101632152,1343.864871149087,1416.0183655700162,1481.9737059830886,2,1,terminal,0.946998160765032,0,2,1.4,7.231646736644004e-05,15.123250038937261,14.97201212722845,0.1258000011148397,0.26950000028591603,10.073400000692345,0.7583000005979557,11.114000000816304,0,True,on_screen,0.6365258267662824,-6.642425082214544,-0.2353201807181662,False,False,1,1.0
1789821610583,83,1122,1255.7832816624382,1364.138520940359,1303.8538068347116,1399.4890764531779,2,1,terminal,0.7010305274393289,62,2,1.4,7.032619934420163e-05,15.162214544481287,14.97199812011523,0.18669999917619862,0.37199999860604294,12.274500000785338,0.8502999990014359,13.513199999579228,0,True,on_screen,0.6365258267662824,-6.806249704261802,-0.04055004345073802,False,False,1,1.0
1789821610649,84,1123,1343.10165226383,1329.8119937387244,1331.3174406742796,1350.7326194870243,2,1,terminal,0.6737998746069005,128,2,1.4,5.426341717099277e-05,15.168827999440863,14.97218750184256,0.44160000106785446,0.3775000004679896,12.280599999940023,1.0136999990209006,13.688399998500245,0,True,on_screen,0.6365258267662824,-6.70389788531341,-0.2155200273160123,False,False,1,1.0
1789821610728,85,1124,1552.555861693662,1351.3034020432603,1486.1843353878473,1351.1321672763895,2,1,terminal,0.7246349349985961,207,2,1.4,3.997385893562966e-05,14.93137856408284,14.970273079903306,0.1260999997612089,0.2922999992733821,10.77409999925294,0.8405000007769559,11.919900000066264,0,True,on_screen,0.6365258267662824,-6.925315326974442,0.0024890620870667295,False,False,1,1.0
1789821610792,86,1125,1637.0257024807681,1276.4617267968388,1591.773292352892,1298.862858940704,2,1,terminal,0.5548454735846342,272,2,1.4,0.00010343918525834196,14.989082737306163,14.970766066116337,0.14020000162418,0.2961999998660758,10.654399997292785,0.7991999991645571,11.762999998609303,0,True,on_screen,0.6365258267662824,-7.036329133933435,0.447982408246649,False,False,1,1.0
1789821610856,87,1126,1933.8559171559732,1301.4150451414573,1831.2311297150486,1300.6493892812314,2,1,terminal,0.2242709867259436,335,2,1.4,8.807233916324417e-05,15.063810396640424,14.971630654631687,0.17120000120485201,0.3131000012217555,9.650600000895793,0.6909000003361143,10.668999999325024,0,True,on_screen,0.6365258267662824,-7.310403175786007,-0.05069248846392177,False,False,1,1.0
1789821610920,88,1127,1702.0763094328433,1412.213275808209,1740.822755517505,1378.7441098501156,2,1,terminal,0.4269980676096716,400,2,1.4,9.10887835991088e-05,15.10854321184416,14.972189914479015,0.14620000001741573,0.42490000123507343,9.044999998877756,0.6986000007600524,10.180699999182252,0,True,on_screen,0.6365258267662824,-7.416645607535941,-0.38738360793305504,False,False,1,1.0
1789821610983,89,1128,1847.862865330848,1426.4883885502302,1815.750832386845,1412.1651049401958,2,1,terminal,0.31827938358601526,463,2,1.4,7.186225445343294e-05,15.184479178866903,14.973102732400966,0.10280000060447492,0.24510000002919696,8.473399997456,0.6279000008362345,9.358200000860961,0,True,on_screen,0.6365258267662824,-7.041382460171832,-0.3331479310825299,False,False,1,1.0
1789821611049,90,1129,1611.1662863762622,1434.9830943796946,1672.541650179437,1428.1376975478452,2,1,terminal,0.5700078043347492,529,2,1.4,7.501641526841754e-05,15.20894112723689,14.973366949130005,0.14450000162469223,0.24760000087553635,9.133899999142159,0.6080999992263969,10.001299997384194,0,True,on_screen,0.6365258267662824,-7.168335084187362,-0.9768181299506854,False,False,1,1.0
1789821611128,91,1130,1168.6396193124788,1403.5739594222116,1319.8102285725663,1410.9430808599016,2,1,terminal,0.7357275315401826,608,2,1.4,8.546212992057572e-05,14.935279716954806,14.970834502521098,0.1959000001079403,0.3488000002107583,8.407100001932122,0.5872999972780235,9.374999997817213,0,True,on_screen,0.6365258267662824,-7.1544665172477835,0.10682548159525383,False,False,1,1.0
1789821611192,92,1131,1348.6297587479933,1353.7261391096613,1336.0668967904905,1378.6678552467147,2,1,terminal,0.7177561191436208,671,2,1.4,6.868570171014721e-06,15.028121654997527,14.971642398781938,0.13860000035492703,0.23240000155055895,8.145699997839984,0.668499997118488,9.057600000232924,0,True,on_screen,0.6365258267662824,-7.028369340395898,0.11761082955625439,False,False,1,1.0
1789821611256,93,1132,1351.4595035183766,1462.6703580864191,1346.8417215000106,1437.4696072345077,2,1,terminal,0.8017829561290836,736,2,1.4,-5.1674866909209166e-05,15.07058689000847,14.971987867002406,0.11649999942164868,0.25100000129896216,8.506199999828823,0.6245000004128087,9.392600000865059,0,True,on_screen,0.6365258267662824,-6.8530334103159305,-0.3423467014284422,False,False,1,1.0
1789821611319,94,1133,1188.858856982889,1763.2983040676843,1236.2537163380255,1665.5496950177312,2,1,terminal,0.5362071848727059,799,2,1.4,-0.00010514378784261605,15.144388410298674,14.972598426928737,0.15069999790284783,0.2714000002015382,8.953099997597747,0.6054000004951376,9.841900002356851,0,True,on_screen,0.6365258267662824,-7.242280710205279,-0.5618809436367592,False,False,1,1.0
1789821611385,95,1134,1209.1798799660387,1980.0000000000002,1217.3020308776347,1885.6649085053195,-1,-1,off_screen,0.0,0,2,1.6,-0.00023465862675708243,15.170845723595265,14.972978823633253,0.14180000289343297,0.34279999817954376,8.752599998842925,0.6993999995756894,9.80879999769968,0,True,gaze_outside_screen,0.6365258267662824,-9.046093464603643,-0.5703895565659843,False,False,1,1.0
1789821611464,96,1135,1466.0382246731074,1980.0000000000002,1391.4173665344656,1951.699472551596,-1,-1,off_screen,0.0,78,2,1.6,-0.00031917426940291163,14.916939256844593,14.970572174806605,0.09409999984200113,0.36390000241226517,8.58209999933024,0.6589000004169066,9.616499999538064,0,True,gaze_outside_screen,0.6365258267662824,-9.439218584434286,-0.04929274231651624,False,False,1,1.0
1789821611527,97,1136,1858.3218515429942,1980.0000000000002,1718.2505060404355,1971.509841765479,-1,-1,off_screen,0.0,141,2,1.6,-0.00032975720278513067,14.988991441356085,14.97120001060623,0.09049999789567664,0.21799999740323983,8.411599999817554,0.6427000007533934,9.282700000767363,0,True,gaze_outside_screen,0.6365258267662824,-9.467488781400192,0.20023088259828456,False,False,1,1.0
1789821611592,98,1137,1908.4884237938472,1980.0000000000002,1851.4170484678239,1977.4529525296439,-1,-1,off_screen,0.0,207,2,1.6,-0.00023110411050007718,15.049677821779126,14.971836060449602,0.09379999755765311,0.23830000282032415,7.883899997978006,0.5980000023555476,8.731699999771081,0,True,gaze_outside_screen,0.6365258267662824,-8.835657008799558,0.3184313239567026,False,False,1,1.0
1789821611656,99,1138,2044.6497299113582,1980.0000000000002,1986.679925478298,1979.2358857588933,-1,-1,off_screen,0.0,270,2,1.6,-0.00029084322543035564,15.087793707130183,14.972307841727057,0.17730000035953708,0.303700002405094,7.360600000538398,0.6457999988924712,8.323300000483869,0,True,gaze_outside_screen,0.6365258267662824,-8.853715301704085,1.141779144009668,False,False,1,1.0
1789821611719,100,1139,2161.5246109453074,1846.514096856449,2109.071205305205,1886.3306335271823,-1,-1,off_screen,0.0,334,2,1.6,-0.0002730709451189868,15.157426706106149,14.972963743973771,0.28419999944162555,0.25689999893074855,7.540500002505723,0.6164000005810522,8.426399999734713,0,True,gaze_outside_screen,0.6365258267662824,-8.818859332153352,1.270255000937279,False,False,1,1.0
1789821611783,101,1140,2098.04420772215,1765.3415089889422,2101.3523069970665,1801.6382463504142,-1,-1,off_screen,0.0,398,2,1.6,-0.00031225634405594727,15.20948024706693,14.973295246138656,0.09409999984200113,0.2283000030729454,8.829700000205776,0.6739000018569641,9.744200000568526,0,True,gaze_outside_screen,0.6365258267662824,-8.726769545466993,0.7618543905682311,False,False,1,1.0
1789821611864,102,1141,1249.695403902275,1772.181036521633,1505.1924748307126,1781.0181994702673,2,1,terminal,0.4903512530981001,0,3,1.8,-0.0002888856371383759,14.927169275716022,14.970857795132165,0.2147999985027127,0.20199999926262535,7.422200000291923,0.5682999981218018,8.202200002415339,0,True,on_screen,0.6365258267662824,-8.997800667916636,0.46067302558047724,False,False,1,1.0
1789821611928,103,1142,1304.5943249244376,1777.6070271210006,1364.7737698963201,1778.6303788257806,2,1,terminal,0.4901290410117174,63,3,1.8,-0.0002999219846723418,15.013629943955518,14.971461261578568,0.11840000297524966,0.22739999985788018,7.789700001012534,0.5716999985452276,8.599999997386476,0,True,on_screen,0.6365258267662824,-9.768444591134454,-0.24737325257380005,False,False,1,1.0
1789821611991,104,1143,1471.7366925397737,1752.7515421405153,1439.6478157467377,1760.515193146095,2,1,terminal,0.5397569920304957,126,3,1.8,-0.000299047986745302,15.072429144082975,14.97198005721246,0.07790000017848797,0.21120000019436702,7.839300000341609,0.5924000033701304,8.65200000043842,0,True,on_screen,0.6365258267662824,-9.88966518481294,-0.5935194908459043,False,False,1,1.0
1789821612055,105,1144,1591.0454733147847,1706.8051829162682,1545.6261760443704,1722.918185985216,2,1,terminal,0.5642053239023792,190,3,1.6,-0.00026747918457464825,15.136339849239429,14.972612539515728,0.09270000009564683,0.20899999799439684,7.437899999786168,0.9080999989237171,8.570900001359405,0,True,on_screen,0.6365258267662824,-9.167040539294703,-0.3451536611926791,False,False,1,1.0
1789821612120,106,1145,1608.0279138078838,1849.2872679131608,1589.3073924788298,1811.3765433347774,-1,-1,off_screen,0.0,0,3,1.8,-0.0002555687914068405,15.154641357558045,14.972869715836774,0.11079999967478216,0.28730000121868216,7.687700002861675,0.7799999984854367,8.766900002228795,0,True,gaze_outside_screen,0.6365258267662824,-8.760065463569504,-0.09044206200855816,False,False,1,1.0
1789821612184,107,1146,1438.9621682281727,1692.2310860158486,1484.0657355033698,1727.9747232115274,2,1,terminal,0.5897906221537734,0,4,2.0,-0.00020533027380871538,15.206258485937747,14.97348247211092,0.13449999823933467,0.2550000026531052,7.784100002027117,0.5583999991358723,8.608899999671848,0,True,on_screen,0.6365258267662824,-8.598970739902967,-0.3871647452184924,False,False,1,1.0
1789821612264,108,1147,1299.0983932161,1643.8855044632369,1354.588595902281,1669.112270087724,2,1,terminal,0.6652927759134817,79,4,1.8,-0.00012019739157949696,14.943910533055845,14.970607926146693,0.12570000035339035,0.2921999985119328,9.737899999890942,0.5879000018467195,10.62870000168914,0,True,on_screen,0.6365258267662824,-8.743624958670523,-0.510415820654024,False,False,1,1.0
1789821612327,109,1148,1468.0894511899626,1685.7523569108698,1434.039194603658,1680.7603308639261,2,1,terminal,0.6804838023726799,142,4,1.8,-0.00012564513275003034,15.009817996010417,14.97161275282012,0.20960000256309286,0.2941999991890043,7.317900002817623,0.5677999979525339,8.189000000129454,0,True,on_screen,0.6365258267662824,-8.804715398701347,-0.7244030493419694,False,False,1,1.0
1789821612391,110,1149,1601.4685380598546,1708.1107174653964,1551.2397350229958,1699.9056014849555,2,1,terminal,0.5958373271248402,207,4,1.8,-0.0001970297983886482,15.084329089372762,14.972262632527174,0.08059999890974723,0.2089000008709263,7.389999998849817,0.5707000018446706,8.179299999028444,0,True,on_screen,0.6365258267662824,-8.622377777150632,-0.6970409524334219,False,False,1,1.0
1789821612455,111,1150,1555.4895652760247,1525.540509312587,1554.2146162001159,1577.8500369642975,2,1,terminal,0.7558064636923941,270,4,1.8,-0.00014605469611520677,15.139857506851484,14.9725643641967,0.1463999979023356,0.24399999892921187,8.585100000345847,0.640500002191402,9.481000000960194,0,True,on_screen,0.6365258267662824,-7.884915236425542,-0.8389253753176984,False,False,1,1.0
1789821612520,112,1151,1506.0623024702545,1547.7013810401706,1530.0316211023028,1562.7088164923375,2,1,terminal,0.8061648603223868,335,4,1.8,-0.0001237394734537895,15.159009767713343,14.973049824198643,0.10039999688160606,0.22389999867300503,7.69880000007106,0.6184000012581237,8.551599999918835,0,True,on_screen,0.6365258267662824,-7.925548033647658,-0.9050900588371462,False,False,1,1.0
1789821612600,113,1152,1306.51431057866,1357.273261318362,1373.5695037357527,1418.9039278705545,2,1,terminal,0.8147985563059118,415,4,1.8,-4.909055719518225e-05,14.911373386443934,14.970632492303219,0.13479999688570388,0.23599999985890463,8.000800000445452,0.6661000006715767,8.913800000300398,0,True,on_screen,0.6365258267662824,-7.784951183966257,-1.010698665704464,False,False,1,1.0
1789821612663,114,1153,1456.41934686997,1178.4714781088423,1431.564393929705,1250.601213037356,2,1,terminal,0.5591443939548528,479,4,1.8,8.48667304562678e-05,14.987386075763103,14.971305998817787,0.08069999967119657,0.21399999968707561,7.623900000908179,0.5884999991394579,8.43670000176644,0,True,on_screen,0.6365258267662824,-7.288796102948282,-1.132228132365055,False,False,1,1.0
1789821612728,115,1154,1443.029492355512,1193.5065694816642,1437.4614941598393,1221.2344493911025,2,1,terminal,0.5074947600100606,543,4,1.8,0.00010447194186299913,15.042279627114002,14.97182690742958,0.09649999992689118,0.23099999816622585,7.385099997918587,0.5564999992202502,8.183500001905486,0,True,on_screen,0.6365258267662824,-7.217612218285126,-0.831139352245207,False,False,1,1.0
1789821612792,116,1155,1635.0153912245669,1317.8400013141406,1575.7492221051484,1288.8583357372293,2,1,terminal,0.5565406191064235,608,4,1.8,7.803600476088621e-05,15.084559803695084,14.972245443066145,0.12689999857684597,0.21040000137872994,7.3607999984233174,0.5768000009993557,8.157300002494594,0,True,on_screen,0.6365258267662824,-6.933529338104165,-0.5631335545838309,False,False,1,1.0
1789821612856,117,1156,1597.299222580279,1297.6155392417247,1580.405160586352,1290.7503542933941,2,1,terminal,0.5548183353190517,671,4,1.8,5.268683752647149e-05,15.161427530569501,14.972930476553502,0.09479999789618887,0.2286000017193146,7.454899998265319,0.6414000017684884,8.336700000654673,0,True,on_screen,0.6365258267662824,-6.742477546906997,-0.5143208210586351,False,False,1,1.0
1789821612920,118,1157,1540.6616156009275,1348.7867463619775,1555.859177098831,1326.59417048828,2,1,terminal,0.6315631315262169,736,4,1.8,4.0299144539878914e-05,15.192742999950461,14.973366057182634,0.09080000018002465,0.21969999943394214,7.466899998689769,0.5570000030274969,8.253699998022057,0,True,on_screen,0.6365258267662824,-6.816442258953828,-0.8071049916942217,False,False,1,1.0
1789821612999,119,1158,1522.2636247817923,1384.3837230155307,1536.1117750162891,1360.5627601145625,2,1,terminal,0.7008114534220861,815,4,1.8,2.764952283381729e-05,14.931134171006857,14.970931531773426,0.10370000018156134,0.22339999850373715,7.298500000615604,0.5720000008295756,8.10289999935776,0,True,on_screen,0.6365258267662824,-6.900894752988648,-0.3955820715553905,False,False,1,1.0
1789821613063,120,1159,1404.070698968738,1421.7085672583978,1443.6830217830034,1403.3648251152472,2,1,terminal,0.829154251164037,878,4,1.6,8.731913263766711e-05,14.996906088519388,14.971356075594354,0.11020000238204375,0.21320000087143853,7.780899999488611,0.5521000020962674,8.555099997465732,0,True,on_screen,0.6365258267662824,-6.700953770283746,-0.3070460180806306,False,False,1,1.0
1789821613127,121,1160,1209.2204320895091,1500.0983219183133,1279.5592089975573,1471.0782728773936,2,1,terminal,0.7119866916544354,943,4,1.6,9.683643653856169e-05,15.063749304297183,14.972036147275892,0.12179999976069666,0.2420999990135897,7.1759000020392705,0.5663000010827091,7.994999999937136,0,True,on_screen,0.6365258267662824,-6.6430848360982395,-0.5940950482898183,False,False,1,1.0
1789821613191,122,1161,1524.0922347586672,1486.5012417621422,1450.732327030334,1481.8743510967176,2,1,terminal,0.9627857540881694,1006,4,1.6,-6.621472830075498e-06,15.123346427567721,14.972230535901366,0.10029999975813553,0.28029999884893186,8.91580000097747,0.7132999999157619,9.921400000166614,0,True,on_screen,0.6365258267662824,-6.5739619762808275,-0.5939395473918256,False,False,1,1.0
1789821613257,123,1162,1449.837803919492,1464.5835454559224,1450.584440276999,1479.0157540657679,2,1,terminal,0.9584789453178824,1072,4,1.6,-3.950268794765399e-05,15.140080138719785,14.971878862373478,0.16060000052675605,0.29690000155824237,11.929299998882925,0.8944999972300138,13.135699999111239,0,True,on_screen,0.6365258267662824,-6.96140830459214,-0.7300470381324314,False,False,1,1.0
1789821613320,124,1163,1438.3253477309909,1562.6089568757504,1442.0030754947934,1537.5309960327556,2,1,terminal,0.9336010061236466,1135,4,1.6,2.8816463104753415e-06,15.204676354557465,14.97280700074195,0.14210000153980218,0.28789999851142056,10.747899999842048,0.7139000008464791,11.765100000047823,0,True,on_screen,0.6365258267662824,-7.0313200681196975,-0.7634011936407299,False,False,1,1.0
1789821613400,125,1164,1463.2401941200835,1572.2875843979446,1449.7559141103343,1550.2192625144999,2,1,terminal,0.909620853629194,1216,4,1.6,3.926283167658695e-05,14.9361774399053,14.970236257298106,0.14210000153980218,0.2730000014707912,10.646599999745376,1.0951999975077342,12.028799999825424,0,True,on_screen,0.6365258267662824,-6.766771370707687,-0.728880652988052,False,False,1,1.0
1789821613464,126,1165,1584.2757495658707,1562.1959734993213,1543.9197989292097,1558.602960203875,2,1,terminal,0.7892286359658172,1279,4,1.6,0.00014224168386718639,14.994920837256146,14.970543399820462,0.1754000004439149,0.3940999995393213,11.694500000885455,0.7109999969543424,12.813199999072822,0,True,on_screen,0.6365258267662824,-7.745154985977422,-0.35949182704994287,False,False,1,1.0
1789821613528,127,1166,1598.3825638465914,1568.742097602687,1570.615472487073,1563.5727979006501,2,1,terminal,0.7433657890191765,1344,4,1.6,0.00013958143325915745,15.069733579865439,14.97154408307301,0.2009999989240896,0.28359999851090834,9.82550000117044,0.7611000000906643,10.884800001804251,0,True,on_screen,0.6365258267662824,-7.62011574360281,-0.07754977372521529,False,False,1,1.0
1789821613592,128,1167,1714.3908278989393,1572.2950129080173,1671.2582212753794,1569.678348405807,2,1,terminal,0.5733026215699317,1407,4,1.6,0.00010222029842368516,15.12306360725424,14.972028056343747,0.1602000011189375,0.30340000012074597,9.978300000511808,0.7708999983151443,11.068600000726292,0,True,on_screen,0.6365258267662824,-7.364244506105393,0.13627903236135672,False,False,1,1.0
1789821613656,129,1168,1555.5573176763858,1424.2625116330819,1590.2675887560838,1467.8872626648995,2,1,terminal,0.7285335051372163,1471,4,1.4,0.00011217999714688287,15.165875295587918,14.972424537108793,0.11309999899822287,0.2629999980854336,10.453400002006674,0.7580000019515865,11.490500000945758,0,True,on_screen,0.6365258267662824,-7.056225648219851,0.02034518630097904,False,False,1,1.0
1789821613736,130,1169,1592.034380557997,1278.8769544437466,1591.5043430174233,1335.5800469100925,2,1,terminal,0.6050115485212424,1552,4,1.4,-9.797219616895086e-05,14.910523802525734,14.970125347651356,0.12280000009923242,0.25889999960782006,10.008000001107575,0.7048999977996573,10.984099997585872,0,True,on_screen,0.6365258267662824,-6.534526619825186,-0.056914993000801925,False,False,1,1.0
1789821613800,131,1170,1553.3138131895082,964.8973430024597,1564.7709721378828,1076.1021541747496,1,1,main_file,0.6187126568370764,0,2,1.6,0.00010302513903411199,14.968379751678732,14.965502578715567,0.2066000015474856,0.3618000009737443,36.174999997456325,0.8128000008582603,37.36369999751332,0,True,on_screen,0.6365258267662824,-6.6975893195455285,-0.12231404035045017,False,False,1,1.0
1789821613864,132,1171,1511.5107193613371,814.8938653117433,1527.4887951943008,893.2563519706451,1,1,main_file,0.8449782940443584,64,2,1.6,0.00010157468040429898,15.039751038363532,14.970596731655109,0.12250000145286322,0.3957999979320448,12.509299998782808,0.8713999995961785,13.791599998512538,0,True,on_screen,0.6365258267662824,-6.709359501631496,-0.4014717816193863,False,False,1,1.0
1789821613928,133,1172,1376.5175470174845,994.1234166202962,1421.8089214705294,963.8632972254009,1,1,main_file,0.8826872348615212,128,2,1.6,0.00019137136824565193,15.096115838969416,14.971558841363764,0.18810000256053172,0.28139999994891696,10.29019999987213,0.8837999994284473,11.469900000520283,0,True,on_screen,0.6365258267662824,-6.664809495710614,-0.3942978974884406,False,False,1,1.0
1789821613992,134,1173,1322.4837858368044,938.1593674927894,1352.281326526922,945.8705464125728,1,1,main_file,0.8251211164253924,192,2,1.6,0.0001631814008220961,15.13924383117681,14.971877204941647,0.42269999903510325,0.28979999842704274,11.057400002755458,0.8338000006915536,12.195200000860495,0,True,on_screen,0.6365258267662824,-6.276465510204929,-0.41438157324970576,False,False,1,1.0
1789821614056,135,1174,1369.3382219285013,866.5042402190403,1364.2211533080274,890.3141320771001,1,1,main_file,0.8650351499569414,256,2,1.4,0.00014902024471213568,15.196063399469601,14.972587475205886,0.167199999850709,0.2961000027426053,10.448799999721814,0.842700002976926,11.603199996898184,0,True,on_screen,0.6365258267662824,-6.55662214414059,-0.6848899471310079,False,False,1,1.0
1789821614137,136,1175,1340.0004562437236,949.1169800738519,1350.6555952255148,923.248504188658,1,1,main_file,0.8369022985731328,337,2,1.4,0.00016856469162698437,14.914621752758922,14.969530272791499,0.19550000070012175,0.41679999776533805,12.3079000004509,0.9124999996856786,13.654799997311784,0,True,on_screen,0.6365258267662824,-6.468018262520928,-0.9610645742373549,False,False,1,1.0
1789821614200,137,1176,1376.6544119098078,920.7455831752548,1356.9064105192942,922.646734610462,1,1,main_file,0.8478471266029667,400,2,1.4,0.00024807435777789676,15.012782518924368,14.970283338351718,0.13000000035390258,0.29290000020409934,12.402000000292901,0.8851999991748016,13.596999997389503,0,True,on_screen,0.6365258267662824,-6.594366631800426,-1.2852170028120644,False,False,1,1.0
1789821614264,138,1177,1341.0659302360073,983.8349110033683,1348.087201824242,956.7133340839687,1,1,main_file,0.8091973984853752,463,2,1.4,0.0001827070428315966,15.065375426298669,14.970908491189599,0.22479999825009145,0.3415000028326176,11.565400000108639,0.8336999999301042,12.757100001181243,0,True,on_screen,0.6365258267662824,-6.629767797505167,-0.3024915168726611,False,False,1,1.0
1789821614327,139,1178,1502.3610372688972,856.5833001623023,1456.0788866355006,886.6223103388022,1,1,main_file,0.9630478775826012,526,2,1.4,9.096515457445928e-05,15.129626246661928,14.971754463420087,0.1142999972216785,0.2739000010478776,10.345099999540253,0.8103999971353915,11.445300002378644,0,True,on_screen,0.6365258267662824,-6.587400509592328,-0.23998168818554455,False,False,1,1.0
1789821614392,140,1179,1359.5557398713552,942.1773207427873,1388.5126839005989,925.5108176215917,1,1,main_file,0.8984860923096627,592,2,1.4,0.00024247623880863968,15.168627243966963,14.972295804826649,0.1221999991685152,0.3209000024071429,9.856199998466764,0.7641000011062715,10.955500001728069,0,True,on_screen,0.6365258267662824,-6.87449930472971,-0.32384084230929083,False,False,1,1.0
1789821614471,141,1180,1468.2411881467085,1114.4963133920276,1444.3226368728756,1057.8006646608967,1,1,main_file,0.7211148075779289,671,2,1.4,5.5973862842829264e-05,14.908101167542368,14.96943887565852,0.10919999840552919,0.2625999986776151,12.17739999992773,0.7370999992417637,13.190300000132993,0,True,on_screen,0.6365258267662824,-6.3615595337169,0.10646602399016217,False,False,1,1.0
1789821614535,142,1181,1363.2014573716738,1104.1935699735054,1387.5378112220344,1090.2756983797228,1,1,main_file,0.6513038256748857,735,2,1.4,7.308534051287015e-05,14.986135063774464,14.970371486244307,0.12939999942318536,0.38639999911538325,10.134299998753704,0.8022999973036349,11.337200001435122,0,True,on_screen,0.6365258267662824,-5.871382965768618,0.5910392705747608,False,False,1,1.0
1789821614600,143,1182,1518.6310244502686,1065.805659184117,1479.3030604817984,1073.146670942799,1,1,main_file,0.6863264844616017,799,2,1.4,0.00013653739246064812,15.031112567476177,14.970514773233441,0.15150000035646372,0.32280000232276507,11.491199998999946,0.7680999988224357,12.59589999972377,0,True,on_screen,0.6365258267662824,-6.344100570512467,0.5522164260648854,False,False,1,1.0
1789821614665,144,1183,1729.231347798629,848.3648308731163,1654.2528616035797,915.799382894021,1,1,main_file,0.6204596165915796,865,2,1.4,8.238593437317684e-05,15.087027605261287,14.96923980024057,0.29089999952702783,0.473300002340693,20.297999999456806,1.1892000002262648,21.982400001434144,0,True,on_screen,0.6365258267662824,-5.981997790099484,0.3910872279732216,False,False,1,1.0
1789821614731,145,1184,1759.4693205141523,811.9725380698795,1727.9043828409806,843.120591517122,1,1,main_file,0.4815386950356435,930,2,1.4,7.07256240944313e-05,15.094452654331155,14.969124026091588,0.35120000029564835,0.4813999985344708,21.456700000271667,1.4784000013605691,23.440500001015607,0,True,on_screen,0.6365258267662824,-5.983823487638233,0.22477493891648018,False,False,1,1.0
1789821614795,146,1185,1771.6252531342318,816.7287314439037,1747.7202445682449,831.1588568483378,1,1,main_file,0.4429241565621672,995,2,1.4,8.056887369274623e-05,15.14980323780351,14.970152661220546,0.29770000037387945,0.47790000098757446,18.83779999843682,1.5607000023010187,20.89909999995143,0,True,on_screen,0.6365258267662824,-5.944556210053861,0.14885399840778651,False,False,1,1.0
1789821614874,147,1186,1698.2155862129725,837.226615354958,1725.7870767226168,833.8471930614139,1,1,main_file,0.4817607384294531,1074,2,1.4,0.00011882901970356428,14.892015627808991,14.968247040987332,0.5595000002358574,0.40829999852576293,16.3873000019521,1.4220000011846423,18.243799997435417,0,True,on_screen,0.6365258267662824,-5.963144862528395,0.037101243975776306,False,False,1,1.0
1789821614937,148,1187,1594.3334589449448,855.1999059691574,1633.7695442782465,848.7940920968343,1,1,main_file,0.6459231495512885,1137,2,1.4,0.00018147996045913758,14.986395492848942,14.968980432565163,0.20279999807826243,0.4119000004720874,16.47370000137016,1.1096999987785239,18.01740000155405,0,True,on_screen,0.6365258267662824,-6.470626375521874,-0.4056732048650991,False,False,1,1.0
1789821615001,149,1188,1617.5253120246707,875.7094331120146,1629.127110630948,856.4862183116567,1,1,main_file,0.657146652136555,1200,2,1.4,0.00016479574978704378,15.05905275047414,14.97006344551068,0.2077999997709412,0.3772999989450909,14.041300000826595,0.9997000015573576,15.437999998539453,0,True,on_screen,0.6365258267662824,-6.463536932581746,0.03316779506808392,False,False,1,1.0
1789821615065,150,1189,1759.2658846252393,1283.265580412215,1720.2242524269518,1155.2317717820474,1,1,main_file,0.3303696750575402,1265,2,1.4,0.0002089605146637502,15.09777803075278,14.970650128559667,0.23519999740528874,0.33290000283159316,13.173399998777313,0.8616000013716985,14.385100002982654,0,True,on_screen,0.6365258267662824,-7.048181826304329,-0.05776926421616722,False,False,1,1.0
1789821615128,151,1190,1895.894037492966,1274.484591790949,1843.1931019731617,1238.7087457882785,2,1,terminal,0.15119641186516497,0,5,1.6,0.00020574384035547053,15.181024057640709,14.971685159008775,0.1781999999366235,0.33319999783998355,11.687800000800053,0.8770999993430451,12.913499998830957,0,True,on_screen,0.6365258267662824,-7.145685547628091,0.5893888397231446,False,False,1,1.0
1789821615192,152,1191,1980.2110155256482,1301.3608502031457,1939.1056414599025,1282.5652188786855,2,2,terminal,0.09969228839327782,63,5,1.6,0.00019080426257341715,15.233793910147556,14.972363901341254,0.1520000005257316,0.29490000088117085,11.395900000934489,0.7361999996646773,12.441200000466779,0,True,on_screen,0.6365258267662824,-7.440708870671699,0.8285953550791246,False,False,1,1.0
1789821615273,153,1192,1888.4493761477293,1294.7927639457257,1915.696147231906,1288.215865326967,2,2,terminal,0.06616729934489218,144,5,1.6,0.0002465110073643084,14.950704598156285,14.96983997330229,0.2697000018088147,0.460300001577707,10.831400002643932,0.7210000003396999,12.02729999931762,0,True,on_screen,0.6365258267662824,-7.64057477034325,0.30897740286694636,False,False,1,1.0
1789821615336,154,1193,2034.442384485403,1301.0512240035187,1998.8185133093539,1297.2006164005531,2,2,terminal,0.20583790642416,207,5,1.6,0.00017582584171912247,15.024635688558472,14.969906278486595,0.11889999950653873,0.278199997410411,13.099600000714418,1.3479000008373987,14.741300001333002,0,True,on_screen,0.6365258267662824,-7.147507150718013,-0.03813171253360579,False,False,1,1.0
1789821615401,155,1194,1859.2127679083862,1306.1580868274195,1901.0944915286766,1303.4708456993596,2,2,terminal,0.05268232202715728,273,5,1.4,0.00016155536015787127,15.066757344486764,14.969645939852212,0.27150000096298754,0.45110000064596534,16.376699997636024,1.3369000007514842,18.186699999205302,0,True,on_screen,0.6365258267662824,-7.057832471816852,0.05439287002644406,False,False,1,1.0
1789821615464,156,1195,1784.7485477364944,1243.5349627481041,1819.6523308741491,1261.5157276334808,2,1,terminal,0.20793053711584675,335,5,1.4,8.931570397398281e-05,15.134862439921525,14.970668264072206,0.1627000019652769,0.3522000006341841,14.644099999713944,1.0227000020677224,16.03590000013355,0,True,on_screen,0.6365258267662824,-7.25686469976344,-0.335671463846441,False,False,1,1.0
1789821615530,157,1196,1551.2661761272725,1473.4974218599534,1631.7820225513356,1409.9029135920118,2,1,terminal,0.6256598433079023,401,5,1.2,0.00019413146118607734,15.137970773779344,14.97101670624138,0.17579999985173345,0.35969999953522347,13.769799999863608,0.8904999995138496,15.036499997222563,0,True,on_screen,0.6365258267662824,-7.949133394519322,-0.3837081632449194,False,False,1,1.0
1789821615607,158,1197,1654.9676366186125,1365.8926746764473,1642.0285529310204,1390.4532561985518,2,1,terminal,0.5939901183956614,479,5,1.2,0.00019686775261500145,14.915887995028601,14.969627432573173,0.11800000356743112,0.27939999927184545,10.644499998306856,0.8993000010377727,11.835799999971641,0,True,on_screen,0.6365258267662824,-7.775687230178704,-0.1979219387187863,False,False,1,1.0
1789821615671,159,1198,1636.977020927208,1389.817814031003,1641.4223690905628,1390.377003138446,2,1,terminal,0.5948668464946698,542,5,1.2,0.00020027173470220372,14.984656142819647,14.970167012568963,0.14480000027106144,0.2767000005405862,10.467500000231666,0.9079000010387972,11.665499998343876,0,True,on_screen,0.6365258267662824,-8.244089645284276,-0.34984569564650486,False,False,1,1.0
1789821615736,160,1199,1659.4997956915945,1426.57621703332,1647.9802165076167,1403.5087904541438,2,1,terminal,0.5949510133578535,608,5,1.2,0.0001814979968056199,15.052189557593572,14.970701749833875,0.11530000119819306,0.2550000026531052,10.642599998391233,0.8362999978999142,11.747000000468688,0,True,on_screen,0.6365258267662824,-8.298357546407914,-0.5236645357105107,False,False,1,1.0
1789821615801,161,1200,1499.6965046887576,1395.0151176301515,1544.1816182344155,1397.563219477349,2,1,terminal,0.7418790677347277,673,5,1.2,0.00018746303423054778,15.08449070491441,14.971244636855944,0.14120000196271576,0.32780000037746504,9.560800001054304,0.6952000003366265,10.598400000162655,0,True,on_screen,0.6365258267662824,-7.7811749270827875,-0.153525460658617,False,False,1,1.0
1789821615863,162,1201,1723.1490309053106,1454.5113523694172,1669.458807104042,1437.4269125017968,2,1,terminal,0.5798210377836304,734,5,1.2,0.00011582619964014412,15.171317066755996,14.972020783718268,0.10479999764356762,0.2548000011302065,9.669700000813464,0.6127999986347277,10.54890000159503,0,True,on_screen,0.6365258267662824,-7.709949783627565,-0.10332016808606478,False,False,1,1.0
1789821615927,163,1202,1910.0858567602972,1470.9016219891923,1837.8977418634208,1460.8592091429737,2,1,terminal,0.2936558786570884,799,5,1.2,0.00018952756845582938,15.217442562725791,14.97267732403648,0.12630000128410757,0.24879999909899198,8.918999999877997,0.6705000014335383,9.850499998719897,0,True,on_screen,0.6365258267662824,-7.925755305577013,-0.05436572956427695,False,False,1,1.0
1789821616008,164,1203,1987.3984074162445,1417.8094232192852,1942.5482077503975,1430.7243589963919,2,2,terminal,0.18262230626085152,879,5,1.2,0.00014335749673582802,14.929500032058456,14.969938273382287,0.32920000012381934,0.36249999902793206,9.230899999238318,0.6848000011814293,10.289599998941412,0,True,on_screen,0.6365258267662824,-8.042498474516066,0.13458700539513208,False,False,1,1.0
1789821616071,165,1204,1919.7158580998153,1372.9780066257258,1930.0522352516155,1399.1202165330947,2,2,terminal,0.15084746604709387,943,5,1.2,0.0001263697427739876,15.026463617058592,14.970849176544066,0.11970000196015462,0.2486000012140721,8.425199997873278,0.6136000010883436,9.299900000769412,0,True,on_screen,0.6365258267662824,-7.792271971452976,-0.12882833694533824,False,False,1,1.0
1789821616135,166,1205,1843.2102127295773,1378.9699129120438,1869.2628194861886,1385.0150039983591,2,1,terminal,0.2149013486713074,1006,5,1.2,0.00014258404204416097,15.082692869547008,14.971190205658337,0.1250000022992026,0.29709999944316223,9.180799999739975,0.6237000015971716,10.114199998497497,0,True,on_screen,0.6365258267662824,-7.62968630104271,-0.3927828637017578,False,False,1,1.0
1789821616200,167,1206,1873.8204793440661,1373.941129090802,1869.8097386691338,1383.6861390094523,2,1,terminal,0.21335800022533713,1072,5,1.2,7.919537652298879e-05,15.137412016502527,14.971719817879789,0.16079999841167592,0.28250000104890205,9.067400002095383,0.7163000009313691,10.079399999085581,0,True,on_screen,0.6365258267662824,-7.151292118381207,-0.32124158812450315,False,False,1,1.0
1789821616265,168,1207,1738.1886143709728,1349.3972479006143,1777.6749516604211,1359.6839152332657,2,1,terminal,0.35398809011547616,1137,5,1.2,3.8403462448072245e-05,15.15878108952932,14.972010440495133,0.15179999900283292,0.25319999986095354,9.235699999408098,0.6646000001637731,10.165300001972355,0,True,on_screen,0.6365258267662824,-7.805952679017139,-0.936839329256062,False,False,1,1.0
1789821616327,169,1208,1846.1841015185632,1361.4716806676386,1818.930389732476,1360.7604874330063,2,1,terminal,0.28679329652541363,1198,5,1.2,3.86831581996247e-05,15.230870001652406,14.972683955619411,0.12710000009974465,0.2795000000332948,9.34399999823654,0.7177000006777234,10.353699999541277,0,True,on_screen,0.6365258267662824,-7.974052343603859,-0.561341601611472,False,False,1,1.0
1789821616408,170,1209,2092.456379531368,1278.2689020241085,2010.3985825917005,1303.0163776467778,2,2,terminal,0.2287310180922374,1279,5,1.0,-4.913311737803072e-05,14.952877329821566,14.970260518788747,0.30930000139051117,0.2822999995260034,8.909199998015538,0.6943999978830107,9.898200001771329,0,True,on_screen,0.6365258267662824,-7.863844474762715,-0.514927505658043,False,False,1,1.0
1789821616472,171,1210,2032.3346845916674,1337.2743474975277,2018.3968604819925,1315.5074192559002,2,2,terminal,0.2511797284228341,1343,5,1.0,-6.632645827296321e-05,15.006054216765973,14.970584650832448,0.13469999976223335,0.25859999732347205,9.40430000264314,0.693199999659555,10.367200000473531,0,True,on_screen,0.6365258267662824,-7.762127931998407,-0.7435184306060111,False,False,1,1.0
1789821616536,172,1211,2129.5867700566896,1353.1941428754849,2096.2297971842804,1341.8881257896096,2,2,terminal,0.3949966702740545,1407,5,1.0,-5.755933920817413e-05,15.09000130950922,14.970972316945069,0.11420000009820797,0.26509999952395447,10.888799999520415,0.7947999984025955,11.961199998040684,0,True,on_screen,0.6365258267662824,-7.555356801939865,0.15145043200913477,False,False,1,1.0
1789821616600,173,1212,1931.800046493881,1304.8617213865834,1981.1289717010009,1315.9696427074914,2,2,terminal,0.19172485488119784,1471,5,1.0,-5.5181041414470444e-05,15.139473501668153,14.97156373817884,0.12449999849195592,0.3003000019816682,10.286699998687254,0.7909000014478806,11.393600001611048,0,True,on_screen,0.6365258267662824,-7.207732583046663,0.09324721901274804,False,False,1,1.0
1789821616665,174,1213,1875.075896379912,1143.6230431460338,1906.8918189762387,1195.327023014471,2,2,terminal,0.0,1536,5,1.0,-3.074483456234206e-05,15.160608147892777,14.971780126105656,0.16959999993559904,0.29770000037387945,10.794099998747697,0.7669999977224506,11.872899998706998,0,True,on_screen,0.6365258267662824,-7.31495026262067,-0.8566277837627085,False,False,1,1.0
1789821616743,175,1214,1537.921819822566,1100.3357169675664,1648.6128195686679,1128.8331087816377,1,1,main_file,0.45295054234269305,0,3,1.2,-1.8445602480713502e-05,14.916358901512872,14.96960498774819,0.16340000001946464,0.26870000147027895,10.79119999849354,0.7463000001735054,11.819300001661759,0,True,on_screen,0.6365258267662824,-7.269930038843171,-0.7968123175078916,False,False,1,1.0
1789821616808,176,1215,1453.6124238767295,1078.2094500310877,1512.112542584311,1093.3965476562528,1,1,main_file,0.6353543806299694,65,3,1.2,7.98437890884799e-05,14.987545343471522,14.970406463538762,0.1311999985773582,0.31289999969885685,9.265599997888785,0.69689999872935,10.289500001817942,0,True,on_screen,0.6365258267662824,-7.361295223717946,-0.6059527919242237,False,False,1,1.0
1789821616872,177,1216,1472.5485305434124,1063.8182764028495,1494.7445384210284,1080.412132988176,1,1,main_file,0.6669219038225913,128,3,1.0,7.789386121326292e-05,15.04776849389658,14.970972380292242,0.1357000001007691,0.27970000155619346,8.90599999911501,0.6732000001647975,9.872499998891726,0,True,on_screen,0.6365258267662824,-6.645001076675044,-0.22542099008791816,False,False,1,1.0
1789821616936,178,1217,1486.8666590203354,1066.1158292257844,1493.508704425341,1078.1694154618472,1,1,main_file,0.6713459424244921,193,3,1.0,6.784392694199337e-07,15.079920982620468,14.971333930525006,0.0957000011112541,0.40050000097835436,8.56240000211983,0.6640999999945052,9.640399999625515,0,True,on_screen,0.6365258267662824,-7.1728756052278015,-1.0441451802640653,False,False,1,1.0
1789821617000,179,1218,1225.2078232232418,1100.9884607700228,1305.6980875838717,1094.14274717757,1,1,main_file,0.5829462099487164,256,3,1.0,2.39198968660162e-05,15.160930451163933,14.972058211976977,0.16279999908874743,0.26140000045415945,8.557099998142803,0.7361999996646773,9.56650000080117,0,True,on_screen,0.6365258267662824,-7.196758425353721,-0.614459406969448,False,False,1,1.0
1789821617066,180,1219,1209.3978939048966,909.591172734048,1238.2879520085892,964.9566450671045,1,1,main_file,0.6256211301202599,322,3,1.0,6.117334756736148e-06,15.157930197921758,14.972141419979344,0.1067000011971686,0.240100001974497,8.937099999457132,0.6267999997362494,9.815299999900162,0,True,on_screen,0.6365258267662824,-6.625712211996245,-0.1281584727994086,False,False,1,1.0
1789821617144,181,1220,1601.2667708008175,1023.6211567753425,1492.3731251631489,1006.0218032628711,1,1,main_file,0.7910883158354228,401,3,0.8,5.130367974664346e-05,14.922133901372625,14.970279724535988,0.10470000052009709,0.23330000112764537,7.773299999826122,0.5966999997326639,8.614400001533795,0,True,on_screen,0.6365258267662824,-6.620214097374401,0.44661139010686685,False,False,1,1.0
1789821617207,182,1221,1757.5823868589648,1337.7067705978288,1678.0196083502199,1238.2012803973414,2,1,terminal,0.37491098375538423,0,6,0.8,3.7707288015619705e-05,15.007177724008878,14.97067762892708,0.09940000018104911,0.2530000019760337,8.873700000549434,0.7063000011839904,9.844199998042313,0,True,on_screen,0.6365258267662824,-6.797661319662524,-0.05487436894532005,False,False,1,1.0
1789821617271,183,1222,1906.3828691838564,1425.4748563352098,1837.8738909337656,1369.2927835538492,2,1,terminal,0.260132933799052,63,6,0.8,1.0416341773046567e-05,15.057087955933877,14.971160173285394,0.09870000212686136,0.24610000036773272,8.639799998491071,0.6226000004971866,9.52049999978044,0,True,on_screen,0.6365258267662824,-6.8601268780253974,0.30949257616108333,False,False,1,1.0
1789821617335,184,1223,1581.2807760377939,1861.77820023813,1658.2587105065854,1714.0325752328458,2,1,terminal,0.45994749881612407,128,6,0.8,-6.735133713835738e-05,15.12216999073236,14.971615714072012,0.12679999781539664,0.28419999944162555,9.25200000347104,0.6204999990586657,10.167899999942165,0,True,on_screen,0.6365258267662824,-7.323790240014517,0.22412851300934233,False,False,1,1.0
1789821617400,185,1224,1564.0644205407427,1787.6988046206993,1592.3227075304956,1765.5989358043432,2,1,terminal,0.45908651635893916,193,6,0.8,-0.00012321892703040863,15.14629673933934,14.971709651927474,0.29939999876660295,0.31630000012228265,10.369499999796972,0.6567999989783857,11.358600000676233,0,True,on_screen,0.6365258267662824,-7.496252914032169,0.7379513988862388,False,False,1,1.0
1789821617464,186,1225,1591.1190851129493,1739.7296983262986,1592.0356012926954,1759.4282137084394,2,1,terminal,0.4687722329587778,256,6,0.8,-4.929175029465792e-05,15.217561486021767,14.971979963941317,0.09500000305706635,0.2537000000302214,12.62019999921904,0.7320000004256144,13.618299999507144,0,True,on_screen,0.6365258267662824,-7.279533826809455,0.5459305716355095,False,False,1,1.0
1789821617546,187,1226,1729.1412912494307,1715.3628406766975,1688.00958426241,1728.5824525862201,2,1,terminal,0.4041375193312282,338,6,0.8,8.883373123234894e-06,14.910308447790843,14.969556287613937,1.4871999992465135,0.30049999986658804,10.298999997758074,0.7108999998308718,11.329100001603365,0,True,on_screen,0.6365258267662824,-7.295326838958175,0.5121619536587374,False,False,1,1.0
1789821617608,188,1227,1784.7146231777642,1737.5726750392703,1755.703111503158,1734.8756083033554,2,1,terminal,0.30483431862697496,401,6,0.8,5.8867777741691135e-05,15.022437752285363,14.969908909239004,0.16200000027311035,0.33289999919361435,11.374800000339746,2.1007000032113865,13.824400000885362,0,True,on_screen,0.6365258267662824,-7.975179099613257,0.03829726410858936,False,False,1,1.0
1789821617672,189,1228,1772.556563097925,1686.3349181344922,1763.386867671068,1712.7451369644505,2,1,terminal,0.316140333596335,464,6,0.8,4.747126429897018e-05,15.091372282254746,14.970867003687706,0.11199999789823778,0.2668000015546568,10.764800001197727,0.6848999983048998,11.728400000720285,0,True,on_screen,0.6365258267662824,-7.5386768519329905,-0.15088676231434475,False,False,1,1.0
1789821617736,190,1229,2011.9932773554265,1471.1105186857758,1937.411354450119,1543.6009041693783,2,2,terminal,0.17913961082620955,529,6,0.8,7.43029698313212e-05,15.155017116777957,14.971876991935861,0.10619999738992192,0.2224000018031802,8.305600000312552,0.8652999968035147,9.405300002981676,0,True,on_screen,0.6365258267662824,-7.75563880143099,-0.06675976074055738,False,False,1,1.0
1789821617801,191,1230,1897.779047385599,1764.1501651691638,1909.6687395049548,1697.985386869228,2,2,terminal,0.06579936225570193,594,6,0.8,-3.3323851465630674e-05,15.172143525108371,14.972086644195644,0.3543999991961755,0.2659999991010409,8.886499999789521,0.6343999993987381,9.799100000236649,0,True,on_screen,0.6365258267662824,-7.963384851836395,-0.1689255608200908,False,False,1,1.0
1789821617881,192,1231,1309.3950395664465,1718.7440334879734,1489.477149547999,1712.5164395023498,2,1,terminal,0.6145141634651015,674,6,0.8,-8.675329616837993e-05,14.901647187407807,14.967206546492307,0.19700000120792538,0.4209000035189092,21.38619999823277,1.360700000077486,23.18839999861666,0,True,on_screen,0.6365258267662824,-7.71432079763207,-0.1376084323903107,False,False,1,1.0
1789821617946,193,1232,1333.0607995433686,1744.0988016533736,1379.9857045447577,1734.6240930080667,2,1,terminal,0.572153066654171,739,6,0.8,-8.511941747391984e-05,14.964125610720544,14.968077961623177,0.1937000015459489,0.2822999995260034,19.167800001014257,1.3369000007514842,20.80269999714801,0,True,on_screen,0.6365258267662824,-7.287680091371271,-0.4959231709797766,False,False,1,1.0
1789821618009,194,1233,1208.7312977572337,1777.9322697794826,1260.1076197934908,1764.9398167480576,2,1,terminal,0.4342418194710872,802,6,0.8,-3.475366727468884e-05,15.021197982402956,14.969994812587252,0.1517000018793624,0.262100002146326,11.489399999845773,0.9270000009564683,12.691399999312125,0,True,on_screen,0.6365258267662824,-7.2385338404974675,-0.1203271177183848,False,False,1,1.0
1789821618074,195,1234,1129.4546106890566,1856.5250599881078,1168.650513420387,1829.0494870160928,-1,-1,off_screen,0.0,0,4,1.0,3.699941185159039e-05,15.074982608115901,14.970283114548938,0.2342000007047318,0.30750000223633833,12.476799998694332,0.8343000008608215,13.633300000947202,0,True,gaze_outside_screen,0.6365258267662824,-7.631320493857459,-0.18313629629954364,False,False,1,1.0
1789821618135,196,1235,1332.888462646667,1943.0137788046684,1283.617077878783,1908.8244912680957,-1,-1,off_screen,0.0,61,4,1.0,-4.354813516296678e-05,15.13652282480212,14.969237604620083,0.2077999997709412,0.26989999969373457,20.88759999969625,1.2879999994765967,22.461399999883724,0,True,gaze_outside_screen,0.6365258267662824,-8.103072428657327,-0.21949409883040116,False,False,1,1.0
1789821618197,197,1236,1318.811845014851,1855.020332645464,1303.538248422548,1878.3699121614536,-1,-1,off_screen,0.0,123,4,1.0,6.694728420655188e-06,15.19927989172345,14.969263687170985,0.17149999985122122,0.39509999987785704,23.91219999844907,1.3625000028696377,25.68539999992936,0,True,gaze_outside_screen,0.6365258267662824,-8.100423846730905,-0.6364706324852554,False,False,1,1.0
1789821618274,198,1237,1405.0105902018925,1790.982727033783,1374.568887668089,1817.1988825720844,-1,-1,off_screen,0.0,200,4,1.0,1.7133508284266144e-05,14.95260468139432,14.968292087258433,0.1095000006898772,0.23399999918183312,17.036599998391466,2.028700000664685,19.31499999773223,0,True,gaze_outside_screen,0.6365258267662824,-7.885442470267492,-0.4357027984597062,False,False,1,1.0
1789821618345,199,1238,1322.0917821569244,1686.390538519562,1337.8349138102737,1725.6330417353188,2,1,terminal,0.5624236312100874,0,7,1.2,0.00011978306833462099,14.990769040978407,14.96826144593611,0.17909999951370992,0.3969999997934792,18.851199998607626,1.810900001146365,21.079000001918757,0,True,on_screen,0.6365258267662824,-8.902785647237323,-0.8451828169767983,False,False,1,1.0
1789821618408,200,1239,1287.8338871615533,1641.0942262526776,1302.8341951561695,1666.45587089747,2,1,terminal,0.6189490886382799,62,7,1.2,6.236252389514585e-05,15.074729574067314,14.968736091209875,0.12650000280700624,0.23549999968963675,21.297500003129244,0.5453999983728863,22.090599999501137,0,True,on_screen,0.6365258267662824,-8.235831657648873,-1.1802129614492292,False,False,1,1.0
1789821618472,201,1240,1224.9850452155456,1741.9217710094622,1248.3397901977328,1719.2820009758645,2,1,terminal,0.48548462867199293,126,7,1.2,4.205375555496604e-06,15.133569609899272,14.971028319537917,0.09950000094249845,0.23409999994328246,11.325999999826308,0.7994000006874558,12.369100000796607,0,True,on_screen,0.6365258267662824,-7.894948464395156,-0.7524992445370464,False,False,1,1.0
1789821618537,202,1241,1473.0533227451356,1585.54117869876,1405.6392629809147,1625.6634253818913,2,1,terminal,0.7698453762489815,191,7,1.2,-2.2507239533479592e-05,15.128895116507834,14.971156908093572,0.09299999874201603,0.2750000021478627,10.851899998669978,1.0314999999536667,12.17019999967306,0,True,on_screen,0.6365258267662824,-7.927211855483364,-0.0677509131925528,False,False,1,1.0
1789821618604,203,1242,1421.6652247527213,1609.508379536048,1409.0325820334065,1622.2427742132973,2,1,terminal,0.777216305907365,259,7,1.2,1.1851758566244763e-05,14.904255350115077,14.969577912574469,0.06829999983892776,0.17280000247410499,9.334099999250611,0.5740999986301176,10.090800002217293,0,True,on_screen,0.6365258267662824,-7.775581762642531,-0.17024822800398437,False,False,1,1.0
1789821618680,204,1243,1620.3457570214543,1553.200308621655,1556.9518045250402,1573.9130482991477,2,1,terminal,0.7555812565897203,335,7,1.2,-3.989359099617479e-06,14.95905229620384,14.9697650368562,0.10200000178883784,0.1864000005298294,9.952200001862366,0.9882999984256458,11.139899997942848,0,True,on_screen,0.6365258267662824,-8.031529010152866,0.17087253912201505,False,False,1,1.0
1789821618733,205,1244,1669.3493847991883,1591.5992520317232,1635.6301107169438,1586.2933909119506,2,1,terminal,0.6222574712560582,388,7,1.2,-5.232350434323033e-06,15.038168486907523,14.970281590262488,0.1258000011148397,0.29880000147386454,10.598000000754837,0.6599000007554423,11.58180000129505,0,True,on_screen,0.6365258267662824,-7.949315616694179,0.1298920721976489,False,False,1,1.0
1789821618809,206,1245,1223.3195694105511,1886.1385958047092,1347.0127318024688,1796.1850343368817,2,1,terminal,0.45155933619916755,463,7,1.0,8.583852417540228e-05,15.066791865368067,14.970837367958856,0.17220000154338777,0.31690000105299987,8.929799998441013,0.7769000003463589,10.038199998234631,0,True,on_screen,0.6365258267662824,-8.718371649627073,-0.35963659675611026,False,False,1,1.0
1789821618859,207,1246,1122.2674437715016,1862.6462959616915,1189.6910301807916,1842.7079174742485,-1,-1,off_screen,0.0,0,5,1.2,4.18397004595724e-05,15.16607142821045,14.971014661768239,0.07479999840143137,0.18370000179857016,12.786300001607742,0.6003000016789883,13.580900002125418,0,True,gaze_outside_screen,0.6365258267662824,-8.53776142599878,-0.4867670854782066,False,False,1,1.0
1789821618935,208,1247,1024.604670624371,1955.8500858821144,1074.1305784912972,1921.9074353597546,-1,-1,off_screen,0.0,75,5,1.2,1.1389275562108392e-05,15.200900605146945,14.971735752134789,0.19949999841628596,0.32749999809311703,11.00850000148057,0.5587999985436909,11.90860000133398,0,True,gaze_outside_screen,0.6365258267662824,-8.39192386204951,-0.13840447213864795,False,False,1,1.0
1789821619014,209,1248,1062.675548688333,1946.8259402411309,1071.2488466542466,1928.1761618566322,-1,-1,off_screen,0.0,154,5,1.2,9.334360660816915e-06,14.92401333338572,14.967148386536449,0.17549999756738544,0.3136000013910234,21.39529999840306,2.0860999975411687,23.813700001483085,0,True,gaze_outside_screen,0.6365258267662824,-8.115189989476562,-0.10160378888705637,False,False,1,1.0
1789821619078,210,1249,1245.0585334205566,1887.0906664478878,1192.9156273906635,1899.4163150705112,-1,-1,off_screen,0.0,219,5,1.2,1.4130876450392515e-05,14.998118830715308,14.96888538002566,0.14770000052521937,0.30329999935929663,15.849499999603722,0.9367000020574778,17.10589999856893,0,True,gaze_outside_screen,0.6365258267662824,-7.963031962576196,-0.6922325957809141,False,False,1,1.0
1789821619145,211,1250,859.7717656953583,1966.5550410067103,959.71492420395,1946.4134232258507,-1,-1,off_screen,0.0,286,5,1.2,5.944788248554364e-05,15.042429476866447,14.968399140836599,0.2176000016334001,0.4453000001376495,20.04540000052657,1.3471999991452321,21.862999998120358,0,True,gaze_outside_screen,0.6365258267662824,-7.366593010441221,-0.7310304628589591,False,False,1,1.0
1789821619210,212,1251,1030.9752647209884,1807.6146847131754,1009.5971625658769,1849.254306266978,-1,-1,off_screen,0.0,351,5,1.2,7.210057568649182e-05,15.095770405126125,14.969321452612247,0.15829999756533653,0.3555000002961606,18.21189999827766,0.7332999994105194,19.317700000101468,0,True,gaze_outside_screen,0.6365258267662824,-7.708664462571846,-0.4439005175334616,False,False,1,1.0
1789821619274,213,1252,1084.1171204343968,1738.781787006512,1061.761133073841,1771.923542784652,2,1,terminal,0.17701736537271429,0,8,1.4,8.068445505144371e-05,15.148029584174466,14.96883455766294,0.1903000011225231,0.4231000020809006,23.42320000025211,0.952599999436643,24.81469999838737,0,True,on_screen,0.6365258267662824,-7.847321962189142,-0.18639542996955477,False,False,1,1.0
1789821619336,214,1253,1043.9252357600212,1789.9141531100377,1057.5924186768232,1776.128417647688,2,1,terminal,0.16669951134752958,62,8,1.4,1.519143147698035e-05,15.221221385377161,14.970929209505114,0.21610000112559646,0.4465000019990839,15.577100002701627,0.8920000000216532,16.935699997702613,0,True,on_screen,0.6365258267662824,-7.949494685868274,-0.4958649956955245,False,False,1,1.0
1789821619411,215,1254,915.727210360016,1822.3221827699383,958.2867728550581,1808.4640532332633,-1,-1,off_screen,0.0,0,6,1.6,4.5885179890414046e-05,14.936372346426928,14.968419463890696,0.305800000205636,0.2854999984265305,15.763600000354927,0.8907000010367483,16.953800000919728,0,True,gaze_outside_screen,0.6365258267662824,-8.17548020273614,-0.5211640915083658,False,False,1,1.0
1789821619480,216,1255,1080.313035767247,1809.3950986389034,1043.7051568935904,1809.1157850172115,-1,-1,off_screen,0.0,69,6,1.6,-0.0001192736834936918,15.016056613719996,14.968872730108188,0.20990000120946206,0.3557999989425298,16.475500000524335,0.8137999975588173,17.66209999914281,0,True,gaze_outside_screen,0.6365258267662824,-8.185265293588628,-0.5963630908221383,False,False,1,1.0
1789821619544,217,1256,1117.4670016605198,1778.8519424578922,1095.1679359635962,1788.0010549238832,2,1,terminal,0.20627114629035703,0,9,1.8,-9.861662493819943e-05,15.114602006640032,14.97100088521532,0.11630000153672881,0.2209999984188471,9.285299998737173,0.5268999993859325,10.044900001958013,0,True,on_screen,0.6365258267662824,-7.52836582217742,-0.5249518960517463,False,False,1,1.0
1789821619599,218,1257,1168.8857600025642,1744.2846520017786,1146.7704127908737,1757.39957287841,2,1,terminal,0.3106885889611757,55,9,1.8,-0.00010000810872892382,15.158954243418028,14.970859703941247,0.08600000001024455,0.3133999998681247,12.516800001321826,0.5152999983693007,13.357599997107172,0,True,on_screen,0.6365258267662824,-7.834233208270405,-0.25578941631820085,False,False,1,1.0
1789821619671,219,1258,1290.4757462275952,1697.657381191264,1247.3641461965788,1715.5800386974079,2,1,terminal,0.4892438921844625,127,9,1.8,-7.223096011492458e-05,15.181849422028836,14.970807775721712,0.14589999773306772,0.22140000146464445,14.433399999688845,0.7928000013635028,15.459599999303464,0,True,on_screen,0.6365258267662824,-7.9442713788976675,-0.4982661063814082,False,False,1,1.0
1789821619739,220,1259,1150.3678108399104,1740.0535686771354,1179.466711446911,1732.7115096832172,2,1,terminal,0.38284956422891636,195,9,1.8,2.4183121045396466e-05,14.90741618222915,14.968759645762223,0.22189999799593352,0.5539999983739108,11.961699998209951,0.8295999978145119,13.361100001930026,0,True,on_screen,0.6365258267662824,-7.399647293358214,-0.151350610263182,False,False,1,1.0
1789821619802,221,1260,1331.109368570866,1746.7417182189304,1285.6165714336796,1742.5326556582163,2,1,terminal,0.492084096987055,258,9,1.8,6.197759594099225e-05,14.99885040379909,14.969761616170029,0.14540000120177865,0.3831000030913856,10.243600001558661,0.6886999981361441,11.328599997796118,0,True,on_screen,0.6365258267662824,-7.342638117828216,0.018573888728692065,False,False,1,1.0
1789821619866,222,1261,1361.5047631866166,1814.5969022828106,1338.7383056607355,1792.9776282954322,2,1,terminal,0.4523634328481322,322,9,1.8,2.0804177058235396e-05,15.061594768712038,14.970504011281847,0.15770000027259812,0.2477000016369857,8.460099998046644,1.2371000011626165,9.95859999966342,0,True,on_screen,0.6365258267662824,-7.607445844309012,-0.13009241175270744,False,False,1,1.0
1789821619947,223,1262,1486.9733280086014,1781.629801998252,1442.5028213042417,1785.0341498874063,2,1,terminal,0.4964212632973438,403,9,1.8,-1.904997377286631e-05,15.057193851058873,14.969058694727574,1.637299999856623,0.24219999977503903,16.938100001425482,1.0265999990224373,18.307399997866014,0,True,on_screen,0.6365258267662824,-7.614558035403547,-0.07257978851013983,False,False,1,1.0
1789821620008,224,1263,1560.5035909531614,1843.3221906545134,1525.1033600584856,1825.8357784243813,-1,-1,off_screen,0.0,0,7,2.0,-2.3706220159989272e-05,15.178472215883316,14.96942443501754,0.1367999975627754,0.30899999910616316,20.332699998107273,0.9288000001106411,21.587600000202656,0,True,gaze_outside_screen,0.6365258267662824,-7.731439393857954,-0.03001789442281929,False,False,1,1.0
1789821620073,225,1264,1763.2625365403162,1894.9069923366987,1691.814783595767,1874.1856281630035,-1,-1,off_screen,0.0,65,7,2.0,-8.346722316714475e-05,15.207760009679568,14.96913599235425,0.15050000001792796,0.3101999973296188,23.743699999613455,1.3109999999869615,25.382200001331512,0,True,gaze_outside_screen,0.6365258267662824,-8.131010273565721,0.0018396823227382095,False,False,1,1.0
1789821620139,226,1265,1492.92389941405,1980.0000000000002,1552.5911646685652,1948.255688448901,-1,-1,off_screen,0.0,131,7,1.8,-6.778607338217037e-05,14.934697573585709,14.968098804578924,0.161899999511661,0.3023999997822102,15.942399997584289,1.6338000023097266,17.89450000069337,0,True,gaze_outside_screen,0.6365258267662824,-7.663615478015259,-0.17564599440631934,False,False,1,1.0
1789821620212,227,1266,1465.5465171484825,1884.6113563971498,1491.6599114045073,1903.704656012675,-1,-1,off_screen,0.0,203,7,1.8,2.8196990904963415e-05,15.008375388216638,14.967174715944497,0.21399999968707561,0.42750000284286216,24.154200000339188,1.5139999995881226,26.115499997104052,0,True,gaze_outside_screen,0.6365258267662824,-7.543831697136483,-0.21556188336946333,False,False,1,1.0
1789821620275,228,1267,1524.6506494223866,1777.507159363753,1514.7534280170228,1815.3664083584297,-1,-1,off_screen,0.0,267,7,1.8,7.352984839027396e-05,15.083584462532084,14.969512520140652,0.10910000128205866,0.22780000290367752,15.551799999229843,0.4672999966714997,16.257599996606587,0,True,gaze_outside_screen,0.6365258267662824,-7.441602938460704,-0.17037986540604833,False,False,1,1.0
1789821620338,229,1268,1488.1790412511582,1841.0847133742814,1505.9021041365597,1823.9325908768633,-1,-1,off_screen,0.0,330,7,1.8,8.612942038876276e-05,15.159678104854422,14.971453052014493,0.09750000026542693,0.20399999993969686,8.03730000188807,0.7145000017771963,8.967699999629986,0,True,gaze_outside_screen,0.6365258267662824,-7.35885876835863,0.05697564266094699,False,False,1,1.0
1789821620402,230,1269,1712.4341090882042,1881.8715476739335,1650.474507602711,1864.4898606348124,-1,-1,off_screen,0.0,394,7,1.8,6.522613457345117e-05,15.17374019120659,14.971472778852629,0.17359999765176326,0.27740000223275274,9.509399998933077,0.49420000141253695,10.291700000379933,0,True,gaze_outside_screen,0.6365258267662824,-7.683064840757169,0.237269643957113,False,False,1,1.0
1789821620472,231,1270,1848.8033305775982,1645.750325504417,1789.304683685132,1711.3721860435357,2,1,terminal,0.27870806392631653,0,10,2.0,-2.9935835164789787e-05,15.248623977724407,14.972443071160813,0.07589999950141646,0.19160000010742806,8.006700001715217,0.5772000004071742,8.784000001469394,0,True,on_screen,0.6365258267662824,-7.743566406496257,-0.06408383197016508,False,False,1,1.0
1789821620549,232,1271,1663.856384939617,1685.5689650058162,1701.4908745632715,1693.309931317132,2,1,terminal,0.4255051422959484,77,10,2.0,-0.00023059599919537759,14.97035060070708,14.970002188564978,0.07800000093993731,0.2024000023084227,8.35189999997965,0.632199997198768,9.195999999064952,0,True,on_screen,0.6365258267662824,-7.70879467937263,-0.4432711262269972,False,False,1,1.0
1789821620616,233,1272,1763.8537877281542,1689.1079847441815,1735.8386266911166,1690.995616413969,2,1,terminal,0.37789417031117034,144,10,2.0,-0.00020596638393096701,15.021039612437557,14.969015972759289,0.26929999876301736,0.2305999987584073,15.940900000714464,0.8005999989109114,16.983600002276944,0,True,on_screen,0.6365258267662824,-7.499340695304653,-0.3466583821680645,False,False,1,1.0
1789821620675,234,1273,2112.8370586919896,1659.114295522016,1999.7375290917275,1668.678691789602,2,2,terminal,0.23264453128923213,203,10,2.0,-0.00015593598103522122,15.104724446297997,14.970418629187996,0.07969999933266081,0.2013000012084376,11.994699998467695,0.5523999971046578,12.759799999912502,0,True,on_screen,0.6365258267662824,-7.803296748382223,0.04898253913892693,False,False,1,1.0
1789821620744,235,1274,2205.6044767863514,1862.6555755565105,2143.844392477964,1804.4625104264378,-1,-1,off_screen,0.0,0,8,2.2,-0.00015650950792653676,15.132493453266814,14.971073248331779,0.14989999908721074,0.2316999998583924,10.008799999923212,0.5763999979535583,10.827999998582527,0,True,gaze_outside_screen,0.6365258267662824,-8.000666718630697,0.7878566563794412,False,False,1,1.0
1789821620809,236,1275,2174.5057478148856,1833.4929586508335,2155.4280963533583,1815.4300659016008,-1,-1,off_screen,0.0,65,8,2.2,-0.00011223116153114172,15.181478040027006,14.971642423449874,0.11279999671387486,0.21719999858760275,9.627999999793246,0.5175000005692709,10.375000001658918,0,True,gaze_outside_screen,0.6365258267662824,-7.838373355528887,0.7410576917655943,False,False,1,1.0
1789821620880,237,1276,1961.8236375549393,1755.1932533881786,2019.904975194465,1773.2642971422051,2,2,terminal,0.17297216273215488,0,11,2.4,-1.896285553409406e-05,14.901248157073315,14.967481106276818,0.17210000078193843,0.4257000000507105,18.62529999925755,1.0134000003745314,20.082799997908296,0,True,on_screen,0.6365258267662824,-7.839033895159872,1.15102914821727,False,False,1,1.0
1789821620944,238,1277,1920.3062977835132,1747.571865006966,1950.1859010067988,1755.2795946475378,2,2,terminal,0.08627404776828052,63,11,2.4,5.248043553135809e-05,15.011123341365984,14.969311200590768,0.13279999984661117,0.20529999892460182,12.306700002227444,1.438600000255974,13.96279999971739,0,True,on_screen,0.6365258267662824,-7.816929901622132,0.8819328072123869,False,False,1,1.0
1789821621018,239,1278,1920.1439862979576,1704.700512472518,1934.5816130914409,1729.00794823609,2,2,terminal,0.08361612256458761,137,11,2.4,0.0001174924074938237,15.033808921163006,14.970478953485111,0.10939999992842786,0.289100000372855,7.624400001077447,0.5550999994738959,8.481199998641387,0,True,on_screen,0.6365258267662824,-7.710874833214575,0.5930208394817431,False,False,1,1.0
1789821621069,240,1279,1897.144439115702,1704.535474372797,1919.6390785605395,1719.2400959405131,2,2,terminal,0.06715362737846864,188,11,2.4,0.0001377767097498258,15.110399052348326,14.97085999940239,0.10690000272006728,0.2686000007088296,8.752199999435106,0.7802999971318059,9.812999996938743,0,True,on_screen,0.6365258267662824,-7.912673053419724,0.5538291104730992,False,False,1,1.0
1789821621131,241,1280,1663.5699269238185,1578.40615525192,1740.3906724148349,1620.656337458498,2,1,terminal,0.4281016241340154,250,11,2.4,0.00014465504727214848,15.196680758296086,14.971475520237995,0.07299999924725853,0.17860000298242085,9.502600001724204,0.7985000011103693,10.489700001926394,0,True,on_screen,0.6365258267662824,-7.704232248692733,0.44438940126422627,False,False,1,1.0
1789821621201,242,1281,1358.8743766098366,1668.714877486659,1473.329265351336,1654.2973154782107,2,1,terminal,0.7211217097217472,320,11,2.4,9.681154379925956e-05,15.167281228838846,14.97015928382696,0.23409999994328246,0.2303000001120381,16.685599999618717,0.7751999983156566,17.70369999940158,0,True,on_screen,0.6365258267662824,-8.023906568771537,0.07825600880243111,False,False,1,1.0
1789821621275,243,1282,1327.553180772806,1531.606002740322,1371.286006146365,1568.4133965616888,2,1,terminal,0.8286973808441219,394,11,2.4,8.150426697238478e-06,14.935287506364118,14.968472153464,0.28500000189524144,0.3206000001227949,15.461500002857065,0.5246000000624917,16.318399997544475,0,True,on_screen,0.6365258267662824,-7.281268654083988,0.4622187229891039,False,False,1,1.0
1789821621338,244,1283,1305.0510021917078,1616.6245893447326,1324.921503378105,1602.1612315098193,2,1,terminal,0.7281405775145409,457,11,2.4,-2.3899275605615555e-05,15.01873739084791,14.970407256207386,0.07700000060140155,0.18490000002202578,7.847000000765547,0.5909000028623268,8.633999997982755,0,True,on_screen,0.6365258267662824,-7.29810464351317,0.2274773747364376,False,False,1,1.0
1789821621405,245,1284,1198.2072082408915,1680.539650252851,1236.2214967820555,1657.0261246299415,2,1,terminal,0.5455076428414969,524,11,2.4,-3.0076520434140636e-05,15.082247382120553,14.970818813509483,0.08270000034826808,0.20629999926313758,7.850900001358241,1.1201999986951705,9.194400001433678,0,True,on_screen,0.6365258267662824,-7.302121157594399,0.13094813567913685,False,False,1,1.0
1789821621480,246,1285,1188.6051175728883,1689.2657776001874,1212.0265332715394,1673.4078243761633,2,1,terminal,0.493974585621347,599,11,2.4,-6.293581184021839e-05,15.116942032579871,14.971079608229164,0.16729999697417952,0.25129999994533136,8.915499998693122,0.5027999977755826,9.681300001830095,0,True,on_screen,0.6365258267662824,-7.026518823950653,0.24421671315445545,False,False,1,1.0
1789821621545,247,1286,1145.997150567793,1769.7524014545022,1165.8059653789169,1740.8490283310005,2,1,terminal,0.3552511568412061,664,11,2.4,-6.7667824017386e-05,15.148810247894497,14.971508846124772,0.2494000000297092,0.37539999902946874,8.153199996741023,0.6876000006741378,9.229100000084145,0,True,on_screen,0.6365258267662824,-7.310987636501864,0.03278333157878634,False,False,1,1.0
1789821621603,248,1287,1281.4530536742654,1782.0257999974012,1246.758927185661,1769.672768497481,2,1,terminal,0.41388966439401575,722,11,2.4,-2.2133351987242006e-05,15.221651682815555,14.970136496936712,0.12880000213044696,0.2029999996011611,20.22450000004028,0.48129999777302146,20.919499998854008,0,True,on_screen,0.6365258267662824,-7.070104773003038,0.11859391435563511,False,False,1,1.0
1789821621682,249,1288,1417.7922790749005,1785.977389077056,1366.4822735081286,1781.0860029031835,2,1,terminal,0.48671154819293283,801,11,2.4,2.14843174066795e-06,14.923740454192043,14.969181825012878,0.1883000004454516,0.19890000112354755,10.786499999085208,0.5286000014166348,11.52390000061132,0,True,on_screen,0.6365258267662824,-7.343634370973433,-0.3875366701209325,False,False,1,1.0
1789821621746,250,1289,1525.0134164656058,1764.8337951276606,1477.4540735783626,1769.7094574603175,2,1,terminal,0.5189418165361868,865,11,2.2,3.1352949455235035e-05,15.014809923401202,14.96960638592942,0.10159999874304049,0.22259999968810007,11.974100001680199,0.5232000003161374,12.732700000924524,0,True,on_screen,0.6365258267662824,-7.560312663772919,0.048548647716681395,False,False,1,1.0
1789821621810,251,1290,1541.6931194671495,1926.4563721398692,1522.4214057005133,1879.4322977360036,-1,-1,off_screen,0.0,0,9,2.4,-4.920757097711531e-05,15.0991705372083,14.969605729932773,0.12929999866173603,0.27770000087912194,15.226300001813797,0.9616999996069353,16.481099999509752,0,True,gaze_outside_screen,0.6365258267662824,-8.026681701230444,-0.46510357843514416,False,False,1,1.0
1789821621874,252,1291,1354.8559453887788,1897.9036026910978,1405.1255834822991,1892.3622112045696,-1,-1,off_screen,0.0,64,9,2.4,-9.035518795417682e-05,15.166319163507591,14.971346767340187,0.08019999950192869,0.20669999867095612,9.041299999807961,0.5861999998160172,9.844299998803763,0,True,gaze_outside_screen,0.6365258267662824,-7.900288044804,-0.63064203653,False,False,1,1.0
1789821621945,253,1292,1372.2659366493779,1799.0938005917778,1382.1238306992543,1827.0743237756153,-1,-1,off_screen,0.0,134,9,2.4,-8.967096259583293e-05,15.149310841627216,14.970864871950711,0.13980000221636146,0.2534000013838522,11.729100002412451,0.736899997718865,12.732899998809444,0,True,gaze_outside_screen,0.6365258267662824,-7.831862369370583,-0.1682981621699722,False,False,1,1.0
1789821622020,254,1293,1334.2026373043796,1819.0874034377127,1361.4206876587305,1823.6237762726278,-1,-1,off_screen,0.0,210,9,2.4,-0.0001704563910530938,14.92243867843695,14.967774658983217,0.1453000004403293,0.2673999988473952,18.239600001834333,1.2008000012428965,19.724999998288695,0,True,gaze_outside_screen,0.6365258267662824,-7.895826614923749,0.24196266509145933,False,False,1,1.0
1789821622090,255,1294,915.2069470852045,1809.8974286322725,1049.0710692572623,1814.0153329243792,-1,-1,off_screen,0.0,279,9,2.4,-0.00010764854034809451,14.938611018866862,14.967244838187307,0.2915999975812156,0.4152999972575344,21.56239999749232,1.3008999994781334,23.30150000125286,0,True,gaze_outside_screen,0.6365258267662824,-7.910353666423845,-0.37660930978407425,False,False,1,1.0
1789821622151,256,1295,691.6526352038683,1831.3868712852404,798.8781654198865,1826.1754097769822,-1,-1,off_screen,0.0,341,9,2.4,-4.008171249724607e-05,15.050814416526837,14.969425826264734,0.19239999892306514,0.4408999993756879,13.4790999982215,1.3016000011703,15.244100002746563,0,True,gaze_outside_screen,0.6365258267662824,-8.576371396078372,-0.5634136033276922,False,False,1,1.0
1789821622214,257,1296,1269.6710341252913,1980.0000000000002,1128.4331735136698,1933.8526229330946,-1,-1,off_screen,0.0,404,9,2.2,-0.00010856516652689441,15.094188003816376,14.970677779000603,0.19439999960013665,0.26640000214683823,9.408099998836406,0.5397000022639986,10.22489999741083,0,True,gaze_outside_screen,0.6365258267662824,-8.060176374139587,-0.42064403305624476,False,False,1,1.0
1789821622281,258,1297,1381.5690904626317,1927.2362611098547,1305.6283153779432,1929.2211696568265,-1,-1,off_screen,0.0,470,9,2.2,-7.64797285036558e-05,15.142702511492683,14.970487899246766,0.2877999977499712,0.289100000372855,12.779000000591623,0.8522000025550369,13.934100003098138,0,True,gaze_outside_screen,0.6365258267662824,-8.207133923808527,-0.15109692307578634,False,False,1,1.0
1789821622329,259,1298,1583.307394020626,1809.1173556115934,1500.0036704278211,1845.1484998251635,-1,-1,off_screen,0.0,519,9,2.2,-5.1021690194434643e-05,15.228865017302454,14.970687532215761,0.08299999899463728,0.20289999883971177,16.054799998528324,0.8229000013670884,17.092599999159575,0,True,gaze_outside_screen,0.6365258267662824,-8.09353275816062,-0.032702386698595196,False,False,1,1.0
1789821622424,260,1299,1406.5952061335986,1909.1257435531818,1434.6177454218653,1889.9325704347762,-1,-1,off_screen,0.0,614,9,2.2,0.00014039029406209477,14.93797747083416,14.969742606546253,0.1517000018793624,0.2113999980792869,7.53180000174325,0.4425000006449409,8.19739999860758,0,True,gaze_outside_screen,0.6365258267662824,-7.862531663568376,0.054073412494313536,False,False,1,1.0
1789821622478,261,1300,1384.578760605189,1900.2777704702942,1411.9262637069219,1894.6238709937986,-1,-1,off_screen,0.0,667,9,2.2,0.0001137162541087651,15.024570238231888,14.970017783528885,0.09080000018002465,0.2032999982475303,9.410300001036376,0.5033000015828293,10.127099998499034,0,True,gaze_outside_screen,0.6365258267662824,-8.310014975241273,0.07749477695709463,False,False,1,1.0
1789821622551,262,1301,1425.865426700232,1821.639460007672,1421.0064161410005,1847.0808745180757,-1,-1,off_screen,0.0,741,9,2.2,9.611772326807363e-05,15.100196789735449,14.970004517949734,0.12989999959245324,0.23599999985890463,12.633599999389844,0.7559000005130656,13.636600000609178,0,True,gaze_outside_screen,0.6365258267662824,-7.979362243074377,0.5733691261682359,False,False,1,1.0
1789821622616,263,1302,1442.3556063572516,1854.9594894490344,1425.5270437763984,1848.7491478354607,-1,-1,off_screen,0.0,805,9,2.2,8.674766636151444e-05,15.14012255271519,14.971211085495792,0.08569999772589654,0.21850000121048652,8.084999997663544,0.5944999975326937,8.908899999369169,0,True,gaze_outside_screen,0.6365258267662824,-8.317115136683611,0.24860415765761504,False,False,1,1.0
1789821622679,264,1303,1457.6108606477103,1732.156660815537,1447.9857155863167,1767.1344069215143,2,1,terminal,0.527852665432577,0,12,2.4,0.0001492174315131274,15.156531239688176,14.97125305128749,0.17610000213608146,0.27520000003278255,8.605899998656241,1.2247000013303477,10.119399998075096,0,True,on_screen,0.6365258267662824,-8.041233372619303,0.714708242219525,False,False,1,1.0
1789821622756,265,1304,1402.560378869562,1659.2369141905958,1416.1879798845885,1691.6061620098715,2,1,terminal,0.6588924661750847,77,12,2.4,0.00011334290402501175,14.914299518891246,14.96824845947165,0.10789999942062423,0.2300000014656689,14.822999997704756,0.8033000012801494,15.868400001636473,0,True,on_screen,0.6365258267662824,-7.36518472957718,0.32808530074101905,False,False,1,1.0
1789821622810,266,1305,1392.9390073844022,1481.58083087336,1399.913699134458,1544.5884302143133,2,1,terminal,0.8940732647539541,131,12,2.4,0.00012432336182976837,14.98516939735882,14.96985171663285,0.28000000020256266,0.2502000024833251,7.883999998739455,1.1836000012408476,9.330700002465164,0,True,on_screen,0.6365258267662824,-7.2013847870676955,0.02510530779036635,False,False,1,1.0
1789821622889,267,1306,1386.1751616170566,1470.850813908915,1390.8818628247836,1496.1126678202165,2,1,terminal,0.9129534623184526,210,12,2.4,0.00011915948317594433,15.024680981904861,14.969712203110735,0.26359999901615083,0.3125000002910383,11.049200002162252,0.5530999987968244,11.926099999982398,0,True,on_screen,0.6365258267662824,-6.82300035582108,0.12100694649679265,False,False,1,1.0
1789821622948,268,1307,1451.59839719692,1468.2244786859167,1426.5552546795834,1479.7272415208326,2,1,terminal,0.9570244562955119,269,12,2.4,1.6925855947483998e-05,15.059009952735767,14.97053483184121,0.17609999849810265,0.216199998249067,8.059899999352638,0.5721999987144955,8.86000000173226,0,True,on_screen,0.6365258267662824,-6.584736962621037,-0.21050697640063193,False,False,1,1.0
1789821623011,269,1308,1248.8804001701083,1488.4832983648948,1302.1828565229507,1485.8564813116764,2,1,terminal,0.7552447516878468,332,12,2.4,-4.598001599403004e-05,15.173867634550348,14.969935099941079,0.07879999975557439,0.27290000070934184,16.196600001421757,0.97730000197771,17.4589999987802,0,True,on_screen,0.6365258267662824,-6.989903173378963,-0.23332399904500276,False,False,1,1.0
1789821623079,270,1309,1396.3145528988352,1466.423056485591,1368.0750439860699,1472.2530839334167,2,1,terminal,0.8638053890109495,400,12,2.2,-4.718543830870697e-05,15.200851408821277,14.971748082617054,0.13760000001639128,0.21779999951831996,8.151999998517567,0.5377000015869271,8.919299998524366,0,True,on_screen,0.6365258267662824,-7.91333707457585,0.02504890338642226,False,False,1,1.0
1789821623147,271,1310,1768.6910853092218,1506.5278687212397,1648.5062729122762,1496.245433284893,2,1,terminal,0.6315799387995205,468,12,2.2,-8.60205263141043e-05,14.933403068403594,14.968148117874206,0.18479999926057644,0.38380000114557333,15.675400001782691,0.8502000018779654,16.92460000049323,0,True,on_screen,0.6365258267662824,-7.9664535334031825,-0.025031108880609054,False,False,1,1.0
1789821623215,272,1311,1627.7569614978584,1720.4159939116007,1633.9817549221837,1653.1648257235884,2,1,terminal,0.5633503981604906,536,12,2.2,-1.0007479115805434e-05,15.004422883582853,14.968943227855155,0.11439999798312783,0.20289999883971177,14.401199998246739,0.5405000010796357,15.156000001297798,0,True,on_screen,0.6365258267662824,-8.096710165209203,-0.058284071440870985,False,False,1,1.0
1789821623287,273,1312,1580.9264570327782,1755.7465079376418,1596.8430463995996,1724.9720032734258,2,1,terminal,0.5154955958220744,608,12,2.2,-7.390849960797231e-05,15.059430034494204,14.969735860722057,0.13320000289240852,0.2195999986724928,12.053000002197223,0.7444999973813538,13.030300000536954,0,True,on_screen,0.6365258267662824,-7.615687482578551,-0.11809142813057205,False,False,1,1.0
1789821623351,274,1313,1654.7777544949063,1676.1026042380204,1635.318684564967,1692.5168243925377,2,1,terminal,0.515495683580487,672,12,2.0,-3.56283685111463e-05,15.111716508409419,14.970723683756715,0.13730000137002207,0.3054000007978175,8.60370000009425,0.9457999985897914,9.869500001514098,0,True,on_screen,0.6365258267662824,-8.02730147779991,-0.10742455102067676,False,False,1,1.0
1789821623416,275,1314,1522.413575684256,1653.6442042375722,1556.2851083484693,1665.3059902840619,2,1,terminal,0.6429403926594857,736,12,2.0,-1.1801132962459271e-05,15.150521530428007,14.970058191794932,0.13620000027003698,0.23839999994379468,14.993499997217441,0.8078999999270309,16.05070000005071,0,True,on_screen,0.6365258267662824,-8.151294917938884,-0.3562398829759902,False,False,1,1.0
1789821623475,276,1315,1927.4819784457775,1646.77340072046,1816.122917416585,1652.3331775895404,2,1,terminal,0.2830876520743486,796,12,2.0,-2.1619279016549947e-05,15.224097342916682,14.971189681660075,0.15690000145696104,0.2949999980046414,11.707000001479173,1.2485999977798201,13.264999997772975,0,True,on_screen,0.6365258267662824,-8.238610160348884,0.05666366530518603,False,False,1,1.0
1789821623554,277,1316,2067.1425177296437,1603.5626049827222,1991.8366376357262,1618.1937767647678,2,2,terminal,0.24928852048490246,875,12,2.0,-3.997696789427227e-05,14.92774876456458,14.968595471538174,0.15500000154133886,0.2564000023994595,12.164700001449091,1.2977999977010768,13.732600000366801,0,True,on_screen,0.6365258267662824,-7.134591387378833,-0.4079615782764287,False,False,1,1.0
1789821623625,278,1317,2094.5395777388985,1553.4258602340913,2063.728695707947,1572.8562351932942,2,2,terminal,0.39213842339955707,946,12,2.0,-7.349762087081706e-05,15.012554573467536,14.969404651023119,0.07879999975557439,0.21940000078757294,11.604999999690335,0.5586999977822416,12.393900000461144,0,True,on_screen,0.6365258267662824,-6.93636765382044,-0.3434159689347784,False,False,1,1.0
1789821623674,279,1318,1797.6002553295648,1615.127342795119,1877.4387874430795,1602.4460105145715,2,2,terminal,0.05923669339120208,995,12,2.0,-6.492792833073802e-05,15.093923170084016,14.96839602618146,0.11820000145235099,0.27630000113276765,20.445299996936228,1.207999997859588,21.944099997199373,0,True,on_screen,0.6365258267662824,-7.153721095810312,0.28080095505491676,False,False,1,1.0
1789821623752,280,1319,1805.6596147867772,1634.3543210207633,1828.0799860186353,1624.387695042003,2,1,terminal,0.2800368164104744,1073,12,2.0,-5.8478940602488955e-05,15.122843293577109,14.969248074456784,0.1875000016298145,0.3891000014846213,17.8412000022945,0.4824999996344559,18.728799997916212,0,True,on_screen,0.6365258267662824,-7.046812944987408,0.4398350024552521,False,False,1,1.0
1789821623816,281,1320,1542.8389717034283,1664.5766441074038,1628.4112759979905,1652.5199593877835,2,1,terminal,0.571748514301902,1137,12,2.0,-6.414661680130378e-05,15.179521127140914,14.97064423384283,0.1260999997612089,0.23599999985890463,12.358800002402859,0.9656999973230995,13.572600000770763,0,True,on_screen,0.6365258267662824,-7.290764068235973,0.2231458826975179,False,False,1,1.0
1789821623895,282,1321,1560.4115397623707,1753.6585250340931,1580.8114606330566,1723.3169553402004,2,1,terminal,0.5335931368321355,1216,12,1.8,-5.5214387945047225e-05,14.923425735636036,14.968920928065454,0.22730000273440965,0.2857999970728997,10.448900000483263,0.5329999985406175,11.279999998805579,0,True,on_screen,0.6365258267662824,-7.21682044814051,0.22409783013750068,False,False,1,1.0
1789821623958,283,1322,1287.0171177661232,1770.9594241572763,1375.1554206262033,1756.6666835121534,2,1,terminal,0.5323091565692109,1279,12,1.8,-4.475101835665907e-05,14.994152216916579,14.969411400569449,0.07449999975506216,0.28499999825726263,10.259299997414928,0.659799999993993,11.215300000912976,0,True,on_screen,0.6365258267662824,-7.828695779926903,0.1206952630336276,False,False,1,1.0
1789821624021,284,1323,1289.02317629805,1811.413517164811,1314.8628495964958,1794.9894670690137,2,1,terminal,0.4339006692950209,1342,12,1.8,1.18499020715368e-06,15.067044261796942,14.969490074673459,0.09449999924981967,0.19319999773870222,12.524599998869235,1.223200000822544,13.95319999937783,0,True,on_screen,0.6365258267662824,-7.835556894045311,-0.2614938256136791,False,False,1,1.0
1789821624079,285,1324,1217.195515398201,1730.3891446045227,1246.4957156576895,1749.76924134387,2,1,terminal,0.4418110981702975,1400,12,1.8,3.371768125814967e-08,15.104252573644697,14.970568444752129,0.09670000144978985,0.2727999999478925,8.747300002141856,0.5811000009998679,9.613599999283906,0,True,on_screen,0.6365258267662824,-7.99900893688428,-0.3137300250259167,False,False,1,1.0
1789821624142,286,1325,1384.9354639587361,1708.1663229959681,1343.4035394684222,1720.6471985003386,2,1,terminal,0.5744722656945142,1463,12,1.8,-2.7108564680206754e-05,15.133961677613106,14.970089647901572,0.22790000002714805,0.42100000064237975,13.376999999309191,0.4985000014130492,14.312499999505235,0,True,on_screen,0.6365258267662824,-8.291638377312523,-0.5389328577309367,False,False,1,1.0
1789821624216,287,1326,1669.2074487300606,1583.4735249588728,1571.466275951569,1624.6256270213125,2,1,terminal,0.6799708940406506,1537,12,1.8,-1.2649069038977653e-05,15.21911786089229,14.970595514980051,0.25159999859170057,0.3628999984357506,14.187000000674743,1.0012999991886318,15.563000000838656,0,True,on_screen,0.6365258267662824,-8.183741904864291,-0.4419564037369739,False,False,1,1.0
1789821624295,288,1327,1545.8883257902864,1913.8747905041228,1553.5617108386714,1827.1000414592797,-1,-1,off_screen,0.0,0,10,1.8,7.188973642765009e-05,14.946010344725508,14.968921569031487,0.14519999967887998,0.3899000003002584,9.434499999770196,2.360499998758314,12.19640000272193,0,True,gaze_outside_screen,0.6365258267662824,-8.703797631861903,-0.321905225038185,False,False,1,1.0
1789821624357,289,1328,1649.325627113998,1808.629688955822,1620.5964522314,1814.1707947068594,-1,-1,off_screen,0.0,62,10,1.8,5.165152819842575e-05,15.0189130761832,14.968088997939624,0.08600000001024455,0.24839999969117343,18.718199997238116,1.1620000004768372,20.141100001637824,0,True,gaze_outside_screen,0.6365258267662824,-8.340590543579026,-0.4660077047271999,False,False,1,1.0
1789821624417,290,1329,1821.9716161245883,1754.4088224842428,1761.5590669566318,1772.3374141510276,2,1,terminal,0.25554924206648155,0,13,1.8,7.464030799548584e-05,15.084682802573855,14.970210126667787,0.12559999959194101,0.23710000095888972,9.008299999550218,1.3221999979577959,10.58019999982207,0,True,on_screen,0.6365258267662824,-7.420344031248163,-0.34678549100247924,False,False,1,1.0
1789821624485,291,1330,1581.1766336618725,1745.5377130659767,1635.2913636503004,1753.577623391492,2,1,terminal,0.43455648697597893,67,13,1.8,4.008123607455831e-05,15.101620928717699,14.967828588138834,0.2844000009645242,0.450699997600168,24.125799998728326,1.3638000018545426,25.959399998100707,0,True,on_screen,0.6365258267662824,-7.327582731070862,0.40542634886936696,False,False,1,1.0
1789821624552,292,1331,1631.8641797705905,1685.1173337849043,1633.2271561062803,1712.3436974535373,2,1,terminal,0.49279049227885896,134,13,1.6,6.860624775306863e-05,15.159899304099179,14.970156795600435,0.1413000027241651,0.2721999990171753,13.967999999294989,0.9284000007028226,15.181399998255074,0,True,on_screen,0.6365258267662824,-7.589072525930561,0.40372815187198663,False,False,1,1.0
1789821624609,293,1332,1637.2137254627032,1664.337547404381,1634.9354836436194,1691.7720678747164,2,1,terminal,0.516901229588066,191,13,1.6,7.911565826080984e-05,15.213425601723749,14.97086803952183,0.11269999959040433,0.29279999944265,12.336499999946682,1.3961000004201196,14.04019999972661,0,True,on_screen,0.6365258267662824,-7.329610554196222,0.4109986083905557,False,False,1,1.0
1789821624689,294,1333,1638.1415127363614,1731.143853659404,1636.0722670535788,1705.732388135637,2,1,terminal,0.49791275411249136,271,13,1.6,-3.0202990190299553e-05,14.951011995161725,14.969131483557415,0.10019999899668619,0.19380000230739824,11.063000001740875,0.4650000009860378,11.732300001312979,0,True,on_screen,0.6365258267662824,-7.7059266406412235,0.032527769495560716,False,False,1,1.0
1789821624760,295,1334,1475.7626997402201,1621.2338425849596,1523.8555699342278,1646.5834062501629,2,1,terminal,0.7016564059424918,342,13,1.6,2.5771667649145125e-05,14.993998460515032,14.969587616352738,0.08659999730298296,0.2041000007011462,10.068100000353297,0.5192999997234438,10.805199999595061,0,True,on_screen,0.6365258267662824,-7.849196469785369,-0.3303206665400021,False,False,1,1.0
1789821624823,296,1335,1459.968564697422,1675.339722825897,1484.5508785209408,1664.2749249714202,2,1,terminal,0.6992984080293021,405,13,1.6,4.239272713362982e-05,15.05763102238144,14.969818675767264,0.20219999714754522,0.31510000189882703,11.204300000827061,0.7170000026235357,12.253299999429146,0,True,on_screen,0.6365258267662824,-8.126816714567127,-0.024835649621643446,False,False,1,1.0
1789821624887,297,1336,1464.9674029088105,1678.8260175408886,1480.1300083541578,1667.559760222759,2,1,terminal,0.6956070139788568,470,13,1.6,3.7957965731090504e-05,15.151182134199567,14.970301851317133,0.10629999815137126,0.2172999993490521,12.567699999635806,0.8510000006936025,13.647399999172194,0,True,on_screen,0.6365258267662824,-7.572107173944914,-0.3842686086816006,False,False,1,1.0
1789821624951,298,1337,1332.7155785190034,1755.8690905907322,1376.9399074695498,1729.3762914803403,2,1,terminal,0.5797344251032832,533,13,1.6,4.088376016146006e-05,15.15069908305245,14.970539009364224,0.09749999662744813,0.22289999833446927,11.411199997382937,1.3618999983009417,13.008700003410922,0,True,on_screen,0.6365258267662824,-7.474303359580631,-0.11953160789923274,False,False,1,1.0
1789821625030,299,1338,1347.0052159746947,1747.7648865930787,1367.4416729402462,1735.2109662447424,2,1,terminal,0.5651391462395621,612,13,1.4,8.325294056050342e-05,14.91855547832758,14.969064699308506,0.09399999908055179,0.20880000010947697,9.742900001583621,0.6998999997449573,10.662200002116151,0,True,on_screen,0.6365258267662824,-7.190674914085747,1.0867451244967523,False,False,1,1.0
1789821625093,300,1339,1391.5968722685204,1748.629343940562,1373.5609488224782,1738.6102656625117,2,1,terminal,0.5624199506052763,675,13,1.4,-6.0676491213291356e-05,14.995950158395658,14.969726930291111,0.10990000009769574,0.2043999993475154,9.082299999136012,0.4870000011578668,9.78430000031949,0,True,on_screen,0.6365258267662824,-7.780114683437262,0.6870352673681199,False,False,1,1.0
1789821625156,301,1340,1383.2647139839858,1811.5482396618884,1379.822270938818,1785.6732501971012,2,1,terminal,0.48423551961237676,738,13,1.4,1.02422277244614e-05,15.035787707727689,14.969939768849576,0.08639999941806309,0.20230000154697336,9.593999999196967,0.5472999982885085,10.354100002587074,0,True,on_screen,0.6365258267662824,-7.886783709924202,0.42766948943746497,False,False,1,1.0
1789821625225,302,1341,1453.9869738597436,1742.1151889269418,1431.737562983466,1755.1826073079897,2,1,terminal,0.5489420435453879,807,13,1.4,1.7381563421110455e-05,15.08120603875516,14.970591010767038,0.26620000062393956,0.24340000163647346,7.8622000000905246,0.5825000007462222,8.699900001374772,0,True,on_screen,0.6365258267662824,-7.631023487227964,0.22485268102183184,False,False,1,1.0
1789821625280,303,1342,1552.4381557779275,1734.5663545896675,1516.227977939589,1740.751230405164,2,1,terminal,0.5538629545719809,862,13,1.4,-3.468380976065846e-05,15.165840311491737,14.971477021384732,0.10580000162008218,0.2026999973168131,6.690800000797026,0.5022000004828442,7.408099998428952,0,True,on_screen,0.6365258267662824,-8.09930040574659,0.371119992178429,False,False,1,1.0
1789821625343,304,1343,1687.4012496972211,1808.7045442636452,1636.0492681699316,1788.3185501061007,2,1,terminal,0.38403749616251914,925,13,1.4,-2.34440650048566e-05,15.199752051392176,14.971160567365919,0.24979999943752773,0.28030000248691067,10.751499998150393,0.5567000007431488,11.602700000366895,0,True,on_screen,0.6365258267662824,-8.043361653656177,0.2837793730323666,False,False,1,1.0
1789821625422,305,1344,1899.9684169531076,1763.575606518827,1820.7926723181547,1770.9984895950092,2,1,terminal,0.17429854158984603,1004,13,1.4,-4.865275670758347e-05,14.918981821901474,14.968777985886174,0.1143000008596573,0.2289000003656838,10.72070000009262,1.027299997076625,11.99070000075153,0,True,on_screen,0.6365258267662824,-8.266898705949956,0.1206301333369421,False,False,1,1.0
1789821625486,306,1345,2349.291335581066,1684.8336482351294,2190.7417366021928,1710.6831006430934,2,2,terminal,0.4753980472856788,1069,13,1.2,-1.9258999650948253e-05,15.017255107850374,14.969198109206054,0.11640000229817815,0.26330000036978163,12.478100001317216,0.6329999996523838,13.387699997110758,0,True,on_screen,0.6365258267662824,-8.179909128527498,0.3266889014605471,False,False,1,1.0
1789821625561,307,1346,2425.3110188652786,1691.3486314359875,2354.940234186353,1697.1489721981193,2,2,terminal,0.6427227926175988,1144,13,1.2,4.436433635648246e-07,15.025385179442045,14.969847585074916,0.10929999916697852,0.2327999973203987,9.36820000060834,0.44720000005327165,10.058600000775186,0,True,on_screen,0.6365258267662824,-8.050456594438884,0.5699216140215565,False,False,1,1.0
1789821625612,308,1347,1920.4940940631718,1664.9578555997205,2050.8279361001264,1674.61519057924,2,2,terminal,0.3102959911554558,1194,13,1.2,1.1290717002107598e-06,15.129780904094464,14.970856244152639,0.14250000094762072,0.25409999943803996,7.694899999478366,0.6058999970264267,8.566699998482363,0,True,on_screen,0.6365258267662824,-7.995154565539281,0.43657844459150685,False,False,1,1.0
1789821625676,309,1348,1825.3413254516113,1676.9964488767198,1892.987308646166,1676.2820713874758,2,2,terminal,0.05168320827187456,1259,13,1.2,-5.1609897174457325e-05,15.161247292484424,14.971160009380187,0.08560000060242601,0.21399999968707561,7.996600001206389,0.5669999991368968,8.788300001469906,0,True,on_screen,0.6365258267662824,-7.859489993602409,0.14954233258922572,False,False,1,1.0
1789821625739,310,1349,1526.4063729198656,1680.273735420193,1636.3806536377556,1679.0762362103778,2,1,terminal,0.5304740500668423,1322,13,1.2,-6.224422228197704e-06,15.219273741557528,14.970826370627332,0.11639999866019934,0.2688000022317283,13.278599999466678,0.505299998621922,14.065100000152597,0,True,on_screen,0.6365258267662824,-7.630224797008765,0.13032753882388684,False,False,1,1.0
1789821625833,311,1350,1474.8503486880738,1690.8172907187502,1523.3094401729782,1687.2949743662386,2,1,terminal,0.6378561621181323,1415,13,1.0,3.8256353394928305e-05,14.915741205307075,14.968387679954997,0.238199998420896,0.3727000002982095,11.769900000217604,1.319599999987986,13.47919999898295,0,True,on_screen,0.6365258267662824,-8.104801610303582,-0.17181186330385284,False,False,1,1.0
1789821625893,312,1351,1316.6496907436024,1712.7002530579257,1378.6476155724151,1705.0786694504195,2,1,terminal,0.6218293600876554,1475,13,0.8,4.2602446176081415e-05,15.030151625519705,14.96960258206014,0.1917000008688774,0.2659999991010409,9.831799998210045,0.5302000026858877,10.693299998820294,0,True,on_screen,0.6365258267662824,-8.197654491024934,-0.3097314342726439,False,False,1,1.0
1789821625960,313,1352,1324.7659322794736,1715.2265210535775,1352.4985209591453,1710.0034809164927,2,1,terminal,0.5980774556168056,1542,13,0.8,4.038220198697429e-06,15.115108527376691,14.97040602081937,0.12340000102994964,0.21219999689492397,8.919500000047265,0.5320999989635311,9.674799999629613,0,True,on_screen,0.6365258267662824,-7.940193978215746,0.38749837735040815,False,False,1,1.0
1789821626015,314,1353,1339.7326802328087,1724.9927374100623,1350.1294362389697,1712.7851871344346,2,1,terminal,0.5919266129921903,1598,13,0.8,1.2423006958597882e-05,15.17186104257885,14.970419066011662,0.07419999747071415,0.18179999824496917,11.968400001933333,0.4714999995485414,12.62950000091223,0,True,on_screen,0.6365258267662824,-8.169756886951262,0.4226506148776929,False,False,1,1.0
1789821626089,315,1354,1304.1437941739832,1654.300172327017,1320.1364618671441,1674.639812372117,2,1,terminal,0.6257911723531762,1671,13,0.8,7.933124984087561e-05,15.17565225745909,14.971053065321263,0.11720000111381523,0.2930000009655487,9.064499998203246,0.47080000149435364,9.850700000242796,0,True,on_screen,0.6365258267662824,-8.546103286344959,0.3770024820835193,False,False,1,1.0
1789821626162,316,1355,1674.8342185577412,1473.5942854061557,1568.424891550562,1533.907943495944,2,1,terminal,0.7653415010764916,1744,13,0.8,-0.00016474253901312998,14.937671013359319,14.968977385394759,0.09350000254926272,0.2026999973168131,10.052499997982522,0.7799999984854367,11.046399999031564,0,True,on_screen,0.6365258267662824,-8.073973232854144,0.30692907848857826,False,False,1,1.0
1789821626229,317,1356,1750.5842387356768,1584.1095080773664,1695.9364345801423,1569.0490387029397,2,1,terminal,0.5316802010186163,1812,13,0.8,-0.0001651070664834206,15.007899482833405,14.969335911509159,0.11209999865968712,0.22589999935007654,10.676799996872433,0.8282999988296069,11.742999999114545,0,True,on_screen,0.6365258267662824,-7.717667515241743,0.11540379890419662,False,False,1,1.0
1789821626292,318,1357,1673.0018129224538,1556.5484466002447,1690.422114839997,1566.0434403187917,2,1,terminal,0.5424616304810954,1875,13,0.8,-0.0001685864048795692,15.065810201665046,14.969518023835944,0.08510000043315813,0.20740000036312267,12.171200000011595,0.8968999973149039,13.28750000175205,0,True,on_screen,0.6365258267662824,-7.718415436235432,0.2219139098829705,False,False,1,1.0
1789821626360,319,1358,1567.9310478054324,1532.0275068678254,1604.6783679158016,1542.2322869031154,2,1,terminal,0.6996541168052118,1942,13,0.8,-9.851571108863977e-05,15.100968695324408,14.96965109376575,0.20080000103916973,0.33710000207065605,13.243900000816211,0.8242000003519934,14.421899999433663,0,True,on_screen,0.6365258267662824,-7.631300670552719,0.6109943230127631,False,False,1,1.0
1789821626424,320,1359,1389.3097560918254,1595.7257177513077,1453.9203396390183,1579.67768849685,2,1,terminal,0.8571042532332459,2006,13,0.8,-5.51363485839125e-05,15.162277275162758,14.970614188019903,0.305800000205636,0.24850000045262277,10.60230000075535,0.8826999983284622,11.746100000891602,0,True,on_screen,0.6365258267662824,-7.768924721773317,0.2725347267429808,False,False,1,1.0
1789821626488,321,1360,1532.827921447792,1620.4164734761782,1509.1556469051598,1608.1948379823798,2,1,terminal,0.773146237818156,2070,13,0.8,-0.00013336298399919608,15.213656517210815,14.970559266906113,0.11589999849093147,0.2390000008745119,14.01600000099279,0.8167999985744245,15.08560000002035,0,True,on_screen,0.6365258267662824,-7.170128127444173,0.4540892742691743,False,False,1,1.0
1789821626569,322,1361,1472.6639640804462,1650.821524381728,1491.0463358319462,1629.348697280514,2,1,terminal,0.7543333492774013,2151,13,0.8,-0.0001381269315272743,14.92978444600762,14.967904737585014,0.15219999841065146,0.24159999884432182,16.155799999978626,0.7887000028858893,17.19740000044112,0,True,on_screen,0.6365258267662824,-7.404305845407407,0.4276057155303474,False,False,1,1.0
1789821626632,323,1362,1477.855764931727,1768.3740839777251,1481.8129362017926,1726.6664679685618,2,1,terminal,0.5928003993384867,2214,13,0.8,-0.0001451590997005054,14.966225143310833,14.967521467459107,0.22229999740375206,0.4335000012360979,19.623600001068553,0.8768000006966759,20.95310000004247,0,True,on_screen,0.6365258267662824,-7.347071231876356,0.17342760295411333,False,False,1,1.0
1789821626689,324,1363,1562.557291956586,1740.104105720443,1538.333985230148,1736.0728143948786,2,1,terminal,0.5482039367892692,2271,13,0.8,-0.00016734216224210605,15.089628743809797,14.970004487783253,0.12799999967683107,0.2151000007870607,10.208399999100948,0.49790000048233196,10.932100001809886,0,True,on_screen,0.6365258267662824,-7.540954362409195,-0.09676017520108239,False,False,1,1.0
1789821626759,325,1364,1508.8322603209713,1650.4297177125202,1517.6827777937244,1676.1226467172278,2,1,terminal,0.6599285864249511,2342,13,0.8,-5.1050823104567544e-05,15.142938851631703,14.97036084766319,0.13839999883202836,0.24620000112918206,10.750999997981125,0.5459999993036035,11.554400000022724,0,True,on_screen,0.6365258267662824,-8.375714188829221,-0.3318766296939412,False,False,1,1.0
1789821626818,326,1365,1538.1062695101268,1575.4770272672665,1531.979221995206,1605.670713102255,2,1,terminal,0.7525001615003083,2401,13,0.6,-0.00010796634950076787,15.15195542468889,14.969107249944749,0.1706000002741348,0.27910000062547624,18.675200000870973,1.372099999571219,20.34339999954682,0,True,on_screen,0.6365258267662824,-7.920453699134839,-0.08096913878720985,False,False,1,1.0
1789821626896,327,1366,1438.1270421733902,1555.4962220923594,1466.2826961199348,1570.5485693953278,2,1,terminal,0.8669961848160124,2478,13,0.6,-7.260245367345444e-05,14.885576628402195,14.96620737198658,0.19309999697725289,0.4303999994590413,23.741299999528565,0.5632000029436313,24.752900000748923,0,True,on_screen,0.6365258267662824,-7.427859943308164,-0.8896610388461451,False,False,1,1.0
1789821626969,328,1367,1223.5552100469517,1751.3216793450267,1296.3734558688466,1697.089746360117,2,1,terminal,0.5691625019241081,2552,13,0.6,2.1740480253390135e-05,14.98415428151339,14.969212600341818,0.15609999900334515,0.3037999995285645,9.30040000093868,0.6028999996487983,10.225500001979526,0,True,on_screen,0.6365258267662824,-7.746160783950302,-0.4393033388230231,False,False,1,1.0
1789821627022,329,1368,1314.0376142098335,1761.7718413644843,1306.7873614533248,1735.2230792582245,2,1,terminal,0.5224271202799564,2605,13,0.6,-3.664699953800227e-05,15.043900347401904,14.968936256672523,0.09270000009564683,0.30300000071292743,13.407799997366965,0.8153999988280702,14.53869999750168,0,True,on_screen,0.6365258267662824,-7.803703435562113,-0.5204938580436858,False,False,1,1.0
1789821627096,330,1369,1456.9136508437766,1895.10951709847,1411.875764026641,1847.1435857463962,-1,-1,off_screen,0.0,0,11,0.8,2.4061373347535747e-05,15.097412068264532,14.970046506117207,0.18340000315220095,0.3644999997050036,9.432599999854574,0.5607000020972919,10.371599997597514,0,True,gaze_outside_screen,0.6365258267662824,-8.077080848364119,-0.5768175263904302,False,False,1,1.0
1789821627149,331,1370,2276.829182416395,1913.7918932307387,2017.3431568994686,1893.797400985436,-1,-1,off_screen,0.0,52,11,0.8,7.245545303317946e-05,15.085051194611642,14.96882152904667,0.29069999800412916,0.6353999997372739,16.449200000351993,0.7675000015296973,17.87750000221422,0,True,gaze_outside_screen,0.6365258267662824,-8.139762088717958,0.4362793685435288,False,False,1,1.0
1789821627212,332,1371,2273.7761807417855,1890.3359994336508,2196.8462735890903,1891.3744198991863,-1,-1,off_screen,0.0,115,11,0.8,2.2499718737762492e-05,15.225660665528334,14.970200914247444,0.10849999671336263,0.2395999981672503,13.893600000301376,1.459800001612166,15.606900000420865,0,True,gaze_outside_screen,0.6365258267662824,-8.339997866646854,0.5846118508054711,False,False,1,1.0
1789821627297,333,1372,2205.0289983547477,1952.7331752863151,2201.311050092067,1924.8538704673056,-1,-1,off_screen,0.0,200,11,0.8,-1.6225559973020998e-05,14.96006449706036,14.967581669044208,0.13949999993201345,0.25380000079167075,17.57290000023204,1.0436999982630368,18.88669999971171,0,True,gaze_outside_screen,0.6365258267662824,-7.746427712203399,1.3803117371533349,False,False,1,1.0
1789821627355,334,1373,2179.732121645797,1980.0000000000002,2190.030883001505,1953.6809531964338,-1,-1,off_screen,0.0,259,11,0.8,-0.000188880855993806,14.987519351420666,14.96760814462618,0.2096999996865634,0.4470000021683518,18.057500001305016,1.3691000021935906,19.896300000254996,0,True,gaze_outside_screen,0.6365258267662824,-8.128858875370668,1.510498530854043,False,False,1,1.0
1789821627430,335,1374,2560.0472869359805,1980.0000000000002,2449.0423657556375,1972.1042859589302,-1,-1,off_screen,0.0,334,11,0.8,-0.00020553159133304862,15.031798701261573,14.96787361622503,0.4393999988678843,0.43619999996735714,19.092999998974847,0.7249999980558641,20.271100001991726,0,True,gaze_outside_screen,0.6365258267662824,-7.935982864920902,1.8447869776564527,False,False,1,1.0
1789821627496,336,1375,2510.4053594908373,1980.0000000000002,2482.5068142883283,1976.4102316123717,-1,-1,off_screen,0.0,400,11,0.8,-0.00017220877572257827,15.137484323530522,14.970433855857134,0.12649999916902743,0.22370000078808516,8.48260000202572,0.48100000276463106,9.213799999997718,0,True,gaze_outside_screen,0.6365258267662824,-8.257002883334877,1.235976708881843,False,False,1,1.0
1789821627560,337,1376,2579.031447115983,1980.0000000000002,2550.074057267687,1978.9230694837115,-1,-1,off_screen,0.0,463,11,0.8,-0.00017215201413620443,15.207171883904198,14.96922376005594,0.11549999908311293,0.20650000078603625,19.52739999978803,0.5428000004030764,20.288799998525064,0,True,gaze_outside_screen,0.6365258267662824,-8.19500359534274,2.057787945909789,False,False,1,1.0
1789821627618,338,1377,2686.7322993479884,1980.0000000000002,2645.7348267238976,1979.6769208451135,-1,-1,off_screen,0.0,522,11,0.8,-0.00022938175970713473,15.23013625256861,14.970434663537235,0.13299999773153104,0.25180000011459924,13.470500001858454,1.13229999988107,14.872700001433259,0,True,gaze_outside_screen,0.6365258267662824,-9.398899830475926,2.026342672685795,False,False,1,1.0
1789821627700,339,1378,2888.445270306866,1980.0000000000002,2815.6321372319753,1979.903076253534,-1,-1,off_screen,0.0,604,11,0.6,-0.00021931569634349793,14.946438178115956,14.967456611010402,0.19699999756994657,0.2806999982567504,17.545499998959713,1.4540999982273206,19.295900001452537,0,True,gaze_outside_screen,0.6365258267662824,-8.784159819920802,1.0479119922065125,False,True,1,1.0
1789821627761,340,1379,2258.298730342545,1980.0000000000002,2425.498752409374,1979.9709228760603,-1,-1,off_screen,0.0,664,11,0.6,-0.0003270920851844751,15.0225975276267,14.967161163835186,0.13440000111586414,0.30310000147437677,22.403500002837973,1.5404999976453837,24.265699998068158,0,True,gaze_outside_screen,0.6365258267662824,-8.22326995253448,0.11782283569471962,False,True,1,1.0
1789821627825,341,1380,1861.7012268194644,1980.0000000000002,2030.8404844964373,1979.9912768628183,-1,-1,off_screen,0.0,729,11,0.6,-0.0002657002054877299,15.065464753421091,14.968828878203238,0.22119999994174577,0.41899999996530823,14.317299999675015,1.3292999974510167,16.085899998870445,0,True,gaze_outside_screen,0.6365258267662824,-7.500208860599912,-0.8798897645934307,False,False,2,2.0
1789821627897,342,1381,1115.5085654767706,1980.0000000000002,1390.1081411826708,1979.9973830588456,-1,-1,off_screen,0.0,801,11,0.6,-7.772308202428496e-06,15.11576013093207,14.96769596206149,0.2125000028172508,0.4269999990356155,24.074999997537816,1.1199000000488013,25.642399999924237,0,True,gaze_outside_screen,0.6365258267662824,-9.232760761151866,-0.2675089202218599,False,False,2,2.0
1789821627956,343,1382,1283.6349633981445,1980.0000000000002,1315.5769167335022,1979.9992149176537,-1,-1,off_screen,0.0,860,11,0.6,0.0001693281123985313,15.181006096224229,14.97072560186499,0.34050000249408185,0.3536000003805384,9.30030000017723,0.6796999987273011,10.347100000217324,0,True,gaze_outside_screen,0.6365258267662824,-9.543146020230381,-0.5136885231919399,False,False,2,2.0
1789821628039,344,1383,1476.6332847178667,1980.0000000000002,1428.3163743225573,1979.9997644752962,-1,-1,off_screen,0.0,943,11,0.6,-0.0002682416542316903,14.890920939939779,14.968292772568256,0.25800000003073364,0.5262000013317447,9.299600002123043,0.8809999999357387,10.727399996540044,0,True,gaze_outside_screen,0.6365258267662824,-8.470103507131938,-0.2795415464096807,False,False,2,2.0
1789821628100,345,1384,875.1705675998616,1980.0000000000002,1041.1143096166704,1979.999929342589,-1,-1,off_screen,0.0,1003,11,0.6,-0.00012972276243664732,15.003479186530651,14.96869592511268,0.14860000010230578,0.29720000020461157,11.196999999810942,1.1013999974238686,12.608700002601836,0,True,gaze_outside_screen,0.6365258267662824,-8.15649396138079,0.3835504454232413,False,False,2,2.0
1789821628168,346,1385,1374.8113804999305,1980.0000000000002,1274.7022592349524,1979.9999788027767,-1,-1,off_screen,0.0,1072,11,0.6,-0.00015747474411001092,15.062279099986394,14.968300241822531,0.20640000002458692,0.32160000046133064,16.24470000024303,1.1423000032664277,17.723999997542705,0,True,gaze_outside_screen,0.6365258267662824,-8.251749587962678,0.5256737211473318,False,False,2,2.0
1789821628232,347,1386,1946.0058695964844,1888.8976965076324,1744.6147864880247,1916.2283811961756,-1,-1,off_screen,0.0,1136,11,0.6,-0.00020202684471377387,15.146505916889035,14.970137103903749,0.2677000011317432,0.2418000003672205,9.330299999419367,0.7073999986459967,10.29479999851901,0,True,gaze_outside_screen,0.6365258267662824,-7.9250812612777395,0.6012659288979465,False,False,2,2.0
1789821628292,348,1387,2216.808846116384,1980.0000000000002,2075.150628227876,1960.8685143588527,-1,-1,off_screen,0.0,1196,11,0.6,-0.0003790841110846051,15.185538175046512,14.969322122709174,0.11100000119768083,0.23940000028233044,16.691000000719214,0.8323999973072205,17.77560000118683,0,True,gaze_outside_screen,0.6365258267662824,-9.452518924892615,0.8000362538912794,False,False,2,2.0
1789821628348,349,1388,2447.64815559903,1980.0000000000002,2335.8988973876835,1974.2605543076559,-1,-1,off_screen,0.0,1252,11,0.6,-0.0005642410382920258,15.161442160815943,14.969220317224202,0.35569999818108045,0.7383000011031982,16.879200000403216,0.6515000022773165,18.294699999387376,0,True,gaze_outside_screen,0.6365258267662824,-8.77914916810596,1.043205209955587,False,True,2,2.0
1789821628440,350,1389,2729.3695652973315,1980.0000000000002,2611.3283649244368,1978.2781662922969,-1,-1,off_screen,0.0,1344,11,0.6,-0.0005042893500778189,14.93545904714257,14.968605677323394,0.12589999823831022,0.20359999689389952,9.865799998806324,1.3188000011723489,11.40049999958137,0,True,gaze_outside_screen,0.6365258267662824,-8.522912005542821,2.042782593492868,False,True,2,2.0
1789821628492,351,1390,2732.1149350051946,1980.0000000000002,2695.8789639809675,1979.4834498876892,-1,-1,off_screen,0.0,1396,11,0.6,-0.00035190441032249484,15.036412756535093,14.968084135691601,0.11169999925186858,0.19489999976940453,17.905600001540734,0.6135000003268942,18.725800000538584,0,True,gaze_outside_screen,0.6365258267662824,-9.274957132746437,0.9220402318841341,False,False,3,3.0
1789821628556,352,1391,2553.981399055785,1980.0000000000002,2596.55066853334,1979.8450349663067,-1,-1,off_screen,0.0,1460,11,0.6,-0.00043098786201877654,15.086987992608668,14.969041144252097,0.09709999721962959,0.23670000155107118,14.225200000510085,0.7783999972161837,15.25229999970179,0,True,gaze_outside_screen,0.6365258267662824,-10.229843997524569,1.163390382109932,False,False,3,3.0
1789821628634,353,1392,3001.742155363545,1980.0000000000002,2880.1847093144834,1979.953510489892,-1,-1,off_screen,0.0,1538,11,0.6,-0.0005043859451668714,15.088356814111734,14.968646749941797,0.35430000207270496,0.7213999997475185,16.649100001814077,0.8852000028127804,18.284699999639997,0,True,gaze_outside_screen,0.6365258267662824,-9.955044397991855,2.6830838242257737,False,False,3,3.0
1789821628697,354,1393,2724.56530642092,1869.8084486869816,2771.2511272889888,1902.8519672278549,-1,-1,off_screen,0.0,1601,11,0.6,-0.0005448061707155477,15.14701261338265,14.970589942899668,0.1751000017975457,0.3805999986070674,8.335100003023399,0.4852999991271645,9.215099998982623,0,True,gaze_outside_screen,0.6365258267662824,-9.172966079879444,1.0330563703996472,False,False,3,3.0
1789821628747,355,1394,2231.2635260787447,1596.73040043008,2393.259806441818,1688.5668704694126,2,2,terminal,0.6666531142837873,0,14,0.8,-0.0005413557700513598,15.246057890590556,14.97126596819909,0.12649999916902743,0.24589999884483404,8.866100000886945,0.716800001100637,9.840599999733968,0,True,on_screen,0.6365258267662824,-8.982464799428527,-0.21045506088731608,False,False,3,3.0
1789821628831,356,1395,2054.0902117591813,1725.8928149534536,2155.8410901639722,1714.6950316082412,2,2,terminal,0.42561021401218113,84,14,0.8,-0.0006484809096662103,14.9734129852531,14.969506471467882,0.08300000263261609,0.2375999974901788,6.960099999560043,0.5038000017520972,7.712499998888234,0,True,on_screen,0.6365258267662824,-8.788226000239604,-0.13415749206899977,False,False,3,3.0
1789821628890,357,1396,1746.3865159014917,1643.0087153540758,1869.222888180236,1664.5146102303252,2,1,terminal,0.1879163513374048,143,14,0.8,-0.0005257487247654971,15.019393501719389,14.96949688353071,0.16850000247359276,0.262100002146326,8.80680000045686,0.6988999994064216,9.77979999879608,0,True,on_screen,0.6365258267662824,-8.899657412985988,0.2863462947595872,False,False,3,3.0
1789821628967,358,1397,1678.7687585050774,1905.8398143451805,1735.904997407625,1833.4422531107239,-1,-1,off_screen,0.0,0,12,1.0,-0.00065735474598606,15.099920425285895,14.96922835625168,0.15469999925699085,0.27099999715574086,13.907399999879999,0.8727000022190623,15.064100000017788,0,True,gaze_outside_screen,0.6365258267662824,-8.345084187607256,0.14525147008773634,False,False,3,3.0
1789821629031,359,1398,1316.667664752832,1826.9354364244032,1442.43886454927,1828.8874814302994,-1,-1,off_screen,0.0,63,12,1.0,-0.0006770842488250141,15.15821142651479,14.970741885619157,0.08319999687955715,0.19890000112354755,7.886600000347244,0.5650999992212746,8.661300002131611,0,True,gaze_outside_screen,0.6365258267662824,-8.103709370249987,0.4146207521031883,False,False,3,3.0
1789821629091,360,1399,1473.8390403182536,1679.343825492146,1464.4189875875586,1724.2069222735922,2,1,terminal,0.6015595675053039,0,15,1.2,-0.000599405715671842,15.178844976089879,14.97095213124933,0.12570000035339035,0.1953999999386724,8.283999999548541,0.5708999997295905,9.061200002179248,0,True,on_screen,0.6365258267662824,-8.010531856303345,0.6888884439203954,False,False,3,3.0
1789821629175,361,1400,1652.3623638052882,1409.8374662605395,1595.9793509399692,1504.1483030644554,2,1,terminal,0.7243395948228618,83,15,1.2,-0.000526263289980726,14.922256965150792,14.96891592341622,0.09549999958835542,0.20260000019334257,8.531700001185527,0.5479999999806751,9.294300001783995,0,True,on_screen,0.6365258267662824,-8.122749581781392,1.301953112592091,False,False,3,3.0
1789821629239,362,1401,2005.3568309728475,1381.8068955545136,1882.5435869629841,1418.5093178074962,2,2,terminal,0.0745621027105623,148,15,1.2,-0.0005106866854400066,14.989220427902644,14.968937307509092,0.13969999781693332,0.2085999985865783,10.877199998503784,0.7289999994100071,11.829900002339855,0,True,on_screen,0.6365258267662824,-8.324095052542816,2.912707515608807,False,False,3,3.0
1789821629300,363,1402,1815.4529489400193,1363.2806385088204,1835.5801403469088,1379.8492422984232,2,1,terminal,0.26961810304688805,208,15,1.0,-0.0004028269673674624,15.056729147267054,14.96841023784018,0.121900000522146,0.2713999965635594,16.94659999702708,0.862000000779517,18.093899998348206,0,True,on_screen,0.6365258267662824,-8.267585224858635,1.9493790455718052,False,False,3,3.0
1789821629368,364,1403,2187.8917585615777,1305.4058910211527,2082.198273097177,1327.738896404334,2,2,terminal,0.36137675041234296,276,15,1.0,-0.00032646875353571983,15.086682768183465,14.969356489599855,0.15809999968041666,0.21869999909540638,12.49909999751253,1.1257000005571172,13.856000001396751,0,True,on_screen,0.6365258267662824,-7.424439824921137,0.8003988060443694,False,False,3,3.0
1789821629433,365,1404,1814.8694821802255,1348.2467241231882,1895.0681194553108,1342.0943758075318,2,2,terminal,0.06535273375278106,342,15,0.8,-0.00031373553486483373,15.141408557348544,14.96898790335647,0.17719999959808774,0.3043999968213029,17.584299999725772,1.1006999993696809,19.005599999218248,0,True,on_screen,0.6365258267662824,-7.499451779415324,0.5999400042731186,False,False,3,3.0
1789821629496,366,1405,1298.8292039911244,1401.2423674504705,1477.7008786303804,1383.4979699575888,2,1,terminal,0.7836715456372044,404,15,0.8,-0.0001377883009679639,15.182230988943672,14.968938174801298,0.27319999935571104,0.3782999992836267,20.334400000137975,1.0815999994520098,21.812300001329277,0,True,on_screen,0.6365258267662824,-8.323302886724264,0.38051642572412875,False,False,3,3.0
1789821629577,367,1406,1626.9478976212768,1379.4271032391584,1582.1737919240077,1380.6483632546876,2,1,terminal,0.6720557339311628,485,15,0.8,-6.220377530749381e-05,14.899558130007424,14.966795004982552,0.23019999935058877,0.5971000027784612,18.93449999988661,1.5797000014572404,21.132200003194157,0,True,on_screen,0.6365258267662824,-8.353718436733516,-1.0111963260872419,False,False,3,3.0
1789821629640,368,1407,1762.2921127219633,1176.842674323495,1708.2566164825766,1237.9843810028528,2,1,terminal,0.33752771502830925,549,15,0.8,-0.00011224418710678585,15.008819340347632,14.967612878196453,0.2679999997781124,0.6042999993951526,18.16580000013346,1.4831000007689,20.278600000892766,0,True,on_screen,0.6365258267662824,-8.497438335263979,-1.517816969575197,False,False,3,3.0
1789821629704,369,1408,1883.3422734350088,1093.661157253352,1830.8165763492793,1136.9581243782022,1,1,main_file,0.19256198651235912,0,4,1.0,-1.4991432875845201e-05,15.080598269851471,14.968995484051094,0.12399999832268804,0.3498999976727646,12.986699999601115,1.460600000427803,14.815000002272427,0,True,on_screen,0.6365258267662824,-8.251194301890536,-0.8658540165071605,False,False,3,3.0
1789821629768,370,1409,1879.8831632738402,1169.0008651490152,1856.208188861891,1153.5400166289403,1,1,main_file,0.139013506546243,63,4,1.0,-3.6377256598739416e-05,15.14376118412287,14.96907295505992,0.10320000001229346,0.2583999994385522,16.310000002704328,0.9031999979924876,17.488400000729598,0,True,on_screen,0.6365258267662824,-7.0551920513241555,-0.8897561971664304,False,False,3,3.0
1789821629832,371,1410,1687.5579715851336,1301.5612442920906,1738.1530367681607,1257.1548759931454,2,1,terminal,0.3206520081027534,0,16,1.2,-3.8878561048168864e-05,15.17324536488951,14.9689650041013,0.13049999688519165,0.26060000163852237,18.754300002910895,1.1689999992086086,20.198500002152286,0,True,on_screen,0.6365258267662824,-7.138761362301324,-0.6558150848888605,False,False,3,3.0
1789821629897,372,1411,1945.912586798159,1153.9336218131893,1883.5847217891596,1184.8999980671763,2,2,terminal,0.0,65,16,1.2,-0.0001884001467441377,15.21336400504028,14.969167922081471,0.24280000070575625,0.37629999860655516,19.97750000009546,1.1403999997128267,21.518199999263743,0,True,on_screen,0.6365258267662824,-7.145147741795654,-1.667000003119653,False,False,3,3.0
1789821629976,373,1412,1803.2607581816744,1051.7753989768355,1827.35794726392,1091.7127787039376,1,1,main_file,0.2364417990903699,0,5,1.4,-0.00017048169035236219,14.948114917677437,14.967878450523312,0.4408999993756879,0.4697999975178391,15.06359999984852,1.2854999986302573,16.835999998875195,0,True,on_screen,0.6365258267662824,-6.929852843515306,-1.6010516160115862,False,False,3,3.0
1789821630041,374,1413,2019.504489908795,1030.4002454425113,1961.8605271153324,1048.7940054209391,1,2,second_file,0.18253716530501773,0,1,1.6,-0.00012931426794097686,15.000273298638993,14.967747364508606,0.1419000000169035,0.32449999707750976,18.475699998816708,1.0127000023203436,19.829299999400973,0,True,on_screen,0.6365258267662824,-6.956613683992401,-1.7686391764496698,False,False,3,3.0
1789821630105,375,1414,1849.2246862903264,1087.7389226027342,1883.0154385378282,1076.0554474481955,1,2,second_file,0.035155149887262316,64,1,1.6,-6.0015540428396547e-05,15.057041771706015,14.968927391482444,0.23599999985890463,0.5220999992161524,13.107200000376906,1.3055999988864642,14.958100000512786,0,True,on_screen,0.6365258267662824,-6.802849038012255,-2.0142323924830148,False,False,3,3.0
1789821630169,376,1415,2295.0091903976345,1144.8135490470845,2171.4110648396927,1124.186118567418,1,2,second_file,0.4343578411020399,128,1,1.6,-8.306330054889954e-05,15.110315279307622,14.969223319171844,0.26789999901666306,0.4655999982787762,14.186300002620555,1.0791999993671197,15.749499998491956,0,True,on_screen,0.6365258267662824,-7.184359264959539,-2.94059893865211,False,False,3,3.0
1789821630233,377,1416,2039.881112460256,888.2451709482389,2079.340098174087,959.0274552339927,1,2,second_file,0.42398379134851616,192,1,1.6,-0.00011693154995324681,15.169697162745665,14.969830241808248,0.22569999782717787,0.27259999842499383,13.74789999681525,1.004800000373507,15.041599999676691,0,True,on_screen,0.6365258267662824,-6.64504900027427,-2.2958293185515606,False,False,3,3.0
1789821630313,378,1417,1862.3031030928605,938.9214541583003,1927.4142016172284,944.953254481008,1,2,second_file,0.16133143849333265,272,1,1.6,-7.245215882906511e-05,14.898752626112465,14.965762833870615,0.21829999968758784,0.4160999997111503,25.46059999804129,1.4170000031299423,27.312899997923523,0,True,on_screen,0.6365258267662824,-7.070411303688246,-1.8878773665565642,False,False,3,3.0
1789821630376,379,1418,2081.6211256154456,1075.2786626629913,2035.3590484159804,1036.1810402083963,1,2,second_file,0.3123428580807711,335,1,1.6,-0.00014604011003374953,14.995224624448012,14.96831794528846,0.15999999959603883,0.3561000012268778,13.896899999963352,0.6520999995700549,14.919299999746727,0,True,on_screen,0.6365258267662824,-7.789647650261884,-1.1490126219489603,False,False,3,3.0
1789821630440,380,1419,2030.1133654166188,1073.0950477169195,2033.5982561114172,1048.5717813872864,1,2,second_file,0.30150015359920823,399,1,1.6,-6.0440676902690296e-05,15.060564125494238,14.969354440102297,0.2173000029870309,0.28110000130254775,10.064599999168422,0.9003000013763085,11.259699997026473,0,True,on_screen,0.6365258267662824,-8.16650419100776,-0.3082633481278418,False,False,3,3.0
1789821630504,381,1420,1965.3203845656683,1182.148247388256,1985.803746029393,1142.0753075879652,1,2,second_file,0.15244533402270388,463,1,1.6,-5.767571654441764e-05,15.12179528675966,14.969809599592423,0.14110000120126642,0.26389999766252004,10.305500003596535,0.7913000008556992,11.37419999940903,0,True,on_screen,0.6365258267662824,-7.86011251233748,-0.5686720833640607,False,False,3,3.0
1789821630569,382,1421,1774.6273963793428,1247.1967430100358,1837.9803012743578,1215.6603123834147,2,1,terminal,0.13589152739775223,0,17,1.8,-0.00015194514784218176,15.159162515624876,14.970275249022269,0.12090000018361025,0.2509000005375128,9.704899999633199,0.7200000000011642,10.687699999834877,0,True,on_screen,0.6365258267662824,-7.912454540641079,-0.9830840536786147,False,False,3,3.0
1789821630632,383,1422,1780.1903052886196,1177.2800347872753,1802.7650954308783,1192.2727112454688,2,1,terminal,0.15959071800795044,62,17,1.8,-0.00017368589349048454,15.225164308117986,14.970600362322472,0.1384999995934777,0.3341999981785193,10.82970000061323,1.0317000014765654,12.209700002131285,0,True,on_screen,0.6365258267662824,-7.993374995886427,-0.7258412393575966,False,False,3,3.0
1789821630712,384,1423,1787.7503104290215,1134.6921384139823,1794.8793545845265,1162.0314873400023,1,1,main_file,0.22066352234380326,0,6,2.0,-0.00016603629285059582,14.944337867044098,14.968754765143796,0.13179999950807542,0.40419999641017057,9.030299999722047,0.7463000001735054,10.191100001975428,0,True,on_screen,0.6365258267662824,-8.110474206143039,-0.07023043174076367,False,False,3,3.0
1789821630775,385,1424,1663.8225387190173,1175.1289735892292,1703.13958347867,1171.199727714461,2,1,terminal,0.2560018352242548,0,18,2.2,-9.090522555337335e-05,15.021927101035256,14.969162531795709,0.18450000061420724,0.27269999918644316,9.81129999854602,0.6966000000829808,10.79319999917061,0,True,on_screen,0.6365258267662824,-7.495163548674753,-0.8788182787583076,False,False,3,3.0
1789821630839,386,1425,1514.7670459528429,1207.8872738214156,1571.278807210591,1196.8810099893292,2,1,terminal,0.4164252844850078,63,18,2.2,-9.944370378817471e-05,15.086103812834455,14.969675896022174,0.13360000230022706,0.2472000014677178,9.54490000003716,0.6860000030428637,10.4907999993884,0,True,on_screen,0.6365258267662824,-7.408403052850019,-0.6691513361825798,False,False,3,3.0
1789821630905,387,1426,1388.8335564791855,1093.3038633650503,1443.5671316986072,1124.377007352334,1,1,main_file,0.6035513225389371,0,7,2.4,-0.00013939641455575774,15.09676078011041,14.969586325055726,0.14549999832524918,0.278499999694759,11.059999997087289,0.6906999988132156,12.041599999065511,0,True,on_screen,0.6365258267662824,-6.811891443421814,-0.4753302015738727,False,False,3,3.0
1789821630969,388,1427,1077.4922444319807,1165.3647538289963,1187.3147106119686,1153.0684298859976,1,1,main_file,0.36820241966604006,64,7,2.4,-0.00010742656027388359,15.154192979908121,14.97015811230288,0.38579999818466604,0.33059999987017363,10.29969999945024,0.7476999999198597,11.390900002879789,0,True,on_screen,0.6365258267662824,-6.852910558689416,-1.7057918283770273,False,False,3,3.0
1789821631048,389,1428,1060.5428220639305,1176.8902172628648,1098.5743886283421,1169.7436810498048,1,1,main_file,0.23128205218548237,143,7,2.4,-0.000104616299417222,14.913583065996784,14.96851016968607,0.1267000006919261,0.2468999991833698,9.31049999780953,0.6796999987273011,10.24899999902118,0,True,on_screen,0.6365258267662824,-7.487988578488256,-2.3663293828508154,False,False,3,3.0
1789821631113,390,1429,775.6002207268673,1192.2155058596136,872.4924710973098,1185.473958416671,2,0,terminal,0.1114246932029852,0,19,2.6,-0.00016183958488826151,14.969137199564855,14.968734294548069,0.13249999756226316,1.3873000025341753,8.92750000275555,0.6524000018544029,10.98180000190041,0,True,on_screen,0.6365258267662824,-7.574045491071217,-2.0751608603350133,False,False,3,3.0
1789821631177,391,1430,986.9269633477517,1108.115035996903,952.5966156726191,1131.3227127228336,1,0,sidebar,0.0704300079831256,0,0,2.8,-0.00016122802958118757,15.034987195987375,14.969300194993,0.13659999967785552,0.2550000026531052,9.20399999813526,0.7158999978855718,10.187200001382735,0,True,on_screen,0.6365258267662824,-6.583608503294755,-1.7776495548873024,False,False,3,3.0
1789821631240,392,1431,740.175020059189,1253.988928180739,803.9014987432181,1217.1890635433674,2,0,terminal,0.24034675376324421,0,20,3.0,-2.9631917868798777e-05,15.097210438620404,14.969724093925667,0.09649999992689118,0.23209999926621094,9.491199998592492,0.6800999981351197,10.414800002763513,0,True,on_screen,0.6365258267662824,-7.505449652702168,-1.366567475504893,False,False,3,3.0
1789821631303,393,1432,795.5395213565188,1064.6799282008162,798.0481145725287,1110.4326688035815,1,0,sidebar,0.3262628883313372,0,1,3.2,-5.652618118317382e-05,15.169177245448925,14.970500179862393,0.0867000017024111,0.20629999926313758,8.1465000002936,0.6719999983033631,9.033499998622574,0,True,on_screen,0.6365258267662824,-6.885653787028986,-0.5405720204929814,False,False,3,3.0
1789821631368,394,1433,785.7807008481059,1130.9340820342522,795.3317858090367,1114.9722221032177,1,0,sidebar,0.32577507527656235,65,1,3.2,-0.00017911572199397728,15.202935615681763,14.970800800723724,0.17149999985122122,0.29659999927389435,8.43929999973625,0.6758000017725863,9.42159999976866,0,True,on_screen,0.6365258267662824,-7.1404970084319075,0.27063355385810367,False,False,3,3.0
1789821631448,395,1434,696.28949406847,1177.8296666833846,726.00218159064,1158.9724333093345,1,0,sidebar,0.36896782491125835,144,1,3.2,-0.00017509814086231514,14.93622416499501,14.96837508017305,0.11860000086016953,0.2536000029067509,10.93389999732608,0.7713999984844122,11.969700000918237,0,True,on_screen,0.6365258267662824,-5.526785050717763,1.2419214536884093,False,False,3,3.0
1789821631512,396,1435,679.8319479563798,1037.4620271127906,693.6830180466579,1073.9151489717538,1,0,sidebar,0.513262949386364,209,1,3.2,-0.0001587493311122675,15.000860363311094,14.969043787955858,0.12350000179139897,0.23860000146669336,9.266299999580951,0.8051000004343223,10.320099998352816,0,True,on_screen,0.6365258267662824,-4.943626255314314,2.796948234798781,False,False,3,3.0
1789821631576,397,1436,781.3919082580202,1454.8023575959382,755.0792411946115,1340.5361950086829,2,0,terminal,0.43827531157304045,0,21,3.4,-0.00022141894976637592,15.070815430729743,14.969611454196505,0.1218999968841672,0.2367999986745417,8.698200002982048,0.8487999984936323,9.794500001589768,0,True,on_screen,0.6365258267662824,-6.684327619715191,0.9952006759645117,False,False,3,3.0
1789821631640,398,1437,1629.0203571564575,1669.4736819071725,1366.8380223679037,1570.7924358376256,2,1,terminal,0.8201449818964515,64,21,3.4,-0.00043786138635329083,15.11115858604973,14.969842564603423,0.16790000154287554,0.3448999996180646,9.334099999250611,0.800499998149462,10.49109999803477,0,True,on_screen,0.6365258267662824,-7.043292264472058,0.9029902274375159,False,False,3,3.0
1789821631703,399,1438,1955.0115298722633,1617.9688634770168,1778.5594776209552,1603.8159351851994,2,1,terminal,0.3743910125842942,127,21,3.4,-0.0003560660198368773,15.17743180148631,14.970538272179223,0.1295000001846347,0.2519000008760486,8.447799998975825,0.7221999985631555,9.431599999516038,0,True,on_screen,0.6365258267662824,-7.180375646805942,1.540442283793772,False,False,3,3.0
1789821631769,400,1439,1857.0033079166117,1481.6733964376099,1833.4701588279147,1518.3161580618869,2,1,terminal,0.3041180352184154,193,21,3.4,-0.00021865315871924876,15.198393985411426,14.97090560031705,0.14510000255540945,0.2494000000297092,7.993799998075701,0.6281999994826037,8.881300000211922,0,True,on_screen,0.6365258267662824,-7.381813141497162,-0.5170741157201922,False,False,3,3.0
1789821631848,401,1440,1818.9696024860275,1504.7853375886484,1830.76129290023,1515.7884496285426,2,1,terminal,0.3090931632360411,272,21,3.4,-0.00020249899094617468,14.936860982010579,14.96885772808838,0.14369999917107634,0.27969999791821465,8.393400003114948,0.6811999992351048,9.364900000946363,0,True,on_screen,0.6365258267662824,-6.0202963603409785,-0.49383197479076657,False,False,3,3.0
1789821631911,402,1441,1697.4311876665356,1311.8100371822616,1737.430219236644,1373.003560916146,2,1,terminal,0.4286467460962782,335,21,3.4,-0.00021018652016047829,15.02585153814266,14.969482709756072,0.08450000314041972,0.2179000002797693,8.091700001386926,0.6484000005002599,8.966999997937819,0,True,on_screen,0.6365258267662824,-6.181858660930288,-0.11862624116746892,False,False,3,3.0
1789821631976,403,1442,1420.6302861508677,1238.0615070159822,1515.6702660766007,1278.5441231860314,2,1,terminal,0.5865529086727947,400,21,3.4,-0.00015991327008772586,15.067064714922944,14.969499582314437,0.14390000069397502,0.33710000207065605,9.785100002773106,0.7526999979745597,10.885800002142787,0,True,on_screen,0.6365258267662824,-6.330347365102995,0.27722121443071773,False,False,3,3.0
1789821632039,404,1443,1114.4911957295396,1203.1135444346576,1234.8449168336579,1225.7427180600698,2,1,terminal,0.3949193859846951,463,21,3.4,-0.00015452207367552123,15.131892107578825,14.969957551580348,0.14849999934085645,0.2714000002015382,10.030399997049244,0.7917000002635177,11.10770000013872,0,True,on_screen,0.6365258267662824,-5.674884742419152,-1.427405648925691,False,False,3,3.0
1789821632103,405,1444,1285.456866756164,1000.3764573583677,1270.2732817794122,1067.9863355688785,1,1,main_file,0.5781166719385256,0,8,3.4,-0.00018493140495025838,15.176514856480823,14.970294555443438,0.1253000009455718,0.28949999978067353,10.419500002171844,0.8220999989134725,11.543799999344628,0,True,on_screen,0.6365258267662824,-5.550624402579018,-1.4337810609716137,False,False,3,3.0
1789821632184,406,1445,898.2851274432614,1154.078428859489,1009.8815737441066,1128.2508008723057,1,1,main_file,0.13975969318613413,81,8,3.4,-4.795589582515594e-05,14.910977879225408,14.968380151526317,0.21769999875687063,0.28469999961089343,9.751699999469565,0.7746000010229181,10.822800002642907,0,True,on_screen,0.6365258267662824,-5.38344547200316,-1.7988910264586526,False,False,3,3.0
1789821632248,407,1446,1158.1031265924937,1070.7933313966416,1113.6366607379775,1088.030572239341,1,1,main_file,0.33457858501382953,144,8,3.4,-3.9099501390344946e-05,14.97612108452846,14.968977229475424,0.0943000013648998,0.23119999968912452,8.633899997221306,0.6436000003304798,9.519700000964804,0,True,on_screen,0.6365258267662824,-5.474473306038817,-1.3770792835970882,False,False,3,3.0
1789821632311,408,1447,1188.0519709191342,1130.138061265368,1165.7273778647873,1117.50581455756,1,1,main_file,0.3815814675047645,208,8,3.4,-6.777500998985525e-05,15.053852952394267,14.969538731850836,0.14770000052521937,0.23690000307396986,8.315499999298481,0.6573000027856324,9.220199997798773,0,True,on_screen,0.6365258267662824,-5.887786124571335,-1.312440861153678,False,False,3,3.0
1789821632376,409,1448,1106.3456446751077,1117.2085373137566,1134.6027595516798,1117.34999827788,1,1,main_file,0.33777581242499566,273,8,3.4,-5.969264981597541e-05,15.097966394352234,14.969911274390595,0.16759999925852753,0.33320000147796236,8.09060000028694,0.640199999907054,9.078300001419848,0,True,on_screen,0.6365258267662824,-6.129328728004452,-1.2355177390653769,False,False,3,3.0
1789821632440,410,1449,1105.2965148929786,1112.474087814776,1126.6593551214542,1116.028391595582,1,1,main_file,0.32762132025387325,337,8,3.4,-3.628734341524012e-05,15.161795782738702,14.970453825712452,0.12769999739248306,0.2347999979974702,7.915000001958106,0.6627999973716214,8.823500000289641,0,True,on_screen,0.6365258267662824,-6.432806284554289,-1.10374406181786,False,False,3,3.0
1789821632505,411,1450,1117.0627406479393,958.6848152679953,1119.9417249899939,1005.8878881662713,1,1,main_file,0.4044234419276892,402,8,3.4,2.096444880132775e-05,15.186265464837216,14.97068841422187,0.2932999996119179,0.25380000079167075,8.312300000397954,0.6192999971972313,9.19639999847277,0,True,on_screen,0.6365258267662824,-6.392491354476078,-1.0391464543504865,False,False,3,3.0
1789821632584,412,1451,1604.9502353538342,1018.0023449426263,1459.4476822446818,1014.3680079097198,1,1,main_file,0.7950499164184741,481,8,3.4,6.590522764665652e-06,14.919659366336255,14.968705872621097,0.17750000188243575,0.2663000013853889,8.047600000281818,0.634899999568006,8.959700000559678,0,True,on_screen,0.6365258267662824,-5.908859855771709,-0.6248907060296736,False,False,3,3.0
1789821632647,413,1452,2025.1904643364833,919.7690275407543,1855.467629708943,948.148721651444,1,1,main_file,0.2610961260956216,544,8,3.4,4.931168621281554e-06,15.015025251894572,14.969298695191508,0.12889999925391749,0.2555999999458436,7.9760999979043845,0.6825999989814591,8.925199999794131,0,True,on_screen,0.6365258267662824,-5.952948539266373,0.349881142038507,False,False,3,3.0
1789821632712,414,1453,1999.18617312981,900.2287004756238,1956.0706101035498,914.6047068283699,1,2,second_file,0.21530200813465394,0,2,3.6,4.819629695632099e-06,15.072702161763754,14.969747500251604,0.09200000204145908,0.21689999994123355,7.836599997972371,0.6189000014273915,8.682299998326926,0,True,on_screen,0.6365258267662824,-5.821584193813521,0.8597348586577032,False,False,3,3.0
1789821632775,415,1454,2038.7445222026827,788.0197715377067,2013.942348572943,825.9952521249056,1,2,second_file,0.30554808583271253,63,2,3.6,2.4612236062660983e-05,15.12606406402842,14.970167185200639,0.09829999908106402,0.23270000019692816,7.802000000083353,0.6389999980456196,8.684000000357628,0,True,on_screen,0.6365258267662824,-5.87411998340221,-0.13341272351889336,False,False,3,3.0
1789821632841,416,1455,1848.8808009273896,956.9914291913124,1898.3992652210557,917.6925760713902,1,2,second_file,0.11328939666527837,129,2,3.6,8.3323439625832e-05,15.143932472165725,14.970302638989953,0.323799999023322,0.3265000013925601,8.29169999997248,0.6283000002440531,9.265000000596046,0,True,on_screen,0.6365258267662824,-6.015093347293799,-0.07062353968879961,False,False,3,3.0
1789821632903,417,1456,1899.1131277491104,974.8340251798714,1898.7598143683445,946.552895728536,1,2,second_file,0.11066645365387184,191,2,3.6,5.297831252133213e-05,15.22362453079511,14.970910349019238,0.1007999999274034,0.2702000019780826,8.50459999855957,0.5982000002404675,9.383900000102585,0,True,on_screen,0.6365258267662824,-6.1966977638255685,0.3769098003105039,False,False,3,3.0
1789821632984,418,1457,1979.2682781373192,895.7880532611964,1955.1157390066267,911.0175060013983,1,2,second_file,0.21379839986868832,272,2,3.6,5.866224642291258e-05,14.951776351732486,14.968911230590983,0.09419999696547166,0.23259999943547882,8.391399998799898,0.5764999987150077,9.21070000185864,0,True,on_screen,0.6365258267662824,-6.2136007946701,0.328652540264568,False,False,3,3.0
1789821633048,419,1458,1820.1998786269066,997.0930020500161,1860.6746367408227,971.2703532354308,1,1,main_file,0.24621923969589232,0,9,3.8,9.604145069263062e-05,15.008232431637323,14.96919032622833,0.14020000162418,0.2415000017208513,8.83619999876828,0.66059999880963,9.752099998877384,0,True,on_screen,0.6365258267662824,-6.346619671621539,0.4307901758220874,False,False,3,3.0
1789821633111,420,1459,1790.2990535986796,873.280212001855,1811.4117285413226,902.6772543719278,1,1,main_file,0.3438235451375836,62,9,3.8,3.2363997125126054e-05,15.081954459815126,14.969682386545868,0.1297999988310039,0.3056999994441867,8.896799998183269,0.6269999976211693,9.841200000664685,0,True,on_screen,0.6365258267662824,-6.377901216641902,0.2761466943162653,False,False,3,3.0
1789821633176,421,1460,1936.1818330288063,907.5561448369917,1898.7508016825614,906.0924776974725,1,2,second_file,0.11439611105062841,0,3,4.0,3.2917862242992646e-05,15.101094500735272,14.96984759967143,0.1548000000184402,0.4076999975950457,9.049899999808986,0.6240000002435409,10.093100001540734,0,True,on_screen,0.6365258267662824,-6.676651556241495,0.13043191414403285,False,False,3,3.0
1789821633240,422,1461,2134.8855039885257,815.2289319724198,2064.0450932967365,842.4879956899356,1,2,second_file,0.3978468461805753,63,3,4.0,6.82885394392551e-05,15.16373000962196,14.97028740698589,0.19379999866941944,0.36389999877428636,9.418300000106683,0.6511999999929685,10.443800001667114,0,True,on_screen,0.6365258267662824,-6.506408576045828,0.031190068660003428,False,False,3,3.0
1789821633320,423,1462,1901.969550295274,949.5303969910535,1950.5922131957127,917.4176766007181,1,2,second_file,0.20545175662896864,143,3,4.0,0.00010385076631321682,14.907814075582955,14.968580013735153,0.17909999951370992,0.48629999946570024,7.927500002551824,0.6168999971123412,9.045899998454843,0,True,on_screen,0.6365258267662824,-6.127089508052308,0.6421134162088252,False,False,3,3.0
1789821633383,424,1463,1664.8747914141586,1049.982364981509,1750.5900179486248,1010.2129584672716,1,1,main_file,0.41776975495048074,0,10,4.2,0.00025185373543180553,14.979603472057374,14.969054288873707,0.09859999772743322,0.25289999757660553,7.8981999977258965,0.5964000010862947,8.75860000087414,0,True,on_screen,0.6365258267662824,-6.758119478992683,0.05301685551136166,False,False,3,3.0
1789821633448,425,1464,1585.2126341642559,972.1000810738846,1634.8258492995665,983.5339442919008,1,1,main_file,0.6255047866697057,65,10,4.2,0.00023195201223671393,15.027555963203936,14.969299775972459,0.11389999781385995,0.4411000008985866,8.232599997427315,0.5864999984623864,9.272700001019984,0,True,on_screen,0.6365258267662824,-6.575472143454789,0.7351227546681971,False,False,3,3.0
1789821633512,426,1465,1670.3844000760632,1063.013093355878,1659.7168348431142,1039.1693486366848,1,1,main_file,0.5405194978949408,129,10,4.2,0.0001784547629881516,15.096294716494967,14.96953095538495,0.11970000196015462,0.2660999998624902,9.982300001865951,0.6705000014335383,10.930999997071922,0,True,on_screen,0.6365258267662824,-6.657559773334924,0.4979943442849999,False,False,3,3.0
1789821633575,427,1466,1840.1297434896605,889.3315911991936,1786.0058708956967,934.2829184304409,1,1,main_file,0.38573099686722667,192,10,4.2,0.00013914623660357672,15.164982947654241,14.970264831531132,0.08539999907952733,0.21080000078654848,8.420199999818578,0.9304000013798941,9.575800002494361,0,True,on_screen,0.6365258267662824,-6.27617574265642,1.0312747131439168,False,False,3,3.0
1789821633639,428,1467,2024.896408069943,1026.3537476405738,1953.2292469176691,998.732498877534,1,2,second_file,0.1916628786058191,0,4,4.4,0.0001278644231681135,15.218126523391927,14.970887364447341,0.08059999890974723,0.2023999986704439,7.770599997456884,0.6070000017643906,8.589200002461439,0,True,on_screen,0.6365258267662824,-6.466216803905468,1.1019140549483666,False,False,3,3.0
1789821633720,429,1468,1799.2873038208184,1232.3871523878965,1845.4698867498737,1162.2907563347876,1,1,main_file,0.14686033711158808,0,11,4.6,0.00019976501879569175,14.931494787979707,14.968557382808967,0.10789999942062423,0.2432000001135748,8.739699998841388,0.6934000011824537,9.689300000900403,0,True,on_screen,0.6365258267662824,-6.171271262344277,1.2258598779647056,False,False,3,3.0
1789821633784,430,1469,1744.9826026524013,1176.5799021959608,1775.128787881643,1172.2931584376088,2,1,terminal,0.17192091168171508,0,22,4.6,0.00022901605145461863,15.010212656126305,14.9689586391593,0.0959999997576233,0.22589999935007654,8.460000000923174,1.5476000007765833,10.246800000459189,0,True,on_screen,0.6365258267662824,-6.189372880114945,0.8823829348566878,False,False,3,3.0
1789821633847,431,1470,1684.722843039997,1054.7670898571685,1711.8446264924908,1090.0249104313007,1,1,main_file,0.4140402424167071,0,12,4.8,0.00019295220322259124,15.082067457326248,14.969690714458755,0.1306000012846198,0.3219999998691492,7.693199997447664,0.6431999972846825,8.671199997479562,0,True,on_screen,0.6365258267662824,-6.088178294755551,0.7047842170351456,False,False,3,3.0
1789821633911,432,1471,1657.126767151277,1082.4258370680113,1685.0964887583755,1086.3101989381958,1,1,main_file,0.4560978740933478,64,12,4.8,0.00017275815943671238,15.140954254547937,14.970154442727715,0.08660000094096176,0.21489999926416203,7.800100000167731,0.5920999974478036,8.616499999334337,0,True,on_screen,0.6365258267662824,-5.956959573045054,0.581118711496067,False,False,3,3.0
1789821633976,433,1472,1695.2792911490583,1087.1020604746209,1686.3184250452573,1086.4052223225667,1,1,main_file,0.4542764328972696,129,12,4.6,0.00016826247216111812,15.16492047152656,14.970134845401768,0.14319999900180846,0.21889999698032625,9.70479999887175,0.5928999999014195,10.527700000238838,0,True,on_screen,0.6365258267662824,-5.902122505563426,0.39659808198005514,False,False,3,3.0
1789821634040,434,1473,1676.0901797261624,1112.9141088429903,1683.65908981585,1093.2975106493352,1,1,main_file,0.4505317527053875,193,12,4.6,0.0001410668621378581,15.218348750968032,14.970921135287558,0.08229999730247073,0.21009999909438193,7.636600003024796,0.6037999992258847,8.462400001008064,0,True,on_screen,0.6365258267662824,-5.245731771618949,0.37280866043432115,False,False,3,3.0
1789821634119,435,1474,1780.5174809277705,1134.3564195981512,1751.4599635941943,1122.0387469135064,1,1,main_file,0.3242461229946081,272,12,4.4,0.00013738045285913852,14.954845604786204,14.968857728173075,0.08850000085658394,0.2120000026479829,8.455099999991944,0.6841999966127332,9.360299998661503,0,True,on_screen,0.6365258267662824,-5.285677073122031,0.768156420660593,False,False,3,3.0
1789821634184,436,1475,1565.607235307494,1155.403525258175,1621.3630537935042,1145.3940917547743,1,1,main_file,0.4609192594925434,337,12,4.4,0.00016533484229821344,15.007358245565227,14.969302117241632,0.16250000044237822,0.2787000012176577,7.699599998886697,0.6323000015981961,8.640600000944687,0,True,on_screen,0.6365258267662824,-5.906939088527366,0.5786841754921714,False,False,3,3.0
1789821634247,437,1476,1406.8460235018456,1301.0684702508067,1471.2011325893432,1254.366156701997,2,1,terminal,0.562560881181961,0,23,4.6,0.0002396167647502022,15.080570433481839,14.969827445628653,0.09169999975711107,0.25749999986146577,7.559500001661945,0.6228000020200852,8.449400000245078,0,True,on_screen,0.6365258267662824,-5.786351574237557,0.6816476047479071,False,False,3,3.0
1789821634311,438,1477,1388.106573058119,1412.0804673578925,1413.0349409174862,1364.7661741611237,2,1,terminal,0.7563842510152923,64,23,4.6,0.00023554178591681657,15.130917708815863,14.970311176861593,0.09689999933470972,0.22489999901154079,7.067500002449378,0.5915000001550652,7.893900001363363,0,True,on_screen,0.6365258267662824,-5.999260220676803,0.36339101654910283,False,False,3,3.0
1789821634376,439,1478,1387.3360574350015,1513.4366615353015,1395.045722479747,1468.8355153230482,2,1,terminal,0.9033631685498678,128,23,4.6,0.00027510771506247117,15.170088282683123,14.970594849769794,0.1733999997668434,0.2182000025641173,7.6330000010784715,0.538699998287484,8.399900001677452,0,True,on_screen,0.6365258267662824,-6.538060808665762,0.6593475263227304,False,False,3,3.0
1789821634456,440,1479,1629.4815825307667,1404.481796000076,1559.1508245154607,1423.7879117969676,2,1,terminal,0.7501236175102624,209,23,4.6,0.00019427706702708838,14.899698001624035,14.968596294863737,0.0824999988253694,0.23920000239741057,7.383199998002965,0.5391999984567519,8.171200002834667,0,True,on_screen,0.6365258267662824,-7.017730955177001,0.9617404748973385,False,False,3,3.0
1789821634520,441,1480,1654.7453325564331,1425.8919711634696,1626.0669801441413,1425.260753353519,2,1,terminal,0.645754850778866,273,23,4.6,0.00016139608767408095,14.981010194646473,14.969027822216784,0.12180000339867547,0.2502999996067956,7.702300001255935,0.521500001923414,8.484999998472631,0,True,on_screen,0.6365258267662824,-6.6231141276589085,0.7747297493715115,False,False,3,3.0
1789821634583,442,1481,1687.5839630294993,1369.1091022189557,1669.1288681638919,1385.9545975593248,2,1,terminal,0.5478364120703176,335,23,4.6,0.0001901993807308447,15.061904744595836,14.969637895113127,0.08849999721860513,0.198199999431381,7.1946999996725935,0.5236000033619348,7.92610000280547,0,True,on_screen,0.6365258267662824,-6.090864164991615,1.108478968678053,False,False,3,3.0
1789821634649,443,1482,1553.7044204660021,1365.5403588074314,1588.331754775369,1371.6646304329995,2,1,terminal,0.6534804918513435,401,23,4.6,0.00021298786584774895,15.082308301436765,14.969810074928981,0.08850000085658394,0.20150000273133628,7.320900000195252,0.5522999999811873,8.083900000201538,0,True,on_screen,0.6365258267662824,-6.018148835756705,1.1550329252298066,False,False,3,3.0
1789821634711,444,1483,1660.3566631837214,1378.6412426581119,1634.0569437388422,1376.093749738636,2,1,terminal,0.5932419506681006,463,23,4.4,0.00026386806296686827,15.17764380280829,14.970468671034283,0.08460000026389025,0.20930000027874485,7.395900000119582,0.5510000009962823,8.166299998265458,0,True,on_screen,0.6365258267662824,-6.11389745270381,1.1612824140141909,False,False,3,3.0
1789821634776,445,1484,1818.625461767773,1287.4390284340293,1763.2549063590936,1314.0354448254113,2,1,terminal,0.34115887344118834,529,23,4.4,0.00018029277632294546,15.209070899465406,14.97048686543249,0.112900001113303,0.24560000019846484,9.267100002034567,0.7698999979766086,10.294199997588294,0,True,on_screen,0.6365258267662824,-5.851491734161073,0.846476554803805,False,False,3,3.0
1789821634856,446,1485,1899.87678207372,1249.7036936287952,1858.8902193593321,1269.0032189877802,2,1,terminal,0.15489858199180262,608,23,4.2,0.0001878465196732161,14.928838587715296,14.968281063346447,0.1579000017954968,0.27579999732552096,10.081500000524102,0.7398000016110018,11.108599999715807,0,True,on_screen,0.6365258267662824,-5.805628505282243,0.64545098668732,False,False,3,3.0
1789821634920,447,1486,1940.2876207279674,1260.653126238128,1915.8684003173767,1263.1581540630236,2,2,terminal,0.047839919134109454,673,23,4.2,0.00018419815871818096,15.003994318866006,14.969009370794236,0.12719999722321518,0.24629999825265259,8.415500000410248,0.638100002106512,9.312300000601681,0,True,on_screen,0.6365258267662824,-6.152036345911256,0.7566388035494166,False,False,3,3.0
1789821634984,448,1487,1766.3115325572726,1266.023231846535,1811.1785928853037,1265.1637085114817,2,1,terminal,0.22403128961158802,736,23,4.0,0.00014401256340883066,15.066947402600416,14.969471509462533,0.09370000043418258,0.23249999867402948,8.237899997766363,0.6044000001566019,9.084999997867271,0,True,on_screen,0.6365258267662824,-6.1184839203657475,0.31995958742372343,False,False,3,3.0
1789821635047,449,1488,1772.9280233653799,1225.8345095057882,1792.6044314839864,1246.0657735190166,2,1,terminal,0.2323396838114603,799,23,3.8,0.00014586229024544928,15.138348689508444,14.969896052120117,0.13590000162366778,0.2361999977438245,8.777200000622543,0.6756000002496876,9.701499999209773,0,True,on_screen,0.6365258267662824,-6.395526345490822,0.6169107403447065,False,False,3,3.0
1789821635112,450,1489,1714.40914065556,1296.8895034440466,1737.8677279040878,1281.6423844665376,2,1,terminal,0.3475169113403006,865,23,3.8,0.0002446710036567174,15.1526848901593,14.970056162754348,0.2922999992733821,0.2423999976599589,9.096400000998983,0.6501999996544328,10.000500002206536,0,True,on_screen,0.6365258267662824,-6.519155538259554,0.5955948303475452,False,False,3,3.0
1789821635191,451,1490,1695.9951352928151,1418.0778252937396,1708.556913076197,1377.147193045579,2,1,terminal,0.47826388282960686,944,23,3.8,0.00020220704916442886,14.909430189734934,14.968332849358783,0.1931000006152317,0.41590000182623044,8.5986000012781,0.6130000001576263,9.64409999869531,0,True,on_screen,0.6365258267662824,-6.684265181480896,0.4986353038511498,False,False,3,3.0
1789821635255,452,1491,1715.1961200701862,1346.4007584126657,1710.4553307305753,1368.3555445295497,2,1,terminal,0.4686003318658738,1008,23,3.8,0.00020208335711556155,14.985850896330984,14.968906043221775,0.09540000246488489,0.23389999842038378,7.988900000782451,0.6027000017638784,8.83599999724538,0,True,on_screen,0.6365258267662824,-6.153641051778067,0.3850653088507943,False,False,3,3.0
1789821635320,453,1492,1602.1919624599414,1170.7376498556555,1634.6709729411316,1230.0230182578237,2,1,terminal,0.4119788194372107,1072,23,3.8,9.240750419437643e-05,15.028256941435417,14.969163357939093,0.12139999671489932,0.3664999967440963,8.009500001207925,0.6487999999080785,9.035099999891827,0,True,on_screen,0.6365258267662824,-5.980366559661434,0.29592941692298114,False,False,3,3.0
1789821635383,454,1493,1695.2309953508845,1485.2802181574802,1677.0629886279587,1408.7030581875833,2,1,terminal,0.5512049974522237,1135,23,3.8,-0.00023283787302128163,15.109667463187305,14.969731973997876,0.11140000060549937,0.23539999892818742,8.031600002141204,0.6501999996544328,8.928200000809738,0,True,on_screen,0.6365258267662824,-6.237379251331987,0.23385841992519102,False,False,3,3.0
1789821635448,455,1494,0.0,0.0,0.0,0.0,-1,-1,,0.0,0,0,3.8,-0.0011672564393652336,15.141789146662912,14.970086160601632,0.44659999912255444,0.2432000001135748,7.824399999663001,0.4847999989578966,8.563600000343286,0,True,eyes_invalid_or_blink,0.6365258267662824,-8.199714837509845,-0.1801908764247095,False,True,3,3.0
1789821635512,456,1495,0.0,0.0,0.0,0.0,-1,-1,,0.0,0,0,3.8,-0.001190165453411364,15.202966616960433,14.970392219169081,0.0878000028023962,0.622200001089368,8.721299996977905,0.48909999895840883,9.843799998634495,0,True,eyes_invalid_or_blink,0.6365258267662824,-8.500613379627623,-0.4271430385885629,False,True,3,3.0
1789821635591,457,1496,0.0,0.0,0.0,0.0,-1,-1,,0.0,0,0,3.6,-0.0011673372039336695,14.934517995974902,14.968739528511469,0.14240000018617138,0.37309999970602803,6.984399999055313,0.42190000021946616,7.794000001013046,0,True,eyes_invalid_or_blink,0.6365258267662824,-8.07830995204489,-0.4374307412553638,False,True,3,3.0
1789821635656,458,1497,859.4986421852111,1980.0000000000002,1104.7679461180355,1808.610917456275,-1,-1,off_screen,0.0,0,13,3.8,-0.0004108881516381394,15.004435820724627,14.96919003209638,0.11470000026747584,0.20389999917824753,6.9158999976934865,0.4961000013281591,7.625599999300903,0,True,gaze_outside_screen,0.6365258267662824,-7.414377677259608,-0.6423155194269731,False,False,4,4.0
1789821635719,459,1498,816.2846099446464,1530.9755343143229,902.8296107966631,1614.2661492569086,2,0,terminal,0.2262063219719086,0,24,3.8,-6.344803898889612e-05,15.068917873390204,14.969522935684234,0.08469999738736078,0.21049999850220047,7.540400001744274,0.5424000009952579,8.303200000227662,0,True,on_screen,0.6365258267662824,-6.649182768530892,0.049764968664032475,False,False,4,4.0
1789821635784,460,1499,773.6666170804747,1251.2670891478467,812.4155151953312,1360.1668071805652,2,0,terminal,0.3628897447122633,64,24,3.6,0.00010339953132210145,15.110809671429504,14.969723539405313,0.16379999942728318,0.3295999995316379,8.256600001914194,0.5986000032862648,9.196700000757119,0,True,on_screen,0.6365258267662824,-6.476839681377697,-1.1558505992954513,False,False,4,4.0
1789821635848,461,1500,701.7167196058498,1153.8850625695577,734.9263582826942,1215.7695859528599,2,0,terminal,0.3254807593221778,128,24,3.6,0.00016424659823927393,15.16039005010299,14.969996803067424,0.7248000001709443,0.38579999818466604,9.020800000143936,0.6701999991491903,10.09409999824129,0,True,on_screen,0.6365258267662824,-6.03166595494136,-1.2002796331586896,False,False,4,4.0
1789821635912,462,1501,658.8142664653158,811.6663372028928,681.6478940105293,932.897311827883,1,0,sidebar,0.6390464395553098,0,2,3.6,0.000141835773281581,15.214172791850672,14.970442506921948,0.13580000086221844,0.24019999909796752,9.293899998738198,0.6619000014325138,10.20770000104676,0,True,on_screen,0.6365258267662824,-5.844083554958843,-0.847406271854554,False,False,4,4.0
1789821635993,463,1502,809.6515454601182,715.061927850104,771.2504500252415,780.4125430434376,1,0,sidebar,0.443773233028097,81,2,3.6,8.956480697404345e-05,14.930644318081661,14.968440413667654,0.1970999983313959,0.3307999977550935,8.68360000094981,0.6180000018503051,9.642700002586935,0,True,on_screen,0.6365258267662824,-6.03482524378316,-0.583342973348493,False,False,4,4.0
1789821636057,464,1503,828.1509486838065,691.2873008292822,811.080799086237,718.0248734935288,1,0,sidebar,0.332562612664533,144,2,3.6,9.464293496197658e-05,14.985629807702304,14.968660286261107,1.3845000030414667,0.24629999825265259,9.46480000129668,0.6533999985549599,10.377599999628728,0,True,on_screen,0.6365258267662824,-5.854069604510016,-0.6560799833602766,False,False,4,4.0
1789821636121,465,1504,841.9710157632364,870.0548888291615,832.7039507601366,824.4458842284716,1,0,sidebar,0.3627547844776903,209,2,3.4,5.2704179776534577e-05,15.059608982932206,14.969178168540187,0.5311999993864447,0.4900999992969446,8.952300002420088,0.6503000004158821,10.116400000697467,0,True,on_screen,0.6365258267662824,-5.890044428843112,-0.8473236190974168,False,False,4,4.0
1789821636184,466,1505,1163.850397277547,865.1424230311302,1064.506463322324,852.9334613903327,1,1,main_file,0.3314384253494185,0,13,3.4,1.7883688961710387e-05,15.142788534466206,14.969739144785478,0.13689999832422473,0.25149999783025123,9.28609999755281,0.6737000003340654,10.225600002740975,0,True,on_screen,0.6365258267662824,-6.078898941072623,-0.41459363548062067,False,False,4,4.0
1789821636248,467,1506,1534.4103031834604,976.0789054529358,1393.4391512251195,939.1352722341549,1,1,main_file,0.8925455969959131,63,13,3.2,6.869433373628969e-05,15.17333113050972,14.96996445119502,0.2117000003636349,0.3701999994518701,9.420100002898835,0.9756999970704783,10.780599997815443,0,True,on_screen,0.6365258267662824,-6.165445534721897,-0.14684702758207385,False,False,4,4.0
1789821636328,468,1507,1857.654567666552,1128.284158998551,1718.3899427341223,1071.5394929692322,1,1,main_file,0.42230721215554856,144,13,3.0,7.730969525172014e-05,14.903428311087023,14.967911702495085,0.5591999979515094,0.4637000020011328,9.998900000937283,0.7342999997490551,11.222000000998378,0,True,on_screen,0.6365258267662824,-6.167032068759369,-0.00222409984931957,False,False,4,4.0
1789821636392,469,1508,1708.869537998391,1262.0457465394754,1711.7256594191103,1204.8938704684024,2,1,terminal,0.2913005756047403,0,25,3.2,0.00012486110832303325,14.992290508114047,14.968452220113154,0.14630000077886507,0.278499999694759,10.00209999983781,0.7762999994156417,11.070799999288283,0,True,on_screen,0.6365258267662824,-6.316930935263969,0.03121373877989807,False,False,4,4.0
1789821636456,470,1509,1864.625499167362,1412.1330603264203,1818.7555472428865,1349.9613033690148,2,1,terminal,0.2802774518185869,64,25,3.2,0.00012850216715063964,15.04264423212048,14.968436655766242,0.6218000016815495,0.5041000003984664,12.176100000942824,0.7561999991594348,13.449099998979364,0,True,on_screen,0.6365258267662824,-7.040233273975076,-0.23416866195807784,False,False,4,4.0
1789821636520,471,1510,1731.2211894672735,1454.2326622581327,1757.4814967999573,1422.9512545913972,2,1,terminal,0.4228362375592849,128,25,3.2,0.0001282975712171442,15.11803136935639,14.968992767415825,0.11050000102841295,0.26250000155414455,11.653899997327244,1.2752000002365094,13.203799997427268,0,True,on_screen,0.6365258267662824,-7.071744914331049,0.12055358009398628,False,False,4,4.0
1789821636585,472,1511,1902.5753258773002,1434.4184137763473,1859.0471771540974,1430.9782660208623,2,1,terminal,0.2497097181767225,193,25,3.0,0.00011337079546004658,15.154211056017619,14.969799474770808,0.08230000094044954,0.21560000095632859,8.83379999868339,0.9086999998544343,9.969099999580067,0,True,on_screen,0.6365258267662824,-7.065047562517435,-0.06288722752059482,False,False,4,4.0
1789821636649,473,1512,1734.2949857238082,1471.1456819606187,1771.720643152895,1459.095457178692,2,1,terminal,0.40952270010684644,256,25,3.0,0.00010503994240010708,15.191944329335016,14.970226047116101,0.11150000136694871,0.2249000026495196,8.634399997390574,0.6374999975378159,9.506400001555448,0,True,on_screen,0.6365258267662824,-6.988369391880951,0.09065438712446552,False,False,4,4.0
1789821636727,474,1513,1558.9496617483974,1388.2611134224328,1622.7809561697468,1409.5114165493105,2,1,terminal,0.6396827341580853,335,25,3.0,7.688282513475947e-05,14.939605409018125,14.96831759202852,0.13380000018514693,0.2420999990135897,9.307399999670452,0.6943999978830107,10.256500001560198,0,True,on_screen,0.6365258267662824,-6.643048804564984,-0.29214133443803425,False,False,4,4.0
1789821636791,475,1514,1556.1630156979236,1259.5782806106952,1576.1483978394706,1304.5582213922798,2,1,terminal,0.5792007372429926,398,25,3.0,-3.869009625246875e-05,15.015212828806709,14.968738531093846,0.08620000153314322,0.22300000273389742,9.62729999810108,0.6470000007539056,10.50770000074408,0,True,on_screen,0.6365258267662824,-6.425400949268578,-0.17394490629802517,False,False,4,4.0
1789821636856,476,1515,2800.1813629146973,946.4531525908004,2432.971473392129,1053.8846732312443,1,2,second_file,0.7219673476301458,0,5,3.2,-0.0001692011956756466,15.068444503449614,14.969310142661795,0.07760000153211877,0.198199999431381,8.211099997424753,0.7089999999152496,9.131499999057269,0,True,on_screen,0.6365258267662824,-6.1727951069762526,0.9482204720173825,False,False,4,4.0
1789821636920,477,1516,2945.804576302366,653.4699854240491,2791.954645429295,773.5943917662077,1,2,second_file,0.27242895961323066,64,5,3.2,-0.00015099951378033834,15.105927660597754,14.96948619341895,0.19020000036107376,0.25630000163801014,8.75140000061947,0.941999998758547,9.989000001951354,0,True,on_screen,0.6365258267662824,-5.748071655435581,1.0438257319695812,False,False,4,4.0
1789821636983,478,1517,3014.4409827701706,647.4632934774302,2947.695081567908,685.3026229640634,-1,-1,off_screen,0.0,0,14,3.4,-0.00015177108851402964,15.181256981336885,14.970215217369956,0.11799999992945231,0.22190000163391232,7.948000002215849,0.6213999986357521,8.80200000028708,0,True,gaze_outside_screen,0.6365258267662824,-4.997886088652734,1.6829126772784786,False,False,4,4.0
1789821637048,479,1518,3140.413639395837,535.3984695481115,3082.598072047458,580.3697155728971,-1,-1,off_screen,0.0,65,14,3.4,-2.529265356402896e-05,15.225462844329446,14.970605615287907,0.10910000128205866,0.21569999807979912,8.129199999530101,0.5951999992248602,8.9497000008123,0,True,gaze_outside_screen,0.6365258267662824,-5.076584618242066,1.953097510697236,False,False,4,4.0
1789821637128,480,1519,3082.111952435493,609.0887789356489,3082.4703981443254,587.9124577778855,-1,-1,off_screen,0.0,144,14,3.2,4.738233542298659e-05,14.94217989219135,14.968357837524046,0.20820000281673856,0.2649000016390346,9.31279999713297,0.7014999973762315,10.291299997334136,0,True,gaze_outside_screen,0.6365258267662824,-5.010642461603709,1.7782457859801648,False,False,4,4.0
1789821637191,481,1520,3168.0000000000005,435.2807161879888,3142.3411194432983,481.0702386649578,-1,-1,off_screen,0.0,207,14,3.2,1.35137330702223e-05,15.031302625284223,14.969236849377369,0.07519999780924991,0.1979000007850118,7.207200000266312,0.5650000020978041,7.978200002980884,0,True,gaze_outside_screen,0.6365258267662824,-5.078756834870944,1.9334818013162212,False,False,4,4.0
1789821637255,482,1521,3134.349391792184,396.6674539973486,3136.7469100875187,421.9882893976314,-1,-1,off_screen,0.0,272,14,3.2,9.569844491155027e-06,15.089654959263546,14.969622988509851,0.13169999874662608,0.22019999960321002,7.3508000023139175,0.538699998287484,8.119100002659252,0,True,gaze_outside_screen,0.6365258267662824,-4.910540162159236,1.7516568474959031,False,False,4,4.0
1789821637319,483,1522,2867.52573323127,448.3108041776745,2948.2920862881447,440.4140497436616,-1,-1,off_screen,0.0,335,14,3.2,0.00013349555532121693,15.139472739464564,14.970107969710503,0.11979999908362515,0.25129999994533136,6.71169999986887,0.5033999987062998,7.474700003513135,0,True,gaze_outside_screen,0.6365258267662824,-5.318271354121464,1.359853559197696,False,False,4,4.0
1789821637385,484,1523,3087.1836396315803,271.1802953368196,3045.51617362855,321.9504216588722,-1,-1,off_screen,0.0,401,14,3.2,8.01120973976683e-05,15.152156785503593,14.97026064833871,0.18820000332198106,0.2644000014697667,6.934900000487687,0.5230999995546881,7.7338999981293455,0,True,gaze_outside_screen,0.6365258267662824,-5.1566406941844605,2.164961077493324,False,False,4,4.0
1789821637463,485,1524,3146.0176302236546,162.76713915662398,3115.8671932451234,210.52212390729846,-1,-1,off_screen,0.0,480,14,3.2,7.670091309683671e-05,14.913565100369286,14.968533417187471,0.08019999950192869,0.19220000103814527,7.103099997038953,0.6440000033762772,7.947699999931501,0,True,gaze_outside_screen,0.6365258267662824,-4.987500238265028,2.3384719053908714,False,False,4,4.0
1789821637528,486,1525,3053.0834760397615,256.85844684045566,3072.972962164552,242.1793916160205,-1,-1,off_screen,0.0,545,14,3.2,4.626309536722231e-05,14.984701266129118,14.968916955600697,0.07850000110920519,0.1965000010386575,7.3741000014706515,0.5648000005749054,8.14410000020871,0,True,gaze_outside_screen,0.6365258267662824,-5.181905099720979,2.388932505818642,False,False,4,4.0
1789821637592,487,1526,2692.6712773285108,346.2372609770646,2806.761782779323,315.01990016875135,0,2,ai_agent,0.28089920961965875,0,0,3.4,8.625166471786655e-05,15.026552912705707,14.969262654605426,0.07540000297012739,0.1899999988381751,6.9378999978653155,0.5361000003176741,7.673199997952906,0,True,on_screen,0.6365258267662824,-5.20232498764895,1.978057163729975,False,False,4,4.0
1789821637658,488,1527,2643.140659474623,279.056896776664,2692.226996466033,289.8457977942902,0,2,ai_agent,0.48342176277473625,65,0,3.4,6.727478764138872e-05,15.038307993387154,14.969412006407651,0.1491999973950442,0.33289999919361435,6.55430000188062,0.5274000031931791,7.426600001053885,0,True,on_screen,0.6365258267662824,-5.218790141174821,2.504943598462113,False,False,4,4.0
1789821637719,489,1528,2611.65808620435,275.8979808423974,2635.828759282855,280.08232592796526,0,2,ai_agent,0.5818867155681546,127,0,3.2,9.431949037576673e-05,15.170412810123159,14.970199784399762,0.11140000060549937,0.21090000154799782,6.973400002607377,0.5361999974411447,7.730900000751717,0,True,on_screen,0.6365258267662824,-5.4813661170113335,1.7673108137061437,False,False,4,4.0
1789821637783,490,1529,2482.7465902948397,230.9003297983605,2528.6712409912443,245.65492863724194,0,2,ai_agent,0.7532377257886869,190,0,3.2,0.0001314437070882475,15.216315991487606,14.970563314774665,0.11299999823677354,0.23599999985890463,7.298200001969235,0.5225999993854202,8.068300001468742,0,True,on_screen,0.6365258267662824,-5.511576114598853,1.6261721567239957,False,False,4,4.0
1789821637866,491,1530,2299.414170755185,191.48906976858,2368.1912918260027,207.7388274291786,0,2,ai_agent,0.8275903511524523,273,0,3.2,0.00021823740459940393,14.914227819659885,14.968346174198302,0.1286999977310188,0.22679999892716296,7.231399999000132,0.538699998287484,8.006200001545949,0,True,on_screen,0.6365258267662824,-5.278559178138153,1.576499642318016,False,False,4,4.0
1789821637928,492,1531,2277.336201026875,223.80826091964875,2304.5927282666134,218.9874308725077,0,2,ai_agent,0.7788805023060155,335,0,3.2,0.00023376525357961253,15.024609309965687,14.968992519066594,0.12100000094505958,0.21240000205580145,7.182800000009593,0.5630000014207326,7.967899997311179,0,True,on_screen,0.6365258267662824,-4.8451446961029205,1.248115453838612,False,False,4,4.0
1789821637992,493,1532,2356.9725454893223,253.68739425386423,2333.5880162817534,238.1958872151357,0,2,ai_agent,0.8397265529304034,400,0,3.2,0.0003546975309774228,15.09587098838898,14.969481653263793,0.09479999789618887,0.22339999850373715,7.084700002451427,0.5663999982061796,7.884800001193071,0,True,on_screen,0.6365258267662824,-4.982119079527877,1.8426259887177778,False,False,4,4.0
1789821638055,494,1533,2351.242519919974,296.13557057280894,2343.0203048871153,269.15137745898085,0,2,ai_agent,0.8855300009887128,463,0,3.0,0.0002688341025155229,15.142520039069918,14.969777469395245,0.16399999731220305,0.24020000273594633,7.586700001411373,0.5693999992217869,8.406100001593586,0,True,on_screen,0.6365258267662824,-4.673824857528302,2.0284560119593977,False,False,4,4.0
1789821638120,495,1534,2074.8778404806576,330.23325454208305,2155.3205798025947,311.90869141715234,0,2,ai_agent,0.5672222100444622,527,0,3.0,0.0003627486261447224,15.182834886185741,14.969972051198626,0.12900000001536682,0.338400001055561,8.579800000006799,0.620599999820115,9.548900001391303,0,True,on_screen,0.6365258267662824,-4.616013062954295,1.4368271915378845,False,False,4,4.0
1789821638184,496,1535,2112.38254361311,321.054656858276,2138.4846069697355,315.49481783004916,0,2,ai_agent,0.5371801468013102,592,0,2.8,0.00036256772532910694,15.224095573953544,14.970448193850562,0.09589999899617396,0.2252000012958888,7.937100002891384,0.7937999980640598,8.966999997937819,0,True,on_screen,0.6365258267662824,-4.670537270456407,1.5643093596251088,False,False,4,4.0
1789821638264,497,1536,2135.2071027649085,369.1340221227281,2136.9244782834835,341.0276794512515,0,2,ai_agent,0.5296161931555406,671,0,2.8,0.00021562165770858469,14.950582304494448,14.968585047575361,0.08619999789516442,0.21239999841782264,7.678199999645585,0.5651000028592534,8.465099999739323,0,True,on_screen,0.6365258267662824,-5.2758524794563755,1.1217984489041528,False,False,4,4.0
1789821638328,498,1537,2199.3456223691896,352.0339545822422,2171.772685490577,347.17221528059196,0,2,ai_agent,0.5882767973791769,736,0,2.8,0.00027128888318648896,15.020873499104196,14.968923152069243,0.21860000197193585,0.36950000139768235,8.065099998930236,0.6216000001586508,9.068999999726657,0,True,on_screen,0.6365258267662824,-5.4365891541227995,1.1814981794006538,False,False,4,4.0
1789821638392,499,1538,2315.965032713348,354.71623547842995,2272.7073285465167,352.4530294190785,0,2,ai_agent,0.7567724788765772,799,0,2.6,0.0002597134231131018,15.074356569149266,14.969393721645504,0.11829999857582152,0.231100002565654,7.4720999982673675,0.64580000253045,8.35920000099577,0,True,on_screen,0.6365258267662824,-4.933612641987224,1.05022861749436,False,False,4,4.0
1789821638456,500,1539,2421.2994973296536,377.195227572941,2376.7218466947124,369.7725681267823,0,2,ai_agent,0.8700561476732169,864,0,2.6,0.0002407464175526678,15.151066780367024,14.969824568830107,0.10140000085812062,0.2193000000261236,8.223299999372102,0.6236000008357223,9.077599999727681,0,True,on_screen,0.6365258267662824,-4.585246600721035,1.3780684267517938,False,False,4,4.0
1789821638520,501,1540,2442.5607873512267,269.0793772960862,2422.8091051542724,299.28733454529504,0,2,ai_agent,0.9596843304074308,927,0,2.6,0.000255984246831209,15.17837258968917,14.970046841548553,0.1692000005277805,0.24499999926774763,8.626099999673897,0.6347999988065567,9.517700000287732,0,True,on_screen,0.6365258267662824,-4.4844824648154145,1.408162273450037,False,False,4,4.0
1789821638600,502,1541,2231.321161342753,371.9127930314941,2288.767544486209,350.1251554856344,0,2,ai_agent,0.7844584791073085,1007,0,2.6,0.0002677761668523418,14.924687514420278,14.968205074954517,0.20180000137770548,0.3164999980072025,8.909500000299886,0.6396999997377861,9.879500001261476,0,True,on_screen,0.6365258267662824,-4.628598248332025,1.6953386107636124,False,False,4,4.0
1789821638663,503,1542,2252.7286795032637,461.5640076464362,2263.5403389981475,428.13235199819565,0,2,ai_agent,0.6693028459344977,1071,0,2.4,0.0002490299123353336,14.994591820125803,14.96875601262029,0.1140000022132881,0.2280000007885974,8.046099999774015,0.6042999993951526,8.890799999790033,0,True,on_screen,0.6365258267662824,-4.73475321276095,0.71826985027389,False,False,4,4.0
1789821638728,504,1543,2234.024050154271,404.25098803465073,2253.4608959891657,419.97716526992764,0,2,ai_agent,0.6654132685397647,1135,0,2.2,0.00024277088300545153,15.054151641023994,14.969137238204953,0.12799999967683107,0.23660000078962184,8.062699998845346,0.6174999980430584,8.928700000979006,0,True,on_screen,0.6365258267662824,-4.738648045360662,0.6891055405408408,False,False,4,4.0
1789821638792,505,1544,1523.6481051116243,532.3083406049578,1742.591942374887,498.60898800444875,0,1,main_file,0.3605572277297925,0,14,2.2,0.00022871893886471616,15.081698220350498,14.969416643161868,0.14649999866378494,0.25860000096145086,7.676799999899231,0.6269000004976988,8.57449999966775,0,True,on_screen,0.6365258267662824,-4.80943291948185,0.30434885079415086,False,False,4,4.0
1789821638857,506,1545,1076.8436672243524,534.0986470471998,1276.5681497695127,523.4517493343745,0,1,main_file,0.5109161219227238,65,14,2.0,0.0002513987808593354,15.132207199817515,14.969759762708174,0.22259999968810007,0.3268999971623998,7.8871000005165115,0.623500000074273,8.854600000631763,0,True,on_screen,0.6365258267662824,-5.280159330434373,-0.033524693256401256,False,False,4,4.0
1789821638920,507,1546,922.4299713454632,571.4986696503075,1028.671424872678,557.0845935555276,0,1,main_file,0.14306150394726957,128,14,2.0,0.0003347827852324091,15.206895505344045,14.97001894464625,0.09700000009615906,0.23439999858965166,9.099999999307329,1.546200001030229,10.892099999182392,0,True,on_screen,0.6365258267662824,-4.975513666490201,0.7235823058355666,False,False,4,4.0
1789821639000,508,1547,664.1903248205567,584.287208974307,773.5346548361931,576.1264243486731,0,0,sidebar,0.2880360815740678,0,3,2.2,0.0003493675501147677,14.932279266278973,14.968347508561653,0.18149999959859997,0.30449999758275226,8.031299999856856,0.6303000009211246,8.979700000054436,0,True,on_screen,0.6365258267662824,-5.404141959224916,0.5033974761367156,False,False,4,4.0
1789821639064,509,1548,696.2511670503508,504.6478571005139,719.4362133861034,526.0914272749617,0,0,sidebar,0.4182149123907546,63,3,2.2,0.0004460243779226998,15.013410693514151,14.968782126222765,0.11999999696854502,0.234800001635449,8.349000003363471,0.6706999993184581,9.266700002626749,0,True,on_screen,0.6365258267662824,-5.318879070730162,0.4127492108334036,False,False,4,4.0
1789821639129,510,1549,706.1080150814493,554.3639949132031,715.6476996249136,534.1278481859744,0,0,sidebar,0.4131441623867179,128,3,2.2,0.00043430743479647843,15.035301190402127,14.968624227137507,0.13169999874662608,0.24020000273594633,10.5801000026986,0.681800000165822,11.513800000102492,0,True,on_screen,0.6365258267662824,-5.371949811848339,0.40838402149959074,False,False,4,4.0
1789821639191,511,1550,558.630378123108,597.4531637186838,605.7355745736497,578.4555690588709,0,0,sidebar,0.46023616086393315,190,3,2.2,0.00042670114190403174,15.138354206419084,14.969407307188098,0.09829999908106402,0.40159999844036065,9.56410000071628,0.6816999994043726,10.659500003384892,0,True,on_screen,0.6365258267662824,-5.471939095121854,-0.17899127041409507,False,False,4,4.0
1789821639256,512,1551,567.4609868264754,588.0522420121515,592.1782527863882,581.8548266596099,0,0,sidebar,0.464068524986748,256,3,2.0,0.0004145681756277785,15.176152500855263,14.969886943157608,0.1689000018814113,0.22790000002714805,8.81669999944279,0.6391000024450477,9.694500000478001,0,True,on_screen,0.6365258267662824,-5.652226562864939,-0.8941339078536166,False,False,4,4.0
1789821639337,513,1552,409.1896411468286,585.2082432370639,464.0862246386965,584.2022182638277,0,0,sidebar,0.4971239113604865,336,3,2.0,0.00044491221326553414,14.889601937064482,14.966820939938044,0.1883000004454516,0.3749000024981797,15.013500000350177,1.0958999991999008,16.50339999832795,0,True,on_screen,0.6365258267662824,-5.121762781568549,-0.5712862680634088,False,False,4,4.0
1789821639400,514,1553,568.4361714450735,755.0533760674981,537.1311874031603,703.798028726397,1,0,sidebar,0.6389812492301309,400,3,2.0,0.0004279994752435616,14.980849951642037,14.968009657502286,0.11509999967529438,0.28899999961140566,10.703200001444202,0.7888000000093598,11.794300000474323,0,True,on_screen,0.6365258267662824,-5.436788421695013,-0.06302166784489595,False,False,4,4.0
1789821639465,515,1554,1101.6870443882697,532.8976433968417,932.3202872927368,584.1677589957083,0,0,sidebar,0.05628936895497472,464,3,2.0,0.0003564869090871038,15.042569419383636,14.968485500889413,0.2094999981636647,0.298400002066046,10.176999996474478,0.7030999986454844,11.19230000040261,0,True,on_screen,0.6365258267662824,-5.360292821422632,-0.08059136988218486,False,False,4,4.0
1789821639528,516,1555,1170.178015458841,505.93537066358715,1098.8206970090098,529.4050871632235,0,1,main_file,0.27366720120882226,0,15,2.2,0.0003538758860400712,15.10735095494308,14.96620678150364,0.12079999942216091,0.2372999988438096,29.142299998056842,0.6933999975444749,30.083199999353383,0,True,on_screen,0.6365258267662824,-5.398035964712477,0.10693142462027741,False,False,4,4.0
1789821639592,517,1556,1176.6326434463322,416.93982212354797,1153.2890595151355,450.67940163545063,0,1,main_file,0.42778807772672545,63,15,2.2,0.00036355703689954985,15.177893531820642,14.969645532166526,0.0991000015346799,0.2359000027354341,8.91079999928479,0.6203000011737458,9.77739999871119,0,True,on_screen,0.6365258267662824,-5.45435093367351,-0.4045384257071554,False,False,4,4.0
1789821639655,518,1557,1217.2802457041396,410.07945032085627,1195.7818146885468,423.71937957603893,0,1,main_file,0.5163438798379343,126,15,2.2,0.00036729025772575495,15.223434697939625,14.970120216930349,0.09280000085709617,0.38350000249920413,8.333800000400515,0.5883000012545381,9.31519999721786,0,True,on_screen,0.6365258267662824,-5.2006330505798815,-0.4029249373156972,False,False,4,4.0
1789821639735,519,1558,878.4491116959132,436.31059818492133,973.6489225937032,432.53323260225665,0,0,sidebar,0.09700471290245705,0,4,2.4,0.00036610621428041085,14.952528817068645,14.968213864195139,0.09270000009564683,0.2241000001959037,8.552200000849552,0.6750000029569492,9.461899997404544,0,True,on_screen,0.6365258267662824,-4.924920118414462,-0.9768522036339464,False,False,4,4.0
1789821639800,520,1559,682.3418092198983,509.0041207618483,769.7339432320398,486.0628543139708,0,0,sidebar,0.3916797661452226,65,4,2.4,0.00034927914492886847,15.023799943954659,14.96875464977136,0.08489999891025946,0.2096999996865634,7.822499999747379,0.6298999978753272,8.671899999171728,0,True,on_screen,0.6365258267662824,-5.066511782673018,-1.4534821040568326,False,False,4,4.0
1789821639864,521,1560,652.0559165418333,563.8941913161742,687.3593245488953,540.5447902155132,0,0,sidebar,0.4389358092463346,129,4,2.4,0.0003393662944645402,15.080242103571873,14.969149274229652,0.08890000026440248,0.21950000154902227,7.800600000336999,0.5501000014191959,8.579000001191162,0,True,on_screen,0.6365258267662824,-5.321328341191872,-1.4408347735319957,False,False,4,4.0
1789821639928,522,1561,734.7903110592556,565.7192761139285,709.9202368844317,552.519227418549,0,0,sidebar,0.39666636780416364,193,4,2.4,0.0003445300350690666,15.120871957946886,14.969392798888638,0.08259999958681874,0.27430000045569614,8.26260000030743,0.567600000067614,9.11429999905522,0,True,on_screen,0.6365258267662824,-5.143149661245502,-0.9974001403433177,False,False,4,4.0
1789821639992,523,1562,838.1405368008403,659.1908659120492,799.6744468259177,627.1893743639991,0,0,sidebar,0.19187058317443262,257,4,2.4,0.0002824560593811757,15.161189281537316,14.969802984339799,0.11319999975967221,0.29259999791975133,7.780200001434423,0.5582000012509525,8.642000000691041,0,True,on_screen,0.6365258267662824,-5.121625945099169,-0.9044007029143666,False,False,4,4.0
1789821640056,524,1563,1183.6880044823477,741.49151856211,1068.4839371854187,707.2008753026766,1,1,main_file,0.26053869648755223,0,16,2.6,0.00029885582130484076,15.224345213473054,14.970399138971764,0.1458000006095972,0.20819999917875975,7.18340000094031,0.5633000000671018,7.965199998579919,0,True,on_screen,0.6365258267662824,-5.298838791078083,-1.3337772759410567,False,False,4,4.0
1789821640136,525,1564,1107.6650370872565,697.098743506632,1082.6975921242888,703.5361436883089,1,1,main_file,0.2796366191496349,79,16,2.6,0.00035847294770540404,14.93975812498929,14.968016182239907,0.14799999917158857,0.2950999987660907,9.153499999229098,1.1489999997138511,10.610500001348555,0,True,on_screen,0.6365258267662824,-5.984921761934686,-1.3280250592978746,False,False,4,4.0
1789821640200,526,1565,1319.0410252899117,727.4728992412598,1248.1379953402247,720.2918725753746,1,1,main_file,0.5355791066148616,144,16,2.6,0.0002577578936138365,15.022788303499755,14.968746037795627,0.21460000061779283,0.2758999980869703,8.021800000278745,0.6012000012560748,8.910500000638422,0,True,on_screen,0.6365258267662824,-5.5128405006285846,-1.166929685194493,False,False,4,4.0
1789821640264,527,1566,1289.5944300858266,827.7856152064907,1277.1574996621462,795.5374924171558,1,1,main_file,0.6582061741751738,207,16,2.6,0.0002901564830554773,15.07841365583274,14.969104456636499,0.13439999747788534,0.2795000000332948,8.163700000295648,0.5679999994754326,9.022500002174638,0,True,on_screen,0.6365258267662824,-5.799580353043211,-0.6248848012036502,False,False,4,4.0
1789821640328,528,1567,1464.7840044849281,813.2202870545694,1408.4960530380936,807.9154486633454,1,1,main_file,0.8280603487812956,272,16,2.6,0.00023801872399440913,15.150463435747177,14.969694932109375,0.11929999891435727,0.2158999996026978,7.619700001669116,0.5466999973577913,8.402300001762342,0,True,on_screen,0.6365258267662824,-5.854760959096097,-0.59510707443247,False,False,4,4.0
1789821640392,529,1568,1405.2816479291816,1150.682515399339,1406.245969461855,1047.852395378541,1,1,main_file,0.7320742190741731,335,16,2.6,0.0001698858903464405,15.170616921484731,14.969961850245932,0.1663999973970931,0.22499999977299012,7.4104000013903715,0.5531000024348032,8.197800001653377,0,True,on_screen,0.6365258267662824,-5.838697971921647,-0.29497872245345336,False,False,4,4.0
1789821640471,530,1569,1608.6993934798522,1017.471400869325,1547.9633662744532,1026.5856992220897,1,1,main_file,0.7060746753729665,414,16,2.6,0.00023114246664194052,14.920804070099855,14.96818722162005,0.08829999933368526,0.2013000012084376,7.751199998892844,0.5514000004041009,8.513699998729862,0,True,on_screen,0.6365258267662824,-5.757200190855883,-0.19966001939773872,False,False,4,4.0
1789821640535,531,1570,1610.5712935530282,1049.9080862258163,1584.7457797930233,1040.2876970408988,1,1,main_file,0.643887078373702,479,16,2.6,0.000225526685086571,14.995225585938009,14.968623163025924,0.14110000120126642,0.356700002157595,7.453399997757515,0.6054999976186082,8.430599998973776,0,True,on_screen,0.6365258267662824,-5.782517690279036,-0.37999283641143206,False,False,4,4.0
1789821640600,532,1571,1869.1425815868824,774.7785723382486,1783.8235410487246,854.4313097490437,1,1,main_file,0.387268011498455,543,16,2.6,0.00021610867910075958,15.034583614862333,14.968562593221357,0.21969999943394214,0.31510000189882703,9.645000001910375,0.6964999993215315,10.67970000076457,0,True,on_screen,0.6365258267662824,-5.816235280784696,-0.16457087945984802,False,False,4,4.0
1789821640664,533,1572,959.2510801933439,906.2500194689538,1206.6228184499582,890.7044065529808,1,1,main_file,0.5873742127028247,608,16,2.4,0.00020175859035157992,15.109525166231132,14.969019785277085,0.2057999990938697,0.45680000039283186,9.772699999302858,0.6751000000804197,10.923300000285963,0,True,on_screen,0.6365258267662824,-5.750215744827216,-0.2048957379799829,False,False,4,4.0
1789821640727,534,1573,870.2280158394915,848.9979987944959,971.1464566226315,861.5099211220413,1,0,sidebar,0.1296492735142627,0,5,2.4,0.0002009647570611582,15.158513371829155,14.969375678834052,0.1419000000169035,0.30219999825931154,10.050799999589799,0.7590999994135927,11.12490000014077,0,True,on_screen,0.6365258267662824,-5.8999426429861614,-0.41478619178800374,False,False,4,4.0
1789821640793,535,1574,871.816406634353,812.4421503398612,901.6154216308366,827.1624815745153,1,0,sidebar,0.2441140908587055,65,5,2.4,0.00023022119312613755,15.181748679121117,14.969625526581247,0.1840999975684099,0.3988999997091014,10.048799998912727,0.7390999999188352,11.199200002010912,0,True,on_screen,0.6365258267662824,-5.911461240192921,-0.5742560624874037,False,False,4,4.0
1789821640872,536,1575,951.9080342833953,867.142854179021,930.0630768363205,849.7770922470012,1,0,sidebar,0.19995491389035858,144,5,2.4,0.0001824902261821984,14.929653017127912,14.967898405310814,0.13699999908567406,0.2687999985937495,10.113800002727658,0.7623999990755692,11.157600001752144,0,True,on_screen,0.6365258267662824,-6.108109796960264,-0.7263787758466158,False,False,4,4.0
1789821640937,537,1576,1317.1165914864346,924.6035931297437,1201.0005370914005,902.155642864921,1,1,main_file,0.577751285984178,0,17,2.4,0.00016164144228565137,14.985644028663645,14.968077928760056,0.14509999891743064,0.29039999935775995,11.015200001565972,0.8250999999290798,12.145100001362152,0,True,on_screen,0.6365258267662824,-5.84154659816727,-0.4538018600980047,False,False,4,4.0
1789821641002,538,1577,1524.0833292125621,932.297361741683,1427.1584915762137,923.2548460786543,1,1,main_file,0.9530688272989171,65,17,2.4,0.00010287519130327064,15.000772491392183,14.968219082394599,0.15520000306423753,0.34529999902588315,10.693299998820294,0.8431999995082151,11.896699998033,0,True,on_screen,0.6365258267662824,-5.911987794046439,-0.31582157615899936,False,False,4,4.0
1789821641065,539,1578,1622.1402873436855,1060.2629575465908,1563.645748613444,1019.1605241062098,1,1,main_file,0.6966299274448534,128,17,2.4,1.650660904023611e-05,15.115082663025087,14.968737535538091,0.3755999969143886,0.4346999994595535,11.85089999853517,0.8081999985734001,13.110300002153963,0,True,on_screen,0.6365258267662824,-5.8016691114345065,0.344253228023314,False,False,4,4.0
1789821641128,540,1579,1555.7012863639447,1094.8945261744432,1558.3455378370095,1069.6870621270662,1,1,main_file,0.6345125986993445,190,17,2.4,9.066459087861758e-05,15.178451949922717,14.969499431599962,0.13460000263876282,0.26029999935417436,10.061599998152815,0.7151000027079135,11.050400000385707,0,True,on_screen,0.6365258267662824,-5.546806787834953,0.5190219771158059,False,False,4,4.0
1789821641192,541,1580,1585.6844615871448,1148.3856283407126,1577.4827844621043,1124.7760584766188,1,1,main_file,0.534505912398245,254,17,2.2,6.678648084601155e-05,15.217465574305331,14.9696590591936,0.0932000002649147,0.24510000002919696,11.230399999476504,1.00880000172765,12.495299997681286,0,True,on_screen,0.6365258267662824,-4.966229639797177,0.0964834232068672,False,False,4,4.0
1789821641273,542,1581,1736.9699038461822,1124.47499553567,1689.1237680309587,1124.5653144179546,1,1,main_file,0.4074636284978035,335,17,2.2,8.757435781880755e-05,14.932701324337794,14.967902511750319,0.17939999816007912,0.28169999859528616,9.81569999930798,0.7389000020339154,10.849599999346538,0,True,on_screen,0.6365258267662824,-5.022223025644166,0.21264595084027152,False,False,4,4.0
1789821641336,543,1582,1806.3182965590033,1135.3708097014724,1771.1599380005898,1132.129161116417,1,1,main_file,0.2855363273725785,398,17,2.2,0.00012061543072480058,15.02975945150759,14.96850912843877,0.15440000061062165,0.5861999998160172,9.189399999741,0.6969999994907994,10.496099999727448,0,True,on_screen,0.6365258267662824,-5.3240738467783615,0.06822525455585494,False,False,4,4.0
1789821641400,544,1583,1606.7971273158041,1161.2576459792074,1656.1059705212397,1152.51910052037,1,1,main_file,0.4128198359837235,463,17,2.0,0.0002908448795644024,15.093000825306044,14.969042271200438,0.2596000012999866,0.3209999995306134,8.690499998920131,0.6584000002476387,9.68769999963115,0,True,on_screen,0.6365258267662824,-5.542665963971217,-0.08306734519867133,False,False,4,4.0
1789821641464,545,1584,1720.100975268983,1190.2084721943247,1697.7741376742672,1177.0592508804386,2,1,terminal,0.2700062561287361,0,26,2.2,0.0003010257384717125,15.150445642268846,14.969503195331658,0.08489999891025946,0.2310999989276752,8.378499998798361,0.7862000020395499,9.40940000145929,0,True,on_screen,0.6365258267662824,-5.66517520341435,0.30374736307821254,False,False,4,4.0
1789821641528,546,1585,1709.360746659195,1198.2531508500526,1700.3657046823027,1181.7996725175462,2,1,terminal,0.27364198265226414,64,26,2.2,0.0002802855488324846,15.177597103477668,14.969841620123908,0.13920000128564425,0.2905999972426798,8.030900000449037,0.6408000008377712,8.973500000138301,0,True,on_screen,0.6365258267662824,-5.019135011897902,-0.13523235607174192,False,False,4,4.0
1789821641610,547,1586,1763.7178673003114,1127.2663918273056,1744.7122185149087,1143.6263760343777,1,1,main_file,0.3107673411939922,0,18,2.4,0.00028027731898439684,14.889058939421272,14.967629340041423,0.1269999993382953,0.2448999985062983,9.193699999741511,0.6310000026132911,10.081500000524102,0,True,on_screen,0.6365258267662824,-5.534670238976929,0.35399680437827674,False,False,4,4.0
1789821641673,548,1587,1743.0348509220228,1215.5466167013785,1743.6533781741596,1189.0261157560658,2,1,terminal,0.2321411915705428,0,27,2.6,0.00018369414584955106,14.999620742579689,14.968273188728707,0.130899999930989,0.2390000008745119,8.905599999707192,0.6549999998242129,9.81099999989965,0,True,on_screen,0.6365258267662824,-5.379334888800486,0.5223627566406247,False,False,4,4.0
1789821641735,549,1588,1630.6795876526446,1230.1703233040976,1664.5717248090991,1217.827061039688,2,1,terminal,0.3628882003350864,61,27,2.6,0.000196282560730357,15.081837011509053,14.968682974876467,0.08199999865610152,0.2105999992636498,9.633599998778664,0.6557000015163794,10.510500000236789,0,True,on_screen,0.6365258267662824,-5.266595697814239,0.40076468413380967,False,False,4,4.0
1789821641800,550,1589,1674.4035176615337,1297.2018171970567,1671.4524156799314,1273.3767627333414,2,1,terminal,0.4277311718131005,126,27,2.6,0.00028482745202805873,15.116115759131407,14.969136208218533,0.16259999756584875,0.24580000172136351,8.414399999310263,0.6008999989717267,9.27130000127363,0,True,on_screen,0.6365258267662824,-5.820270770042214,0.04583488950094483,False,False,4,4.0
1789821641863,551,1590,1675.4797005517044,1269.1211805879964,1671.9356898645442,1272.8660928759,2,1,terminal,0.42648994536578,189,27,2.4,0.0002716639687328909,15.185426872883902,14.969587419020847,0.0897999998414889,0.21629999901051633,8.785599999100668,0.6080000021029264,9.619199998269323,0,True,on_screen,0.6365258267662824,-5.659362975780937,0.19988290418658552,False,False,4,4.0
1789821641928,552,1591,1630.426576572648,1294.3919618807654,1654.6483615748139,1281.8309859968879,2,1,terminal,0.4592982151933097,254,27,2.4,0.0003344868467801427,15.223413436721769,14.970129294645222,0.10489999840501696,0.20249999943189323,7.560900001408299,0.5565999999816995,8.328700001584366,0,True,on_screen,0.6365258267662824,-5.943152254460898,0.22080087991711272,False,False,4,4.0
1789821642008,553,1592,1494.2255773279921,1303.66471516596,1542.3524126020386,1297.1145964152383,2,1,terminal,0.5985415813544281,334,27,2.2,0.0002937706810481975,14.942181098411842,14.968147424999822,0.20029999723192304,0.24639999901410192,7.767700000840705,0.5903000019316096,8.636300000944175,0,True,on_screen,0.6365258267662824,-6.071477339034288,0.06961352527421995,False,False,4,4.0
1789821642071,554,1593,1655.3192204183194,1131.4710972635846,1621.4291780734352,1181.1641470090808,2,1,terminal,0.3519142568382312,398,27,2.2,0.0002482765384496273,15.033915257685667,14.968617335314079,0.10509999992791563,0.21209999977145344,7.997599997906946,0.8292999991681427,9.050399999978254,0,True,on_screen,0.6365258267662824,-6.1386972801348065,0.10926853480403122,False,False,4,4.0
1789821642135,555,1594,1671.065528078263,1081.0498131251559,1656.1746230768147,1111.0841132903333,1,1,main_file,0.46622218151484573,0,19,2.4,0.0002217059896217049,15.0951947129281,14.969116472983156,0.08000000161700882,0.20289999883971177,7.589799999550451,0.5924000033701304,8.394699998461874,0,True,on_screen,0.6365258267662824,-6.05566263283464,-0.26463387448457826,False,False,4,4.0
1789821642200,556,1595,1791.8132036794425,1073.7281058511808,1751.1216294986543,1084.9349080829265,1,1,main_file,0.36058120626026857,65,19,2.4,0.00022386192958516113,15.138356955889254,14.969177178435912,0.10589999874355271,0.21529999867198057,9.559899997839238,0.5775999998149928,10.361799999373034,0,True,on_screen,0.6365258267662824,-6.029134020206357,-0.2559430340047161,False,False,4,4.0
1789821642264,557,1596,1734.842284773311,1109.5655382243158,1746.7348007134601,1091.5721750690789,1,1,main_file,0.36109747990853436,128,19,2.4,0.00020197570281208117,15.16446114104451,14.969715309218284,0.09270000009564683,0.22929999977350235,7.568200002424419,0.5883999983780086,8.395700002438389,0,True,on_screen,0.6365258267662824,-5.673081616827972,-1.0730032032901846,False,False,4,4.0
1789821642328,558,1597,1676.8523695377223,1098.6796007365392,1703.6328573039013,1095.9558785801391,1,1,main_file,0.41968143999421914,193,19,2.4,0.00020222554102473922,15.23308242397001,14.970179734743116,0.17719999959808774,0.2316999998583924,7.934500001283595,0.6212000007508323,8.798499999102205,0,True,on_screen,0.6365258267662824,-5.191482356630843,-0.6240788877747973,False,False,4,4.0
1789821642408,559,1598,1583.8625737903908,1364.2913317949633,1619.793658844444,1283.7906958305161,2,1,terminal,0.5032181499657165,0,28,2.6,0.00019807185322974832,14.951105037217221,14.968281097694627,0.14569999984814785,0.24159999884432182,7.76179999957094,0.5657999972754624,8.57940000059898,0,True,on_screen,0.6365258267662824,-5.520808912028656,-0.5344218815358586,False,False,4,4.0
1789821642472,560,1599,2119.1539717631194,1322.424689625657,1969.3458778875167,1310.8344914871147,2,2,terminal,0.16901724302175258,63,28,2.6,0.00022120392259051755,15.016453745452516,14.968692390105033,0.2734000008786097,0.23010000222711824,7.556699998531258,0.571600001421757,8.368200000404613,0,True,on_screen,0.6365258267662824,-5.384490367110487,0.00413310825787435,False,False,4,4.0
1789821642536,561,1600,2129.8701698895193,1309.8770090973123,2081.7128822889185,1310.164253814253,2,2,terminal,0.3452747861972657,128,28,2.6,0.00018218940198460112,15.095551130346614,14.96917541317684,0.11229999654460698,0.24019999909796752,7.636000002094079,0.577899998461362,8.463900001515867,0,True,on_screen,0.6365258267662824,-5.432710604694478,0.2849398431221055,False,False,4,4.0
1789821642599,562,1601,2304.594947313953,1224.7772945090728,2237.730327806443,1250.3933823006269,2,2,terminal,0.4740358413035868,190,28,2.4,0.00016680737466155324,15.147729791651756,14.96962994016376,0.08569999772589654,0.20989999757148325,7.047699997201562,0.7206999980553519,7.9890000015439,0,True,on_screen,0.6365258267662824,-5.887288081080072,0.0655308066060137,False,False,4,4.0
1789821642664,563,1602,2443.6097822908255,1163.1453067584682,2381.8459459455107,1189.3197294211159,2,2,terminal,0.4501963799531029,256,28,2.4,0.00011859831091159956,15.185571026625485,14.969901387316458,0.20869999934802763,0.23829999918234535,7.61169999896083,0.5832999995618593,8.442899998044595,0,True,on_screen,0.6365258267662824,-5.209326077084285,0.6746611438597779,False,False,4,4.0
1789821642744,564,1603,2446.6331894093137,1038.7770774681205,2427.1970163701726,1083.939873054019,1,2,second_file,0.671507269824274,0,6,2.6,0.00019142823164955414,14.92861593144613,14.968164488276306,0.07800000093993731,0.20049999875482172,7.592600002681138,0.6030000004102476,8.40510000125505,0,True,on_screen,0.6365258267662824,-5.41697376339323,0.8659507823271951,False,False,4,4.0
1789821642807,565,1604,2405.142253534987,1135.9950941756674,2416.1728602172634,1109.959871115559,1,2,second_file,0.6279728370028514,62,6,2.6,0.00013243746265727968,14.9970004624932,14.968597962520441,0.07000000186963007,0.19470000188448466,7.276799999090144,0.5780999999842606,8.058799998252653,0,True,on_screen,0.6365258267662824,-5.386075612247907,0.9804221084654717,False,False,4,4.0
1789821642873,566,1605,2269.0323063216824,1217.132153352175,2313.1744724903565,1184.9804686811901,2,2,terminal,0.4227146665286684,0,29,2.8,0.00012153970451361969,15.012513917398522,14.968608296329759,0.18170000112149864,0.3178999977535568,7.902600002125837,0.5611999986285809,8.793900000455324,0,True,on_screen,0.6365258267662824,-5.244349202978611,0.9838101778259204,False,False,4,4.0
1789821642937,567,1606,2349.9279750878463,1120.5614984270012,2337.07310784079,1143.0926111723275,1,2,second_file,0.5563817361113871,0,7,3.0,9.305293677989296e-05,15.08845257233557,14.969191162936175,0.16980000145849772,0.2872000004572328,7.174999998824205,0.54689999888069,8.019199998670956,0,True,on_screen,0.6365258267662824,-5.2571384487713715,1.1439779544495086,False,False,4,4.0
1789821642999,568,1607,1042.437387478676,1199.224518010995,1430.8281035873104,1182.3849459593948,2,1,terminal,0.43864728254069707,0,30,3.2,0.0001444795337457866,15.176505500058537,14.969838249165177,0.09839999984251335,0.19500000053085387,6.81579999945825,0.541599998541642,7.56080000064685,0,True,on_screen,0.6365258267662824,-5.280501531932515,0.28668330406758225,False,False,4,4.0
1789821643063,569,1608,586.4595533842938,1185.4165983020443,839.7701184451988,1184.5071025992495,2,0,terminal,0.15463681829789522,63,30,3.2,0.0002154839702855106,15.218793238932559,14.970166775757397,0.14029999874765053,0.23119999968912452,7.094799999322277,0.563599998713471,7.89930000246386,0,True,on_screen,0.6365258267662824,-5.114619560225037,-0.48919282901353256,False,False,4,4.0
1789821643144,570,1609,428.7717717395076,1216.8645912877528,552.0712757512149,1207.1573446812017,2,0,terminal,0.46720799486842635,144,30,3.2,0.00028142492079943557,14.923546563077588,14.96810172400829,0.09750000026542693,0.26819999766303226,7.169199998315889,0.5568000015045982,8.00370000069961,0,True,on_screen,0.6365258267662824,-5.3562413668910835,-0.8909019282407188,False,False,4,4.0
1789821643207,571,1610,586.9046188193813,1052.8891177354456,576.4546158989314,1099.1695858191724,1,0,sidebar,0.6090441271472258,0,6,3.4,0.0002930370842557477,15.036392757511642,14.968590231014797,0.08570000136387534,0.20820000281673856,8.21899999937159,0.5670000027748756,9.004399998957524,0,True,on_screen,0.6365258267662824,-5.956791367426575,-1.1584701362516048,False,False,4,4.0
1789821643272,572,1611,684.6944726166568,914.9052338567852,652.2225156013392,970.1845394455015,1,0,sidebar,0.6714459455120888,65,6,3.4,0.00029003030709339947,15.084591867112373,14.968906000292588,0.12229999992996454,0.2359000027354341,8.265799999207957,0.5890000029467046,9.100799998122966,0,True,on_screen,0.6365258267662824,-5.627922067015248,-0.9000276789313106,False,False,4,4.0
1789821643335,573,1612,594.272940500527,1001.7571700183258,618.5814777477308,988.5131649512214,1,0,sidebar,0.7094958623206493,128,6,3.4,0.0002939412527923242,15.146802618267168,14.969466406990541,0.09539999882690609,0.23429999782820232,7.376100002147723,0.5859999982931186,8.207499999116408,0,True,on_screen,0.6365258267662824,-5.362354028574515,-0.6070120518992025,False,False,4,4.0
1789821643400,574,1613,656.7069092622087,750.7751775446061,645.2692798078654,822.0965737665906,1,0,sidebar,0.6772132952493568,193,6,3.4,0.00033551637703434223,15.179053940321548,14.969732097284497,0.20169999697827734,0.2437999974063132,7.558500001323409,0.6070000017643906,8.45350000236067,0,True,on_screen,0.6365258267662824,-5.280600378827302,-0.568408895648752,False,False,4,4.0
1789821643479,575,1614,718.1268580479743,673.7083981441986,696.2695845759416,718.2248508309162,1,0,sidebar,0.5008911247272089,272,6,3.4,0.00028345663601410387,14.920229668840753,14.967967353538874,0.0943000013648998,0.24259999918285757,7.703599996602861,0.587200000154553,8.54359999721055,0,True,on_screen,0.6365258267662824,-5.456346035990009,-0.731456835717496,False,False,4,4.0
1789821643544,576,1615,638.4083875061503,702.192638504142,665.6168355097457,709.7315702505676,1,0,sidebar,0.5304008503274528,336,6,3.4,0.00029001257225251195,14.977254192662981,14.968303093564046,0.13080000280751847,0.21610000112559646,7.435800001985626,0.7145999989006668,8.376999998290557,0,True,on_screen,0.6365258267662824,-5.2862409105567,-0.83441918439971,False,False,4,4.0
1789821643608,577,1616,704.4156090523411,715.958858207561,679.305555564869,711.9286397391776,1,0,sidebar,0.515877755332317,401,6,3.4,0.0002242442920835329,15.021472733039097,14.968505994769147,0.1201999984914437,0.21810000180266798,8.053300000028685,0.5866999999852851,8.868299999448936,0,True,on_screen,0.6365258267662824,-5.378407945675718,-1.1277781711249324,False,False,4,4.0
1789821643672,578,1617,852.4665636113018,730.550872655983,800.5182611973719,724.9642027809414,1,0,sidebar,0.35481838230141627,464,6,3.4,0.00023022868651685624,15.117177945917799,14.969077316100083,0.12060000153724104,0.2310999989276752,8.092399999441113,0.632499999483116,8.967999998276355,0,True,on_screen,0.6365258267662824,-5.385256001330475,-0.5438143673242609,False,False,4,4.0
1789821643735,579,1618,1090.5983589492832,688.8976288791613,1003.5743296237099,699.7176010496953,1,0,sidebar,0.00965472488027952,527,6,3.4,0.0002501399322798487,15.165985112000591,14.969451406603874,0.12309999874560162,0.23050000163493678,8.161000001564389,0.587500002438901,8.990400001493981,0,True,on_screen,0.6365258267662824,-4.4099059967835785,-0.2357930853141624,False,False,4,4.0
1789821643800,580,1619,1032.5511637673867,809.2657838676192,1023.8581135242837,776.4013290222421,1,1,main_file,0.2330754766251144,0,20,3.4,0.00020782797849327322,15.183305379753826,14.969746281459555,0.15460000213352032,0.22840000019641593,7.608199997775955,0.6229000027815346,8.47040000007837,0,True,on_screen,0.6365258267662824,-4.772173243651139,-0.7664529189282028,False,False,4,4.0
1789821643879,581,1620,957.9138517368568,936.5343489057167,977.6971302730849,888.4944429406744,1,0,sidebar,0.1205019105876397,0,7,3.6,0.0002405943046410973,14.93680420300585,14.967970524946699,0.0897999998414889,0.23579999833600596,8.662799999001436,0.5742000030295458,9.483400001045084,0,True,on_screen,0.6365258267662824,-5.0165173100035645,-0.4939663518537649,False,False,4,4.0
1789821643944,582,1621,1062.4062374889888,1011.4554176193175,1036.9935053242177,974.5671252157247,1,1,main_file,0.2759385710352481,0,21,3.8,0.0002364278516166357,15.003614650708116,14.968444634956981,0.09829999908106402,0.22159999934956431,7.929499999590917,0.6182999968586955,8.78020000163815,0,True,on_screen,0.6365258267662824,-5.19913727868672,-0.6952737463008202,False,False,4,4.0
1789821644008,583,1622,1231.9267479333803,1043.0510905910273,1173.4467751506315,1022.5059009784366,1,1,main_file,0.4817370393155568,63,21,3.6,0.00025769271006525693,15.0506132346354,14.96868620981781,0.09890000001178123,0.23019999935058877,8.356799997272901,0.6155999981274363,9.212299999489915,0,True,on_screen,0.6365258267662824,-5.037466304426118,-0.31645087418132534,False,False,4,4.0
1789821644073,584,1623,991.9902704910618,977.9580671923876,1046.4272218889328,991.3224173282024,1,1,main_file,0.28621711727396437,128,21,3.6,0.00022464872844923066,15.092725225562978,14.969035595283826,0.16649999815854244,0.23780000265105627,8.018799999263138,0.5861999998160172,8.853700001054676,0,True,on_screen,0.6365258267662824,-5.130665163412999,-1.2752845505243608,False,False,4,4.0
1789821644135,585,1624,637.6047264041257,951.8637750161453,760.2514750495678,963.7013677097624,1,0,sidebar,0.4922610354070751,0,8,3.8,0.00022940035353578164,15.17616952749355,14.969530580537706,0.1286999977310188,0.25269999969168566,8.387800000491552,0.6330999967758544,9.285399999498622,0,True,on_screen,0.6365258267662824,-4.965585554904919,-1.1509327210483848,False,False,4,4.0
1789821644201,586,1625,516.007295451728,926.0041978047213,589.28054933108,937.3133487762336,1,0,sidebar,0.7959942011194235,65,8,3.8,0.00022525921060614906,15.197073287044207,14.969770427902843,0.14060000103199854,0.23739999960525893,8.495999998558545,0.6054000004951376,9.350799999083392,0,True,on_screen,0.6365258267662824,-5.141137865385815,-1.94470184047157,False,False,4,4.0
1789821644280,587,1626,481.2024581119591,977.025378331143,513.6258854776954,965.1117694646701,1,0,sidebar,0.8705354986620757,144,8,3.8,0.0002172058029310739,14.924713785051102,14.967914135804026,0.12249999781488441,0.23719999808236025,8.56710000152816,0.6375000011757948,9.45260000298731,0,True,on_screen,0.6365258267662824,-5.287837252372242,-1.7156428824924332,False,False,4,4.0
1789821644344,588,1627,466.0869262480876,860.1131695313142,480.3486140169699,891.612749511321,1,0,sidebar,0.9851697597707241,209,8,3.8,0.0002675761755141018,15.022158522508496,14.968427111413977,0.13050000052317046,0.2725000013015233,8.715799998753937,0.6409000015992206,9.641099997679703,0,True,on_screen,0.6365258267662824,-5.434006089494744,-0.9494058812391353,False,False,4,4.0
1789821644410,589,1628,314.62759682453617,1002.0663245065371,364.3439019822663,968.9302520079723,1,0,sidebar,0.7621378990692131,275,8,3.8,0.00025478229053805916,15.036785695236222,14.968485476640959,0.11929999891435727,0.24910000138334,9.128099998633843,0.7079999995767139,10.097800000949064,0,True,on_screen,0.6365258267662824,-5.755670627726545,-1.180486976458432,False,False,4,4.0
1789821644471,590,1629,377.1134107242357,1040.0016890753811,372.43404311498375,1013.9576659828429,1,0,sidebar,0.7231532065269232,335,8,3.8,0.0002680658111541001,15.143584245667608,14.969038212279173,0.10910000128205866,0.25019999884534627,9.788499999558553,0.742500000342261,10.793099998409161,0,True,on_screen,0.6365258267662824,-5.501673085980684,-1.2438171130121722,False,False,4,4.0
1789821644536,591,1630,445.4399318908496,1050.0658327929896,423.53816525808986,1039.2333827499456,1,0,sidebar,0.7345658536237836,401,8,3.6,0.00021849448515864206,15.170269199956302,14.969255614761794,0.15949999942677096,0.3737999977602158,9.885799998301081,0.8339000014530029,11.125500001071487,0,True,on_screen,0.6365258267662824,-6.286363196944933,-1.1229623699230349,False,False,4,4.0
1789821644616,592,1631,1706.5515378064274,1082.8846624629864,1321.647526041926,1069.7892785490742,1,1,main_file,0.634357460183778,0,22,3.8,0.0001974965871157485,14.916854543025211,14.967573454146832,0.15580000035697594,0.2992000008816831,9.961599997041048,0.7602000005135778,11.035699997592019,0,True,on_screen,0.6365258267662824,-6.205807133856581,-1.4924692979628882,False,False,4,4.0
1789821644680,593,1632,1486.4707209038888,1383.7536119349163,1437.0237624453,1289.5643119191636,2,1,terminal,0.6281938472052327,0,31,4.0,0.00027228640372949954,14.970420222948906,14.96785773614731,0.1306000012846198,0.27259999842499383,9.936900001775939,0.840000000607688,11.061400000471622,0,True,on_screen,0.6365258267662824,-6.409503556867236,-1.0480922977480884,False,False,4,4.0
1789821644744,594,1633,1447.2915953238623,1304.9232477759817,1438.8229728969845,1292.255625485246,2,1,terminal,0.6329797817256912,63,31,3.8,0.00027971742286096377,15.03424173279205,14.968082315169276,0.22470000112662092,0.43290000030538067,10.991099999955622,0.7116999986465089,12.167299999418901,0,True,on_screen,0.6365258267662824,-6.421136369366479,-0.7202921276005195,False,False,4,4.0
1789821644809,595,1634,1210.3456824289312,1421.5370555345924,1278.8888695693472,1382.7526265197885,2,1,terminal,0.6479782711889923,128,31,3.8,0.0004067472314178786,15.091834593344743,14.968609195908687,0.11670000094454736,0.2624000007926952,9.733200000482611,1.0608000011416152,11.073499998019543,0,True,on_screen,0.6365258267662824,-5.465382337721309,-0.3174980203667154,False,False,4,4.0
1789821644872,596,1635,1404.6684696450966,1259.0201817051066,1366.9345896223717,1296.1399151495111,2,1,terminal,0.6174144715138157,191,31,3.8,0.0003702433380581901,15.154362838122664,14.9689775082307,0.1041999967128504,0.2567000010458287,10.569899997790344,0.7260000020323787,11.566500001208624,0,True,on_screen,0.6365258267662824,-5.593434903929307,-0.34650259353993035,False,False,4,4.0
1789821644936,597,1636,394.6820105704442,1241.675045473511,686.3577842860225,1258.0145063763111,2,0,terminal,0.4381552526173479,256,31,3.8,0.0003695941007167587,15.201431437123468,14.969367152792723,0.22769999850424938,0.3203999985998962,10.473400001501432,0.7167000003391877,11.527000002388377,0,True,on_screen,0.6365258267662824,-5.505349658957073,-0.5425769390103128,False,False,4,4.0
1789821645016,598,1637,359.7862307221186,1082.0034117852695,457.75769679128973,1134.806740162582,1,0,sidebar,0.5833186321776765,0,9,4.0,0.0003457754814344821,14.937224160296534,14.96756251703749,0.14630000077886507,0.27320000299368985,10.8708999978262,0.7355000016104896,11.893300001247553,0,True,on_screen,0.6365258267662824,-5.396242456702396,-1.4939908803825332,False,False,4,4.0
1789821645080,599,1638,335.41439875415784,944.0961819018178,372.1173881652974,1001.309349380047,1,0,sidebar,0.7385443477802205,63,9,3.8,0.0003129694250113193,15.01117752380413,14.968231737483977,0.09259999933419749,0.25069999901461415,9.09989999854588,0.659799999993993,10.022899998148205,0,True,on_screen,0.6365258267662824,-5.292954535294825,-1.5288105162237173,False,False,4,4.0
1789821645143,600,1639,431.4887102715638,947.2211821287024,413.6773136396839,963.4476323041058,1,0,sidebar,0.8378486091100082,126,9,3.8,0.0002789438478701025,15.06765577771801,14.968685856235782,0.08660000094096176,0.22249999892665073,8.44159999905969,0.6334999998216517,9.307099997386103,0,True,on_screen,0.6365258267662824,-4.946650242181676,-0.9416443649877679,False,False,4,4.0
1789821645208,601,1640,404.0829136847732,934.2050812673446,410.98943665484944,955.255313839278,1,0,sidebar,0.8438165116773474,191,9,3.8,0.00027772307198350825,15.110929338481542,14.968990781778949,0.15659999917261302,0.28340000062598847,8.413400002609706,0.6281000023591332,9.367499998916173,0,True,on_screen,0.6365258267662824,-4.925321632688394,-1.044893188895011,False,False,4,4.0
1789821645272,602,1641,262.7025277401845,825.0286265618266,307.188600414584,864.096632745062,1,0,sidebar,0.6881810462036173,256,9,3.8,0.00022856393962575675,15.164037473303809,14.969006535140648,0.13309999849298038,0.2649000016390346,11.231500000576489,0.6180000018503051,12.12610000220593,0,True,on_screen,0.6365258267662824,-5.364015838473534,-1.5395799514524393,False,False,4,4.0
1789821645335,603,1642,497.0010652571958,750.6046912158257,440.0573258044123,784.6522736745966,1,0,sidebar,0.7843475539254781,319,9,3.8,0.0002887161350527221,15.229544262613395,14.969943653460476,0.0884000000951346,0.2176000016334001,8.016600000701146,0.6052999997336883,8.849199999531265,0,True,on_screen,0.6365258267662824,-4.384595457577888,-0.6055796021222213,False,False,4,4.0
1789821645415,604,1643,546.630055574492,803.6274875342957,514.6582366434681,797.934923376386,1,0,sidebar,0.8095731089016913,398,9,3.8,0.00027042092126729027,14.952084260261646,14.967887613323446,0.08600000001024455,0.22590000298805535,9.526499998173676,0.6739000018569641,10.436399999889545,0,True,on_screen,0.6365258267662824,-4.459902360451508,-1.7116964445460894,False,False,4,4.0
1789821645480,605,1644,575.7698861169941,782.7995445872009,548.5533247720825,789.5402064551608,1,0,sidebar,0.7703275120783953,463,9,3.8,0.00027376406708442755,15.016176830749169,14.968424654484094,0.08800000068731606,0.22320000061881728,8.318800002598437,0.6222999982128385,9.174200000416022,0,True,on_screen,0.6365258267662824,-4.617285077233134,-1.599247857884905,False,False,4,4.0
1789821645543,606,1645,254.3294499918511,775.2888025958382,342.59661242592057,779.5642237536349,1,0,sidebar,0.6772056157982089,526,9,3.8,0.00015764325789229677,15.086404258131122,14.969012106605978,0.10919999840552919,0.21009999909438193,7.283900002221344,0.5448999982036185,8.048900002904702,0,True,on_screen,0.6365258267662824,-4.956516483682009,-1.9362376222687607,False,False,4,4.0
1789821645608,607,1646,267.660766351001,717.7997021837417,290.14152017347686,736.3290586547097,1,0,sidebar,0.5571541802061346,592,9,3.8,0.00013074046257945983,15.123523735590833,14.969203138115923,0.13219999891589396,0.29460000223480165,7.91919999755919,0.5319000010786112,8.757399999012705,0,True,on_screen,0.6365258267662824,-4.693044691152409,-1.905141321291097,False,False,4,4.0
1789821645673,608,1647,433.25717522940147,724.9737219011436,390.32247871262405,728.3803229272135,1,0,sidebar,0.6579082694201248,657,9,3.8,0.0001299248832652266,15.149285050131788,14.969478174706518,0.11860000086016953,0.22620000163442455,7.735600000160048,0.5547999971895479,8.525400000507943,0,True,on_screen,0.6365258267662824,-4.607542230147402,-2.023196802905965,False,False,4,4.0
1789821645751,609,1648,377.5857197819779,754.3837811811121,386.9521021685705,735.2613078183022,1,0,sidebar,0.6657468309790087,734,9,3.6,0.00016001702541823884,14.911975472291351,14.967856070425817,0.0774000000092201,0.19940000129281543,8.208800001739291,0.5706000010832213,8.987799999886192,0,True,on_screen,0.6365258267662824,-4.8774444803228505,-1.9455352115470097,False,False,4,4.0
1789821645815,610,1649,351.3401428251299,726.4642046307408,375.1814020046656,732.3536311321333,1,0,sidebar,0.6506996314894599,799,9,3.6,0.00019983595844707408,14.982182502202422,14.968308537101738,0.11409999933675863,0.22159999934956431,7.6249999983701855,0.5660000024363399,8.422400002018549,0,True,on_screen,0.6365258267662824,-5.275428133868644,-2.1073657794780605,False,False,4,4.0
1789821645881,611,1650,356.34206986207363,834.1817503823377,361.9938695048512,803.6333146072764,1,0,sidebar,0.7308403927827201,865,9,3.6,0.00029336726073384174,15.018476192717607,14.968588648054778,0.14519999967887998,0.2764999990176875,7.186800001363736,0.5253999988781288,7.999999997991836,0,True,on_screen,0.6365258267662824,-4.619885911354459,-2.0130676689136,False,False,4,4.0
1789821645945,612,1651,238.28126534163582,922.9055984762348,275.39504659060043,887.1239133155473,1,0,sidebar,0.6378169060640957,928,9,3.4,0.000256437225975464,15.070161774025046,14.968887091115306,0.12849999984609894,0.2280000007885974,7.487200000468874,0.5137000007380266,8.237999998527812,0,True,on_screen,0.6365258267662824,-5.166591735450112,-1.7494114962428529,False,False,4,4.0
1789821646008,613,1652,159.06073425965513,1017.4968506177842,193.96102795893873,978.3849694271132,1,0,sidebar,0.4760347068178896,991,9,3.4,0.0003107677536006402,15.135057418699677,14.969328394331185,0.152900000102818,0.27829999817186035,7.389799997326918,0.49279999802820385,8.17290000122739,0,True,on_screen,0.6365258267662824,-5.453616127313154,-1.6704785713633874,False,False,4,4.0
1789821646072,614,1653,259.7439554623521,826.7889758030021,240.00907721132808,872.2677738902355,1,0,sidebar,0.5731955418177733,1055,9,3.4,0.00040333013640269505,15.2045314779588,14.969838722754886,0.12369999967631884,0.24769999799900688,7.252899999002693,0.5286000014166348,8.03979999909643,0,True,on_screen,0.6365258267662824,-5.268207232623098,-1.7270487359424458,False,False,4,4.0
1789821646153,615,1654,342.0882616086162,711.3351360751919,311.4645062894298,759.614927419705,1,0,sidebar,0.6124914674386301,1137,9,3.4,0.00044833822297206047,14.910052305188845,14.967825744565577,0.15319999874918722,0.2227000004495494,7.3635000007925555,0.5372000014176592,8.132200000545708,0,True,on_screen,0.6365258267662824,-5.061494730448487,-1.332600864566978,False,False,4,4.0
1789821646215,616,1655,310.29412499745104,768.9068690865538,311.32406053439234,760.7299604197269,1,0,sidebar,0.6135579704599192,1198,9,3.4,0.0003951694779642939,15.028546986964313,14.968478234417908,0.13000000035390258,0.21909999850322492,7.213600001705345,0.5479999999806751,7.991300000867341,0,True,on_screen,0.6365258267662824,-5.049516480536113,-1.3931556251673916,False,False,4,4.0
1789821646279,617,1656,211.50661090535246,679.292578196984,241.45184579406444,703.7237928638069,1,0,sidebar,0.45424812952342664,1263,9,3.4,0.0004286175809576874,15.086762932937818,14.968773700840998,0.11950000043725595,0.2275000006193295,7.726100000581937,0.592500000493601,8.556299999327166,0,True,on_screen,0.6365258267662824,-3.757785995946449,-1.4008703901516033,False,False,4,4.0
1789821646343,618,1657,206.92463349114132,827.9731402678016,217.28279718201824,790.6983360466031,1,0,sidebar,0.4973007242931933,1326,9,3.4,0.000551851551733061,15.142143364919528,14.969110770165102,0.12279999646125361,0.23409999994328246,8.074299999861978,0.6127999986347277,8.933100001740968,0,True,on_screen,0.6365258267662824,-4.612964899153781,-1.1732026975185155,False,False,4,4.0
1789821646408,619,1658,127.17624850714846,1012.202391191589,154.2082131096094,945.7511746480932,1,0,sidebar,0.41878807794730666,1391,9,3.4,0.0008660372158394679,15.174030687673403,14.969367532258847,0.13250000120024197,0.28469999961089343,8.27190000200062,0.5901999975321814,9.158799999568146,0,True,on_screen,0.6365258267662824,-6.3082227784586,-0.8234884599026749,False,False,4,4.0
1789821646471,620,1659,299.49805903638156,952.3544257517665,255.91110525834992,950.3734504206645,1,0,sidebar,0.5942312160409144,1454,9,3.2,0.0008010951235099678,15.237360383341818,14.969923407131224,0.11799999992945231,0.23069999951985665,7.64540000091074,0.6958999983908143,8.584600000176579,0,True,on_screen,0.6365258267662824,-5.657108024255223,-0.23681154021318757,False,False,4,4.0
1789821646551,621,1660,397.9229665077026,851.9696534257575,355.3194081328968,881.4907925242296,1,0,sidebar,0.7773174502898372,1535,9,3.2,0.0008885429070314681,14.961062419098761,14.968113436962089,0.08969999908003956,0.21840000044903718,7.857699998567114,0.5438000007416122,8.629600000858773,0,True,on_screen,0.6365258267662824,-6.117418906982749,-0.32551797928725845,False,False,4,4.0
1789821646616,622,1661,259.27395376424886,848.951073590877,288.08759007484326,858.7129892708828,1,0,sidebar,0.653198175574032,1599,9,3.0,0.0008886035713749699,15.016527298094221,14.968374375246338,0.2555999999458436,0.22870000248076394,8.206499998777872,0.607900001341477,9.053000001586042,0,True,on_screen,0.6365258267662824,-6.123375272951563,-0.7208328421805891,False,False,4,4.0
1789821646680,623,1662,201.63625298767636,713.5743152070044,227.5716541138264,757.1159174261679,1,0,sidebar,0.48755825866345504,1664,9,2.8,0.0008030566762184908,15.085882558419694,14.96879856612982,0.11989999984507449,0.23860000146669336,8.1995000000461,0.6117999982961919,9.060699998372002,0,True,on_screen,0.6365258267662824,-5.894284150008843,0.27559329685804573,False,False,4,4.0
1789821646744,624,1663,171.05630920197524,805.9832307311893,190.55958134958985,789.1192708279609,1,0,sidebar,0.45241908672207043,1727,9,2.8,0.0007474749793659613,15.141852674654979,14.96922563943717,0.09789999967324547,0.22480000188807026,7.938999999169027,0.6068000002414919,8.780699998169439,0,True,on_screen,0.6365258267662824,-5.752459100718426,0.056652344846706046,False,False,4,4.0
1789821646808,625,1664,236.12215677295055,707.146887446702,222.45338414594232,731.7386024610796,1,0,sidebar,0.45650436341208733,1792,9,2.8,0.0007717451613975211,15.166704308696334,14.969514430927877,0.15450000137207098,0.2746999998635147,7.57299999895622,0.6064000008336734,8.464099999400787,0,True,on_screen,0.6365258267662824,-5.90024568868543,0.11392044838142903,False,False,4,4.0
1789821646887,626,1665,297.19132081862244,583.2731497463068,274.7699398168184,627.8127855607386,0,0,sidebar,0.3167315277428213,1871,9,2.8,0.0006992520668990098,14.915403372065812,14.967849235142326,0.17110000044340268,0.2296999991813209,7.757100000162609,0.6142999991425313,8.612500001618173,0,True,on_screen,0.6365258267662824,-5.451374254677432,-0.25255141893928473,False,False,4,4.0
1789821646952,627,1666,324.0377837933364,375.7669228118754,309.257430600381,451.3806816365344,0,0,sidebar,0.5968711022876136,1935,9,2.8,0.0005821695013921678,14.98516766099209,14.968216425451976,0.09529999806545675,0.23260000307345763,7.78820000050473,0.6114999996498227,8.642900000268128,0,True,on_screen,0.6365258267662824,-5.5359346035138515,-0.4014336061476025,False,False,4,4.0
1789821647016,628,1667,419.46045435879273,491.6373597329904,386.3995472312692,479.5603563040536,0,0,sidebar,0.642265039651351,2000,9,2.8,0.0005323327924430573,15.045966480083273,14.968552884216123,0.14409999857889488,0.22840000019641593,7.976600001711631,0.601800002186792,8.816999998089159,0,True,on_screen,0.6365258267662824,-5.641944539860702,-0.12229561812330463,False,False,4,4.0
1789821647081,629,1668,494.5116737625349,454.10555850224995,462.07803580315516,461.741997842791,0,0,sidebar,0.7125075549662772,2065,9,2.8,0.00046403912662751345,15.089537188990668,14.968865218027846,0.14549999832524918,0.2347999979974702,7.802299998729723,0.6582999994861893,8.706200002052356,0,True,on_screen,0.6365258267662824,-5.8915227377543715,0.16859895051664794,False,False,4,4.0
1789821647144,630,1669,718.444436082829,467.6562977203962,641.5345159989268,465.8820077571146,0,0,sidebar,0.5909488448192073,2128,9,2.6,0.00044879235896747374,15.164443304825518,14.969355097697136,0.12710000009974465,0.23370000053546391,7.84879999991972,0.6303999980445951,8.725800002139295,0,True,on_screen,0.6365258267662824,-6.223314060481556,0.2783483181810679,False,False,4,4.0
1789821647208,631,1670,567.0775595358326,912.9104884204843,589.4146464747608,778.8019442214734,1,0,sidebar,0.7115382958379455,2191,9,2.6,0.00044956975326791715,15.207382643516265,14.969597867210808,0.16759999925852753,0.24430000121355988,8.732300000701798,0.6036999984644353,9.591800000634976,0,True,on_screen,0.6365258267662824,-6.204977741081393,0.2231547952122708,False,False,4,4.0
1789821647288,632,1671,462.694097173328,882.651128344742,500.71026196375783,851.4963731077614,1,0,sidebar,0.9068260327224245,2272,9,2.6,0.00044347148371639764,14.924691038658418,14.967821173021441,0.13749999925494194,0.3161999993608333,7.939599996461766,0.6049000003258698,8.871699999872362,0,True,on_screen,0.6365258267662824,-6.021290462207958,0.22167261152193954,False,False,4,4.0
1789821647352,633,1672,560.2895061837064,873.966902849669,534.1201819215095,864.0970465455431,1,0,sidebar,0.8852618440181769,2335,9,2.6,0.0004311880436175877,15.000436115258706,14.967798875495237,0.10539999857428484,0.23409999994328246,11.148699999466771,0.6873999991512392,12.081400000170106,0,True,on_screen,0.6365258267662824,-6.2025403038307445,0.0097745313251309,False,False,4,4.0
1789821647415,634,1673,612.3980490868844,876.9819920422011,588.468184665876,873.0430114596604,1,0,sidebar,0.8025440652211642,2398,9,2.4,0.0003797632656653109,15.075944971219489,14.968542043149395,0.1460999992559664,0.2745000019785948,8.974100001069019,0.6106000000727363,9.872100003121886,0,True,on_screen,0.6365258267662824,-5.681562274544689,0.5238606763011917,False,False,4,4.0
1789821647480,635,1674,676.5311433730051,801.3272767739417,650.1122557608663,822.8419971796573,1,0,sidebar,0.6700001089581649,2463,9,2.4,0.0004050253501878265,15.103298163072866,14.968899562689797,0.13480000052368268,0.24299999859067611,7.981199996720534,0.6219999995664693,8.859100002155174,0,True,on_screen,0.6365258267662824,-5.6619628698856275,1.2214070248186284,False,False,4,4.0
1789821647545,636,1675,651.6083404388695,858.6082011421321,650.5954589621308,834.3937124708093,1,0,sidebar,0.6770967203119795,2529,9,2.4,0.00042725048253857735,15.151297381696992,14.969042456270852,0.1536999989184551,0.2662999977474101,9.24250000025495,0.9035999974003062,10.424899999634363,0,True,on_screen,0.6365258267662824,-5.804616152657303,1.4538953890027737,False,False,4,4.0
1789821647623,637,1676,449.7309714043229,1590.3592578050598,509.99031767166525,1363.5695942047846,2,0,terminal,0.7532187558629138,0,32,2.6,0.00016215576791342792,14.910773917651326,14.967659103912066,0.11369999992894009,0.22530000205733813,8.210299998609116,0.6738000010955147,9.121700000832789,0,True,on_screen,0.6365258267662824,-7.250578324150979,2.2786127374480873,False,False,4,4.0
1789821647688,638,1677,725.0046837623811,1854.034038848779,660.5003739351664,1706.8947054555806,2,0,terminal,0.5149365714015431,65,32,2.6,-8.729709282682269e-05,14.9804869725728,14.96797773870258,0.09789999967324547,0.2466000005370006,8.529400001862086,0.6897999992361292,9.47720000112895,0,True,on_screen,0.6365258267662824,-7.769377054069082,4.362110527215796,False,False,4,4.0
1789821647751,639,1678,320.49169495323315,1941.9816745483556,422.49429864781314,1871.455583820523,-1,-1,off_screen,0.0,0,15,2.6,0.00013177174661037176,15.032708099746294,14.968209619032033,0.13050000052317046,0.30809999952907674,9.015899999212706,0.7082000010996126,10.045199996966403,0,True,gaze_outside_screen,0.6365258267662824,-8.206672413297298,4.08214911097074,False,False,4,4.0
1789821647816,640,1679,522.9267161500859,1915.0068202345842,492.796990899404,1901.941449310366,-1,-1,off_screen,0.0,65,15,2.6,0.00015118146137875488,15.096466985040792,14.968472990309794,0.11989999984507449,0.2851000026566908,9.95590000093216,0.8062000015343074,11.064800000895048,0,True,gaze_outside_screen,0.6365258267662824,-7.287592857101629,0.6103629119326889,False,False,4,4.0
1789821647880,641,1680,867.4473115220653,1643.6200193828008,755.0522153352669,1721.1164483610705,2,0,terminal,0.3765250694168166,0,33,2.6,-4.200607310965443e-05,15.15186103236224,14.9688165737284,0.152900000102818,0.2544999988458585,10.164699997403659,0.968000000284519,11.400800001865719,0,True,on_screen,0.6365258267662824,-6.8055066455021915,0.40493661891927796,False,False,4,4.0
1789821647945,642,1681,891.716505531017,1704.8349797106362,850.717218472292,1709.7194203057666,2,0,terminal,0.24753113111371294,64,33,2.4,-0.0002015807732932036,15.168701954078955,14.96896180427016,0.18360000103712082,0.4651000017474871,10.469900000316557,0.8919000028981827,11.842700001579942,0,True,on_screen,0.6365258267662824,-7.636077673143433,-0.8087699481079542,False,False,4,4.0
1789821648023,643,1682,1121.6839551024884,1980.0000000000002,1040.3939341134296,1898.9158260917302,-1,-1,off_screen,0.0,0,16,2.4,-0.00040576587857909206,14.921187852395954,14.967266885420985,0.14139999984763563,0.2913999996962957,11.51200000094832,0.7748999996692874,12.591999999131076,0,True,gaze_outside_screen,0.6365258267662824,-8.638383728741502,-4.256499536368826,False,False,4,4.0
1789821648088,644,1683,2147.753275588218,1980.0000000000002,1815.5454731457817,1955.6747478275192,-1,-1,off_screen,0.0,65,16,2.4,-0.0008536193870249866,14.984845197236329,14.967843562474048,0.09270000009564683,0.22479999825009145,9.897599997202633,0.6630999996559694,10.79550000213203,0,True,gaze_outside_screen,0.6365258267662824,-11.124325412234782,-6.117369870070116,False,True,4,4.0
1789821648151,645,1684,0.0,0.0,0.0,0.0,-1,-1,,0.0,0,0,2.4,-0.0011878611493306261,15.058102025472474,14.968314398329989,0.0824999988253694,0.2131000001099892,9.112699997785967,1.1072999986936338,10.442800001328578,0,True,eyes_invalid_or_blink,0.6365258267662824,-11.832779098872152,-7.858511959938897,False,True,4,4.0
1789821648216,646,1685,0.0,0.0,0.0,0.0,-1,-1,,0.0,0,0,2.2,-0.0015194252214037526,15.114479385379425,14.968832749273307,0.1570999993418809,0.5578000018431339,8.22139999945648,0.5498000027728267,9.33920000170474,0,True,eyes_invalid_or_blink,0.6365258267662824,-8.418623419902701,-10.963147513846236,False,True,4,4.0
1789821648280,647,1686,0.0,0.0,0.0,0.0,-1,-1,,0.0,0,0,2.2,-0.0011301603327262856,15.174172723880533,14.969514636714855,0.08090000119409524,0.19350000002305023,6.705600000714185,0.45820000013918616,7.366199999523815,0,True,eyes_invalid_or_blink,0.6365258267662824,-7.759570886185031,-10.905554529219529,False,True,4,4.0
1789821648345,648,1687,1738.2438581372287,1980.0000000000002,1761.4343426397945,1972.7024243482558,-1,-1,off_screen,0.0,0,17,2.4,-0.00026231436241684614,15.185692885833662,14.96896346472823,1.3116000009176787,0.25439999808440916,11.602599999605445,1.0454000002937391,12.913599999592407,0,True,gaze_outside_screen,0.6365258267662824,-7.859716970584259,-11.516350575203775,False,True,4,4.0
1789821648424,649,1688,1609.201091336129,1980.0000000000002,1654.8710667272285,1977.8107273044768,-1,-1,off_screen,0.0,78,17,2.4,-0.0004697035736513245,14.927340808293188,14.967687967140623,0.1666999996814411,0.2869000018108636,9.042399997269968,0.6370000010065269,9.976299999834737,0,True,gaze_outside_screen,0.6365258267662824,-6.068405749041034,-10.34925361488763,False,True,4,4.0
1789821648488,650,1689,1415.6809084338233,1432.3043234325125,1487.437955921845,1595.956244594102,2,1,terminal,0.8108930860541023,0,34,2.6,-0.00012529648075501956,15.00935779864756,14.968304137428879,0.1571000029798597,0.33120000080089085,7.640900003025308,0.6546000004163943,8.639499999844702,0,True,on_screen,0.6365258267662824,-4.186126748160234,-7.703978401026697,False,False,5,5.0
1789821648552,651,1690,206.08546093887387,1980.0000000000002,590.4912094337652,1864.7868733782307,-1,-1,off_screen,0.0,0,18,2.8,0.0002795039805921287,15.074109660979406,14.968682305878152,0.08620000153314322,0.20619999850168824,7.956399997055996,0.553300000319723,8.725299998332048,0,True,gaze_outside_screen,0.6365258267662824,-1.9905229706706677,-3.8144386975293254,False,False,5,5.0
1789821648615,652,1691,566.1590136700607,1980.0000000000002,573.4586723991721,1945.4360620134694,-1,-1,off_screen,0.0,62,18,2.8,0.00010111425453684236,15.130417907192326,14.96911094301955,0.07510000068577938,0.21049999850220047,7.590799999888986,0.5362000010791235,8.346599999640603,0,True,gaze_outside_screen,0.6365258267662824,-1.5093215719905118,-4.186680684643121,False,False,5,5.0
1789821648682,653,1692,995.7007106426787,1980.0000000000002,869.0280991696268,1969.630818604041,-1,-1,off_screen,0.0,129,18,2.8,-0.00013196851360915834,15.110773805294073,14.969123118083813,0.17350000052829273,0.2781000002869405,7.302199999685399,0.5066999983682763,8.097300000372343,0,True,gaze_outside_screen,0.6365258267662824,-0.18995254618863555,-3.8903266302426873,False,False,5,5.0
1789821648759,654,1693,1903.2116735624145,1980.0000000000002,1592.956601244578,1976.8892455812124,-1,-1,off_screen,0.0,207,18,2.8,-0.00019218751288536257,14.896661138239216,14.967779397055262,0.07850000110920519,0.20140000196988694,7.1906999983184505,0.5515000011655502,7.951899999170564,0,True,gaze_outside_screen,0.6365258267662824,-0.15807901056354012,1.423890954079947,False,False,5,5.0
1789821648824,655,1694,2026.2666733406384,1980.0000000000002,1896.2736517118203,1979.066773674364,-1,-1,off_screen,0.0,271,18,2.6,-0.0004636074834863946,14.948703638481602,14.967937463024182,0.10509999992791563,0.2514000007067807,7.905599999503465,0.5367000012483913,8.703800001967466,0,True,gaze_outside_screen,0.6365258267662824,0.49952189536836045,4.839786634470448,False,False,5,5.0
1789821648889,656,1695,2551.03834023659,1748.9786904737252,2354.6089336791592,1818.005115433917,-1,-1,off_screen,0.0,336,18,2.4,-0.00035559516950011555,15.007750310960768,14.968355399849152,0.19270000120741315,0.3329999999550637,7.109999998647254,0.5275000003166497,7.998299999599112,0,True,gaze_outside_screen,0.6365258267662824,1.4618770030080839,7.247148109474081,False,False,5,5.0
1789821648953,657,1696,542.6868781994272,1727.5616472495126,1086.263494843347,1754.694687704834,2,1,terminal,0.22993162457728944,0,35,2.4,-0.0002596236843125689,15.069560733733757,14.968732163125082,0.13310000213095918,0.2486000012140721,7.127900000341469,0.5691999976988882,7.956900000863243,0,True,on_screen,0.6365258267662824,1.9128865171500422,5.791292473330892,False,False,5,5.0
1789821649016,658,1697,1149.595977178066,1980.0000000000002,1130.5962324776503,1912.40840631145,-1,-1,off_screen,0.0,0,19,2.6,-0.00012321221547927953,15.133052599258,14.969085499728164,0.11480000102892518,0.24699999994481914,7.62380000014673,0.5295000009937212,8.410599999479018,0,True,gaze_outside_screen,0.6365258267662824,2.7195558558533435,5.051017027482793,False,False,5,5.0
1789821649080,659,1698,2161.997272700754,1272.220380035148,1852.5769606338226,1464.2767879180387,2,1,terminal,0.2683883499323869,0,36,2.8,-0.00018359146054082454,15.179148030474447,14.969453309773073,0.1609999999345746,0.24160000248230062,7.448699998349184,0.6009999997331761,8.300699999381322,0,True,on_screen,0.6365258267662824,3.485523126179743,2.4950500333972534,False,False,5,5.0
1789821649159,660,1699,1872.7483998188322,1980.0000000000002,1866.6969680633292,1825.2830363754117,-1,-1,off_screen,0.0,0,20,2.8,0.00011486615125537447,14.929219614308773,14.967666294902013,0.09829999908106402,0.22159999934956431,8.899700002075406,0.6570000005012844,9.78910000048927,0,True,gaze_outside_screen,0.6365258267662824,4.536026459118943,5.277387128965449,False,False,5,5.0
1789821649223,661,1700,2210.7677248923064,1934.90041603681,2107.5464978436135,1902.0152021383906,-1,-1,off_screen,0.0,64,20,2.8,-6.135417956801628e-05,14.985153203542168,14.967769677038046,0.12259999857633375,0.28449999808799475,10.252099997160258,0.702500001352746,11.251700001594145,0,True,gaze_outside_screen,0.6365258267662824,3.020680026500429,6.204359424510388,False,False,5,5.0
1789821649289,662,1701,2315.2308523023453,1492.041568139687,2252.9255459647256,1615.033658339298,2,2,terminal,0.6701320697984468,0,37,3.0,6.747012541865466e-05,15.033239303843322,14.967797219852544,0.11190000077476725,0.2692000016395468,12.098499999410706,0.8152000009431504,13.194999999541324,0,True,on_screen,0.6365258267662824,3.6415705426124703,7.133052364362865,False,False,5,5.0
1789821649352,663,1702,-288.0,323.32385380116074,474.2776637894177,710.8367951626019,1,0,sidebar,0.6656594655198844,0,10,3.2,-0.0003819582105750105,15.096900869429078,14.96832017915123,0.20140000196988694,0.3447999988566153,11.022300001059193,0.8338000006915536,12.215499999001622,0,True,on_screen,0.6365258267662824,4.413376276252848,-2.355943409249014,False,False,5,5.0
1789821649416,664,1703,450.25744458715974,568.6066861519406,457.46351034783714,611.275718855139,0,0,sidebar,0.4486412580902027,63,10,3.2,-0.0004394725519290682,15.147791755632186,14.96860872241142,0.12969999806955457,0.29290000020409934,11.62090000070748,0.8243000011134427,12.751400001434376,0,True,on_screen,0.6365258267662824,2.662616022268878,-1.0138057420946278,False,False,5,5.0
1789821649479,665,1704,773.2420630612563,559.8581380433234,678.5084972472305,575.283412286868,0,0,sidebar,0.4004095744585957,127,10,3.2,-0.00012433034267342324,15.209200789526873,14.969165048541548,0.12870000136899762,0.2789999998640269,10.77390000136802,0.8173999995051417,11.882800001330907,0,True,on_screen,0.6365258267662824,2.1811367097567143,1.2562850304826236,False,False,5,5.0
1789821649560,666,1705,390.70218578527545,535.5640405054754,477.044079223862,547.4798520398932,0,0,sidebar,0.5627552835635774,207,10,3.2,0.0003444629216821683,14.933140993690664,14.967697474668684,0.20529999892460182,0.31939999826136045,8.497599999827798,0.6958000012673438,9.524100001726765,0,True,on_screen,0.6365258267662824,0.5707030051467541,6.714804733462703,False,False,5,5.0
1789821649624,667,1706,-288.0,939.4276099028727,-58.48677623284138,821.8432825439788,-1,-1,off_screen,0.0,0,21,3.2,0.00038277152665855754,15.019348709886856,14.96824943878434,0.12789999891538173,0.23890000011306256,7.935500001622131,0.6351000010909047,8.82130000172765,0,True,gaze_outside_screen,0.6365258267662824,2.2107316202139202,7.313964385284471,False,False,5,5.0
1789821649687,668,1707,908.5980937042389,484.48262223798804,618.4726327231148,585.6908203297853,0,0,sidebar,0.43911877445423986,0,11,3.2,0.00043565072440965996,15.076087781419174,14.968610350571012,0.09130000034929253,0.21410000044852495,7.891199998994125,0.6070999988878611,8.722800001123687,0,True,on_screen,0.6365258267662824,1.127649065802359,12.951517569017692,False,False,5,5.0
1789821649752,669,1708,-288.0,1144.7320815087987,-16.05821018306554,977.0197031550947,-1,-1,off_screen,0.0,0,22,3.4,0.00033119081156308267,15.127838356135694,14.968950759056412,0.24199999825214036,0.2347999979974702,7.97940000120434,0.5807000015920494,8.805500001471955,0,True,gaze_outside_screen,0.6365258267662824,1.3755722010615727,8.65453625868214,False,False,5,5.0
1789821649816,670,1709,283.7970087184975,232.355488482341,193.8404430480286,455.75475288416715,0,0,sidebar,0.42441791097925274,0,12,3.6,0.0006833832073124494,15.16114661811988,14.969226720929882,0.1415999977325555,0.2472000014677178,7.940399998915382,0.6286999996518716,8.82620000265888,0,True,on_screen,0.6365258267662824,1.0103278326777172,10.209099543945827,False,False,5,5.0
1789821649895,671,1710,-288.0,74.68491326432687,-143.4478670855914,189.00586515027896,-1,-1,off_screen,0.0,0,23,3.8,0.0001706802693817351,14.911465514731304,14.967663819695256,0.10150000161956996,0.2525999989302363,7.68439999956172,0.6489000006695278,8.59659999696305,0,True,gaze_outside_screen,0.6365258267662824,-0.16248770626083342,8.851476821667108,False,False,5,5.0
1789821649959,672,1711,-288.0,442.63287486302414,-244.63436012567743,366.5447719492006,-1,-1,off_screen,0.0,64,23,3.8,0.0002573741567747645,14.983945262907657,14.968134298649906,0.09030000001075678,0.2144999998563435,7.0666999999957625,0.5691000005754177,7.860400000936352,0,True,gaze_outside_screen,0.6365258267662824,0.32914164623986153,8.78758054335301,False,False,5,5.0
1789821650023,673,1712,-288.0,852.3633102187634,-274.99030803770324,706.6177487378945,-1,-1,off_screen,0.0,128,23,3.6,0.0005165776579859754,15.036565953584894,14.968404504666605,0.09230000068782829,0.2190000013797544,7.336099999520229,0.5654000015056226,8.129999998345738,0,True,gaze_outside_screen,0.6365258267662824,0.006824323578342728,6.7166630673072945,False,False,5,5.0
1789821650088,674,1713,-288.0,941.9645082019706,-284.097092411311,871.3604803627477,-1,-1,off_screen,0.0,193,23,3.6,0.0008519326968856895,15.082052836837937,14.96861610739999,0.10209999891230837,0.21520000154851004,7.872600002883701,0.6694999974570237,8.76800000332878,0,True,gaze_outside_screen,0.6365258267662824,-0.8508690110982116,5.718081981058148,False,False,5,5.0
1789821650152,675,1714,-288.0,636.0328311495431,-286.8291277233933,706.6311259135045,-1,-1,off_screen,0.0,256,23,3.6,0.0007986437276415893,15.151512860840342,14.9691095830226,0.08350000280188397,0.21779999951831996,7.57520000115619,0.6123000021034386,8.414799998718081,0,True,gaze_outside_screen,0.6365258267662824,0.02556728126114649,4.097484483416027,False,False,5,5.0
1789821650217,676,1715,-288.0,270.7565432348105,-287.648738317018,401.51891803841875,-1,-1,off_screen,0.0,322,23,3.6,0.0008820654657285126,15.180503178788193,14.969370342135978,0.14860000010230578,0.21390000256360509,7.652399999642512,0.5861999998160172,8.462800000415882,0,True,gaze_outside_screen,0.6365258267662824,0.06348277407775527,5.233208485816205,False,False,5,5.0
1789821650296,677,1716,-288.0,231.19611975303792,-287.8946214951054,282.2929592386522,-1,-1,off_screen,0.0,401,23,3.6,0.0007904925139838141,14.923536207177357,14.967862468476254,0.161899999511661,0.22589999935007654,6.7235000024084,0.5575000031967647,7.51710000258754,0,True,gaze_outside_screen,0.6365258267662824,-1.0973785329021268,4.053555718041992,False,False,5,5.0
1789821650360,678,1717,-288.0,601.4453439473276,-287.96838644853165,505.699628534725,-1,-1,off_screen,0.0,464,23,3.6,0.0009110733506996101,14.99187072506501,14.968134293570849,0.11989999984507449,0.2119999990100041,7.357300000876421,0.5909000028623268,8.169100001396146,0,True,gaze_outside_screen,0.6365258267662824,-1.4014325899226208,3.0679613037044358,False,False,5,5.0
1789821650423,679,1718,-288.0,867.1031440308604,-287.9905159345595,758.6820893820199,-1,-1,off_screen,0.0,528,23,3.6,0.0010829338656108377,15.070381318335345,14.96847795806912,0.07709999772487208,0.23049999799695797,7.903199999418575,0.8159999997587875,8.959099999628961,0,True,gaze_outside_screen,0.6365258267662824,-1.3656523611324758,3.8981143418561475,False,False,5,5.0
1789821650487,680,1719,-203.37772806656182,845.489033380527,-228.76156442696112,819.4469501809749,-1,-1,off_screen,0.0,592,23,3.6,0.0010010873298155112,15.12040078363697,14.968867263964011,0.06469999789260328,0.19740000061574392,7.678100002522115,0.6719000011798926,8.555800002795877,0,True,gaze_outside_screen,0.6365258267662824,-2.502036114271931,4.1983905514816104,False,False,5,5.0
1789821650553,681,1720,-288.0,1174.9257063328828,-270.22846932808835,1068.2820794873105,-1,-1,off_screen,0.0,657,23,3.6,0.0008763239421437554,15.149722374942563,14.969045623693082,0.13730000137002207,0.2137000010407064,7.911299999250332,0.9796999984246213,9.114099997532321,0,True,gaze_outside_screen,0.6365258267662824,-2.7616210792337768,2.3198239304368835,False,False,5,5.0
1789821650616,682,1721,286.08831865860725,958.6893340049321,119.19328226259856,991.5671576496457,1,0,sidebar,0.34236921304653134,0,13,3.8,0.0009627248974490871,15.220647073240418,14.969581297610109,0.08399999933317304,0.20560000120894983,7.881900000938913,0.6524000018544029,8.749100001296028,0,True,on_screen,0.6365258267662824,-2.6358178683854305,2.626744090643009,False,False,5,5.0
1789821650696,683,1722,-288.0,1056.3202395724904,-165.84201532122043,1036.8943149956372,-1,-1,off_screen,0.0,0,24,4.0,0.0009012513779714324,14.937283859870544,14.967796902308313,0.10029999975813553,0.21209999977145344,7.6672000031976495,0.6452999987232033,8.534799999324605,0,True,gaze_outside_screen,0.6365258267662824,-2.0648971096211994,3.7431540555201117,False,False,5,5.0
1789821650760,684,1723,-172.32762157193324,886.2680658478615,-170.3819396967194,931.4559405921942,-1,-1,off_screen,0.0,63,24,4.0,0.0008087066891033882,15.009888094030199,14.968140374024722,0.18110000019078143,0.29269999868120067,7.9646999984106515,0.5942000025243033,8.86019999961718,0,True,gaze_outside_screen,0.6365258267662824,-2.1555502630310173,4.0208688714817304,False,False,5,5.0
1789821650823,685,1724,157.3152088646905,821.9510217436255,59.006064296267525,854.8024973981961,1,0,sidebar,0.25197157154447103,0,14,4.2,0.0007419644309149993,15.088570807781055,14.96867002663539,0.07310000000870787,0.19940000129281543,7.209200000943383,0.8692000010341872,8.290100002341205,0,True,on_screen,0.6365258267662824,-1.9456757056206015,3.3449081887860337,False,False,5,5.0
1789821650887,686,1725,96.45266771277335,1136.7810109784618,85.2186866878216,1052.187456904382,1,0,sidebar,0.25252546008162213,64,14,4.2,0.0006364948766544795,15.144739776828464,14.969141388377576,0.10309999925084412,0.19919999976991676,6.792800002585864,0.5673999985447153,7.5694000006478745,0,True,on_screen,0.6365258267662824,-1.9589048767356587,3.911848143136085,False,False,5,5.0
1789821650952,687,1726,-5.014889894553801,1449.9028335866508,22.055183080158823,1330.5882205819703,2,0,terminal,0.13738015117482238,0,38,4.4,0.0006562119740946767,15.172029082953287,14.969047305790298,0.1154000019596424,0.2582000015536323,9.117300000070827,0.8511000014550518,10.237700000288896,0,True,on_screen,0.6365258267662824,-2.634443037284939,3.4407828219645475,False,False,5,5.0
1789821651031,688,1727,-65.37816297357108,1340.0096722299318,-39.148159157452106,1337.1832367355432,-1,-1,off_screen,0.0,0,25,4.6,5.48190293177403e-05,14.914913171059169,14.967433188064774,0.09590000263415277,0.2280000007885974,9.190200002194615,0.6967000008444302,10.124499996891245,0,True,gaze_outside_screen,0.6365258267662824,-2.5428118869492664,3.576123055195159,False,False,5,5.0
1789821651096,689,1728,-288.0,1980.0000000000002,-213.34444774723562,1787.154971020663,-1,-1,off_screen,0.0,65,25,4.6,0.0003695011170081683,14.974935200144882,14.967827616014292,0.103599999420112,0.29379999978118576,8.507399998052279,0.6284000010055024,9.44060000256286,0,True,gaze_outside_screen,0.6365258267662824,-2.215538550177712,2.4718605084061416,False,False,5,5.0
1789821651159,690,1729,-288.0,1980.0000000000002,-265.6033343241707,1922.146491306199,-1,-1,off_screen,0.0,128,25,4.6,3.938837293529507e-05,15.04840031047737,14.968168181908226,0.11059999815188348,0.2533000006224029,9.094800003367709,0.6086999965191353,9.967300000425894,0,True,gaze_outside_screen,0.6365258267662824,-2.5786707746405853,2.533916511767313,False,False,5,5.0
1789821651225,691,1730,-288.0,1980.0000000000002,-277.84959808520443,1953.7801879117683,-1,-1,off_screen,0.0,194,25,4.6,-6.683357231477595e-05,15.088150275751875,14.968583551811406,0.14689999807160348,0.3060000017285347,7.9160000022966415,0.5940000010014046,8.825799999613082,0,True,gaze_outside_screen,0.6365258267662824,-5.046877288037024,-0.1725830771661921,False,False,5,5.0
1789821651288,692,1731,-288.0,1980.0000000000002,-280.46292017569846,1960.5307397336524,-1,-1,off_screen,0.0,257,25,4.6,-5.087725810268284e-05,15.163262818298781,14.969079834966966,0.09489999865763821,0.23230000078910962,7.7729000004183035,0.6489999977929983,8.66429999950924,0,True,gaze_outside_screen,0.6365258267662824,-4.845616802384853,0.937340322599722,False,False,5,5.0
1789821651353,693,1732,721.332626004689,1980.0000000000002,420.7939621505727,1974.1592219200957,-1,-1,off_screen,0.0,322,25,4.6,0.00012748728165899031,15.17880866805042,14.969260515497211,0.17139999908977188,0.31800000215298496,7.712399998126784,0.7483000008505769,8.793000000878237,0,True,gaze_outside_screen,0.6365258267662824,-5.403894103670439,2.5814851830770045,False,False,5,5.0
1789821651432,694,1733,888.2597985804478,1980.0000000000002,748.0200476514852,1978.2477665760289,-1,-1,off_screen,0.0,401,25,4.6,-0.0003600622292965587,14.927691839866737,14.967536221474289,0.085299998318078,1.1444000010669697,7.9038000003492925,0.9328000014647841,9.992100000090431,0,True,gaze_outside_screen,0.6365258267662824,-6.147973189406372,0.6234761462352344,False,False,5,5.0
1789821651496,695,1734,1327.0293784971486,1980.0000000000002,1153.3265792434495,1979.4743299728088,-1,-1,off_screen,0.0,465,25,4.6,-0.0005502893796824927,14.97973694601575,14.967985279271282,0.11239999730605632,0.2213000007031951,7.56300000284682,0.7999999979801942,8.594599999923958,0,True,gaze_outside_screen,0.6365258267662824,-6.673821609350256,11.790762035661748,False,False,5,5.0
