timestamp_ms,frame_index,capture_frame_id,gaze_x_raw,gaze_y_raw,gaze_x_smooth,gaze_y_smooth,grid_row,grid_col,section,confidence,dwell_time_ms,nrevisit_count,transition_rate,iris_size_delta,fps_actual,capture_fps,capture_age_ms,preprocess_ms,inference_ms,mapping_metrics_ms,total_processing_ms,dropped_frames_total,face_detected,gaze_status,calibration_quality
1787908923353,1,1595,2456.6349080745476,1563.9379585165093,2456.6349080745476,1563.9379585165093,2,2,terminal,0.614049941107391,0,0,0.2,0.0,0.0,39.49167044782703,7.530300004873425,0.3887000057147816,12.665700007346459,0.18760000239126384,13.25889999861829,0,True,on_screen,0.7516742373179737
1787908923377,2,1596,2457.043176317059,1564.5543216948568,2456.757388547301,1564.1228674700135,2,2,terminal,0.6136344772521265,24,0,0.2,0.0,41.27438801163443,39.492306798425155,0.9728000004542992,0.34810000215657055,13.174900013837032,0.15759999223519117,13.70120000501629,0,True,on_screen,0.7516742373179737
1787908923392,3,1597,2461.428387141455,1565.3474698572024,2458.158688125547,1564.4902481861702,2,2,terminal,0.6110431315086062,39,0,0.2,0.0,43.705745539860395,39.50407724253142,0.16330000653397292,0.32449999707750976,11.098999995738268,0.2857999934349209,11.726700002327561,0,True,on_screen,0.7516742373179737
1787908923424,4,1598,2468.8814994988106,1564.3431217841585,2461.375531537526,1564.4461102655666,2,2,terminal,0.6061642130500831,71,0,0.2,0.0,42.45686394213386,39.496328971933586,0.16020001203287393,0.3259000077378005,12.310799997067079,0.2905000001192093,12.942299988935702,0,True,on_screen,0.7516742373179737
1787908923441,5,1599,2473.4606428212765,1566.8081473614795,2465.001064922651,1565.1547213943404,2,2,terminal,0.5997053034840136,88,0,0.2,0.0,44.36229828317812,39.505432698660705,0.16460000188089907,0.37880000309087336,12.125199995352887,0.15559999155811965,12.674600002355874,0,True,on_screen,0.7516742373179737
1787908923472,6,1600,2476.9885893298956,1568.3821075639748,2468.597322244824,1566.1229372452306,2,2,terminal,0.5929555877443613,118,0,0.2,0.0,43.063303672000785,39.49655245455325,0.3552999987732619,0.3206999972462654,14.733899995917454,0.14879999798722565,15.218399988953024,0,True,on_screen,0.7516742373179737
1787908923504,7,1601,2476.839246995644,1568.2811701551095,2471.0698996700703,1566.770407118194,2,2,terminal,0.588325380216809,151,0,0.2,0.0,41.92388540738051,39.493564524894744,0.16759999562054873,0.35519999801181257,11.516800004756078,0.1399000029778108,12.027299992041662,0,True,on_screen,0.7516742373179737
1787908923520,8,1602,2477.3309642698364,1569.1317609320392,2472.94821905,1567.4788132623476,2,2,terminal,0.5845460912388052,167,0,0.2,0.0,43.90292684972069,39.50266266070615,0.16339999274350703,0.30339999648276716,11.336900002788752,0.14740000187885016,11.80170000588987,0,True,on_screen,0.7516742373179737
1787908923552,9,1603,2476.1555542969572,1570.4210221900228,2473.910419624087,1568.36147594065,2,2,terminal,0.5819947095855813,199,0,0.2,0.0,42.65104104676504,39.49364213462337,0.1436000020476058,0.3127999952994287,14.068699994822964,0.12620000052265823,14.521500008413568,0,True,on_screen,0.7516742373179737
1787908923568,10,1604,2474.86574107997,1570.1504032169082,2474.1970160608516,1568.8981541235275,2,2,terminal,0.5809105054701373,215,0,0.2,0.0,44.63671828874793,39.50310443791036,0.11930000619031489,0.27549998776521534,13.673800000105985,0.15529998927377164,14.116000005742535,0,True,on_screen,0.7516742373179737
1787908923600,11,1605,2476.4008589566697,1569.6792759180528,2474.858168929597,1569.1324906618852,2,2,terminal,0.5795979888635112,246,0,0.2,0.0,43.28004528618454,39.49848840639211,0.18569998792372644,0.3279999946244061,11.501900007715449,0.14899999951012433,11.993100008112378,0,True,on_screen,0.7516742373179737
1787908923616,12,1606,1988.2355325411672,1531.897071783854,2328.871378013068,1557.9618649984757,2,2,terminal,0.7633548300160502,263,0,0.2,0.0,45.21291902970745,39.508266924037365,0.14650000957772136,0.2925000007962808,10.820499999681488,0.14840000949334353,11.274799995590001,0,True,on_screen,0.7516742373179737
1787908923648,13,1607,1473.2016074402939,1426.3156391109858,2072.1704468412354,1518.4679972322288,2,2,terminal,0.5195673564486796,295,0,0.2,0.0,43.799688194334905,39.50006534594013,0.14279999595601112,0.31430000672116876,12.39000000350643,0.1373999984934926,12.857099995017052,0,True,on_screen,0.7516742373179737
1787908923680,14,1608,1274.4712870820404,1357.1753669382458,1832.8606989134769,1470.0802081440338,2,1,terminal,0.22657334508877147,327,0,0.2,0.0,42.555341294544654,39.49511818478956,0.16009999671950936,0.31290001061279327,10.918500003754161,0.13619998935610056,11.381200005416758,0,True,on_screen,0.7516742373179737
1787908923696,15,1609,1188.7244366446203,1323.9086296295397,1639.6198202328198,1426.2287345896857,2,1,terminal,0.6072231273036826,343,0,0.2,0.0,44.592914954164996,39.503775327202824,0.11239999730605632,0.26950000028591603,11.472799989860505,0.12989999959245324,11.882400009199046,0,True,on_screen,0.7516742373179737
1787908923728,16,1610,1091.2161182887824,1267.69751063302,1475.0987096496085,1378.669367402686,2,1,terminal,0.8612899484873325,375,0,0.2,0.0,43.26728018518243,39.49842447286869,0.16419999883510172,0.28920000477228314,10.384400011389516,0.12100000458303839,10.805900004925206,0,True,on_screen,0.7516742373179737
1787908923744,17,1611,1053.514849133784,1238.9356089980147,1348.6235514948612,1336.7492398812844,2,1,terminal,0.7293509066506916,391,0,0.2,0.0,45.14402611198581,39.506626824661,0.12369999603834003,0.2697999880183488,11.026799998944625,0.2263000060338527,11.53590000467375,0,True,on_screen,0.7516742373179737
1787908923776,18,1612,1032.3982924764161,1205.9660985031467,1253.7559737893275,1297.5142974678429,2,1,terminal,0.5396912843479276,423,0,0.2,0.0,43.76093504963471,39.50045247989613,0.1348000077996403,0.27979999140370637,10.863300005439669,0.13460000627674162,11.289999994914979,0,True,on_screen,0.7516742373179737
1787908923808,19,1613,984.7562648166013,1172.324951501679,1173.0560610975097,1259.9574936779936,2,1,terminal,0.36795654186787863,455,0,0.2,0.0,42.509363102290685,39.493515858839324,0.18560000171419233,0.3378999972483143,11.290099995676428,0.13390000094659626,11.77349999488797,0,True,on_screen,0.7516742373179737
1787908923824,20,1614,968.8038455564182,1166.1395881339138,1111.7803964351822,1231.8121220147696,2,1,terminal,0.23704173207206958,470,0,0.2,0.0,44.489150495559166,39.50318116866701,0.14579998969566077,0.2884999994421378,10.611499994411133,0.13509999553207308,11.045400009606965,0,True,on_screen,0.7516742373179737
1787908923856,21,1615,959.8412339292473,1151.28993990632,1066.1986476834018,1207.6554673822345,2,1,terminal,0.1360494934526254,503,0,0.2,0.0,43.15141016214712,39.49621784218849,0.22640000679530203,0.298400002066046,10.973700002068654,0.1412999990861863,11.42549999349285,0,True,on_screen,0.7516742373179737
1787908923872,22,1616,922.0608254774744,1129.344411336561,1022.9573010216235,1184.1621505685323,2,1,terminal,0.03959810706510691,519,0,0.2,0.0,45.06866263503123,39.50513173127966,0.16880000475794077,0.35709999792743474,10.959599996567704,0.13880000915378332,11.467099990113638,0,True,on_screen,0.7516742373179737
1787908923904,23,1617,945.9658769493612,1116.308880930153,999.8598737999448,1163.8061696770185,1,0,sidebar,0.0199920612882466,0,0,0.4,0.0,43.72122426234621,39.499484999519616,0.14470001042354852,0.34919999598059803,10.486599989235401,0.13139999646227807,10.980599996400997,0,True,on_screen,0.7516742373179737
1787908923920,24,1618,922.3521179423064,1086.4232900448196,976.6075470426533,1140.5913057873588,1,0,sidebar,0.08270652592454852,16,0,0.4,0.0,45.50943055074275,39.507729683654674,0.1343000039923936,0.3090000100200996,11.038199998438358,0.15789999451953918,11.515999998664483,0,True,on_screen,0.7516742373179737
1787908923952,25,1619,944.0192606504902,1053.0709377524456,966.8310611250042,1114.3351953768847,1,0,sidebar,0.12502106779630873,47,0,0.4,0.0,44.1007897987984,39.50029419668317,0.15439999697264284,0.33989999792538583,12.227300001541153,0.13619998935610056,12.717600009636953,0,True,on_screen,0.7516742373179737
1787908923984,26,1620,912.8085713585538,1028.7328678074177,950.624314195069,1088.6544971060446,1,0,sidebar,0.176647142681865,79,0,0.4,0.0,42.79281342400417,39.49113738798107,0.14659999578725547,0.30849999166093767,14.830500003881752,0.15500000154133886,15.3073000110453,0,True,on_screen,0.7516742373179737
1787908924000,27,1621,718.442772477042,984.7934830518353,880.9698516796609,1057.4961928897817,1,0,sidebar,0.32623976312007885,95,0,0.4,0.0,44.7315868240282,39.500117412332976,0.16319999122060835,0.3093000123044476,14.730700000654906,0.1644000003580004,15.215599996736273,0,True,on_screen,0.7516742373179737
1787908924032,28,1622,413.8884018206686,900.8347373131556,740.8454167219631,1010.4977562167937,1,0,sidebar,0.6104440379165472,128,0,0.4,0.0,43.409493359308854,39.49630715007017,0.1424999936716631,0.31689999741502106,12.203499994939193,0.22230000467970967,12.758299999404699,0,True,on_screen,0.7516742373179737
1787908924048,29,1623,330.9046810481424,853.631467911345,617.8631960198169,963.4378697251591,1,0,sidebar,0.8508036135769704,144,0,0.4,0.0,45.29317863540452,39.50640276837996,0.14730000111740083,0.3225000109523535,11.03059999877587,0.14519999967887998,11.510600001201965,0,True,on_screen,0.7516742373179737
1787908924080,30,1624,273.536078501307,777.7140980931133,514.5650607642639,907.7207382355452,1,0,sidebar,0.8784571403996002,175,0,0.4,0.0,43.89016014076633,39.500494838559554,0.12169999536126852,0.2747999969869852,10.566500001004897,0.1303000026382506,10.984400010784157,0,True,on_screen,0.7516742373179737
1787908924112,31,1625,270.8685633634264,698.8406571563519,441.4561115440126,845.0567139117871,1,0,sidebar,0.7147230705759204,207,0,0.4,0.0,42.62134681478349,39.49349805053666,0.1714999962132424,0.30520001018885523,11.071100001572631,0.14969999028835446,11.540000006789342,0,True,on_screen,0.7516742373179737
1787908924129,32,1626,273.7692221471729,664.5643627957285,391.15004472496065,790.9090085769695,1,0,sidebar,0.5786703772911905,224,0,0.4,0.0,44.52314817563479,39.50155096669268,0.1593000051798299,0.29689999064430594,11.79799999226816,0.1343000039923936,12.243499993928708,0,True,on_screen,0.7516742373179737
1787908924161,33,1627,288.0916633507699,596.5529253132853,360.23253031270343,732.6021835978643,1,0,sidebar,0.4639373789339073,256,0,0.4,0.0,43.18436195096249,39.49486355948366,0.16840000171214342,0.37199999496806413,11.880799997015856,0.14650000957772136,12.415299992426299,0,True,on_screen,0.7516742373179737
1787908924176,34,1628,297.15008295105434,559.9826158197073,341.3077961042087,680.8163132644171,1,0,sidebar,0.36964278196255496,272,0,0.4,0.0,45.1789773610327,39.5043392495574,0.15320000238716602,0.3096000000368804,11.543400003574789,0.13939999917056412,12.00760000210721,0,True,on_screen,0.7516742373179737
1787908924208,35,1629,309.4410742158065,483.8238971576709,331.747779537688,621.7185884323932,0,0,sidebar,0.2972832371216544,303,0,0.4,0.0,43.792881507026536,39.49867448244232,0.27459999546408653,0.30559999868273735,10.830900006112643,0.15249999705702066,11.304800005746074,0,True,on_screen,0.7516742373179737
1787908924224,36,1630,313.99561043153517,462.7586837726312,326.42212880584214,574.0306170344645,0,0,sidebar,0.3546125651090476,319,0,0.4,0.0,45.77807445647409,39.50702963606387,0.10800000745803118,0.2708999963942915,11.754799998016097,0.14549998741131276,12.182199992821552,0,True,on_screen,0.7516742373179737
1787908924256,37,1631,322.4171979858323,441.47995969003136,325.22064955983916,534.2654198311345,0,0,sidebar,0.400545865295617,351,0,0.4,0.0,44.30533634712818,39.50107397147083,0.19520000205375254,0.2935999946203083,11.063099998864345,0.14399999054148793,11.513499994180165,0,True,on_screen,0.7516742373179737
1787908924288,38,1632,326.34382508831095,437.4991492335503,325.5576022183807,505.23553865185926,0,0,sidebar,0.4317080814827752,384,0,0.4,0.0,43.01589097430664,39.49477289463505,0.1247000036528334,0.29329999233596027,11.098999995738268,0.17829998978413641,11.584799998672679,0,True,on_screen,0.7516742373179737
1787908924304,39,1633,326.49717677228824,422.76750914559256,325.83947458455293,480.4951297999792,0,0,sidebar,0.45494963247724507,399,0,0.4,0.0,44.89320586534868,39.50282007076885,0.12879999121651053,0.2666999935172498,11.873700001160614,0.14619999274145812,12.29730001068674,0,True,on_screen,0.7516742373179737
1787908924337,40,1634,419.1068700671092,424.9292078449062,353.8196932293198,463.82535321345733,0,0,sidebar,0.5185993830245543,432,0,0.4,0.0,43.5118497482428,39.496245547087014,0.1615999935893342,0.3479000006336719,11.820200001238845,0.14059999375604093,12.322099995799363,0,True,on_screen,0.7516742373179737
1787908924353,41,1635,755.7976028260306,413.2797557003587,474.413066108333,448.6616739595277,0,0,sidebar,0.7353220864447674,448,0,0.4,0.0,45.37736656406943,39.502799834034036,0.11359999189153314,0.3150999982608482,14.190300003974698,0.16980001237243414,14.687000002595596,0,True,on_screen,0.7516742373179737
1787908924384,42,1636,1032.421306072473,373.85626414302686,641.815538097575,426.22005101457745,0,0,sidebar,0.8167308841515514,480,0,0.4,0.0,43.98164588829143,39.49898044584562,0.13889999536331743,0.32469999860040843,11.669600004097447,0.1664000010350719,12.180400008219294,0,True,on_screen,0.7516742373179737
1787908924416,43,1637,1120.18970141395,358.7317322082166,785.3277870924874,405.9735553726692,0,0,sidebar,0.5793049030281556,511,0,0.4,0.0,42.71891641844049,39.49265577613882,0.12660000356845558,0.3085000062128529,11.504400012199767,0.4118999931961298,12.24029999866616,0,True,on_screen,0.7516742373179737
1787908924432,44,1638,1154.9143761449466,338.6903032055897,896.2037638082251,385.78857972254536,0,0,sidebar,0.36941792803481954,527,0,0.4,0.0,44.6471525016437,39.50109899751199,0.13440000475384295,0.29660000291187316,12.08089999272488,0.1652999926591292,12.567199999466538,0,True,on_screen,0.7516742373179737
1787908924464,45,1639,1176.845028974054,326.5353964888272,980.3961433579736,368.0126247524299,0,0,sidebar,0.2060311309067191,559,0,0.4,0.0,43.31408221074352,39.49521957476689,0.1939999929163605,0.31039999157655984,11.648500003502704,0.1548000000184402,12.127699999837205,0,True,on_screen,0.7516742373179737
1787908924481,46,1640,1186.1964450673133,320.6440280229392,1042.1362338707754,353.80204573358264,0,1,main_file,0.21891496646673225,0,0,0.6,0.0,45.11252883295896,39.50428453232491,0.22020000324118882,0.3802999999606982,11.051499997847714,0.15980000898707658,11.605199993937276,0,True,on_screen,0.7516742373179737
1787908924512,47,1641,1190.828305005031,274.1225795194311,1086.743855211052,329.8982058693372,0,1,main_file,0.3040596723183995,31,0,0.6,0.0,43.75556151977275,39.497696267387184,0.12310000602155924,0.3161000058753416,11.585799991735257,0.2280999906361103,12.14629999594763,0,True,on_screen,0.7516742373179737
1787908924528,48,1642,1197.4068218268003,236.60562549539083,1119.9427451957765,301.9104317571532,0,1,main_file,0.36147671810816684,47,0,0.6,0.0,45.71433108017365,39.50732831345864,0.1353999978164211,0.27600000612437725,11.068899999372661,0.18250000721309334,11.540399995283224,0,True,on_screen,0.7516742373179737
1787908924560,49,1643,1663.1117940497384,156.66210326185416,1282.893459851965,258.3359332085635,0,1,main_file,0.632669322191294,78,0,0.6,0.0,44.25787165014271,39.50034254465957,0.17549999756738544,0.36630000977311283,11.592700000619516,0.13109999417793006,12.103899993235245,0,True,on_screen,0.7516742373179737
1787908924593,50,1644,1890.1678055589243,48.63623244171236,1465.0757635640525,195.42602297850817,0,1,main_file,0.6732195649717583,111,0,0.6,0.0,42.906812680229535,39.494205683535895,0.155699992319569,0.3105999930994585,10.884599993005395,0.156299996888265,11.364100006176159,0,True,on_screen,0.7516742373179737
1787908924608,51,1645,1962.3734639922577,43.799360699861495,1614.265073692514,149.93802429491416,0,1,main_file,0.4642367714004402,127,0,0.6,0.0,45.06267025959501,39.50247485406212,0.20140000560786575,0.31829999352339655,11.902900005225092,0.21850000484846532,12.453299990738742,0,True,on_screen,0.7516742373179737
1787908924640,52,1646,1998.1434601066367,63.824833026654865,1729.4285896167507,124.10406691443636,0,1,main_file,0.2670620080023973,159,0,0.6,0.0,43.69937711596718,39.49733303977212,0.13440000475384295,0.3178999904775992,10.90900000417605,0.13670000771526247,11.375300004146993,0,True,on_screen,0.7516742373179737
1787908924656,53,1647,2003.6992376964806,82.07489305916383,1811.7097840406695,111.4953147578546,0,1,main_file,0.12230760194489743,174,0,0.6,0.0,45.558183815234166,39.50542138750923,0.11589999485295266,0.2753000007942319,11.651500011794269,0.1644000003580004,12.101400003302842,0,True,on_screen,0.7516742373179737
1787908924688,54,1648,2078.0292782973106,96.40977099128376,1891.6056323176617,106.96965162788334,0,2,ai_agent,0.05025746632119987,0,0,0.8,0.0,44.11395642185358,39.49965272183564,0.11649999942164868,0.27879999834112823,10.933099998510443,0.14420000661630183,11.368899999069981,0,True,on_screen,0.7516742373179737
1787908924721,55,1649,2104.700597379797,88.13747236813582,1955.5341218363021,101.31999784995908,0,2,ai_agent,0.1481033417564126,32,0,0.8,0.0,42.805394908268696,39.49286675721717,0.2482999989297241,0.48149999929592013,10.984299995470792,0.14679999731015414,11.630400011199526,0,True,on_screen,0.7516742373179737
1787908924737,56,1650,2124.8623245619688,76.61434118257161,2006.3325826540022,93.90830084974284,0,2,ai_agent,0.21626372381000725,49,0,0.8,0.0,44.788988866632735,39.502153166608075,0.11140000424347818,0.29969999741297215,10.692899988498539,0.16209999739658087,11.16540000657551,0,True,on_screen,0.7516742373179737
1787908924769,57,1651,2109.858904744788,40.127003160159624,2037.3904792812377,77.77391154286786,-1,-1,off_screen,0.0,0,0,1.0,0.0,43.43177319121826,39.49540082636871,0.14250000822357833,0.3240000078221783,11.108500009868294,0.14420000661630183,11.592299997573718,0,True,gaze_outside_screen,0.7516742373179737
1787908924784,58,1652,2104.649560815436,55.712361653693414,2057.568203741497,71.15544657611552,-1,-1,off_screen,0.0,14,0,1.0,0.0,45.42163788874679,39.504071057138276,0.10479999764356762,0.27689999842550606,11.50979999511037,0.14459999511018395,11.941300006583333,0,True,gaze_outside_screen,0.7516742373179737
1787908924816,59,1653,2025.345500009143,95.38737868979658,2047.9013926217908,78.42502621021984,-1,-1,off_screen,0.0,46,0,1.0,0.0,44.00603738140514,39.49803781251525,0.14439999358728528,0.3302999975858256,11.183900001924485,0.13050000416114926,11.662700009765103,0,True,gaze_outside_screen,0.7516742373179737
1787908924832,60,1654,1998.3714144588675,113.61822270575941,2033.042399172914,88.9829851588817,-1,-1,off_screen,0.0,62,0,1.0,0.0,45.802333953933335,39.50559054384709,0.10979999206028879,0.3163999936077744,12.267899990547448,0.24110000231303275,12.83750000584405,0,True,gaze_outside_screen,0.7516742373179737
1787908924864,61,1655,1963.3668598075058,131.19192889285827,2012.1397373632915,101.64566827907467,0,2,ai_agent,0.2348754967932738,0,1,1.2,0.00034703185832969663,44.37364244979149,39.50062569110484,0.11039999662898481,0.2859999949578196,11.247999995248392,0.14000000373926014,11.685199991916306,0,True,on_screen,0.7516742373179737
1787908924896,62,1656,1927.6882198190765,141.87034576340517,1986.804282100027,113.71307152437382,0,2,ai_agent,0.2117054314837643,31,1,1.2,0.00034078430652286634,43.074084376092316,39.49510893262418,0.12530000822152942,0.2998999989358708,10.505700003704987,0.1694999955361709,10.987999994540587,0,True,on_screen,0.7516742373179737
1787908924912,63,1657,1929.5059866318982,143.63173110280067,1969.614793459588,122.68866939790186,0,2,ai_agent,0.19511466172716652,47,1,1.2,0.00033634942238559666,44.90529830815136,39.5029218370699,0.1171000039903447,0.39489999471697956,11.136999994050711,0.17559999832883477,11.719599991920404,0,True,on_screen,0.7516742373179737
1787908924944,64,1658,1959.9282984151225,148.45683437196627,1966.7088449462485,130.41911889012118,0,2,ai_agent,0.19909177432983927,79,1,1.2,0.0003331635483123409,43.536558887049104,39.49587333871119,0.15330000314861536,0.4761000018334016,11.855399992782623,0.14689999807160348,12.49140000436455,0,True,on_screen,0.7516742373179737
1787908924960,65,1659,1965.4922551825584,153.60766090168065,1966.3438680171414,137.375681493589,0,2,ai_agent,0.20609711699587674,95,1,1.2,0.0003341887288593852,45.431223765127086,39.5061209090622,0.13899999612476677,0.28750000637955964,10.480699987965636,0.1306000049225986,10.910600001807325,0,True,on_screen,0.7516742373179737
1787908924992,66,1660,2025.0679434224405,126.85085338049336,1983.961090638731,134.21823305966032,0,2,ai_agent,0.23117554989514122,128,1,1.2,0.00036575805141032466,44.04474675759883,39.50006011267055,0.14089999604038894,0.28610001027118415,10.562200011918321,0.1303000026382506,10.991100003593601,0,True,on_screen,0.7516742373179737
1787908925024,67,1661,2000.0282124355863,134.17421971355884,1988.7812271777875,134.20502905582987,0,2,ai_agent,0.23887229980215374,159,1,1.2,0.0003778149571970722,42.764168955242866,39.49318343017223,0.16220001270994544,0.32410000858362764,11.139999987790361,0.14010000450070947,11.618399992585182,0,True,on_screen,0.7516742373179737
1787908925040,68,1662,2100.5602021743975,152.11244751580193,2022.3149196767704,139.5772545938215,0,2,ai_agent,0.2978951537107857,175,1,1.2,0.0003570603661474381,44.7301831156099,39.50231344276438,0.1306999911321327,0.2810000005410984,10.77140000415966,0.1297999988310039,11.193199999979697,0,True,on_screen,0.7516742373179737
1787908925072,69,1663,2201.8445254034946,186.62290480134627,2076.1738013947875,153.6909496560789,0,2,ai_agent,0.3966711965725429,207,1,1.2,0.0003356482561774933,43.38930019956659,39.49181317377777,0.152900000102818,0.29680000443477184,15.327599990996532,0.13699999544769526,15.774500003317371,0,True,on_screen,0.7516742373179737
1787908925088,70,1664,2232.7106231027797,195.4825556233282,2123.134847907185,166.2284314462537,0,2,ai_agent,0.479687634125188,223,1,1.2,0.0003348257830665946,45.21689090770433,39.50473539987503,0.19209999300073832,0.28020000900141895,10.679599989089184,0.12759999663103372,11.096900008851662,0,True,on_screen,0.7516742373179737
1787908925120,71,1665,2235.957546760872,201.30589955238312,2156.981657563291,176.7516718780925,0,2,ai_agent,0.5388326842430677,255,1,1.2,0.0003353727317618252,43.8281124159567,39.498215149199886,0.13339999713934958,0.3150999982608482,10.988099995302036,0.13159999798517674,11.44850000855513,0,True,on_screen,0.7516742373179737
1787908925136,72,1666,2250.2829063145696,205.9646433606628,2184.9720321886743,185.51556332286358,0,2,ai_agent,0.5853903563667004,271,1,1.2,0.0003339551635046182,45.59343429406229,39.50682318881561,0.17830000433605164,0.2997000119648874,10.864100011531264,0.13590000162366778,11.31070000701584,0,True,on_screen,0.7516742373179737
1787908925168,73,1667,2263.9789816002713,211.1475985603699,2208.674117012153,193.2051738941155,0,2,ai_agent,0.6228893699430822,303,1,1.2,0.00033092688417839244,44.16993893834062,39.50028176946657,0.11910000466741621,0.26190000062342733,11.329899993143044,0.11850000009872019,11.721199989551678,0,True,on_screen,0.7516742373179737
1787908925200,74,1668,2279.7909637412176,227.2086604522644,2230.0091710308725,203.40621986156015,0,2,ai_agent,0.6600267448689416,335,1,1.2,0.0003299397098621669,42.888370333917926,39.4944833984815,0.15910000365693122,0.3249000001233071,10.861999995540828,0.14220000593923032,11.343699996359646,0,True,on_screen,0.7516742373179737
1787908925216,75,1669,2281.4009575696214,232.78217082973674,2245.426706992497,212.2190051520131,0,2,ai_agent,0.6879570937968016,351,1,1.2,0.00032925320724309926,44.79305611677766,39.50230204695448,0.14319999900180846,0.33209999673999846,11.690899991663173,0.12009999772999436,12.153300005593337,0,True,on_screen,0.7516742373179737
1787908925248,76,1670,2309.888156166645,568.0656378968121,2264.7651417447414,318.97299497545276,0,2,ai_agent,0.8885670280489437,383,1,1.2,0.0002933785335657423,43.464388824148855,39.49679045533405,0.1505999971413985,0.3235000040149316,11.164399998961017,0.1281000004382804,11.628100008238107,0,True,on_screen,0.7516742373179737
1787908925264,77,1671,2325.5755596070903,720.3364226788032,2283.008267103446,439.38202328645787,0,2,ai_agent,0.8388201619955419,399,1,1.2,0.0002596634236392559,45.37416705803896,39.50595456160129,0.10940000356640667,0.27040000713896006,10.733400005847216,0.13519999629352242,11.148700010380708,0,True,on_screen,0.7516742373179737
1787908925296,78,1672,2339.7365381204468,902.075702361474,2300.026748408546,578.1901270089627,0,2,ai_agent,0.5716307112106904,431,1,1.2,0.0001923066396095803,43.967238489117804,39.49965279521482,0.17519999528303742,0.30759999935980886,10.826099998666905,0.1230000052601099,11.269499998888932,0,True,on_screen,0.7516742373179737
1787908925328,79,1673,2348.5344015449705,1013.3555345563258,2314.5790443494734,708.7397492731716,1,2,second_file,0.6239900870176629,0,0,1.4,0.0001430932039037571,42.703395793894906,39.49405523229249,0.11269999959040433,0.2665000065462664,10.275900000124238,0.11730000551324338,10.66990000254009,0,True,on_screen,0.7516742373179737
1787908925344,80,1674,2350.642439630925,1045.4185159429917,2325.3980629339085,809.7433792741176,1,2,second_file,0.8179189132585938,16,0,1.4,0.00013204558812918502,44.67829422275171,39.50276412450517,0.11069999891333282,0.25070000265259296,10.247999991406687,0.1255999959539622,10.633300000336021,0,True,on_screen,0.7516742373179737
1787908925377,81,1675,2351.1465453112964,1080.083626425875,2333.122607647125,890.8454534196449,1,2,second_file,0.9400756476563327,49,0,1.4,0.0001152107020261639,43.26760582316828,39.49509889991888,0.21040000137872994,0.31879999733064324,10.989200003677979,0.14509999891743064,11.467300006188452,0,True,on_screen,0.7516742373179737
1787908925392,82,1676,2353.533341061945,1093.969098975801,2339.2458276715706,951.7825470864916,1,2,second_file,0.8770413278231415,63,0,1.4,0.00011482137793651474,45.397665256682885,39.504109812193626,0.16149999282788485,0.2800000074785203,11.193099999218248,0.13729999773204327,11.619500000961125,0,True,on_screen,0.7516742373179737
1787908925424,83,1677,2357.536391901448,1104.5416066541486,2344.7329969405337,997.6102649567887,1,2,second_file,0.7923810893447641,95,0,1.4,0.0001143886025349334,43.972591046329555,39.49860968898764,0.16339999274350703,0.28810001094825566,10.297700006049126,0.14229999214876443,10.738800003309734,0,True,on_screen,0.7516742373179737
1787908925440,84,1678,2352.797364173651,1112.9834882827872,2347.152307110469,1032.222231954588,1,2,second_file,0.7269804097785995,111,0,1.4,0.0001079240595266151,45.85819918854281,39.505716435965745,0.1478000049246475,0.3124000068055466,12.03069998882711,0.14370000280905515,12.497599993366748,0,True,on_screen,0.7516742373179737
1787908925472,85,1679,2345.953588712026,1139.1229196367694,2346.7926915909356,1064.2924382592425,1,2,second_file,0.6667405424563198,143,0,1.4,8.531503169347324e-05,44.3901888213181,39.500223597380916,0.1382000045850873,0.33320000511594117,11.16320000437554,0.13720001152250916,11.647399995126761,0,True,on_screen,0.7516742373179737
1787908925504,86,1680,2337.6024467719544,1157.0827551411664,2344.035618145241,1092.1295333238197,1,2,second_file,0.6147565572346968,175,0,1.4,7.911619071116621e-05,43.084512463849265,39.49462220654755,0.13860000763088465,0.29969999741297215,10.622000001603737,0.14760000340174884,11.080099997343495,0,True,on_screen,0.7516742373179737
1787908925520,87,1681,2329.1917383597392,1170.6785026908087,2339.5824542095907,1115.6942241339164,1,2,second_file,0.5708785248783762,191,0,1.4,6.754833548524436e-05,44.99473465342939,39.50248664864359,0.12789999891538173,0.26559999969322234,11.439800000516698,0.1303999888477847,11.845800006994978,0,True,on_screen,0.7516742373179737
1787908925552,88,1682,2324.1064386002754,1187.7607219883982,2334.9396495267956,1137.3141734902608,1,2,second_file,0.530219654466136,223,0,1.4,6.51072368257552e-05,43.64241914628931,39.49722243179779,0.1576000067871064,0.31149999995250255,10.609300006763078,0.12679999053943902,11.061099998187274,0,True,on_screen,0.7516742373179737
1787908925568,89,1683,2322.1610472837324,1187.9791711923845,2331.1060688538764,1152.513672800898,1,2,second_file,0.5014783730682022,240,0,1.4,6.49476956579801e-05,45.495768040337985,39.50554781243914,0.12490000517573208,0.25830000231508166,10.915100006968714,0.1331000094069168,11.316100004478358,0,True,on_screen,0.7516742373179737
1787908925600,90,1684,2324.4097264696857,1187.2685634208722,2329.0971661386193,1162.9401399868902,1,2,second_file,0.4815134924403266,271,0,1.4,6.741306012948006e-05,44.0634468044348,39.49951061419685,0.12660000356845558,0.26619998971000314,10.665499998140149,0.12100000458303839,11.06459999573417,0,True,on_screen,0.7516742373179737
1787908925632,91,1685,2308.3901576081325,1208.721008165248,2322.8850635794734,1176.6744004403974,2,2,terminal,0.4817750332695979,0,1,1.6,5.886679175932594e-05,42.78230721507922,39.49289056601067,0.17270000535063446,0.2925999870058149,11.09339999675285,0.13290000788401812,11.53429999249056,0,True,on_screen,0.7516742373179737
1787908925648,92,1686,2284.0002943550826,1276.6046561442226,2311.2196328121563,1206.6534771515448,2,2,terminal,0.5417311515310033,16,1,1.6,2.7983852649531363e-05,44.85630771782043,39.50244880390084,0.11140000424347818,0.2719000040087849,10.37190000351984,0.12759999663103372,10.78379999671597,0,True,on_screen,0.7516742373179737
1787908925680,93,1687,2235.1597029027116,1372.2553624885445,2288.4016538393225,1256.3340427526446,2,2,terminal,0.6381733869360466,48,1,1.6,-2.313453433110818e-07,43.47130792437409,39.495870032523015,0.23320000036619604,0.3205999964848161,10.496800008695573,0.1277999981539324,10.959899998852052,0,True,on_screen,0.7516742373179737
1787908925696,94,1688,2220.5699934619865,1410.1822093446217,2268.052155726122,1302.4884927302376,2,2,terminal,0.7209996239634509,64,1,1.6,-1.1616065989365765e-05,45.34664272017454,39.50340522044353,0.10509999992791563,0.28389999351929873,11.626300009083934,0.13500000932253897,12.055899991537444,0,True,on_screen,0.7516742373179737
1787908925728,95,1689,2205.193857309737,1473.4000645707413,2249.194666201206,1353.7619642823886,2,2,terminal,0.7994260845289647,95,1,1.6,-1.8338693626863967e-05,43.95351076292021,39.49790764920607,0.1472999865654856,0.3012999950442463,11.043200007406995,0.1331000094069168,11.489600001368672,0,True,on_screen,0.7516742373179737
1787908925744,96,1690,2187.6826668477524,1501.5688080967532,2230.74106639517,1398.1040174266977,2,2,terminal,0.8343403903820745,111,1,1.6,-2.2683840225357077e-05,45.76213395066417,39.506647438759394,0.12850000348407775,0.30519999563694,10.777699993923306,0.13000000035390258,11.223099994822405,0,True,on_screen,0.7516742373179737
1787908925776,97,1691,2168.29188412014,1511.822999006901,2212.006311712661,1432.2197119007587,2,2,terminal,0.8187754843980546,144,1,1.6,-2.6438099414990285e-05,44.32325419759131,39.49868899273578,0.15740000526420772,0.2815000043483451,12.804300000425428,0.18760000239126384,13.285199995152652,0,True,on_screen,0.7516742373179737
1787908925808,98,1692,2151.069833474391,1530.449936159374,2193.72536824118,1461.6887791783433,2,2,terminal,0.7793884006186587,176,1,1.6,-3.3141746898342206e-05,42.99332972673709,39.49315244405723,0.12119999155402184,0.29769999673590064,11.90909999422729,0.1539999939268455,12.374800004181452,0,True,on_screen,0.7516742373179737
1787908925824,99,1693,2144.6723948119457,1531.7611224274392,2179.00947621241,1482.710482153072,2,2,terminal,0.7407198129660855,191,1,1.6,-2.947468825346966e-05,45.02158884890592,39.503235773516984,0.10600000678095967,0.2756000030785799,10.543699987465516,0.12080000306013972,10.949699993943796,0,True,on_screen,0.7516742373179737
1787908925856,100,1694,2137.3396292301804,1531.529888242924,2166.508522117741,1497.3563039800274,2,2,terminal,0.7075675089402496,223,1,1.6,-2.9356619407387707e-05,43.6247789284345,39.49633656090065,0.12799999967683107,0.295300007564947,11.11359999049455,0.13099999341648072,11.552299998584203,0,True,on_screen,0.7516742373179737
1787908925872,101,1695,2132.556758769325,1529.4217988277185,2156.322993113216,1506.9759524343347,2,2,terminal,0.6816961803764734,240,1,1.6,-3.23092001672208e-05,45.52631676799419,39.50316733599698,0.11510000331327319,0.7493000011891127,12.57140000234358,0.15449999773409218,13.48619999771472,0,True,on_screen,0.7516742373179737
1787908925904,102,1696,2125.292664341914,1526.9268903430693,2147.0138944818254,1512.961233806955,2,2,terminal,0.6601870194980878,272,1,1.6,-2.9719337122525308e-05,44.09223359385499,39.499356555248596,0.18250000721309334,0.3074999985983595,10.422399995150045,0.13250000483822078,10.87639998877421,0,True,on_screen,0.7516742373179737
1787908925920,103,1697,2064.7092928740153,1531.6532116788694,2122.322513999482,1518.5688271685292,2,2,terminal,0.6114542389146007,288,1,1.6,-2.7377650246924318e-05,46.02211426818437,39.508460275793446,0.1112000027205795,0.2609000075608492,10.121500003151596,0.12769999739248306,10.518399998545647,0,True,on_screen,0.7516742373179737
1787908925952,104,1698,1952.5934833453296,1536.8930239737006,2071.403804803236,1524.0660862100806,2,2,terminal,0.5145173419303215,319,1,1.6,-2.5427282444744417e-05,44.548451788432544,39.50074124489801,0.11890000314451754,0.26030000299215317,11.821400010376237,0.17139999545179307,12.26459999452345,0,True,on_screen,0.7516742373179737
1787908925984,105,1699,1848.9422676925553,1539.8493516418723,2004.6653436700317,1528.801065839618,2,2,terminal,0.3871075226804278,351,1,1.6,-2.417016415055817e-05,43.194237587924995,39.495435513218794,0.19700000120792538,0.3093999985139817,10.64970000879839,0.13460000627674162,11.106899997685105,0,True,on_screen,0.7516742373179737
1787908926000,106,1700,1808.4118606724753,1541.6861001098885,1945.7892987707646,1532.6665761206991,2,2,terminal,0.2736998488810587,368,1,1.6,-2.355436282550083e-05,45.205249933782916,39.50399288467704,0.11360000644344836,0.2565999893704429,10.919599997578189,0.1205000007757917,11.305499996524304,0,True,on_screen,0.7516742373179737
1787908926032,107,1701,1754.2615237520263,1543.527152511486,1888.3309662651432,1535.9247490379353,2,2,terminal,0.16261376947989292,400,1,1.6,-2.3237171769363227e-05,43.82432407698033,39.498064907136076,0.1145999995060265,0.2784999960567802,10.777600007713772,0.16320000577252358,11.230799995246343,0,True,on_screen,0.7516742373179737
1787908926048,108,1702,1712.4264972936105,1547.1425362748528,1835.5596255736832,1539.2900852090104,2,1,terminal,0.19944490096197187,416,1,1.6,-2.2597451127398527e-05,45.61324547962464,39.506091226484216,0.11900000390596688,0.4172999906586483,11.012699993443675,0.14459999511018395,11.590000009164214,0,True,on_screen,0.7516742373179737
1787908926080,109,1703,1448.2536792125552,1559.305737305622,1719.3678416653447,1545.2947808379938,2,1,terminal,0.41395437372726296,447,1,1.6,-3.7069402722193084e-05,44.17002213205429,39.50031842058594,0.1531000016257167,0.2829000004567206,10.700699989683926,0.13580000086221844,11.131699997349642,0,True,on_screen,0.7516742373179737
1787908926112,110,1704,720.9019795871195,1563.7290450017276,1419.8280830418769,1550.8250600871138,2,1,terminal,0.7788807004951519,480,1,1.6,-3.8336012541351563e-05,42.913336457128764,39.49472873081219,0.12269998842384666,0.2834000042639673,10.477599993464537,0.13649999164044857,10.91209999867715,0,True,on_screen,0.7516742373179737
1787908926128,111,1705,528.2519350570941,1552.9972413243722,1152.3552386464419,1551.476714458291,2,1,terminal,0.39444521883194816,496,1,1.6,-3.118873348191553e-05,44.729954754427126,39.50168821875665,0.1252999936696142,0.27260000933893025,11.807300004875287,0.16250000044237822,12.252800006535836,0,True,on_screen,0.7516742373179737
1787908926160,112,1706,420.3263957742353,1552.3146104339787,932.7465857847799,1551.7280832509973,2,0,terminal,0.2661806639091372,528,1,1.6,-1.4265127197743074e-05,43.39208966856746,39.496571879307666,0.22560000070370734,0.31659999513067305,10.791099994094111,0.14059999375604093,11.266200002864935,0,True,on_screen,0.7516742373179737
1787908926176,113,1707,406.3865787499464,1538.834489600741,774.8385836743298,1547.8600051559204,2,0,terminal,0.5559607762214561,544,1,1.6,-1.258495364629339e-05,45.20483394875883,39.50528386990892,0.17839999054558575,0.26899999647866935,10.391599993454292,0.1281000004382804,10.798900009831414,0,True,on_screen,0.7516742373179737
1787908926208,114,1708,396.78636124190774,1516.8616125928186,661.4229169446031,1538.5604873869897,2,0,terminal,0.743976824985508,575,1,1.6,-4.797151828425661e-06,43.83956170043918,39.49912245114179,0.12399999832268804,0.26559999969322234,10.718299992731772,0.16660000255797058,11.162499999045394,0,True,on_screen,0.7516742373179737
1787908926224,115,1709,400.30834663983256,1512.1007776270085,583.0885458531719,1530.6225744589954,2,0,terminal,0.821568227615305,592,1,1.6,-6.476204382580356e-06,45.65734821801815,39.50685714670911,0.1213000068673864,0.30860000697430223,11.399999988498166,0.16229999891947955,11.884199993801303,0,True,on_screen,0.7516742373179737
1787908926256,116,1710,397.6747995319606,1500.6694339230417,527.4644219568086,1521.6366322982092,2,0,terminal,0.813568053874932,624,1,1.6,-1.3755184290843714e-05,44.21252694950347,39.501532608647345,0.13240000407677144,0.2930999908130616,10.553000000072643,0.13220000255387276,10.988699999870732,0,True,on_screen,0.7516742373179737
1787908926288,117,1711,397.8594928007867,1497.4997162651136,488.582943210002,1514.3955574882805,2,0,terminal,0.7746745255031545,656,1,1.6,-1.2380580476057182e-05,42.926856845890875,39.495773365937445,0.10620000830385834,0.2609999937703833,10.33340000140015,0.1235999952768907,10.72819999535568,0,True,on_screen,0.7516742373179737
1787908926305,118,1712,392.2598650693937,1495.8031136324296,459.68601976781946,1508.8178243315251,2,0,terminal,0.7347110793303514,673,1,1.6,-1.280652075871802e-05,44.58425000378029,39.50203175770559,0.16569999570492655,0.2749999985098839,11.91139999718871,0.17559999832883477,12.373500008834526,0,True,on_screen,0.7516742373179737
1787908926336,119,1713,391.9748924591463,1497.613186570696,439.3726815752175,1505.4564330032763,2,0,terminal,0.7026161192642417,703,1,1.6,-1.2606887962854363e-05,43.31797996309584,39.4972650680309,0.13309999485500157,0.3188999980920926,11.123200005386025,0.14000000373926014,11.595100004342385,0,True,on_screen,0.7516742373179737
1787908926352,120,1714,332.96811311021315,1496.354580679385,407.4513110357162,1502.7258773061087,2,0,terminal,0.6469772410478498,720,1,1.6,-1.2261164030085911e-05,45.296166251243044,39.50633146354841,0.1171000039903447,0.27039999258704484,10.68979999399744,0.13580000086221844,11.106699996162206,0,True,on_screen,0.7516742373179737
1787908926384,121,1715,260.58311530971883,1494.9711606685603,363.39085231791694,1500.3994623148442,2,0,terminal,0.566142777825829,752,1,1.6,-3.979425675874199e-06,43.91188619403184,39.50007771150942,0.13889999536331743,0.2776999899651855,11.059700002078898,0.1503000094089657,11.499000000185333,0,True,on_screen,0.7516742373179737
1787908926416,122,1716,231.88034902060298,1484.1716658082896,323.9377013287227,1495.5311233628777,2,0,terminal,0.49334697055274357,783,1,1.6,1.3445065769333506e-05,42.64967724543238,39.49440350953281,0.1294999965466559,0.29740000900346786,10.638499996275641,0.14560000272467732,11.097499998868443,0,True,on_screen,0.7516742373179737
1787908926432,123,1717,213.89201298465005,1482.7495954965957,290.9239948255009,1491.696665002993,2,0,terminal,0.4312806825526839,799,1,1.6,1.9738175257279222e-05,44.52966911592964,39.5026982540141,0.11850000009872019,0.27859999681822956,10.595800005830824,0.13000000035390258,11.015199997927994,0,True,on_screen,0.7516742373179737
1787908926464,124,1718,215.2749463760507,1484.8049873675943,268.2292802906659,1489.6291617123734,2,0,terminal,0.3880544241164784,832,1,1.6,2.1026506464103673e-05,43.20583853097173,39.49619517841233,0.1258000120287761,0.2781999937724322,11.084500001743436,0.15669999993406236,11.533099997905083,0,True,on_screen,0.7516742373179737
1787908926480,125,1719,210.8690739578504,1486.5810990273408,251.02121839082122,1488.7147429068636,2,0,terminal,0.3549526205039053,848,1,1.6,2.432555036101583e-05,45.08472896548863,39.503750439882864,0.22030000400263816,0.34610000147949904,11.88620000903029,0.15300000086426735,12.397800004691817,0,True,on_screen,0.7516742373179737
1787908926512,126,1720,205.6258138000309,1478.6984362040387,237.4025970135841,1485.7098508960162,2,0,terminal,0.32931807562384297,880,1,1.6,3.0188197516123685e-05,43.69720858341557,39.49881487824432,0.149200001033023,0.31909999961499125,10.651999997207895,0.12659998901654035,11.110899999039248,0,True,on_screen,0.7516742373179737
1787908926528,127,1721,204.7397627504394,1476.5507895640258,227.6037467346407,1482.962132496419,2,0,terminal,0.310932330825903,896,1,1.6,3.1674528581479566e-05,45.596294143718026,39.50732234129523,0.13889999536331743,0.29150000773370266,10.599499990348704,0.1900999923236668,11.09339999675285,0,True,on_screen,0.7516742373179737
1787908926560,128,1722,208.6201656521263,1473.2891942697647,221.90867240988638,1480.0602510284225,2,0,terminal,0.3004990803370663,927,1,1.6,3.76954710557785e-05,44.16079583023455,39.500851368360266,0.14180000289343297,0.30610000248998404,11.088800005381927,0.12969999806955457,11.53649999469053,0,True,on_screen,0.7516742373179737
1787908926592,129,1723,209.39296716278292,1463.5995943057653,218.15396083575536,1475.1220540116253,2,0,terminal,0.2941876588242761,960,1,1.6,3.277738313322426e-05,42.86417920022919,39.49483560899617,0.1472000003559515,0.3589999978430569,10.924600006546825,0.14230000670067966,11.439599998993799,0,True,on_screen,0.7516742373179737
1787908926608,130,1724,207.26150682163816,1462.4371146334333,214.88622463152018,1471.3165721981677,2,0,terminal,0.28848790160831783,976,1,1.6,3.159421064625155e-05,44.84554612273067,39.50297132345916,0.15589999384246767,0.32079999800771475,11.343399994075298,0.13679999392479658,11.815000005299225,0,True,on_screen,0.7516742373179737
1787908926640,131,1725,208.0820692595895,1456.403259622024,212.84497801994095,1466.8425784253245,2,0,terminal,0.28519689881859733,1008,1,1.6,3.127455707516158e-05,43.47505336781139,39.49689491783314,0.15239999629557133,0.28369999199640006,11.259899998549372,0.17919999663718045,11.73499999276828,0,True,on_screen,0.7516742373179737
1787908926657,132,1726,208.9117256815036,1449.6895189478487,211.66500231840973,1461.6966605820817,2,0,terminal,0.28355830921814973,1025,1,1.6,2.558421759833035e-05,45.32963689512243,39.50544357431713,0.13080000644549727,0.3169999981764704,10.99429999885615,0.14910000027157366,11.4735999959521,0,True,on_screen,0.7516742373179737
1787908926688,133,1727,210.8120044223981,1443.402061034291,211.40910294960622,1456.2082807177444,2,0,terminal,0.28361614137849533,1055,1,1.6,2.2337789922588155e-05,43.942831117796274,39.49998607551188,0.10889999975915998,0.2744999947026372,10.614400001941249,0.14090001059230417,11.041599995223805,0,True,on_screen,0.7516742373179737
1787908926720,134,1728,213.9541664567399,1437.4343050410603,212.17262200174633,1450.576088014739,2,0,terminal,0.28552008200123935,1088,1,1.6,2.0955472069084796e-05,42.696686825803354,39.49389975350436,0.1627000019652769,0.27740000223275274,10.915400009253062,0.1314000110141933,11.33500000287313,0,True,on_screen,0.7516742373179737
1787908926736,135,1729,210.69288160247459,1429.0832543347851,211.72869988196481,1444.128237910753,2,0,terminal,0.28490444267852866,1104,1,1.6,2.4086871262450626e-05,44.64665852310443,39.5014547216065,0.13359999866224825,1.2725999986287206,10.775499991723336,0.14459999511018395,12.204300001030788,0,True,on_screen,0.7516742373179737
1787908926768,136,1730,206.07205394838886,1396.1974047615977,210.03170610189204,1429.7489879660063,2,0,terminal,0.28133746582945773,1135,1,1.6,2.084982606318994e-05,43.31338266452685,39.49645643500946,0.12969999806955457,0.2849000011337921,10.697299992898479,0.13349999790079892,11.127400008263066,0,True,on_screen,0.7516742373179737
1787908926784,137,1731,201.0439751918367,1355.793457357809,207.33538682887541,1407.562328783547,2,0,terminal,0.27353063434157554,1151,1,1.6,2.635054456398729e-05,45.17322814816811,39.504894626781535,0.11890000314451754,0.2761999930953607,10.525600009714253,0.12110000534448773,10.932699995464645,0,True,on_screen,0.7516742373179737
1787908926816,138,1732,190.77627360423804,1297.9844009969918,202.3676528614842,1374.6889504475803,2,0,terminal,0.2554543621770379,1184,1,1.6,2.6607520104401927e-05,43.80055942169633,39.498147754659875,0.12310000602155924,0.3040000010514632,11.466900003142655,0.1512000017100945,11.93520000379067,0,True,on_screen,0.7516742373179737
1787908926832,139,1733,183.07380693985414,1238.6035552086278,196.57949908499518,1333.8633318758943,2,0,terminal,0.22662176870645134,1200,1,1.6,9.041669265883595e-06,45.62097719517516,39.50729546779433,0.11049999739043415,0.29460000223480165,10.515700007090345,0.1441000058548525,10.965900000883266,0,True,on_screen,0.7516742373179737
1787908926864,140,1734,230.39911102476705,959.29744022446,206.72538266692675,1221.493564380464,2,0,terminal,0.15773546006126227,1232,1,1.6,-7.392372906842026e-05,44.18455344933922,39.50135557193799,0.14560000272467732,0.29070000164210796,10.454400005983189,0.1275000104214996,10.884399991482496,0,True,on_screen,0.7516742373179737
1787908926896,141,1735,272.64763153149477,809.7117088055525,226.50205732629712,1097.9590077079904,1,0,sidebar,0.21154363942093735,0,1,1.8,-0.0001046599965038586,42.897419459897,39.49319410598861,0.11529999028425664,0.2702000056160614,12.89659999019932,0.16260000120382756,13.341500001843087,0,True,on_screen,0.7516742373179737
1787908926912,142,1736,334.03627319589623,728.424931014368,258.7623220871768,987.0987846999036,1,0,sidebar,0.3542313979649746,16,1,1.8,-7.768328131397238e-05,44.8686341848208,39.50363347754156,0.11910000466741621,0.2908000024035573,10.645000002114102,0.12880000576842576,11.07419999607373,0,True,on_screen,0.7516742373179737
1787908926944,143,1737,427.0840024390728,590.9774922869445,309.2588261927456,868.2623969760159,1,0,sidebar,0.47270473739999885,48,1,1.8,-1.9850980670466783e-05,43.49104947570596,39.4969672616416,0.1275000104214996,0.2837999927578494,11.19789999211207,0.1551000023027882,11.64769999741111,0,True,on_screen,0.7516742373179737
1787908926960,144,1738,467.67816912267784,545.1453384610318,356.78462907172525,771.3272794215206,1,0,sidebar,0.5010374047474406,64,1,1.8,7.954762561206141e-06,45.34753577067258,39.506114109881096,0.13479999324772507,0.25830000231508166,10.268600002746098,0.12740000966005027,10.663400011253543,0,True,on_screen,0.7516742373179737
1787908926993,145,1739,515.9117636347814,464.9974253769425,404.5227694406421,679.4283232081472,1,0,sidebar,0.4515775407613203,97,1,1.8,5.8289643549137155e-05,43.914124764557016,39.49858708284172,0.1708999916445464,0.34080000477842987,11.626899999100715,0.13899999612476677,12.120200000936165,0,True,on_screen,0.7516742373179737
1787908927024,146,1740,537.0052079935095,405.26578183556836,444.2675010065023,597.1795607963735,0,0,sidebar,0.4674350850849426,128,1,1.8,0.00010407122535319516,42.670028729142686,39.49308115491473,0.13939999917056412,0.2862999972421676,11.38609999907203,0.12260000221431255,11.805900008766912,0,True,on_screen,0.7516742373179737
1787908927040,147,1741,550.9695482867799,358.9791801433225,476.2781151905855,525.7194466004581,0,0,sidebar,0.6203442895822597,144,1,1.8,0.00013054112785437777,44.723978548789425,39.502590370448935,0.12409999908413738,0.2649999951245263,10.286400007316843,0.1323999895248562,10.694500000681728,0,True,on_screen,0.7516742373179737
1787908927072,148,1742,557.7021985159672,289.73604563916786,500.70534018819995,454.92442631207103,0,0,sidebar,0.7621663690016565,176,1,1.8,0.00016604884617394886,43.40406642825113,39.49587259629993,0.14170000213198364,0.2552999940235168,11.358100004144944,0.16570001025684178,11.789199998020194,0,True,on_screen,0.7516742373179737
1787908927088,149,1743,561.1443781938577,255.68956745357454,518.8370515898973,395.15396865452203,0,0,sidebar,0.8682709073846628,192,1,1.8,0.00018684101868471706,45.15590861717101,39.50387251952794,0.11180000728927553,0.29070000164210796,11.28910000261385,0.16619999951217324,11.756699997931719,0,True,on_screen,0.7516742373179737
1787908927120,150,1744,570.2719597211684,234.51788914030482,534.2675240292787,346.9631448002569,0,0,sidebar,0.9141767203321853,223,1,1.8,0.00020917199970826514,43.77867538987934,39.49872404853574,0.13870000839233398,0.29569999605882913,10.516100010136142,0.1379000023007393,10.961399995721877,0,True,on_screen,0.7516742373179737
1787908927136,151,1745,575.8828082887862,226.13038838195214,546.7521093071309,310.71331787476544,0,0,sidebar,0.8874997342163585,240,1,1.8,0.00023146151415331592,45.70522283292733,39.507424510292445,0.1120000088121742,0.2640999882714823,10.286899996572174,0.1277999981539324,10.68749999103602,0,True,on_screen,0.7516742373179737
1787908927168,152,1746,575.3487472264305,209.44476924109887,555.3311006829208,280.33275328466544,0,0,sidebar,0.8384391266175477,272,1,1.8,0.0002544536105644271,44.23129893627058,39.49986751821229,0.14820000797044486,0.29969999741297215,11.67939999140799,0.16820000018924475,12.16089999070391,0,True,on_screen,0.7516742373179737
1787908927200,153,1747,574.4825793066989,212.0919705965963,561.0765442700542,259.86051847824467,0,0,sidebar,0.8012594826650418,304,1,1.8,0.0002651524371835301,42.95147882223603,39.495478294489054,0.11900000390596688,0.2663000050233677,10.175399991567247,0.12789999891538173,10.578899993561208,0,True,on_screen,0.7516742373179737
1787908927216,154,1748,573.8673207931477,211.15874371979055,564.9137772269822,245.2499860507084,0,0,sidebar,0.7737016396952154,320,1,1.8,0.0002683854659840529,44.89630797875607,39.502847176750876,0.10970000585075468,0.24480000138282776,11.234699995839037,0.12820000119972974,11.61659999343101,0,True,on_screen,0.7516742373179737
1787908927248,155,1749,567.476211537772,210.2619889788951,565.6825075202191,234.75358692916438,0,0,sidebar,0.7533136434064759,351,1,1.8,0.00027610103879130085,43.53676357092513,39.49680429979231,0.1297999988310039,0.2716000017244369,11.307699998724274,0.16650000179652125,11.757200001738966,0,True,on_screen,0.7516742373179737
1787908927264,156,1750,562.7165237195089,209.14117599395644,564.792712380006,227.069863648602,0,0,sidebar,0.7381378473553111,368,1,1.8,0.0002752700488118931,45.30948709547595,39.504788558269155,0.16920000780373812,0.29749999521300197,11.34019999881275,0.14969999028835446,11.79809999302961,0,True,on_screen,0.7516742373179737
1787908927296,157,1751,560.5482639460901,207.9925297694376,563.5193778498312,221.34666348485268,0,0,sidebar,0.7267287908066815,400,1,1.8,0.0002736000635616062,43.93981402488383,39.500245421507586,0.12339999375399202,0.2871000033337623,10.155999989365228,0.12209999840706587,10.576600005151704,0,True,on_screen,0.7516742373179737
1787908927328,158,1752,555.8152145256365,209.82060796961727,561.2081288525728,217.88884683028206,0,0,sidebar,0.7195345772479373,432,1,1.8,0.00027548096893270646,42.66550967340133,39.494096137573244,0.14679999731015414,0.2830000012181699,10.324900009436533,0.12639998749364167,10.744200000772253,0,True,on_screen,0.7516742373179737
1787908927344,159,1753,554.4875075391234,213.44854399192027,559.1919424585379,216.55675597877354,0,0,sidebar,0.7165003585140632,448,1,1.8,0.00027066099552191733,44.60921307355547,39.5014604724197,0.17460000526625663,0.3853999951388687,11.154599997098558,0.13109999417793006,11.68699999107048,0,True,on_screen,0.7516742373179737
1787908927376,160,1754,555.9344981217591,218.72693690092476,558.2147091575043,217.2078102554189,0,0,sidebar,0.7175389521590005,480,1,1.8,0.00026984072640496085,43.27548079891121,39.49649098673325,0.1252000074600801,0.2925000007962808,10.182800004258752,0.12490000517573208,10.611799996695481,0,True,on_screen,0.7516742373179737
1787908927392,161,1755,556.8532533136256,221.1932209239267,557.8062724043407,218.40343345597122,0,0,sidebar,0.7197667181243763,496,1,1.8,0.000270062817185451,45.227052138768165,39.50499418422159,0.14609999198000878,0.2604999899631366,10.040499997558072,0.13139999646227807,10.440600002766587,0,True,on_screen,0.7516742373179737
1787908927424,162,1756,554.9152368668181,221.92644092540144,556.9389617430838,219.46033569680026,0,0,sidebar,0.7216006370503109,528,1,1.8,0.00027196170799826877,43.833835784862664,39.4982362699135,0.1390999968862161,0.3080000024056062,10.915699996985495,0.16740000864956528,11.404799995943904,0,True,on_screen,0.7516742373179737
1787908927440,163,1757,553.5465470679385,223.567166874642,555.9212373405402,220.69238505015278,0,0,sidebar,0.7237190537646221,544,1,1.8,0.0002705893801614734,45.60403328064511,39.505999977685775,0.14760000340174884,0.2699000033317134,11.272099989582784,0.17699999443721026,11.72989999759011,0,True,on_screen,0.7516742373179737
1787908927472,164,1758,554.4088890735363,229.03114026381775,555.467532860439,223.19401161425225,0,0,sidebar,0.7284477582478636,575,1,1.8,0.0002686031048846037,44.16038030432151,39.50056128432813,0.11839999933727086,0.2871999895432964,10.655899997800589,0.1303000026382506,11.084800004027784,0,True,on_screen,0.7516742373179737
1787908927504,165,1759,553.8346574680822,233.40590342099048,554.977670242732,226.25757915627372,0,0,sidebar,0.7342456951037187,608,1,1.8,0.0002684070847156876,42.88205983598156,39.4942460700451,0.09879999561235309,0.27469999622553587,11.21650000277441,0.14980000560171902,11.65130001027137,0,True,on_screen,0.7516742373179737
1787908927521,166,1760,552.906476685508,235.3918586577982,554.3563121755647,228.99786300673105,0,0,sidebar,0.7393621374925169,625,1,1.8,0.0002677238656153425,44.752247744576614,39.50167709644091,0.13869999384041876,0.29599999834317714,11.863399995490909,0.17269999079871923,12.350300006801262,0,True,on_screen,0.7516742373179737
1787908927552,167,1761,551.5046329931671,242.2047410656124,553.5008084208454,232.95992642439546,0,0,sidebar,0.7467448558971419,656,1,1.8,0.00026326057713677367,43.42083673024237,39.497192618728974,0.20139999105595052,0.35429999115876853,10.41790000454057,0.13270000636111945,10.91860000451561,0,True,on_screen,0.7516742373179737
1787908927568,168,1762,551.7322712052276,244.3914465182013,552.9702472561601,236.3893824525372,0,0,sidebar,0.7531821619445572,672,1,1.8,0.00026308959554289385,45.37067297110329,39.50552844781858,0.1657999964663759,0.2815999905578792,10.496300004888326,0.14340000052470714,10.930399992503226,0,True,on_screen,0.7516742373179737
1787908927600,169,1763,553.4904943997536,251.59427018030985,553.1263213992381,240.950848770869,0,0,sidebar,0.762037012091668,703,1,1.8,0.0002615666448028686,43.98263671762162,39.498536527691144,0.13519999629352242,0.2941999991890043,11.933900008443743,0.1483000087318942,12.387499999022111,0,True,on_screen,0.7516742373179737
1787908927632,170,1764,587.8675049153,266.5119473861317,563.5486764540567,248.6191783554478,0,0,sidebar,0.7800020904781694,736,1,1.8,0.00025297788459225506,42.69977371748077,39.493842879669764,0.17099999240599573,0.30250000418163836,10.459799988893792,0.1385000068694353,10.913699996308424,0,True,on_screen,0.7516742373179737
1787908927648,171,1765,872.786287813831,284.89178372953813,656.319959861989,259.5009599676749,0,0,sidebar,0.7474612726985221,752,1,1.8,0.0002386913550804018,44.70021439472173,39.50209712605309,0.13390000094659626,0.28739999106619507,10.507900005904958,0.142700009746477,10.94770000781864,0,True,on_screen,0.7516742373179737
1787908927680,172,1766,1472.1210279231534,332.7644106128982,901.0602802803382,281.47999516124185,0,0,sidebar,0.34356825115197176,784,1,1.8,0.0002317669943591085,43.34055481439415,39.49504913233418,0.152900000102818,0.302400003420189,11.63000000815373,0.14620000729337335,12.090299991541542,0,True,on_screen,0.7516742373179737
1787908927697,173,1767,1635.2215578966309,349.6473150934136,1121.308663565226,301.9301911408934,0,1,main_file,0.36412163392000996,0,1,2.0,0.000228337384658793,45.13079810039707,39.50272379552876,0.11970000923611224,0.33229999826289713,11.897000003955327,0.148899998748675,12.389299998176284,0,True,on_screen,0.7516742373179737
1787908927728,174,1768,1744.7947101726527,378.6230503035267,1308.3544775474538,324.9380488896834,0,1,main_file,0.7325769328201288,30,1,2.0,0.0002173286137773546,43.76825734800414,39.49853473506093,0.1294999965466559,0.29569999605882913,10.268800004268996,0.13270000636111945,10.710100003052503,0,True,on_screen,0.7516742373179737
1787908927744,175,1769,1790.7298516137337,389.4645262609061,1453.0670897673376,344.29599210105016,0,1,main_file,0.9598977173591996,46,1,2.0,0.00021277510358876095,45.64154880252005,39.50705310105876,0.10720000136643648,0.24870000197552145,9.99489999958314,0.11919999087695032,10.371099997428246,0,True,on_screen,0.7516742373179737
1787908927777,176,1770,1826.4030424844566,422.02072310555167,1565.0678755824733,367.61341140240063,0,1,main_file,0.7540424269176353,79,1,2.0,0.00020260036223210091,44.11176116622452,39.498801272753774,0.20209999638609588,0.30100000731181353,11.648199986666441,0.12490000517573208,12.08700001006946,0,True,on_screen,0.7516742373179737
1787908927808,177,1771,1841.9502742813706,442.63576575537303,1648.1325951921426,390.12011770829236,0,1,main_file,0.5871882739242703,111,1,2.0,0.00018879925414397487,42.90719322728399,39.49487900723436,0.1449999981559813,0.2859999949578196,10.239800001727417,0.1340000017080456,10.671500000171363,0,True,on_screen,0.7516742373179737
1787908927824,178,1772,1845.6343960100976,452.1116792399283,1707.3831354375288,408.7175861677831,0,1,main_file,0.46649696832673726,126,1,2.0,0.0001848459781397093,44.995774347333096,39.50360474741236,0.12390001211315393,0.259300009929575,10.020499990787357,0.11649999942164868,10.405299995909445,0,True,on_screen,0.7516742373179737
1787908927856,179,1773,1843.381466229544,475.7987876891133,1748.1826346751332,428.8419466241821,0,1,main_file,0.38014070675744716,158,1,2.0,0.00017190747748136066,43.61102505318679,39.49640167621109,0.3217999910702929,0.2851000026566908,11.32760000473354,0.17410000145900995,11.800200009020045,0,True,on_screen,0.7516742373179737
1787908927872,180,1774,1825.125892346575,486.33275885888474,1771.2656119765657,446.08919029459287,0,1,main_file,0.328139439972972,174,1,2.0,0.0001796756943219617,45.497345482057966,39.504874760138996,0.11160000576637685,0.27269999554846436,11.029100001906045,0.16419999883510172,11.47859999036882,0,True,on_screen,0.7516742373179737
1787908927904,181,1775,1822.6819138865208,514.1096521611169,1786.690502549552,466.49532885455005,0,1,main_file,0.28807732550491016,207,1,2.0,0.00018244770791231782,44.080963276456046,39.4990050345362,0.13590000162366778,0.26590000197757035,11.147299999720417,0.1306999911321327,11.554199998499826,0,True,on_screen,0.7516742373179737
1787908927936,182,1776,1802.8855095484143,542.3198051389764,1791.5490046492107,489.2426717398779,0,1,main_file,0.2647667004523191,239,1,2.0,0.00018477302991910804,42.81482369651849,39.49364784923688,0.13190000026952475,0.3026000049430877,10.682000007363968,0.145500001963228,11.143299998366274,0,True,on_screen,0.7516742373179737
1787908927952,183,1777,1794.765703797365,543.910393565602,1792.514014393657,505.64298828759513,0,1,main_file,0.25129641394216207,254,1,2.0,0.0001749433381125383,44.702372788321014,39.500687832130104,0.13220000255387276,0.3850999928545207,11.648800005787052,0.18590000399854034,12.234800000442192,0,True,on_screen,0.7516742373179737
1787908927984,184,1778,1791.5229553075833,535.43568559613,1792.2166966678346,514.5807974801555,0,1,main_file,0.24495749785728504,286,1,2.0,0.00015491943239920487,43.35534942149928,39.49538396145755,0.12430000060703605,0.31409999064635485,11.053199996240437,0.19589999283198267,11.576899996725842,0,True,on_screen,0.7516742373179737
1787908928000,185,1779,1773.3442211953861,531.4605303861715,1786.5549540261,519.6447173519603,0,1,main_file,0.25101659517873154,302,1,2.0,0.0001566892588805227,45.152300713796265,39.50308538193184,0.1674999948590994,0.33370000892318785,11.308500004815869,0.15240001084748656,11.808299997937866,0,True,on_screen,0.7516742373179737
1787908928032,186,1780,1774.8299723005316,531.385268400359,1783.0374595084295,523.1668826664799,0,1,main_file,0.25433872575724614,335,1,2.0,0.00016144406113292355,43.795181460680645,39.496859886478305,0.13939999917056412,0.291600008495152,12.081600012606941,0.17600000137463212,12.560600007418543,0,True,on_screen,0.7516742373179737
1787908928064,187,1781,1739.3882781310576,533.3859309283796,1769.9427050952177,526.2325971450498,0,1,main_file,0.27477903889776967,366,1,2.0,0.00016755737522687955,42.54836780934878,39.492044848659894,0.13760000001639128,0.2989000058732927,11.019400000805035,0.12480000441428274,11.455400002887473,0,True,on_screen,0.7516742373179737
1787908928080,188,1782,1719.535865195619,542.2200710749347,1754.820653125338,531.0288393240153,0,1,main_file,0.2967155586892266,382,1,2.0,0.0001726244196421159,44.463209525249354,39.500641928659476,0.15750000602565706,0.2958999975817278,10.315100007574074,0.1269000058528036,10.748100001364946,0,True,on_screen,0.7516742373179737
1787908928112,189,1783,1728.6135411878258,577.6160636734269,1746.958519544084,545.0050066288387,0,1,main_file,0.29647595981650576,414,1,2.0,0.00012685257049144597,43.16038609105192,39.494758593657686,0.14350000128615648,0.2750999992713332,10.554699998465367,0.13540001236833632,10.976499994285405,0,True,on_screen,0.7516742373179737
1787908928128,190,1784,1754.7346533594032,597.1052795139551,1749.2913596886797,560.6350884943736,0,1,main_file,0.2763211762959421,430,1,2.0,9.223382001876008e-05,45.046667151822895,39.50261644495781,0.19350000366102904,0.32979999377857894,10.712899995269254,0.13050000416114926,11.187900003278628,0,True,on_screen,0.7516742373179737
1787908928160,191,1785,1776.5057628101604,647.0835836383243,1757.455680625124,586.5696370375588,0,1,main_file,0.2344160042987259,463,1,2.0,3.983281094103487e-05,43.6793045515324,39.49692083776115,0.12299999070819467,0.2801999944495037,10.716899996623397,0.13440000475384295,11.144300005980767,0,True,on_screen,0.7516742373179737
1787908928176,192,1786,1780.2831565253132,663.2510908183807,1764.3039233951806,609.5740731718054,0,1,main_file,0.1967197152736596,479,1,2.0,1.8622739694794388e-05,45.495360043038104,39.504732137157,0.1357000001007691,0.27319999935571104,10.936999999103136,0.1289000065298751,11.350799992214888,0,True,on_screen,0.7516742373179737
1787908928208,193,1787,1828.353035742423,700.311579450896,1783.5186570993533,636.7953250555325,1,1,main_file,0.15050859728584198,510,1,2.0,-5.2621976306874846e-05,44.04955379049725,39.4979515504729,0.2821000089170411,0.30590000096708536,11.76179999310989,0.1292000088142231,12.210599990794435,0,True,on_screen,0.7516742373179737
1787908928240,194,1788,1872.4069455859708,722.6895222900208,1810.1851436453385,662.563584225879,1,1,main_file,0.13671504770352017,542,1,2.0,-0.00019073347659919956,42.8134071929147,39.49350516165544,0.1331000094069168,0.28989999555051327,10.617499996442348,0.1472000003559515,11.067100000218488,0,True,on_screen,0.7516742373179737
1787908928256,195,1789,2183.008625100209,803.3160657579043,1922.0321880817994,704.7893286854866,1,2,second_file,0.1579692426234518,0,1,2.2,-0.0003426812605896966,44.71475248319949,39.50175511111859,0.12709999282378703,0.2632000105222687,10.356400001910515,0.12450000212993473,10.752900008810684,0,True,on_screen,0.7516742373179737
1787908928288,196,1790,2367.158658405334,923.1487672556196,2055.5701291788596,770.2971602565265,1,2,second_file,0.4498801525237178,32,1,2.2,-0.0004965471785057379,43.39226861311974,39.49491929083793,0.1412999990861863,0.2829999866662547,11.706899997079745,0.15330000314861536,12.15520000550896,0,True,on_screen,0.7516742373179737
1787908928304,197,1791,2372.5652455390195,1024.9416733979701,2150.6686640869075,846.6905141989596,1,2,second_file,0.6813445705913062,47,1,2.2,-0.0005394876044460539,45.19023251347275,39.503160435904995,0.14989999181125313,0.2761999930953607,11.295299991616048,0.13770000077784061,11.720399998011999,0,True,on_screen,0.7516742373179737
1787908928336,198,1792,2375.1569100213806,1111.6967326416775,2218.015137867249,926.192379731775,1,2,second_file,0.8235580724560724,79,1,2.2,-0.0006039408091229777,43.805052575945545,39.49810663996146,0.1201999984914437,0.2795999898808077,10.515300004044548,0.12240000069141388,10.929299998679198,0,True,on_screen,0.7516742373179737
1787908928368,199,1793,2344.5293680188893,1173.6730307442515,2255.969406912741,1000.4365750355178,1,2,second_file,0.7814631129377934,111,1,2.0,-0.0006198259170807872,42.55025060204396,39.49069209012909,0.13000000035390258,0.28279999969527125,12.333899998338893,0.14740000187885016,12.777500000083819,0,True,on_screen,0.7516742373179737
1787908928384,200,1794,2347.9449307015807,1199.582778114433,2283.5620640493926,1060.1804359591922,1,2,second_file,0.6830232534813246,128,1,2.0,-0.000621825005889939,44.487060982763765,39.49939131966579,0.16710000636521727,0.32959999225568026,11.438899993663654,0.16429999959655106,11.944399986532517,0,True,on_screen,0.7516742373179737
1787908928416,201,1795,2374.154600027479,1364.2167478521699,2310.7398248428185,1151.3913295270854,1,2,second_file,0.506351800962201,159,1,2.0,-0.0006971782859183998,43.1890527642467,39.49413509123611,0.14200000441633165,0.2851000026566908,11.139400012325495,0.1331000094069168,11.570299990125932,0,True,on_screen,0.7516742373179737
1787908928432,202,1796,2375.604297077518,1412.992982372759,2330.199166513228,1229.8718253807874,2,2,terminal,0.5843333028778945,0,2,2.2,-0.0007101101379090244,45.06800798830457,39.50234922846166,0.11280000035185367,0.2657000004546717,10.887800002819858,0.1368000084767118,11.299899997538887,0,True,on_screen,0.7516742373179737
1787908928464,203,1797,2414.056821285183,1470.673370081765,2355.3564629448147,1302.1122887910806,2,2,terminal,0.7111680221566475,32,2,2.2,-0.0007021742841111962,43.695728297930124,39.49580173804307,0.1483999949414283,0.31659999513067305,11.791700002504513,0.1326000055996701,12.253300010343082,0,True,on_screen,0.7516742373179737
1787908928481,204,1798,2449.7267372973497,1432.803565175103,2383.667545250575,1341.3196717062872,2,2,terminal,0.7510466031543512,49,2,2.2,-0.0006436796891750585,45.41106428376928,39.50388785377618,0.14059999375604093,0.298400002066046,11.364200006937608,0.14659999578725547,11.819999999715947,0,True,on_screen,0.7516742373179737
1787908928512,205,1799,2525.1008018719567,1386.3284752157872,2426.0975222369893,1354.822312759137,2,2,terminal,0.7077692351635387,80,2,2.2,-0.0005707023695125813,44.02113229758055,39.49917522472354,0.1314000110141933,0.27469999622553587,10.41419999091886,0.1328999933321029,10.832999992999248,0,True,on_screen,0.7516742373179737
1787908928544,206,1800,2487.5294313427617,1366.9434629915556,2444.527094968721,1358.4586578288624,2,2,terminal,0.6810759067270142,111,2,2.2,-0.0005519603036911978,42.75499498375296,39.49251417200353,0.1368000084767118,0.2808999997796491,11.447199998656288,0.2103000006172806,11.948200000915676,0,True,on_screen,0.7516742373179737
1787908928560,207,1801,2495.7693040292647,1350.2818508602238,2459.899757686884,1356.0056157382708,2,2,terminal,0.6523855535624532,128,2,2.2,-0.0005457438093959162,44.69025127154216,39.50083516193073,0.1669000048423186,0.32809999538585544,11.070099993958138,0.15029999485705048,11.561699997400865,0,True,on_screen,0.7516742373179737
1787908928592,208,1802,2425.8646515738224,1352.7374815558169,2449.6892258529656,1355.0251754835344,2,2,terminal,0.6689280519666618,160,2,2.2,-0.0005438886799129673,43.344196214791005,39.49535301446442,0.1416000013705343,0.2837999927578494,10.768399995868094,0.12460000289138407,11.189199998625554,0,True,on_screen,0.7516742373179737
1787908928608,209,1803,2399.9075367185405,1360.0220280917072,2434.7547191126378,1356.5242312659861,2,2,terminal,0.6954881661673964,176,2,2.2,-0.0005424934721387064,45.3478360068513,39.50334415089621,0.12939999578520656,0.3386000025784597,11.011400012648664,0.13509999553207308,11.496100007207133,0,True,on_screen,0.7516742373179737
1787908928640,210,1804,2360.8446702257734,1344.384408151901,2412.5817044465784,1352.8822843317605,2,2,terminal,0.7267360577244131,208,2,2.2,-0.0005416807392068408,43.9076480030725,39.49646421916242,0.25150000874418765,0.3352000057930127,11.945400008698925,0.1551000023027882,12.450799986254424,0,True,on_screen,0.7516742373179737
1787908928656,211,1805,2333.932343549217,1333.0293548790091,2388.98689617737,1346.926405495935,2,2,terminal,0.7525934327070964,223,2,2.2,-0.0005421098166545936,45.79387426878244,39.50515462491775,0.13609998859465122,0.287600007141009,11.300800004391931,0.18430000636726618,11.785200011217967,0,True,on_screen,0.7516742373179737
1787908928688,212,1806,2280.8578968010816,1321.543489913199,2356.5481963644834,1339.311530821114,2,2,terminal,0.7770551978116952,256,2,2.2,-0.0005370187523717762,44.34900794893044,39.50000802357518,0.14630000805482268,0.2961999998660758,10.713099996792153,0.13049998960923404,11.15199999185279,0,True,on_screen,0.7516742373179737
1787908928720,213,1807,2229.771850033764,1314.8149233554766,2318.5152924652675,1331.9625485814227,2,2,terminal,0.786021396094699,288,2,2.2,-0.0005419236112789248,43.03541036157336,39.493222617678796,0.16739999409765005,0.32610000926069915,11.77869999082759,0.17129999469034374,12.29060000332538,0,True,on_screen,0.7516742373179737
1787908928736,214,1808,2181.1303676189555,1298.1030917926198,2277.299815011374,1321.8047115447816,2,2,terminal,0.762141310313661,304,2,2.2,-0.0005158910513717203,44.91142241642778,39.50124331911911,0.1508999994257465,0.2834000042639673,11.660499993013218,0.17819998902268708,12.133399999584071,0,True,on_screen,0.7516742373179737
1787908928768,215,1809,2125.0778551415974,1275.2204939630892,2231.633227050441,1307.8294462702738,2,2,terminal,0.7042112838299848,335,2,2.2,-0.00045243524578079605,43.54400140239789,39.49595450623114,0.16059998597484082,0.34690000757109374,11.072599998442456,0.13490000856108963,11.568200003239326,0,True,on_screen,0.7516742373179737
1787908928784,216,1810,2213.312012483754,1257.8384772415807,2226.1368626804347,1292.8321555616658,2,2,terminal,0.6731744378161499,351,2,2.2,-0.0004590289650910802,45.44327529391521,39.503905847203136,0.13770000077784061,0.3171999996993691,11.207500007003546,0.13710001076105982,11.672399996314198,0,True,on_screen,0.7516742373179737
1787908928816,217,1811,2297.504287600103,1236.6039671358492,2247.547090156335,1275.9636990339209,2,2,terminal,0.6594685328886888,384,2,2.2,-0.00048090467082772745,44.03688193632523,39.498073573609716,0.15020000864751637,0.3158999898005277,11.403800002881326,0.15410000924021006,11.8876999913482,0,True,on_screen,0.7516742373179737
1787908928848,218,1812,2318.1755410516134,1194.1933212617892,2268.7356254249185,1251.4325857022814,2,2,terminal,0.6234327927426706,416,2,2.2,-0.0004980519222304216,42.78373280033949,39.49292109332483,0.12630000128410757,0.2793000021483749,11.032499998691492,0.12749999586958438,11.449900004663505,0,True,on_screen,0.7516742373179737
1787908928864,219,1813,2322.73903570577,1187.45429250878,2284.9366485091737,1232.239097744231,2,2,terminal,0.5904606726526997,432,2,2.2,-0.0005034821463591171,44.662994989348746,39.501295038956954,0.12969999806955457,0.275999991572462,10.386499998276122,0.1260999997612089,10.798999996040948,0,True,on_screen,0.7516742373179737
1787908928896,220,1814,2324.0752049129856,1185.7887993796983,2296.6782154303173,1218.3040082348712,2,2,terminal,0.564582581625386,463,2,2.2,-0.0004950169252878542,43.329066350528244,39.49518852478591,0.17329999536741525,0.3291000030003488,10.815200002980419,0.13339999713934958,11.290299997199327,0,True,on_screen,0.7516742373179737
1787908928912,221,1815,2320.53260594857,1202.8949463773529,2303.834532585793,1213.6812896776155,2,2,terminal,0.5557455235825486,480,2,2.0,-0.00048652034448539577,45.18891542641005,39.50284535186531,0.14740000187885016,0.3129999968223274,11.077799994382076,0.15079999866429716,11.554400000022724,0,True,on_screen,0.7516742373179737
1787908928944,222,1816,2330.391793361817,1234.4873700285,2311.8017108186,1219.9231137828808,2,2,terminal,0.5677267246709099,512,2,2.0,-0.0004409187931559821,43.81619169437126,39.49745482946755,0.1345000055152923,0.2893000055337325,10.938999999780208,0.1201999984914437,11.358399991877377,0,True,on_screen,0.7516742373179737
1787908928960,223,1817,2388.7085399750463,1229.7390251038958,2334.873759565534,1222.8678871791851,2,2,terminal,0.5694915165510291,528,2,2.0,-0.0004423933320473819,45.66852011113298,39.505790861886425,0.1145999995060265,0.25880000612232834,10.536999994656071,0.12369999603834003,10.92820000485517,0,True,on_screen,0.7516742373179737
1787908928992,224,1818,2406.9109547788485,1275.6484885221666,2356.484918129528,1238.7020675820795,2,2,terminal,0.5916501451041793,560,2,2.0,-0.00038041304098823496,44.23393103523941,39.49962775402871,0.1765999913914129,0.32220000866800547,11.019999990821816,0.13980000221636146,11.495400001876988,0,True,on_screen,0.7516742373179737
1787908929024,225,1819,2409.881145895969,1271.5126808642528,2372.50378645946,1248.5452515667314,2,2,terminal,0.6008493325994182,592,2,2.0,-0.0003643462255418402,42.93881284463064,39.49437327529451,0.12939999578520656,0.27829999453388155,10.56599999719765,0.11839999933727086,10.972400006721728,0,True,on_screen,0.7516742373179737
1787908929040,226,1820,2335.592882678733,1270.9673760828332,2361.4305153252417,1255.2718889215619,2,2,terminal,0.6202664032363363,608,2,2.0,-0.00035178074714385665,44.885804281154606,39.502501416681916,0.1252000074600801,0.3029000072274357,10.359899999457411,0.1145999995060265,10.786900005768985,0,True,on_screen,0.7516742373179737
1787908929072,227,1821,1954.22660386171,1318.011001473015,2239.2693418861822,1274.0936226869978,2,2,terminal,0.6504224888159599,640,2,2.0,-0.00033392878511580987,43.510626428698146,39.495740079706074,0.1669999910518527,0.31689999741502106,11.390200001187623,0.1517999917268753,11.87430000572931,0,True,on_screen,0.7516742373179737
1787908929088,228,1822,1416.70237345572,1615.3763297046196,1992.4992513570432,1376.4784347922841,2,2,terminal,0.3759527980474595,656,2,2.0,-0.00037873512506358606,45.309965715685934,39.50412608346786,0.11929999163839966,0.2739000046858564,10.73129998985678,0.1272000081371516,11.14159999997355,0,True,on_screen,0.7516742373179737
1787908929120,229,1823,981.7248090519149,2194.9696023855413,1689.2669186655048,1622.025785070261,2,1,terminal,0.3941245505624168,687,2,2.0,-0.0005445878307591412,43.92846632659246,39.49881742425446,0.15789999451953918,0.265800001216121,10.497399998712353,0.13339999713934958,10.906299998168834,0,True,on_screen,0.7516742373179737
1787908929152,230,1824,848.1417799276022,2656.3756806127726,1436.9293770441338,1932.3307537330143,-1,-1,off_screen,0.0,0,1,2.2,-0.0007278204484369999,42.66520649472059,39.49242482245495,0.1424999936716631,0.2815999905578792,11.312600006931461,0.14040000678505749,11.745900003006682,0,True,gaze_outside_screen,0.7516742373179737
1787908929168,231,1825,843.8083748466405,2801.6909428530407,1258.9930763848856,2193.1388104690222,-1,-1,off_screen,0.0,16,1,2.2,-0.0007773479984630703,44.590828014311,39.500360737859445,0.14679999731015414,0.29710000671911985,11.161600006744266,0.16280000272672623,11.633200003416277,0,True,gaze_outside_screen,0.7516742373179737
1787908929200,232,1826,851.9901051642909,2844.452772253001,1136.892185018707,2388.532999004216,-1,-1,off_screen,0.0,48,1,2.2,-0.0007588069255549147,43.26051929626227,39.495310750525505,0.1345000055152923,0.2796000044327229,10.489200009033084,0.11999999696854502,10.898699998506345,0,True,gaze_outside_screen,0.7516742373179737
1787908929216,233,1827,846.7126536687053,2841.378460156043,1049.8383256137065,2524.386637349764,-1,-1,off_screen,0.0,64,1,2.2,-0.0007319466417289172,45.19930720947638,39.50324174045396,0.145800004247576,0.2570000069681555,10.593699989840388,0.10970000585075468,10.968700007651933,0,True,gaze_outside_screen,0.7516742373179737
1787908929249,234,1828,813.9268865286784,2834.481702677396,979.064893888198,2617.415156948053,-1,-1,off_screen,0.0,97,1,2.2,-0.0007133875499670886,43.75998681942716,39.49639597439617,0.20080000103916973,0.337799996486865,11.332099995343015,0.15829999756533653,11.842899999464862,0,True,gaze_outside_screen,0.7516742373179737
1787908929280,235,1829,800.2441988094007,2822.491553205597,925.4186853645587,2678.938075825316,-1,-1,off_screen,0.0,128,1,2.2,-0.0006781304860509658,42.5738825507901,39.492103820507964,0.11510000331327319,0.28240001120138913,10.419300000648946,0.1323000033153221,10.845500000868924,0,True,gaze_outside_screen,0.7516742373179737
1787908929296,236,1830,801.3059630063002,2778.6381507419055,888.1848686570811,2708.848098300293,-1,-1,off_screen,0.0,144,1,2.2,-0.0006641173532453363,44.51009383294691,39.499846980190625,0.10579999070614576,0.2823999966494739,10.520999989239499,0.12369999603834003,10.937400002148934,0,True,gaze_outside_screen,0.7516742373179737
1787908929328,237,1831,863.7723513698752,2763.911727031496,880.8611134709192,2725.3671869196537,-1,-1,off_screen,0.0,176,1,2.2,-0.0006683135699403521,43.19063133923934,39.49311563169451,0.175300010596402,0.32339998870156705,11.749299999792129,0.1353999978164211,12.221899989526719,0,True,gaze_outside_screen,0.7516742373179737
1787908929345,238,1832,895.1235863179362,2747.8616345807723,885.1398553250242,2732.115521217989,-1,-1,off_screen,0.0,193,1,2.2,-0.0006730194290208418,44.952924594292966,39.501192567307065,0.1731999946059659,0.3298999945400283,11.114299995824695,0.15560000611003488,11.614000002737157,0,True,gaze_outside_screen,0.7516742373179737
1787908929376,239,1833,891.4066310814044,2685.8064822640376,887.0198880519381,2718.2228095318037,-1,-1,off_screen,0.0,223,1,2.2,-0.0006686769197461057,43.611818212179486,39.49617285640384,0.152299995534122,0.3490999952191487,10.61640000261832,0.14450000890064985,11.123499993118457,0,True,gaze_outside_screen,0.7516742373179737
1787908929392,240,1834,907.1042790638066,2679.3065563924674,893.0452053554986,2706.5479335900027,-1,-1,off_screen,0.0,240,1,2.2,-0.0006732446052113376,45.434469379075324,39.50383672183377,0.1472000003559515,0.3121999907307327,10.794000001624227,0.14439999358728528,11.262600004556589,0,True,gaze_outside_screen,0.7516742373179737
1787908929424,241,1835,909.1162268615439,2657.6592216676854,897.8665118073121,2691.8813200133072,-1,-1,off_screen,0.0,272,1,2.2,-0.0006708145652689762,44.02412935513423,39.496685663062614,0.13070000568404794,0.3144000074826181,12.576199995237403,0.1640999980736524,13.069599997834302,0,True,gaze_outside_screen,0.7516742373179737
1787908929456,242,1836,876.2731570681046,2634.164469662969,891.3885053855498,2674.566264908206,-1,-1,off_screen,0.0,304,1,2.2,-0.0006509808411187638,42.7566502420416,39.49218640854378,0.15159999020397663,0.2880000101868063,11.352499990607612,0.1309000072069466,11.785400012740865,0,True,gaze_outside_screen,0.7516742373179737
1787908929472,243,1837,847.9195848695261,2650.1619861482577,878.3478292307427,2667.2449812802215,-1,-1,off_screen,0.0,319,1,2.2,-0.000631147807432942,44.76112991215699,39.49981409070361,0.1277999981539324,0.30089999199844897,11.755500003346242,0.13190000026952475,12.201200006529689,0,True,gaze_outside_screen,0.7516742373179737
1787908929505,244,1838,852.9509512350272,2679.7706814094095,870.7287658320281,2671.0026913189777,-1,-1,off_screen,0.0,353,1,2.0,-0.0006169265681931803,43.29386594482238,39.49333005571486,0.16930000856518745,0.30860000697430223,11.461500005680136,0.13939999917056412,11.922199992113747,0,True,gaze_outside_screen,0.7516742373179737
1787908929520,245,1839,848.0634415171094,2687.1149260613297,863.9291685375524,2675.836361741683,-1,-1,off_screen,0.0,368,1,2.0,-0.0006104012881563703,45.666712538959274,39.50277608712347,0.12339999375399202,0.2835000050254166,10.752899994258769,0.14110001211520284,11.188200005562976,0,True,gaze_outside_screen,0.7516742373179737
1787908929552,246,1840,822.884476556147,2729.293273552981,851.6157609431307,2691.8734352850724,-1,-1,off_screen,0.0,400,1,2.0,-0.0006248520030714133,44.23619422911244,39.49738419450571,0.14069999451749027,0.2964000013889745,10.548499994911253,0.1171000039903447,10.975000011967495,0,True,gaze_outside_screen,0.7516742373179737
1787908929584,247,1841,788.4754197112671,2748.5958084781755,832.6736585735715,2708.8901472430034,-1,-1,off_screen,0.0,432,1,2.0,-0.0006080162597798065,42.95074531530881,39.49156199176058,0.15330000314861536,0.29490000451914966,10.852600011276081,0.1416000013705343,11.299200006760657,0,True,gaze_outside_screen,0.7516742373179737
1787908929600,248,1842,796.7943166864305,2766.134154942349,821.9098560074292,2726.0633495528073,-1,-1,off_screen,0.0,447,1,2.0,-0.0005958252032388436,44.8445172449534,39.499484321588795,0.13020000187680125,0.29519999225158244,10.65339999331627,0.1480999926570803,11.107900005299598,0,True,gaze_outside_screen,0.7516742373179737
1787908929632,249,1843,750.0211683862428,2753.8967268721685,800.3432497210733,2734.4133627486153,-1,-1,off_screen,0.0,480,1,2.0,-0.0005587216101111958,43.494154378303875,39.493863869654504,0.14799999189563096,0.3031999949598685,10.695899996790104,0.14549998741131276,11.157500004628673,0,True,gaze_outside_screen,0.7516742373179737
1787908929648,250,1844,780.8517410633858,2732.247140843292,794.495797123767,2733.763496177018,-1,-1,off_screen,0.0,496,1,2.0,-0.0005242791536486727,45.2983578818236,39.501343099224826,0.13519999629352242,0.2623000036692247,10.993799995048903,0.12179999612271786,11.386800004402176,0,True,gaze_outside_screen,0.7516742373179737
1787908929680,251,1845,799.3415702277566,2702.7510858932956,795.9495290549639,2724.4597730919013,-1,-1,off_screen,0.0,528,1,2.0,-0.0004910222036148982,43.918495476805205,39.49597882020881,0.1514999894425273,0.32639999699313194,10.831099993083626,0.1277999981539324,11.299800011329353,0,True,gaze_outside_screen,0.7516742373179737
1787908929696,252,1846,819.7548638345925,2698.6442906103603,803.0911294888524,2716.7151283474386,-1,-1,off_screen,0.0,544,1,1.8,-0.0004889354941610378,45.6831062083524,39.50385520391309,0.13949999993201345,0.302400003420189,10.617199994158,0.12499999138526618,11.056799994548783,0,True,gaze_outside_screen,0.7516742373179737
1787908929728,253,1847,874.6181204849191,2700.408044885354,824.5492267876724,2711.823003308813,-1,-1,off_screen,0.0,575,1,1.8,-0.0005059077876747933,44.26931001342621,39.498119570877265,0.11239999730605632,0.2705999941099435,11.042700003599748,0.13590000162366778,11.459500005003065,0,True,gaze_outside_screen,0.7516742373179737
1787908929761,254,1848,908.140874476546,2697.4881212900414,849.6267210943345,2707.5225387031815,-1,-1,off_screen,0.0,608,1,1.8,-0.0005156320477475093,42.92581050106464,39.49157030848847,0.567600000067614,0.3333000058773905,11.623700003838167,0.13309999485500157,12.10480000008829,0,True,gaze_outside_screen,0.7516742373179737
1787908929776,255,1849,926.4784068697207,2697.447911139349,872.6822268269502,2704.5001504340316,-1,-1,off_screen,0.0,624,1,1.6,-0.0005188968573151542,44.955620830168364,39.50001981516938,0.15980000898707658,0.3392999933566898,11.092500004451722,0.15020000864751637,11.594600000535138,0,True,gaze_outside_screen,0.7516742373179737
1787908929808,256,1850,945.781838931701,2704.5699411273636,894.6121104583754,2704.521087642031,-1,-1,off_screen,0.0,656,1,1.6,-0.0005233197856389354,43.586964206240154,39.49435551688026,0.12409999908413738,0.2590999938547611,11.26549999753479,0.11340000492054969,11.647700011963025,0,True,gaze_outside_screen,0.7516742373179737
1787908929824,257,1851,963.5847560818471,2705.9598186369994,915.3039041454168,2704.9527069405212,-1,-1,off_screen,0.0,671,1,1.6,-0.0005210994257597128,45.54379134041688,39.50338790744399,0.26899999647866935,0.2582000015536323,10.04609999654349,0.10469999688211828,10.417500001494773,0,True,gaze_outside_screen,0.7516742373179737
1787908929856,258,1852,983.5425685388356,2725.5699181566683,935.7755034634424,2711.137870305365,-1,-1,off_screen,0.0,703,1,1.6,-0.0005283449171821081,44.12091987123831,39.49732302948377,0.15759999223519117,0.28709998878184706,10.566299999481998,0.12650000280700624,10.997300007147714,0,True,gaze_outside_screen,0.7516742373179737
1787908929888,259,1853,1006.7556139076148,2718.455291021334,957.069536596694,2713.3330965201553,-1,-1,off_screen,0.0,736,1,1.4,-0.0005341400785078537,42.8250246272508,39.491762625718266,0.15140000323299319,0.27230000705458224,10.426600012579001,0.12199999764561653,10.83039998775348,0,True,gaze_outside_screen,0.7516742373179737
1787908929904,260,1854,1030.8100259030043,2673.08964715143,979.191683388587,2701.2600617095377,-1,-1,off_screen,0.0,752,1,1.4,-0.0005932092666125072,44.81297953220321,39.50006645023672,0.11100000119768083,0.2403999969828874,9.97869999264367,0.10800000745803118,10.335200000554323,0,True,gaze_outside_screen,0.7516742373179737
1787908929936,261,1855,1586.8313856588925,2385.712174143501,1161.4835940696785,2606.5956954397266,-1,-1,off_screen,0.0,784,1,1.4,-0.0007853931731709729,43.46602584349334,39.49345107778039,0.15500000154133886,0.32750000536907464,11.120700000901707,0.1505999971413985,11.61349999892991,0,True,gaze_outside_screen,0.7516742373179737
1787908929952,262,1856,2306.3885924790325,2063.938614680977,1504.9550935924844,2443.7985712121017,-1,-1,off_screen,0.0,799,1,1.4,-0.0008726353050162901,45.26804781039546,39.501601063103834,0.1137000072048977,0.28249999741092324,10.564799988060258,0.11800001084338874,10.974100005114451,0,True,gaze_outside_screen,0.7516742373179737
1787908929984,263,1857,2816.378537972165,1738.1520253869414,1898.3821269063885,2232.1046074645533,-1,-1,off_screen,0.0,832,1,1.4,-0.0009600091867404733,43.87938399417427,39.49591984922299,0.11530000483617187,0.25019999884534627,10.809599989443086,0.11759999324567616,11.185899988049641,0,True,gaze_outside_screen,0.7516742373179737
1787908930000,264,1858,2958.492779688347,1624.0546153855084,2216.415322740976,2049.6896098408397,-1,-1,off_screen,0.0,848,1,1.4,-0.0009796142657582906,45.77557628096166,39.5044205733712,0.1016000023810193,0.23119999968912452,10.117300000274554,0.112900001113303,10.46889999997802,0,True,gaze_outside_screen,0.7516742373179737
1787908930032,265,1859,3142.7647481343843,1486.7549679382782,2494.3201503589985,1880.809217270071,-1,-1,off_screen,0.0,880,1,1.4,-0.0009648752280856619,44.293677610094754,39.49751646246111,0.16950001008808613,0.3040999872609973,11.224900008528493,0.16250000044237822,11.704999997164123,0,True,gaze_outside_screen,0.7516742373179737
1787908930064,266,1860,3156.9093597075366,1410.5474640901255,2693.0969131635597,1739.7306913160871,-1,-1,off_screen,0.0,911,1,1.4,-0.0009584482724982208,43.01751129496157,39.49318128674484,0.13590000162366778,0.2587999915704131,10.094400000525638,0.11609999637585133,10.478399999556132,0,True,gaze_outside_screen,0.7516742373179737
1787908930080,267,1861,3216.6271550363804,1377.1780567933622,2850.155985725406,1630.9649009592697,-1,-1,off_screen,0.0,927,1,1.4,-0.0009573703235900254,45.021288224827956,39.501071454362695,0.11319998884573579,0.2386999985901639,10.176099996897392,0.10429999383632094,10.527500009629875,0,True,gaze_outside_screen,0.7516742373179737
1787908930114,268,1862,3211.354532366536,1289.7231186569986,2958.5155497177448,1528.5923662685884,-1,-1,off_screen,0.0,962,1,1.4,-0.0009626234306972514,43.42208555141552,39.492008399725265,0.12179999612271786,0.3206999972462654,11.721599992597476,0.15669999993406236,12.21349999832455,0,True,gaze_outside_screen,0.7516742373179737
1787908930128,269,1863,3226.917621238245,1242.310075021312,3039.0361711738947,1442.7076788944055,-1,-1,off_screen,0.0,976,1,1.4,-0.0009562136959204437,46.34499570512618,39.50275006887209,0.1571000029798597,0.2975999959744513,10.498299991013482,0.11660000018309802,10.942699998850003,0,True,gaze_outside_screen,0.7516742373179737
1787908930160,270,1864,3172.029587377911,1144.7509139318058,3078.9341960350994,1353.3206494056255,-1,-1,off_screen,0.0,1008,1,1.4,-0.0009083962722199537,44.842268593641236,39.49676728071223,0.11439999798312783,0.2457999944454059,11.107199999969453,0.11300000187475234,11.474200000520796,0,True,gaze_outside_screen,0.7516742373179737
1787908930192,271,1865,3061.8700441802375,1138.4273760545045,3073.8149504786406,1288.8526674002892,-1,-1,off_screen,0.0,1039,1,1.4,-0.0008666442891282627,43.475161265356874,39.490160221954,0.11510000331327319,0.2775000029942021,12.17499999620486,0.14899999951012433,12.611999991349876,0,True,gaze_outside_screen,0.7516742373179737
1787908930208,272,1866,3016.3702599200656,1128.7203839369697,3056.5815433110683,1240.8129823612933,-1,-1,off_screen,0.0,1055,1,1.4,-0.0008547965306991926,45.35763130757543,39.49869542752287,0.16540000797249377,0.4054999881191179,11.123500007670373,0.1331000094069168,11.67289998556953,0,True,gaze_outside_screen,0.7516742373179737
1787908930240,273,1867,2936.5440303595965,1140.6628619229466,3020.5702894256265,1210.7679462297892,-1,-1,off_screen,0.0,1088,1,1.4,-0.0008567858322757558,43.9353870770158,39.492867665306875,0.18940000154543668,0.36049999471288174,11.353800000506453,0.12129999231547117,11.847100002341904,0,True,gaze_outside_screen,0.7516742373179737
1787908930256,274,1868,2877.277565596823,1146.674822110328,2977.5824722769853,1191.5400089939508,-1,-1,off_screen,0.0,1104,1,1.4,-0.0008550580417926376,45.912979499656984,39.50160252905429,0.09790000331122428,0.2505000011296943,10.64089999999851,0.1137000072048977,11.013100011041388,0,True,gaze_outside_screen,0.7516742373179737
1787908930289,275,1869,2856.4918702553787,1163.7711648479542,2941.255291670503,1183.2093557501516,-1,-1,off_screen,0.0,1137,1,1.4,-0.0008570293898963084,44.39220848212547,39.494449242175705,0.1306000049225986,0.28569999267347157,11.872999995830469,0.16169999435078353,12.330700003076345,0,True,gaze_outside_screen,0.7516742373179737
1787908930304,276,1870,2715.123588421739,1227.0851033818738,2873.4157806958738,1196.3720800396682,-1,-1,off_screen,0.0,1151,1,1.4,-0.0008702424818954127,46.296152871862894,39.50366563597908,0.11270001414231956,0.4030999989481643,10.303500006557442,0.1218999968841672,10.838899994269013,0,True,gaze_outside_screen,0.7516742373179737
1787908930336,277,1871,2388.3602525395518,1905.9997969922197,2727.8991222489767,1409.2603951254337,2,2,terminal,0.16571841727167969,0,3,1.4,-0.0010534146132561827,44.80921514702166,39.49814638957413,0.13049998960923404,0.27659999614115804,10.532500004046597,0.13250000483822078,10.951100004604086,0,True,on_screen,0.7516742373179737
1787908930369,278,1872,1946.8075576633034,2636.398347169304,2493.5716528732746,1777.4017807385949,-1,-1,off_screen,0.0,0,2,1.6,-0.0012668351635530851,43.40659010237323,39.490611946609334,0.14770000416319817,0.32310000096913427,12.233500005095266,0.26000000070780516,12.825999991036952,0,True,gaze_outside_screen,0.7516742373179737
1787908930384,279,1873,1855.273302360299,2829.735946787679,2302.082147719382,2093.1020305533198,-1,-1,off_screen,0.0,15,2,1.6,-0.0013441868146783463,45.55236147941946,39.49969579856881,0.11490000179037452,0.34810000215657055,11.308699991786852,0.15639999764971435,11.824100001831539,0,True,gaze_outside_screen,0.7516742373179737
1787908930416,280,1874,0.0,0.0,0.0,0.0,-1,-1,,0.0,0,0,1.6,-0.0015311873833576337,44.120924621290065,39.49449333063297,0.12959999730810523,0.26989998877979815,11.017800003173761,0.07899999036453664,11.377899994840845,0,True,eyes_invalid_or_blink,0.7516742373179737
1787908930432,281,1875,0.0,0.0,0.0,0.0,-1,-1,,0.0,0,0,1.6,-0.0015751629616877066,45.93296311475767,39.50285960884737,0.10970000585075468,0.2511999919079244,10.242400006973185,0.07479998748749495,10.576699991361238,0,True,eyes_invalid_or_blink,0.7516742373179737
1787908930464,282,1876,2021.5791335743613,2606.9276955813457,2217.931243475876,2247.2497300617274,-1,-1,off_screen,0.0,0,3,1.8,-0.0015210192861779617,44.471488302017306,39.49669579506283,0.13549999857787043,0.24449999909847975,10.972899995977059,0.14510001346934587,11.372299995855428,0,True,gaze_outside_screen,0.7516742373179737
1787908930480,283,1877,2114.590650858932,2480.090736875511,2186.9290656907924,2317.1020321058622,-1,-1,off_screen,0.0,16,3,1.8,-0.0014634852889221905,46.195045895355804,39.50429738249722,0.13719999697059393,0.2859000087482855,10.829600010765716,0.21490000654011965,11.340800003381446,0,True,gaze_outside_screen,0.7516742373179737
1787908930512,284,1878,2153.809500111375,2452.4024704306253,2176.993196016967,2357.692163603291,-1,-1,off_screen,0.0,48,3,1.8,-0.0014303037183676058,44.709826626306544,39.49899350444682,0.13749999925494194,0.27489999774843454,10.72970000677742,0.1171000039903447,11.132600004202686,0,True,gaze_outside_screen,0.7516742373179737
1787908930544,285,1879,2226.094911751371,2388.5591723600824,2191.723710737288,2366.9522662303284,-1,-1,off_screen,0.0,79,3,1.8,-0.0014044281887265076,43.38320141370574,39.4936062962192,0.11770000855904073,0.25270000332966447,10.760200006188825,0.11399999493733048,11.135900000226684,0,True,gaze_outside_screen,0.7516742373179737
1787908930562,286,1880,2282.424310103466,2364.320797317073,2218.9338905471413,2366.162825556352,-1,-1,off_screen,0.0,98,3,1.8,-0.0013996165615512285,44.57469248635353,39.49927301063569,1.263199999812059,0.338099998771213,11.051699999370612,0.14089999604038894,11.543400003574789,0,True,gaze_outside_screen,0.7516742373179737
1787908930592,287,1881,2368.455854703623,2306.141051247952,2263.790479794086,2348.1562932638317,-1,-1,off_screen,0.0,128,3,1.8,-0.001398736019271398,43.452991681270156,39.49629586477354,0.139000010676682,0.2724999940255657,10.065800001029857,0.12250000145286322,10.471699992194772,0,True,gaze_outside_screen,0.7516742373179737
1787908930608,288,1882,2379.7998521695804,2287.5645773846572,2298.593291506734,2329.9787785000794,-1,-1,off_screen,0.0,144,3,1.8,-0.0013978232714118126,45.35691136493272,39.50353609858619,0.11819999781437218,0.26190000062342733,10.682699998142198,0.10170000314246863,11.055200011469424,0,True,gaze_outside_screen,0.7516742373179737
1787908930640,289,1883,2340.089725064342,2327.512976663982,2311.0422215740164,2329.23903794925,-1,-1,off_screen,0.0,176,3,1.6,-0.0013443435745902274,43.94614210416106,39.49746620713103,0.11860000086016953,0.28979999478906393,11.25119999051094,0.14309999824035913,11.694099986925721,0,True,gaze_outside_screen,0.7516742373179737
1787908930672,290,1884,2295.0534922022525,2866.608688821879,2306.245602762487,2490.4499332110386,-1,-1,off_screen,0.0,207,3,1.6,-0.001367421508131416,42.66187040556857,39.49175221672185,0.14799999189563096,0.3749999887077138,11.236600010306574,0.1348999940091744,11.762800000724383,0,True,gaze_outside_screen,0.7516742373179737
1787908930688,291,1885,0.0,0.0,0.0,0.0,-1,-1,,0.0,0,0,1.6,-0.001526444341495188,44.58751881151495,39.50009972989534,0.12119999155402184,0.2781000075628981,10.48459998855833,0.0754000066081062,10.847099998500198,0,True,eyes_invalid_or_blink,0.7516742373179737
1787908930720,292,1886,0.0,0.0,0.0,0.0,-1,-1,,0.0,0,0,1.6,-0.0016435570466100322,43.27948466274874,39.49469440924384,0.12310000602155924,0.2575999969849363,10.59930000337772,0.09109999518841505,10.959499995806254,0,True,eyes_invalid_or_blink,0.7516742373179737
1787908930737,293,1887,0.0,0.0,0.0,0.0,-1,-1,,0.0,0,0,1.6,-0.0016708687695575555,44.90873964833823,39.50088994856002,0.8792000007815659,0.26369999977760017,11.641799996141344,0.08350001007784158,11.999299997114576,0,True,eyes_invalid_or_blink,0.7516742373179737
1787908930769,294,1888,0.0,0.0,0.0,0.0,-1,-1,,0.0,0,0,1.6,-0.0017005963252040013,43.543451730449846,39.49588217459462,0.34389999927952886,0.3235000040149316,10.961200008750893,0.08120000711642206,11.381399992387742,0,True,eyes_invalid_or_blink,0.7516742373179737
1787908930800,295,1889,0.0,0.0,0.0,0.0,-1,-1,,0.0,0,0,1.6,-0.0015962198429339963,42.37116484116443,39.491118244723985,0.18579998868517578,0.3060000017285347,10.64609999593813,0.07690000347793102,11.04380001197569,0,True,eyes_invalid_or_blink,0.7516742373179737
1787908930816,296,1890,1760.1802967616297,3133.6590211151106,2142.4260109622296,2683.41265958226,-1,-1,off_screen,0.0,0,4,1.8,-0.0014978224638827788,44.33540645506658,39.4973088477297,0.14019999071024358,0.28500000189524144,12.279200003831647,0.1627000019652769,12.739300000248477,0,True,gaze_outside_screen,0.7516742373179737
1787908930848,297,1891,1839.2776845129092,2431.565446704513,2051.4815130274333,2607.8584957189355,-1,-1,off_screen,0.0,32,4,1.8,-0.001272896504027593,43.03800891667844,39.49263867658069,0.1534000039100647,0.3009999927598983,11.394400004064664,0.12419999984558672,11.832799995318055,0,True,gaze_outside_screen,0.7516742373179737
1787908930864,298,1892,1886.705215130417,2327.931302109505,2002.0486236583283,2523.880337636106,-1,-1,off_screen,0.0,48,4,1.8,-0.0012333705961072063,45.049771472008956,39.50066804670497,0.10799999290611595,0.26109999453183264,11.1927999969339,0.11779999476857483,11.58170000417158,0,True,gaze_outside_screen,0.7516742373179737
1787908930896,299,1893,1981.8338063508008,2273.9426725352273,1995.98417846607,2448.8990381058425,-1,-1,off_screen,0.0,79,4,1.8,-0.0012165808144464722,43.67430277245217,39.49580889692488,0.12789999891538173,0.2806999982567504,10.412999996333383,0.13440000475384295,10.839900001883507,0,True,gaze_outside_screen,0.7516742373179737
1787908930913,300,1894,2032.5708959846006,2285.3829498373725,2006.9601937216291,2399.8442116253013,-1,-1,off_screen,0.0,97,4,1.8,-0.001228827066177978,45.20981629602505,39.50195970911619,0.16859998868312687,0.31879999733064324,11.284499996691011,0.13580000086221844,11.7513000004692,0,True,gaze_outside_screen,0.7516742373179737
1787908930944,301,1895,2164.7284951559454,1965.4332978706773,2054.290684151924,2269.520937498914,-1,-1,off_screen,0.0,128,4,1.8,-0.0011894372504557375,43.90264634239525,39.497974450073464,0.15350000467151403,0.28530000417958945,10.371999989729375,0.12159999459981918,10.790999993332662,0,True,gaze_outside_screen,0.7516742373179737
1787908930976,302,1896,2234.0247529072312,1779.9227550538951,2108.210904778516,2122.641482765408,-1,-1,off_screen,0.0,160,4,1.8,-0.0011410514973860548,42.640979595453125,39.49204013249296,0.10650001058820635,0.27570000384002924,10.945600006380118,0.1272999943466857,11.358699994161725,0,True,gaze_outside_screen,0.7516742373179737
1787908930992,303,1897,2300.225454899302,1686.650623494544,2165.815269814752,1991.8442249841487,-1,-1,off_screen,0.0,176,4,1.8,-0.0011222941171480927,44.569905817668676,39.49901777894402,0.12469998910091817,0.2739000046858564,11.600400001043454,0.1630000042496249,12.047600001096725,0,True,gaze_outside_screen,0.7516742373179737
1787908931025,304,1898,2466.6573542360493,1519.102622742714,2256.067895141141,1850.0217443117183,-1,-1,off_screen,0.0,209,4,1.8,-0.0010864138845011091,43.1845833972088,39.493977359893016,0.272599994787015,0.30390000029001385,10.492100002011284,0.12969999806955457,10.941800006548874,0,True,gaze_outside_screen,0.7516742373179737
1787908931040,305,1899,2649.3165056550924,1433.5025765508897,2374.0424782953264,1725.0659939834695,-1,-1,off_screen,0.0,223,4,1.8,-0.0010789145609837285,45.402457257124546,39.502686184741556,0.12430000060703605,0.25019999884534627,9.983899988583289,0.11940000695176423,10.362299988628365,0,True,gaze_outside_screen,0.7516742373179737
1787908931072,306,1900,3065.0673466938715,1211.6261830081241,2581.34993881489,1571.0340506908658,2,2,terminal,0.397870799200165,0,4,2.0,-0.0011448904726299395,43.98562054497819,39.495517436507924,0.1453000004403293,0.41399999463465065,11.71000000613276,0.2558999985922128,12.390899995807558,0,True,on_screen,0.7516742373179737
1787908931089,307,1901,3126.1806796604187,1217.916749299128,2744.799161068548,1465.0988602733446,-1,-1,off_screen,0.0,0,5,2.2,-0.0011404311373119091,45.695570095182994,39.50350556206932,0.1551999885123223,0.32160000409930944,11.115600005723536,0.15460001304745674,11.607000007643364,0,True,gaze_outside_screen,0.7516742373179737
1787908931120,308,1902,2981.2995165733423,1239.5635575234342,2815.749267719986,1397.4382694483716,-1,-1,off_screen,0.0,30,5,2.2,-0.0011430094098803766,44.29571579881011,39.49858658399272,0.14659999578725547,0.28709998878184706,10.94970000849571,0.1196000084746629,11.36840000981465,0,True,gaze_outside_screen,0.7516742373179737
1787908931152,309,1903,2955.8859606857577,1363.4466592923582,2857.7902756097174,1387.2407864015674,-1,-1,off_screen,0.0,62,5,2.2,-0.0010763714348997547,42.994331058717925,39.49362523081397,0.11619999713730067,0.25009999808389693,10.39199999650009,0.11949999316129833,10.770699998829514,0,True,gaze_outside_screen,0.7516742373179737
1787908931168,310,1904,3073.202194327196,1338.1605560574205,2922.413851224961,1372.5167172983233,-1,-1,off_screen,0.0,78,5,2.2,-0.0010679734027272403,44.94396059640596,39.50024046808718,0.10599999222904444,0.24120000307448208,11.599999997997656,0.16390001110266894,12.0152000017697,0,True,gaze_outside_screen,0.7516742373179737
1787908931200,311,1905,2595.518639806258,1433.2388406294679,2824.34528779935,1390.7333542976667,-1,-1,off_screen,0.0,111,5,2.2,-0.0010220348472236782,43.56826865247601,39.495759770476454,0.12870000500697643,0.2868000010494143,10.311100006219931,0.12740000966005027,10.738099997979589,0,True,gaze_outside_screen,0.7516742373179737
1787908931216,312,1906,2532.8928456472504,1496.2441044840762,2736.90955515372,1422.3865793535895,-1,-1,off_screen,0.0,127,5,2.2,-0.001013521246277141,45.41026276953593,39.50341463703302,0.10640000982675701,0.2398000069661066,10.20740000240039,0.11809999705292284,10.573699997621588,0,True,gaze_outside_screen,0.7516742373179737
1787908931248,313,1907,2492.358427576387,1559.8950781744873,2663.54421688052,1463.6391289998587,2,2,terminal,0.29270564664189014,0,5,2.4,-0.0010187723646793122,43.999156335152946,39.49708075046142,0.11269999959040433,0.2466000005370006,11.26990000193473,0.1534000039100647,11.679799994453788,0,True,on_screen,0.7516742373179737
1787908931280,314,1908,2519.1237054606927,1500.8755392370497,2620.2180634545716,1474.810052071016,2,2,terminal,0.3755272152281248,32,5,2.4,-0.0009705669231116661,42.74447834048786,39.49245693555157,0.1272000081371516,0.28050001128576696,10.4297000070801,0.1373999984934926,10.859599991817959,0,True,on_screen,0.7516742373179737
1787908931296,315,1909,2541.098529575808,1484.302511329751,2596.4822032909424,1477.6577898486364,2,2,terminal,0.421130241458047,48,5,2.4,-0.0009261867229835019,44.710241173923066,39.5003338947327,0.10570000449661165,0.24890000349842012,10.13129999046214,0.12900000729132444,10.516299997107126,0,True,on_screen,0.7516742373179737
1787908931328,316,1910,2650.7171193069253,1498.2311563334126,2612.7526780957373,1483.8297997940692,2,2,terminal,0.38785485916064144,80,5,2.4,-0.0009191714151192895,43.37364974123446,39.494586086274,0.12749999586958438,0.24399999529123306,10.576500004390255,0.13749999925494194,10.966200003167614,0,True,on_screen,0.7516742373179737
1787908931344,317,1911,2643.692582973729,1484.1456801201846,2622.034649559135,1483.9245638919037,2,2,terminal,0.36978496030348984,96,5,2.4,-0.0009142061769193896,45.2619269365722,39.5016773485024,0.1053000014508143,0.2502999996067956,11.109099999885075,0.16799999866634607,11.537399986991659,0,True,on_screen,0.7516742373179737
1787908931376,318,1912,2603.53184623385,1513.3865739832904,2616.4838085615493,1492.7631669193197,2,2,terminal,0.3779244297339227,128,5,2.4,-0.0008804202390352827,43.8418741509067,39.4966427213311,0.13859999307896942,0.27979999140370637,10.414000003947876,0.12379999679978937,10.828300000866875,0,True,on_screen,0.7516742373179737
1787908931392,319,1913,2473.119838693801,1518.5191917595514,2573.4746176012245,1500.489974371389,2,2,terminal,0.45786921217738663,144,5,2.4,-0.0008856717594391064,45.77628299453585,39.50414243473341,0.10740000288933516,0.2535999956307933,10.741299993242137,0.12270000297576189,11.125499993795529,0,True,on_screen,0.7516742373179737
1787908931424,320,1914,1811.9980223718815,1653.1261047021835,2345.0316390324215,1546.2808134706272,2,2,terminal,0.7763672977990629,176,5,2.4,-0.0006612458118625316,44.284188786132184,39.497670850832726,0.1635999942664057,0.37680000241380185,11.454000006779097,0.12540000898297876,11.96850000997074,0,True,on_screen,0.7516742373179737
1787908931457,321,1915,1651.819801095842,1790.5764109166116,2137.0680876514475,1619.5694927044224,2,2,terminal,0.5187287741381746,209,5,2.4,-0.0005226089437724794,42.96692526622818,39.49262881426257,0.16489998961333185,0.3462000022409484,10.838000001967885,0.13509999553207308,11.333900009049103,0,True,on_screen,0.7516742373179737
1787908931472,322,1916,1655.103751005966,2183.134224482403,1992.478786657803,1788.6389122378166,-1,-1,off_screen,0.0,0,6,2.6,-0.0004208173937532596,45.14289222459694,39.50078878395358,0.13089999265503138,0.2945000014733523,10.748300002887845,0.13120000949129462,11.183599999640137,0,True,gaze_outside_screen,0.7516742373179737
1787908931504,323,1917,1695.4570978561455,2113.7822053047134,1903.3722800173057,1886.1819001578856,-1,-1,off_screen,0.0,32,6,2.6,-0.0005201792478364102,43.72873413800613,39.4953584311081,0.23349998809862882,0.34159999631810933,10.420999999041669,0.1399000029778108,10.915400009253062,0,True,gaze_outside_screen,0.7516742373179737
1787908931520,324,1918,1736.2499720117044,2104.1521684988384,1853.2355876156253,1951.5729806601712,-1,-1,off_screen,0.0,48,6,2.6,-0.0005623559024517319,45.642480280514945,39.5019609242991,0.10849999671336263,0.2460999967297539,11.81499999074731,0.14139999984763563,12.211199995363131,0,True,gaze_outside_screen,0.7516742373179737
1787908931552,325,1919,1553.87569683302,2241.2614838337286,1763.4276203808436,2038.4795316122384,-1,-1,off_screen,0.0,80,6,2.6,-0.0006393655329047683,44.21447371735144,39.497776001466924,0.14260000898502767,0.2871000033337623,10.356799990404397,0.1328000071225688,10.788100000354461,0,True,gaze_outside_screen,0.7516742373179737
1787908931584,326,1920,1464.705516419216,2096.200504442105,1673.8109891923552,2055.795823461198,-1,-1,off_screen,0.0,112,6,2.6,-0.0006855440169969661,42.93945153546072,39.49230372750516,0.11539999104570597,0.24480000138282776,10.69870000355877,0.10769999062176794,11.059700002078898,0,True,gaze_outside_screen,0.7516742373179737
1787908931600,327,1921,1556.591863595133,2058.5696446702186,1638.6452515131884,2056.627969823904,-1,-1,off_screen,0.0,128,6,2.6,-0.000714508693925215,44.803028102769275,39.50000827835328,0.13220000255387276,0.2533000078983605,10.28319999750238,0.10770000517368317,10.652900004060939,0,True,gaze_outside_screen,0.7516742373179737
1787908931632,328,1922,1621.1805289525985,1962.1203671668152,1633.4058347450114,2028.2756890267772,-1,-1,off_screen,0.0,160,6,2.6,-0.000726950460359789,43.44984587100216,39.49399455798776,0.12719999358523637,0.27049999334849417,10.978699996485375,0.13529999705497175,11.40030000533443,0,True,gaze_outside_screen,0.7516742373179737
1787908931649,329,1923,1657.3502733338962,1999.8557212609264,1640.5891663216767,2019.7496986970218,-1,-1,off_screen,0.0,177,6,2.6,-0.0006993772464625979,45.18085987435857,39.50157703010652,0.15079999866429716,0.2953999937744811,10.500800010049716,0.11039999662898481,10.915999999269843,0,True,gaze_outside_screen,0.7516742373179737
1787908931680,330,1924,1600.376088585344,2095.1990426330594,1628.5252430007768,2042.384501877833,-1,-1,off_screen,0.0,208,6,2.6,-0.0005818623732502283,43.83232590231826,39.496364124638504,0.11829999857582152,0.2506000018911436,10.742900005425327,0.10819999442901462,11.10970000445377,0,True,gaze_outside_screen,0.7516742373179737
1787908931696,331,1925,1543.592773078451,1960.2862487323196,1603.045502024079,2017.7550259341788,-1,-1,off_screen,0.0,224,6,2.6,-0.00048328221506615393,45.67911829410569,39.50258687359156,0.11470000026747584,0.2631999959703535,12.302200004342012,0.1247000036528334,12.69960000354331,0,True,gaze_outside_screen,0.7516742373179737
1787908931728,332,1926,1552.008133985751,1839.9603845799254,1587.7342916125804,1964.4166335279028,-1,-1,off_screen,0.0,256,6,2.6,-0.0004415093124875615,44.21167401528785,39.497847661587784,0.16399999731220305,0.3732000041054562,11.095499998191372,0.12799999967683107,11.61129999672994,0,True,gaze_outside_screen,0.7516742373179737
1787908931760,333,1927,2629.1968479808493,1634.7910504471588,1900.1730585230612,1865.5289586036795,-1,-1,off_screen,0.0,288,6,2.6,-0.00045492427609909736,42.954202570443634,39.4936537305568,0.15949999215081334,0.25409999943803996,10.133999996469356,0.10460001067258418,10.501299999305047,0,True,gaze_outside_screen,0.7516742373179737
1787908931776,334,1928,2930.081390806164,1523.062162021949,2209.145558207992,1762.78891962916,-1,-1,off_screen,0.0,304,6,2.6,-0.00047279340089394217,44.92201338597728,39.50124757766144,0.10720000136643648,0.23610000789631158,10.119599988684058,0.10720000136643648,10.470699999132194,0,True,gaze_outside_screen,0.7516742373179737
1787908931808,335,1929,3003.3056314142145,1176.2603306879691,2447.3935801698585,1586.8303429468028,2,2,terminal,0.5971346690467902,0,6,2.8,-0.0004982679817187967,43.51311043677977,39.4945697484941,0.16330000653397292,0.3110999969067052,11.134000000311062,0.15180000627879053,11.61060000595171,0,True,on_screen,0.7516742373179737
1787908931824,336,1930,3089.6545738778823,1048.195290266997,2640.0718782822655,1425.239827142861,2,2,terminal,0.3396687198629955,15,6,2.8,-0.0005210849003879289,45.399285436609155,39.50238093438089,0.15799999528098851,0.2800999936880544,10.818599999765866,0.1269000058528036,11.235300000407733,0,True,on_screen,0.7516742373179737
1787908931856,337,1931,3073.8303454677007,916.8619885294646,2770.199418437896,1272.7264755588421,-1,-1,off_screen,0.0,0,7,3.0,-0.0005396975790899552,44.00411976178805,39.49715955491539,0.1289000065298751,0.27659999614115804,10.806200007209554,0.11989999620709568,11.213399993721396,0,True,gaze_outside_screen,0.7516742373179737
1787908931888,338,1932,3055.215889759343,844.0317287773328,2855.70435983433,1144.1180515243893,-1,-1,off_screen,0.0,32,7,3.0,-0.0005478064431653738,42.723141546946934,39.49145657629515,0.15999999595806003,0.3547999949660152,11.04309999209363,0.12769999739248306,11.538800012203865,0,True,gaze_outside_screen,0.7516742373179737
1787908931904,339,1933,3023.4876558528053,781.0352480922693,2906.0393486398725,1035.1932104947532,-1,-1,off_screen,0.0,48,7,2.8,-0.0005327712244678241,44.799670951108226,39.499514060956926,0.13339999713934958,0.259300009929575,10.743100006948225,0.11299998732283711,11.124800003017299,0,True,gaze_outside_screen,0.7516742373179737
1787908931936,340,1934,2940.0390752293456,645.6052465043316,2916.2392666167143,918.3168212976267,-1,-1,off_screen,0.0,80,7,2.8,-0.0004894846386809121,43.442556893171314,39.4941121170936,0.12220001372043043,0.24530000519007444,10.747000007540919,0.1162000116892159,11.116699999547563,0,True,gaze_outside_screen,0.7516742373179737
1787908931952,341,1935,2910.5298058143617,598.3676325279878,2914.5264283760084,822.3320646667349,-1,-1,off_screen,0.0,95,7,2.8,-0.0004915889175893893,45.35275750818732,39.50188817187995,0.10829999519046396,0.23129998589865863,10.440600002766587,0.12299999070819467,10.803600001963787,0,True,gaze_outside_screen,0.7516742373179737
1787908931984,342,1936,2961.492153429013,538.3154212901927,2928.6161458919096,737.1270716537722,-1,-1,off_screen,0.0,128,7,2.8,-0.0005455194339092084,43.9200174588341,39.49524852065857,0.17540001135785133,0.3093999985139817,11.642299999948591,0.1604999997653067,12.126499990699813,0,True,gaze_outside_screen,0.7516742373179737
1787908932000,343,1937,2990.471480680631,524.2987469665477,2947.1727463285256,673.2785742476048,-1,-1,off_screen,0.0,144,7,2.8,-0.000593396049225408,45.78869800245511,39.503763955136684,0.12799999967683107,0.2663000050233677,10.507200000574812,0.11820001236628741,10.901099987677298,0,True,gaze_outside_screen,0.7516742373179737
1787908932032,344,1938,2992.4541679386616,535.3119374067919,2960.7571728115663,631.8885831953609,-1,-1,off_screen,0.0,176,7,2.8,-0.0006266628554381943,44.351962653943914,39.49853853878957,0.11420001101214439,0.25240000104531646,10.505600002943538,0.1137000072048977,10.879899986321107,0,True,gaze_outside_screen,0.7516742373179737
1787908932064,345,1939,2987.252428652596,454.00568739961017,2968.705749563875,578.5237144566356,-1,-1,off_screen,0.0,207,7,2.8,-0.0006900905759272546,43.04378918196445,39.49306473981356,0.15730000450275838,0.3171999996993691,10.567699995590374,0.12290000449866056,11.021999991498888,0,True,gaze_outside_screen,0.7516742373179737
1787908932080,346,1940,2968.4096938061753,372.9401158625181,2968.616932836565,516.8486348784004,-1,-1,off_screen,0.0,223,7,2.8,-0.0006870425872181202,44.951362061808005,39.50064144256802,0.1311999949393794,0.2649000089149922,10.424300009617582,0.12239998613949865,10.822800002642907,0,True,gaze_outside_screen,0.7516742373179737
1787908932112,347,1941,2978.713226457925,355.6128749474461,2971.6458209229727,468.4779068991141,-1,-1,off_screen,0.0,256,7,2.8,-0.0005187036459461201,43.57374381163302,39.49378474141885,0.13949999993201345,0.23720000172033906,12.210399989271536,0.13640000543091446,12.593099992955104,0,True,gaze_outside_screen,0.7516742373179737
1787908932128,348,1942,2995.235104893813,359.94760664869693,2978.7226061142246,435.91881682398895,-1,-1,off_screen,0.0,272,7,2.8,-0.0004590908130137107,45.35721588452393,39.501585108914995,0.1323000033153221,0.26229998911730945,11.52850000653416,0.11870000162161887,11.918999996851198,0,True,gaze_outside_screen,0.7516742373179737
1787908932160,349,1943,2954.7278058361226,479.03094337437756,2971.524166030794,448.85245478910554,-1,-1,off_screen,0.0,304,7,2.8,-0.0003537547594331322,43.94773502314081,39.49645222965441,0.14420000661630183,0.3296000068075955,11.164800002006814,0.1277999981539324,11.639799995464273,0,True,gaze_outside_screen,0.7516742373179737
1787908932192,350,1944,2989.3183569510647,587.9896055759749,2976.862423306875,490.5936000251663,-1,-1,off_screen,0.0,335,7,2.8,-0.00033768418849402723,42.70500010205072,39.49116158348228,0.18360000103712082,0.29760001052636653,11.382099997717887,0.13380000018514693,11.826900008600205,0,True,gaze_outside_screen,0.7516742373179737
1787908932209,351,1945,2993.2311599532804,620.3579179802011,2981.7730443007968,529.5228954116767,-1,-1,off_screen,0.0,353,7,2.8,-0.00033195624532407833,44.53187517300316,39.49849943271237,0.12159999459981918,0.28419999580364674,11.167000004206784,0.13499999477062374,11.59870000265073,0,True,gaze_outside_screen,0.7516742373179737
1787908932240,352,1946,2968.764774861115,609.9479850297266,2977.870563468892,553.6504222970916,-1,-1,off_screen,0.0,384,7,2.8,-0.00029031711308551145,43.2415230741915,39.493169102370594,0.17309999384451658,0.32330000249203295,11.487300012959167,0.12399999832268804,11.948600003961474,0,True,gaze_outside_screen,0.7516742373179737
1787908932256,353,1947,2944.9408340450113,629.1713493956845,2967.991644641728,576.3067004266695,-1,-1,off_screen,0.0,400,7,2.8,-0.00034892931325143824,45.06943755085922,39.50076117987471,0.1534000039100647,0.30929999775253236,11.050100001739338,0.16850000247359276,11.539400002220646,0,True,gaze_outside_screen,0.7516742373179737
1787908932288,354,1948,2978.8739587317727,731.8567895476446,2971.2563388687413,622.971727162962,-1,-1,off_screen,0.0,432,7,2.8,-0.0003703838140279546,43.70687102148438,39.49597227151411,0.1829999964684248,0.2829000004567206,10.626400006003678,0.11219999578315765,11.031800007913262,0,True,gaze_outside_screen,0.7516742373179737
1787908932304,355,1949,2989.8818411795205,671.3836987902336,2976.843989561975,637.4953186511434,-1,-1,off_screen,0.0,447,7,2.8,-0.00032070093572918526,45.55385204080899,39.50220636949011,0.1314000110141933,0.27010000485461205,12.079399995855056,0.1205000007757917,12.479899989557452,0,True,gaze_outside_screen,0.7516742373179737
1787908932336,356,1950,2990.8926612883215,672.6630802056009,2981.0585910798786,648.0456471174806,-1,-1,off_screen,0.0,480,7,2.8,-0.00032669459740253953,44.1299941145439,39.497014473340265,0.14819999341852963,0.34109999251086265,11.862799990922213,0.13440000475384295,12.350899996818043,0,True,gaze_outside_screen,0.7516742373179737
1787908932368,357,1951,2989.9850774141087,692.8496858777213,2983.7365369801473,661.4868587455528,-1,-1,off_screen,0.0,512,7,2.8,-0.00034576888303860034,42.86721616309821,39.49234551303112,0.12280000373721123,0.2786999975796789,11.35440000507515,0.12150000839028507,11.765000002924353,0,True,gaze_outside_screen,0.7516742373179737
1787908932384,358,1952,2998.99387799352,650.8374854685809,2988.313739284159,658.2920467624613,-1,-1,off_screen,0.0,528,7,2.8,-0.00033061440347299104,44.812499635502334,39.50047616893269,0.1379000023007393,0.2733000001171604,10.447900000144728,0.13670000771526247,10.866299999179319,0,True,gaze_outside_screen,0.7516742373179737
1787908932416,359,1953,3002.166969230735,630.3891649957716,2992.4697082681314,649.9211822324544,-1,-1,off_screen,0.0,559,7,2.8,-0.0002979874115742621,43.44809716737435,39.495002938735084,0.11930000619031489,0.2972000074805692,10.477499992703088,0.15369999164249748,10.95060000079684,0,True,gaze_outside_screen,0.7516742373179737
1787908932432,360,1954,3040.478750169173,605.937296051411,3006.8724208384438,636.7260163781414,-1,-1,off_screen,0.0,575,7,2.8,-0.0002755337077209874,45.34942265218412,39.502436448222625,0.10960000508930534,0.28449999808799475,10.513299988815561,0.1404999929945916,10.950099996989593,0,True,gaze_outside_screen,0.7516742373179737
1787908932464,361,1955,3054.1468203947943,585.2847967851071,3021.0547407053486,621.293650500231,-1,-1,off_screen,0.0,608,7,2.8,-0.0002643717504201039,43.95151877292565,39.49733521379489,0.1416999875800684,0.27370000316295773,10.32149999809917,0.1731999946059659,10.779700009152293,0,True,gaze_outside_screen,0.7516742373179737
1787908932496,362,1956,3022.908998468581,594.8873225292064,3021.6110180343185,613.3717521089236,-1,-1,off_screen,0.0,640,7,2.8,-0.00030489573715372816,42.63886692602658,39.4910613295084,0.669400003971532,0.29799999902024865,11.079999996582046,0.13410000246949494,11.524300003657117,0,True,gaze_outside_screen,0.7516742373179737
1787908932512,363,1957,3061.47158657408,589.1088041027984,3033.569188596247,606.092867707086,-1,-1,off_screen,0.0,656,7,2.8,-0.00027691174283014236,44.724226893221,39.498601323651435,0.17320000915788114,0.3102999908151105,11.163599992869422,0.14910000027157366,11.637000003247522,0,True,gaze_outside_screen,0.7516742373179737
1787908932544,364,1958,3120.1077381190526,552.6811512183386,3059.5307534530884,590.0693527604618,-1,-1,off_screen,0.0,687,7,2.8,-0.0002268890354058077,43.37213346173304,39.49337550968206,0.14930000179447234,0.27380000392440706,11.06160000199452,0.1188000023830682,11.465800009318627,0,True,gaze_outside_screen,0.7516742373179737
1787908932560,365,1959,3145.727500261678,541.2861584345086,3085.3897774956654,575.4343944626758,-1,-1,off_screen,0.0,703,7,2.8,-0.00021248993205681688,45.3380237598185,39.50141925635787,0.12480000441428274,0.265499998931773,10.424499996588565,0.11789999553002417,10.82019999739714,0,True,gaze_outside_screen,0.7516742373179737
1787908932592,366,1960,3119.6488439391624,541.9387146141942,3095.6674974287143,565.3856905081312,-1,-1,off_screen,0.0,736,7,2.8,-0.00021048656161352583,43.91595760843231,39.49550839547416,0.17830000433605164,0.3332999913254753,10.940199994365685,0.13749999925494194,11.42529999196995,0,True,gaze_outside_screen,0.7516742373179737
1787908932608,367,1961,3099.542758269067,558.2024635230306,3096.8300756808194,563.230722412601,-1,-1,off_screen,0.0,752,7,2.8,-0.00020711945771990752,45.74407959687493,39.50315108135065,0.109500004327856,0.2722000062931329,10.664799992810003,0.1142999972216785,11.061400000471622,0,True,gaze_outside_screen,0.7516742373179737
1787908932640,368,1962,3115.2075484255497,567.5912187478083,3102.3433175042383,564.5388713131632,-1,-1,off_screen,0.0,784,7,2.8,-0.00018457426966234786,44.33350772529864,39.49801628863303,0.11649999942164868,0.24939999275375158,10.8609000017168,0.10540000221226364,11.22469999245368,0,True,gaze_outside_screen,0.7516742373179737
1787908932672,369,1963,3083.56333047942,584.973899052733,3096.709321396793,570.6693796350341,-1,-1,off_screen,0.0,815,7,2.8,-0.0001757956781599842,42.99346026040143,39.491900149916276,0.14279999595601112,0.30840000545140356,11.437400011345744,0.15180000627879053,11.911699999473058,0,True,gaze_outside_screen,0.7516742373179737
1787908932688,370,1964,3087.6048044021986,591.0521795865076,3093.9779662984147,576.7842196204762,-1,-1,off_screen,0.0,832,7,2.8,-0.00017360859108577278,44.932534168691866,39.50025309525475,0.10629999451339245,0.3176000027451664,10.247800004435703,0.1117999927373603,10.68669999949634,0,True,gaze_outside_screen,0.7516742373179737
1787908932720,371,1965,3138.247212534316,583.7356909485445,3107.258740169185,578.8696610188966,-1,-1,off_screen,0.0,864,7,2.6,-0.00017137987957247663,43.593536473435165,39.49487537712003,0.14220000593923032,0.2516999957151711,10.697499994421378,0.11570000788196921,11.07340000453405,0,True,gaze_outside_screen,0.7516742373179737
1787908932736,372,1966,3121.593890209834,583.1421814212918,3111.55928518138,580.1514171396151,-1,-1,off_screen,0.0,880,7,2.6,-0.00017143657740250826,45.534149437297835,39.50240107287416,0.11310000263620168,0.25320000713691115,10.666200003470294,0.10829999519046396,11.036500000045635,0,True,gaze_outside_screen,0.7516742373179737
1787908932769,373,1967,3093.235087609878,606.0870212589261,3106.062025909929,587.9320983754084,-1,-1,off_screen,0.0,913,7,2.6,-0.00016419267480813002,44.03830549839787,39.49617958494847,0.13760000001639128,0.27689999842550606,11.065799990319647,0.1345000055152923,11.489600001368672,0,True,gaze_outside_screen,0.7516742373179737
1787908932800,374,1968,3079.518023533955,586.0612723729271,3098.0988251971366,587.3708505746639,-1,-1,off_screen,0.0,944,7,2.6,-0.0001292350905936733,42.80556475687853,39.49205313234624,0.2201999886892736,0.2615999983390793,10.093399992911145,0.11530000483617187,10.480099997948855,0,True,gaze_outside_screen,0.7516742373179737
1787908932816,375,1969,3085.7355191930524,593.7680013311358,3094.389833395911,589.2899958016054,-1,-1,off_screen,0.0,960,7,2.6,-0.0001219108602298069,44.815819922231455,39.499045224432194,0.10559998918324709,0.2426999999443069,10.683899992727675,0.14459999511018395,11.079400006565265,0,True,gaze_outside_screen,0.7516742373179737
1787908932848,376,1970,3133.706511827705,589.808636906276,3106.1848369254494,589.4455881330066,-1,-1,off_screen,0.0,992,7,2.6,-0.00013055990683390716,43.440117359023446,39.491900733372596,0.14519999967887998,0.30470000638160855,12.70549999026116,0.19700000120792538,13.22259999869857,0,True,gaze_outside_screen,0.7516742373179737
1787908932864,377,1971,3122.7337484258555,594.0867089230036,3111.1495103755715,590.8379243700057,-1,-1,off_screen,0.0,1008,7,2.6,-0.00013118014216985038,45.37636864122303,39.50057651502078,0.10900000052060932,0.3040000010514632,11.221199994906783,0.12349999451544136,11.659299998427741,0,True,gaze_outside_screen,0.7516742373179737
1787908932896,378,1972,3116.4782149796174,589.7936057207334,3112.748121756785,590.524628775224,-1,-1,off_screen,0.0,1039,7,2.6,-0.00013857120708366324,43.98504806997873,39.49631273680059,0.13010000111535192,0.2869000018108636,10.147000008146279,0.13780000153928995,10.581599999568425,0,True,gaze_outside_screen,0.7516742373179737
1787908932912,379,1973,3071.1702043227788,586.0711173482846,3100.274746526583,589.1885753471421,-1,-1,off_screen,0.0,1055,7,2.6,-0.0001437630639803504,45.82262899722783,39.50385480937595,0.10200000542681664,0.22879999596625566,9.977299996535294,0.11359999189153314,10.327600000891834,0,True,gaze_outside_screen,0.7516742373179737
1787908932944,380,1974,3162.4402438958214,511.69005093655744,3118.924395737354,565.9390180239667,-1,-1,off_screen,0.0,1088,7,2.6,-0.0002235796584621995,44.35310966915482,39.4979484997652,0.12090000382158905,0.2817999920807779,10.581299997284077,0.11150000500492752,10.98759999149479,0,True,gaze_outside_screen,0.7516742373179737
1787908932976,381,1975,3237.6021016646687,431.29415111566624,3154.527707515548,525.5455579514766,-1,-1,off_screen,0.0,1120,7,2.6,-0.00030063937899817497,43.005762438196854,39.492307293470006,0.1306999911321327,0.2801999944495037,10.659399995347485,0.11219999578315765,11.064200007240288,0,True,gaze_outside_screen,0.7516742373179737
1787908932992,382,1976,3181.626292225431,452.71938167444097,3162.657282928513,503.69770506836585,-1,-1,off_screen,0.0,1136,7,2.6,-0.00025830044167718565,45.08831430652008,39.500318808153494,0.1120000088121742,0.24359999224543571,10.210299995378591,0.10820000898092985,10.570999991614372,0,True,gaze_outside_screen,0.7516742373179737
1787908933024,383,1977,3175.480930810767,460.3273210369268,3166.5043772931886,490.6865898589341,-1,-1,off_screen,0.0,1167,7,2.6,-0.00021602437269080052,43.67369546057251,39.49318272754676,0.25949999690055847,0.3563000063877553,12.00990000506863,0.23210000654216856,12.61289999820292,0,True,gaze_outside_screen,0.7516742373179737
1787908933040,384,1978,3154.037482098718,479.032990745219,3162.7643087348474,487.1905101248195,-1,-1,off_screen,0.0,1184,7,2.6,-0.0001941441214969898,45.55207100108643,39.50117587592124,0.14910000027157366,0.25969999842345715,11.375000001862645,0.14259999443311244,11.788100004196167,0,True,gaze_outside_screen,0.7516742373179737
1787908933072,385,1979,3012.163701682458,496.62428466303294,3117.58412661913,490.0206424862835,-1,-1,off_screen,0.0,1216,7,2.6,-0.00017270814751119828,44.14885280587035,39.496935968816324,0.10000000474974513,0.2700000040931627,10.353199992096052,0.12209999840706587,10.755499999504536,0,True,gaze_outside_screen,0.7516742373179737
1787908933104,386,1980,3014.097700343446,490.58275657494477,3086.5381987364244,490.1892767128819,-1,-1,off_screen,0.0,1248,7,2.6,-7.915095965964e-05,42.8705040990687,39.490185534109095,0.10590000601951033,0.2547999902162701,12.34620000468567,0.14999999257270247,12.761000005411915,0,True,gaze_outside_screen,0.7516742373179737
1787908933120,387,1981,3006.09425059357,494.77349207766474,3062.4050142935675,491.5645413223167,-1,-1,off_screen,0.0,1263,7,2.6,-4.652365284156523e-05,44.83368807346261,39.498060875505764,0.09820000559557229,0.27820000832434744,11.647500010440126,0.12820000119972974,12.082300003385171,0,True,gaze_outside_screen,0.7516742373179737
1787908933152,388,1982,3051.947977116324,494.7046668934214,3059.2679031403945,492.5065789936481,-1,-1,off_screen,0.0,1296,7,2.6,-4.568384845275025e-05,43.4828667475558,39.49384190077931,0.13380000018514693,0.27319999935571104,10.425499989651144,0.1281000004382804,10.837599998922087,0,True,gaze_outside_screen,0.7516742373179737
1787908933168,389,1983,3046.7467489245346,487.79923944999945,3055.5115568756364,491.0943771305534,-1,-1,off_screen,0.0,1312,7,2.6,-4.790681578842673e-05,45.35228685983064,39.5012740057233,0.10720000136643648,0.23800000781193376,10.257499990984797,0.12419999984558672,10.627800002112053,0,True,gaze_outside_screen,0.7516742373179737
1787908933200,390,1984,3022.924294178873,484.89234217408404,3045.735378066607,489.2337666436126,-1,-1,off_screen,0.0,1344,7,2.6,-7.520744233287247e-05,43.940798915579656,39.49491293577402,0.1432999997632578,0.2769999991869554,11.588800000026822,0.14420000661630183,12.02029999694787,0,True,gaze_outside_screen,0.7516742373179737
1787908933216,391,1985,3037.5037717538867,488.01768224015245,3043.2658961727907,488.8689413225745,-1,-1,off_screen,0.0,1360,7,2.6,-9.35226734334188e-05,45.738861193084155,39.50247349066843,0.13000000035390258,0.27290001162327826,11.135200009448454,0.15169999096542597,11.570899994694628,0,True,gaze_outside_screen,0.7516742373179737
1787908933248,392,1986,3012.5495055597776,506.3914434961943,3034.0509789888865,494.12569197466047,-1,-1,off_screen,0.0,1391,7,2.6,-7.729622547579876e-05,44.29862198179016,39.49676114626617,0.15239999629557133,0.32500000088475645,11.781199995311908,0.1281000004382804,12.245200006873347,0,True,gaze_outside_screen,0.7516742373179737
1787908933280,393,1987,2994.89459606291,522.473452419345,3022.304064111094,502.63002010806576,-1,-1,off_screen,0.0,1424,7,2.4,-7.373274558490107e-05,42.99893435235285,39.491528386445886,0.10710000060498714,0.3657000052044168,11.736299988115206,0.1703000016277656,12.282899988349527,0,True,gaze_outside_screen,0.7516742373179737
1787908933296,394,1988,2992.1247343498007,519.3144389180281,3013.2502651827053,507.63534575105444,-1,-1,off_screen,0.0,1440,7,2.4,-7.776771533112535e-05,44.949079984570254,39.49988708158819,0.10150000161956996,0.2852000034181401,10.517600007005967,0.11629999789875001,10.952299999189563,0,True,gaze_outside_screen,0.7516742373179737
1787908933328,395,1989,2974.384894260077,553.2865018479246,3001.590653905917,521.3306925801154,-1,-1,off_screen,0.0,1472,7,2.4,-0.00010781782328916738,43.57285664916636,39.49403945789809,0.15249999705702066,0.32040000951383263,11.195300001418218,0.1311999949393794,11.65939999918919,0,True,gaze_outside_screen,0.7516742373179737
1787908933344,396,1990,2971.5632533530566,559.026379958771,2992.5824337400586,532.6393987937121,-1,-1,off_screen,0.0,1488,7,2.4,-9.611279872748582e-05,45.50713462705139,39.50193067671893,0.10829999519046396,0.2351000002818182,10.664300003554672,0.11209999502170831,11.019500001566485,0,True,gaze_outside_screen,0.7516742373179737
1787908933376,397,1991,2957.1792209949317,566.9113170490308,2981.9614699165204,542.9209742703076,-1,-1,off_screen,0.0,1519,7,2.4,-0.00010012138044253327,44.052894900465915,39.49612827251138,0.2314000012120232,0.3147999959765002,10.985499990056269,0.13210000179242343,11.444700008723885,0,True,gaze_outside_screen,0.7516742373179737
1787908933408,398,1992,2963.947139691757,543.49879355665,2976.5571708490916,543.0943200562103,-1,-1,off_screen,0.0,1552,7,2.4,-0.00012479248292821335,42.802318866729756,39.49141755047878,0.14060000830795616,0.2830000012181699,10.661599997547455,0.12459998833946884,11.081099990406074,0,True,gaze_outside_screen,0.7516742373179737
1787908933424,399,1993,2971.7346267013204,547.4120104274226,2975.1104076047604,544.389627167574,-1,-1,off_screen,0.0,1568,7,2.4,-0.00013570137899709608,44.81634347471692,39.49924729160702,0.11569999333005399,0.30810000316705555,10.07999999274034,0.11480000102892518,10.51200000802055,0,True,gaze_outside_screen,0.7516742373179737
1787908933456,400,1994,2981.383864190711,530.3364273727669,2976.9924445805455,540.1736672291318,-1,-1,off_screen,0.0,1600,7,2.2,-0.00013828719404412534,43.42519229274054,39.49251774045682,0.19780000729952008,0.31209998996928334,11.611100009758957,0.13870000839233398,12.07369999610819,0,True,gaze_outside_screen,0.7516742373179737
1787908933472,401,1995,2998.7477149835377,565.8642133770649,2983.519025701443,547.8808310735117,-1,-1,off_screen,0.0,1615,7,2.2,-0.00022188434697379376,45.41984883739774,39.500413579229026,0.1402000052621588,0.2913999924203381,11.079400006565265,0.13290000788401812,11.51729999401141,0,True,gaze_outside_screen,0.7516742373179737
1787908933504,402,1996,3023.3176286732155,612.0522731923702,2995.4586065929743,567.1322637091691,-1,-1,off_screen,0.0,1648,7,2.2,-0.00038612217579948177,44.00195601537661,39.495026641210714,0.15100000018719584,0.2663000050233677,11.30989998637233,0.12989999959245324,11.71660001273267,0,True,gaze_outside_screen,0.7516742373179737
1787908933520,403,1997,3017.852690310931,633.9675977103677,3002.1768317083615,587.1828639095287,-1,-1,off_screen,0.0,1664,7,2.2,-0.000501403940043223,45.80546526244693,39.502667391407535,0.10720000136643648,0.3133999998681247,10.681300002033822,0.13190000026952475,11.136399989482015,0,True,gaze_outside_screen,0.7516742373179737
1787908933552,404,1998,2983.3274832312472,651.48230386973,2996.522027165227,606.4726958975891,-1,-1,off_screen,0.0,1696,7,2.2,-0.000608427905113125,44.338524884098106,39.49656718690103,0.18689999706111848,0.3215000033378601,11.667999991914257,0.142400007462129,12.14619999518618,0,True,gaze_outside_screen,0.7516742373179737
1787908933585,405,1999,2954.0600290378475,649.1797731025101,2983.783427727013,619.2848190590654,-1,-1,off_screen,0.0,1729,7,2.2,-0.000627170306952033,42.99516511237204,39.49135872767693,0.19130000146105886,0.3147999959765002,11.317099997540936,0.13580000086221844,11.782599991420284,0,True,gaze_outside_screen,0.7516742373179737
1787908933600,406,2000,2946.4026597250677,651.1151706617451,2972.5691973264293,628.8339245398693,-1,-1,off_screen,0.0,1743,7,2.2,-0.0006242938198777522,45.124862952054016,39.49920014810648,0.14850001025479287,0.2935999946203083,11.048400003346615,0.14139999984763563,11.496599996462464,0,True,gaze_outside_screen,0.7516742373179737
1787908933632,407,2001,2936.2661691415187,646.6898688507198,2961.678288870956,634.1907078331244,-1,-1,off_screen,0.0,1776,7,2.2,-0.0006095540666928006,43.74241406150857,39.49344378735103,0.12650000280700624,0.27720000070985407,11.822799991932698,0.13669999316334724,12.249000006704591,0,True,gaze_outside_screen,0.7516742373179737
1787908933648,408,2002,2942.035765787136,635.6932891099191,2955.78553194581,634.6414822161628,-1,-1,off_screen,0.0,1792,7,2.2,-0.0005995998296567211,45.538231822365944,39.5009035969875,0.16670000331941992,0.30669999250676483,11.308200002531521,0.1604999997653067,11.789199998020194,0,True,gaze_outside_screen,0.7516742373179737
1787908933680,409,2003,2957.192650924615,665.1015747359336,2956.2076676394513,643.7795099720939,-1,-1,off_screen,0.0,1824,7,2.2,-0.0005129761083792032,44.126069259601884,39.49600432550031,0.14940000255592167,0.265800001216121,11.1528000124963,0.13390000094659626,11.56460000493098,0,True,gaze_outside_screen,0.7516742373179737
1787908933712,410,2004,2917.682259583697,678.511410327186,2944.6500452227247,654.1990800786216,-1,-1,off_screen,0.0,1855,7,2.2,-0.00039372943900539,42.879642464449596,39.49136236704792,0.11269999959040433,0.2578999992692843,10.87349999579601,0.1213000068673864,11.263899999903515,0,True,gaze_outside_screen,0.7516742373179737
1787908933728,411,2005,2926.358798594347,666.2380260442735,2939.1626712342113,657.8107638683172,-1,-1,off_screen,0.0,1871,7,2.2,-0.0003545906935235616,44.77470827423862,39.49841060957292,0.13079999189358205,0.2935999946203083,10.895900006289594,0.152299995534122,11.353000008966774,0,True,gaze_outside_screen,0.7516742373179737
1787908933760,412,2006,2910.491649840718,645.2689809426328,2930.561364816163,654.0482289906118,-1,-1,off_screen,0.0,1904,7,2.2,-0.000410927914863482,43.4040142581418,39.49299919258778,0.1551000023027882,0.3180999920004979,10.988499998347834,0.11989999620709568,11.44170000043232,0,True,gaze_outside_screen,0.7516742373179737
1787908933776,413,2007,2890.1887734731704,651.6766083797772,2918.449587413265,653.3367428073615,-1,-1,off_screen,0.0,1920,7,2.2,-0.00041451579125181826,45.34529607218812,39.50103590433559,0.1382000045850873,0.2525000018067658,10.139199992408976,0.10380000458098948,10.503600002266467,0,True,gaze_outside_screen,0.7516742373179737
1787908933808,414,2008,2803.011496234971,655.0511606728776,2883.818160059777,653.8510681670163,-1,-1,off_screen,0.0,1952,7,2.2,-0.0004053364327513409,43.930871800127946,39.49481893866024,0.12510000669863075,0.22640000679530203,11.375000001862645,0.16070000128820539,11.771599994972348,0,True,gaze_outside_screen,0.7516742373179737
1787908933825,415,2009,2801.657501764793,685.3505491162725,2859.1699625712813,663.3009124517931,-1,-1,off_screen,0.0,1969,7,2.2,-0.0004534400922991122,45.6317412454651,39.501916811341864,0.17249998927582055,0.35880001087207347,11.014200004865415,0.15400000847876072,11.541400002897717,0,True,gaze_outside_screen,0.7516742373179737
1787908933856,416,2010,2778.403456747549,747.9165580848646,2834.9400108241616,688.6856061417145,-1,-1,off_screen,0.0,2000,7,2.2,-0.0004940256815074637,44.223390056248675,39.49701925427687,0.12650000280700624,0.2826999989338219,11.048400003346615,0.12789999891538173,11.46840000001248,0,True,gaze_outside_screen,0.7516742373179737
1787908933888,417,2011,2794.8352354354083,755.5362469323912,2822.9085782075354,708.7407983789175,-1,-1,off_screen,0.0,2032,7,2.2,-0.0005360445354341825,42.933451346480545,39.49175303893683,0.17059998936019838,0.27239999326411635,11.228200004552491,0.1407000090694055,11.6522000025725,0,True,gaze_outside_screen,0.7516742373179737
1787908933904,418,2012,2819.729154654735,767.0350315542615,2821.954751141695,726.2290683315207,-1,-1,off_screen,0.0,2048,7,2.2,-0.0005631558680797323,44.872926997840764,39.49917573740184,0.15449999773409218,0.3432000085012987,10.833700012881309,0.1652000064495951,11.355900001944974,0,True,gaze_outside_screen,0.7516742373179737
1787908933936,419,2013,2833.9407350006263,771.0665434544909,2825.550546299374,739.6803108684117,-1,-1,off_screen,0.0,2080,7,2.2,-0.0005731928690557303,43.51800515817106,39.49448882857723,0.146100006531924,0.31110001145862043,10.343800007831305,0.1286000042455271,10.795900001539849,0,True,gaze_outside_screen,0.7516742373179737
1787908933952,420,2014,2837.3907576869387,769.5845463142358,2829.102609715643,748.6515815021589,-1,-1,off_screen,0.0,2095,7,2.2,-0.0005715384345796066,45.34167443974117,39.50139054014693,0.148899998748675,0.2778999914880842,10.583800001768395,0.1390999968862161,11.012999995728023,0,True,gaze_outside_screen,0.7516742373179737
1787908933984,421,2015,2850.969687212277,773.0378232593761,2835.6627329646335,755.967454029324,-1,-1,off_screen,0.0,2128,7,2.2,-0.0005681492271905134,43.945726746592975,39.49533724418781,0.1201999984914437,0.2724999940255657,11.860099999466911,0.13670000771526247,12.281599993002601,0,True,gaze_outside_screen,0.7516742373179737
1787908934000,422,2016,2842.8619465502384,766.3892010967797,2837.822497040315,759.0939781495607,-1,-1,off_screen,0.0,2144,7,2.2,-0.0005481616402867942,45.75701488816823,39.50328684688376,0.11989999620709568,0.2876999933505431,10.744800005340949,0.16840000171214342,11.215100006666034,0,True,gaze_outside_screen,0.7516742373179737
1787908934032,423,2017,2849.433445486687,801.5719560356115,2841.3057815742263,771.8373715153759,-1,-1,off_screen,0.0,2176,7,2.2,-0.0005174642322136082,44.32369469614182,39.49842344403141,0.10900000052060932,0.275999991572462,10.583800001768395,0.12310000602155924,10.993100004270673,0,True,gaze_outside_screen,0.7516742373179737
1787908934064,424,2018,2842.186292985703,859.5372982947226,2841.569934997669,798.1473495491798,-1,-1,off_screen,0.0,2207,7,2.2,-0.0004605031086516616,43.00276130922735,39.492435933319854,0.12100000458303839,0.28279999969527125,11.444200004916638,0.17830000433605164,11.917499999981374,0,True,gaze_outside_screen,0.7516742373179737
1787908934081,425,2019,2849.3490064729167,860.0930369332494,2843.903656440243,816.7310557644007,-1,-1,off_screen,0.0,2225,7,2.2,-0.0004569433580706595,44.72995840487074,39.49920099710059,0.17439998919144273,0.30509999487549067,11.438000001362525,0.13849999231752008,11.891900008777156,0,True,gaze_outside_screen,0.7516742373179737
1787908934112,426,2020,2863.846156977327,865.7181122407013,2849.886406601368,831.4271727072908,-1,-1,off_screen,0.0,2256,7,2.2,-0.0004593586871393055,43.43483440590086,39.494503437537325,0.21710000874008983,0.28989999555051327,11.401399999158457,0.12070000229869038,11.82390000030864,0,True,gaze_outside_screen,0.7516742373179737
1787908934128,427,2021,2864.9658126725776,873.2927218194352,2854.4102284227306,843.9868374409341,-1,-1,off_screen,0.0,2272,7,2.2,-0.0004578600993795749,45.463497041929976,39.50276375975748,0.1142999972216785,0.2519999979995191,10.331900004530326,0.15690000145696104,10.750300003564917,0,True,gaze_outside_screen,0.7516742373179737
1787908934161,428,2022,2862.3944935445834,942.2798148666221,2856.8055079592864,873.4747306686404,-1,-1,off_screen,0.0,2305,7,2.0,-0.00044735449576568595,43.97613065429508,39.496588438228166,0.1647000026423484,0.3279999946244061,10.895800005528145,0.14029999147169292,11.377200004062615,0,True,gaze_outside_screen,0.7516742373179737
1787908934192,429,2023,2862.97078148804,919.2537673111905,2858.6550900179122,887.2084416614055,-1,-1,off_screen,0.0,2335,7,2.0,-0.00044082254741708085,42.74425669402128,39.49166323278846,0.13610000314656645,0.35409998963586986,10.99120000435505,0.13760000001639128,11.495800004922785,0,True,gaze_outside_screen,0.7516742373179737
1787908934208,430,2024,2865.2904962927128,909.6428018939579,2860.645711900352,893.9387497311711,-1,-1,off_screen,0.0,2351,7,2.0,-0.0004562564210086467,44.84002869037296,39.499299772459594,0.1171000039903447,0.2702000056160614,10.716999997384846,0.21290000586304814,11.210700002266094,0,True,gaze_outside_screen,0.7516742373179737
1787908934240,431,2025,2872.0945682251768,873.2442600612975,2864.0803687977996,887.730402830209,-1,-1,off_screen,0.0,2384,7,2.0,-0.0004898703631599916,43.47193127326017,39.49337338933125,0.155699992319569,0.36700000055134296,11.614899995038286,0.13250000483822078,12.127500012866221,0,True,gaze_outside_screen,0.7516742373179737
1787908934256,432,2026,2871.9402436241994,841.503507906708,2866.4383312457194,873.8623343531585,-1,-1,off_screen,0.0,2400,7,2.0,-0.0005155137052524333,45.26023444365178,39.50044292845189,0.10819999442901462,0.2759000053629279,11.529299998073839,0.15190000704023987,11.968199993134476,0,True,gaze_outside_screen,0.7516742373179737
1787908934288,433,2027,2875.489988272037,810.8998040722937,2869.1538283536147,854.973575268899,-1,-1,off_screen,0.0,2432,7,2.0,-0.0005433871402508936,43.8943477696127,39.49596007866617,0.14030000602360815,0.29520000680349767,11.010299989720806,0.14629999350290745,11.464499999419786,0,True,gaze_outside_screen,0.7516742373179737
1787908934320,434,2028,2872.8110819441486,833.0988067980776,2870.2510044307746,848.4111447276525,-1,-1,off_screen,0.0,2463,7,2.0,-0.0005372964517187488,42.61705595258106,39.4898195712491,0.1728999923216179,0.3335000074002892,12.14110000000801,0.1475000026402995,12.635899998713285,0,True,gaze_outside_screen,0.7516742373179737
1787908934336,435,2029,2871.0285732146144,834.3935689797629,2870.4842750659263,844.2058720032855,-1,-1,off_screen,0.0,2480,7,2.0,-0.0005316914101950038,44.6185029798677,39.49738658699511,0.14949998876545578,0.308899994706735,11.69060000393074,0.13840000610798597,12.148800000431947,0,True,gaze_outside_screen,0.7516742373179737
1787908934368,436,2030,2870.884645325391,835.4771131552482,2870.6043861437656,841.5872443488743,-1,-1,off_screen,0.0,2512,7,2.0,-0.0005310588134151313,43.279954385794284,39.49278071579126,0.13519999629352242,0.2967000036733225,11.006299988366663,0.12719999358523637,11.443399998825043,0,True,gaze_outside_screen,0.7516742373179737
1787908934384,437,2031,2897.2924964602494,830.586643052261,2878.6108192387105,838.2870639598902,-1,-1,off_screen,0.0,2528,7,2.0,-0.000541825861308097,45.121941980862374,39.499733905794386,0.12870000500697643,0.2982000005431473,11.069800006225705,0.12599999899975955,11.504199996124953,0,True,gaze_outside_screen,0.7516742373179737
1787908934416,438,2032,2979.431279893425,844.9230136351216,2908.856957435125,840.2778488624596,-1,-1,off_screen,0.0,2559,7,2.0,-0.0005791123302620362,43.74733736058484,39.494277717444334,0.1475000026402995,0.30339999648276716,11.610200002905913,0.12960001186002046,12.056299994583242,0,True,gaze_outside_screen,0.7516742373179737
1787908934432,439,2033,3037.269181286353,803.4582110124979,2947.3806245904934,829.2319575074711,-1,-1,off_screen,0.0,2575,7,2.0,-0.0006197098387149234,45.641370745183565,39.50206913218424,0.10279999696649611,0.2626000059535727,10.858299996471033,0.14009998994879425,11.270899994997308,0,True,gaze_outside_screen,0.7516742373179737
1787908934464,440,2034,3041.2141642165725,815.8714165545272,2975.530686478317,825.2237952215879,-1,-1,off_screen,0.0,2608,7,2.0,-0.0006005015806157237,44.189754408422814,39.49664335912133,0.13240000407677144,0.2668999950401485,11.125699995318428,0.1286999904550612,11.53129999875091,0,True,gaze_outside_screen,0.7516742373179737
1787908934496,441,2035,3002.026124360901,806.8611949587537,2983.479317843092,819.7150151427377,-1,-1,off_screen,0.0,2640,7,2.0,-0.000570985347706594,42.925144134996685,39.49187812848816,0.14990000636316836,0.25779999850783497,10.934400008409284,0.1618999958736822,11.365099999238737,0,True,gaze_outside_screen,0.7516742373179737
1787908934512,442,2036,2953.5738717655304,810.3363526373898,2974.5076840198235,816.9014163911334,-1,-1,off_screen,0.0,2656,7,2.0,-0.0005504980853848276,44.81313763919941,39.49868792964093,0.12519999290816486,0.2960999991046265,11.15199999185279,0.13840000610798597,11.618200005614199,0,True,gaze_outside_screen,0.7516742373179737
1787908934544,443,2037,2873.2011166990446,793.0523145512758,2944.1157138235894,809.746685839176,-1,-1,off_screen,0.0,2687,7,2.0,-0.0005028733976925569,43.4582503076117,39.49414472452199,0.15839999832678586,0.2938999969046563,10.43109998863656,0.14479999663308263,10.882600006880239,0,True,gaze_outside_screen,0.7516742373179737
1787908934560,444,2038,2884.248421859056,786.8622316712344,2926.1555262342295,802.8813495887936,-1,-1,off_screen,0.0,2703,7,2.0,-0.0005129131861452921,45.30844247606131,39.50115575865628,0.16450000111944973,0.3482000029180199,10.426799999549985,0.11869998706970364,10.90459999977611,0,True,gaze_outside_screen,0.7516742373179737
1787908934592,445,2039,2913.681258321177,796.4436833876632,2922.4132458603135,800.9500497284544,-1,-1,off_screen,0.0,2736,7,2.0,-0.0005412965959373101,43.90236387003193,39.495126074821044,0.2598999999463558,0.32479999936185777,11.61349999892991,0.14609999198000878,12.098599996534176,0,True,gaze_outside_screen,0.7516742373179737
1787908934608,446,2040,2927.066472840904,797.886243626165,2923.8092139544906,800.0309078977675,-1,-1,off_screen,0.0,2752,7,2.0,-0.0005426990058795891,45.743433568508934,39.50197138267657,0.18679999629966915,0.2832999889506027,11.956700007431209,0.1686000032350421,12.419500009855255,0,True,gaze_outside_screen,0.7516742373179737
1787908934640,447,2041,2927.0381759401484,803.9889745585218,2924.7779025501877,801.2183278959938,-1,-1,off_screen,0.0,2784,7,2.0,-0.000562039114380521,44.30181433434158,39.498362054599525,0.12490000517573208,0.2778000052785501,10.111900002812035,0.13220000255387276,10.534800007008016,0,True,gaze_outside_screen,0.7516742373179737
1787908934672,448,2042,2919.5235253319042,805.9552389327642,2923.2015893847024,802.6394012070248,-1,-1,off_screen,0.0,2815,7,2.0,-0.0005685692456018042,43.00993144026379,39.492792403899685,0.11440001253504306,0.25079998886212707,10.876800006371923,0.1416000013705343,11.279199999989942,0,True,gaze_outside_screen,0.7516742373179737
1787908934689,449,2043,2934.067535431545,798.5106221944307,2926.461373198755,801.4007675032465,-1,-1,off_screen,0.0,2832,7,2.0,-0.0005440725243614809,44.836727210549846,39.499565217673315,0.17639998986851424,0.4298999992897734,10.840200004167855,0.12730000889860094,11.410799997975118,0,True,gaze_outside_screen,0.7516742373179737
1787908934720,450,2044,2931.5860871081377,801.2759536354652,2927.99878737157,801.363323342912,-1,-1,off_screen,0.0,2864,7,2.0,-0.0005397364046549127,43.51707076524116,39.495081125318485,0.1453000004403293,0.294700002996251,10.580099988146685,0.11249999806750566,10.997300007147714,0,True,gaze_outside_screen,0.7516742373179737
1787908934736,451,2045,2934.4386243993713,800.7194330361233,2929.93073847991,801.1701562508754,-1,-1,off_screen,0.0,2880,7,2.0,-0.0005276136301635304,45.45902596998225,39.5025612639788,0.11229999654460698,0.2502999996067956,10.2482000074815,0.11630001245066524,10.62310000997968,0,True,gaze_outside_screen,0.7516742373179737
1787908934770,452,2046,2961.0418861167095,800.9689540150356,2939.2640827709497,801.1097955801233,-1,-1,off_screen,0.0,2914,7,2.0,-0.0005529148287896045,43.84754205003772,39.49301042819236,0.18360000103712082,0.3440000000409782,13.846600006218068,0.17980000120587647,14.385800008312799,0,True,gaze_outside_screen,0.7516742373179737
1787908934800,453,2047,2977.18859413193,832.8529695123864,2950.641436179244,810.6327477598022,-1,-1,off_screen,0.0,2944,7,2.0,-0.0005976910647108417,42.79828925312353,39.492449444955426,0.14080000983085483,0.2558999985922128,10.077300001285039,0.11539999104570597,10.462099991855212,0,True,gaze_outside_screen,0.7516742373179737
1787908934816,454,2048,2991.831681363966,855.1235241118794,2962.9985097346607,823.9799806654253,-1,-1,off_screen,0.0,2960,7,2.0,-0.0006095360420790702,44.71217495008735,39.49931074859644,0.10550000297371298,0.25240000104531646,10.256900000968017,0.11209999502170831,10.629800002789125,0,True,gaze_outside_screen,0.7516742373179737
1787908934848,455,2049,3011.09365946233,887.2478143786217,2977.427054652961,842.9603307793842,-1,-1,off_screen,0.0,2992,7,2.0,-0.000632550931549852,43.37717924791915,39.49305793379862,0.1292000088142231,0.31550000130664557,11.799999992945231,0.14930000179447234,12.274499997147359,0,True,gaze_outside_screen,0.7516742373179737
1787908934864,456,2050,3004.868398962516,912.5621791033968,2985.6594579458274,863.8408852765879,-1,-1,off_screen,0.0,3008,7,2.0,-0.0006413523625206259,45.211576939912064,39.500534965385405,0.18479999562259763,0.31570000282954425,11.123500007670373,0.11850000009872019,11.567800000193529,0,True,gaze_outside_screen,0.7516742373179737
1787908934896,457,2051,3038.892480276611,951.9345506959531,3001.629364645062,890.2689849023974,-1,-1,off_screen,0.0,3039,7,2.0,-0.0006838043019448646,43.79741807223226,39.49583373740424,0.22479999461211264,0.3099999885307625,10.43500000378117,0.1221999991685152,10.878900007810444,0,True,gaze_outside_screen,0.7516742373179737
1787908934912,458,2052,3000.0051081816514,984.4981850002449,3001.142087706039,918.5377449317516,-1,-1,off_screen,0.0,3055,7,2.0,-0.0006841117833175595,45.80223074617395,39.50352577149881,0.10240000847261399,0.2521999995224178,10.05339999392163,0.10509999992791563,10.41869999608025,0,True,gaze_outside_screen,0.7516742373179737
1787908934944,459,2053,3016.590489467307,989.3662198161222,3005.7766082344197,939.7862873970628,-1,-1,off_screen,0.0,3088,7,2.0,-0.0006530668858288659,44.32244638350083,39.49733334898635,0.17080000543501228,0.29749999521300197,11.169399993377738,0.14689999807160348,11.627499989117496,0,True,gaze_outside_screen,0.7516742373179737
1787908934976,460,2054,3007.1738691964597,981.131169189618,3006.1957865230315,952.1897519348292,-1,-1,off_screen,0.0,3120,7,2.0,-0.0005762418269302377,43.025253505196964,39.49286424701995,0.12840000272262841,0.2812999882735312,10.525000005145557,0.11550000635907054,10.932999997748993,0,True,gaze_outside_screen,0.7516742373179737
1787908934992,461,2055,3009.134958497311,955.3780212329167,3007.0775381153153,953.1462327242555,-1,-1,off_screen,0.0,3136,7,2.0,-0.0005486118033695003,44.95143376823028,39.49984432160469,0.12749999586958438,0.26139999681618065,10.602900001686066,0.1303000026382506,11.004100000718608,0,True,gaze_outside_screen,0.7516742373179737
1787908935024,462,2056,3048.0707650313702,929.4416119233668,3019.375506190132,946.0348464839889,-1,-1,off_screen,0.0,3167,7,2.0,-0.0005619102790686351,43.57499450711789,39.49362715773106,0.1320000010309741,0.29320000612642616,12.019999994663522,0.12489999062381685,12.450099995476194,0,True,gaze_outside_screen,0.7516742373179737
1787908935040,463,2057,3064.5178833851214,930.4560228598233,3032.9182193486286,941.361199396739,-1,-1,off_screen,0.0,3184,7,2.0,-0.000574335825377751,45.4433697936883,39.501174938155806,0.1424999936716631,0.2906000008806586,11.321600002702326,0.13010000111535192,11.75649999640882,0,True,gaze_outside_screen,0.7516742373179737
1787908935072,464,2058,3090.3336816752862,936.2426289165041,3050.142858046626,939.8256282526686,-1,-1,off_screen,0.0,3216,7,2.0,-0.0005948121054976559,44.03163917443623,39.49615958286632,0.15979999443516135,0.3282999969087541,11.288999987300485,0.1357000001007691,11.765999995986931,0,True,gaze_outside_screen,0.7516742373179737
1787908935104,465,2059,3097.3247110032503,943.8768257718402,3064.297413933613,941.04098750842,-1,-1,off_screen,0.0,3248,7,2.0,-0.0006169089841300684,42.7770303847867,39.49128367911526,0.1362000039080158,0.28240001120138913,11.334499999065883,0.13070000568404794,11.760699999285862,0,True,gaze_outside_screen,0.7516742373179737
1787908935120,466,2060,3102.9038400812456,935.301992906086,3075.8793417779025,939.3192891277197,-1,-1,off_screen,0.0,3263,7,2.0,-0.000646659291149581,44.751241997103065,39.49773294613547,0.13109999417793006,0.2758999908110127,12.129800001275726,0.15269999857991934,12.570300008519553,0,True,gaze_outside_screen,0.7516742373179737
1787908935153,467,2061,3030.2971234296274,910.5693253072712,3062.20467627342,930.6942999815851,-1,-1,off_screen,0.0,3297,7,2.0,-0.0006356736812630336,43.35420581135375,39.49268346493879,0.19489999976940453,0.32530000316910446,11.6039999993518,0.12820000119972974,12.071999997715466,0,True,gaze_outside_screen,0.7516742373179737
1787908935168,468,2062,2821.259471336236,789.7121179510178,2989.9211147922647,888.3996453724149,-1,-1,off_screen,0.0,3312,7,2.0,-0.0005118994067127205,45.37190429794423,39.500741204973174,0.1492999872425571,0.2589000068837777,10.596699998131953,0.13630000466946512,11.002200000802986,0,True,gaze_outside_screen,0.7516742373179737
1787908935200,469,2063,2849.3564514783525,543.2749791869921,2947.7517157980906,784.862245516788,-1,-1,off_screen,0.0,3344,7,2.0,-0.0005183072986423461,43.98121825908205,39.49598656545509,0.0999999901978299,0.25019999884534627,10.409899987280369,0.14740000187885016,10.8240000117803,0,True,gaze_outside_screen,0.7516742373179737
1787908935216,470,2064,2863.903532409344,577.6330333703806,2922.597260781466,722.6934818728657,-1,-1,off_screen,0.0,3360,7,2.0,-0.0004670873166954283,45.84162367188703,39.502600706543085,0.14740000187885016,0.4062999942107126,10.858199995709583,0.13849999231752008,11.414999986300245,0,True,gaze_outside_screen,0.7516742373179737
1787908935248,471,2065,3011.980512369486,527.7915545198059,2949.412236257872,664.2229036669478,-1,-1,off_screen,0.0,3391,7,2.0,-0.0005461298524775705,44.36689470476455,39.49726035526478,0.12229999992996454,0.265800001216121,11.23879999795463,0.12240000069141388,11.637500007054769,0,True,gaze_outside_screen,0.7516742373179737
1787908935280,472,2066,3157.1672639588573,557.889976030815,3011.7387445681675,632.3230253761079,-1,-1,off_screen,0.0,3424,7,2.0,-0.0005761254918349324,43.07419690856508,39.49268484606875,0.1137000072048977,0.2724000078160316,10.800599993672222,0.12650000280700624,11.20920000539627,0,True,gaze_outside_screen,0.7516742373179737
1787908935296,473,2067,3171.508955957309,585.6217724302808,3059.6698079849098,618.3126494923598,-1,-1,off_screen,0.0,3440,7,2.0,-0.0005864552788378899,45.03475848780177,39.49993525317324,0.1036000030580908,0.264599992078729,10.561200004303828,0.13390000094659626,10.969299997668713,0,True,gaze_outside_screen,0.7516742373179737
1787908935328,474,2068,3174.7860792703573,653.1191811747777,3094.2046893705437,628.7546089970851,-1,-1,off_screen,0.0,3472,7,2.0,-0.00047282659930711346,43.64083206580645,39.49505805099838,0.16619999951217324,0.28639999800361693,10.17649999994319,0.11690000246744603,10.59190000523813,0,True,gaze_outside_screen,0.7516742373179737
1787908935344,475,2069,3149.2532549192315,633.8611311674055,3110.7192590351497,630.2865656481813,-1,-1,off_screen,0.0,3488,7,1.8,-0.0005672284644602493,45.575009279283016,39.50219430203355,0.11959999392274767,0.258100000792183,10.186899991822429,0.11589999485295266,10.570300000836141,0,True,gaze_outside_screen,0.7516742373179737
1787908935376,476,2070,3121.1419201027634,629.1904722801644,3113.846057355434,629.9577376377762,-1,-1,off_screen,0.0,3519,7,1.6,-0.0006443273583562961,44.11680357117116,39.49614881257586,0.1286000042455271,0.26819999038707465,11.239400002523325,0.12170000991318375,11.641099990811199,0,True,gaze_outside_screen,0.7516742373179737
1787908935408,477,2071,3082.2996409351767,638.7024765270327,3104.3821324293567,632.5811593045531,-1,-1,off_screen,0.0,3552,7,1.6,-0.0006365471636504572,42.8515781043794,39.491186250837615,0.15199999324977398,0.28539999038912356,11.344400001689792,0.12469998910091817,11.767300005885772,0,True,gaze_outside_screen,0.7516742373179737
1787908935424,478,2072,3081.8949799941984,626.4031235209037,3097.6359866988087,630.7277485694583,-1,-1,off_screen,0.0,3568,7,1.6,-0.0006463014472383663,44.88170454096151,39.49899151277565,0.1083999959519133,0.2587999915704131,10.509999992791563,0.10910000128205866,10.886899995966814,0,True,gaze_outside_screen,0.7516742373179737
1787908935456,479,2073,3081.913795133122,625.6814993003309,3092.9193292291025,629.2138737887201,-1,-1,off_screen,0.0,3600,7,1.6,-0.000650437396322404,43.52619932787281,39.494301023799224,0.10609999299049377,0.24909999046940356,10.150700007216074,0.10720000136643648,10.515200003283098,0,True,gaze_outside_screen,0.7516742373179737
1787908935472,480,2074,3086.4929429887156,634.7158488526497,3090.9914133569864,630.864466307899,-1,-1,off_screen,0.0,3615,7,1.4,-0.0006821432261763724,45.380788448015515,39.50065940389426,0.11129998893011361,0.2474000066285953,10.871799997403286,0.14370000280905515,11.2721000041347,0,True,gaze_outside_screen,0.7516742373179737
1787908935504,481,2075,3077.316279506987,642.4580033958189,3086.8888732019864,634.3425274342749,-1,-1,off_screen,0.0,3648,7,1.4,-0.0007037493974091404,43.95223968996951,39.49584045035788,0.14139999984763563,0.29039999935775995,10.41490001080092,0.1221000129589811,10.838099988177419,0,True,gaze_outside_screen,0.7516742373179737
1787908935520,482,2076,3076.6563975140457,662.7205989952187,3083.8191304956044,642.855948902558,-1,-1,off_screen,0.0,3664,7,1.4,-0.0007031266741379417,45.83585915936482,39.50301335018561,0.10520000068936497,0.2632999967318028,10.305400006473064,0.10979999206028879,10.686599998734891,0,True,gaze_outside_screen,0.7516742373179737
1787908935552,483,2077,3065.850541484015,645.6533705141561,3078.4285537921273,643.6951753860374,-1,-1,off_screen,0.0,3696,7,1.4,-0.0007035901136782288,44.38543905710411,39.497672818802,0.11219999578315765,0.25969999842345715,10.777799994684756,0.1463999942643568,11.193800004548393,0,True,gaze_outside_screen,0.7516742373179737
1787908935584,484,2078,3028.5799870769424,662.3767450906777,3063.4739837775714,649.2996462974295,-1,-1,off_screen,0.0,3728,7,1.4,-0.0006930323256584114,43.06987497342429,39.49293031220605,0.1365000061923638,0.2741000062087551,10.39709999167826,0.12579999747686088,10.808699997141957,0,True,gaze_outside_screen,0.7516742373179737
1787908935600,485,2079,3024.0024422831943,676.1183064249175,3051.6325213292585,657.3452443356758,-1,-1,off_screen,0.0,3743,7,1.4,-0.0006860426617925162,44.99520328010028,39.50008367311542,0.10659999679774046,0.23859999782871455,10.18090000434313,0.12320000678300858,10.550999999395572,0,True,gaze_outside_screen,0.7516742373179737
1787908935632,486,2080,3000.7402723566465,691.0458270383557,3036.364846637475,667.4554191464797,-1,-1,off_screen,0.0,3776,7,1.4,-0.0006784153724481434,43.627141585646456,39.495118857130855,0.1145999995060265,0.23879999935161322,10.189100008574314,0.11700000322889537,10.552699997788295,0,True,gaze_outside_screen,0.7516742373179737
1787908935648,487,2081,2978.270652212915,708.3246467290787,3018.936588310107,679.7161874212594,-1,-1,off_screen,0.0,3792,7,1.4,-0.0006503050559836573,45.47576186825859,39.50085302291621,0.109500004327856,0.23960000544320792,11.718399997334927,0.1568000006955117,12.124099986976944,0,True,gaze_outside_screen,0.7516742373179737
1787908935680,488,2082,2989.047649366262,698.2781162234367,3009.969906626953,685.2847660619125,-1,-1,off_screen,0.0,3824,7,1.4,-0.0006761305580198773,44.02285789438807,39.49665950362564,0.14010000450070947,0.27049999334849417,10.278400004608557,0.16419999883510172,10.722599996370263,0,True,gaze_outside_screen,0.7516742373179737
1787908935712,489,2083,3015.0454889543353,719.2133971993894,3011.4925813251675,695.4633554031554,-1,-1,off_screen,0.0,3855,7,1.4,-0.0006707875670243987,42.778892384191025,39.49146078115127,0.15259999781847,0.2466000005370006,10.95060000079684,0.11449999874457717,11.321199999656528,0,True,gaze_outside_screen,0.7516742373179737
1787908935728,490,2084,3026.8739942934235,741.2053965118384,3016.107005215644,709.1859677357603,-1,-1,off_screen,0.0,3871,7,1.4,-0.0006748790937029514,44.612015798202414,39.49875630944584,0.1275000104214996,0.24179999309126288,10.15719999850262,0.12490000517573208,10.532399988733232,0,True,gaze_outside_screen,0.7516742373179737
1787908935760,491,2085,3049.4087194614654,738.8802434258732,3026.0975194893904,718.0942504427942,-1,-1,off_screen,0.0,3904,7,1.4,-0.0006733026956133696,43.297180008946825,39.49348673227348,0.18820000695995986,0.31550000130664557,10.62100000854116,0.15980000898707658,11.110299994470552,0,True,gaze_outside_screen,0.7516742373179737
1787908935776,492,2086,3052.5511607838116,741.8250440274551,3034.0336118777163,725.2134885181924,-1,-1,off_screen,0.0,3920,7,1.4,-0.0006728746795056466,45.205259319319005,39.50057420599285,0.1269999920623377,0.26869999419432133,10.531399995670654,0.11280000035185367,10.922400004346855,0,True,gaze_outside_screen,0.7516742373179737
1787908935808,493,2087,3082.218496714265,753.2158201051918,3048.4890773286807,733.6141879942923,-1,-1,off_screen,0.0,3952,7,1.4,-0.0006726365667044341,43.82431280833663,39.4960034416159,0.13780000153928995,0.24980001035146415,10.12530000298284,0.11720000475179404,10.501400000066496,0,True,gaze_outside_screen,0.7516742373179737
1787908935824,494,2088,3086.191625518545,757.3120425152161,3059.7998417856397,740.7235443505693,-1,-1,off_screen,0.0,3967,7,1.2,-0.0006712483961683335,45.650632141475555,39.50220516709746,0.1998000079765916,0.3375999949639663,10.938999999780208,0.12349999451544136,11.414399996283464,0,True,gaze_outside_screen,0.7516742373179737
1787908935856,495,2089,3062.9204205610517,762.4178137318363,3060.7360154182634,747.2318251649493,-1,-1,off_screen,0.0,4000,7,1.2,-0.0006669524461546412,44.19874857332481,39.49738498005277,0.19230000907555223,0.29909999284427613,10.618500004056841,0.13159999798517674,11.061699988204055,0,True,gaze_outside_screen,0.7516742373179737
1787908935888,496,2090,3060.497299654128,765.3847090623099,3060.664400689023,752.6776903341574,-1,-1,off_screen,0.0,4032,7,1.2,-0.0006670368821019533,42.91040099380814,39.49225626202677,0.1238999975612387,0.2845999988494441,10.90979999571573,0.11439999798312783,11.318200005916879,0,True,gaze_outside_screen,0.7516742373179737
1787908935904,497,2091,3063.592141559147,767.0293483675094,3061.54272295006,756.983187744163,-1,-1,off_screen,0.0,4048,7,1.2,-0.0006629992629729048,44.93046022383201,39.499506158895386,0.10900000052060932,0.23910000163596123,10.717599987401627,0.11079999967478216,11.076800001319498,0,True,gaze_outside_screen,0.7516742373179737
1787908935936,498,2092,3077.1762266800724,759.0254546135016,3066.2327740690635,757.5958678049645,-1,-1,off_screen,0.0,4080,7,1.2,-0.000661461862523709,43.54587138151581,39.49379429498491,0.14740000187885016,0.33310000435449183,11.393900000257418,0.12670000432990491,11.882899998454377,0,True,gaze_outside_screen,0.7516742373179737
1787908935952,499,2093,3103.673032010251,827.1372550766041,3077.4648514514192,778.4582839864564,-1,-1,off_screen,0.0,4095,7,1.2,-0.0006516922511715546,45.476994933453184,39.501464640899314,0.11660000018309802,0.26810000417754054,10.607600008370355,0.11919999087695032,11.003499996149912,0,True,gaze_outside_screen,0.7516742373179737
1787908935984,500,2094,3140.19510987272,747.6184870991817,3096.2839289778094,769.206344920274,-1,-1,off_screen,0.0,4128,7,1.2,-0.0006116706249936106,44.05442239872061,39.49661641597433,0.149200001033023,0.2628999936860055,10.42320000124164,0.13179999950807542,10.82749999477528,0,True,gaze_outside_screen,0.7516742373179737
1787908936016,501,2095,3133.4589506474763,845.5428102002882,3107.4364354787094,792.1072845042781,-1,-1,off_screen,0.0,4160,7,1.2,-0.0005617202223519076,42.77757804614595,39.4911005249828,0.1745000045048073,0.3150000120513141,11.11640001181513,0.14560000272467732,11.591699993005022,0,True,gaze_outside_screen,0.7516742373179737
1787908936032,502,2096,3116.5812759044056,811.1538962646796,3110.1798876064177,797.8212680323985,-1,-1,off_screen,0.0,4176,7,1.2,-0.0005639854867153776,44.740576124006886,39.49816950011418,0.1255999959539622,0.28469999961089343,10.974399992846884,0.12290000449866056,11.391200008802116,0,True,gaze_outside_screen,0.7516742373179737
1787908936064,503,2097,3101.7848110304703,810.2224090266303,3107.661364633633,801.5416103306679,-1,-1,off_screen,0.0,4207,7,1.2,-0.0005317921836722524,43.419998376312094,39.49395344653312,0.11380000796634704,0.2516999957151711,10.289199999533594,0.11559999256860465,10.66529999661725,0,True,gaze_outside_screen,0.7516742373179737
1787908936080,504,2098,3079.0513864549935,804.8238877554912,3099.0783711800414,802.5262935581148,-1,-1,off_screen,0.0,4223,7,1.0,-0.0004856270744459934,45.324992171556865,39.50089411535017,0.10299999848939478,0.2300000051036477,10.27260000410024,0.13150001177564263,10.64389999373816,0,True,gaze_outside_screen,0.7516742373179737
1787908936112,505,2099,3007.2746697074585,793.5691079403719,3071.537260738266,799.839137872792,-1,-1,off_screen,0.0,4256,7,0.8,-0.000645437954765073,43.89766835114426,39.495829693867094,0.14189998910296708,0.2742999931797385,10.157299999264069,0.12589999823831022,10.569200007012114,0,True,gaze_outside_screen,0.7516742373179737
1787908936128,506,2100,3023.458535295526,798.2180482439006,3057.113643105444,799.3528109841245,-1,-1,off_screen,0.0,4272,7,0.8,-0.000651857908979557,45.740139636904466,39.50253041359366,0.12859998969361186,0.2562000008765608,10.443899998790585,0.11530000483617187,10.823500007973053,0,True,gaze_outside_screen,0.7516742373179737
1787908936160,507,2101,3023.241140156963,795.4323526705645,3046.9518922209,798.1766734900564,-1,-1,off_screen,0.0,4304,7,0.8,-0.0006331883897508096,44.30462120335584,39.497938154991516,0.11860000086016953,0.24389999452978373,10.093399992911145,0.11360000644344836,10.459899989655241,0,True,gaze_outside_screen,0.7516742373179737
1787908936192,508,2102,3015.573799915595,782.9966340927612,3037.5384645293084,793.6226616708677,-1,-1,off_screen,0.0,4335,7,0.8,-0.0006231205079710173,42.99659283248446,39.49202687165353,0.17240000306628644,0.2972999936901033,11.265599998296238,0.1382000045850873,11.717299988958985,0,True,gaze_outside_screen,0.7516742373179737
1787908936208,509,2103,3017.2509046989417,787.3855894616553,3031.4521965801982,791.751540008104,-1,-1,off_screen,0.0,4351,7,0.8,-0.0006031656924311082,44.91603240280573,39.49967877445167,0.11010000889655203,0.2601999876787886,10.261500006890856,0.11320000339765102,10.64320000295993,0,True,gaze_outside_screen,0.7516742373179737
1787908936240,510,2104,3010.4817840997844,792.0595675829453,3025.161072836074,791.8439482805563,-1,-1,off_screen,0.0,4384,7,0.8,-0.0005639386210010786,43.53274141206165,39.494673017071435,0.16139999206643552,0.25430000096093863,10.163300001295283,0.11269999959040433,10.53939999837894,0,True,gaze_outside_screen,0.7516742373179737
1787908936256,511,2105,3007.898112749514,788.69896875104,3019.982184810106,790.9004544217013,-1,-1,off_screen,0.0,4400,7,0.6,-0.0005474753590083148,45.51672336600993,39.501415423918075,0.0999999901978299,0.22990000434219837,10.614700004225597,0.12969999806955457,10.982300009345636,0,True,gaze_outside_screen,0.7516742373179737
1787908936288,512,2106,3003.1468760433872,789.9419183794128,3014.93159218009,790.6128936090147,-1,-1,off_screen,0.0,4432,7,0.6,-0.0005205903282270441,44.09489250215937,39.496281973610174,0.1252000074600801,0.27119999867863953,10.84679999621585,0.14709999959450215,11.276799996267073,0,True,gaze_outside_screen,0.7516742373179737
1787908936320,513,2107,2991.2992378400904,780.5179595218793,3007.8418858780897,787.5844133828741,-1,-1,off_screen,0.0,4463,7,0.6,-0.0005011195818626149,42.80458403074715,39.49077169076732,0.1441999920643866,0.3117000014754012,11.529900002642535,0.12769999739248306,11.979500006418675,0,True,gaze_outside_screen,0.7516742373179737
1787908936336,514,2108,2977.9954683752294,767.6208145443203,2998.8879606272317,781.595333731308,-1,-1,off_screen,0.0,4480,7,0.6,-0.0004863813998150224,44.68730188125997,39.498025514687896,0.22790000366512686,0.26309999520890415,10.883399998419918,0.11759999324567616,11.273399999481626,0,True,gaze_outside_screen,0.7516742373179737
1787908936368,515,2109,2983.7938014323013,763.1734444258642,2994.3597128687525,776.0687669396748,-1,-1,off_screen,0.0,4512,7,0.6,-0.0004797288256882179,43.33073402278985,39.49235622730085,0.1945000112755224,0.2933000068878755,11.662899996736087,0.15300000086426735,12.12459999078419,0,True,gaze_outside_screen,0.7516742373179737
1787908936384,516,2110,2934.9029868876573,696.5108951748573,2976.5226950744236,752.2014054102295,-1,-1,off_screen,0.0,4528,7,0.6,-0.00041110675456594234,45.33768902770788,39.499847834799766,0.1604999997653067,0.31090000993572176,11.094100002082996,0.12270000297576189,11.539500002982095,0,True,gaze_outside_screen,0.7516742373179737
1787908936416,517,2111,2961.1176804471925,542.2464336076878,2971.9011906862543,689.214913869467,-1,-1,off_screen,0.0,4559,7,0.6,-0.0003163748764118679,43.93309561833722,39.49505665483555,0.16799999866634607,0.3397999971639365,10.88750000053551,0.14060000830795616,11.381999996956438,0,True,gaze_outside_screen,0.7516742373179737
1787908936432,518,2112,2910.8460901739186,540.1937105947959,2953.5846605325532,644.5085528870657,-1,-1,off_screen,0.0,4575,7,0.6,-0.00018602235796957162,45.820325175030966,39.50054020729975,0.12930000957567245,0.3257999924244359,12.820799995097332,0.19549998978618532,13.35599999583792,0,True,gaze_outside_screen,0.7516742373179737
1787908936464,519,2113,2908.2582327553832,474.10921784807977,2939.9867321994025,593.3887523753699,-1,-1,off_screen,0.0,4608,7,0.6,-0.0001659857994111922,44.35264546430437,39.49621639518609,0.13010000111535192,0.3499999875202775,11.921800003619865,0.13299999409355223,12.418600003002211,0,True,gaze_outside_screen,0.7516742373179737
1787908936496,520,2114,2887.4310705241146,454.9718306000832,2924.2200336968162,551.8636758427838,-1,-1,off_screen,0.0,4640,7,0.4,-0.00011415201290743658,43.053720746701096,39.49240674881292,0.12539999443106353,0.2826999989338219,10.600900001008995,0.12070000229869038,11.016699994797818,0,True,gaze_outside_screen,0.7516742373179737
1787908936512,521,2115,2936.821019735157,468.9166990678791,2928.0003295083184,526.9795828103124,-1,-1,off_screen,0.0,4656,7,0.4,-0.0001510563808719452,44.96733149531036,39.499036133872124,0.12480000441428274,0.28240001120138913,10.835600012796931,0.1387999946018681,11.26970000041183,0,True,gaze_outside_screen,0.7516742373179737
1787908936544,522,2116,2982.347542627629,516.7538169866036,2944.3044934441114,523.9118530631997,-1,-1,off_screen,0.0,4687,7,0.4,-0.00021747247749333287,43.5985209987893,39.49330913073146,0.16480000340379775,0.30840000545140356,11.929700005566701,0.13329999637790024,12.385000009089708,0,True,gaze_outside_screen,0.7516742373179737
1787908936560,523,2117,3023.062982018194,530.8303775271569,2967.932040016336,525.9874104023868,-1,-1,off_screen,0.0,4703,7,0.4,-0.0002392931794215694,45.46256742258034,39.500914362204576,0.14180000289343297,0.28360000578686595,10.886000003665686,0.13749999925494194,11.318199991364963,0,True,gaze_outside_screen,0.7516742373179737
1787908936593,524,2118,3045.5346088128485,541.164585131202,2991.2128106552896,530.5405628210314,-1,-1,off_screen,0.0,4736,7,0.4,-0.0002782931349988582,44.00427441489223,39.49531160349367,0.16560000949539244,0.3009000065503642,11.420800001360476,0.12209999840706587,11.85649998660665,0,True,gaze_outside_screen,0.7516742373179737
1787908936624,525,2119,3055.4856642615605,544.7245400429651,3010.4946667371705,534.7957559876114,-1,-1,off_screen,0.0,4768,7,0.4,-0.0002963431209372664,42.766092295191264,39.490843786959104,0.13029998808633536,0.3273999900557101,11.125999997602776,0.1539999939268455,11.622899997746572,0,True,gaze_outside_screen,0.7516742373179737
1787908936640,526,2120,3058.640611634709,533.5732314675622,3024.9384502064318,534.4289986315966,-1,-1,off_screen,0.0,4784,7,0.4,-0.00029978846755985243,44.75628592641976,39.49757548791203,0.11110000195913017,0.291000003926456,11.402099989936687,0.13479999324772507,11.838599995826371,0,True,gaze_outside_screen,0.7516742373179737
1787908936672,527,2121,3059.5089910052116,484.018921015943,3035.3096124460653,519.3059753469006,-1,-1,off_screen,0.0,4815,7,0.4,-0.0002956528310446675,43.4107143329779,39.492564746383856,0.13849999231752008,0.3023000026587397,11.585500004002824,0.12070000229869038,12.02170000760816,0,True,gaze_outside_screen,0.7516742373179737
1787908936688,528,2122,3004.2466237807594,439.69330094955734,3025.9907158464734,495.42217302769757,-1,-1,off_screen,0.0,4832,7,0.4,-0.0002485926541717729,45.274271550157316,39.50023800010768,0.1365000061923638,0.26449999131727964,10.399899998446926,0.11480000102892518,10.787899998831563,0,True,gaze_outside_screen,0.7516742373179737
1787908936720,529,2123,3111.6977523910136,315.10946706599566,3051.702826809835,441.32836123918696,-1,-1,off_screen,0.0,4864,7,0.4,-0.00018394301598890356,43.874590947946984,39.49413611139876,0.2201000024797395,0.513400009367615,11.755500003346242,0.14990000636316836,12.43649999378249,0,True,gaze_outside_screen,0.7516742373179737
1787908936736,530,2124,3121.593226075047,247.41657158939165,3072.6699465893985,383.1548243442483,-1,-1,off_screen,0.0,4880,7,0.4,-0.00016195000159335837,45.76834161630803,39.50201623293547,0.11359999189153314,0.2906000008806586,10.689399990951642,0.11949999316129833,11.107400001492351,0,True,gaze_outside_screen,0.7516742373179737
1787908936769,531,2125,3099.3882516509684,199.0497983453271,3080.6854381078692,327.92331654457195,-1,-1,off_screen,0.0,4913,7,0.4,-0.00015104028048155797,44.20211382000237,39.49532990119995,0.2609000075608492,0.45900000259280205,11.724099997081794,0.11889998859260231,12.313999992329627,0,True,gaze_outside_screen,0.7516742373179737
1787908936800,532,2126,3130.545185458593,211.10007457539916,3095.643362313086,292.8763439538201,-1,-1,off_screen,0.0,4944,7,0.4,-0.0001593631415818149,43.01055218454507,39.490999577686324,0.13130001025274396,0.31400000443682075,12.094899997464381,0.13929999840911478,12.563399999635294,0,True,gaze_outside_screen,0.7516742373179737
1787908936817,533,2127,3117.9023071617025,209.762303604805,3102.3210457676705,267.9421318491155,-1,-1,off_screen,0.0,4960,7,0.2,-0.00015456853103586188,44.855589588987634,39.49859829372748,0.1365000061923638,0.30390000029001385,10.813900007633492,0.12399999832268804,11.25339999271091,0,True,gaze_outside_screen,0.7516742373179737
1787908936848,534,2128,3086.562790324705,172.36382573311408,3097.5935691347804,239.26864001431505,-1,-1,off_screen,0.0,4992,7,0.2,-0.00012602456143069596,43.508969480288954,39.49371639011217,0.10600000678095967,0.26849999267142266,10.964000000967644,0.12889999197795987,11.372499997378327,0,True,gaze_outside_screen,0.7516742373179737
1787908936864,535,2129,3067.6616244768124,177.18837861153625,3088.6139857373896,220.6445615934814,-1,-1,off_screen,0.0,5008,7,0.0,-0.0001294341231944541,45.394547175714536,39.500336660127715,0.14900001406203955,0.3147999959765002,11.145299999043345,0.1520000078016892,11.623599988524802,0,True,gaze_outside_screen,0.7516742373179737
1787908936896,536,2130,3039.285965511998,169.24468868769472,3073.815579669772,205.2245997217454,-1,-1,off_screen,0.0,5039,7,0.0,-9.57860848746564e-05,43.99244578756716,39.49548563076592,0.13309999485500157,0.31740000122226775,11.222300003282726,0.13460000627674162,11.688800004776567,0,True,gaze_outside_screen,0.7516742373179737
1787908936928,537,2131,3047.841835176448,101.05400950654126,3066.0234563217746,173.97342265718413,-1,-1,off_screen,0.0,5072,7,0.0,1.6987248575447977e-05,42.74592547755986,39.49088133404679,0.1019000046653673,0.2641000028233975,11.187099997187033,0.11929999163839966,11.58029999351129,0,True,gaze_outside_screen,0.7516742373179737
1787908936944,538,2132,3043.775207342679,112.23712072481148,3059.348981628046,155.4525320774723,-1,-1,off_screen,0.0,5088,7,0.0,3.2834885090116464e-05,44.6964712854179,39.49780541244927,0.10779999138321728,0.2708999963942915,10.991000002832152,0.1033000007737428,11.374599998816848,0,True,gaze_outside_screen,0.7516742373179737
1787908936976,539,2133,3043.2294835320745,117.25998273539996,3054.5131321992544,143.9947672748506,-1,-1,off_screen,0.0,5120,7,0.0,5.1158420833696816e-05,43.340595120575216,39.49204571692284,0.13749999925494194,0.3294999914942309,11.96909999998752,0.13979998766444623,12.453100003767759,0,True,gaze_outside_screen,0.7516742373179737
1787908936992,540,2134,3040.9353165845073,140.8417111968608,3050.4397875148297,143.04885045145366,-1,-1,off_screen,0.0,5136,7,0.0,3.978098803986488e-05,45.32561099730894,39.4997830399509,0.09790000331122428,0.25490000552963465,10.99660000181757,0.1049999991664663,11.36469999619294,0,True,gaze_outside_screen,0.7516742373179737
1787908937024,541,2135,3034.7280562979277,135.67519364557677,3045.7262681497587,140.83675340969057,-1,-1,off_screen,0.0,5167,7,0.0,-9.394433524562845e-06,43.880985027022646,39.494818611852295,0.11169999197591096,0.3667999990284443,10.580999994999729,0.13380000018514693,11.091499996837229,0,True,gaze_outside_screen,0.7516742373179737
1787908937040,542,2136,3032.4913065050955,137.57236338737818,3041.7557796563597,139.85743640299683,-1,-1,off_screen,0.0,5184,7,0.0,-1.7846316755405073e-05,45.81535785041574,39.501866885781176,0.13420000323094428,0.3056999994441867,10.481899997103028,0.14689999807160348,10.944800000288524,0,True,gaze_outside_screen,0.7516742373179737
1787908937073,543,2137,3025.286964012542,115.37963003701908,3036.8151349632144,132.51409449320352,-1,-1,off_screen,0.0,5217,7,0.0,-8.984203396684987e-06,44.31380617240966,39.496527104748985,0.14350000128615648,0.30870000773575157,10.66240000363905,0.12310000602155924,11.10599999083206,0,True,gaze_outside_screen,0.7516742373179737
1787908937104,544,2138,3002.571798590994,95.4875809058849,3026.5421340515486,121.40614041700792,-1,-1,off_screen,0.0,5248,7,0.0,-8.147814821213989e-06,43.04339142000362,39.49143105029106,0.22860000899527222,0.2700999903026968,11.384800003725104,0.11059999815188348,11.773999998695217,0,True,gaze_outside_screen,0.7516742373179737
1787908937120,545,2139,2986.273415476621,87.75378835280134,3014.4615184790705,111.31043479774593,-1,-1,off_screen,0.0,5263,7,0.0,-4.897401839055321e-06,45.048877307454106,39.499209484904455,0.11680000170599669,0.23460001102648675,10.225300007732585,0.11309998808428645,10.581299997284077,0,True,gaze_outside_screen,0.7516742373179737
1787908937153,546,2140,3031.9668215950514,62.54024349626474,3019.7131094138645,96.67937740730156,-1,-1,off_screen,0.0,5297,7,0.0,4.938073392926623e-06,43.636384141519805,39.49373687374146,0.1303000026382506,0.28330000350251794,10.645799993653782,0.12689999130088836,11.068599997088313,0,True,gaze_outside_screen,0.7516742373179737
1787908937168,547,2141,3021.1046394112973,65.34159923610814,3020.130568413094,87.27804395594353,-1,-1,off_screen,0.0,5312,7,0.0,1.894548391016479e-05,45.63184400965598,39.50116730378005,0.11569999333005399,0.2542000001994893,10.097999998833984,0.1049999991664663,10.465900006238371,0,True,gaze_outside_screen,0.7516742373179737
1787908937200,548,2142,3015.7350810170174,60.566105359831006,3018.811922194271,79.26446237710977,-1,-1,off_screen,0.0,5344,7,0.0,3.7726061706679775e-05,44.2310249305813,39.49619239649044,0.12830000196117908,0.29760001052636653,10.565700009465218,0.11700000322889537,10.990099995979108,0,True,gaze_outside_screen,0.7516742373179737
1787908937232,549,2143,3016.359440102989,37.63840828889981,3018.0761775668866,66.77664615064678,-1,-1,off_screen,0.0,5376,7,0.0,4.092095719594735e-05,42.899953654690265,39.49057038890357,0.19750000501517206,0.31990000570658594,11.219500011065975,0.13810000382363796,11.692300002323464,0,True,gaze_outside_screen,0.7516742373179737
1787908937248,550,2144,3007.371607497609,36.59618699752411,3014.864806546103,57.722508404709984,-1,-1,off_screen,0.0,5391,7,0.0,4.357585812637607e-05,44.87009188234566,39.49769018834166,0.12490000517573208,0.2660999889485538,10.863300005439669,0.11430001177359372,11.253999997279607,0,True,gaze_outside_screen,0.7516742373179737
1787908937280,551,2145,3017.7929439975774,27.626296423828162,3015.743247781545,48.693644810445434,-1,-1,off_screen,0.0,5424,7,0.0,3.278265864254705e-05,43.52982471511401,39.49272335157244,0.12319999223109335,0.2499000111129135,11.239799991017208,0.12430000060703605,11.62309999926947,0,True,gaze_outside_screen,0.7516742373179737
1787908937296,552,2146,3020.4001871524147,26.544330653283787,3017.1403295928058,42.04885056329694,-1,-1,off_screen,0.0,5440,7,0.0,2.8498219720611562e-05,45.34853884052241,39.499402900077044,0.11550000635907054,0.25260000256821513,11.112299995147623,0.1779000012902543,11.552500000107102,0,True,gaze_outside_screen,0.7516742373179737
1787908937328,553,2147,3014.024233809285,20.8397584975512,3016.2055008577495,35.68612294357321,-1,-1,off_screen,0.0,5472,7,0.0,2.833718180804065e-05,43.9391147028533,39.49472752378222,0.1368000084767118,0.28809999639634043,10.771000001113862,0.23530000180471689,11.308000001008622,0,True,gaze_outside_screen,0.7516742373179737
1787908937344,554,2148,3012.72083508078,16.749830688227917,3015.1601011246585,30.00523526696962,-1,-1,off_screen,0.0,5488,7,0.0,2.981708020016738e-05,45.851804982798555,39.50206753785225,0.10889999975915998,0.24170000688172877,10.310400000889786,0.10540000221226364,10.6653999973787,0,True,gaze_outside_screen,0.7516742373179737
1787908937376,555,2149,3010.157574720975,11.880062061031305,3013.6593432035534,24.567683305188122,-1,-1,off_screen,0.0,5519,7,0.0,3.7124030834249575e-05,44.38968233311658,39.49689418589837,0.12169999536126852,0.2508999896235764,10.708700006944127,0.11799999629147351,11.086600003181957,0,True,gaze_outside_screen,0.7516742373179737
1787908937408,556,2150,3008.6665085630725,3.0884024057104495,3012.161492811409,18.12389903534482,-1,-1,off_screen,0.0,5552,7,0.0,3.936142259642998e-05,43.0649020291787,39.49185430635103,0.18029999046120793,0.3166999958921224,10.777399991638958,0.1311999949393794,11.24089999939315,0,True,gaze_outside_screen,0.7516742373179737
1787908937424,557,2151,3006.1318057397298,-3.8517889067952895,3010.3525866899054,11.531192652702787,-1,-1,off_screen,0.0,5568,7,0.0,4.7612752672506614e-05,44.955043335528686,39.49882292222736,0.16830000095069408,0.3530999965732917,10.347200004616752,0.10259999544359744,10.815200002980419,0,True,gaze_outside_screen,0.7516742373179737
1787908937456,558,2152,3008.1365212063433,-15.641457995452562,3009.6877670448366,3.3793974582561814,-1,-1,off_screen,0.0,5600,7,0.0,7.066052352078245e-05,43.6078760498712,39.49447381834202,0.14050000754650682,0.25689999165479094,9.991700004320592,0.11150000500492752,10.369199997512624,0,True,gaze_outside_screen,0.7516742373179737
1787908937472,559,2153,3001.4819260737545,-15.347435678142284,3007.2260147535117,-2.238652482663358,-1,-1,off_screen,0.0,5615,7,0.0,8.902831212339625e-05,45.50494988498927,39.501288327276086,0.09610000415705144,0.2334000018890947,9.95330000296235,0.10980000661220402,10.304700001142919,0,True,gaze_outside_screen,0.7516742373179737
1787908937505,560,2154,3004.1319259237343,-29.56895603818043,3006.2977881045786,-10.43774354931848,-1,-1,off_screen,0.0,5649,7,0.0,0.00010793559834201133,44.035255042348155,39.4953947352081,0.15589999384246767,0.29319999157451093,10.875299994950183,0.1176999940071255,11.298500001430511,0,True,gaze_outside_screen,0.7516742373179737
1787908937536,561,2155,3008.9131035197984,-36.81655327446672,3007.0823827291447,-18.35138646686295,-1,-1,off_screen,0.0,5680,7,0.0,0.0001246615517456317,42.793964858606444,39.49121012891098,0.18509999790694565,0.34920001053251326,10.308800003258511,0.10659999679774046,10.776299997814931,0,True,gaze_outside_screen,0.7516742373179737
1787908937552,562,2156,3011.5741980608427,-35.384550269259854,3008.429927328654,-23.461335607582022,-1,-1,off_screen,0.0,5696,7,0.0,0.00013689197075068826,44.8562050208964,39.49832322290021,0.09760000102687627,0.23530000180471689,10.153800001717173,0.1016000023810193,10.49780000175815,0,True,gaze_outside_screen,0.7516742373179737
1787908937584,563,2157,3015.6940515489773,-37.113582399085836,3010.609164594751,-27.55700964503317,-1,-1,off_screen,0.0,5728,7,0.0,0.00015338495048499573,43.49201438396703,39.492447893246435,0.15900000289548188,0.312299991492182,11.437499997555278,0.13899999612476677,11.90310000674799,0,True,gaze_outside_screen,0.7516742373179737
1787908937600,564,2158,3010.7656130776977,-38.063976801561594,3010.6560991396345,-30.709099791991694,-1,-1,off_screen,0.0,5743,7,0.0,0.00016043132213293398,45.34667174298615,39.499741014949144,0.13270000636111945,0.40410000656265765,10.47800001106225,0.12409999908413738,11.016299991752021,0,True,gaze_outside_screen,0.7516742373179737
1787908937632,565,2159,3013.797342687634,-41.94247895138959,3011.5984722040344,-34.07911353981106,-1,-1,off_screen,0.0,5776,7,0.0,0.00017553147207946193,43.91462690618263,39.494868353459395,0.1416999875800684,0.24930000654421747,10.471000001416542,0.11559999256860465,10.845600001630373,0,True,gaze_outside_screen,0.7516742373179737
1787908937648,566,2160,3011.593118128505,-36.538022082141026,3011.5968659813752,-34.81678610251005,-1,-1,off_screen,0.0,5792,7,0.0,0.00018463628841511315,45.830919597534475,39.50157281181545,0.09750000026542693,0.24169999232981354,10.64530000439845,0.13270000636111945,11.029599991161376,0,True,gaze_outside_screen,0.7516742373179737
1787908937680,567,2161,3027.947770119136,-36.47714967579502,3016.5021372227034,-35.31489517449554,-1,-1,off_screen,0.0,5824,7,0.0,0.00019346156712981427,44.374342044138665,39.49649582007927,0.13259999104775488,0.2969000051962212,10.970200004521757,0.11379999341443181,11.392600004910491,0,True,gaze_outside_screen,0.7516742373179737
1787908937712,568,2162,3033.438154423268,-39.13691386442552,3021.5829423828727,-36.461500781474534,-1,-1,off_screen,0.0,5855,7,0.0,0.00020643445967188055,43.076368982156865,39.491751460898975,0.13689999468624592,0.26339999749325216,11.046599989640526,0.11510000331327319,11.434800006099977,0,True,gaze_outside_screen,0.7516742373179737
1787908937728,569,2163,3039.148180657369,-37.050226481436724,3026.852513865221,-36.63811849146319,-1,-1,off_screen,0.0,5871,7,0.0,0.00021409128548676923,44.8594966570495,39.498227952083255,0.11860000086016953,0.26050000451505184,10.968400005367585,0.119399992399849,11.357499999576248,0,True,gaze_outside_screen,0.7516742373179737
1787908937760,570,2164,3042.8544360744454,-32.990056447144354,3031.6530905279888,-35.54369987816754,-1,-1,off_screen,0.0,5904,7,0.0,0.00023155305075915796,43.516945696259356,39.49372288520292,0.14260000898502767,0.33070000063162297,10.615599996526726,0.15069999790284783,11.112199994386174,0,True,gaze_outside_screen,0.7516742373179737
1787908937776,571,2165,3045.8955409964706,-30.571009082390677,3035.9258256685334,-34.05189263943448,-1,-1,off_screen,0.0,5920,7,0.0,0.00023815105013544682,45.41435282151856,39.50058085559233,0.14319999900180846,0.2702000056160614,10.530699990340509,0.10279999696649611,10.912600002484396,0,True,gaze_outside_screen,0.7516742373179737
1787908937808,572,2166,3061.7866650426768,-32.30949210089002,3043.684077480776,-33.529172477871136,-1,-1,off_screen,0.0,5952,7,0.0,0.00024305190612065528,44.01393673720238,39.495699579317886,0.1412999990861863,0.2562999870860949,10.782700002891943,0.11979999544564635,11.169000004883856,0,True,gaze_outside_screen,0.7516742373179737
1787908937824,573,2167,3063.982152431234,-25.667945933622967,3049.7734999659133,-31.170804514596682,-1,-1,off_screen,0.0,5967,7,0.0,0.00025083672137372545,45.774693897402585,39.502040233896565,0.12260000221431255,0.27189998945686966,11.01580000249669,0.15600000915583223,11.453599989181384,0,True,gaze_outside_screen,0.7516742373179737
1787908937856,574,2168,3071.7728256533223,-20.577553713409735,3056.373297672136,-27.992829274240595,-1,-1,off_screen,0.0,6000,7,0.0,0.00025747111453682317,44.31921958801573,39.49747731270305,0.15469999925699085,0.3406000032555312,10.60900000447873,0.11500000255182385,11.077799994382076,0,True,gaze_outside_screen,0.7516742373179737
1787908937888,575,2169,3070.9967262201562,-11.378560202965915,3060.760326236542,-23.008548552858187,-1,-1,off_screen,0.0,6032,7,0.0,0.00027015388153077066,43.05017306262528,39.49271104663121,0.11530000483617187,0.24689998826943338,11.034700000891462,0.11700000322889537,11.406699995859526,0,True,gaze_outside_screen,0.7516742373179737
1787908937904,576,2170,3070.969214896195,-8.461629573693951,3063.8229928344376,-18.644472859108916,-1,-1,off_screen,0.0,6048,7,0.0,0.0002698544223633456,44.99281288287435,39.49994086931602,0.10340000153519213,0.228899996727705,10.322400004952215,0.10549998842179775,10.664699992048554,0,True,gaze_outside_screen,0.7516742373179737
1787908937937,577,2171,3069.980521690949,-7.229867979782345,3065.670251491391,-15.220091395310945,-1,-1,off_screen,0.0,6081,7,0.0,0.0002737773412260034,43.559849927634794,39.49391353132241,0.16630000027362257,0.29290000384207815,11.302799990517087,0.14740000187885016,11.756899999454618,0,True,gaze_outside_screen,0.7516742373179737
1787908937953,578,2172,3066.223939648409,-4.487703484974142,3065.8363579384963,-12.000375022209903,-1,-1,off_screen,0.0,6097,7,0.0,0.00027689003681746933,45.44723135736892,39.50089110973933,0.17410000145900995,0.29129999165888876,10.920300002908334,0.12270000297576189,11.345599996275268,0,True,gaze_outside_screen,0.7516742373179737
1787908937984,579,2173,3068.775816837233,2.1730167839455805,3066.718195608117,-7.748357480363257,-1,-1,off_screen,0.0,6128,7,0.0,0.00028868604770077716,44.05102369746857,39.4962480936256,0.17249998927582055,0.27910000062547624,10.949799994705245,0.1264000020455569,11.367300001438707,0,True,gaze_outside_screen,0.7516742373179737
1787908938016,580,2174,3066.0742996387035,5.599481335940465,3066.525026817293,-3.744005835472141,-1,-1,off_screen,0.0,6160,7,0.0,0.0003479031095192549,42.80235745782349,39.49109500694026,0.1627000019652769,0.31350000062957406,11.716100008925423,0.14220000593923032,12.18759999028407,0,True,gaze_outside_screen,0.7516742373179737
1787908938032,581,2175,3068.845156502837,1.4118309153584196,3067.221065722956,-2.1972548102229723,-1,-1,off_screen,0.0,6176,7,0.0,0.0003740362362754518,44.650924635431046,39.498128892823246,0.14689999807160348,0.3066000062972307,10.935999991488643,0.13070000568404794,11.385099991457537,0,True,gaze_outside_screen,0.7516742373179737
1787908938064,582,2176,3078.1157109701403,-10.307756771582527,3070.4894592971114,-4.630405398630838,-1,-1,off_screen,0.0,6207,7,0.0,0.00042327795656995314,43.31369612215189,39.49308333456966,0.13840000610798597,0.2908000024035573,11.318999997456558,0.148899998748675,11.770400000386871,0,True,gaze_outside_screen,0.7516742373179737
1787908938080,583,2177,3081.1683523682127,-22.809117048639727,3073.693127218442,-10.084018893633505,-1,-1,off_screen,0.0,6223,7,0.0,0.0004388070554218297,45.3076772536053,39.500419380323635,0.11839999933727086,0.2530000056140125,10.626500006765127,0.15470001380890608,11.044400001992472,0,True,gaze_outside_screen,0.7516742373179737
1787908938112,584,2178,3081.8868900376024,-44.71298994792529,3076.15125606419,-20.47271020992104,-1,-1,off_screen,0.0,6256,7,0.0,0.0005086310618871107,43.89627517306626,39.49558287059619,0.13740001304540783,0.2716000017244369,10.646399998222478,0.12419999984558672,11.054699993110262,0,True,gaze_outside_screen,0.7516742373179737
1787908938144,585,2179,3080.5409831229153,-19.183249437105342,3077.4681741818076,-20.08587197807633,-1,-1,off_screen,0.0,6288,7,0.0,0.0005161506794114472,42.65145008497144,39.49086849966095,0.11309998808428645,0.28079999901819974,10.751099995104596,0.11989999620709568,11.161700007505715,0,True,gaze_outside_screen,0.7516742373179737
1787908938160,586,2180,3054.1946718305426,9.562697549589833,3070.4861234764276,-11.191301119776481,-1,-1,off_screen,0.0,6304,7,0.0,0.0006138844296086961,44.58808622624095,39.497920122874476,0.11189999349880964,0.24349999148398638,10.151800001040101,0.10099999781232327,10.504100006073713,0,True,gaze_outside_screen,0.7516742373179737
1787908938192,587,2181,3034.5241081787426,17.847948432554254,3059.697518887122,-2.4795262540772605,-1,-1,off_screen,0.0,6335,7,0.0,0.0007063951824751134,43.22419883761622,39.49259508229458,0.15069999790284783,0.3419999993639067,10.463400001754053,0.1373999984934926,10.956500002066605,0,True,gaze_outside_screen,0.7516742373179737
1787908938208,588,2182,3024.0871922031743,-22.534502811052338,3049.0144208819374,-8.496019221169783,-1,-1,off_screen,0.0,6351,7,0.0,0.0007410832252902552,45.11886724528763,39.49947675050168,0.18730000010691583,0.26539999817032367,10.18899999326095,0.10239999392069876,10.567100005573593,0,True,gaze_outside_screen,0.7516742373179737
1787908938240,589,2183,2980.1988002801436,-61.043602502752314,3028.3697347013995,-24.26029420564454,-1,-1,off_screen,0.0,6384,7,0.0,0.0007613992303880969,43.75477250177405,39.4948175372612,0.17780000052880496,0.36750000435858965,10.14460000442341,0.11110000195913017,10.635300001013093,0,True,gaze_outside_screen,0.7516742373179737
1787908938256,590,2184,2990.2844985448173,-100.41400877829275,3016.9441638544245,-47.106408577439005,-1,-1,off_screen,0.0,6400,7,0.0,0.0007598031877389146,45.62980310226836,39.50088004668894,0.1049999991664663,0.2539999986765906,11.074599999119528,0.13120000949129462,11.469499993836507,0,True,gaze_outside_screen,0.7516742373179737
1787908938288,591,2185,3000.8927706978134,-158.03493481618142,3012.128745907441,-80.38496644906172,-1,-1,off_screen,0.0,6432,7,0.0,0.0007395136940218216,44.194628043186434,39.49617836153539,0.14019999071024358,0.29999999969732016,10.966500005451962,0.12090000382158905,11.398800008464605,0,True,gaze_outside_screen,0.7516742373179737
1787908938320,592,2186,3015.2468939907876,-222.99984369801888,3013.064190332445,-123.16942962374887,-1,-1,off_screen,0.0,6463,7,0.0,0.0007060274192255567,42.93751055962405,39.492252339115716,0.11470000026747584,0.2575999969849363,10.208599996985868,0.12159999459981918,10.59779999195598,0,True,gaze_outside_screen,0.7516742373179737
1787908938337,593,2187,3026.4347744568813,-231.600189715055,3017.075365569776,-155.6986576511407,-1,-1,off_screen,0.0,6480,7,0.0,0.0006880372498649021,44.64450359600636,39.49843924635384,0.1385000068694353,0.2911000046879053,10.16090001212433,0.11819999781437218,10.580399990431033,0,True,gaze_outside_screen,0.7516742373179737
1787908938368,594,2188,3026.1712913838237,-245.0676751192758,3019.80414331399,-182.50936289158122,-1,-1,off_screen,0.0,6512,7,0.0,0.0006372225645992716,43.3437491930903,39.49308688044153,0.16310000501107424,0.27460001001600176,11.384800003725104,0.12489999062381685,11.796799997682683,0,True,gaze_outside_screen,0.7516742373179737
1787908938384,595,2189,3027.449018841732,-251.38725604306336,3022.0976059723125,-203.17273083702585,-1,-1,off_screen,0.0,6528,7,0.0,0.0006201822354035269,45.25855406709842,39.50048142316772,0.12060000153724104,0.2535999956307933,10.370300005888566,0.10730000212788582,10.739299992565066,0,True,gaze_outside_screen,0.7516742373179737
1787908938416,596,2190,3042.1211224250474,-243.95932706531917,3028.104660908133,-215.40870970551384,-1,-1,off_screen,0.0,6559,7,0.0,0.0006106255248684925,43.86912702203659,39.49578590424207,0.13089999265503138,0.24420001136604697,10.406300003523938,0.10429999383632094,10.763300000689924,0,True,gaze_outside_screen,0.7516742373179737
1787908938432,597,2191,3035.316660919654,-240.52885061341846,3030.268260911589,-222.94475197788523,-1,-1,off_screen,0.0,6575,7,0.0,0.000599639660215083,45.71247219159862,39.50113851710843,0.10719998681452125,0.25630000163801014,12.09660001040902,0.15279999934136868,12.514800007920712,0,True,gaze_outside_screen,0.7516742373179737
1787908938464,598,2192,3039.7462077373007,-234.41512986047235,3033.111644959303,-226.38586534266136,-1,-1,off_screen,0.0,6608,7,0.0,0.0005880778652798332,44.26276201724579,39.497456134990856,0.1272999943466857,0.27740000223275274,10.548699996434152,0.13079999189358205,10.968700007651933,0,True,gaze_outside_screen,0.7516742373179737
1787908938496,599,2193,3028.9642935810357,-224.87308702395816,3031.8674395458224,-225.93203184705038,-1,-1,off_screen,0.0,6640,7,0.0,0.00057514151702724,42.97951896769335,39.49281187963369,0.10580000525806099,0.2437999937683344,10.645199989085086,0.10260000999551266,10.99949999479577,0,True,gaze_outside_screen,0.7516742373179737
1787908938512,600,2194,3026.6232329549057,-224.44652388727877,3030.294177568547,-225.4863794591189,-1,-1,off_screen,0.0,6656,7,0.0,0.0005719473910753455,44.896337095135145,39.49981183038552,0.10369998926762491,0.24589999520685524,10.023399998317473,0.10779999138321728,10.384799999883398,0,True,gaze_outside_screen,0.7516742373179737
1787908938544,601,2195,3023.540063336193,-222.50877885014563,3028.2679432988407,-224.59309927642687,-1,-1,off_screen,0.0,6687,7,0.0,0.0005699767568219348,43.50995155433734,39.49439814875193,0.15650001296307892,0.2975999959744513,10.648900002706796,0.1357000001007691,11.094599991338328,0,True,gaze_outside_screen,0.7516742373179737
1787908938560,602,2196,3022.6942307884638,-220.25972713174588,3026.5958295457276,-223.29308763302254,-1,-1,off_screen,0.0,6703,7,0.0,0.0005703765697072684,45.49476703517267,39.50148904964889,0.10790000669658184,0.24550000671297312,10.283399999025278,0.11340000492054969,10.649899995769374,0,True,gaze_outside_screen,0.7516742373179737
1787908938592,603,2197,3010.9377512450114,-231.92817946463083,3021.8984060555126,-225.88361518250503,-1,-1,off_screen,0.0,6736,7,0.0,0.0005511826447980196,44.06608700863014,39.49671555597255,0.11280000035185367,0.24459999985992908,10.283600000548176,0.10879999899771065,10.644199996022508,0,True,gaze_outside_screen,0.7516742373179737
1787908938624,604,2198,3004.797920809693,-254.9840670552519,3016.7682604817664,-234.61375074432908,-1,-1,off_screen,0.0,6768,7,0.0,0.0005195095159280586,42.74507904440837,39.49016969212066,0.19029999384656549,0.3387999895494431,12.29129999410361,0.13339999713934958,12.778700009221211,0,True,gaze_outside_screen,0.7516742373179737
1787908938640,605,2199,3005.279600561486,-286.5395019167105,3013.321662505682,-250.19147609604352,-1,-1,off_screen,0.0,6784,7,0.0,0.0004935242642304608,44.78884801513043,39.498124224381705,0.14460000966209918,0.2525999880162999,10.656800004653633,0.13980000221636146,11.06019999133423,0,True,gaze_outside_screen,0.7516742373179737
1787908938673,606,2200,3001.8210184404543,-344.0052370886325,3009.8714692861136,-278.3356043938202,-1,-1,off_screen,0.0,6817,7,0.0,0.0005051963957119765,43.40931606872962,39.49287848169228,0.1740000006975606,0.3141000051982701,11.065700004110113,0.10639999527484179,11.511099990457296,0,True,gaze_outside_screen,0.7516742373179737
1787908938688,607,2201,3005.1677328035485,-367.7984592549857,3008.460348341344,-305.17446085216983,-1,-1,off_screen,0.0,6832,7,0.0,0.0005344187709896871,45.50711989534477,39.50048820432349,0.11690000246744603,0.25850000383798033,10.187399995629676,0.10999999358318746,10.564700001850724,0,True,gaze_outside_screen,0.7516742373179737
1787908938720,608,2202,3010.899906212043,-339.67756190130416,3009.1922157025533,-315.52539116691014,-1,-1,off_screen,0.0,6864,7,0.0,0.0005194655754196635,44.05962718552874,39.49530913837054,0.17729999672155827,0.2964000013889745,10.530600004130974,0.12630000128410757,10.966400004690513,0,True,gaze_outside_screen,0.7516742373179737
1787908938736,609,2203,3013.7221182617936,-344.1839022130038,3010.5511864703253,-324.1229444807382,-1,-1,off_screen,0.0,6880,7,0.0,0.0005214565678517396,45.83184314239646,39.50160535832857,0.16009999671950936,0.26080000679939985,10.818900002050214,0.11959999392274767,11.20900000387337,0,True,gaze_outside_screen,0.7516742373179737
1787908938769,610,2204,3018.4927405358044,-351.9771854990974,3012.9336526899688,-332.47921678624596,-1,-1,off_screen,0.0,6913,7,0.0,0.0005268703723628962,44.360385369806544,39.49632855373358,0.1581999968038872,0.3173000004608184,11.406499994336627,0.10750000365078449,11.84240001020953,0,True,gaze_outside_screen,0.7516742373179737
1787908938800,611,2205,3016.874800911154,-326.1741087931562,3014.1159971563243,-330.587684388319,-1,-1,off_screen,0.0,6944,7,0.0,0.0005051050760074109,43.07784658667918,39.49203506905727,0.1573999907122925,0.3344000142533332,11.00600000063423,0.1657999964663759,11.519899999257177,0,True,gaze_outside_screen,0.7516742373179737
1787908938816,612,2206,3026.198263923128,-276.0742247151669,3017.7406771863652,-314.23364648637335,-1,-1,off_screen,0.0,6960,7,0.0,0.0004857538869454895,44.998418387516075,39.499014058241585,0.15859999984968454,0.2843999973265454,10.49930001317989,0.12199999764561653,10.916100000031292,0,True,gaze_outside_screen,0.7516742373179737
1787908938848,613,2207,3015.006973747726,-244.7216183084476,3016.920566154773,-293.3800380329956,-1,-1,off_screen,0.0,6992,7,0.0,0.00048046090514416995,43.65336962542653,39.49431118895937,0.1247000036528334,0.2741000062087551,10.769600005005486,0.1343000039923936,11.188899996341206,0,True,gaze_outside_screen,0.7516742373179737
1787908938864,614,2208,3008.448020311738,-230.23401353261076,3014.3788024018622,-274.43623068288014,-1,-1,off_screen,0.0,7008,7,0.0,0.0004901347579916553,45.56065330087899,39.50134235329044,0.10230000771116465,0.2597000129753724,10.218200011877343,0.12739999510813504,10.615499995765276,0,True,gaze_outside_screen,0.7516742373179737
1787908938896,615,2209,3000.410247462653,-206.4281667215236,3010.188235920099,-254.03381149447316,-1,-1,off_screen,0.0,7039,7,0.0,0.0004991469466928359,44.093600970023154,39.49550893510576,0.14399999054148793,0.30089999199844897,11.376800001016818,0.12769999739248306,11.817799997515976,0,True,gaze_outside_screen,0.7516742373179737
1787908938928,616,2210,2992.661751834474,-185.78469688250755,3004.9302906944113,-233.55907711088344,-1,-1,off_screen,0.0,7072,7,0.0,0.0005055248428057109,42.83585229184962,39.49169633655243,0.14459999511018395,0.2727999963099137,10.419799989904277,0.10699999984353781,10.809200000949204,0,True,gaze_outside_screen,0.7516742373179737
1787908938944,617,2211,2990.755394105044,-182.12688604505448,3000.677821717601,-218.12941979113472,-1,-1,off_screen,0.0,7088,7,0.0,0.0005085181236106281,44.7478236106548,39.4980338330745,0.0948999950196594,0.2651000104378909,10.602000009384938,0.13129999570082873,11.007300010533072,0,True,gaze_outside_screen,0.7516742373179737
1787908938976,618,2212,2991.2894413436998,-179.18528601410068,2997.8613076054307,-206.4461796580245,-1,-1,off_screen,0.0,7120,7,0.0,0.0005096915659254502,43.42116024779384,39.493141804359524,0.16530000721104443,0.3409000055398792,11.007499997504056,0.13470000703819096,11.49730000179261,0,True,gaze_outside_screen,0.7516742373179737
1787908938992,619,2213,2993.714639800315,-176.92052753327107,2996.617307263896,-197.58848402059846,-1,-1,off_screen,0.0,7136,7,0.0,0.0005085185802827328,45.223173203383205,39.499616502098476,0.11660000018309802,0.2958999975817278,10.907900010352023,0.1419000036548823,11.35729999805335,0,True,gaze_outside_screen,0.7516742373179737
1787908939024,620,2214,2998.619455289345,-169.22001979164244,2997.2179516715305,-189.07794475191164,-1,-1,off_screen,0.0,7167,7,0.0,0.000503868096525948,43.8409972511929,39.495082450157035,0.14670001110062003,0.2623000036692247,10.871399994357489,0.11909999011550099,11.262999993050471,0,True,gaze_outside_screen,0.7516742373179737
1787908939040,621,2215,2998.3810153807062,-164.60380700071545,2997.5668707842833,-181.7357034265528,-1,-1,off_screen,0.0,7184,7,0.0,0.0005036308111838368,45.77050714369557,39.50222495524263,0.15469999925699085,0.2750000130617991,10.194100002991036,0.12440000136848539,10.603399990941398,0,True,gaze_outside_screen,0.7516742373179737
1787908939072,622,2216,2996.633620435311,-160.91897625448166,2997.2868956795915,-175.49068527493145,-1,-1,off_screen,0.0,7216,7,0.0,0.0005024061740548334,44.289144136354324,39.49653946506905,0.14590000500902534,0.30920001154299825,11.21120000607334,0.1568000006955117,11.690699990140274,0,True,gaze_outside_screen,0.7516742373179737
1787908939104,623,2217,2997.000253428247,-153.1887471984088,2997.200903004188,-168.80010385197465,-1,-1,off_screen,0.0,7248,7,0.0,0.0004994131606262907,43.01857992743302,39.49237924357343,0.13169999874662608,0.2953999937744811,10.839800001122057,0.1134999911300838,11.26010000007227,0,True,gaze_outside_screen,0.7516742373179737
1787908939120,624,2218,2993.758913386762,-148.55816057882765,2996.1683061189606,-162.72752087003053,-1,-1,off_screen,0.0,7263,7,0.0,0.0004973967196062763,44.877278357370514,39.49903442313677,0.09549999958835542,0.24370000755880028,10.501199998543598,0.13210000179242343,10.886300005950034,0,True,gaze_outside_screen,0.7516742373179737
1787908939152,625,2219,2990.6024742468585,-136.8385628095401,2994.4985565573297,-154.9608334518834,-1,-1,off_screen,0.0,7296,7,0.0,0.0004949023576529647,43.533117211608314,39.4939708529029,0.14489999739453197,0.2894000062951818,11.156199994729832,0.13729999773204327,11.595199990551919,0,True,gaze_outside_screen,0.7516742373179737
1787908939168,626,2220,2986.9053471483685,-131.940188061168,2992.2205937346416,-148.05463983466876,-1,-1,off_screen,0.0,7312,7,0.0,0.0004927021872389147,45.338047681961186,39.50059117884288,0.13169999874662608,0.29379999614320695,10.840999995707534,0.10949998977594078,11.255999997956678,0,True,gaze_outside_screen,0.7516742373179737
1787908939200,627,2221,2984.3805836884158,-120.36888958254727,2989.8685907207737,-139.7489147590323,-1,-1,off_screen,0.0,7344,7,0.0,0.0004945068640396996,43.95570535012973,39.49650109370489,0.10520000068936497,0.2496999950380996,10.28750000114087,0.11639999866019934,10.663499997463077,0,True,gaze_outside_screen,0.7516742373179737
1787908939232,628,2222,2952.1931894663753,-119.17422292553334,2978.565970344454,-133.5765072089826,-1,-1,off_screen,0.0,7376,7,0.0,0.0004938064453717545,42.637408227583876,39.490985930980486,0.1320000010309741,0.3175000019837171,10.876200001803227,0.1360000023851171,11.342899990268052,0,True,gaze_outside_screen,0.7516742373179737
1787908939248,629,2223,2901.985178518096,-113.03898900324162,2955.5917327965462,-127.4152517472603,-1,-1,off_screen,0.0,7391,7,0.0,0.00048772262457249735,44.801807228467794,39.497553242073344,0.10380000458098948,0.27800000680144876,11.346799990860745,0.11449999874457717,11.748499993700534,0,True,gaze_outside_screen,0.7516742373179737
1787908939280,630,2224,2768.336296087222,-104.09990250960642,2899.4151017837485,-120.42064697596413,-1,-1,off_screen,0.0,7424,7,0.0,0.00047546711717455503,43.459157018714265,39.49347256094446,0.11449999874457717,0.2521999995224178,10.651000004145317,0.10080001084133983,11.012300004949793,0,True,gaze_outside_screen,0.7516742373179737
1787908939296,631,2225,2727.074206060972,-86.94738660684025,2847.712833066915,-110.37866886522696,-1,-1,off_screen,0.0,7440,7,0.0,0.00047493166945505004,45.29550687014337,39.49999314475825,0.10209999163635075,0.2496999950380996,10.482500001671724,0.115999995614402,10.857600005692802,0,True,gaze_outside_screen,0.7516742373179737
1787908939328,632,2226,2661.782953787078,-61.935386085239,2791.9338692829638,-95.84568403123056,-1,-1,off_screen,0.0,7472,7,0.0,0.0004692951910987425,43.87196102249408,39.494573570672735,0.12479998986236751,0.29830000130459666,11.273500000243075,0.12519999290816486,11.711400002241135,0,True,gaze_outside_screen,0.7516742373179737
1787908939345,633,2227,2637.7368349375683,-52.55162356228411,2745.674758979345,-82.85746589054662,-1,-1,off_screen,0.0,7489,7,0.0,0.0004640191354805274,45.60861363291062,39.50079172570732,0.19500000053085387,0.34520000917837024,11.338399999658577,0.1281000004382804,11.825499997939914,0,True,gaze_outside_screen,0.7516742373179737
1787908939376,634,2228,2619.9427993360437,-42.132902096812934,2707.9551710863543,-70.64009675242652,-1,-1,off_screen,0.0,7519,7,0.0,0.00046422906309146264,44.20022806719574,39.49653840495754,0.1531000016257167,0.28369999199640006,11.061099998187274,0.13749999925494194,11.494299993501045,0,True,gaze_outside_screen,0.7516742373179737
1787908939408,635,2229,2603.679139393672,-29.12202657797026,2676.6723615785495,-58.18467570008964,-1,-1,off_screen,0.0,7552,7,0.0,0.00046815420709660736,42.88956131326893,39.49151035995402,0.14019999071024358,0.33569999504834414,11.347199993906543,0.13980000221636146,11.837500002002344,0,True,gaze_outside_screen,0.7516742373179737
1787908939425,636,2230,2591.592027845279,-27.514998912007254,2651.1482614585684,-48.98377266366492,-1,-1,off_screen,0.0,7569,7,0.0,0.000468281325195179,44.84245176892824,39.49887651379776,0.13970000145491213,0.29150000773370266,10.192400004598312,0.1142999972216785,10.607500007608905,0,True,gaze_outside_screen,0.7516742373179737
1787908939456,637,2231,2577.546582724205,-23.091463059758983,2629.0677578382592,-41.21607978249314,-1,-1,off_screen,0.0,7600,7,0.0,0.00046850193436165366,43.49356306619094,39.49346926096998,0.19720000273082405,0.4381000035209581,11.18900001165457,0.12350000906735659,11.76379999378696,0,True,gaze_outside_screen,0.7516742373179737
1787908939472,638,2232,2574.2845259614496,-17.904153390356004,2612.632788275216,-34.222501864852,-1,-1,off_screen,0.0,7615,7,0.0,0.0004675885828135419,45.48733176172543,39.50100783671935,0.10689999908208847,0.3175999881932512,10.087000002386048,0.12009999772999436,10.533499997109175,0,True,gaze_outside_screen,0.7516742373179737
1787908939504,639,2233,2569.408346217661,-10.90516040682597,2599.665455657949,-27.227299427444187,-1,-1,off_screen,0.0,7648,7,0.0,0.000466687294800143,44.06244666710906,39.495951569451094,0.14119999832473695,0.3023000026587397,10.631700002704747,0.12910000805277377,11.074699999880977,0,True,gaze_outside_screen,0.7516742373179737
1787908939536,640,2234,2564.7282229885304,-6.243884446580106,2589.1842858571235,-20.932274933184964,-1,-1,off_screen,0.0,7680,7,0.0,0.0004653024019996739,42.80583805926574,39.49159182291029,0.15190000704023987,0.2648000081535429,10.490100001334213,0.1230000052601099,10.88829999207519,0,True,gaze_outside_screen,0.7516742373179737
1787908939552,641,2235,2557.8293234001285,-2.0019946265360025,2579.777797120025,-15.253190841190275,-1,-1,off_screen,0.0,7696,7,0.0,0.0004651491874782601,44.631751566636275,39.49758534207647,0.10980000661220402,0.2525000018067658,10.86149999173358,0.12379999679978937,11.246299996855669,0,True,gaze_outside_screen,0.7516742373179737
1787908939584,642,2236,2551.5756309003964,5.845773995535236,2571.317147254136,-8.923501390172621,-1,-1,off_screen,0.0,7728,7,0.0,0.0004654823594882739,43.306431811537706,39.492506944128195,0.18909999926108867,0.5252999981166795,11.278199992375448,0.15520000306423753,11.975300003541633,0,True,gaze_outside_screen,0.7516742373179737
1787908939601,643,2237,2543.5472379515727,7.730848146839392,2562.986174463367,-3.9271965290690174,-1,-1,off_screen,0.0,7745,7,0.0,0.0004650953110407162,45.08829543301227,39.49888692684184,0.18029999046120793,0.3350999904796481,11.317399999825284,0.12430000060703605,11.787199997343123,0,True,gaze_outside_screen,0.7516742373179737
1787908939632,644,2238,2528.542853629111,11.682395987598005,2552.65317821309,0.7556812259310894,-1,-1,off_screen,0.0,7776,7,0.0,0.00046580811582142695,43.73647998483795,39.49460668322302,0.15240001084748656,0.28929999098181725,11.155500003951602,0.11409999569877982,11.569299997063354,0,True,gaze_outside_screen,0.7516742373179737
1787908939648,645,2239,2524.868189802901,13.116779577225767,2544.317681690033,4.464010731319492,-1,-1,off_screen,0.0,7792,7,0.0,0.00046602830920571686,45.68850282333146,39.501915391245056,0.10620000830385834,0.24869998742360622,10.218600000371225,0.11589999485295266,10.591499987640418,0,True,gaze_outside_screen,0.7516742373179737
1787908939681,646,2240,2520.7506658911966,14.661176714564906,2537.247576950382,7.5231605262931165,-1,-1,off_screen,0.0,7825,7,0.0,0.00046327625766733396,44.18307769537937,39.49598865603189,0.1368000084767118,0.31040000612847507,11.327200001687743,0.12090000382158905,11.772899990319274,0,True,gaze_outside_screen,0.7516742373179737
1787908939712,647,2241,2515.4833231361354,18.47607073643155,2530.718300806108,10.809033589334646,-1,-1,off_screen,0.0,7855,7,0.0,0.0004631364756969604,42.955030697876325,39.49210773928875,0.13460000627674162,0.2843999973265454,10.898399996221997,0.12840000272262841,11.322299993480556,0,True,gaze_outside_screen,0.7516742373179737
1787908939728,648,2242,2517.6947502323865,18.07526024589429,2526.8112356339916,12.98890158630254,-1,-1,off_screen,0.0,7871,7,0.0,0.0004630838381825247,44.870630597690166,39.49856616064868,0.14859999646432698,0.2888000017264858,10.827699996298179,0.13359999866224825,11.261099993134849,0,True,gaze_outside_screen,0.7516742373179737
1787908939760,649,2243,2526.3567327092037,19.353571031700962,2526.674884756555,14.898302419922066,-1,-1,off_screen,0.0,7904,7,0.0,0.000458368063905798,43.498861450865625,39.49334298415316,0.15339998935814947,0.3149999974993989,11.50989999587182,0.14999999257270247,11.989200007519685,0,True,gaze_outside_screen,0.7516742373179737
1787908939776,650,2244,2531.4406474697175,19.29138560090354,2528.1046135705037,16.21622737421651,-1,-1,off_screen,0.0,7920,7,0.0,0.0004581679583117726,45.35006421553745,39.50000986092396,0.12660000356845558,0.4318999999668449,11.009699999704026,0.13939999917056412,11.59370000823401,0,True,gaze_outside_screen,0.7516742373179737
1787908939808,651,2245,2532.7909464179556,22.61110714149987,2529.510513424739,18.134691304401514,-1,-1,off_screen,0.0,7952,7,0.0,0.00045725860719472364,43.95994923155498,39.49597443570556,0.12310000602155924,0.2825999981723726,10.50970000505913,0.1154000055976212,10.91929999529384,0,True,gaze_outside_screen,0.7516742373179737
1787908939842,652,2246,2535.9235973528657,24.56796899322468,2531.434438603177,20.064674611048464,-1,-1,off_screen,0.0,7986,7,0.0,0.00045661853349321206,42.518879874846526,39.4896383057232,1.167800000985153,0.34610000147949904,11.0424000013154,0.11910000466741621,11.52090000687167,0,True,gaze_outside_screen,0.7516742373179737
1787908939856,653,2247,2535.9152888475273,25.89996701701217,2532.7786936764824,21.815262332837573,-1,-1,off_screen,0.0,8000,7,0.0,0.00045648142211129894,45.38904246744545,39.49757398412442,0.12909999350085855,0.2815000043483451,10.92459999199491,0.15390000771731138,11.370899999747053,0,True,gaze_outside_screen,0.7516742373179737
1787908939888,654,2248,2542.882074505543,27.10962147422592,2535.8097079252007,23.403570075254073,-1,-1,off_screen,0.0,8032,7,0.0,0.00045588869175287525,43.9689590560374,39.4929839422745,0.16540000797249377,0.3077000001212582,10.78530000813771,0.13439999020192772,11.240399995585904,0,True,gaze_outside_screen,0.7516742373179737
1787908939904,655,2249,2546.681967932554,27.955604441801597,2539.0713859274065,24.769180385218327,-1,-1,off_screen,0.0,8048,7,0.0,0.00045565007984031854,45.83713848751715,39.49978380059324,0.1109000004362315,0.28199999360367656,10.36980000208132,0.13519999629352242,10.79639999079518,0,True,gaze_outside_screen,0.7516742373179737
1787908939936,656,2250,2551.604968125799,32.21468066315355,2542.831460586924,27.002830468598894,-1,-1,off_screen,0.0,8080,7,0.0,0.0004558266197552188,44.37264433550598,39.49424248808669,0.1875000016298145,0.3176000027451664,11.554800003068522,0.16039999900385737,12.0461000042269,0,True,gaze_outside_screen,0.7516742373179737
1787908939952,657,2251,2553.102560743047,33.87220246230585,2545.912790633761,29.06364206671098,-1,-1,off_screen,0.0,8095,7,0.0,0.000455957614760678,46.16956066561113,39.501178070429006,0.15079999866429716,0.2998999989358708,10.887199998251162,0.12000001152046025,11.318099990603514,0,True,gaze_outside_screen,0.7516742373179737
1787908939984,658,2252,2556.5220512883116,39.53637953421527,2549.095568830126,32.205463306962265,-1,-1,off_screen,0.0,8128,7,0.0,0.0004558506372943187,44.66113908167629,39.495946902953406,0.15499998698942363,0.3197999903932214,11.551000003237277,0.13169999874662608,12.015500004054047,0,True,gaze_outside_screen,0.7516742373179737
1787908940016,659,2253,2562.4231555869123,44.26700918360496,2553.093844857162,35.823927069955076,-1,-1,off_screen,0.0,8160,7,0.0,0.000456985365471306,43.337613848453486,39.49154334699045,0.20370000856928527,0.2995999966515228,11.412599997129291,0.14800000644754618,11.874499992700294,0,True,gaze_outside_screen,0.7516742373179737
1787908940032,660,2254,2561.6911100364737,45.96125904437674,2555.6730244109553,38.86512666228157,-1,-1,off_screen,0.0,8176,7,0.0,0.0004568056039482779,45.180466568973785,39.49788577314907,0.14180000289343297,0.30529999639838934,11.410099992644973,0.1142999972216785,11.84099999954924,0,True,gaze_outside_screen,0.7516742373179737
1787908940064,661,2255,2558.2879043923162,47.01227480744753,2556.4574884053636,41.30927110583136,-1,-1,off_screen,0.0,8207,7,0.0,0.00045747643903751127,43.80828090217852,39.49380833149587,0.16950001008808613,0.29999999969732016,10.832300002221018,0.12199999764561653,11.26529999601189,0,True,gaze_outside_screen,0.7516742373179737
1787908940080,662,2256,2555.5268290618055,49.23507609628498,2556.178290602296,43.68701260296744,-1,-1,off_screen,0.0,8223,7,0.0,0.00045672864410487707,45.611477006394445,39.50056099988997,0.13719999697059393,0.25969999842345715,10.268400001223199,0.10850001126527786,10.649999996530823,0,True,gaze_outside_screen,0.7516742373179737
1787908940112,663,2257,2553.1239735100007,49.74767798514914,2555.261995474607,45.505212217621946,-1,-1,off_screen,0.0,8256,7,0.0,0.0004555721446494951,44.1921478534354,39.49540080957076,0.13109999417793006,0.30339999648276716,11.145299999043345,0.1382999907946214,11.602700004004873,0,True,gaze_outside_screen,0.7516742373179737
1787908940144,664,2258,2559.158652819189,50.10853498930449,2556.4309926779815,46.886209049126705,-1,-1,off_screen,0.0,8288,7,0.0,0.00045487927857254355,42.90790620111507,39.4914928468556,0.1303000026382506,0.27010000485461205,10.267200006637722,0.1323000033153221,10.681200001272373,0,True,gaze_outside_screen,0.7516742373179737
1787908940160,665,2259,2564.47133688485,50.64236894955249,2558.843095940042,48.01305701925444,-1,-1,off_screen,0.0,8304,7,0.0,0.000453026343118737,44.780177881605745,39.49777441580888,0.15249999705702066,0.265800001216121,10.295600004610606,0.10889999975915998,10.680299994419329,0,True,gaze_outside_screen,0.7516742373179737
1787908940192,666,2260,2561.459041970944,53.67808406385821,2559.6278797493123,49.71256513263556,-1,-1,off_screen,0.0,8335,7,0.0,0.0004497154723542181,43.43232486557589,39.49206252792787,0.13670000771526247,0.3031999949598685,11.874299991177395,0.13479999324772507,12.3269000032451,0,True,gaze_outside_screen,0.7516742373179737
1787908940208,667,2261,2561.621099088034,53.5822074304173,2560.2258455509286,50.87345782197008,-1,-1,off_screen,0.0,8351,7,0.0,0.00045021427193560337,45.364625955346554,39.499351019204745,0.19600000814534724,0.2886000002035871,10.726000007707626,0.12309999146964401,11.14909999887459,0,True,gaze_outside_screen,0.7516742373179737
1787908940240,668,2262,2564.1975324845994,54.050729547825675,2561.4173516310298,51.82663933972675,-1,-1,off_screen,0.0,8384,7,0.0,0.00044854999067578914,43.94641040646245,39.4948603174954,0.11809999705292284,0.26679999427869916,10.49559999955818,0.13390000094659626,10.908199998084456,0,True,gaze_outside_screen,0.7516742373179737
1787908940256,669,2263,2568.123827649762,53.945095191164185,2563.4292944366493,52.46217609515798,-1,-1,off_screen,0.0,8400,7,0.0,0.00044809715054315233,45.84967279063227,39.501108229516156,0.12110000534448773,0.2631000097608194,10.88539999909699,0.12830000196117908,11.286599998129532,0,True,gaze_outside_screen,0.7516742373179737
1787908940288,670,2264,2568.8256636972346,54.11624338236662,2565.0482052148245,52.958396281320574,-1,-1,off_screen,0.0,8432,7,0.0,0.0004472701654715146,44.34973509784309,39.49563619013804,0.155999994603917,0.3023000026587397,11.662799995974638,0.14960000407882035,12.128700007451698,0,True,gaze_outside_screen,0.7516742373179737
1787908940320,671,2265,2568.654543065756,55.75107464059064,2566.130106570104,53.79619978910159,-1,-1,off_screen,0.0,8463,7,0.0,0.0004458666027827643,43.04427982963124,39.492022260179496,0.10540000221226364,0.2691000117920339,10.346399998525158,0.11670000094454736,10.741899997810833,0,True,gaze_outside_screen,0.7516742373179737
1787908940336,672,2266,2570.473143213912,54.678332428479735,2567.4330175632463,54.06083958091503,-1,-1,off_screen,0.0,8480,7,0.0,0.0004455253039737459,45.16774375810756,39.49885649764287,0.10309999925084412,0.23689999943599105,10.217599992756732,0.11649999942164868,10.578400004305877,0,True,gaze_outside_screen,0.7516742373179737
1787908940368,673,2267,2580.7757553931083,54.16750820430028,2571.4358389122044,54.0928401679306,-1,-1,off_screen,0.0,8512,7,0.0,0.00044470255961476593,43.76438164992483,39.493346736011326,0.15320000238716602,0.30470000638160855,11.33220001065638,0.13300000864546746,11.783699999796227,0,True,gaze_outside_screen,0.7516742373179737
1787908940384,674,2268,2582.615255101218,53.87704974145185,2574.789663768908,54.02810303998697,-1,-1,off_screen,0.0,8528,7,0.0,0.0004442001247151675,45.632869482409276,39.500216990823596,0.1179000100819394,0.26640000578481704,10.710599992307834,0.11639999866019934,11.10319999861531,0,True,gaze_outside_screen,0.7516742373179737
1787908940416,675,2269,2582.1256046805,57.87194383139542,2576.990446042386,55.181255277409505,-1,-1,off_screen,0.0,8559,7,0.0,0.00044074242527580333,44.19080780278731,39.49597846778074,0.13919999764766544,0.24510000366717577,10.176699986914173,0.11490000179037452,10.545099998125806,0,True,gaze_outside_screen,0.7516742373179737
1787908940448,676,2270,2582.631113970249,60.66337409022253,2578.6826464207447,56.82589092125341,-1,-1,off_screen,0.0,8592,7,0.0,0.00044064074262371855,42.91607458694919,39.49108661297246,0.16039999900385737,0.308599992422387,10.688399997889064,0.1680000132182613,11.180600005900487,0,True,gaze_outside_screen,0.7516742373179737
1787908940464,677,2271,2581.4166581483987,64.9882551234703,2579.502849939041,59.27460018191847,-1,-1,off_screen,0.0,8608,7,0.0,0.00043968593326097066,44.71827520546081,39.49669948900188,0.19299999985378236,0.32610000926069915,11.447400000179186,0.13419998867902905,11.920499993721023,0,True,gaze_outside_screen,0.7516742373179737
1787908940496,678,2272,2580.9340844693074,72.49426331732245,2579.9322202981207,63.24049912253966,-1,-1,off_screen,0.0,8640,7,0.0,0.0004369210208092916,43.413189298185934,39.49285040608935,0.14319999900180846,0.2876999933505431,10.841800001799129,0.12620000052265823,11.267099995166063,0,True,gaze_outside_screen,0.7516742373179737
1787908940512,679,2273,2583.4307594160573,76.16132035224803,2580.9817820335015,67.11674549145216,-1,-1,off_screen,0.0,8656,7,0.0,0.0004347138468012799,45.28876540340218,39.49981157477478,0.09420000424142927,0.2334000018890947,10.014400002546608,0.10380000458098948,10.359799998695962,0,True,gaze_outside_screen,0.7516742373179737
1787908940544,680,2274,2585.0094152366996,86.82649421838384,2582.190071994461,73.02967010953166,-1,-1,off_screen,0.0,8687,7,0.0,0.0004230490139807315,43.86923524771611,39.494157236295585,0.14829999417997897,0.3124999930150807,11.268200003542006,0.16250000044237822,11.757700005546212,0,True,gaze_outside_screen,0.7516742373179737
1787908940561,681,2275,2587.868783336248,93.18542076690603,2583.893685396997,79.07639530674398,-1,-1,off_screen,0.0,8705,7,0.0,0.0004152744440575444,45.609462352339804,39.50123109884407,0.12850000348407775,0.24819999816827476,10.071800003061071,0.11280000035185367,10.441400008858182,0,True,gaze_outside_screen,0.7516742373179737
1787908940592,682,2276,2589.858329241319,94.73446679857621,2585.6830785502934,83.77381675429363,-1,-1,off_screen,0.0,8736,7,0.0,0.0004099216185531017,44.22512610186982,39.497085073469655,0.11639999866019934,0.26819999038707465,9.938300005160272,0.10989999282173812,10.325199997168966,0,True,gaze_outside_screen,0.7516742373179737
1787908940624,683,2277,2593.0428279055805,101.6515823639393,2587.8910033568795,89.13714643718733,-1,-1,off_screen,0.0,8768,7,0.0,0.00040414706714365575,42.90977643501659,39.49106311258799,0.12849998893216252,0.31570000282954425,11.777700012316927,0.1429999974789098,12.251000007381663,0,True,gaze_outside_screen,0.7516742373179737
1787908940640,684,2278,2594.560293310296,102.69645349823968,2589.891790342904,93.20493855550302,0,2,ai_agent,0.2324008863929936,0,2,0.2,0.0004030720690468715,44.80186707813707,39.49820516115954,0.12009999772999436,0.36160000308882445,10.416600009193644,0.1362000039080158,10.969400012982078,0,True,on_screen,0.7516742373179737
1787908940672,685,2279,2595.7044133477652,103.18916027549054,2591.635577244362,96.20020507149928,0,2,ai_agent,0.23388106040322576,31,2,0.2,0.0004033114338179832,43.45373728503288,39.493629081500096,0.19489999976940453,0.30339999648276716,10.584399991785176,0.142700009746477,11.044599988963455,0,True,on_screen,0.7516742373179737
1787908940688,686,2280,2596.3842944723388,103.63488911395163,2593.060192412755,98.43061028423497,0,2,ai_agent,0.2347622774350392,47,2,0.2,0.0004034343802862793,45.32301771191938,39.499594125209555,0.1311999949393794,0.27749998844228685,11.120800001663156,0.14579998969566077,11.555999997653998,0,True,on_screen,0.7516742373179737
1787908940720,687,2281,2598.0889673711304,102.21524140262255,2594.5688249002674,99.56599961975124,0,2,ai_agent,0.23405320626737136,79,2,0.2,0.0004036185070612208,43.91959771013586,39.49466375149042,0.18200000340584666,0.30559999868273735,11.650300002656877,0.15180000627879053,12.121399995521642,0,True,on_screen,0.7516742373179737
1787908940752,688,2282,2602.193203735227,96.8897452033247,2596.856138550755,98.76312329482327,0,2,ai_agent,0.229655680145876,111,2,0.2,0.00040380121720998835,42.671402281821415,39.49112736989347,0.1449999981559813,0.2707999956328422,10.383799992268905,0.13839999155607074,10.806199992657639,0,True,on_screen,0.7516742373179737
1787908940768,689,2283,2603.301076896687,97.14204413280831,2598.7896200545347,98.27679954621878,0,2,ai_agent,0.22618582778034846,127,2,0.2,0.0004057762469282383,44.64221501043601,39.49690793620631,0.11690000246744603,0.2553999947849661,11.257799997110851,0.11409999569877982,11.636600000201724,0,True,on_screen,0.7516742373179737
1787908940800,690,2284,2605.5343874302384,100.06595910307763,2600.8130502672457,98.81354741327642,0,2,ai_agent,0.2239075841205297,159,2,0.2,0.00041130914384360576,43.30035901268097,39.492707731176424,0.1728000061120838,0.3146999952150509,10.610799989080988,0.13939999917056412,11.078299998189323,0,True,on_screen,0.7516742373179737
1787908940816,691,2285,2603.554129029821,101.55508453681423,2601.6353738960183,99.63600855033775,0,2,ai_agent,0.22375896460805078,175,2,0.2,0.00041055353386696206,45.115320472996316,39.498794148487555,0.15269999857991934,0.3364000003784895,10.742399987066165,0.12110000534448773,11.210500000743195,0,True,on_screen,0.7516742373179737
1787908940848,692,2286,2598.7555163113534,102.51128789115977,2600.7714166206188,100.49859235258435,0,2,ai_agent,0.2261502238094879,207,2,0.2,0.0004126820496856108,43.759935653360884,39.49473517989732,0.1286999904550612,0.2756000030785799,10.368300005211495,0.1368000084767118,10.791499997139908,0,True,on_screen,0.7516742373179737
1787908940864,693,2287,2590.2314112977574,105.28832556600058,2597.60941502376,101.93551231660922,0,2,ai_agent,0.23267690606690372,223,2,0.2,0.0004132596622316003,45.58876323302297,39.50063644299292,0.13129999570082873,0.27969999064225703,10.911000004853122,0.142700009746477,11.343799997121096,0,True,on_screen,0.7516742373179737
1787908940896,694,2288,2578.250444978415,111.03077207173641,2591.8017240101562,104.66409024314737,0,2,ai_agent,0.24476759021032013,255,2,0.2,0.00041595580863405986,44.16561698586023,39.495989332462216,0.16589999722782522,0.33710000570863485,11.104999997769482,0.12889999197795987,11.58459999714978,0,True,on_screen,0.7516742373179737
1787908940928,695,2289,2566.481555959767,120.14539990258906,2584.205673595039,109.30848314097987,0,2,ai_agent,0.26196536714389873,287,2,0.2,0.0004162743638768153,42.90524236080614,39.492030488408716,0.10800000745803118,0.2531000063754618,10.652199998730794,0.11580000864341855,11.029400004190393,0,True,on_screen,0.7516742373179737
1787908940944,696,2290,2559.377465603181,128.1643187375395,2576.7572111974814,114.96523381994774,0,2,ai_agent,0.28026417706314466,303,2,0.2,0.000417306612215812,44.713952669843124,39.49845707815476,0.1137000072048977,0.2674999996088445,10.126900000614114,0.11750000703614205,10.520800002268516,0,True,on_screen,0.7516742373179737
1787908940976,697,2291,2551.9620940524783,135.35513755945348,2569.31867605398,121.08220494179946,0,2,ai_agent,0.29915018804928684,335,2,0.2,0.00041288674837083525,43.375026384265894,39.49356180041553,0.1638999965507537,0.3129999968223274,10.633300000336021,0.14400000509340316,11.104100005468354,0,True,on_screen,0.7516742373179737
1787908940992,698,2292,2547.2608368607935,139.856755079676,2562.7013242960243,126.71456998316242,0,2,ai_agent,0.3162011216685323,351,2,0.2,0.0004100451319956726,45.26099619503063,39.50009112078029,0.13329999637790024,0.2567999908933416,10.378299994044937,0.11969999468419701,10.763300000689924,0,True,on_screen,0.7516742373179737
1787908941024,699,2293,2538.918838026753,149.38352002538548,2555.5665784152425,133.51525499582934,0,2,ai_agent,0.33554174940393877,383,2,0.2,0.0004010178897970208,43.884244975354484,39.49582621871517,0.11549999180715531,0.25850000383798033,10.212900000624359,0.11530000483617187,10.595600004307926,0,True,on_screen,0.7516742373179737
1787908941056,700,2294,2533.9027156543025,151.93383665916363,2549.06741958696,139.0408294948296,0,2,ai_agent,0.35228004402235613,415,2,0.2,0.00039077840928851415,42.57926147445154,39.4905858342505,0.1897000038297847,0.31800000579096377,10.736399999586865,0.1235999952768907,11.190899997018278,0,True,on_screen,0.7516742373179737
1787908941072,701,2295,2529.0719058303193,154.20893108573503,2543.068765459968,143.59125997210123,0,2,ai_agent,0.36700546225656405,431,2,0.2,0.0003858472562254904,44.721335327006386,39.49751981563207,0.12499999138526618,0.24470000062137842,10.284999996656552,0.14679999731015414,10.686199995689094,0,True,on_screen,0.7516742373179737
1787908941104,702,2296,2527.18248498787,152.6630084242831,2538.302881318338,146.3127845077558,0,2,ai_agent,0.37752199235318673,463,2,0.2,0.0003820339751944672,43.36801290397057,39.49313818421058,0.12129999231547117,0.2592000091681257,10.011399994255044,0.11079999967478216,10.389900009613484,0,True,on_screen,0.7516742373179737
1787908941120,703,2297,2525.411429242381,153.31936319394998,2534.4354456955507,148.41475811361403,0,2,ai_agent,0.3859080717411608,479,2,0.2,0.000384747156518761,45.33972305390286,39.499557696954476,0.11239999730605632,0.2342000079806894,10.04599999578204,0.11910000466741621,10.40679999277927,0,True,on_screen,0.7516742373179737
1787908941153,704,2298,2502.1174568764854,153.48211400828717,2524.740049049831,149.93496488201595,0,2,ai_agent,0.40184966730053884,513,2,0.2,0.00039031796600242155,43.87704155024502,39.49381651863104,0.18300001102034003,0.3029999934369698,11.155000000144355,0.14940000255592167,11.621199999353848,0,True,on_screen,0.7516742373179737
1787908941168,705,2299,2497.6044900537145,153.96030027021078,2516.599381350996,151.1425654984744,0,2,ai_agent,0.4149857597783625,527,2,0.2,0.00039022207439213044,45.79363314165887,39.50086161447482,0.13150001177564263,0.26980000257026404,10.263999996823259,0.15329998859670013,10.696999990614131,0,True,on_screen,0.7516742373179737
1787908941200,706,2300,2493.9314894760123,155.66589652756466,2509.799013788501,152.49956480720147,0,2,ai_agent,0.4263265574400871,559,2,0.2,0.00038828396190257117,44.33265300821312,39.49618175986024,0.10680001287255436,0.2558999985922128,10.45210000302177,0.12629998673219234,10.844299991731532,0,True,on_screen,0.7516742373179737
1787908941232,707,2301,2486.934440584217,158.54584934604904,2502.9396418272154,154.31345016885572,0,2,ai_agent,0.43829201598088596,592,2,0.2,0.00038732258608044356,43.04343869134111,39.49124444098968,0.1593000051798299,0.3943999909097329,11.043000005884096,0.1897000038297847,11.640799988526851,0,True,on_screen,0.7516742373179737
1787908941248,708,2302,2481.4626131030727,160.88524286095253,2496.4965332099728,156.28498797648476,0,2,ai_agent,0.44982939441640446,607,2,0.2,0.0003879351201152674,45.01380148391985,39.4973211962855,0.10179998935200274,0.298099999781698,11.624599996139295,0.12409999908413738,12.057600004482083,0,True,on_screen,0.7516742373179737
1787908941280,709,2303,2484.660181762102,156.7837184454709,2492.9456277756117,156.4346071171806,0,2,ai_agent,0.45480842198903615,639,2,0.2,0.0003825449903442704,43.638007382473305,39.49350673416517,0.11530000483617187,0.2671999973244965,10.598499997286126,0.13839999155607074,11.01339999877382,0,True,on_screen,0.7516742373179737
1787908941297,710,2304,2486.687967845077,153.60953824452577,2491.068329796451,155.58708645538414,0,2,ai_agent,0.4560825075075028,656,2,0.2,0.0003827856254418095,45.37173044207452,39.49989647393114,0.18540000019129366,0.2868000010494143,10.078300008899532,0.12150000839028507,10.496800008695573,0,True,on_screen,0.7516742373179737
1787908941328,711,2305,2491.400187951435,145.87755359569798,2491.167887242946,152.67422659747828,0,2,ai_agent,0.451719873625425,687,2,0.2,0.000382542832488314,44.000857829062326,39.49518207527,0.16209999739658087,0.2857999934349209,10.767799991299398,0.1289999927394092,11.196200008271262,0,True,on_screen,0.7516742373179737
1787908941360,712,2306,2495.3672273513544,143.0002666445566,2492.4276892754683,149.77203861160177,0,2,ai_agent,0.445830589588618,719,2,0.2,0.0003809848273010896,42.75090419295971,39.49069829396255,0.11310000263620168,0.24110000231303275,11.028100008843467,0.12229999992996454,11.400199990021065,0,True,on_screen,0.7516742373179737
1787908941376,713,2307,2499.8389055774223,143.91070299658594,2494.6510541660546,148.01363792709702,0,2,ai_agent,0.4403464976783251,735,2,0.2,0.00038326378519233824,44.74026115592017,39.49754398724978,0.11020000965800136,0.24679998750798404,10.253300002659671,0.12549999519251287,10.634399994160049,0,True,on_screen,0.7516742373179737
1787908941408,714,2308,2503.056454617182,144.71919858370663,2497.172674301393,147.0253061240799,0,2,ai_agent,0.4355890178093116,767,2,0.2,0.0003840371280578979,43.37617128726293,39.49212071876167,0.16139999206643552,0.3152999997837469,11.353699999745004,0.13869999384041876,11.822000000393018,0,True,on_screen,0.7516742373179737
1787908941424,715,2309,2508.013106667743,145.87081251619546,2500.424804011298,146.67895804171454,0,2,ai_agent,0.43078056246143404,783,2,0.2,0.0003843230954001971,45.31854109474839,39.49932982861347,0.09480000881012529,0.23659999715164304,10.165200001210906,0.13889999536331743,10.5489999987185,0,True,on_screen,0.7516742373179737
1787908941456,716,2310,2514.794097533453,146.54707977064737,2504.7355920679443,146.63939456039438,0,2,ai_agent,0.4249584425526207,815,2,0.2,0.0003860677055263287,43.895018556881425,39.49439568712235,0.12480000441428274,0.2680000034160912,10.600900001008995,0.12190001143608242,11.000399987096898,0,True,on_screen,0.7516742373179737
1787908941472,717,2311,2517.470486113162,148.3843382174184,2508.5560602815094,147.16287765750158,0,2,ai_agent,0.4205352155896819,831,2,0.2,0.00038653326005273075,45.82886757648698,39.50110733859706,0.10879999899771065,0.23710000095888972,10.206599996308796,0.11219999578315765,10.563800009549595,0,True,on_screen,0.7516742373179737
1787908941505,718,2312,2519.1113715436377,149.30491295545627,2511.722653660148,147.805488246888,0,2,ai_agent,0.4171128351489569,865,2,0.2,0.0003985058784364004,44.29747788224134,39.49584361936314,0.24470000062137842,0.38109999150037766,10.373400000389665,0.1362999901175499,10.909499993431382,0,True,on_screen,0.7516742373179737
1787908941536,719,2313,2522.3263443810865,151.03387874790118,2514.9037608764293,148.77400539719193,0,2,ai_agent,0.4140745911410181,895,2,0.2,0.00040553892880824255,43.06923608346626,39.49170417081219,0.11949999316129833,0.2586999908089638,10.735700008808635,0.12700000661425292,11.131500010378659,0,True,on_screen,0.7516742373179737
1787908941552,720,2314,2525.1401447286153,149.06326593867036,2517.974676032085,148.86078355963545,0,2,ai_agent,0.4099195899975394,911,2,0.2,0.00040317450870445623,44.973685497505365,39.49836839989973,0.10619999375194311,0.23749998945277184,10.102900007041171,0.1196000084746629,10.467500003869645,0,True,on_screen,0.7516742373179737
1787908941584,721,2315,2528.4469723512207,150.2652096942234,2521.1163649278255,149.28211140001181,0,2,ai_agent,0.40609038721071244,944,2,0.2,0.00040154857374445456,43.600672549551845,39.493188265214066,0.12620000052265823,0.3009000065503642,10.979899991070852,0.17179999849759042,11.466299998573959,0,True,on_screen,0.7516742373179737
1787908941600,722,2316,2530.6221856765287,149.83654685425668,2523.9681111524364,149.44844203628526,0,2,ai_agent,0.4022864560881506,959,2,0.2,0.00040007114900446165,45.40849525567948,39.499473855416504,0.13080000644549727,0.2922999992733821,10.808699997141957,0.13179999950807542,11.241999993217178,0,True,on_screen,0.7516742373179737
1787908941632,723,2317,2533.1242287677487,150.52333874431469,2526.71494643703,149.77091104869407,0,2,ai_agent,0.3988144563277959,991,2,0.2,0.0004002091140664875,44.01222071048862,39.49546815072049,0.10969999129883945,0.24220001068897545,10.32830000622198,0.12820000119972974,10.707200010074303,0,True,on_screen,0.7516742373179737
1787908941664,724,2318,2535.796606970795,152.12372576062828,2529.4394445971593,150.47675546227433,0,2,ai_agent,0.3958583104293776,1023,2,0.2,0.0004004602324685809,42.747308958437316,39.49044918035254,0.17069999012164772,0.26720001187641174,11.165700008859858,0.15690000145696104,11.601300007896498,0,True,on_screen,0.7516742373179737
1787908941680,725,2319,2534.1852165150794,151.83194974599658,2530.8631761725355,150.883313747391,0,2,ai_agent,0.39434938988258916,1039,2,0.2,0.00040071775379483046,44.586019072703856,39.4969422136728,0.1365000061923638,0.29379999614320695,10.47429999744054,0.13390000094659626,10.912800004007295,0,True,on_screen,0.7516742373179737
1787908941712,726,2320,2534.8185058840404,152.3330073985175,2532.0497750859868,151.31822184272895,0,2,ai_agent,0.393211340584414,1071,2,0.2,0.00040082578427939365,43.27674572844361,39.49273186061964,0.11809999705292284,0.2769999991869554,10.319600012735464,0.13240000407677144,10.740500001702458,0,True,on_screen,0.7516742373179737
1787908941728,727,2321,2535.0165320192355,151.63137210636717,2532.9398021659613,151.41216692182041,0,2,ai_agent,0.39204551396058307,1087,2,0.2,0.0004012569889068132,45.147046899526444,39.49919983913491,0.10629999451339245,0.2552999940235168,9.92759999644477,0.11269999959040433,10.303600007318892,0,True,on_screen,0.7516742373179737
1787908941761,728,2322,2536.6869227218153,148.76673668662988,2534.0639383327175,150.61853785126326,0,2,ai_agent,0.38936508164301975,1120,2,0.2,0.0003983922235793712,43.643265839381165,39.49302830183742,0.1652000064495951,0.4160999960731715,11.037600008421578,0.12730000889860094,11.594699986744672,0,True,on_screen,0.7516742373179737
1787908941776,729,2323,2537.0127166276434,149.1504005044478,2534.9485718211954,150.1780966472186,0,2,ai_agent,0.38749866843387804,1135,2,0.2,0.00039870151126221616,46.012855299781926,39.500456986108595,0.1416000013705343,0.36269999691285193,10.469500004546717,0.16020001203287393,11.003399995388463,0,True,on_screen,0.7516742373179737
1787908941808,730,2324,2540.9005294535586,148.0178393758539,2536.7341591109043,149.53001946580918,0,2,ai_agent,0.3840473456782305,1167,2,0.2,0.0003978405556173195,44.536364705779974,39.49613247463805,0.15079999866429716,0.31859999580774456,10.309599994798191,0.12280000373721123,10.75940000009723,0,True,on_screen,0.7516742373179737
1787908941840,731,2325,2543.156056762727,147.4138479645712,2538.660728406451,148.89516801543778,0,2,ai_agent,0.3804044641541623,1199,2,0.2,0.0003973078917986362,43.192219646841664,39.49029977091684,0.15529998927377164,0.49220000801142305,11.959999988903292,0.146100006531924,12.613300001248717,0,True,on_screen,0.7516742373179737
1787908941856,732,2326,2544.565419887528,147.03014239849375,2540.432135850774,148.33566033035456,0,2,ai_agent,0.3770830166399213,1215,2,0.2,0.00039770383466014234,45.21660554170378,39.49784330313259,0.11760000779759139,0.26279999292455614,10.516700000152923,0.1336999994236976,10.922999994363636,0,True,on_screen,0.7516742373179737
1787908941888,733,2327,2546.7037108851323,146.94088510187675,2542.3136083610816,147.9172277618112,0,2,ai_agent,0.37378075272791067,1247,2,0.2,0.0003981256653934201,43.82357223970423,39.4932958882836,0.11220001033507288,0.2734000008786097,10.649999996530823,0.12630000128410757,11.061500001233071,0,True,on_screen,0.7516742373179737
1787908941904,734,2328,2547.49205149418,147.11731284742856,2543.867141301011,147.6772532874964,0,2,ai_agent,0.37118729942924256,1263,2,0.2,0.00039815948681414665,45.712380198409306,39.499292847280714,0.11890000314451754,0.2525000018067658,11.100000003352761,0.12499999138526618,11.486699993838556,0,True,on_screen,0.7516742373179737
1787908941936,735,2329,2548.49076270499,146.70574052246582,2545.2542277222046,147.38579945798722,0,2,ai_agent,0.3687677959389275,1296,2,0.2,0.00039727119610071145,44.2570961745399,39.49466774419173,0.16229999891947955,0.3404000017326325,11.07860000047367,0.1838000025600195,11.61570000112988,0,True,on_screen,0.7516742373179737
1787908941968,736,2330,2548.396136858002,145.87222359160413,2546.196800462944,146.93172669807228,0,2,ai_agent,0.3667901256267828,1327,2,0.2,0.0003960374402350586,42.965475414931724,39.4905780514583,0.11360000644344836,0.27880001289304346,10.723400002461858,0.12630000128410757,11.138000001665205,0,True,on_screen,0.7516742373179737
1787908941984,737,2331,2550.821600030147,144.12504039876174,2547.5842403331044,146.0897208082791,0,2,ai_agent,0.3636533367046343,1343,2,0.2,0.0003961997061688177,44.92682847491681,39.49714197596206,0.11549999180715531,0.2426999999443069,10.267699995893054,0.1382999907946214,10.671099997125566,0,True,on_screen,0.7516742373179737
1787908942016,738,2332,2556.5799904366636,141.14099169205355,2550.282965364172,144.60510207341144,0,2,ai_agent,0.3577485369490928,1375,2,0.2,0.0003951891974502877,43.57196164463854,39.492431751328986,0.12129999231547117,0.2525000018067658,10.745999999926426,0.15320000238716602,11.161999995238148,0,True,on_screen,0.7516742373179737
1787908942032,739,2333,2552.117225861196,139.6817364432291,2550.8332435132793,143.12809238435673,0,2,ai_agent,0.35502508422743695,1391,2,0.2,0.0003949536800853144,45.336327458563,39.498088160478545,0.10750000365078449,0.28289998590480536,11.242399996262975,0.15049999637994915,11.687799997162074,0,True,on_screen,0.7516742373179737
1787908942064,740,2334,2557.211381003829,135.73888489058183,2552.746684760444,140.91133013622425,0,2,ai_agent,0.34933086892911813,1423,2,0.2,0.00039360935339735614,43.90956804838906,39.49328183657792,0.2690999972401187,0.36199999158270657,11.488999996799976,0.14449999434873462,12.010200007352978,0,True,on_screen,0.7516742373179737
1787908942080,741,2335,2559.2030080262934,137.12174088770212,2554.683581740199,139.7744533616676,0,2,ai_agent,0.3450021606054944,1439,2,0.2,0.00038632629543110253,45.79654806257982,39.499665735557755,0.16850000247359276,0.28480000037234277,11.383500008378178,0.16540000797249377,11.846699999296106,0,True,on_screen,0.7516742373179737
1787908942113,742,2336,2567.405002378153,125.44737749864977,2558.500007931585,135.47633060276226,0,2,ai_agent,0.3338041723798517,1472,2,0.2,0.00034541054906604,44.25840379200247,39.494310453191005,0.16039999900385737,0.32980000833049417,11.795300000812858,0.16290000348817557,12.304000003496185,0,True,on_screen,0.7516742373179737
1787908942144,743,2337,2568.5681535010776,116.69553011628032,2561.520451602433,129.8420904568177,0,2,ai_agent,0.32202723470754857,1503,2,0.2,0.00029585465838199987,43.066067691387005,39.490714230845875,0.126199985970743,0.2899999963119626,11.649299995042384,0.1345999917248264,12.086700007785112,0,True,on_screen,0.7516742373179737
1787908942160,744,2338,2574.1942598682886,110.78971520451084,2565.3225940821894,124.12637788112562,0,2,ai_agent,0.30897745897342954,1519,2,0.2,0.00026668601052997135,44.93230042355942,39.49674871313168,0.10570000449661165,0.27550000231713057,11.688600003253669,0.18960000306833535,12.163399995188229,0,True,on_screen,0.7516742373179737
1787908942192,745,2339,2564.1194096924078,118.6180132461951,2564.961638765255,122.47386849064647,0,2,ai_agent,0.30732396044138865,1551,2,0.2,0.00023846837534577392,43.61077371292754,39.492875681090524,0.13000000035390258,0.2815000043483451,11.327100000926293,0.13980000221636146,11.76090000080876,0,True,on_screen,0.7516742373179737
1787908942208,746,2340,2573.9433178516656,117.94440239266548,2567.656142491178,121.11502866125215,0,2,ai_agent,0.301615171390204,1567,2,0.2,0.00018447297914422206,45.39386307284386,39.49886947062086,0.14269999519456178,0.2803999959724024,11.344300000928342,0.18000000272877514,11.815100006060675,0,True,on_screen,0.7516742373179737
1787908942240,747,2341,2533.2641358707797,134.64057437648543,2557.338540505058,125.17269237582212,0,2,ai_agent,0.32192825315192186,1599,2,0.2,0.00013545525767487236,44.00118908066059,39.4949825673665,0.1109000004362315,0.2607000060379505,10.791900000185706,0.12409999908413738,11.185900002601556,0,True,on_screen,0.7516742373179737
1787908942272,748,2342,2494.3733301320617,147.3361837530549,2538.448977393159,131.82173978899195,0,2,ai_agent,0.35780439396397945,1631,2,0.2,5.3387436181662196e-05,42.7099622253561,39.490263056822585,0.1630000042496249,0.4067999980179593,10.879699999350123,0.12669998977798969,11.426500001107343,0,True,on_screen,0.7516742373179737
1787908942288,749,2343,2428.184794809026,252.47388966523846,2505.3697226179193,168.0173847518659,0,2,ai_agent,0.4538629920230771,1648,2,0.2,-1.7925827884443524e-05,44.60594307435911,39.49582412320843,0.1320000010309741,0.2998999989358708,11.704999997164123,0.16199999663513154,12.180200006696396,0,True,on_screen,0.7516742373179737
1787908942320,750,2344,2383.2362455753555,354.7061386758381,2468.72967950515,224.02401092905757,0,2,ai_agent,0.5807102177935664,1679,2,0.2,-2.6141623232891e-05,43.286693576170194,39.49195427163753,0.11660000018309802,0.3743000124813989,10.975600001984276,0.11949999316129833,11.481199995614588,0,True,on_screen,0.7516742373179737
1787908942336,751,2345,2301.6643642368663,349.6343551140181,2418.610084924665,261.70711418454573,0,2,ai_agent,0.7036194267252436,1695,2,0.2,-2.7790073160664786e-05,45.28385511724541,39.49888703590589,0.12430000060703605,0.2784999960567802,10.151599999517202,0.1336999994236976,10.572400002274662,0,True,on_screen,0.7516742373179737
1787908942368,752,2346,2215.2586698864156,362.5583478852233,2357.6046604131902,291.962484294749,0,2,ai_agent,0.8299737145239228,1727,2,0.2,-1.1242658259689661e-05,43.88551680599456,39.493448344988415,0.17150001076515764,0.32449999707750976,11.605099993175827,0.17929999739862978,12.120699990191497,0,True,on_screen,0.7516742373179737
1787908942384,753,2347,2211.728738486091,365.926676332067,2313.8418838350603,314.1517419059444,0,2,ai_agent,0.9079515479505136,1743,2,0.2,-2.1439853754974536e-05,45.57503181365635,39.4995330732747,0.13410000246949494,0.3249000001233071,11.352200002875179,0.1466999965487048,11.833999989903532,0,True,on_screen,0.7516742373179737
1787908942416,754,2348,2205.165445930245,353.2619645559313,2281.2389524636155,325.8848087009404,0,2,ai_agent,0.9194968609811365,1775,2,0.2,-2.4566146371741288e-06,44.16712501197041,39.496103131621574,0.1252000074600801,0.2874000056181103,10.14299999224022,0.1230000052601099,10.562800001935102,0,True,on_screen,0.7516742373179737
1787908942448,755,2349,2226.5539754991464,440.3683160768314,2264.8334593742748,360.2298609137077,0,2,ai_agent,0.9231163611148923,1807,2,0.2,6.263977686585612e-05,42.8697976181645,39.490605617828194,0.12499999138526618,0.27049999334849417,11.672699998598546,0.15029999485705048,12.103700006264262,0,True,on_screen,0.7516742373179737
1787908942464,756,2350,2234.9712192940856,442.209478415731,2255.874787350218,384.8237461643146,0,2,ai_agent,0.8937051887513445,1823,2,0.2,8.270816720740842e-05,44.800949928732564,39.497215904282534,0.14089999604038894,0.2834000042639673,10.954999990644865,0.13559999933931977,11.385000005248003,0,True,on_screen,0.7516742373179737
1787908942496,757,2351,2253.5352481259606,433.146448601518,2255.1729255829405,399.3205568954756,0,2,ai_agent,0.8769396980596927,1855,2,0.2,7.645285221541051e-05,43.446050259996504,39.493083776648085,0.11999999696854502,0.28240001120138913,10.509200001251884,0.12989999959245324,10.933099998510443,0,True,on_screen,0.7516742373179737
1787908942512,758,2352,2277.199225896139,439.79795460216087,2261.7808156768997,411.46377620748115,0,2,ai_agent,0.8693344438516958,1871,2,0.2,4.654713772877031e-05,45.47903692943612,39.49978466907898,0.11680000170599669,0.2582000015536323,10.079700005007908,0.1238999975612387,10.470900000655092,0,True,on_screen,0.7516742373179737
1787908942545,759,2353,2331.1268211532015,460.1097476460247,2282.58461731979,426.0575676390442,0,2,ai_agent,0.8636877816913827,1904,2,0.2,-1.1142868471512163e-05,43.93533611667364,39.49388696313266,0.11959999392274767,0.31769998895470053,10.908600001130253,0.15749999147374183,11.396700007026084,0,True,on_screen,0.7516742373179737
1787908942560,760,2354,2378.397211729901,501.4493834416269,2311.328395642823,448.675112379819,0,2,ai_agent,0.8253409729753143,1919,2,0.2,1.536024981160268e-05,46.259704369248304,39.50111401867827,0.1343000039923936,0.28729999030474573,10.47340000513941,0.15379999240394682,10.926300004939549,0,True,on_screen,0.7516742373179737
1787908942592,761,2355,2411.8970311536664,531.7232400796034,2341.498986296076,473.58955068975433,0,2,ai_agent,0.765192352998225,1951,2,0.2,6.495080062188241e-06,44.778763841835996,39.49719477337813,0.09499999578110874,0.23079999664332718,10.010999991209246,0.11150000500492752,10.36160001240205,0,True,on_screen,0.7516742373179737
1787908942624,762,2356,2471.6370320058077,481.00376019793725,2380.5404000089957,475.81381354220923,0,2,ai_agent,0.7275000479655409,1983,2,0.2,-2.9271761402722973e-05,43.382523066466234,39.49132167227215,0.13439999020192772,0.4090000002179295,11.514799989527091,0.16680000408086926,12.100799998734146,0,True,on_screen,0.7516742373179737
1787908942643,763,2357,2470.3040211605066,480.71161184272586,2407.4694863544487,477.2831530323642,0,2,ai_agent,0.6929912449601812,2002,2,0.2,-3.869352488591188e-05,44.463972460084705,39.49640339584266,0.12119999155402184,0.32249999640043825,10.813300003064796,0.14259999443311244,11.292400013189763,0,True,on_screen,0.7516742373179737
1787908942672,764,2358,2461.2390183463813,362.61632001377546,2423.6003459520284,442.88310312678755,0,2,ai_agent,0.7143651667536025,2031,2,0.2,-2.8193280100570484e-05,43.42701868978853,39.494078840181295,0.14370000280905515,0.26309999520890415,10.400999992270954,0.12110000534448773,10.794699992402457,0,True,on_screen,0.7516742373179737
1787908942688,765,2359,2451.807407828549,338.10516073408826,2432.0624645149846,411.4497204089777,0,2,ai_agent,0.7290898297313106,2047,2,0.2,-2.299050205788536e-05,45.35390929695093,39.500263893241154,0.09670000872574747,0.2426999999443069,10.447199994814582,0.11389999417588115,10.812299995450303,0,True,on_screen,0.7516742373179737
1787908942720,766,2360,2448.713722211932,254.03433067380868,2437.0578418240684,364.225103488427,0,2,ai_agent,0.7386812614366103,2079,2,0.2,-3.535772498185902e-05,43.94408487701997,39.49494665504364,0.14189998910296708,0.2702999918255955,11.735599997336976,0.1610000035725534,12.178200006019324,0,True,on_screen,0.7516742373179737
1787908942752,767,2361,2472.135667883668,200.59712696256187,2447.581189641948,315.1367105306675,0,2,ai_agent,0.7047180233614203,2111,2,0.2,-5.668730055545003e-05,42.68352952421752,39.49135641425304,0.14170000213198364,0.3108999953838065,10.580300004221499,0.12029999925289303,11.022799997590482,0,True,on_screen,0.7516742373179737
1787908942768,768,2362,2473.880809135378,189.52102444992218,2455.471075489977,277.45200470644386,0,2,ai_agent,0.661381553706215,2127,2,0.2,-6.6721538322774e-05,44.66928082356024,39.49781831660286,0.09800000407267362,0.28310000197961926,10.164099992834963,0.11480000102892518,10.570300000836141,0,True,on_screen,0.7516742373179737
1787908942800,769,2363,2476.288461661047,185.26303304555216,2461.716291341298,249.79531320817634,0,2,ai_agent,0.6223177973270286,2159,2,0.2,-7.837145353237207e-05,43.331038724775645,39.49034024247358,0.1297999988310039,0.2604000037536025,14.77589999558404,0.20729999232571572,15.254800004186109,0,True,on_screen,0.7516742373179737
1787908942817,770,2364,2473.8726993576524,197.54474885602204,2465.363213746204,234.12014390253006,0,2,ai_agent,0.5982698706282022,2176,2,0.2,-7.498558517655962e-05,45.03763987451487,39.49829981373078,0.11409999569877982,0.29939999512862414,11.499200001708232,0.145800004247576,11.95719999668654,0,True,on_screen,0.7516742373179737
1787908942848,771,2365,2473.080420503518,216.20188772461077,2467.6783757733983,228.74466704915426,0,2,ai_agent,0.5881593438202358,2207,2,0.2,-7.162633041123308e-05,43.69873330940186,39.494130783904566,0.13240000407677144,0.2733000001171604,11.578899997402914,0.13529999705497175,11.998199988738634,0,True,on_screen,0.7516742373179737
1787908942864,772,2366,2467.161295423947,228.88277941537456,2467.523251668563,228.78610075902031,0,2,ai_agent,0.5884477610170051,2223,2,0.2,-2.8608638152186755e-05,45.521960868853775,39.500987992164255,0.1134999911300838,0.2477000089129433,10.386599999037571,0.1277999981539324,10.771600005682558,0,True,on_screen,0.7516742373179737
1787908942896,773,2367,2445.022514798113,313.52268092586394,2460.773030607428,254.2070748090734,0,2,ai_agent,0.6287467548083109,2255,2,0.2,-5.576413683303083e-06,44.10743311666793,39.49562495098867,0.1188000023830682,0.2744999947026372,11.902099999133497,0.16589999722782522,12.353399986750446,0,True,on_screen,0.7516742373179737
1787908942928,774,2368,2412.8023106419905,382.64926076576467,2446.381814617797,292.7397305960808,0,2,ai_agent,0.6908945602322603,2287,2,0.2,1.7221005466350886e-05,42.83127969204802,39.49196139958431,0.1607999874977395,0.2758000046014786,10.911100005614571,0.1328000071225688,11.332499998388812,0,True,on_screen,0.7516742373179737
1787908942944,775,2369,2402.090802684398,403.00191546202393,2433.094511037777,325.8183860558637,0,2,ai_agent,0.7378602477628561,2303,2,0.2,3.4189568712037974e-05,44.76361703948221,39.498187745953345,0.09870000940281898,0.23769999097567052,10.736800002632663,0.1260999997612089,11.109099999885075,0,True,on_screen,0.7516742373179737
1787908942976,776,2370,2407.2523735024474,424.34431961594584,2425.341869777178,355.3761661238883,0,2,ai_agent,0.7616380110232867,2335,2,0.2,2.9848937908923123e-05,43.39976638546264,39.49270273585039,0.13000000035390258,0.2834000042639673,12.20560001092963,0.13190000026952475,12.633699996513315,0,True,on_screen,0.7516742373179737
1787908942993,777,2371,2422.244482282617,449.1683474616053,2424.4126535288096,383.5138205252034,0,2,ai_agent,0.7591703892902025,2352,2,0.2,1.180585562700863e-05,45.17218446252839,39.499548944639635,0.17889999435283244,0.36750000435858965,10.675999990780838,0.12870000500697643,11.1870000109775,0,True,on_screen,0.7516742373179737
1787908943024,778,2372,2457.4966621871067,492.7632775231133,2434.337856126299,416.28865762457633,0,2,ai_agent,0.7213125609314318,2383,2,0.2,1.016885867337336e-06,43.804185481260035,39.495032170162574,0.19380000594537705,0.4163999983575195,11.04969999869354,0.13500000932253897,11.617500000284053,0,True,on_screen,0.7516742373179737
1787908943056,779,2373,2476.828950207915,541.212899404647,2447.0851843507835,453.7659301585975,0,2,ai_agent,0.6641938738229554,2415,2,0.2,1.4275484145731543e-05,42.59167225126857,39.49142927395849,0.17179999849759042,0.36270001146476716,10.35500000580214,0.12419999984558672,10.85209999291692,0,True,on_screen,0.7516742373179737
1787908943072,780,2374,2476.7765436482105,584.5759408578649,2455.9925921400113,493.00893336837765,0,2,ai_agent,0.6035351204030601,2431,2,0.2,1.7428522196504675e-05,44.482604349033174,39.49617172707852,0.1264000020455569,0.30080000578891486,12.224400008562952,0.15900000289548188,12.696199992205948,0,True,on_screen,0.7516742373179737
1787908943104,781,2375,2450.3313076996214,543.6762926024428,2454.294206807894,508.20914113859715,0,2,ai_agent,0.5856607838869077,2463,2,0.2,6.848171221435911e-05,43.14300402020923,39.492621743137036,0.1297999988310039,0.31259999377653,10.792200002470054,0.1331000094069168,11.251999996602535,0,True,on_screen,0.7516742373179737
1787908943120,782,2376,2474.9622478268593,556.8693158733109,2460.4946191135837,522.8071935590112,0,2,ai_agent,0.5567155688089858,2479,2,0.2,0.00015221770378086308,45.18501288960491,39.499136716110456,0.16429999959655106,0.2542000001994893,10.52749999507796,0.12709999282378703,10.917499996139668,0,True,on_screen,0.7516742373179737
1787908943152,783,2377,2510.587225071134,571.5106622161336,2475.522400900849,537.418234156148,0,2,ai_agent,0.5155937140724025,2511,2,0.2,0.0002537323384516378,43.78979379592354,39.49412259168322,0.12499999138526618,0.2730999985942617,11.434599990025163,0.13899999612476677,11.85720000648871,0,True,on_screen,0.7516742373179737
1787908943169,784,2378,2527.510195772121,576.5023695439091,2491.1187393622304,549.1434747724763,0,2,ai_agent,0.4777323405815155,2528,2,0.2,0.00022971755677181696,45.46338706065258,39.499936255281426,0.19160000374540687,0.2749999985098839,11.350699991453439,0.15549999079667032,11.793700003181584,0,True,on_screen,0.7516742373179737
1787908943200,785,2379,2572.307534304903,608.7153270632784,2515.475377845032,567.015030459717,0,2,ai_agent,0.41909326272712855,2559,2,0.2,0.0001272238680743963,44.084993814572215,39.49638191642258,0.10679999832063913,0.3037999995285645,10.510799998883158,0.1331999956164509,10.963799999444745,0,True,on_screen,0.7516742373179737
1787908943232,786,2380,2654.1202554820843,631.0943170580124,2557.068841136148,586.2388164392056,0,2,ai_agent,0.3336691081812162,2592,2,0.2,9.168806502113033e-05,42.813759177492635,39.4922026868822,0.10900000052060932,0.26029998844023794,10.356800004956312,0.14689999807160348,10.784500002046116,0,True,on_screen,0.7516742373179737
1787908943248,787,2381,2690.7219643623484,655.3077471473267,2597.164778104008,606.9594956516419,0,2,ai_agent,0.24755762728495578,2607,2,0.2,7.850060996406755e-05,44.814184881369165,39.49745573929091,0.12070000229869038,0.25129999266937375,11.732700004358776,0.1745000045048073,12.168400004156865,0,True,on_screen,0.7516742373179737
1787908943280,788,2382,2700.99883886641,700.25189122578,2628.3149963327287,634.9472143238833,1,2,second_file,0.1778195902193237,0,2,0.4,7.010585279713238e-05,43.43501335034214,39.493501447965976,0.12880000576842576,0.2773000014713034,10.865900010685436,0.13479999324772507,11.290499998722225,0,True,on_screen,0.7516742373179737
1787908943296,789,2383,2690.609837701298,709.4365873897798,2647.0034487432995,657.2940262436522,1,2,second_file,0.17518910199150284,16,2,0.4,7.029490115460259e-05,45.39843196982085,39.50016717206841,0.11510000331327319,0.24200000916607678,10.209100000793114,0.11400000948924571,10.572899991529994,0,True,on_screen,0.7516742373179737
1787908943328,790,2384,2679.77141670068,689.409250479388,2656.8338391305133,666.9285935143729,1,2,second_file,0.16993520605931955,48,2,0.4,9.0378938652734e-05,43.97701085159493,39.49502757768709,0.12969999806955457,0.2761000068858266,11.246200010646135,0.14350000128615648,11.67580000765156,0,True,on_screen,0.7516742373179737
1787908943360,791,2385,2673.5596417434804,647.5780164749117,2661.8515799144034,661.1234204025345,1,2,second_file,0.15542612765662622,79,2,0.4,9.916048631038871e-05,42.72503221284525,39.49091916662602,0.15500000154133886,0.32839999767020345,10.985000000800937,0.16120000509545207,11.488599993754178,0,True,on_screen,0.7516742373179737
1787908943376,792,2386,2678.5628365942466,624.981082549117,2666.8649569183563,650.2807190465091,1,2,second_file,0.13533783120811227,95,2,0.4,8.852748958075238e-05,44.6235019664274,39.497243003882126,0.11490000179037452,0.26169999910052866,10.526199999731034,0.13479999324772507,10.932199991657399,0,True,on_screen,0.7516742373179737
1787908943408,793,2387,2688.096964263767,583.1559244677039,2673.234559121979,630.1432806728675,1,2,second_file,0.10226689595483374,128,2,0.4,-3.411781569734318e-06,43.28283498245153,39.49255687734929,0.1742999884299934,0.28199999360367656,10.956800004350953,0.13630000466946512,11.38770001125522,0,True,on_screen,0.7516742373179737
1787908943425,794,2388,2683.300519792512,589.2818707033066,2676.254347323139,617.8848576819992,0,2,ai_agent,0.11106364800509916,0,3,0.6,-3.3320787663739665e-05,45.04487091750309,39.49788489157749,0.17420000222045928,0.3527999942889437,11.611699999775738,0.15330000314861536,12.132799995015375,0,True,on_screen,0.7516742373179737
1787908943457,795,2389,2715.0822782668447,598.5706054940285,2687.9027266062503,612.090582025608,0,2,ai_agent,0.09846746029177988,32,3,0.6,-5.308098306695472e-05,43.67430570993226,39.493577868134714,0.21890000789426267,0.3125000075669959,11.660499993013218,0.15049999637994915,12.137899990193546,0,True,on_screen,0.7516742373179737
1787908943472,796,2390,2698.710497978481,609.6283404926463,2691.1450580179194,611.3519095657194,0,2,ai_agent,0.09393102695389044,46,3,0.6,-5.5357794803825855e-05,45.57324603660477,39.499888441735614,0.18099999579135329,0.337499994202517,11.33510000363458,0.1466999965487048,11.832200005301274,0,True,on_screen,0.7516742373179737
1787908943504,797,2391,2734.7646431254257,617.4996876270662,2704.2309335501714,613.1962429841235,0,2,ai_agent,0.07035052148984122,78,3,0.6,-8.325904472482673e-05,44.141048390135836,39.49497662715402,0.17579999985173345,0.32130000181496143,12.190900000859983,0.1537000061944127,12.677899998379871,0,True,on_screen,0.7516742373179737
1787908943536,798,2392,2783.755183860001,642.8515496671441,2728.08820864312,622.0928349890297,0,2,ai_agent,0.0213837808060795,111,3,0.6,-9.300979804737972e-05,42.882124833110296,39.49137154063777,0.12499999138526618,0.308599992422387,11.368699997547083,0.14109999756328762,11.832600008347072,0,True,on_screen,0.7516742373179737
1787908943552,799,2393,2789.9360232558165,653.3401565117721,2746.642553026929,631.4670314458524,-1,-1,off_screen,0.0,0,8,0.8,-9.600601533313324e-05,44.735890309799565,39.49776653747378,0.11589999485295266,0.2595999976620078,10.674599994672462,0.11910000466741621,11.06229999277275,0,True,gaze_outside_screen,0.7516742373179737
1787908943584,800,2394,2795.937842389196,649.8938063999032,2761.431139835609,636.9950639320675,-1,-1,off_screen,0.0,32,8,0.8,-0.0001125433974605728,43.444460820047986,39.493860149886494,0.11280000035185367,0.2680000034160912,10.551500003202818,0.12110000534448773,10.950199997751042,0,True,gaze_outside_screen,0.7516742373179737
1787908943600,801,2395,2810.652584699948,640.929666310672,2776.1975732949104,638.1754446456489,-1,-1,off_screen,0.0,47,8,0.8,-0.00013127079687475993,45.22034033603742,39.49957055638383,0.10290001227986068,0.2406999992672354,10.744699990027584,0.16989999858196825,11.164700001245365,0,True,gaze_outside_screen,0.7516742373179737
1787908943632,802,2396,2853.780168794489,587.4139350367432,2799.472351944784,622.9469917629772,-1,-1,off_screen,0.0,79,8,0.8,-0.0001474427396427093,43.82627787608186,39.49468586804083,0.1770999951986596,0.3324999997857958,11.53879999765195,0.12909999350085855,12.014000007184222,0,True,gaze_outside_screen,0.7516742373179737
1787908943664,803,2397,2854.7694687935377,556.6346133160044,2816.06148699941,603.0532782288853,-1,-1,off_screen,0.0,111,8,0.8,-0.0001426909563351699,42.57790593777929,39.49122484637029,0.12399999832268804,0.2755999885266647,10.336699997424148,0.12510000669863075,10.747199994511902,0,True,gaze_outside_screen,0.7516742373179737
1787908943680,804,2398,2866.667689891595,519.6615642342908,2831.2433478670655,578.0357640305069,-1,-1,off_screen,0.0,128,8,0.8,-0.00015326158536204879,44.535271623202256,39.497227764032054,0.13299999409355223,0.25460000324528664,10.351399992941879,0.13530001160688698,10.750999994343147,0,True,gaze_outside_screen,0.7516742373179737
1787908943712,805,2399,2862.1842255056376,519.4276771870028,2840.525611158637,560.4533379774557,-1,-1,off_screen,0.0,159,8,0.8,-0.00017329769994426335,43.22581521521936,39.49252945797291,0.155999994603917,0.33939999411813915,11.012400005711243,0.12440000136848539,11.489199998322874,0,True,gaze_outside_screen,0.7516742373179737
1787908943728,806,2400,2866.909914213634,514.584143352852,2848.4409020751355,546.6925795900746,-1,-1,off_screen,0.0,175,8,0.8,-0.00018006001238496036,45.03199905480626,39.49897557349355,0.14819999341852963,0.2725000085774809,10.164199993596412,0.1311999949393794,10.576300002867356,0,True,gaze_outside_screen,0.7516742373179737
1787908943760,807,2401,2854.8008946270083,518.2737505711779,2850.348899840697,538.1669308844055,-1,-1,off_screen,0.0,207,8,0.8,-0.00017276166173342197,43.66999594514776,39.49445440288109,0.10639999527484179,0.25200001255143434,10.637600003974512,0.11719999019987881,11.016899996320717,0,True,gaze_outside_screen,0.7516742373179737
1787908943776,808,2402,2859.4096413604357,518.7734720208289,2853.0671222966184,532.3488932253324,-1,-1,off_screen,0.0,223,8,0.8,-0.0001700979202847626,45.49444842969261,39.49937986056176,0.14519999967887998,0.3036999987671152,12.162899991380982,0.1218999968841672,12.601700000232086,0,True,gaze_outside_screen,0.7516742373179737
1787908943808,809,2403,2863.951916064734,535.695993653463,2856.332560427053,533.3530233537715,-1,-1,off_screen,0.0,256,8,0.8,-0.00018388380946861814,44.08080249451965,39.49543706405105,0.1520000078016892,0.29039999935775995,11.678900002152659,0.12070000229869038,12.102199994842522,0,True,gaze_outside_screen,0.7516742373179737
1787908943840,810,2404,2871.2062119217917,503.30028967331737,2860.7946558754747,524.3372032496352,-1,-1,off_screen,0.0,287,8,0.8,-0.0001879728111791705,42.81703026201815,39.49188758351357,0.12569999671541154,0.2896999940276146,10.659499996108934,0.1289999927394092,11.088700004620478,0,True,gaze_outside_screen,0.7516742373179737
1787908943856,811,2405,2894.8575481553735,502.189284942938,2871.0135235594444,517.692827757626,-1,-1,off_screen,0.0,303,8,0.8,-0.0001889816755932111,44.634673385811965,39.497542450591844,0.11629999789875001,0.27990000671707094,10.852399995201267,0.15410000924021006,11.29650000075344,0,True,gaze_outside_screen,0.7516742373179737
1787908943888,812,2406,2900.6198981646126,549.3922846711976,2879.8954359409945,527.2026648316973,-1,-1,off_screen,0.0,335,8,0.8,-0.0001764954506904559,43.325879696320655,39.49362080438915,0.12909999350085855,0.2697000018088147,10.553200001595542,0.12840000272262841,10.964000000967644,0,True,gaze_outside_screen,0.7516742373179737
1787908943904,813,2407,2864.8496176726867,544.1580038883244,2875.381690460502,532.2892665486854,-1,-1,off_screen,0.0,351,8,0.8,-0.00017462796460232695,45.2336581601634,39.4998263189169,0.1142999972216785,0.25860000459942967,10.276799992425367,0.14069999451749027,10.685100001865067,0,True,gaze_outside_screen,0.7516742373179737
1787908943936,814,2408,2842.3454212765882,560.3003874132205,2865.4708097053276,540.6926028080459,-1,-1,off_screen,0.0,384,8,0.8,-0.0001266066016924576,43.82479064531784,39.495061477975504,0.14119999832473695,0.2843000111170113,10.830300001543947,0.12310000602155924,11.24839999829419,0,True,gaze_outside_screen,0.7516742373179737
1787908943968,815,2409,2826.108757954437,435.4359086322061,2853.6621941800604,509.1155945552939,-1,-1,off_screen,0.0,415,8,0.8,5.8904699209091915e-05,42.58037376355264,39.4907671315984,0.1621000119484961,0.3147000097669661,10.88020000315737,0.1260999997612089,11.334099996020086,0,True,gaze_outside_screen,0.7516742373179737
1787908943984,816,2410,2817.983921437113,456.17056222712114,2842.958712357176,493.23208485684205,-1,-1,off_screen,0.0,431,8,0.8,2.640464980674037e-05,44.619882863011256,39.49743347643841,0.1078000059351325,0.24330000451300293,10.111399999004789,0.11490000179037452,10.47709998965729,0,True,gaze_outside_screen,0.7516742373179737
1787908944016,817,2411,2850.22121733708,466.0138845319495,2845.137463851147,485.06662475937424,-1,-1,off_screen,0.0,463,8,0.8,-5.725746553828133e-05,43.28262116325724,39.49266338846091,0.12070000229869038,0.2525000018067658,10.784700003569014,0.11979999544564635,11.165299991262145,0,True,gaze_outside_screen,0.7516742373179737
1787908944032,818,2412,2868.9508511831114,481.79441407247566,2852.281480050736,484.08496155330465,-1,-1,off_screen,0.0,480,8,0.8,-8.26869773566611e-05,45.18811232719475,39.49830135360587,0.14139999984763563,0.24090000079013407,11.323700004140846,0.15360000543296337,11.727299992344342,0,True,gaze_outside_screen,0.7516742373179737
1787908944064,819,2413,2896.8165668964207,496.4437026398584,2865.642006104441,487.79258387927075,-1,-1,off_screen,0.0,511,8,0.8,-0.00010536988253854324,43.79141314092231,39.49441731517333,0.1357000001007691,0.27770000451710075,10.60470000084024,0.1286000042455271,11.022999999113381,0,True,gaze_outside_screen,0.7516742373179737
1787908944080,820,2414,2898.9842519080435,501.5602229506771,2875.6446798455218,491.9228756006926,-1,-1,off_screen,0.0,527,8,0.8,-0.00011073449233026805,45.66106112477815,39.50034498413295,0.10459999612066895,0.23689999943599105,10.808000006363727,0.11499998799990863,11.167399992700666,0,True,gaze_outside_screen,0.7516742373179737
1787908944112,821,2415,2932.3406873743875,528.3863164685849,2892.6534821041814,502.8619078610602,-1,-1,off_screen,0.0,559,8,0.8,-0.00011897371224892442,44.22377804295746,39.495886411849476,0.10710000060498714,0.2398000069661066,11.017800003173761,0.1576999929966405,11.424500000430271,0,True,gaze_outside_screen,0.7516742373179737
1787908944144,822,2416,2960.186886341241,564.952017925853,2912.913503375299,521.488940880498,-1,-1,off_screen,0.0,592,8,0.8,-0.00012384055252435272,42.93017432204409,39.49139167428671,0.1908000122057274,0.3197999903932214,11.270300004980527,0.14150000060908496,11.744499992346391,0,True,gaze_outside_screen,0.7516742373179737
1787908944160,823,2417,2960.8801784910925,578.0329118252624,2927.303505910037,538.4521321639273,-1,-1,off_screen,0.0,608,8,0.8,-0.0001286282067200946,44.82378264236061,39.49786967823325,0.12440000136848539,0.25710000772960484,10.476700001163408,0.12150000839028507,10.86459998623468,0,True,gaze_outside_screen,0.7516742373179737
1787908944192,824,2418,2993.3015198945213,619.8358477467942,2947.1029101053823,562.8672468387874,-1,-1,off_screen,0.0,639,8,0.8,-0.00017853333465478807,43.46900419614291,39.493456663502506,0.11409999569877982,0.24120000307448208,10.675400000764057,0.12450000212993473,11.049599997932091,0,True,gaze_outside_screen,0.7516742373179737
1787908944208,825,2419,3014.7065189403966,605.173125482688,2967.383992755886,575.5590104319575,-1,-1,off_screen,0.0,655,8,0.8,-0.0002039140739477814,45.43914335692817,39.498945991287506,0.1196000084746629,0.2783000090857968,11.565900000277907,0.17499999376013875,12.027999997371808,0,True,gaze_outside_screen,0.7516742373179737
1787908944241,826,2420,2990.414259822327,592.5388607230603,2974.293072875818,580.6529655192884,-1,-1,off_screen,0.0,688,8,0.8,-0.00027280846064778146,43.94965274399501,39.49505822653862,0.311999989207834,0.29739999445155263,10.204199992585927,0.12310000602155924,10.636600010911934,0,True,gaze_outside_screen,0.7516742373179737
1787908944272,827,2421,2970.2686910430143,618.9572292628101,2973.0857583259767,592.1442446423449,-1,-1,off_screen,0.0,720,8,0.8,-0.000272448093655819,42.73625980159551,39.49095084517428,0.16090000281110406,0.3330000035930425,10.439299992867745,0.11870000162161887,10.900799999944866,0,True,gaze_outside_screen,0.7516742373179737
1787908944288,828,2422,2970.836605306049,581.3236839432873,2972.4110124199983,588.8980764326276,-1,-1,off_screen,0.0,736,8,0.8,-0.0002536161111942742,44.80169767085963,39.49734588272734,0.11239999730605632,0.2398000069661066,10.150599991902709,0.11969999468419701,10.51779999397695,0,True,gaze_outside_screen,0.7516742373179737
1787908944320,829,2423,2931.0173230537043,564.2081720654373,2959.99290561011,581.4911051224705,-1,-1,off_screen,0.0,767,8,0.8,-0.0002541075120122832,43.417273112002135,39.492189960623605,0.15320000238716602,0.28279999969527125,11.077899995143525,0.16850000247359276,11.542599997483194,0,True,gaze_outside_screen,0.7516742373179737
1787908944336,830,2424,2943.4372577614995,530.6232891649987,2955.0262112555265,566.2307603352289,-1,-1,off_screen,0.0,783,8,0.8,-0.00017495191875135235,45.25048173584799,39.49830246919832,0.14009998994879425,0.2961999998660758,10.750700006610714,0.11419999646022916,11.170900004799478,0,True,gaze_outside_screen,0.7516742373179737
1787908944368,831,2425,2964.6851695338587,515.2965724215313,2957.9238987390263,550.9505039611196,-1,-1,off_screen,0.0,815,8,0.8,-9.558148557352666e-05,43.89104238703546,39.49416228725704,0.11810001160483807,0.25379999715369195,10.958300001220778,0.11400000948924571,11.335099989082664,0,True,gaze_outside_screen,0.7516742373179737
1787908944384,832,2426,2958.4580005377984,514.3149556897247,2958.0841292786577,539.9598394797011,-1,-1,off_screen,0.0,832,8,0.8,-8.15280790072339e-05,45.68856390085285,39.49987260720955,0.11639999866019934,0.2521999995224178,11.204299997189082,0.1449000119464472,11.61119999596849,0,True,gaze_outside_screen,0.7516742373179737
1787908944416,833,2427,2945.271755018955,536.0860716537671,2954.2404170007467,538.7977091319209,-1,-1,off_screen,0.0,863,8,0.8,-3.062020627410747e-05,44.24721929366804,39.49588770347538,0.14370000280905515,0.26559999969322234,10.746100000687875,0.12769999739248306,11.152499995660037,0,True,gaze_outside_screen,0.7516742373179737
1787908944448,834,2428,2970.0606777006246,508.17629353219576,2958.98649521071,529.6112844520034,-1,-1,off_screen,0.0,895,8,0.8,1.025739237555702e-05,42.960313381514645,39.49157518159495,0.1145999995060265,0.24929999199230224,10.949599993182346,0.10790000669658184,11.315399999148212,0,True,gaze_outside_screen,0.7516742373179737
1787908944464,835,2429,2926.2548390976726,542.690295398692,2949.1669983767983,533.53498773601,-1,-1,off_screen,0.0,911,8,0.8,2.9611897146803595e-05,44.85144368711447,39.49786328999326,0.10489999840501696,0.23439999495167285,10.323299997253343,0.1171000039903447,10.682799998903647,0,True,gaze_outside_screen,0.7516742373179737
1787908944496,836,2430,2925.825645236763,522.7187913323597,2942.1645924347877,530.2901288149149,-1,-1,off_screen,0.0,944,8,0.8,4.1208577369266156e-05,43.48164175634137,39.49305652989148,0.14970000484026968,0.28989999555051327,10.963399996398948,0.12299999070819467,11.389399995096028,0,True,gaze_outside_screen,0.7516742373179737
1787908944512,837,2431,2904.8305076500515,532.3127400589892,2930.9643669993666,530.8969121881371,-1,-1,off_screen,0.0,960,8,0.8,3.358107678345934e-05,45.43844904938851,39.49953468865756,0.11380000796634704,0.24680000205989927,10.38910000352189,0.11050001194234937,10.754399991128594,0,True,gaze_outside_screen,0.7516742373179737
1787908944544,838,2432,2876.22267163417,524.6364103900241,2914.5418583898077,529.0187616487032,-1,-1,off_screen,0.0,991,8,0.8,2.934069074336798e-05,43.99530242214574,39.494910502654356,0.14560000272467732,0.2733000001171604,10.6340999918757,0.112599998828955,11.029100001906045,0,True,gaze_outside_screen,0.7516742373179737
1787908944576,839,2433,2860.7923022562095,524.3252784430489,2898.416991549728,527.6107166870069,-1,-1,off_screen,0.0,1023,8,0.8,2.995945250882509e-05,42.72693665931311,39.49038555029995,0.16790001245681196,0.33120000443886966,10.959299994283356,0.15140000323299319,11.470799989183433,0,True,gaze_outside_screen,0.7516742373179737
1787908944592,840,2434,2861.0181833630186,522.3192318887999,2887.1973490937153,526.0232712475447,-1,-1,off_screen,0.0,1039,8,0.8,2.889133701712565e-05,44.84279471077838,39.496856842890125,0.12349999451544136,0.2705000079004094,10.637300001690164,0.12549999519251287,11.041799996746704,0,True,gaze_outside_screen,0.7516742373179737
1787908944624,841,2435,2856.9725627593284,504.95784193850653,2878.1299131933993,519.7036424548332,-1,-1,off_screen,0.0,1072,8,0.8,3.695352889251935e-05,43.484423707443675,39.49286234226589,0.13449999096337706,0.24249999842140824,10.233599998173304,0.12090000382158905,10.605100003886037,0,True,gaze_outside_screen,0.7516742373179737
1787908944640,842,2436,2864.652787664134,482.41640283887,2874.0867755346194,508.5174705700442,-1,-1,off_screen,0.0,1088,8,0.8,4.890836807142432e-05,45.288729458578345,39.49865485920674,0.12110000534448773,0.24590000975877047,10.257500005536713,0.11619999713730067,10.627600000589155,0,True,gaze_outside_screen,0.7516742373179737
1787908944672,843,2437,2822.1072085951864,389.81776440150713,2858.4929054527893,472.90755871948306,-1,-1,off_screen,0.0,1119,8,0.8,5.7574884304030516e-05,43.86784996096978,39.49385146691068,0.18620000628288835,0.4197999951429665,10.70080000499729,0.13359999866224825,11.273800002527423,0,True,gaze_outside_screen,0.7516742373179737
1787908944688,844,2438,2815.233935346838,340.376655438812,2845.5152144210037,433.14828773528177,-1,-1,off_screen,0.0,1135,8,0.8,6.517907188317504e-05,45.80053968907676,39.50024087856115,0.11420001101214439,0.25710000772960484,10.407699999632314,0.11119998816866428,10.7844999874942,0,True,gaze_outside_screen,0.7516742373179737
1787908944720,845,2439,2774.252403377418,265.2297966526502,2824.136371107928,382.7727404104923,-1,-1,off_screen,0.0,1167,8,0.8,0.00019637614469557654,44.35786857905369,39.495269051349034,0.11470000026747584,0.24500000290572643,11.634599999524653,0.11180000728927553,12.00020000396762,0,True,gaze_outside_screen,0.7516742373179737
1787908944752,846,2440,2809.0349715565612,199.44602206187173,2819.6059512425177,327.7747249059061,-1,-1,off_screen,0.0,1200,8,0.8,0.00013378249756786087,43.03629874410353,39.491534132665045,0.31450000824406743,0.2835999912349507,10.614700004225597,0.1412999990861863,11.051800000132062,0,True,gaze_outside_screen,0.7516742373179737
1787908944768,847,2441,2807.8543564819365,159.10615830750348,2816.080472814343,277.1741549263853,-1,-1,off_screen,0.0,1215,8,0.8,0.0001832852410912321,44.94570132635716,39.4970305417291,0.14289999671746045,0.26169999910052866,11.255599994910881,0.15010000788606703,11.676900001475587,0,True,gaze_outside_screen,0.7516742373179737
1787908944800,848,2442,2842.5152448889994,154.76991540625198,2824.0109044367396,240.4528830703453,-1,-1,off_screen,0.0,1247,8,0.8,0.0001737376483142601,43.57168440637422,39.49308129894732,0.18489999638404697,0.28310000197961926,10.707299996283837,0.13000000035390258,11.132200001156889,0,True,gaze_outside_screen,0.7516742373179737
1787908944816,849,2443,2857.2376446784565,162.9552379225424,2833.9789265092545,217.20358952600444,-1,-1,off_screen,0.0,1263,8,0.8,0.00018591372071081677,45.5467158321306,39.49916743661339,0.16619999951217324,0.28449999808799475,10.68900000245776,0.14479999663308263,11.129399994388223,0,True,gaze_outside_screen,0.7516742373179737
1787908944849,850,2444,2858.213295359148,226.376489676591,2841.2492371642224,219.9554595711804,-1,-1,off_screen,0.0,1296,8,0.8,0.00020048797746322067,44.073983775930394,39.494515577288404,0.16679998952895403,0.34699999378062785,10.796400005347095,0.1292000088142231,11.287200002698228,0,True,gaze_outside_screen,0.7516742373179737
1787908944881,851,2445,2858.473074741079,228.78416804287232,2846.4163884372792,222.60407211268796,-1,-1,off_screen,0.0,1328,8,0.8,0.0001844015259471008,42.7951637093587,39.49022133045167,0.18859999545384198,0.2911000046879053,10.940099993604235,0.1306000049225986,11.375600006431341,0,True,gaze_outside_screen,0.7516742373179737
1787908944897,852,2446,2845.98827761178,229.94661889903256,2846.2879551896294,224.80683614859132,-1,-1,off_screen,0.0,1345,8,0.8,0.00017533114653986784,44.76760107050877,39.496324908955245,0.12870000500697643,0.2992000081576407,10.697899997467175,0.1218999968841672,11.131599996588193,0,True,gaze_outside_screen,0.7516742373179737
1787908944928,853,2447,2830.5664943487777,246.4905697940626,2841.571516937374,231.31195624223267,-1,-1,off_screen,0.0,1375,8,0.8,0.0001300045789598865,43.431998292441975,39.49144004800293,0.1508999994257465,0.30220000189729035,11.827599999378435,0.13460000627674162,12.278499998501502,0,True,gaze_outside_screen,0.7516742373179737
1787908944944,854,2448,2829.384768342775,250.6418153720627,2837.915492358994,237.11091398118168,-1,-1,off_screen,0.0,1391,8,0.8,0.00012126921062327947,45.338251636291986,39.49785652167702,0.13000000035390258,0.29919999360572547,11.084099998697639,0.13329999637790024,11.528900009579957,0,True,gaze_outside_screen,0.7516742373179737
1787908944976,855,2449,2800.5243663044853,231.80250353676828,2826.698154542641,235.51839084785763,-1,-1,off_screen,0.0,1424,8,0.8,0.00020070794749793043,43.95760803170752,39.493555734594665,0.12290000449866056,0.27119999867863953,11.477499996544793,0.1260999997612089,11.885199986863881,0,True,gaze_outside_screen,0.7516742373179737
1787908944992,856,2450,2764.5150170565003,212.34651652558972,2808.0432132967985,228.56682855117725,-1,-1,off_screen,0.0,1440,8,0.8,0.000270074294266575,45.740789396390596,39.50026457922306,0.1269000058528036,0.2631999959703535,10.097899998072535,0.11530000483617187,10.485199993127026,0,True,gaze_outside_screen,0.7516742373179737
1787908945024,857,2451,2741.785296506813,159.00752687981364,2788.1658382598025,207.69903804976818,-1,-1,off_screen,0.0,1471,8,0.8,0.0003609278369211058,44.2759504958489,39.495406493277066,0.18200000340584666,0.3195000026607886,10.789500011014752,0.14879999798722565,11.271800001850352,0,True,gaze_outside_screen,0.7516742373179737
1787908945056,858,2452,2754.3235220812353,150.54403657311892,2778.0131434062323,190.5525376067734,-1,-1,off_screen,0.0,1503,8,0.8,0.00039131419358613695,43.00155689214031,39.49165605892572,0.1348999940091744,0.26450000586919487,10.364499990828335,0.13349999790079892,10.773300004075281,0,True,gaze_outside_screen,0.7516742373179737
1787908945072,859,2453,2763.1818829711465,159.34593443943896,2773.5637652757064,181.19055665657305,-1,-1,off_screen,0.0,1519,8,0.8,0.00039506918979013636,45.001645649779825,39.49781807483535,0.12680000509135425,0.265800001216121,10.147299995878711,0.10900000052060932,10.532099986448884,0,True,gaze_outside_screen,0.7516742373179737
1787908945104,860,2454,2785.848601933834,155.57537671420656,2777.249216273144,173.5060026738631,-1,-1,off_screen,0.0,1552,8,0.8,0.0003925937426918734,43.59850144190241,39.492958753874625,0.23299999884329736,0.4695999959949404,10.578999994322658,0.13980000221636146,11.205499991774559,0,True,gaze_outside_screen,0.7516742373179737
1787908945120,861,2455,2787.4204075949406,158.8745668084163,2780.3005736696828,169.11657191422904,-1,-1,off_screen,0.0,1567,8,0.8,0.00038983650291075055,45.43993248241452,39.49845680092612,0.12820000119972974,0.3132999991066754,11.291500006336719,0.1326000055996701,11.748000004445203,0,True,gaze_outside_screen,0.7516742373179737
1787908945152,862,2456,2794.676004685499,164.34996476903476,2784.6132029744276,167.68658977067074,-1,-1,off_screen,0.0,1599,8,0.8,0.0003862852874302776,44.05358136058495,39.49504891691041,0.13309999485500157,0.2781000075628981,10.351400007493794,0.1205000007757917,10.761500001535751,0,True,gaze_outside_screen,0.7516742373179737
1787908945184,863,2457,2798.068426829349,165.42044284740965,2788.649770130904,167.0067456936924,-1,-1,off_screen,0.0,1631,8,0.8,0.00038879440019672605,42.76383743545415,39.49011958413345,0.12490000517573208,0.30559999868273735,11.289399990346283,0.1419000036548823,11.750099991331808,0,True,gaze_outside_screen,0.7516742373179737
1787908945200,864,2458,2796.7219569778554,157.46285785265312,2791.0714261849894,164.14357934138062,-1,-1,off_screen,0.0,1648,8,0.8,0.000399025332538383,44.780205075367654,39.496428125744686,0.16739999409765005,0.3504000051179901,10.760999997728504,0.11530000483617187,11.239700004807673,0,True,gaze_outside_screen,0.7516742373179737
1787908945232,865,2459,2786.9064857807807,173.7989200619251,2789.8219440637267,167.04018155754395,-1,-1,off_screen,0.0,1680,8,0.8,0.0004183505924389014,43.387375956981074,39.492150157039205,0.15259999781847,0.2707999956328422,10.4838999977801,0.12340000830590725,10.889799988945015,0,True,gaze_outside_screen,0.7516742373179737
1787908945248,866,2460,2783.9275002231334,179.19857175596903,2788.0536109115487,170.68769861707148,-1,-1,off_screen,0.0,1695,8,0.8,0.0004173772995851796,45.51088270330658,39.498512562281654,0.12009999772999436,0.2518999972380698,10.31709999369923,0.12519999290816486,10.702800005674362,0,True,gaze_outside_screen,0.7516742373179737
1787908945280,867,2461,2776.239572914295,174.7000225102456,2784.5093995123725,171.8913957850237,-1,-1,off_screen,0.0,1727,8,0.8,0.00042465974690883423,44.03771191320077,39.493538711032464,0.1446999958716333,0.32419999479316175,10.897399988607503,0.14180000289343297,11.377699993317947,0,True,gaze_outside_screen,0.7516742373179737
1787908945296,868,2462,2774.6368477317665,180.98500168503833,2781.5476339781903,174.61947755502808,-1,-1,off_screen,0.0,1743,8,0.8,0.0004196026177984945,45.89623046668093,39.49943289595939,0.19890000112354755,0.35030000435654074,10.934399993857369,0.12759999663103372,11.427300007198937,0,True,gaze_outside_screen,0.7516742373179737
1787908945328,869,2463,2770.4548630092677,193.31737211424453,2778.2198026875135,180.22884592279303,-1,-1,off_screen,0.0,1776,8,0.8,0.0004010944991115258,44.44847532252687,39.49524353955329,0.1469000126235187,0.3097000007983297,11.079899995820597,0.12880000576842576,11.530499992659315,0,True,gaze_outside_screen,0.7516742373179737
1787908945360,870,2464,2770.2175883161462,186.8854997415335,2775.819138376103,182.22584206841515,-1,-1,off_screen,0.0,1807,8,0.8,0.00039982256418880265,43.122186018383545,39.490984924554944,0.1928000128827989,0.3792999923462048,10.986599998432212,0.13089999265503138,11.511299991980195,0,True,gaze_outside_screen,0.7516742373179737
1787908945376,871,2465,2765.1983525583105,183.3546354794027,2772.6329026307653,182.5644800917114,-1,-1,off_screen,0.0,1823,8,0.8,0.0003996163509382422,45.08144723750367,39.497472551127046,0.10429999383632094,0.25240000104531646,10.2511000004597,0.12330000754445791,10.63560000329744,0,True,gaze_outside_screen,0.7516742373179737
1787908945408,872,2466,2753.8061150385647,180.00086155422792,2766.9848663531047,181.79539453046635,-1,-1,off_screen,0.0,1855,8,0.8,0.00039893726315702593,43.72159000336298,39.49306370318215,0.12599999899975955,0.28219999512657523,10.743000006186776,0.12270000297576189,11.160400012158789,0,True,gaze_outside_screen,0.7516742373179737
1787908945424,873,2467,2741.2124710076077,175.98267295703027,2759.2531477494554,180.05157805843552,-1,-1,off_screen,0.0,1871,8,0.8,0.00039793589628210266,45.55652446889627,39.49916670527843,0.1289999927394092,0.2631000097608194,10.323400012566708,0.12350000906735659,10.719099998823367,0,True,gaze_outside_screen,0.7516742373179737
1787908945456,874,2468,2702.036868005276,165.90247460251996,2742.0882638262015,175.80684702166084,-1,-1,off_screen,0.0,1904,8,0.8,0.00039986088146359844,44.133439129425945,39.494561658073835,0.17439998919144273,0.3093000123044476,10.931700002402067,0.14449999434873462,11.399000009987503,0,True,gaze_outside_screen,0.7516742373179737
1787908945488,875,2469,2705.4206591988604,157.520591613086,2731.087982437999,170.32097039908837,0,2,ai_agent,0.0826819613088221,0,4,1.0,0.0004021969994907164,42.85306470783454,39.49036476685296,0.1657999964663759,0.28160000510979444,11.00830000359565,0.1412999990861863,11.44380000187084,0,True,on_screen,0.7516742373179737
1787908945504,876,2470,2687.934863786313,155.2710211817257,2718.142046842493,165.80598563387957,0,2,ai_agent,0.10212067084450493,16,4,1.0,0.0004051920620963892,44.74216039650395,39.49631156579027,0.15690000145696104,0.3003999881912023,10.711800001445226,0.12959999730810523,11.152899998705834,0,True,on_screen,0.7516742373179737
1787908945536,877,2471,2652.7393303612234,142.39304390944073,2698.521231898112,158.78210311654792,0,2,ai_agent,0.13066032542770312,48,4,1.0,0.0004094977397456987,43.41733243106374,39.4915486919176,0.15530000382568687,0.3037999995285645,11.782999994466081,0.16489998961333185,12.265199999092147,0,True,on_screen,0.7516742373179737
1787908945552,878,2472,2632.9078129889,135.93526428228407,2678.8372062253484,151.92805146626876,0,2,ai_agent,0.15844929365502114,64,4,1.0,0.0004101073852586512,45.18791918117556,39.49754451419031,0.16899999172892421,0.36869999894406646,11.204199996427633,0.13859999307896942,11.724399999366142,0,True,on_screen,0.7516742373179737
1787908945584,879,2473,2610.261991694746,129.40537212892312,2658.2646418661675,145.17124766506507,0,2,ai_agent,0.18672157743244344,96,4,1.0,0.00041306945646004886,43.81622579575249,39.49391358866264,0.15579999308101833,0.3043000033358112,10.571899998467416,0.1340999879175797,11.023400002159178,0,True,on_screen,0.7516742373179737
1787908945600,880,2474,2591.91461761845,125.42257535030068,2638.3596345918522,139.24664597063574,0,2,ai_agent,0.21352089845569966,111,4,1.0,0.000414316535904128,45.55991483785138,39.498945309509374,0.16630000027362257,0.3110999969067052,11.548800001037307,0.1655000087339431,12.0380999869667,0,True,on_screen,0.7516742373179737
1787908945632,881,2475,2566.91021128485,116.47636437283838,2616.924807599751,132.4155614912965,0,2,ai_agent,0.24046772703161612,144,4,1.0,0.0004239968502442685,44.148547775917244,39.49525283896437,0.14350000128615648,0.2982000005431473,10.964499990222976,0.1382000045850873,11.413100000936538,0,True,on_screen,0.7516742373179737
1787908945664,882,2476,2563.74425986009,115.01535725065435,2600.9706432778526,127.19550021910385,0,2,ai_agent,0.25928657435117486,176,4,0.8,0.0004284770896144166,42.85881995693827,39.49139145404068,0.1689000055193901,0.2877000079024583,10.42760000564158,0.13619998935610056,10.86389999545645,0,True,on_screen,0.7516742373179737
1787908945680,883,2477,2553.820834620183,129.68832710717078,2586.8257006805516,127.94334828552391,0,2,ai_agent,0.28186634155117696,192,4,0.8,0.00042804967528214076,44.82833323965525,39.49730307407823,0.11500000255182385,0.2609999937703833,10.408600006485358,0.13320001016836613,10.811699990881607,0,True,on_screen,0.7516742373179737
1787908945712,884,2478,2544.7919070319504,140.42210939728884,2574.215562585971,131.68697661905338,0,2,ai_agent,0.30559152011840696,223,4,0.8,0.0004227030770408008,43.450087254582066,39.492600723385436,0.1399999891873449,0.30619998869951814,10.938999999780208,0.1303000026382506,11.389799998141825,0,True,on_screen,0.7516742373179737
1787908945728,885,2479,2544.692823976733,140.90478769353956,2565.358741003199,134.45231994139922,0,2,ai_agent,0.3223379018323428,240,4,0.8,0.0004226141239023415,45.45061856531436,39.49883206303645,0.10740000288933516,0.24710000434424728,10.666499991202727,0.12650000280700624,11.048900007153861,0,True,on_screen,0.7516742373179737
1787908945760,886,2480,2535.6465072535443,138.19952735040175,2556.4450708783024,135.57648216409996,0,2,ai_agent,0.3369543093466646,272,4,0.8,0.00042076308705935907,44.030185658475055,39.49485035325995,0.13120000949129462,0.27720000070985407,10.275500011630356,0.1286000042455271,10.692199997720309,0,True,on_screen,0.7516742373179737
1787908945792,887,2481,2535.1284649771524,136.30366299769432,2550.0500891079573,135.79463641417826,0,2,ai_agent,0.34657138394149234,304,4,0.8,0.0004197735655278277,42.75799826674081,39.49023521324837,0.16369999502785504,0.33399999665562063,10.923399997409433,0.1419000036548823,11.413000000175089,0,True,on_screen,0.7516742373179737
1787908945808,888,2482,2534.6318384939123,138.01288533781417,2545.424613923744,136.46011109126903,0,2,ai_agent,0.3541419503756068,320,4,0.8,0.00041865231921695695,44.766882037557274,39.49642811617852,0.11059999815188348,0.2651000104378909,10.55859999905806,0.13610000314656645,10.969300012220629,0,True,on_screen,0.7516742373179737
1787908945840,889,2483,2535.566058471318,126.675512972958,2542.467047288016,133.52473165577572,0,2,ai_agent,0.3544353855808585,351,4,0.8,0.0004221021526545285,43.413827243085976,39.492162724639066,0.13920001219958067,0.27069999487139285,10.642799999914132,0.13860000763088465,11.063899990404025,0,True,on_screen,0.7516742373179737
1787908945856,890,2484,2536.9984114801787,121.79365321934439,2540.8264565456648,130.00540812484633,0,2,ai_agent,0.3519728939734339,368,4,0.8,0.0004259065409748155,45.25734840903568,39.49780757433138,0.19839999731630087,0.45900000259280205,10.610999990603887,0.1438999897800386,11.227900002268143,0,True,on_screen,0.7516742373179737
1787908945888,891,2485,2529.3269094485245,113.04423865134146,2537.3765924165227,124.91705728279486,0,2,ai_agent,0.34976371133098827,400,4,0.8,0.00043155679497971534,43.85588131734919,39.492982071661345,0.15999999595806003,0.34270000469405204,11.710399994626641,0.15560000611003488,12.225900005432777,0,True,on_screen,0.7516742373179737
1787908945904,892,2486,2528.2686874670503,110.93679165017485,2534.644220931681,120.72297759300884,0,2,ai_agent,0.3476290876366904,416,4,0.8,0.0004328471732374436,45.732386853696696,39.49957495931571,0.12029999925289303,0.2663000050233677,10.682300009648316,0.11389999417588115,11.070799999288283,0,True,on_screen,0.7516742373179737
1787908945936,893,2487,2525.9246977172206,105.4288599701945,2532.028363967343,116.13474230616453,0,2,ai_agent,0.3446326816998956,448,4,0.8,0.00043554853147100003,44.258549054489926,39.495495937301854,0.19589999283198267,0.3060000017285347,10.1859999995213,0.12419999984558672,10.625800001434982,0,True,on_screen,0.7516742373179737
1787908945968,894,2488,2519.9587664988135,97.0495345950957,2528.407484726784,110.40917999284386,0,2,ai_agent,0.34115217430209877,480,4,0.8,0.000439230407366405,42.98780574585499,39.4902589752829,0.16289998893626034,0.31829999352339655,12.090400006854907,0.18089999502990395,12.6048000092851,0,True,on_screen,0.7516742373179737
1787908945984,895,2489,2511.1691115224985,92.68416036059249,2523.235972765498,105.09167410316844,0,2,ai_agent,0.3400174798843183,496,4,0.8,0.0004428152559307133,44.92884645779502,39.49696074140357,0.11750000703614205,0.36959999124519527,10.683200001949444,0.14340000052470714,11.206700000911951,0,True,on_screen,0.7516742373179737
1787908946016,896,2490,2492.2932252800565,85.88823455840033,2513.9531485198654,99.33064223973801,0,2,ai_agent,0.3429836854359901,528,4,0.8,0.0004499149938525255,43.55111015622364,39.49310426211807,0.12929999502375722,0.2601999876787886,10.192900008405559,0.11670000094454736,10.579900001175702,0,True,on_screen,0.7516742373179737
1787908946032,897,2491,2493.9203817163025,77.98400147425356,2507.9433184787968,92.92665001009267,0,2,ai_agent,0.34037259063892356,544,4,0.8,0.0004576432498709093,45.479340119821565,39.4985539493768,0.13499999477062374,0.2567999908933416,10.846499993931502,0.17090000619646162,11.283400002866983,0,True,on_screen,0.7516742373179737
1787908946064,898,2492,2498.280158133153,68.21430120238907,2505.0443703751034,85.51294536778158,-1,-1,off_screen,0.0,0,9,1.0,0.00046935409345224936,44.059250491010985,39.49454244300799,0.12879999121651053,0.26879999495577067,10.621199995512143,0.13660000695381314,11.038099997676909,0,True,gaze_outside_screen,0.7516742373179737
1787908946096,899,2493,2502.5498215480147,50.32030065347014,2504.2960057269765,74.95515195348814,-1,-1,off_screen,0.0,32,9,1.0,0.00048213100840254625,42.78502924450154,39.49069704992732,0.11800001084338874,0.25349999486934394,10.193800000706688,0.11589999485295266,10.572899991529994,0,True,gaze_outside_screen,0.7516742373179737
1787908946112,900,2494,2508.3911112514775,33.63660218433238,2505.524537384327,62.55958702274141,-1,-1,off_screen,0.0,48,9,1.0,0.0004910560952864525,44.81102079499146,39.49666639267047,0.11150000500492752,0.2415000053588301,10.135200005606748,0.10409999231342226,10.48899999295827,0,True,gaze_outside_screen,0.7516742373179737
1787908946144,901,2495,2525.1445860643526,7.796873052818654,2511.410551988334,46.13077283176458,-1,-1,off_screen,0.0,80,9,1.0,0.0005033234217749951,43.41722463988004,39.4905094334289,0.16840000171214342,0.3026000049430877,12.77069999196101,0.1767999929143116,13.265799992950633,0,True,gaze_outside_screen,0.7516742373179737
1787908946160,902,2496,2527.9193847219576,4.648992832247789,2516.363201808421,33.68623883190954,-1,-1,off_screen,0.0,96,9,1.0,0.000505590215025914,45.37932103082146,39.49778396781017,0.17479999223724008,0.2733000001171604,10.659199993824586,0.1410000113537535,11.084199999459088,0,True,gaze_outside_screen,0.7516742373179737
1787908946193,903,2497,2509.954917848039,-1.1291860981415491,2514.4407166203064,23.24161135289421,-1,-1,off_screen,0.0,129,9,1.0,0.0005047426061246182,43.93196760777573,39.49309609989547,0.20809999841731042,0.3026000049430877,11.10230000631418,0.13210000179242343,11.5498000086518,0,True,gaze_outside_screen,0.7516742373179737
1787908946225,904,2498,2492.805371501452,-6.157092746783671,2507.95011308465,14.422000122990845,-1,-1,off_screen,0.0,161,9,1.0,0.0005075436573394494,42.66461091659088,39.4882825698324,0.1446999958716333,0.3036999987671152,12.126500005251728,0.1441000058548525,12.589500009198673,0,True,gaze_outside_screen,0.7516742373179737
1787908946241,905,2499,2493.624413508598,-10.54721799005241,2503.6524032118346,6.931234689077868,-1,-1,off_screen,0.0,177,9,1.0,0.000509802912975723,44.61686192770353,39.49427890364141,0.17120000848080963,0.2879999956348911,11.769699995056726,0.15449999773409218,12.224599995533936,0,True,gaze_outside_screen,0.7516742373179737
1787908946272,906,2500,2488.0451861062793,-15.209896956746544,2498.9702380801677,0.28889519533054475,-1,-1,off_screen,0.0,208,9,1.0,0.0005132536573261553,43.34191888339947,39.4913058547482,0.14560000272467732,0.29429999995045364,10.484099999302998,0.13870000839233398,10.930000004009344,0,True,gaze_outside_screen,0.7516742373179737
1787908946288,907,2501,2475.1924728495533,-17.70475283050761,2491.8369085109834,-5.109199212420902,-1,-1,off_screen,0.0,224,9,1.0,0.000517251830066864,45.20086623489848,39.497084398195156,0.12040000001434237,0.26089999300893396,10.43779999599792,0.1303000026382506,10.840000002644956,0,True,gaze_outside_screen,0.7516742373179737
1787908946320,908,2502,2471.7266751488605,-24.12777273091844,2485.8038385023465,-10.814771267970162,-1,-1,off_screen,0.0,256,9,1.0,0.000526204108038282,43.80931877203713,39.49243433160231,0.12569999671541154,0.2778999914880842,11.202699999557808,0.15910000365693122,11.653200010186993,0,True,gaze_outside_screen,0.7516742373179737
1787908946336,909,2503,2465.0350395126657,-23.391088124921172,2479.573198805442,-14.587666325055466,-1,-1,off_screen,0.0,272,9,1.0,0.000529306062512027,45.60858923589301,39.498070325954465,0.14069999451749027,0.3328000020701438,11.292800001683645,0.11499998799990863,11.750100005883723,0,True,gaze_outside_screen,0.7516742373179737
1787908946368,910,2504,2468.2240337265785,-30.30589724341356,2476.168449281783,-19.303135600562893,-1,-1,off_screen,0.0,304,9,1.0,0.0005386707605611243,44.1920976494237,39.494176691693326,0.1841000048443675,0.27019999106414616,11.11049999599345,0.1238999975612387,11.514600002556108,0,True,gaze_outside_screen,0.7516742373179737
1787908946401,911,2505,2473.3193247060008,-40.13352204962006,2475.3137119090484,-25.552251535280043,-1,-1,off_screen,0.0,337,9,1.0,0.0005491619479033316,42.84325454712704,39.489451491015494,0.15980000898707658,0.37120000342838466,11.290300011751242,0.18170000112149864,11.855499993544072,0,True,gaze_outside_screen,0.7516742373179737
1787908946416,912,2506,2475.400847734819,-40.63327809765456,2475.3398526567794,-30.076559503992392,-1,-1,off_screen,0.0,351,9,1.0,0.0005530532978879413,44.94372816595882,39.49531680104328,0.14560000272467732,0.30440000409726053,11.650799991912208,0.12509999214671552,12.091900003724732,0,True,gaze_outside_screen,0.7516742373179737
1787908946448,913,2507,2478.0184845888716,-41.42857967436947,2476.143442236407,-33.48216555510551,-1,-1,off_screen,0.0,384,9,1.0,0.0005578453737123436,43.58890520092335,39.491496713611916,0.10969999129883945,0.2682000049389899,11.284099993645214,0.13670000771526247,11.699700000463054,0,True,gaze_outside_screen,0.7516742373179737
1787908946464,914,2508,2477.2552390981205,-40.08068567429023,2476.4769812949207,-35.461721590860925,-1,-1,off_screen,0.0,400,9,1.0,0.0005583459929990927,45.46750072433838,39.498008657810225,0.11799999629147351,0.28959999326616526,10.099199993419461,0.1218999968841672,10.519200004637241,0,True,gaze_outside_screen,0.7516742373179737
1787908946496,915,2509,2473.2840416944996,-40.521748481821845,2475.5190994147943,-36.979729658149196,-1,-1,off_screen,0.0,432,9,1.0,0.0005577356290186984,44.036607558468994,39.492926314778565,0.14970000484026968,0.29779999749735,11.387100006686524,0.2204000047640875,11.917800002265722,0,True,gaze_outside_screen,0.7516742373179737
1787908946512,916,2510,2473.621442299267,-40.585227182174464,2474.949802280136,-38.06137891535678,-1,-1,off_screen,0.0,448,9,1.0,0.0005575719242754719,45.8574651833441,39.499136098816706,0.1348999940091744,0.2857000072253868,10.754599992651492,0.13040000339969993,11.181599998963065,0,True,gaze_outside_screen,0.7516742373179737
1787908946544,917,2511,2474.398871920634,-40.67752604340713,2474.7845231722854,-38.84622305377188,-1,-1,off_screen,0.0,480,9,1.0,0.0005551005993863802,44.41685738101996,39.49559969866347,0.11530000483617187,0.2542000001994893,10.023299997556023,0.109200002043508,10.395500008598901,0,True,gaze_outside_screen,0.7516742373179737
1787908946576,918,2512,2477.714341156681,-39.314854798258786,2475.663468567604,-38.986812577117945,-1,-1,off_screen,0.0,512,9,1.0,0.0005543758989486024,43.08500150394399,39.490854226293706,0.18060000729747117,0.35599998955149204,10.713900002883747,0.11819999781437218,11.201500004972331,0,True,gaze_outside_screen,0.7516742373179737
1787908946592,919,2513,2476.3810761244004,-37.83711981398551,2475.8787508346427,-38.64190474817821,-1,-1,off_screen,0.0,528,9,1.0,0.0005550809875563972,45.09338132261738,39.496920198964084,0.11779999476857483,0.28530000417958945,10.489200009033084,0.13520001084543765,10.920400003669783,0,True,gaze_outside_screen,0.7516742373179737
1787908946624,920,2514,2472.2419494896817,-37.01632245483463,2474.787710431154,-38.15423006017514,-1,-1,off_screen,0.0,560,9,1.0,0.000556418711973327,43.68510685422121,39.49243443558937,0.20400001085363328,0.32449999707750976,10.767100000521168,0.11729999096132815,11.221299995668232,0,True,gaze_outside_screen,0.7516742373179737
1787908946640,921,2515,2470.366631004872,-35.8354150015212,2473.4613866032696,-37.45858554257895,-1,-1,off_screen,0.0,576,9,1.0,0.0005564518297753954,45.69187030730337,39.49873730860979,0.17780000052880496,0.2631000097608194,10.307200005627237,0.11680000170599669,10.694900003727525,0,True,gaze_outside_screen,0.7516742373179737
1787908946673,922,2516,2471.9470118206386,-38.67679412721871,2473.0070741684804,-37.824048117970875,-1,-1,off_screen,0.0,609,9,1.0,0.0005575649797229451,44.16383307432198,39.49345927724543,0.1714999962132424,0.2978999982587993,11.202800000319257,0.12900000729132444,11.642800003755838,0,True,gaze_outside_screen,0.7516742373179737
1787908946704,923,2517,2471.2913281171536,-39.694477292052085,2472.492350353082,-38.38517687019524,-1,-1,off_screen,0.0,640,9,1.0,0.0005594645135369898,42.95239307177354,39.490143184957184,0.22109999554231763,0.2995000104419887,10.66470000660047,0.1362000039080158,11.113400003523566,0,True,gaze_outside_screen,0.7516742373179737
1787908946720,924,2518,2471.9994781266164,-40.27209669956615,2472.344488685142,-38.95125281900651,-1,-1,off_screen,0.0,656,9,1.0,0.0005603017746030614,44.8422489218397,39.49567697150098,0.10819999442901462,0.2693999995244667,10.929100011708215,0.12460000289138407,11.334399998304434,0,True,gaze_outside_screen,0.7516742373179737
1787908946752,925,2519,2472.8613698339163,-43.32932452571099,2472.4995530297742,-40.26467433101785,-1,-1,off_screen,0.0,688,9,1.0,0.0005617104862243368,43.501936629288664,39.491545241915354,0.1584999990882352,0.2854000049410388,11.041699995985255,0.1787999935913831,11.519000006956048,0,True,gaze_outside_screen,0.7516742373179737
1787908946768,926,2520,2475.63961341942,-44.092913880358076,2473.4415711466677,-41.41314619581992,-1,-1,off_screen,0.0,703,9,1.0,0.0005635351189573964,45.37502176205591,39.49724978925678,0.12499999138526618,0.2862999972421676,11.142899995320477,0.11729999096132815,11.555899996892549,0,True,gaze_outside_screen,0.7516742373179737
1787908946800,927,2521,2473.034262673142,-48.30612304079682,2473.31937860461,-43.481039249312985,-1,-1,off_screen,0.0,736,9,1.0,0.000563018945934711,43.97160844369613,39.49376809723933,0.13169999874662608,0.2668999950401485,10.204999998677522,0.11300000187475234,10.593800005153753,0,True,gaze_outside_screen,0.7516742373179737
1787908946816,928,2522,2477.4246484735827,-49.97765318555821,2474.5509595653016,-45.43002343018655,-1,-1,off_screen,0.0,752,9,1.0,0.0005614400762680959,45.84860309804831,39.499539456832295,0.11219999578315765,0.23469999723602086,10.273899999447167,0.1289000065298751,10.6454000051599,0,True,gaze_outside_screen,0.7516742373179737
1787908946848,929,2523,2485.344809875496,-51.21002411177248,2477.7891146583597,-47.16402363466233,-1,-1,off_screen,0.0,784,9,1.0,0.0005611738397934378,44.36114685301572,39.49398156881215,0.18149999959859997,0.35689999640453607,12.142899999162182,0.14579998969566077,12.665999995078892,0,True,gaze_outside_screen,0.7516742373179737
1787908946880,930,2524,2491.4950330342203,-51.97928532774848,2481.9008901711177,-48.608602142588175,-1,-1,off_screen,0.0,816,9,1.0,0.000562597892856221,43.081757256048704,39.49091467073305,0.12229999992996454,0.269199998001568,10.87339999503456,0.11819999781437218,11.271000010310672,0,True,gaze_outside_screen,0.7516742373179737
1787908946896,931,2525,2493.5604581504817,-51.54589519579809,2485.3987605649268,-49.489790058551144,-1,-1,off_screen,0.0,832,9,1.0,0.0005623795402157176,45.06867010085256,39.497268999265906,0.10520000068936497,0.2308999974047765,10.060400003567338,0.12199999764561653,10.421400002087466,0,True,gaze_outside_screen,0.7516742373179737
1787908946928,932,2526,2495.261391161038,-51.81764291331472,2488.35754974376,-50.18814591498021,-1,-1,off_screen,0.0,864,9,1.0,0.0005579105297524242,43.6620495601631,39.49196380827111,0.17590000061318278,0.3555000002961606,11.577099998248741,0.12870000500697643,12.075399994500913,0,True,gaze_outside_screen,0.7516742373179737
1787908946944,933,2527,2495.4526625767976,-49.61440518691601,2490.486083593671,-50.01602369656095,-1,-1,off_screen,0.0,880,9,1.0,0.0005548394375689616,45.4603126084089,39.498031444369964,0.13970000145491213,0.3031000087503344,10.905300005106255,0.1255999959539622,11.345199993229471,0,True,gaze_outside_screen,0.7516742373179737
1787908946976,934,2528,2393.1429212890434,215.13924611254953,2461.2831349022827,29.530557246172187,-1,-1,off_screen,0.0,912,9,1.0,0.0005963935406476141,44.07064773850612,39.49405065323764,0.11079999967478216,0.24259999918285757,11.051199995563366,0.12969999806955457,11.43210000009276,0,True,gaze_outside_screen,0.7516742373179737
1787908947009,935,2529,2378.6871347511233,439.8287558939873,2436.5043348569347,152.6200168405167,0,2,ai_agent,0.5169211802620769,0,5,1.2,0.0005569708692950183,42.68607331622392,39.489548755207764,0.15039999561849982,0.31400000443682075,10.503600002266467,0.1360000023851171,10.967100010020658,0,True,on_screen,0.7516742373179737
1787908947024,936,2530,2378.5727558106105,509.32865651979233,2419.1248611430374,259.6326087442994,0,2,ai_agent,0.7001915213928641,14,5,1.2,0.0005449219175533704,45.17847120792614,39.49548535693352,0.10550000297371298,0.2502999996067956,11.450300007709302,0.15870000061113387,11.869599999045022,0,True,on_screen,0.7516742373179737
1787908947056,937,2531,2383.9632703153184,632.6424772955681,2408.5763838947214,371.53556930968,0,2,ai_agent,0.7934757239874892,46,5,1.2,0.0005206006144795709,43.74808252215496,39.49175315142006,0.1647000026423484,0.27319999935571104,10.439399993629195,0.12959999730810523,10.855999993509613,0,True,on_screen,0.7516742373179737
1787908947072,938,2532,2387.5088425130884,668.9586487698875,2402.2561214802313,460.76249314774225,0,2,ai_agent,0.7237359497300061,62,5,1.2,0.0005182814763363634,45.730634186466105,39.497513629955066,0.1100999943446368,0.23680001322645694,10.727300003054552,0.12549999519251287,11.097199996584095,0,True,on_screen,0.7516742373179737
1787908947104,939,2533,2393.261305657021,727.4138272497082,2399.5576767332677,540.757893378332,0,2,ai_agent,0.5986495838194477,95,5,1.2,0.0005068936430013306,44.241382605830395,39.49321606645389,0.15300000086426735,0.2835999912349507,10.524900004384108,0.145800004247576,10.966499990900047,0,True,on_screen,0.7516742373179737
1787908947120,940,2534,2396.227462676398,753.9388914266074,2398.5586125162067,604.7121927928146,0,2,ai_agent,0.4850256802060594,110,5,1.2,0.0004986024051998068,46.21785880295306,39.499171209502016,0.10800000745803118,0.2519999979995191,10.607699994579889,0.12169999536126852,10.990199996740557,0,True,on_screen,0.7516742373179737
1787908947152,941,2535,2398.165919833248,777.7090343403202,2398.440804711319,656.6112452570662,1,2,second_file,0.48753176305511736,0,3,1.4,0.0004995322109533906,44.69932109277484,39.4950856638839,0.10390000534243882,0.35859999479725957,10.22670000384096,0.12740000966005027,10.721700004069135,0,True,on_screen,0.7516742373179737
1787908947184,942,2536,2401.806150172979,797.2605139635552,2399.450408349817,698.806025869013,1,2,second_file,0.5628732375868795,32,3,1.4,0.0005005330215206976,43.336773995602925,39.49029588577643,0.2415999915683642,0.3130999975837767,11.156400010804646,0.16490000416524708,11.648100000456907,0,True,on_screen,0.7516742373179737
1787908947200,943,2537,2404.9495114767324,796.80436351752,2401.1001392878916,728.205527163565,1,2,second_file,0.6126361176197304,48,3,1.4,0.0005012102462984298,45.39156668073552,39.496399146608034,0.12180001067463309,0.3020000003743917,10.890099991229363,0.18760000239126384,11.390100000426173,0,True,on_screen,0.7516742373179737
1787908947232,944,2538,2413.6578596803215,814.2334923147858,2404.8674554056206,754.0139167089312,1,2,second_file,0.651685764493743,80,3,1.4,0.0004964986687270509,43.99676746413056,39.492807166322535,0.16599999798927456,0.27799999224953353,10.337600004277192,0.12549999519251287,10.750500005087815,0,True,on_screen,0.7516742373179737
1787908947248,945,2539,2421.4156788415266,815.6776058119443,2409.8319224363922,772.5130234398351,1,2,second_file,0.6747564351358433,95,3,1.4,0.0004970407491904152,45.87845829468296,39.498589380761075,0.12620000052265823,0.24959999427665025,10.356500002671964,0.12519999290816486,10.739999997895211,0,True,on_screen,0.7516742373179737
1787908947280,946,2540,2430.6362349376654,817.6658040513041,2416.073216186774,786.0588576232758,1,2,second_file,0.6862764641742701,128,3,1.4,0.0004953876715843505,44.366314725166994,39.49416114745524,0.18370000179857016,0.3212000010535121,10.286499993526377,0.1343000039923936,10.754700007964857,0,True,on_screen,0.7516742373179737
1787908947296,947,2541,2430.9471848455564,822.0988342899176,2420.5354067844087,796.8708506232683,1,2,second_file,0.6945335349392573,144,3,1.4,0.0004967528913605752,46.23437646862139,39.49995255031366,0.14819999341852963,0.22950000129640102,10.43039999785833,0.112900001113303,10.780500000691973,0,True,on_screen,0.7516742373179737
1787908947328,948,2542,2436.8674711825533,828.1543837973197,2425.435026103852,806.2559105754837,1,2,second_file,0.6988637863537019,176,3,1.4,0.000495832341706413,44.71986953613517,39.49496314613254,0.15419999544974416,0.31010000384412706,11.619199998676777,0.12199999764561653,12.061400004313327,0,True,on_screen,0.7516742373179737
1787908947360,949,2543,2435.1695121934868,833.1041818670637,2428.3553719307424,814.3103919629576,1,2,second_file,0.7035544003043417,207,3,1.4,0.0004984969255572482,43.36476893767752,39.49143498405925,0.1472000003559515,0.30360001255758107,10.593900005915202,0.13979998766444623,11.050300003262237,0,True,on_screen,0.7516742373179737
1787908947376,950,2544,2433.6555261027243,832.9935311070376,2429.9454181823367,819.9153337061816,1,2,second_file,0.7070267878564798,223,3,1.4,0.0005004669072329847,45.40100662910404,39.49651715395851,0.15039999561849982,0.30810000316705555,11.932599998544902,0.13830000534653664,12.391200012643822,0,True,on_screen,0.7516742373179737
1787908947408,951,2545,2438.703108368819,832.3767285055193,2432.5727252382812,823.6537521459828,1,2,second_file,0.706475621773555,256,3,1.4,0.0005028649649120968,43.992256736279074,39.49355881005402,0.13240000407677144,0.3063999902224168,10.158299992326647,0.1275000104214996,10.60160000633914,0,True,on_screen,0.7516742373179737
1787908947424,952,2546,2440.0134542062756,832.4705339243418,2434.8049439286797,826.2987866794905,1,2,second_file,0.7052827513382867,272,3,1.4,0.0005035482984240315,45.92150412628953,39.49923980796737,0.1334000116912648,0.2514999941922724,10.483499994734302,0.10590000601951033,10.848699996131472,0,True,on_screen,0.7516742373179737
1787908947456,953,2547,2443.5017598332624,831.3029196148156,2437.4139887000547,827.800026560088,1,2,second_file,0.7022240406327434,304,3,1.4,0.0005044310722970048,44.41105579976078,39.493803868744926,0.2179000002797693,0.37879998853895813,12.036599990096875,0.1584999990882352,12.59139999456238,0,True,on_screen,0.7516742373179737
1787908947488,954,2548,2443.886332882246,838.8166732159018,2439.355691954712,831.1050205568322,1,2,second_file,0.7018648306251702,335,3,1.4,0.0005016811230139084,43.14085903393099,39.49101071609532,0.11590000940486789,0.27400000544730574,10.515999994822778,0.1379999885102734,10.938299994450063,0,True,on_screen,0.7516742373179737
1787908947504,955,2549,2445.922725620702,841.9373850435874,2441.3258020545086,834.3547299028587,1,2,second_file,0.7012193378408804,351,3,1.4,0.0005018458035105471,45.07193313316898,39.49692899446328,0.10859999747481197,0.23949999012984335,10.210799999185838,0.11850000009872019,10.576200002105907,0,True,on_screen,0.7516742373179737
1787908947537,956,2550,2445.81208170578,857.1517315587381,2442.67168594989,841.1938303996225,1,2,second_file,0.7043285688824985,384,3,1.4,0.000491128951062788,43.60829615385851,39.49160814323189,0.1846000086516142,0.29469998844433576,11.281300001428463,0.14890001330059022,11.73719999496825,0,True,on_screen,0.7516742373179737
1787908947553,957,2551,2446.70398902685,856.8471666293175,2443.8813768729783,845.889831268531,1,2,second_file,0.7055907602761919,401,3,1.4,0.0004901931073470513,45.593570351337455,39.497554382192455,0.16060000052675605,0.2967000036733225,11.119599992525764,0.14930000179447234,11.576699995202944,0,True,on_screen,0.7516742373179737
1787908947584,958,2552,2444.843974491046,867.1070447252337,2444.1701561583986,852.2549953055418,1,2,second_file,0.7093278642590068,432,3,1.4,0.00048740626164352555,44.192773012200576,39.49397618747283,0.1260999997612089,0.29179999546613544,10.642599998391233,0.14060000830795616,11.088399987784214,0,True,on_screen,0.7516742373179737
1787908947600,959,2553,2446.773689694525,866.0035616148409,2444.9512162192364,856.3795651983314,1,2,second_file,0.7103721445463016,447,3,1.4,0.0004871499608254809,45.93151037100594,39.49937364405848,0.13479999324772507,0.28789999487344176,10.88020000315737,0.15390000771731138,11.336700001265854,0,True,on_screen,0.7516742373179737
1787908947632,960,2554,2447.2894521547896,862.7896514514026,2445.652686999902,858.3025910742526,1,2,second_file,0.7101449351451841,480,3,1.4,0.0004878905996449079,44.47274289423396,39.49486751052639,0.13519999629352242,0.43169999844394624,11.524299989105202,0.155999994603917,12.126600006013177,0,True,on_screen,0.7516742373179737
1787908947664,961,2555,2447.4749875482403,860.7915199751911,2446.1993771644034,859.0492697445342,1,2,second_file,0.70952434100367,512,3,1.4,0.00048707054529612166,43.1559861420612,39.491131774075235,0.17840000509750098,0.31210000452119857,11.15939998999238,0.13780000153928995,11.622399993939325,0,True,on_screen,0.7516742373179737
1787908947681,962,2556,2445.8862999292564,860.8962835284071,2446.105453993859,859.6033738796959,1,2,second_file,0.7100008034833474,529,3,1.4,0.0004878313441088397,44.941073244202954,39.497091629498165,0.1548000000184402,0.27269999554846436,10.385000001406297,0.11930000619031489,10.786400001961738,0,True,on_screen,0.7516742373179737
1787908947712,963,2557,2446.6407703441046,860.8514549934716,2446.2660488989327,859.9777982138286,1,2,second_file,0.7098974636285906,559,3,1.4,0.00048782584148846994,43.62656560830778,39.49277548788676,0.148899998748675,0.27409999165683985,11.280699996859767,0.16429999959655106,11.729599995305762,0,True,on_screen,0.7516742373179737
1787908947729,964,2558,2444.578713687923,862.0750809039147,2445.7598483356296,860.6069830208544,1,2,second_file,0.711186985200043,577,3,1.4,0.00048688711029781957,45.31930379713291,39.498060805034285,0.2317000034963712,0.37129998963791877,11.299200006760657,0.18519999866839498,11.869199995999224,0,True,on_screen,0.7516742373179737
1787908947760,965,2559,2443.5107767564414,855.4853270720295,2445.085126861873,859.0704862362069,1,2,second_file,0.7116371208542138,608,3,1.4,0.0004890097792008292,43.9450753681923,39.49443371408901,0.1353999978164211,0.32419999479316175,11.00689999293536,0.12650000280700624,11.46829999925103,0,True,on_screen,0.7516742373179737
1787908947792,966,2560,2443.1442072326863,847.601207579326,2444.502850973117,855.6297026391426,1,2,second_file,0.7107729604556249,640,3,1.4,0.0004909887891570708,42.71052485710176,39.49036493174001,0.11029999586753547,0.2762000076472759,11.362400007783435,0.1714999962132424,11.82110000809189,0,True,on_screen,0.7516742373179737
1787908947808,967,2561,2443.225837468525,843.9114021704485,2444.119746921739,852.1142124985342,1,2,second_file,0.7093322787975757,656,3,1.4,0.0004918550884758042,44.62483532451625,39.49543068247883,0.15320000238716602,0.39829999150242656,12.081599998055026,0.16649998724460602,12.658599996939301,0,True,on_screen,0.7516742373179737
1787908947840,968,2562,2445.684230262337,839.8948263721782,2444.589091923918,848.4483966606274,1,2,second_file,0.7060613162385854,687,3,1.4,0.0004932427368900261,43.30420982463705,39.49220807867515,0.11900000390596688,0.28140000358689576,11.029600005713291,0.12280000373721123,11.442600007285364,0,True,on_screen,0.7516742373179737
1787908947856,969,2563,2446.4208569706725,838.747815492981,2445.1386214379445,845.5382223103335,1,2,second_file,0.7030399412889022,703,3,1.4,0.0004932245406483737,45.067931150727475,39.497599594641606,0.1390999968862161,0.2555999963078648,11.096000001998618,0.13619998935610056,11.496199993416667,0,True,on_screen,0.7516742373179737
1787908947888,970,2564,2450.590758941194,835.7048534291071,2446.7742626889194,842.5882116459654,1,2,second_file,0.697929982868771,736,3,1.4,0.0004942670377487378,43.718959644852006,39.493906657809696,0.1640999980736524,0.33310000435449183,10.673099997802638,0.19759999122470617,11.216700004297309,0,True,on_screen,0.7516742373179737
1787908947904,971,2565,2450.9540108822976,833.9662910228371,2448.0281871469324,840.0016354590268,1,2,second_file,0.6937285499621741,752,3,1.4,0.0004939473489635523,45.4751154456056,39.49918513489043,0.13110000872984529,0.29009999707341194,11.070000007748604,0.16900000628083944,11.539599989191629,0,True,on_screen,0.7516742373179737
1787908947936,972,2566,2454.6562727928285,831.5870215024943,2450.0166128407013,837.477251272067,1,2,second_file,0.688204824010462,784,3,1.4,0.0004943444502808481,44.0848073769956,39.495660790604845,0.11649999942164868,0.2567999908933416,10.593500002869405,0.1205000007757917,10.979800004861318,0,True,on_screen,0.7516742373179737
1787908947968,973,2567,2454.4199115685747,831.0741729698958,2451.3376024590634,835.5563277814156,1,2,second_file,0.684327403048963,815,3,1.4,0.0004946327224677367,42.81646800887895,39.490797867978216,0.1483999949414283,0.2840999950421974,12.006100005237386,0.1564999984111637,12.457200005883351,0,True,on_screen,0.7516742373179737
1787908947984,974,2568,2455.728151744869,830.8283372835192,2452.654767244805,834.1379306320466,1,2,second_file,0.6808392068776623,832,3,1.4,0.000494761494721295,44.66047052583518,39.49656922310766,0.1576999929966405,0.28589999419637024,11.509599993587472,0.14619999274145812,11.952400003792718,0,True,on_screen,0.7516742373179737
1787908948016,975,2569,2459.3460635633737,829.7283419867482,2454.6621561403754,832.815054038457,1,2,second_file,0.6761837286238734,864,3,1.4,0.0004958634203481443,43.3396314345965,39.49337759933226,0.1463999942643568,0.2545000024838373,10.33119999920018,0.1370999962091446,10.733100003562868,0,True,on_screen,0.7516742373179737
1787908948032,976,2570,2460.7844352667908,829.3556672035646,2456.4988398783,831.7772379879893,1,2,second_file,0.6720610261346058,880,3,1.4,0.0004962546163707962,45.270743628220345,39.499252514298895,0.10299999848939478,0.22969998826738447,10.055400009150617,0.12110000534448773,10.41339999937918,0,True,on_screen,0.7516742373179737
1787908948066,977,2571,2463.348697273542,830.3726516545195,2458.5537970968726,831.3558620879484,1,2,second_file,0.6680399243603595,914,3,1.4,0.0004934832447525336,43.70860885425967,39.493026528440986,0.11690000246744603,0.29299999005161226,11.663400000543334,0.29510000604204834,12.264199991477653,0,True,on_screen,0.7516742373179737
1787908948096,978,2572,2465.136246734525,827.0484414116567,2460.528531988168,830.0636358850609,1,2,second_file,0.6634668520018234,944,3,1.4,0.0004946605618660962,42.641687256313865,39.49042537747172,0.12260000221431255,0.2699000033317134,11.20900000387337,0.11899998935405165,11.607799999183044,0,True,on_screen,0.7516742373179737
1787908948112,979,2573,2464.6324862547567,824.3241548297949,2461.7597182681448,828.3417915684811,1,2,second_file,0.6598750592009339,960,3,1.4,0.000496029627809114,44.61578279617913,39.49678844214191,0.10710000060498714,0.23350000265054405,10.001100003137253,0.1615999935893342,10.40379999903962,0,True,on_screen,0.7516742373179737
1787908948144,980,2574,2473.5986778958345,819.4848977714925,2465.3114061564515,825.6847234293845,1,2,second_file,0.6513653773339123,992,3,1.4,0.0004962998013871289,43.279624494589406,39.492431184275965,0.12120000610593706,0.3345000004628673,10.411399998702109,0.16120000509545207,10.916800005361438,0,True,on_screen,0.7516742373179737
1787908948160,981,2575,2473.8767430528596,818.5782708589926,2467.8810072253737,823.5527876582669,1,2,second_file,0.6450290429590478,1008,3,1.4,0.0004959542708799815,45.059352847779934,39.49783916755305,0.19920000340789557,0.3015999973285943,10.503800003789365,0.119399992399849,10.937699989881366,0,True,on_screen,0.7516742373179737
1787908948192,982,2576,2481.480078524413,817.5671402732675,2471.9607286150854,821.757093442767,1,2,second_file,0.6362813353357475,1039,3,1.4,0.0004957376392055561,43.70581385714857,39.49392296995817,0.11829999857582152,0.2477000089129433,10.612400001264177,0.13109999417793006,11.000999991665594,0,True,on_screen,0.7516742373179737
1787908948208,983,2577,2483.2721069384424,816.4817690980207,2475.354142112092,820.1744961393431,1,2,second_file,0.6289314057255748,1055,3,1.4,0.0004956971462617733,45.6059650837376,39.499882257548705,0.11079999967478216,0.24199999461416155,10.156199990888126,0.12409999908413738,10.529899998800829,0,True,on_screen,0.7516742373179737
1787908948245,984,2578,2478.6072957665583,811.2403896863524,2476.330088208432,817.4942642034458,1,2,second_file,0.6249522579814144,1092,3,1.4,0.0004954243335485026,43.7693848646756,39.49218697173747,4.669800007832237,0.4447999963304028,11.251100004301406,0.13929999840911478,11.853399992105551,0,True,on_screen,0.7516742373179737
1787908948272,985,2579,2480.2046774805717,810.126460728169,2477.4924649900736,815.2839231608627,1,2,second_file,0.6210093423691202,1120,3,1.4,0.0004952236609546516,43.05890161328931,39.491628598565384,0.1703000016277656,0.3012000088347122,10.38620001054369,0.12600001355167478,10.8238000102574,0,True,on_screen,0.7516742373179737
1787908948288,986,2580,2478.482435711669,810.8284949219488,2477.789456206552,813.9472946891885,1,2,second_file,0.6193284236833247,1136,3,1.2,0.0004945882869999349,44.94220264577304,39.49728686094749,0.13840000610798597,0.2423999976599589,10.267399993608706,0.11140000424347818,10.629299998981878,0,True,on_screen,0.7516742373179737
1787908948320,987,2581,2475.257554165604,811.7907563844901,2477.0298855942674,813.300333197779,1,2,second_file,0.620096809319983,1167,3,1.2,0.0004944423352524398,43.592033365145035,39.49270483748339,0.10279999696649611,0.24319998919963837,11.314700008369982,0.1475000026402995,11.72319999022875,0,True,on_screen,0.7516742373179737
1787908948336,988,2582,2468.4812157400497,811.8028921091502,2474.465284638002,812.8511008711903,1,2,second_file,0.6241902548793237,1184,3,1.2,0.0004936246984571374,45.41200127712342,39.49720450274564,0.14650000957772136,0.2646000066306442,13.011299990466796,0.12669998977798969,13.412599990260787,0,True,on_screen,0.7516742373179737
1787908948368,989,2583,2465.571528199339,806.6178727017051,2471.7971577064027,810.9811324203447,1,2,second_file,0.6271398453828912,1216,3,1.2,0.0004914580436449906,44.01029186242988,39.49448200619792,0.1168999879155308,0.25919999461621046,10.988199996063486,0.1297999988310039,11.386600002879277,0,True,on_screen,0.7516742373179737
1787908948400,990,2584,2476.091115129296,803.703426434122,2473.085344933271,808.7978206244778,1,2,second_file,0.6228885861894037,1248,3,1.2,0.0004839488563162381,42.73113105162528,39.490401795189435,0.12939999578520656,0.27629999385681003,11.014000003342517,0.13509999553207308,11.434500003815629,0,True,on_screen,0.7516742373179737
1787908948416,991,2585,2480.23798134333,803.2435791240555,2475.2311358562883,807.1315481743511,1,2,second_file,0.6176276153355654,1263,3,1.2,0.0004824164665097868,44.70505060480913,39.49575517270256,0.12179999612271786,0.2572999947005883,11.450100006186403,0.15980000898707658,11.876999997184612,0,True,on_screen,0.7516742373179737
1787908948448,992,2586,2479.3722220590944,804.5934054399078,2476.4734617171302,806.370105354018,1,2,second_file,0.6147713411239875,1296,3,1.0,0.00047912381045255373,43.362703028934256,39.492311280710794,0.1281999866478145,0.27289999707136303,10.518900002352893,0.1345000055152923,10.938100007479079,0,True,on_screen,0.7516742373179737
1787908948464,993,2587,2487.23239116887,804.1018902009952,2479.7011405526523,805.6896408081111,1,2,second_file,0.6085614827721282,1312,3,1.0,0.00047899001259684923,45.29182208489418,39.49814177122063,0.1078000059351325,0.23799999326001853,10.259799993946217,0.1247000036528334,10.629299998981878,0,True,on_screen,0.7516742373179737
1787908948496,994,2588,2488.5050781750556,805.0900850026273,2482.342321839373,805.509774066466,1,2,second_file,0.6038206573645366,1344,3,1.0,0.0004781121034665402,43.88954533407057,39.4937430755673,0.11260001338087022,0.23689999943599105,10.856000008061528,0.1613000058569014,11.264099986874498,0,True,on_screen,0.7516742373179737
1787908948512,995,2589,2485.3975054009697,805.803089358774,2483.258876907852,805.5977686541582,1,2,second_file,0.6023104760228764,1360,3,1.0,0.0004772521240852968,45.64838374622995,39.49917041367767,0.10900000052060932,0.2936000091722235,10.85580000653863,0.1503000094089657,11.311099995509721,0,True,on_screen,0.7516742373179737
1787908948544,996,2590,2491.35844071902,805.4338516131556,2485.6887460512025,805.5485935418574,1,2,second_file,0.5980395302638418,1391,3,1.0,0.00047718109068171574,44.21933444612443,39.49533742292359,0.12929999502375722,0.28059999749530107,10.67059999331832,0.13869999384041876,11.101700001745485,0,True,on_screen,0.7516742373179737
1787908948576,997,2591,2492.309461041085,804.586884647503,2487.6749605481673,805.260080873551,1,2,second_file,0.5943168965619436,1424,3,0.8,0.00047623937083387385,42.938055199799585,39.49175245538467,0.1075999898603186,0.26670000806916505,10.127799992915243,0.13259999104775488,10.536000001593493,0,True,on_screen,0.7516742373179737
1787908948592,998,2592,2491.333882518352,803.9221153383472,2488.7726371392228,804.8586912129898,1,2,second_file,0.5920406451682074,1440,3,0.8,0.00047547131191641966,44.8464539390588,39.496740757755944,0.15440001152455807,0.24199999461416155,11.034600000130013,0.15949999215081334,11.445199997979216,0,True,on_screen,0.7516742373179737
1787908948624,999,2593,2487.506255738568,804.4523850459585,2488.392722719026,804.7367993628804,1,2,second_file,0.5925937578641691,1472,3,0.8,0.0004750512044572573,43.450869255491725,39.492554516518,0.192299994523637,0.30220000189729035,10.901400004513562,0.13139999646227807,11.350500004482456,0,True,on_screen,0.7516742373179737
1787908948640,1000,2594,2487.0856131719484,806.8218486523045,2488.0005898549025,805.3623141497076,1,2,second_file,0.5938405379839795,1488,3,0.8,0.0004737127228740968,45.54352294008163,39.49890615666865,0.10659999679774046,0.2474999928381294,10.194000002229586,0.12689999130088836,10.575899999821559,0,True,on_screen,0.7516742373179737
1787908948672,1001,2595,2486.707937848484,818.2943142953633,2487.612794252977,809.2419141934042,1,2,second_file,0.5979493370673474,1519,3,0.8,0.0004662031066244923,44.07511417279429,39.49458353778718,0.14489999739453197,0.27829999453388155,10.266800003591925,0.1252999936696142,10.678599996026605,0,True,on_screen,0.7516742373179737
1787908948704,1002,2596,2482.9082753627044,817.5514924442734,2486.201438585895,811.7347876686649,1,2,second_file,0.6025887165411907,1552,3,0.8,0.0004653934510537427,42.80321484298923,39.48984559236225,0.145800004247576,0.3859999997075647,11.391099993488751,0.15230001008603722,11.993399995844811,0,True,on_screen,0.7516742373179737
1787908948720,1003,2597,2482.368052611097,817.2902329616975,2485.0514227934555,813.4014212565746,1,2,second_file,0.6060417426662683,1568,3,0.8,0.00046471994660927246,44.8735916151942,39.49640871337334,0.10699999984353781,0.251600009505637,10.250899998936802,0.12599999899975955,10.641799992299639,0,True,on_screen,0.7516742373179737
1787908948752,1004,2598,2482.73740942807,822.0689239452282,2484.3572187838395,816.0016720631706,1,2,second_file,0.6094528080935706,1600,3,0.8,0.00046146398117660227,43.49189003045434,39.49199071874232,0.11890000314451754,0.35149999894201756,10.634899997967295,0.12460000289138407,11.119899994810112,0,True,on_screen,0.7516742373179737
1787908948768,1005,2599,2480.272355003286,821.7682604255168,2483.1317596496733,817.7316485718745,1,2,second_file,0.6130616412757656,1615,3,0.8,0.0004609962220010512,45.503781393156714,39.49768566737951,0.10289999772794545,0.228899996727705,10.823100004927255,0.17080000543501228,11.232000004383735,0,True,on_screen,0.7516742373179737
1787908948800,1006,2600,2478.285383148483,822.5192096961059,2481.677846699316,819.167916909144,1,2,second_file,0.6168293759521942,1648,3,0.8,0.00046336672579948973,44.06783365527745,39.493726877186816,0.1306000049225986,0.3502000035950914,10.540100003709085,0.13770000077784061,11.039699995308183,0,True,on_screen,0.7516742373179737
1787908948816,1007,2601,2479.532532705046,824.518410097377,2481.0342525010346,820.7730648656138,1,2,second_file,0.6192768517250092,1664,3,0.8,0.00046040687026476304,45.86410095235303,39.49951295475842,0.09699999645818025,0.23820000933483243,10.216800001217052,0.12850000348407775,10.591700003715232,0,True,on_screen,0.7516742373179737
1787908948848,1008,2602,2478.483146974798,830.4593332419514,2480.2689208431634,823.6789453785151,1,2,second_file,0.6229501812191729,1696,3,0.8,0.00045429305019290857,44.39953974040509,39.49528145000006,0.12340000830590725,0.26220000290777534,10.545199998887256,0.11789999553002417,10.93409999157302,0,True,on_screen,0.7516742373179737
1787908948880,1009,2603,2476.3453354832664,832.0846480040251,2479.0918452351943,826.2006561661681,1,2,second_file,0.6270197168493297,1728,3,0.8,0.0004513431520830214,43.07727867404774,39.49103313233786,0.1694999955361709,0.30759999935980886,10.814599998411722,0.13190000026952475,11.268599992035888,0,True,on_screen,0.7516742373179737
1787908948896,1010,2604,2474.1172051291255,832.2889707194335,2477.5994532033737,828.0271505321476,1,2,second_file,0.6311054099638401,1743,3,0.8,0.0004511883719379977,45.14263091900579,39.497126169235656,0.15419999544974416,0.26590000197757035,10.32899999700021,0.12399999832268804,10.7276000053389,0,True,on_screen,0.7516742373179737
1787908948928,1011,2605,2467.8427203349383,834.7910199560359,2474.672433342843,830.0563113593141,1,2,second_file,0.6379354164769356,1776,3,0.8,0.00045280210330630837,43.70885478992474,39.49161942583556,0.1396000006934628,0.2767000114545226,12.359200001810677,0.13190000026952475,12.780200006091036,0,True,on_screen,0.7516742373179737
1787908948945,1012,2606,2467.14389111506,833.4821245884177,2472.413870674508,831.0840553280451,1,2,second_file,0.6428027260503499,1792,3,0.8,0.00045229840391797574,45.5045280655286,39.49787787723935,0.11539999104570597,0.2786999975796789,10.978000005707145,0.1613000058569014,11.429600010160357,0,True,on_screen,0.7516742373179737
1787908948976,1013,2607,2467.15516125949,822.9377863057935,2470.8362578500023,828.6401746213695,1,2,second_file,0.6438077814187739,1824,3,0.8,0.0004484506428511052,44.097059018261014,39.493641284402926,0.17130000924225897,0.3429000062169507,11.49789999180939,0.15409999468829483,12.010899998131208,0,True,on_screen,0.7516742373179737
1787908949008,1014,2608,2464.1088525422683,822.9593723470443,2468.8180362576823,826.9359339390719,1,2,second_file,0.6461043282432459,1855,3,0.8,0.000443867038552561,42.8565736469223,39.48990627623491,0.1343000039923936,0.2913999924203381,11.580100006540306,0.13939999917056412,12.023899995256215,0,True,on_screen,0.7516742373179737
1787908949024,1015,2609,2463.5787346377874,819.731739774333,2467.246245771714,824.7746756896502,1,2,second_file,0.6471683584321158,1871,3,0.8,0.00044393229796793436,44.82513788424171,39.49608721090253,0.115999995614402,0.28530000417958945,10.591999991447665,0.13129999570082873,11.018200006219558,0,True,on_screen,0.7516742373179737
1787908949056,1016,2610,2458.1427332257545,819.8813493336258,2464.515192007926,823.3066777828428,1,2,second_file,0.6507974075757597,1904,3,0.8,0.0004408307194090494,43.45812182700274,39.49176770119744,0.18010000349022448,0.31010000384412706,10.997399993357249,0.14670001110062003,11.467499993159436,0,True,on_screen,0.7516742373179737
1787908949072,1017,2611,2455.6654118797696,826.1690190620455,2461.860257969479,824.1653801666035,1,2,second_file,0.656225674057022,1920,3,0.8,0.0004379655890032544,45.236908485014744,39.497595367186456,0.15669999993406236,0.3037999995285645,10.260399998514913,0.13179999950807542,10.706600005505607,0,True,on_screen,0.7516742373179737
1787908949104,1018,2612,2455.691208672193,826.5427968743836,2460.009543180293,824.8786051789375,1,2,second_file,0.6601063928264088,1952,3,0.8,0.0004376874319497598,43.84974437239293,39.49356076467752,0.14949998876545578,0.26780000189319253,10.495099995750934,0.12399999832268804,10.898200009251013,0,True,on_screen,0.7516742373179737
1787908949120,1019,2613,2456.032510213919,824.9722866470969,2458.8164332903807,824.9067096193853,1,2,second_file,0.6622390836657635,1967,3,0.8,0.00043880275016548384,45.80520031879972,39.49945785142113,0.09650000720284879,0.23659999715164304,10.19869999436196,0.12519999290816486,10.5689999909373,0,True,on_screen,0.7516742373179737
1787908949152,1020,2614,2455.3934186534625,826.2065029675005,2457.789528899305,825.2966476238198,1,2,second_file,0.6643867558417794,2000,3,0.8,0.0004406561934014487,44.314628685625095,39.49506606602672,0.16309999045915902,0.34300000697840005,10.384900000644848,0.1396000006934628,10.881900001550093,0,True,on_screen,0.7516742373179737
1787908949184,1021,2615,2453.6855920677863,818.3727447300694,2456.5583478498493,823.2194767556946,1,2,second_file,0.6647457999541383,2032,3,0.8,0.00043831545143906483,43.04883476991014,39.49141902509248,0.13120000949129462,0.26030000299215317,10.321099995053373,0.1362000039080158,10.727100001531653,0,True,on_screen,0.7516742373179737
1787908949200,1022,2616,2451.2590922398313,808.5466463313437,2454.968571166844,818.8176276283893,1,2,second_file,0.6635251892728296,2048,3,0.8,0.0004395315579937588,44.98856531647565,39.4970749275562,0.10159998782910407,0.23700000019744039,10.161099999095313,0.1436000020476058,10.549600003287196,0,True,on_screen,0.7516742373179737
1787908949232,1023,2617,2448.303163691133,800.8429221367584,2452.9689489241305,813.4252159809,1,2,second_file,0.6617841461075353,2080,3,0.8,0.00043726500737366336,43.57746275199826,39.49213441104939,0.15300000086426735,0.36610000825021416,11.259999999310821,0.13100000796839595,11.770800003432669,0,True,on_screen,0.7516742373179737
1787908949248,1024,2618,2445.4727674288733,799.764061078027,2450.720094475553,809.3268695100381,1,2,second_file,0.661434218031439,2095,3,0.8,0.00044047319743314474,45.54698828386764,39.498398581331685,0.11809999705292284,0.25850000383798033,10.386400012066588,0.11999999696854502,10.77419999637641,0,True,on_screen,0.7516742373179737
1787908949280,1025,2619,2438.8551254019762,795.6478862643246,2447.1606037534802,805.223174536324,1,2,second_file,0.6629787110910457,2128,3,0.8,0.00043811391815590586,44.12239544067904,39.49456064670002,0.13270000636111945,0.26729999808594584,10.182099998928607,0.12919999426230788,10.587400000076741,0,True,on_screen,0.7516742373179737
1787908949312,1026,2620,2435.965437401087,794.0858074259476,2443.802053847762,801.881964403211,1,2,second_file,0.6647316351003818,2160,3,0.8,0.0004396721989509359,42.84396974756211,39.49010193482193,0.15990000974852592,0.3178999904775992,11.024499995983206,0.1323000033153221,11.487399999168701,0,True,on_screen,0.7516742373179737
1787908949328,1027,2621,2434.160070427028,794.4299705315725,2440.909458821542,799.6463662417193,1,2,second_file,0.6667877657709055,2176,3,0.8,0.0004404820798199222,44.7744200452983,39.49589971229882,0.12510000669863075,0.27490001230034977,10.557600005995482,0.13269999180920422,10.976899997331202,0,True,on_screen,0.7516742373179737
1787908949360,1028,2622,2425.9603768914003,795.188046207604,2436.4247342424997,798.3088702314847,1,2,second_file,0.6722540453789503,2207,3,0.8,0.00044065746470780404,43.45251774793273,39.49223582267541,0.11350000568199903,0.24510000366717577,10.3874999913387,0.12310000602155924,10.76459999603685,0,True,on_screen,0.7516742373179737
1787908949376,1029,2623,2424.8722322938297,794.6802669796682,2432.9589836578984,797.2202892559396,1,2,second_file,0.6762956844168517,2223,3,0.8,0.00044055981152945484,45.362700382063096,39.49791503260713,0.10210000618826598,0.22869999520480633,10.193800000706688,0.11949999316129833,10.550099992542528,0,True,on_screen,0.7516742373179737
1787908949408,1030,2624,2422.3177021500005,795.3608810940601,2429.766599205529,796.6624668073757,1,2,second_file,0.6804782416256805,2256,3,0.8,0.0004401835911433498,43.93722761023337,39.493386246248214,0.12630000128410757,0.29939999512862414,10.86619999841787,0.1601999974809587,11.3400999980513,0,True,on_screen,0.7516742373179737
1787908949424,1031,2625,2420.277722086638,799.8059293321838,2426.9199360698613,797.6055055648181,1,2,second_file,0.6859637103363891,2272,3,0.8,0.00043518331616558027,45.75877701595685,39.49931629693544,0.13320001016836613,0.26879999495577067,10.197399999015033,0.11779999476857483,10.592499995254911,0,True,on_screen,0.7516742373179737
1787908949456,1032,2626,2419.835179945754,801.3611437537214,2424.794509232629,798.732197021489,1,2,second_file,0.6905833467167437,2304,3,0.8,0.00043303758583420303,44.319091601024525,39.49543561282518,0.1083999959519133,0.25579999783076346,10.11929998639971,0.17130000924225897,10.555899993050843,0,True,on_screen,0.7516742373179737
1787908949489,1033,2627,2417.4575132368886,799.0113527310622,2422.5934104339067,798.8159437343609,1,2,second_file,0.6939885351782249,2337,3,0.8,0.00043299138429588047,42.95991714372249,39.490430042213035,0.13749999925494194,0.43929999810643494,11.166900003445335,0.13890000991523266,11.76169999234844,0,True,on_screen,0.7516742373179737
1787908949504,1034,2628,2418.887356604391,798.8878548749478,2421.481594285052,798.837517076537,1,2,second_file,0.6956731412458104,2351,3,0.8,0.00043241306431838697,45.01861901018874,39.4965790679844,0.12679999053943902,0.27010000485461205,10.572500003036112,0.12889999197795987,10.987400004523806,0,True,on_screen,0.7516742373179737
1787908949536,1035,2629,2418.0496836987577,797.6316155975405,2420.4520211091635,798.475746632838,1,2,second_file,0.6967355517987697,2384,3,0.8,0.00043106574041163956,43.675227019992946,39.49279836203429,0.1210999907925725,0.2530999918235466,10.6342999933986,0.12170000991318375,11.017400000127964,0,True,on_screen,0.7516742373179737
1787908949552,1036,2630,2418.91803396713,800.3390917768282,2419.9918249665534,799.034750176035,1,2,second_file,0.6981374566210605,2400,3,0.8,0.0004304233259020372,45.493641203893304,39.49845581688579,0.10790000669658184,0.22780000290367752,10.26090000232216,0.13719999697059393,10.634499994921498,0,True,on_screen,0.7516742373179737
1787908949584,1037,2631,2419.1101874424417,802.4015329182282,2419.7273337093197,800.0447849986929,1,2,second_file,0.6998285762458278,2432,3,0.8,0.0004275640840314225,44.06501532631377,39.49401006838764,0.14960000407882035,0.2994999958900735,10.95270000223536,0.14089999604038894,11.406300007365644,0,True,on_screen,0.7516742373179737
1787908949616,1038,2632,2414.72622965244,811.5272555990679,2418.2270024922555,803.4895261788054,1,2,second_file,0.7064599715951676,2463,3,0.8,0.00042095763304045297,42.806533689162045,39.490512670649935,0.1134999911300838,0.25800000003073364,10.475399991264567,0.1205000007757917,10.862499999348074,0,True,on_screen,0.7516742373179737
1787908949632,1039,2633,2413.233727599661,811.9895821157567,2416.729020024477,806.0395429598907,1,2,second_file,0.711930163805083,2480,3,0.8,0.00042086872548770943,44.72040064640435,39.4962496810888,0.10770000517368317,0.22780000290367752,10.000700000091456,0.1196000084746629,10.357099992688745,0,True,on_screen,0.7516742373179737
1787908949664,1040,2634,2409.975101101577,814.6803124213052,2414.702844347607,808.6317737983151,1,2,second_file,0.718239998974677,2512,3,0.8,0.0004188734051519868,43.35577456047981,39.491472003282226,0.1579000090714544,0.3112999984296039,11.085700010880828,0.15230001008603722,11.562999992747791,0,True,on_screen,0.7516742373179737
1787908949680,1041,2635,2411.968804665664,815.3634735890217,2413.882632443024,810.651283735527,1,2,second_file,0.7219976908933792,2528,3,0.8,0.0004184964900133363,45.33735640297894,39.496649245929355,0.1345000055152923,0.2562000008765608,11.92030000675004,0.12350000906735659,12.308999997912906,0,True,on_screen,0.7516742373179737
1787908949712,1042,2636,2407.6136642160664,819.2087254203603,2412.0019419749365,813.218516240977,1,2,second_file,0.7280366803560463,2559,3,0.8,0.000417035640392709,43.93293334748057,39.49341786906984,0.14269999519456178,0.2556999970693141,10.750900008133613,0.1171000039903447,11.132300001918338,0,True,on_screen,0.7516742373179737
1787908949728,1043,2637,2404.576674144476,820.1738300620259,2409.774361625798,815.3051103872916,1,2,second_file,0.734010431680326,2575,3,0.8,0.00041596189007471474,45.80911456682437,39.49916774864332,0.10350000229664147,0.2523000002838671,10.396599987871014,0.12700000661425292,10.782900004414842,0,True,on_screen,0.7516742373179737
1787908949760,1044,2638,2400.4374145033466,829.136151286487,2406.9732774890626,819.4544226570501,1,2,second_file,0.7433767118152259,2608,3,0.8,0.0004117614539984882,44.33016137663646,39.494638345335595,0.14390000433195382,0.3338999958941713,11.003399995388463,0.1680000132182613,11.52169999841135,0,True,on_screen,0.7516742373179737
1787908949792,1045,2639,2400.7385928049484,829.1716151940573,2405.1028720838285,822.3695804181522,1,2,second_file,0.7497841379205089,2640,3,0.8,0.00040997335576346307,43.039111858679256,39.49145428199157,0.11680000170599669,0.2432999899610877,10.022900009062141,0.12639998749364167,10.40159999683965,0,True,on_screen,0.7516742373179737
1787908949808,1046,2640,2399.0917315465545,831.03986875582,2403.2995299226463,824.9706669194525,1,2,second_file,0.7556940149778634,2656,3,0.8,0.0004105353578156244,44.94641937323689,39.49696805115471,0.10200000542681664,0.22960000205785036,9.93039998866152,0.12350000906735659,10.291399987181649,0,True,on_screen,0.7516742373179737
1787908949840,1047,2641,2391.6346912321624,838.5460278958195,2399.800078315501,829.0432752123626,1,2,second_file,0.7659834050032249,2687,3,0.8,0.00040862207250682604,43.57444519349707,39.492209735456576,0.12589999823831022,0.30780000088270754,11.159200003021397,0.16090000281110406,11.642599987681024,0,True,on_screen,0.7516742373179737
1787908949856,1048,2642,2391.918472058216,841.9313878840983,2397.4355964383158,832.9097090138832,1,2,second_file,0.7742057970279538,2703,3,0.8,0.0004074163136602582,45.36607892933584,39.49803593624302,0.18950000230688602,0.337799996486865,10.36739999835845,0.11609999637585133,10.833199994522147,0,True,on_screen,0.7516742373179737
1787908949888,1049,2643,2390.912836153991,837.8559363822609,2395.4787683530185,834.3935772243965,1,2,second_file,0.7790247936924343,2736,3,0.8,0.00040132769389183975,43.97503516189963,39.494142289485524,0.1446999958716333,0.33859998802654445,10.444300001836382,0.11900000390596688,10.957299993606284,0,True,on_screen,0.7516742373179737
1787908949920,1050,2644,2389.2797267577585,842.1828704780941,2393.6190558744406,836.7303652005057,1,2,second_file,0.7846586351366387,2768,3,0.8,0.0003866168279082309,42.738847258675385,39.489824151145136,0.10720000136643648,0.24759999359957874,11.523099994519725,0.17859999206848443,11.965600002440624,0,True,on_screen,0.7516742373179737
1787908949936,1051,2645,2390.009075345086,843.8656190030066,2392.536061715634,838.870941341256,1,2,second_file,0.7888071717407582,2784,3,0.8,0.00038577500264656145,44.55402110609331,39.495526226765364,0.10369998926762491,0.251600009505637,10.78689999121707,0.14189998910296708,11.195500002941117,0,True,on_screen,0.7516742373179737
1787908949968,1052,2646,2390.4327622278583,852.451864046265,2391.905071869301,842.9452181527586,1,2,second_file,0.7942864838953081,2815,3,0.8,0.00038304304932451974,43.253790320810054,39.491678339961375,0.11839999933727086,0.2564000023994595,10.948100010864437,0.13460000627674162,11.348500003805384,0,True,on_screen,0.7516742373179737
1787908949984,1053,2647,2391.8795005856973,851.5495561278901,2391.89740048422,845.526519545298,1,2,second_file,0.7970133958570381,2832,3,0.8,0.0003748647754974882,45.17876287240939,39.497400340650586,0.10309999925084412,0.23330000112764537,10.591800004476681,0.1281000004382804,10.961000007227995,0,True,on_screen,0.7516742373179737
1787908950016,1054,2648,2397.066852768133,843.2599370410682,2393.4482361693936,844.846544794029,1,2,second_file,0.79372213810778,2864,3,0.8,0.0003676801202261333,43.76694930824547,39.492719183888376,0.16930000856518745,0.3235000040149316,11.518100000103004,0.1753999968059361,12.030899990350008,0,True,on_screen,0.7516742373179737
1787908950032,1055,2649,2401.6811766088713,840.778574618145,2395.9181183012365,843.6261537412638,1,2,second_file,0.7883373845741062,2880,3,0.8,0.000365691012558806,45.58274165196543,39.49870079990419,0.15910000365693122,0.2673999988473952,10.640000007697381,0.1289999927394092,11.045499995816499,0,True,on_screen,0.7516742373179737
1787908950064,1056,2650,2405.238705420268,839.264479078533,2398.7142944369457,842.3176513424445,1,2,second_file,0.7823145608758626,2911,3,0.8,0.0003626871295974235,44.16051224514938,39.49481611387354,0.12969999806955457,0.2614000113680959,10.691100003896281,0.11330000415910035,11.074400012148544,0,True,on_screen,0.7516742373179737
1787908950096,1057,2651,2417.3187185282504,831.6501677640131,2404.295621664337,839.117406268915,1,2,second_file,0.7696895877450404,2944,3,0.8,0.00036111014310930695,42.8933532397751,39.49094624027192,0.142400007462129,0.2705999941099435,10.77929999155458,0.1551000023027882,11.214600002858788,0,True,on_screen,0.7516742373179737
1787908950112,1058,2652,2428.550338968324,830.4301484603942,2411.572036855533,836.5112289263587,1,2,second_file,0.7548063225743988,2960,3,0.8,0.00035972874648230665,44.705894856070714,39.49613370381654,0.13989998842589557,0.31460000900551677,10.869799996726215,0.1311999949393794,11.328400010825135,0,True,on_screen,0.7516742373179737
1787908950144,1059,2653,2440.299805009649,835.9120223031773,2420.1903673017678,836.3314669394043,1,2,second_file,0.7399254573629503,2992,3,0.8,0.00035672974176124625,43.39771069538289,39.49285387899139,0.11700000322889537,0.2486000012140721,10.223699995549396,0.1235999952768907,10.604199997032993,0,True,on_screen,0.7516742373179737
1787908950160,1060,2654,2446.8915952644193,835.7392675618347,2428.2007356905633,836.1538071261334,1,2,second_file,0.7258725133127071,3008,3,0.8,0.00035607176482225014,45.24116083874715,39.49800876385158,0.12399999832268804,0.22709999757353216,10.639899992384017,0.10720000136643648,10.981900006299838,0,True,on_screen,0.7516742373179737
1787908950192,1061,2655,2458.8958773996965,837.3135385493263,2437.409278203303,836.5017265530912,1,2,second_file,0.7099727774220895,3039,3,0.8,0.00035727357879773713,43.831969917939986,39.49332635672945,0.18180000188294798,0.3006000042660162,11.678900002152659,0.17419998766854405,12.165799998911098,0,True,on_screen,0.7516742373179737
1787908950224,1062,2656,2461.5244109753644,839.4841190298288,2444.6438180349214,837.3964442961125,1,2,second_file,0.6978070067357963,3072,3,0.8,0.00035694122206237147,42.60078170138323,39.490367705331266,0.12939999578520656,0.2734000008786097,10.384000008343719,0.13070000568404794,10.799299998325296,0,True,on_screen,0.7516742373179737
1787908950240,1063,2657,2461.460614550616,839.6951054902174,2449.6888569896296,838.0860426543438,1,2,second_file,0.6892654992552563,3088,3,0.8,0.0003569070549877401,44.541830895038224,39.49568032682036,0.12430000060703605,0.23950000468175858,10.566299999481998,0.1320000010309741,10.945399990305305,0,True,on_screen,0.7516742373179737
1787908950272,1064,2658,2461.5058874588244,837.8645752033442,2453.233966130388,838.019602419044,1,2,second_file,0.6827992646409784,3120,3,0.8,0.0003573762613762223,43.21133000280054,39.491645824627,0.17869999282993376,0.34359999699518085,10.643600006005727,0.1281000004382804,11.126500001410022,0,True,on_screen,0.7516742373179737
1787908950288,1065,2659,2463.1669805497363,837.7535053795908,2456.2138704561926,837.9397733072079,1,2,second_file,0.6773302880051288,3136,3,0.8,0.00035709845649151833,45.09567271263712,39.494812715796385,0.15020000864751637,0.30640000477433205,14.450699993176386,0.1644000003580004,14.934799997718073,0,True,on_screen,0.7516742373179737
1787908950320,1066,2660,2462.6911035353332,836.6631287106616,2458.1570403799346,837.5567799282439,1,2,second_file,0.673513533699829,3167,3,0.8,0.00035685180700047517,43.69008567545257,39.49260864428105,0.12939999578520656,0.2872000040952116,11.352400004398078,0.14500001270789653,11.796599996159784,0,True,on_screen,0.7516742373179737
1787908950352,1067,2661,2462.6179636522497,833.0232054900674,2459.495317361629,836.1967075967909,1,2,second_file,0.6700730424752573,3200,3,0.8,0.0003587178411378726,42.471318415982694,39.48846426728389,0.12280000373721123,0.27380000392440706,12.003699986962602,0.15520000306423753,12.445899992599152,0,True,on_screen,0.7516742373179737
1787908950368,1068,2662,2462.5527115808254,832.098295792853,2460.412535627388,834.9671840556096,1,2,second_file,0.6674875527710655,3216,3,0.8,0.0003612812668827639,44.45961127032549,39.49422602204637,0.11999999696854502,0.3034999972442165,11.427999997977167,0.15350000467151403,11.897899996256456,0,True,on_screen,0.7516742373179737
1787908950400,1069,2663,2461.6355712591626,826.4421368599837,2460.7794463169203,832.4096698969217,1,2,second_file,0.6648667939839681,3248,3,0.8,0.0003625452538442743,43.152529876533634,39.49039149022754,0.16650000179652125,0.3468000068096444,11.399700000765733,0.146100006531924,11.906499988981523,0,True,on_screen,0.7516742373179737
1787908950416,1070,2664,2462.403178670633,824.1153246293214,2461.266566023034,829.9213663166415,1,2,second_file,0.662030052759712,3263,3,0.8,0.00036299007413654466,45.053708163198955,39.49646877106272,0.10770000517368317,0.2491000050213188,10.394500000984408,0.11049999739043415,10.762599995359778,0,True,on_screen,0.7516742373179737
1787908950448,1071,2665,2461.314886867664,823.3203449039701,2461.2810622764227,827.94105989284,1,2,second_file,0.6604034152330907,3296,3,0.8,0.0003630447841900773,43.6952279043633,39.49130966909374,0.13699999544769526,0.2545000024838373,12.682199987466447,0.1720000000204891,13.11889999487903,0,True,on_screen,0.7516742373179737
1787908950465,1072,2666,2460.0968687481595,822.327653391823,2460.9258042179436,826.2570379425349,1,2,second_file,0.6596445681985437,3312,3,0.8,0.00036312826820508737,45.31211596201533,39.497565601768,0.16589999722782522,0.3727000002982095,10.49800000328105,0.16160000814124942,11.043799997423775,0,True,on_screen,0.7516742373179737
1787908950496,1073,2667,2456.5831055266535,821.4199338363994,2459.6229946105564,824.8059067106942,1,2,second_file,0.6607278243338206,3344,3,0.6,0.00036330489926821724,43.97433356493325,39.494040090203484,0.11470000026747584,0.2646999928401783,10.656500002369285,0.14180000289343297,11.075299989897758,0,True,on_screen,0.7516742373179737
1787908950528,1074,2668,2453.513136681707,822.9506459831144,2457.7900372319014,824.2493284924203,1,2,second_file,0.6634825188170508,3376,3,0.6,0.000362709166925608,42.68806524654062,39.489760793470246,0.14640000881627202,0.32730000384617597,11.092200002167374,0.14250000822357833,11.573600000701845,0,True,on_screen,0.7516742373179737
1787908950544,1075,2669,2448.450359657338,823.1934848879902,2454.988133959532,823.9325754110912,1,2,second_file,0.668128293073365,3391,3,0.6,0.00036291997239495076,44.62781659745394,39.495300549043314,0.15390000771731138,0.30450000485870987,10.859799993340857,0.1336999994236976,11.309900000924245,0,True,on_screen,0.7516742373179737
1787908950576,1076,2670,2436.923078317515,832.109401418935,2449.568617266927,826.3856232134443,1,2,second_file,0.6797951158388512,3424,3,0.6,0.0003593684717917156,43.2775266121602,39.49154555230812,0.17410000145900995,0.29540000832639635,10.485099992365576,0.13669999316334724,10.928699994110502,0,True,on_screen,0.7516742373179737
1787908950592,1077,2671,2432.351088610886,833.1680883009072,2444.4033586701144,828.4203627396832,1,2,second_file,0.6906439607341522,3440,3,0.6,0.0003597077160619154,45.27576491945179,39.497155867624315,0.11649999942164868,0.2783000090857968,10.419600002933294,0.12879999121651053,10.835699999006465,0,True,on_screen,0.7516742373179737
1787908950624,1078,2672,2426.593352033573,837.365502920739,2439.060356679152,831.1039047939998,1,2,second_file,0.7023803747747165,3472,3,0.6,0.00035885626661453715,43.85253482310388,39.49286274918795,0.14730000111740083,0.34670000604819506,10.706800007028505,0.2294000005349517,11.295200005406514,0,True,on_screen,0.7516742373179737
1787908950656,1079,2673,2422.0695768465166,842.8907347158911,2433.963122729361,834.6399537705671,1,2,second_file,0.7144427623710046,3503,3,0.6,0.00035557776627852256,42.628816835432524,39.489104532069696,0.15669999993406236,0.32419999479316175,10.967900001560338,0.1235999952768907,11.427200006437488,0,True,on_screen,0.7516742373179737
1787908950672,1080,2674,2420.816081277458,844.506783228191,2430.01901029379,837.6000026078543,1,2,second_file,0.7239647481469319,3519,3,0.6,0.0003563928874231754,44.56402613795658,39.49474371412449,0.10629999451339245,0.29769999673590064,10.5290000064997,0.11329998960718513,10.94819999707397,0,True,on_screen,0.7516742373179737
1787908950704,1081,2675,2420.699727980179,853.0288392264348,2427.2232255997064,842.2286535934285,1,2,second_file,0.7328536661249638,3552,3,0.6,0.0003543609952748085,43.24585312351594,39.50252562261682,0.1252999936696142,0.2784999960567802,15.93549999233801,0.1508999994257465,16.375200008042157,0,True,on_screen,0.7516742373179737
1787908950720,1082,2676,2420.6292220941195,857.3574179829842,2425.2450245480304,846.7672829102951,1,2,second_file,0.7400722151013306,3568,3,0.6,0.00035314103469666,44.97508625428857,39.49529458949558,0.33059999987017363,0.4462000069906935,11.651500011794269,0.15259999781847,12.259299997822382,0,True,on_screen,0.7516742373179737
1787908950752,1083,2677,2420.9199584561557,859.157318691357,2423.947504720468,850.4842936446136,1,2,second_file,0.745274700645442,3600,3,0.6,0.00035475565281603214,43.64075320501003,39.49222365218228,0.11339999036863446,0.2727999963099137,10.838300004252233,0.11499998799990863,11.235600002692081,0,True,on_screen,0.7516742373179737
1787908950768,1084,2678,2422.6328630500298,863.0166888501628,2423.5531122193365,854.2440122062783,1,2,second_file,0.7487216369733347,3615,3,0.6,0.000355105029305346,45.5431273128512,39.49819603862872,0.09499999578110874,0.23460001102648675,9.988800011342391,0.11420001101214439,10.345500006224029,0,True,on_screen,0.7516742373179737
1787908950800,1085,2679,2423.0566665144306,870.3995111100378,2423.4041785078643,859.0906618774061,1,2,second_file,0.7522396385431445,3648,3,0.6,0.0003579529340116631,44.12471182411167,39.49320415788219,0.11229999654460698,0.24369999300688505,11.922100005904213,0.17129999469034374,12.347399999271147,0,True,on_screen,0.7516742373179737
1787908950832,1086,2680,2425.4885608671543,877.6110132124601,2424.029493215651,864.6467672779222,1,2,second_file,0.7543795367959161,3680,3,0.6,0.00035520347091567983,42.816452126004535,39.48944026066154,0.22780000290367752,0.3449000068940222,11.42969999636989,0.13410000246949494,11.922000005142763,0,True,on_screen,0.7516742373179737
1787908950848,1087,2681,2425.966171692422,882.8869528110654,2424.6104967586825,870.1188229378652,1,2,second_file,0.7560887993889533,3696,3,0.6,0.0003496757717399799,44.76483189542334,39.495585074190664,0.14039999223314226,0.2539999986765906,10.257700007059611,0.11069999891333282,10.630999997374602,0,True,on_screen,0.7516742373179737
1787908950880,1088,2682,2431.02668438829,883.6964952820591,2426.535353047565,874.1921246411232,1,2,second_file,0.7541911307765208,3728,3,0.6,0.0003438618919718098,43.43649743655241,39.4913185978153,0.12969999806955457,0.2736999886110425,11.095299996668473,0.14150000060908496,11.522000000695698,0,True,on_screen,0.7516742373179737
1787908950896,1089,2683,2440.383338156774,882.4928197923916,2430.6897485803274,876.6823331865037,1,2,second_file,0.7471360848131402,3743,3,0.6,0.0003406485511766137,45.18483673067303,39.49596268162705,0.15159999020397663,0.3549999964889139,11.879799989401363,0.19239999528508633,12.440800011972897,0,True,on_screen,0.7516742373179737
1787908950928,1090,2684,2457.9226779779324,885.4854001223727,2438.8596273996086,879.3232532672642,1,2,second_file,0.7321826929664295,3776,3,0.6,0.00033135847364314415,43.826340038378625,39.49301724903585,0.12029999925289303,0.29010001162532717,10.727000000770204,0.1534999901195988,11.182100002770312,0,True,on_screen,0.7516742373179737
1787908950960,1091,2685,2490.184119238376,879.2634663412551,2454.2569749512386,879.3053171894614,1,2,second_file,0.7022673934699786,3808,3,0.6,0.0003289983059845021,42.565847322816765,39.48920430381629,0.13390000094659626,0.2908000024035573,10.603000002447516,0.13169999874662608,11.038299999199808,0,True,on_screen,0.7516742373179737
1787908950976,1092,2686,2509.2948191066534,876.8183457798172,2470.768328197863,878.559225766568,1,2,second_file,0.6699461850550805,3824,3,0.6,0.0003247031654667956,44.55547582773859,39.49446647677155,0.12070000229869038,0.2955999952973798,10.805600002640858,0.17449998995289207,11.290800001006573,0,True,on_screen,0.7516742373179737
1787908951008,1093,2687,2536.357558080081,882.7921356492209,2490.4450971625283,879.8290987313638,1,2,second_file,0.6318803326439109,3855,3,0.6,0.0003181683671466661,43.230543786004006,39.49042188623349,0.14800000644754618,0.2868000010494143,11.193700003786944,0.14210000517778099,11.634800001047552,0,True,on_screen,0.7516742373179737
1787908951024,1094,2688,2540.4312117492564,882.4334053576995,2505.4409315385465,880.6103907192645,1,2,second_file,0.6027521533554568,3871,3,0.6,0.000315095881290077,45.115314991759504,39.49611944014453,0.12900000729132444,0.2789999998640269,10.593099999823608,0.14470001042354852,11.029699991922826,0,True,on_screen,0.7516742373179737
1787908951056,1095,2689,2556.5338436101183,877.9433099012191,2520.768805160018,879.8102664738508,1,2,second_file,0.5726500661854319,3904,3,0.6,0.0003074604489325689,43.71624610427201,39.49183353749741,0.13080000644549727,0.2970000059576705,11.15209999261424,0.14709999959450215,11.60840000375174,0,True,on_screen,0.7516742373179737
1787908951072,1096,2690,2568.082674885358,876.4535312371363,2534.96296607762,878.8032459028364,1,2,second_file,0.5447238469541438,3920,3,0.4,0.0003059119712153398,45.62184896853307,39.49718468766285,0.13669999316334724,0.40580000495538116,11.200799999642186,0.15300000086426735,11.771200006478466,0,True,on_screen,0.7516742373179737
1787908951104,1097,2691,2580.386522211925,869.8841104195088,2548.5900329179112,876.127505257838,1,2,second_file,0.5175983527492881,3952,3,0.4,0.000304730775787531,44.17995438388475,39.493661728124835,0.15959999291226268,0.3350999904796481,10.625099996104836,0.14459999511018395,11.118599999463186,0,True,on_screen,0.7516742373179737
1787908951136,1098,2692,2586.1927982184,866.8624457205319,2559.8708625080576,873.3479873966462,1,2,second_file,0.49501861799054525,3983,3,0.4,0.00030309343032327435,42.91045459356476,39.48964973199955,0.13749999925494194,0.32920000376179814,11.093000008258969,0.16710000636521727,11.603299994021654,0,True,on_screen,0.7516742373179737
1787908951152,1099,2693,2593.875215551162,865.5962530797714,2570.072168420989,871.0224671015837,1,2,second_file,0.4746229110370236,4000,3,0.4,0.0003027847143840419,44.832596002974725,39.4948742560762,0.16569999570492655,0.29569999605882913,11.343399994075298,0.15879998682066798,11.810399999376386,0,True,on_screen,0.7516742373179737
1787908951184,1100,2694,2597.659199182282,866.2327170789846,2578.3482776493765,869.5855420948039,1,2,second_file,0.458166352022218,4032,3,0.4,0.00029663982628516314,43.458818145336544,39.491035315101236,0.16799999866634607,0.31879999733064324,11.114299995824695,0.15490000077988952,11.601299993344583,0,True,on_screen,0.7516742373179737
1787908951200,1101,2695,2600.443250761485,867.0008960795432,2584.9767695830087,868.8101482902257,1,2,second_file,0.4450664048339388,4048,3,0.4,0.000296648244869158,45.32519684768113,39.49634026544898,0.1500000071246177,0.3217000048607588,11.167499993462116,0.15829999756533653,11.660000003757887,0,True,on_screen,0.7516742373179737
1787908951232,1102,2696,2600.7106569742327,868.0317984300722,2589.6969358003757,868.5766433321796,1,2,second_file,0.4358066206637683,4080,3,0.4,0.0002962771119568112,43.932631194412735,39.49254644251457,0.15730000450275838,0.301499996567145,11.203999994904734,0.1680999994277954,11.688700004015118,0,True,on_screen,0.7516742373179737
1787908951264,1103,2697,2600.0566744909183,867.9601370392429,2592.8048574075383,868.3916914442985,1,2,second_file,0.4297026935806927,4111,3,0.4,0.0002967085753754761,42.66616598402519,39.488605949293984,0.14350000128615648,0.32079999800771475,11.368699997547083,0.13910001143813133,11.842799998703413,0,True,on_screen,0.7516742373179737
1787908951280,1104,2698,2600.1336596186547,866.7739118714072,2595.0034980708733,867.9063575724311,1,2,second_file,0.4253086233642709,4128,3,0.4,0.0002963983182590283,44.68024629000198,39.49477730463225,0.15419999544974416,0.2871000033337623,10.151700000278652,0.12110000534448773,10.568800003966317,0,True,on_screen,0.7516742373179737
1787908951312,1105,2699,2599.9396707636924,865.4645994784148,2596.4843498787186,867.1738301442263,1,2,second_file,0.42226059583233666,4160,3,0.4,0.00029615502637466047,43.34888613174621,39.4907807938288,0.12870000500697643,0.2761999930953607,10.485799997695722,0.15219999477267265,10.923399997409433,0,True,on_screen,0.7516742373179737
1787908951329,1106,2700,2599.93104604492,866.999660748669,2597.518358728579,867.121579325559,1,2,second_file,0.4202320897657561,4177,3,0.4,0.00029409413384740013,44.893963884668295,39.49549808224948,0.8409000001847744,0.2899999963119626,10.613699996611103,0.15799999528098851,11.072900000726804,0,True,on_screen,0.7516742373179737
1787908951360,1107,2701,2601.607957920329,867.9485388735457,2598.745238486104,867.369667189955,1,2,second_file,0.4178924681729498,4207,3,0.4,0.0002852847300649185,43.62399740059125,39.492238421214395,0.13349999790079892,0.27889999910257757,10.519000003114343,0.16590001177974045,10.975600001984276,0,True,on_screen,0.7516742373179737
1787908951376,1108,2702,2602.7930684639064,869.8947891877725,2599.9595874794445,868.1272037893002,1,2,second_file,0.4156842568313047,4223,3,0.4,0.00028301612689029046,45.51574102665905,39.497887533989015,0.11100000119768083,0.2508000034140423,10.145899999770336,0.11670000094454736,10.521999996853992,0,True,on_screen,0.7516742373179737
1787908951408,1109,2703,2604.3450725384064,869.1288269923111,2601.275232997133,868.4276907502035,1,2,second_file,0.4131790678819356,4256,3,0.4,0.0002787367166196576,44.09056403275042,39.49319734278223,0.14060000830795616,0.29409999842755497,11.51419999951031,0.16110000433400273,11.98159999330528,0,True,on_screen,0.7516742373179737
1787908951440,1110,2704,2606.4835958024782,874.1820245010468,2602.8377418387367,870.1539908754564,1,2,second_file,0.41047539068110694,4288,3,0.4,0.000274439581682117,42.81529201954034,39.4897371007288,0.14829999417997897,0.3096000000368804,10.929600000963546,0.14000000373926014,11.391300009563565,0,True,on_screen,0.7516742373179737
1787908951456,1111,2705,2607.2097197988787,874.0346440633423,2604.149335226779,871.3181868318222,1,2,second_file,0.4081352334131073,4304,3,0.4,0.00027372829039989596,44.71022432331296,39.49521396267213,0.12749999586958438,0.2690999972401187,10.612300000502728,0.13350001245271415,11.024899999029003,0,True,on_screen,0.7516742373179737
1787908951488,1112,2706,2607.020816378826,878.1160008101738,2605.010779572393,873.3575310253276,1,2,second_file,0.40681823344410395,4335,3,0.4,0.000273044652067839,43.3756696007229,39.49099792997111,0.1412999990861863,0.28310000197961926,11.34539999475237,0.13639999087899923,11.776100000133738,0,True,on_screen,0.7516742373179737
1787908951504,1113,2707,2607.2566298970933,876.6367391306549,2605.684534669803,874.3412934569258,1,2,second_file,0.4056675831504569,4351,3,0.4,0.0002720410603903045,45.27185592091385,39.4963384895379,0.16339999274350703,0.3031999949598685,11.317099997540936,0.15329998859670013,11.787900002673268,0,True,on_screen,0.7516742373179737
1787908951536,1114,2708,2607.0385419748345,874.8115274199675,2606.0907368613125,874.4823636458382,1,2,second_file,0.40489646144558755,4384,3,0.4,0.00026447995918012744,43.87412001560891,39.49319779326255,0.11289998656138778,0.2707000094233081,10.21500000206288,0.10999999358318746,10.60470000084024,0,True,on_screen,0.7516742373179737
1787908951568,1115,2709,2605.569623803413,865.1585261015164,2605.9344029439426,871.6852123825415,1,2,second_file,0.4047147147580613,4416,3,0.4,0.0002697540165686671,42.61412198596325,39.48900728950229,0.11649999942164868,0.24449999909847975,10.839700000360608,0.13719999697059393,11.22919999761507,0,True,on_screen,0.7516742373179737
1787908951584,1116,2710,2606.012863682868,865.5106808786588,2605.95794116562,869.8328529313767,1,2,second_file,0.4043182403186538,4432,3,0.4,0.0002691171578263381,44.55961061770177,39.49386965079477,0.1647000026423484,0.2533000078983605,11.563899999600835,0.16490000416524708,11.992699990514666,0,True,on_screen,0.7516742373179737
1787908951616,1117,2711,2613.140176717825,865.7901070277536,2608.1126118312814,868.6200291602897,1,2,second_file,0.39986982948501926,4463,3,0.4,0.0002681948080399156,43.21818665827988,39.48994110356062,0.15020000864751637,0.30929999775253236,11.573800002224743,0.13580000086221844,12.034100000164472,0,True,on_screen,0.7516742373179737
1787908951632,1118,2712,2617.0820480273046,867.4403608382886,2610.803442690088,868.2661286636893,1,2,second_file,0.3945444136380287,4480,3,0.4,0.00026661001086373225,45.23792420829943,39.496351324299106,0.10480001219548285,0.24370000755880028,10.069300013128668,0.12180001067463309,10.442200000397861,0,True,on_screen,0.7516742373179737
1787908951664,1119,2713,2620.48625922249,866.1450189247809,2613.7082876498084,867.6297957420167,1,2,second_file,0.388743716524774,4512,3,0.4,0.0002663184142316019,43.81824691414375,39.49166204518522,0.18029999046120793,0.28900000324938446,11.220599990338087,0.18039999122265726,11.702100004185922,0,True,on_screen,0.7516742373179737
1787908951681,1120,2714,2620.739220468399,866.4215069448504,2615.8175674953854,867.2673091028666,1,2,second_file,0.3845516889637407,4529,3,0.4,0.0002661962248841146,45.323484812104695,39.49652444337336,0.1804999919841066,0.3912999964086339,11.004500003764406,0.1680999994277954,11.576799995964393,0,True,on_screen,0.7516742373179737
1787908951712,1121,2715,2622.0587471593053,866.3187790014579,2617.689921394561,866.9827500724439,1,2,second_file,0.3808380799471178,4559,3,0.4,0.0002658123684893491,44.02411791555211,39.493586095430246,0.11829999857582152,0.27439999394118786,10.64369999221526,0.14659999578725547,11.07870000123512,0,True,on_screen,0.7516742373179737
1787908951744,1122,2716,2620.318994484309,866.1940006744456,2618.4786433214854,866.7461252530444,1,2,second_file,0.3792496635969901,4592,3,0.4,0.000265712397758305,42.76082233700269,39.48968210794764,0.16090000281110406,0.3254999901400879,10.860499998671003,0.14189998910296708,11.341699995682575,0,True,on_screen,0.7516742373179737
1787908951760,1123,2717,2620.1094965669004,866.5565910237091,2618.9678992951094,866.6892649842437,1,2,second_file,0.3782828618042885,4608,3,0.4,0.00026558562893036833,44.650272312466036,39.49418774781135,0.19380000594537705,0.3386000025784597,12.069399992469698,0.17519999528303742,12.596500004292466,0,True,on_screen,0.7516742373179737
1787908951792,1124,2718,2620.3308399221896,869.7927494150738,2619.3767814832336,867.6203103134926,1,2,second_file,0.3776740018429703,4640,3,0.4,0.0002647642949189979,43.33132380831874,39.491048262024826,0.17320000915788114,0.36299999919719994,11.095900001237169,0.12989999959245324,11.602099999436177,0,True,on_screen,0.7516742373179737
1787908951808,1125,2719,2618.5765987018863,870.3399020237856,2619.136726648829,868.4361878265804,1,2,second_file,0.3783044051259856,4656,3,0.4,0.0002641571023668226,45.16813639238876,39.49641802641721,0.1272000081371516,0.27659999614115804,10.934599995380268,0.1345000055152923,11.356099988915958,0,True,on_screen,0.7516742373179737
1787908951840,1126,2720,2613.074659058669,871.5728592379938,2617.318106371781,869.3771892500044,1,2,second_file,0.38203881966477293,4687,3,0.4,0.000264826184094992,43.76209098839745,39.49238572356899,0.10390000534243882,0.2837999927578494,11.031400004867464,0.23289999808184803,11.560400002053939,0,True,on_screen,0.7516742373179737
1787908951856,1127,2721,2613.8028585995553,872.0660605309249,2616.263532040113,870.1838506342806,1,2,second_file,0.3842515818576756,4703,3,0.4,0.00026518315816198915,45.60722482983546,39.49734743740712,0.1508999994257465,0.30440000409726053,11.655800000880845,0.17780000052880496,12.152499999501742,0,True,on_screen,0.7516742373179737
1787908951888,1128,2722,2616.234739439425,868.7125083300783,2616.2548942599065,869.7424479430198,1,2,second_file,0.38418549640741373,4736,3,0.4,0.00026299990953570357,44.184141148149436,39.49413789831483,0.13830000534653664,0.32330000249203295,10.72320000093896,0.1410000113537535,11.199899992789142,0,True,on_screen,0.7516742373179737
1787908951921,1129,2723,2618.182683120004,869.3008316282198,2616.833230917936,869.6099630485796,1,2,second_file,0.3830304371095732,4769,3,0.4,0.00026368922291247765,42.841968604642595,39.49015721318841,0.15839999832678586,0.2955999952973798,10.51059999736026,0.14570000348612666,10.962900007143617,0,True,on_screen,0.7516742373179737
1787908951936,1130,2724,2620.793054629064,867.8868950022628,2618.0211780312743,869.0930426346845,1,2,second_file,0.3806108645588614,4784,3,0.4,0.00026320414813043973,45.03302978336216,39.495440126750594,0.10210000618826598,0.26339999749325216,11.173999999300577,0.16789999790489674,11.61570000112988,0,True,on_screen,0.7516742373179737
1787908951968,1131,2725,2633.1135435559995,871.7206733284374,2622.5488876886916,869.8813318428104,1,2,second_file,0.3719128339534328,4815,3,0.4,0.00026286428496164783,43.65594798530642,39.49158095216986,0.23419999342877418,0.29240000003483146,11.24310000159312,0.14239999291021377,11.689699997077696,0,True,on_screen,0.7516742373179737
1787908951984,1132,2726,2635.149864751398,878.6441857767873,2626.3291808075037,872.5101880230034,1,2,second_file,0.36498414542174207,4832,3,0.4,0.00025893019955205987,45.479161346076125,39.49683426715539,0.10069999552797526,0.2725000085774809,11.260900006163865,0.13059999037068337,11.672299995552748,0,True,on_screen,0.7516742373179737
1787908952016,1133,2727,2635.709684094779,882.3837210333659,2629.1433317936862,875.4722479261121,1,2,second_file,0.3599435095492379,4864,3,0.2,0.00025535072829591804,44.079086736612496,39.49257986993952,0.1306999911321327,0.3193000011378899,12.15740000770893,0.17329999536741525,12.66110000142362,0,True,on_screen,0.7516742373179737
1787908952048,1134,2728,2640.9956904599367,886.7044044449646,2632.699039393561,878.8418948817679,1,2,second_file,0.3534419245353023,4896,3,0.2,0.00024867087609482114,42.8057384716598,39.48998853516685,0.12870000500697643,0.2745000092545524,10.186700004851446,0.13899999612476677,10.612500002025627,0,True,on_screen,0.7516742373179737
1787908952064,1135,2729,2637.688192071751,887.0670524053257,2634.195785197018,881.3094421388352,1,2,second_file,0.3508016548289665,4911,3,0.2,0.00024833379970504166,44.80420518995036,39.49478639730788,0.1049999991664663,0.26530001196078956,11.182900008861907,0.15749999147374183,11.614500006544404,0,True,on_screen,0.7516742373179737
1787908952096,1136,2730,2627.2161009222073,884.978424347691,2632.1018799145745,882.410136801492,1,2,second_file,0.3550245690286361,4944,3,0.2,0.0002475589926698614,43.45710755992109,39.49141514786833,0.10289999772794545,0.25150000874418765,10.49050000438001,0.159099989105016,10.919899999862537,0,True,on_screen,0.7516742373179737
1787908952112,1137,2731,2621.179786085093,884.4238271450416,2628.8252517657297,883.0142439045569,1,2,second_file,0.361510163118711,4960,3,0.2,0.0002469113544676278,45.229737752506125,39.49629340085705,0.15979999443516135,0.32079999800771475,10.899899993091822,0.12250000145286322,11.356200004229322,0,True,on_screen,0.7516742373179737
1787908952144,1138,2732,2607.7569821512366,888.5752627958295,2622.504770881382,884.6825495719386,1,2,second_file,0.37406559926577854,4992,3,0.2,0.0002506549075565051,43.84700395412895,39.492775891665005,0.14260000898502767,0.2830000012181699,10.571000006166287,0.12540000898297876,10.991199989803135,0,True,on_screen,0.7516742373179737
1787908952160,1139,2733,2606.6527687676985,889.3338277597721,2617.7491702472767,886.0779330282886,1,2,second_file,0.3835172032032078,5008,3,0.0,0.0002493997355132137,45.730834907516986,39.498340608664186,0.1134999911300838,0.24540000595152378,10.243599987006746,0.11219999578315765,10.609999997541308,0,True,on_screen,0.7516742373179737
1787908952192,1140,2734,2607.5180192930734,892.9605741120074,2614.6798249610156,888.1427253534043,1,2,second_file,0.38970423311808733,5039,3,0.0,0.00025231187717694725,44.26341863735367,39.49253587894568,0.19770000653807074,0.45200000749900937,13.30410000809934,0.1336999994236976,13.902299993787892,0,True,on_screen,0.7516742373179737
1787908952224,1141,2735,2604.0177669931904,893.4629326622191,2611.4812075706677,889.7387875460488,1,2,second_file,0.3960909849699209,5072,3,0.0,0.0002513210578743222,42.97352480990528,39.4904155620783,0.13479999324772507,0.27639999461825937,10.64839999889955,0.12290000449866056,11.058500007493421,0,True,on_screen,0.7516742373179737
1787908952240,1142,2736,2604.3921614579913,894.2192193682146,2609.3544937368647,891.0829170926985,1,2,second_file,0.4003461140292244,5088,3,0.0,0.00025169669367925036,44.94769147615498,39.49623778630319,0.1103000104194507,0.23999999393709004,9.855099997366779,0.11969999468419701,10.2230999909807,0,True,on_screen,0.7516742373179737
1787908952272,1143,2737,2594.306301147553,892.5183791034622,2604.840035960071,891.5135556959276,1,2,second_file,0.4092284176958687,5120,3,0.0,0.00025026665162851056,43.58900642538873,39.49159037332752,0.11340000492054969,0.2443999983370304,11.392100001103245,0.1638999965507537,11.809999996330589,0,True,on_screen,0.7516742373179737
1787908952288,1144,2738,2596.4874860664363,893.4987764125132,2602.3342709919802,892.1091219109032,1,2,second_file,0.4141772359081528,5136,3,0.0,0.0002503433861424098,45.39377588140517,39.49685433304973,0.14940000255592167,0.3195000026607886,11.159600006067194,0.17549999756738544,11.667900005704723,0,True,on_screen,0.7516742373179737
1787908952320,1145,2739,2597.052764106276,895.8477049640688,2600.7498189262687,893.2306968268529,1,2,second_file,0.4173407229620265,5167,3,0.0,0.00025036703272261415,43.98504323706496,39.493473236378776,0.12170000991318375,0.2660000027390197,10.581299997284077,0.12369999603834003,10.980599996400997,0,True,on_screen,0.7516742373179737
1787908952352,1146,2740,2599.3299737982557,901.5424234114222,2600.3238653878648,895.7242148022236,1,2,second_file,0.4182678392026429,5200,3,0.0,0.00024976654974215827,42.73025384162503,39.48964442517004,0.11550000635907054,0.25520000781398267,10.835100008989684,0.11980000999756157,11.218500003451481,0,True,on_screen,0.7516742373179737
1787908952371,1147,2741,2603.4954302234046,902.8452403399242,2601.2753348385268,897.8605224635337,1,2,second_file,0.4164455826300659,5219,3,0.0,0.00024984173915511276,43.60647949911517,39.492345251745725,0.21719999494962394,0.3171999996993691,11.889800007338636,0.15130000247154385,12.374400001135655,0,True,on_screen,0.7516742373179737
1787908952400,1148,2742,2597.3711255223516,905.7555281529983,2600.104072043674,900.229024170373,1,2,second_file,0.4187596620150136,5248,3,0.0,0.00024950867109221203,42.72918113841045,39.49133751607177,0.12129999231547117,0.2601000014692545,10.353099991334602,0.13509999553207308,10.759600001620129,0,True,on_screen,0.7516742373179737
1787908952416,1149,2743,2596.2510607218132,907.4052762385138,2598.9481686471154,902.3818997908152,1,2,second_file,0.42100994804778213,5263,3,0.0,0.0002496965446191386,44.69849923966073,39.49661903182022,0.11410001025069505,0.2513999934308231,10.3817000053823,0.13179999950807542,10.773799993330613,0,True,on_screen,0.7516742373179737
1787908952448,1150,2744,2599.466040984921,909.627092573191,2599.103530348457,904.5554576255279,1,2,second_file,0.42065484299974887,5296,3,0.0,0.00025017401558579365,43.344360602317735,39.49242413690167,0.10769999062176794,0.23320000036619604,10.983700005454011,0.15060001169331372,11.376700000255369,0,True,on_screen,0.7516742373179737
1787908952464,1151,2745,2597.5678965487377,911.6938501235776,2598.6428402085407,906.6969753749428,1,2,second_file,0.42147879609962324,5312,3,0.0,0.00024838548489609404,45.29954917453036,39.497753814539664,0.10810000821948051,0.29159999394323677,10.965699999360368,0.15069999790284783,11.419699992984533,0,True,on_screen,0.7516742373179737
1787908952496,1152,2746,2602.1210850533935,917.7099833697993,2599.6863136619963,910.0008777733997,1,2,second_file,0.41924798239864947,5344,3,0.0,0.0002379679602798404,43.87279427682886,39.49427878053514,0.1638000103412196,0.294400000711903,10.188499989453703,0.1328999933321029,10.62979998823721,0,True,on_screen,0.7516742373179737
1787908952528,1153,2747,2609.218854409602,918.5424861826127,2602.546075886278,912.5633602961636,1,2,second_file,0.41344761447576217,5376,3,0.0,0.00023482075991843737,42.64530213211775,39.490231228764095,0.16190001042559743,0.2814999897964299,11.000300000887364,0.1387999946018681,11.431399994762614,0,True,on_screen,0.7516742373179737
1787908952544,1154,2748,2615.8352289006925,918.0636666083086,2606.5328217906017,914.2134521898072,1,2,second_file,0.4054854225337793,5391,3,0.0,0.00023447541112978955,44.609050799583,39.495697093277826,0.11929999163839966,0.24680000205989927,10.65730000846088,0.15469999925699085,11.068100007832982,0,True,on_screen,0.7516742373179737
1787908952576,1155,2749,2630.1289737832485,925.1995239810434,2613.6116673883953,917.509273727178,1,2,second_file,0.3912739031991086,5424,3,0.0,0.0002343494332649708,43.27174985912333,39.491721291134674,0.12620000052265823,0.27099999715574086,10.966300003929064,0.13269999180920422,11.379999996279366,0,True,on_screen,0.7516742373179737
1787908952592,1156,2750,2630.1313266779557,926.4648235138491,2618.567565175263,920.1959386631793,1,2,second_file,0.3812454537213622,5440,3,0.0,0.00023432627998355195,45.19391088061484,39.49735726342637,0.10619999375194311,0.23850001161918044,10.397400008514524,0.12009999772999436,10.763700003735721,0,True,on_screen,0.7516742373179737
1787908952624,1157,2751,2632.5539106717197,928.7141863643568,2622.7634688242,922.7514129735325,1,2,second_file,0.3726886088849978,5472,3,0.0,0.0002330248076023063,43.76269332302616,39.49299651929639,0.19219999376218766,0.33510000503156334,10.905999995884486,0.13939999917056412,11.390999992727302,0,True,on_screen,0.7516742373179737
1787908952657,1158,2752,2641.9184191942622,928.067084589577,2628.5099539352186,924.3461144583458,1,2,second_file,0.36121004857492656,5505,3,0.0,0.00023209753936655891,42.490780023390656,39.488810064356926,0.2344999957131222,0.3708000003825873,11.341599994921125,0.15529998927377164,11.88679999904707,0,True,on_screen,0.7516742373179737
1787908952672,1159,2753,2642.105823475826,924.6109405715303,2632.588714797401,924.4255622923012,1,2,second_file,0.3532142265854832,5519,3,0.0,0.00023236033041617102,44.54894020617,39.49451729091975,0.1807000080589205,0.269199998001568,10.874300001887605,0.12929999502375722,11.281099999905564,0,True,on_screen,0.7516742373179737
1787908952704,1160,2754,2638.2468929904408,921.1694097899385,2634.2861682553125,923.4487165415924,1,2,second_file,0.3500299215964843,5552,3,0.0,0.00023166798557145568,43.268075012378056,39.491314641762855,0.12650000280700624,0.261799999861978,10.370300005888566,0.10960000508930534,10.750600005849265,0,True,on_screen,0.7516742373179737
1787908952720,1161,2755,2622.991777158492,921.442674801455,2630.897850926266,922.8469040195511,1,2,second_file,0.35674762038630803,5568,3,0.0,0.00023315884035041493,45.14377952669434,39.495661023886925,0.09549999958835542,0.24500000290572643,11.870799993630499,0.1480999926570803,12.272799998754635,0,True,on_screen,0.7516742373179737
1787908952752,1162,2756,2605.154164091385,924.4802609100675,2623.1747448758015,923.3369110867059,1,2,second_file,0.37180057301365377,5600,3,0.0,0.00023185999253307228,43.75052942447095,39.492406223595026,0.1154000055976212,0.2845999988494441,10.867599994526245,0.13949999993201345,11.303499995847233,0,True,on_screen,0.7516742373179737
1787908952784,1163,2757,2586.231055615062,921.5442368747255,2612.0916380975796,922.7991088231117,1,2,second_file,0.39357508426685706,5631,3,0.0,0.00022828878884146794,42.520565740387006,39.4887375248804,0.13810000382363796,0.2300000051036477,10.928399991826154,0.1483000087318942,11.314699993818067,0,True,on_screen,0.7516742373179737
1787908952800,1164,2758,2587.634295800148,919.0165870336303,2604.7544354083498,921.6643522862672,1,2,second_file,0.40810169098683347,5648,3,0.0,0.00022787623217530514,44.410600300975496,39.49401363760671,0.13630000466946512,0.23069999588187784,10.634300007950515,0.152299995534122,11.027200001990423,0,True,on_screen,0.7516742373179737
1787908952832,1165,2759,2584.887365270601,921.3163876698426,2598.794314367025,921.5599629013398,1,2,second_file,0.419785302493226,5680,3,0.0,0.00022994358636504314,43.101195037447674,39.48996761666565,0.13810000382363796,0.3043000033358112,11.12229999853298,0.13419998867902905,11.5726999938488,0,True,on_screen,0.7516742373179737
1787908952848,1166,2760,2575.7314038144686,917.9840296790427,2591.875441201258,920.4871829346505,1,2,second_file,0.4334831036027972,5696,3,0.0,0.00022974417007006614,45.08097709609459,39.495809263533374,0.12240000069141388,0.2516999957151711,10.276400003931485,0.12290000449866056,10.659699997631833,0,True,on_screen,0.7516742373179737
1787908952880,1167,2761,2559.131003279381,922.1385589278516,2582.0521098246945,920.9825957326107,1,2,second_file,0.452643224089462,5728,3,0.0,0.00023220164649993477,43.69827006123627,39.49201471534134,0.10229999315924942,0.26309999520890415,10.28519999817945,0.14119999832473695,10.699800011934713,0,True,on_screen,0.7516742373179737
1787908952896,1168,2762,2551.2050405386576,925.4138980572498,2572.7979890388833,922.3119864300023,1,2,second_file,0.4705459388972095,5743,3,0.0,0.0002322634946742702,45.54406290480671,39.49687021981437,0.15970000822562724,0.29209999775048345,10.862899987841956,0.17010000010486692,11.33510000363458,0,True,on_screen,0.7516742373179737
1787908952928,1169,2763,2526.439260844683,939.9763700401476,2558.890370580623,927.6113015130459,1,2,second_file,0.4967335738340225,5776,3,0.0,0.00023169184469875974,44.11384627792884,39.49308353183004,0.12840000272262841,0.2894000062951818,10.907100004260428,0.1449999981559813,11.352700006682426,0,True,on_screen,0.7516742373179737
1787908952960,1170,2764,2505.1297465039875,941.9407370236482,2542.7621833576322,931.9101321662265,1,2,second_file,0.5271523943290808,5808,3,0.0,0.0002328671200446976,42.816668974699866,39.489569313882114,0.10689999908208847,0.2572000084910542,10.381200001575053,0.13689999468624592,10.790899992571212,0,True,on_screen,0.7516742373179737
1787908952976,1171,2765,2492.5905932786964,945.5859974259935,2527.7107063339513,936.0128917441566,1,2,second_file,0.5552114640863615,5824,3,0.0,0.00023294057818932373,44.84450861499074,39.4948183926729,0.10769999062176794,0.24259999918285757,10.57800000126008,0.1303000026382506,10.959100007312372,0,True,on_screen,0.7516742373179737
1787908953008,1172,2766,2460.0076582142315,956.5804807837917,2507.3997918980353,942.183168456047,1,2,second_file,0.5922385724334093,5855,3,0.0,0.0002346160267840819,43.445144444317854,39.49066674141329,0.1306999911321327,0.27979999140370637,10.753900001873262,0.18080000882036984,11.227599999983795,0,True,on_screen,0.7516742373179737
1787908953025,1173,2767,2439.389370651303,966.0307255535283,2486.9966655240155,949.3374355852914,1,2,second_file,0.6279586065881025,5873,3,0.0,0.00023727579136680055,45.32603963018017,39.49595814893925,0.13080000644549727,0.40080001053866,10.561700008111075,0.12549999519251287,11.099700001068413,0,True,on_screen,0.7516742373179737
1787908953056,1174,2768,2415.599729526363,975.7639912235262,2465.5775847247196,957.2654022767617,1,2,second_file,0.6634991083562507,5904,3,0.0,0.0002384193062633412,43.95833315560293,39.49283022078027,0.11670000094454736,0.25269998877774924,9.986699995351955,0.12450000212993473,10.372999997343868,0,True,on_screen,0.7516742373179737
1787908953088,1175,2769,2388.7350929051504,982.611222267298,2442.524837178849,964.8691482739225,1,2,second_file,0.6997433774767989,5936,3,0.0,0.00024155804844164935,42.6957049214216,39.48783786573088,0.13770000077784061,0.31820000731386244,12.172500006272458,0.1379000023007393,12.642100002267398,0,True,on_screen,0.7516742373179737
1787908953104,1176,2770,2385.3080620969563,983.8469350191634,2425.359804654281,970.5624842974947,1,2,second_file,0.7244347626648331,5952,3,0.0,0.00024014943654126694,44.512932166585145,39.49357516879971,0.19199999223928899,0.27119999867863953,10.928799994871952,0.12749999586958438,11.34680000541266,0,True,on_screen,0.7516742373179737
1787908953136,1177,2771,2381.888964440822,986.9498516732107,2412.318552590243,975.4786945102094,1,2,second_file,0.7408452282353748,5983,3,0.0,0.00024273286567712618,43.21129484948489,39.489706234951214,0.1379000023007393,0.29939999512862414,11.33569999365136,0.14459999511018395,11.79200000478886,0,True,on_screen,0.7516742373179737
1787908953152,1178,2772,2378.5956701923737,989.0892427133992,2402.2016878708823,979.5618589711662,1,2,second_file,0.7519075960926658,6000,3,0.0,0.00024074886655312856,45.093870218744826,39.49494767079859,0.16129999130498618,0.2795000036712736,11.248800001339987,0.14010000450070947,11.680000010528602,0,True,on_screen,0.7516742373179737
1787908953184,1179,2773,2380.736177071134,988.2364251320347,2395.7620346309577,982.1642288194266,1,2,second_file,0.7582192867028401,6032,3,0.0,0.0002409570516373992,43.697682226910466,39.49145903987991,0.18259999342262745,0.3007000050274655,10.602900001686066,0.1638999965507537,11.08090000343509,0,True,on_screen,0.7516742373179737
1787908953200,1180,2774,2389.0922486856066,984.6290650193042,2393.761098847352,982.9036796793898,1,2,second_file,0.7601486147176083,6048,3,0.0,0.00023996614963218456,45.624508804195656,39.49631609573037,0.12549999519251287,0.2862999972421676,11.440300004323944,0.14489999739453197,11.882899998454377,0,True,on_screen,0.7516742373179737
1787908953232,1181,2775,2403.0688173900476,979.4819112078101,2396.5534144101603,981.8771491379158,1,2,second_file,0.7574335206551487,6080,3,0.0,0.0002347196604925543,44.22269409712743,39.493236789602406,0.13519999629352242,0.2736000024015084,10.627499999827705,0.12989999959245324,11.040600002161227,0,True,on_screen,0.7516742373179737
1787908953264,1182,2776,2414.7422725206447,968.4094443472261,2402.0100718433055,977.8368377007089,1,2,second_file,0.7543197962254817,6111,3,0.0,0.00023431498216028995,42.915010291182796,39.48923710316088,0.15669999993406236,0.30679999326821417,10.899999993853271,0.152900000102818,11.373899993486702,0,True,on_screen,0.7516742373179737
1787908953280,1183,2777,2421.141263199222,958.6980341480235,2407.7494292500805,972.0951966349032,1,2,second_file,0.7520007974324816,6128,3,0.0,0.00023376941401239554,44.88842759721113,39.49449408424334,0.11470000026747584,0.2789999998640269,10.946000009425916,0.13870000839233398,11.375000001862645,0,True,on_screen,0.7516742373179737
1787908953312,1184,2778,2429.5663487512847,942.180690563868,2414.2945051004417,963.1208448135926,1,2,second_file,0.7505487681247168,6160,3,0.0,0.0002403456633098735,43.52663696621816,39.49103751828048,0.10619999375194311,0.2521999995224178,10.480800003279,0.12879999121651053,10.872500002733432,0,True,on_screen,0.7516742373179737
1787908953328,1185,2779,2429.856266238763,948.4851776290144,2418.963033441938,958.7301446582192,1,2,second_file,0.7465902071077579,6176,3,0.0,0.00024020470409662903,45.38870467038696,39.49584187450327,0.10469999688211828,0.2542000001994893,11.133200008771382,0.1480999926570803,11.543900007382035,0,True,on_screen,0.7516742373179737
1787908953360,1186,2780,2431.972763833937,957.1306250637198,2422.8659525595376,958.2502887798693,1,2,second_file,0.7401601914903848,6207,3,0.0,0.00024675328128308076,43.96010899510913,39.49207447408371,0.12229999992996454,0.31629999284632504,10.967099995468743,0.13020000187680125,11.426199998822995,0,True,on_screen,0.7516742373179737
1787908953392,1187,2781,2431.7175047585347,961.0784345794079,2425.5214182192367,959.0987325197309,1,2,second_file,0.7347453571520939,6240,3,0.0,0.0002492143311825599,42.72607344535837,39.48867928148725,0.12070000229869038,0.27239999326411635,10.773899994092062,0.1205000007757917,11.176400003023446,0,True,on_screen,0.7516742373179737
1787908953408,1188,2782,2427.917543025174,963.4337875307784,2426.2402556610177,960.3992490230451,1,2,second_file,0.7323546607357285,6256,3,0.0,0.00025052406699788143,44.67198485186027,39.494129771140436,0.11019999510608613,0.2454999921610579,10.29489999928046,0.1480999926570803,10.69640000059735,0,True,on_screen,0.7516742373179737
1787908953440,1189,2783,2424.470881568619,968.3925594710236,2425.709443433298,962.7972421574386,1,2,second_file,0.7311628718512933,6288,3,0.0,0.0002480964584595461,43.29043470768645,39.48969377240786,0.2192999963881448,0.3904000041075051,10.974900011206046,0.14289999671746045,11.524300003657117,0,True,on_screen,0.7516742373179737
1787908953456,1190,2784,2425.642080680566,965.6551721103988,2425.6892346074783,963.6546211433266,1,2,second_file,0.730422177780222,6304,3,0.0,0.0002493571533842831,45.31499467897429,39.49547274418851,0.1399000029778108,0.35519999801181257,10.303300005034544,0.12419999984558672,10.792799992486835,0,True,on_screen,0.7516742373179737
1787908953488,1191,2785,2421.8742727147805,955.294130474937,2424.544746039669,961.1464739428097,1,2,second_file,0.7346741013999392,6335,3,0.0,0.00025177395731146995,43.91544422395148,39.4914861836424,0.15439999697264284,0.3281999961473048,10.832900006789714,0.12919999426230788,11.301400008960627,0,True,on_screen,0.7516742373179737
1787908953504,1192,2786,2421.6051396843413,952.9125216150147,2423.662864133071,958.6762882444712,1,2,second_file,0.7383875016368916,6351,3,0.0,0.00025292912849713377,45.711559130585215,39.496675239063585,0.11750000703614205,0.25179999647662044,10.782500001369044,0.14990000636316836,11.193800004548393,0,True,on_screen,0.7516742373179737
1787908953536,1193,2787,2421.624481864384,952.703764603583,2423.051349452465,956.8845311522045,1,2,second_file,0.7410004147270868,6384,3,0.0,0.00025294430635005964,44.25462024189321,39.4929347508152,0.13559999933931977,0.31210000452119857,10.634700010996312,0.12589999823831022,11.084700003266335,0,True,on_screen,0.7516742373179737
1787908953568,1194,2788,2428.376845837735,954.0390394341906,2424.648998368046,956.0308836368004,1,2,second_file,0.7388774471157654,6416,3,0.0,0.00025190245220424456,42.96801824578628,39.48891715424813,0.13760000001639128,0.29799999902024865,11.287000001175329,0.13410000246949494,11.729499994544312,0,True,on_screen,0.7516742373179737
1787908953584,1195,2789,2415.238296736333,959.774805092305,2421.8257878785316,957.1540600734517,1,2,second_file,0.7429385194763225,6432,3,0.0,0.00022964562757717827,44.84542797443087,39.494276427578626,0.11589999485295266,0.24880000273697078,10.858199995709583,0.1568000006955117,11.285200002021156,0,True,on_screen,0.7516742373179737
1787908953616,1196,2790,2398.553274056898,947.0500828084404,2414.844033732041,954.1228668939482,1,2,second_file,0.757865326458503,6463,3,0.0,0.00019430723174190812,43.516594170846645,39.4910816299585,0.1244999875780195,0.26760000037029386,10.204099991824478,0.13519999629352242,10.619200009386986,0,True,on_screen,0.7516742373179737
1787908953632,1197,2791,2399.5369317749387,960.7331403242116,2410.25190314491,956.1059489230272,1,2,second_file,0.7641396734126656,6480,3,0.0,0.00016707248292975943,45.40393850409092,39.49629367686254,0.1086000120267272,0.2398999931756407,10.207700004684739,0.13089999265503138,10.586599993985146,0,True,on_screen,0.7516742373179737
1787908953664,1198,2792,2387.8663633057545,988.7943312919167,2403.5362411931633,965.912463633694,1,2,second_file,0.7656592225089851,6512,3,0.0,0.00013121295132099975,44.00005171536673,39.492328270099925,0.12049998622387648,0.26610000350046903,10.73039999755565,0.11509998876135796,11.120700000901707,0,True,on_screen,0.7516742373179737
1787908953696,1199,2793,2402.178310317523,1029.5657227394233,2403.128861930471,985.0084413654126,1,2,second_file,0.7436630546851916,6544,3,0.0,6.299703537555358e-05,42.724616914337936,39.48856687297311,0.13240000407677144,0.2688000095076859,10.753300011856481,0.13980000221636146,11.174200000823475,0,True,on_screen,0.7516742373179737
1787908953712,1200,2794,2414.459975442677,1045.208569438108,2406.5281959841327,1003.0684797872211,1,2,second_file,0.7146263782680663,6559,3,0.0,4.7479051631056646e-05,44.70063216082904,39.49349075112805,0.1362999901175499,0.2452000044286251,11.288800000329502,0.12930000957567245,11.67280001391191,0,True,on_screen,0.7516742373179737
1787908953744,1201,2795,2445.0615006019375,1069.8416408134235,2418.088187369474,1023.1004280950817,1,2,second_file,0.6705395031109805,6592,3,0.0,3.938994057288078e-06,43.34522245501619,39.489739665637224,0.13169999874662608,0.2815000043483451,11.152399994898587,0.16659998800605536,11.609600012889132,0,True,on_screen,0.7516742373179737
1787908953760,1202,2796,2462.022719082648,1091.3171843909788,2431.268546883426,1043.565454983851,1,2,second_file,0.6233965867181251,6608,3,0.0,7.011284573393839e-06,45.286745795962645,39.49481219538674,0.12169999536126852,0.22329999774228781,11.519099993165582,0.1545000122860074,11.905599996680394,0,True,on_screen,0.7516742373179737
1787908953792,1203,2797,2473.165265986642,1073.074981595127,2443.8375626143907,1052.4183129672338,1,2,second_file,0.593966841072925,6640,3,0.0,6.963904795848769e-05,43.84868810387237,39.49121857760744,0.1357000001007691,0.29260000155773014,10.84449999325443,0.16290000348817557,11.31359999999404,0,True,on_screen,0.7516742373179737
1787908953808,1204,2798,2466.624580804455,1063.1891244014323,2450.67366807141,1055.6495563974934,1,2,second_file,0.5801839130112569,6656,3,0.0,0.0001086648140762661,45.81399328735967,39.496831094283934,0.1188000023830682,0.26420000358484685,10.415400000056252,0.13129999570082873,10.82009999663569,0,True,on_screen,0.7516742373179737
1787908953840,1205,2799,2432.074336856964,1075.778255563033,2445.0938687070757,1061.6881661471552,1,2,second_file,0.5787609603931227,6687,3,0.0,8.259981847504386e-05,44.32645234036221,39.492459837556204,0.21319999359548092,0.3453999961493537,11.178200002177618,0.12650000280700624,11.660500007565133,0,True,on_screen,0.7516742373179737
1787908953872,1206,2800,2427.312792588146,1078.6547990120248,2439.7595458713968,1066.778156006616,1,2,second_file,0.5778697433160613,6720,3,0.0,7.55628692875078e-05,43.06349977241145,39.48890085393076,0.11560000712051988,0.3304999991087243,11.32829999551177,0.15150000399444252,11.822999993455596,0,True,on_screen,0.7516742373179737
1787908953888,1207,2801,2425.9927491623334,1082.3558879130155,2435.629506858678,1071.4514755785358,1,2,second_file,0.5757013500909378,6736,3,0.0,6.21756943037649e-05,44.96093162282772,39.494602197562905,0.112900001113303,0.32130000181496143,10.326800009352155,0.12840000272262841,10.787699997308664,0,True,on_screen,0.7516742373179737
1787908953920,1208,2802,2416.283984000336,1078.520822273065,2429.8258500011752,1073.5722795868944,1,2,second_file,0.5791776535144145,6768,3,0.0,4.121222935164759e-05,43.60500941066033,39.49119243241635,0.10680001287255436,0.2945000014733523,9.976600005757064,0.10830000974237919,10.387899994384497,0,True,on_screen,0.7516742373179737
1787908953936,1209,2803,2426.8603519197923,1060.4609135010603,2428.9362005767603,1069.6388697611442,1,2,second_file,0.5864422157020639,6784,3,0.0,8.55267360290006e-05,45.533342019478724,39.49604155679318,0.08820000221021473,0.222100003156811,10.719099998823367,0.14509999891743064,11.094600005890243,0,True,on_screen,0.7516742373179737
1787908953968,1210,2804,2457.2455889810726,1067.4185868156032,2437.429017098054,1068.972784877482,1,2,second_file,0.5773702939817116,6815,3,0.0,0.0002558867073882108,44.091501987964264,39.49227542008178,0.11819999781437218,0.27359998784959316,10.628500007442199,0.13110000872984529,11.045099992770702,0,True,on_screen,0.7516742373179737
1787908954000,1211,2805,2495.3894028796935,976.145511131732,2454.8171328325457,1041.1246027537568,1,2,second_file,0.5945552844434758,6848,3,0.0,0.00038504403082918574,42.82810392279299,39.488986776402555,0.1142999972216785,0.25630000163801014,10.102500003995374,0.12480000441428274,10.492500005057082,0,True,on_screen,0.7516742373179737
1787908954016,1212,2806,2517.9280191127946,971.5853734903768,2473.75039871662,1020.2628339747428,1,2,second_file,0.5916368269396557,6864,3,0.0,0.00044449790275393267,44.597573123039076,39.493828681801745,0.11339999036863446,0.23609999334439635,10.223999997833744,0.11359999189153314,10.581599999568425,0,True,on_screen,0.7516742373179737
1787908954048,1213,2807,2528.068106928679,979.6767022829554,2490.045711180238,1008.0869944672065,1,2,second_file,0.5776407043038199,6896,3,0.0,0.00030395932086683605,43.28963582925802,39.48959444543652,0.14659999578725547,0.2994999958900735,11.336899988236837,0.14459999511018395,11.795300000812858,0,True,on_screen,0.7516742373179737
1787908954064,1214,2808,2509.7853962054883,984.4783562294726,2495.967616687813,1001.0044029958863,1,2,second_file,0.5741986861919922,6911,3,0.0,0.0002585879431508554,45.13332123787973,39.49546762433315,0.15160000475589186,0.2390000008745119,9.974300002795644,0.12260000221431255,10.34389999404084,0,True,on_screen,0.7516742373179737
1787908954096,1215,2809,2493.0754049073084,980.9409634096629,2495.0999531536618,994.9853711200192,1,2,second_file,0.5810960199919797,6944,3,0.0,0.00023578612973269852,43.77636546778597,39.491749534545164,0.1294999965466559,0.305800000205636,10.228800005279481,0.1326000055996701,10.67730000067968,0,True,on_screen,0.7516742373179737
1787908954112,1216,2810,2525.716777446026,1014.8405687674301,2504.285000441371,1000.9419304142424,1,2,second_file,0.5597395112708351,6960,3,0.0,0.00024473481704646166,45.533020838896796,39.496001948333415,0.09479999425821006,0.24330000451300293,11.576499993680045,0.20650000078603625,12.036800006171688,0,True,on_screen,0.7516742373179737
1787908954144,1217,2811,2560.636236785089,1036.7284889411026,2521.1903713444863,1011.6778979723003,1,2,second_file,0.520605332569066,6992,3,0.0,0.00027683101782314916,44.11450516608627,39.49259720046385,0.15180000627879053,0.29630000062752515,11.094400004367344,0.18900001305155456,11.591299989959225,0,True,on_screen,0.7516742373179737
1787908954176,1218,2812,2560.837061348901,1044.7589025948448,2533.0843783458104,1021.6021993590637,1,2,second_file,0.4908902073422884,7024,3,0.0,0.00016787983494672906,42.84417251117964,39.48922779085008,0.13190000026952475,0.2724000078160316,10.741900012362748,0.12870000500697643,11.152000006404705,0,True,on_screen,0.7516742373179737
1787908954192,1219,2813,2548.468937948717,995.5252536082771,2537.6997462266822,1013.7791156338276,1,2,second_file,0.4897769172831553,7039,3,0.0,0.00011407551416499004,44.84546595015063,39.494793108548485,0.10490001295693219,0.22879999596625566,10.161900005186908,0.12989999959245324,10.528399987379089,0,True,on_screen,0.7516742373179737
1787908954224,1220,2814,2569.1378288557185,1066.5942597149942,2547.131171015393,1029.6236588581776,1,2,second_file,0.4591520293161553,7072,3,0.0,3.528361268111124e-05,43.43844846893158,39.49029613752472,0.21019999985583127,0.4003000067314133,10.881100010010414,0.17020000086631626,11.468199998489581,0,True,on_screen,0.7516742373179737
1787908954240,1221,2815,2565.737218272828,1076.3101686711798,2552.712985192624,1043.6296118020782,1,2,second_file,0.4362252660778697,7088,3,0.0,9.42637179152106e-06,45.36458920371724,39.495688463346305,0.119399992399849,0.39770000148564577,10.581299997284077,0.12129999231547117,11.10970000445377,0,True,on_screen,0.7516742373179737
1787908954272,1222,2816,2555.0820628283914,1080.225229594356,2553.423708483354,1054.6082971397614,1,2,second_file,0.4239596053650757,7120,3,0.0,1.8666957459573946e-05,43.98028809270789,39.49234464600169,0.10979999206028879,0.4048999981023371,10.208899999270216,0.11890000314451754,10.741499994765036,0,True,on_screen,0.7516742373179737
1787908954304,1223,2817,2541.985116285406,1084.4604277373035,2549.9921308239695,1063.563936319024,1,2,second_file,0.42012817953613946,7151,3,0.0,3.0667340864976717e-05,42.70214072805643,39.48800710675743,0.16349999350495636,0.2998999989358708,11.376199996448122,0.15559999155811965,11.845800006994978,0,True,on_screen,0.7516742373179737
1787908954320,1224,2818,2532.320543454189,1090.81153819828,2544.6906546130353,1071.7382168828008,1,2,second_file,0.4195944496000016,7167,3,0.0,2.174451325462866e-05,44.66731247061709,39.49385981057209,0.12879999121651053,0.2477000089129433,10.18669999029953,0.11350000568199903,10.556599998380989,0,True,on_screen,0.7516742373179737
1787908954352,1225,2819,2520.2957387170245,1088.0222365521076,2537.372179844232,1076.6234227835928,1,2,second_file,0.4254917949048278,7200,3,0.0,1.9220641721062054e-05,43.312811354085134,39.48967311918091,0.15029999485705048,0.3436999977566302,10.842000003322028,0.11850000009872019,11.313199996948242,0,True,on_screen,0.7516742373179737
1787908954368,1226,2820,2495.0846595006637,1091.966145374739,2524.6859237411613,1081.2262395609366,1,2,second_file,0.4394549659454222,7216,3,0.0,2.3228277572028e-05,45.38521874153254,39.495519804001994,0.09180000051856041,0.24189999385271221,10.079200001200661,0.12119999155402184,10.448999993968755,0,True,on_screen,0.7516742373179737
1787908954400,1227,2821,2449.825571070086,1014.6082880800077,2502.2278179398386,1061.2408541166578,1,2,second_file,0.4984154481765196,7248,3,0.0,5.960648588983555e-05,43.939397474954895,39.4910773522446,0.13360001321416348,0.3404000017326325,10.903700007474981,0.19040000915993005,11.468899989267811,0,True,on_screen,0.7516742373179737
1787908954416,1228,2822,2461.576985005137,1062.3149976434665,2490.032568059428,1061.5630971747005,1,2,second_file,0.5163356934166186,7263,3,0.0,0.00010440598679302068,45.7254309114235,39.49655993990432,0.1483999949414283,0.25779999850783497,10.299700006726198,0.12400001287460327,10.690600000089034,0,True,on_screen,0.7516742373179737
1787908954448,1229,2823,2486.3523890768006,1026.889803887861,2488.92851436464,1051.1611091886487,1,2,second_file,0.5311516971908153,7296,3,0.0,0.00015551181640387733,44.3298813036585,39.49321837717186,0.09839999256655574,0.2486000012140721,10.196199989877641,0.12660000356845558,10.580400004982948,0,True,on_screen,0.7516742373179737
1787908954480,1230,2824,2558.003866203522,1017.1132011168986,2509.651119916304,1040.9467367671236,1,2,second_file,0.5106033067649466,7328,3,0.0,0.00017326306447605112,42.98724262973805,39.48861041363988,0.1846999948611483,0.520800007507205,11.20979999541305,0.14340000052470714,11.886499996762723,0,True,on_screen,0.7516742373179737
1787908954496,1231,2825,2573.866443434984,1008.0450309086104,2528.915716971908,1031.0762250095695,1,2,second_file,0.4889966441014053,7344,3,0.0,0.00019431846386353674,44.91687482626906,39.49389511477627,0.15990000974852592,0.2986000035889447,11.130099999718368,0.14150000060908496,11.581999991904013,0,True,on_screen,0.7516742373179737
1787908954528,1232,2826,2587.6928351881434,1006.4238491072239,2546.5488524367784,1023.6805122388657,1,2,second_file,0.46556005976878245,7376,3,0.0,0.00020459868000305415,43.54672438844918,39.489999870898224,0.13320001016836613,0.27859999681822956,11.488999996799976,0.1444000081392005,11.924899998120964,0,True,on_screen,0.7516742373179737
1787908954544,1233,2827,2590.5993708094156,1004.2926693892842,2559.7640079485695,1017.8641593839911,1,2,second_file,0.4472006648284964,7391,3,0.0,0.0002094887874410714,45.43261310150344,39.495327558849226,0.11510000331327319,0.2835999912349507,11.128900005132891,0.1424999936716631,11.566799992579035,0,True,on_screen,0.7516742373179737
1787908954576,1234,2828,2648.4112697403634,989.4409386996588,2586.3581864861076,1009.3371931786915,1,2,second_file,0.4056389291295829,7424,3,0.0,0.00022742366728386795,44.026045778592035,39.4913935266639,0.18060000729747117,0.3671000013127923,11.591700007556938,0.15999999595806003,12.13869999628514,0,True,on_screen,0.7516742373179737
1787908954608,1235,2829,2711.1062089355046,965.3192762756184,2623.7825932209266,996.1318181077695,1,2,second_file,0.3445296971841407,7456,3,0.0,0.00023146740152479514,42.77843334585822,39.488625289618895,0.14209999062586576,0.2835999912349507,10.362899993197061,0.12739999510813504,10.786400001961738,0,True,on_screen,0.7516742373179737
1787908954624,1236,2830,2738.319886361134,950.5565427152806,2658.143781162989,982.4592354900228,1,2,second_file,0.28623466831607136,7472,3,0.0,0.00023491535760519072,44.67129642927161,39.4930742670298,0.11830001312773675,0.2606000052765012,11.43509999383241,0.12660000356845558,11.831699986942112,0,True,on_screen,0.7516742373179737
1787908954656,1237,2831,2746.446986617042,934.6248632221983,2684.6347427992046,968.1089238096754,1,2,second_file,0.24096246518660625,7503,3,0.0,0.00023460193277521565,43.33861911922776,39.48908219218369,0.13920001219958067,0.3718000079970807,11.962199991103262,0.15110000094864517,12.495799994212575,0,True,on_screen,0.7516742373179737
1787908954672,1238,2832,2741.7785567848573,932.478042343224,2701.7778869949,957.41965936974,1,2,second_file,0.21108516425686874,7519,3,0.0,0.00023493395098723828,45.14564137187308,39.494785162674894,0.12229999992996454,0.33660000190138817,10.668999995687045,0.16070000128820539,11.178999993717298,0,True,on_screen,0.7516742373179737
1787908954704,1239,2833,2735.5805281408675,927.561333027302,2711.9186793386903,948.4621614670086,1,2,second_file,0.19364129932513918,7552,3,0.0,0.00023359558382167467,43.787553219400216,39.49154071194393,0.10740000288933516,0.2629999944474548,10.298499997588806,0.13970000145491213,10.710900009144098,0,True,on_screen,0.7516742373179737
1787908954720,1240,2834,2735.32097671557,922.1549272045704,2718.939368551754,940.5699911882771,1,2,second_file,0.18160707942090926,7568,3,0.0,0.00023211733606118626,45.57284792508817,39.496100994800514,0.12660000356845558,0.31430000672116876,11.08320000639651,0.11759999324567616,11.52400000137277,0,True,on_screen,0.7516742373179737
1787908954752,1241,2835,2733.902773931822,904.9120940083565,2723.428390165774,929.8726220343008,1,2,second_file,0.17459370212374015,7600,3,0.0,0.00023172059171797446,44.14820874494926,39.49237935963186,0.16510000568814576,0.2863000117940828,11.239200001000427,0.14629999350290745,11.685199991916306,0,True,on_screen,0.7516742373179737
1787908954784,1242,2836,2738.0357534647633,843.3001027826652,2727.8105991554708,903.9008662588101,1,2,second_file,0.16804191549006642,7631,3,0.0,0.00024066284710516292,42.87337148039186,39.48926643585653,0.13279999257065356,0.3074999985983595,10.371399999712594,0.13049998960923404,10.82009999663569,0,True,on_screen,0.7516742373179737
1787908954800,1243,2837,2669.5701683114517,830.3247180485095,2710.338469902265,881.8280217957199,1,2,second_file,0.20157700373194254,7648,3,0.0,0.00024085129536519957,44.77323425203083,39.49398342781774,0.11550000635907054,0.25969999842345715,11.005299995304085,0.12669998977798969,11.400499992305413,0,True,on_screen,0.7516742373179737
1787908954832,1244,2838,2637.1369189186053,847.3359783733131,2688.378004607167,871.4804087689978,1,2,second_file,0.24340770277773272,7680,3,0.0,0.00022698953857504256,43.438055151677176,39.490263848688656,0.15770000754855573,0.3073999978369102,11.201200002687983,0.14280001050792634,11.663700002827682,0,True,on_screen,0.7516742373179737
1787908954848,1245,2839,2593.4605924779157,877.2579534166553,2659.902780968391,873.2136721632951,1,2,second_file,0.2994015309689233,7696,3,0.0,0.0002149191516709198,45.28221528005749,39.495450750102336,0.15220000932458788,0.30529999639838934,10.94819999707397,0.12139999307692051,11.38469998841174,0,True,on_screen,0.7516742373179737
1787908954880,1246,2840,2566.3792979505047,945.1147831344281,2631.845736063025,894.7840054546349,1,2,second_file,0.35637080575280855,7728,3,0.0,0.00017995569842927175,43.87047213256617,39.491780334499644,0.14579998969566077,0.27770000451710075,10.886100004427135,0.12670000432990491,11.299700010567904,0,True,on_screen,0.7516742373179737
1787908954912,1247,2841,2549.916330640074,993.5085256256973,2607.26691443614,924.4013615059536,1,2,second_file,0.4027755669312175,7759,3,0.0,0.00016016116292331614,42.593467558024635,39.48680436129611,0.1297999988310039,0.3218000056222081,13.027100008912385,0.16920000780373812,13.533100005588494,0,True,on_screen,0.7516742373179737
1787908954928,1248,2842,2551.4656993010663,1004.6701023024885,2590.526549895618,948.481983744914,1,2,second_file,0.42956543270666103,7776,3,0.0,0.00015071288389074608,44.65319619101342,39.49329496679209,0.10980000661220402,0.28140000358689576,10.797000009915791,0.11579999409150332,11.204199996427633,0,True,on_screen,0.7516742373179737
1787908954960,1249,2843,2558.873000428743,1030.5419442908042,2581.0304850555553,973.099971908681,1,2,second_file,0.4375874149595379,7808,3,0.0,0.00013592115087744314,43.3430976739329,39.490024078873006,0.112900001113303,0.2552999940235168,10.411900002509356,0.11830001312773675,10.79419998859521,0,True,on_screen,0.7516742373179737
1787908954976,1250,2844,2561.824283113143,1032.9411123426503,2575.268624472831,991.0523140388718,1,2,second_file,0.43831515923847586,7824,3,0.0,0.0001341644073321116,45.24059881038863,39.495312784044664,0.10180000390391797,0.2386999985901639,10.0555999961216,0.11629999789875001,10.426699998788536,0,True,on_screen,0.7516742373179737
1787908955008,1251,2845,2548.362095782715,1032.4940970450648,2567.196665865796,1003.4848489407296,1,2,second_file,0.4448551980279667,7855,3,0.0,0.00014625171812319981,43.831978424635885,39.4909110474454,0.12070000229869038,0.31379998836200684,11.197400002856739,0.15119998715817928,11.676900001475587,0,True,on_screen,0.7516742373179737
1787908955024,1252,2846,2555.6170624357087,1025.1169067244202,2563.7227848367697,1009.9744662758367,1,2,second_file,0.44635399545155807,7871,3,0.0,0.0001503990776106929,45.59253207965049,39.49609154463299,0.1824999926611781,0.28139998903498054,10.83949999883771,0.1382999907946214,11.269599999650382,0,True,on_screen,0.7516742373179737
1787908955056,1253,2847,2556.497678269397,1024.4118639609367,2561.555252866558,1014.3056855813666,1,2,second_file,0.44687555774865484,7904,3,0.0,0.00015616277158088387,44.15571262114964,39.49267885080027,0.13549999857787043,0.34940001205541193,10.301200003596023,0.12859998969361186,10.79129999561701,0,True,on_screen,0.7516742373179737
1787908955088,1254,2848,2550.7687562123624,1029.5683005799608,2558.3193038702993,1018.8844700809448,1,2,second_file,0.44892979488131735,7936,3,0.0,0.00016157077160753805,42.90675261085736,39.488454086962804,0.12569999671541154,0.2720000047702342,11.81269998778589,0.15279999934136868,12.248300001374446,0,True,on_screen,0.7516742373179737
1787908955104,1255,2849,2549.522418856236,1030.5393325621608,2555.68023836608,1022.3809288253094,1,2,second_file,0.4506518442429328,7952,3,0.0,0.0001533627154349862,44.71668862972851,39.4939907363244,0.12159999459981918,0.38470000436063856,10.499099997105077,0.1686999894445762,11.065800004871562,0,True,on_screen,0.7516742373179737
1787908955136,1256,2850,2571.410559138378,1041.860440281393,2560.3993345977697,1028.2247822621343,1,2,second_file,0.43726988914305054,7983,3,0.0,0.00015849456088585373,43.36984399483882,39.48995472821746,0.16930000856518745,0.3240999940317124,11.290599999483675,0.1340000017080456,11.759699991671368,0,True,on_screen,0.7516742373179737
1787908955152,1257,2851,2569.7288219281772,1065.642133395352,2563.198180796892,1039.4499876020996,1,2,second_file,0.42224277658735954,8000,3,0.0,0.00015837657586510734,45.38303358922948,39.49569896686748,0.10830000974237919,0.24599999596830457,10.456200005137362,0.12480000441428274,10.83499999367632,0,True,on_screen,0.7516742373179737
1787908955184,1258,2852,2577.2036771245034,1067.8095566424709,2567.399829695175,1047.9578583142109,1,2,second_file,0.4069686714367631,8032,3,0.0,0.0001433593727905979,43.9626175503592,39.49106370746293,0.1680999994277954,0.461799994809553,11.900199999217875,0.182400006451644,12.557099995319732,0,True,on_screen,0.7516742373179737
1787908955216,1259,2853,2585.483860919292,1072.3718564886915,2572.82503906241,1055.282057766555,1,2,second_file,0.3905986822014388,8064,3,0.0,0.0001430286779814209,42.710218974424606,39.488474413298626,0.10879999899771065,0.24880000273697078,10.410099988803267,0.1399000029778108,10.80829999409616,0,True,on_screen,0.7516742373179737
1787908955232,1260,2854,2586.414818241683,1078.5796079139545,2576.9019728161916,1062.2713228107748,1,2,second_file,0.37675673756651007,8080,3,0.0,0.00014684262376922497,44.66096580019546,39.49342407643482,0.13020000187680125,0.25120000645983964,10.628799995174631,0.1134999911300838,11.001199993188493,0,True,on_screen,0.7516742373179737
1787908955264,1261,2855,2594.2082336741914,1089.1933271560426,2582.0938510735914,1070.347924114355,1,2,second_file,0.3598387429173562,8111,3,0.0,0.0001503150239206795,43.326592639604414,39.48970105346247,0.12499999138526618,0.400500008254312,10.643599991453812,0.15249999705702066,11.20610001089517,0,True,on_screen,0.7516742373179737
1787908955280,1262,2856,2582.407864172189,1093.5432499608185,2582.1880550031706,1077.306521868294,1,2,second_file,0.35244305947037335,8128,3,0.0,0.00014971874283182043,45.055237399985344,39.4942299220499,0.1660000125411898,0.29209999775048345,11.313999988487922,0.1213000068673864,11.737699998775497,0,True,on_screen,0.7516742373179737
1787908955312,1263,2857,2595.7061637864376,1090.984905245844,2586.2434876381503,1081.4100368815589,1,2,second_file,0.3413958312220108,8160,3,0.0,0.00015510774593455526,43.69859596500388,39.491270058735196,0.19809999503195286,0.2860999957192689,10.306600001058541,0.11930000619031489,10.722299994085915,0,True,on_screen,0.7516742373179737
1787908955328,1264,2858,2597.2932925054347,1091.2014013897106,2589.5584290983356,1084.3474462340043,1,2,second_file,0.3328029651578521,8176,3,0.0,0.00015591188886954384,45.69808197987217,39.4966939332439,0.10859999747481197,0.23289999808184803,10.04300000204239,0.12240000069141388,10.40600000123959,0,True,on_screen,0.7516742373179737
1787908955360,1265,2859,2619.432623081087,1075.2723900789304,2598.520687293161,1081.624929387482,1,2,second_file,0.32077631885381364,8207,3,0.0,0.0001815404998465886,44.22029543835177,39.49168867575767,0.14030000602360815,0.3443999885348603,11.978199996519834,0.20629999926313758,12.557699999888428,0,True,on_screen,0.7516742373179737
1787908955392,1266,2860,2599.0241522454044,1051.303421491661,2598.6717267788335,1072.5284770187357,1,2,second_file,0.32972061914836914,8240,3,0.0,0.00018939895098046486,42.94967867270819,39.48923758524071,0.13930001296103,0.2767999976640567,10.221599994110875,0.13220000255387276,10.642599998391233,0,True,on_screen,0.7516742373179737
1787908955408,1267,2861,2603.0504323227606,1042.3291913147916,2599.9853384420117,1063.4686913075523,1,2,second_file,0.33627210122591866,8256,3,0.0,0.00018784604217556532,44.93627567373624,39.494516788907134,0.10119999933522195,0.23639999562874436,9.983800002373755,0.12489999062381685,10.362100001657382,0,True,on_screen,0.7516742373179737
1787908955440,1268,2862,2603.445723901511,1033.1703613565737,2601.0234540798615,1054.3791923222586,1,2,second_file,0.3429044326681078,8288,3,0.0,0.00018703922179078014,43.53715751770942,39.49040652186288,0.19350000366102904,0.3077000001212582,10.46239999413956,0.12830000196117908,10.909300006460398,0,True,on_screen,0.7516742373179737
1787908955456,1269,2863,2578.9476550524128,1033.6942603153275,2594.4007143716267,1048.1737127201793,1,2,second_file,0.3600391544623389,8304,3,0.0,0.00018036549180966248,45.47480749459373,39.49502208287092,0.13729999773204327,0.4251000063959509,11.282700012088753,0.14260000898502767,11.864400003105402,0,True,on_screen,0.7516742373179737
1787908955488,1270,2864,2577.8542979808963,1045.671127156817,2589.4367894544075,1047.4229370511705,1,2,second_file,0.36938070990366645,8335,3,0.0,0.00016166813901235047,44.06351903179772,39.4918443736124,0.12650000280700624,0.2739999908953905,10.719199999584816,0.12880000576842576,11.133299994980916,0,True,on_screen,0.7516742373179737
1787908955520,1271,2865,2583.999912073907,1033.391280213741,2587.805726240257,1043.2134399999418,1,2,second_file,0.37598961797699837,8368,3,0.0,0.0001620858504104844,42.79618480489453,39.488446349769625,0.11949999316129833,0.24750000739004463,10.475599992787465,0.10879999899771065,10.840700007975101,0,True,on_screen,0.7516742373179737
1787908955536,1272,2866,2587.6662370836275,1025.9933567637186,2587.763879493268,1038.0474150290747,1,2,second_file,0.3805658019216366,8384,3,0.0,0.00016348161530180955,44.77701344409637,39.493107100319754,0.13980000221636146,0.2410000015515834,11.224600006244145,0.1508999994257465,11.626000006799586,0,True,on_screen,0.7516742373179737
1787908955568,1273,2867,2590.406460209382,1010.2883621407633,2588.556653708102,1029.7196991625813,1,2,second_file,0.3861249607843037,8416,3,0.0,0.00016665059171729404,43.414460442482714,39.489558979887654,0.12270000297576189,0.26700001035351306,10.949399991659448,0.14069999451749027,11.36979999137111,0,True,on_screen,0.7516742373179737
1787908955584,1274,2868,2600.288867475137,1000.221740929751,2592.0763178382126,1020.8703116927321,1,2,second_file,0.3867595416240406,8432,3,0.0,0.00016947796951165273,45.33114997824438,39.4951151593311,0.10359998850617558,0.23010000586509705,10.136400000192225,0.12120000610593706,10.49510001030285,0,True,on_screen,0.7516742373179737
1787908955616,1275,2869,2601.8070383318654,997.3820049610513,2594.995533986308,1013.823819673228,1,2,second_file,0.3866443610019987,8463,3,0.0,0.00017262160835419121,43.90507241986732,39.49064006173513,0.15870000061113387,0.26960000104736537,11.408999998820946,0.1720000000204891,11.861499995575286,0,True,on_screen,0.7516742373179737
1787908955632,1276,2870,2590.9977472862574,989.2787563315278,2593.7961979762927,1006.4603006707179,1,2,second_file,0.3939711451286647,8480,3,0.0,0.00017693182960790838,45.700961291147884,39.49516270197127,0.10469999688211828,0.2995999966515228,12.227400002302602,0.15969999367371202,12.69730000058189,0,True,on_screen,0.7516742373179737
1787908955664,1277,2871,2586.4408322185877,988.9208336053272,2591.589588248981,1001.1984605511007,1,2,second_file,0.40154243199568906,8512,3,0.0,0.0001762841826222425,44.26488526327301,39.492517980155164,0.13980000221636146,0.31119999766815454,10.52009999693837,0.12549999519251287,10.976799996569753,0,True,on_screen,0.7516742373179737
1787908955696,1278,2872,2569.0222802767767,990.2731502650845,2584.8193958573193,997.9208674652957,1,2,second_file,0.4162117932057485,8544,3,0.0,0.00017368425406461517,42.985366520389185,39.48908309310535,0.115999995614402,0.2671000111149624,10.45210000302177,0.11999999696854502,10.847099998500198,0,True,on_screen,0.7516742373179737
1787908955712,1279,2873,2569.710581529776,988.5286730095299,2580.286751559056,995.1032091285659,1,2,second_file,0.42642958519772545,8559,3,0.0,0.00017201135757605526,44.922643391050244,39.49396472352982,0.11639999866019934,0.24330000451300293,10.73349999205675,0.15619999612681568,11.141499999212101,0,True,on_screen,0.7516742373179737
1787908955744,1280,2874,2551.5032475196667,1007.9845821032695,2571.651700347239,998.967621020977,1,2,second_file,0.439844185864641,8592,3,0.0,0.0001685420236644409,43.531779334364714,39.48970230509444,0.1584999990882352,0.33429999893996865,11.554800003068522,0.16969999705906957,12.073000005329959,0,True,on_screen,0.7516742373179737
1787908955760,1281,2875,2550.7569510152853,1010.4044512297261,2565.383275547653,1002.3986700836017,1,2,second_file,0.4489476993877871,8608,3,0.0,0.00017150666760200328,45.56323741475869,39.49534087064104,0.09919999865815043,0.23330000112764537,10.973899989039637,0.12490000517573208,11.33960000879597,0,True,on_screen,0.7516742373179737
1787908955792,1282,2876,2534.9191641170783,1027.2202912006676,2556.24404211848,1009.8451564187214,1,2,second_file,0.4599435720974836,8640,3,0.0,0.0001671381843916138,44.10326276752598,39.4916297971238,0.11750000703614205,0.342100000125356,10.72540000313893,0.12880000576842576,11.205699993297458,0,True,on_screen,0.7516742373179737
1787908955824,1283,2877,2539.2008931492724,1032.7210194418265,2551.1310974277176,1016.707915325653,1,2,second_file,0.46351745295945523,8671,3,0.0,0.00016721478607362172,42.81554574268438,39.48753827712629,0.16370000957977027,0.28279999969527125,11.563399995793588,0.19200000679120421,12.051899990183301,0,True,on_screen,0.7516742373179737
1787908955840,1284,2878,2533.071512921204,1040.5558798284872,2545.7132220757635,1023.8623046765031,1,2,second_file,0.4668581853454431,8687,3,0.0,0.00016791067538811724,44.7466376340164,39.493070406309094,0.1466999965487048,0.271999990218319,10.644499998306856,0.1432999997632578,11.070499997003935,0,True,on_screen,0.7516742373179737
1787908955872,1285,2879,2529.791477902942,1041.934758524228,2540.9366988239167,1029.2840408308207,1,2,second_file,0.4701706196653084,8720,3,0.0,0.00016813126128656722,43.40076753272326,39.4893590517824,0.1345000055152923,0.2925000007962808,10.82009999663569,0.1554000045871362,11.281400002189912,0,True,on_screen,0.7516742373179737
1787908955888,1286,2880,2519.4416917504695,1045.7841547967844,2534.4881967018823,1034.2340750206097,1,2,second_file,0.4764247092860685,8736,3,0.0,0.00017060151058429993,45.38920389321902,39.49430845669594,0.11830001312773675,0.29999999969732016,11.20470000023488,0.14699999883305281,11.663699988275766,0,True,on_screen,0.7516742373179737
1787908955920,1287,2881,2515.5986785624696,1049.4973639860134,2528.8213412600585,1038.8130617102308,1,2,second_file,0.48134141662224517,8768,3,0.0,0.0001732930929962944,43.96717957413779,39.49070170250482,0.13100000796839595,0.3406000032555312,11.072699999203905,0.13559999933931977,11.562699990463443,0,True,on_screen,0.7516742373179737
1787908955936,1288,2882,2506.9315477868213,1050.063645102735,2522.254403218087,1042.188236727982,1,2,second_file,0.4886784495868931,8784,3,0.0,0.00017786578830250588,45.81110065939543,39.4957272160133,0.12379999679978937,0.26709999656304717,11.136899993289262,0.15979999443516135,11.575199998333119,0,True,on_screen,0.7516742373179737
1787908955968,1289,2883,2508.3790875798386,1048.028007133769,2518.0918085266126,1043.9401678497181,1,2,second_file,0.49359432866416175,8815,3,0.0,0.00018210308866469307,44.36069434443519,39.49238804905166,0.12430000060703605,0.272599994787015,10.70080000499729,0.14030000602360815,11.1246000014944,0,True,on_screen,0.7516742373179737
1787908956000,1290,2884,2498.7662884095753,1046.3854621944563,2512.2941524915013,1044.6737561531395,1,2,second_file,0.5021781476284783,8848,3,0.0,0.00017480925052251045,43.05502485050997,39.488560648002014,0.16589999722782522,0.31909999961499125,11.073199988459237,0.17220000154338777,11.579300000448711,0,True,on_screen,0.7516742373179737
1787908956016,1291,2885,2503.0457446722316,1037.5785529996133,2509.5196301457204,1042.5451952070816,1,2,second_file,0.5090347444230272,8864,3,0.0,0.00017428680633939028,45.00867637831879,39.49353582741773,0.16309999045915902,0.3124999930150807,11.270100003457628,0.13049998960923404,11.722800001734868,0,True,on_screen,0.7516742373179737
1787908956048,1292,2886,2507.035400341302,1033.2806773382656,2508.774361204395,1039.7658398464368,1,2,second_file,0.5133324964700939,8896,3,0.0,0.00017631075172514464,43.630847082077445,39.49006979161295,0.12929999502375722,0.25860000459942967,11.032199996407144,0.13749999925494194,11.437100009061396,0,True,on_screen,0.7516742373179737
1787908956064,1293,2887,2504.1781927406164,1028.3320110669526,2507.3955106652616,1036.3356912125914,1,2,second_file,0.5193469046475978,8911,3,0.0,0.00017685832043579444,45.56154348883818,39.49534006357551,0.1353999978164211,0.2801000082399696,10.63580000482034,0.18930000078398734,11.116000008769333,0,True,on_screen,0.7516742373179737
1787908956096,1294,2888,2515.0618528206996,1028.4080339153431,2509.695413311893,1033.957394023417,1,2,second_file,0.518153782347484,8944,3,0.0,0.00018416174717848094,44.11253277293308,39.49158948862931,0.16590001177974045,0.32410000858362764,10.719900004914962,0.13800000306218863,11.195899991434999,0,True,on_screen,0.7516742373179737
1787908956112,1295,2889,2515.027285938438,1030.0305478699586,2511.2949750998564,1032.7793401773795,1,2,second_file,0.5167708345749662,8960,3,0.0,0.00018490795312427893,45.90586965424806,39.4967876294665,0.12660000356845558,0.2514999941922724,10.365800000727177,0.14739998732693493,10.772699999506585,0,True,on_screen,0.7516742373179737
1787908956144,1296,2890,2519.969349142765,1021.9322810629345,2513.897287312729,1029.525222443046,1,2,second_file,0.5158463724265145,8992,3,0.0,0.00018675536993671,44.45620322899054,39.49273843192072,0.13630000466946512,0.2869000018108636,11.232100005145185,0.22529999841935933,11.756299994885921,0,True,on_screen,0.7516742373179737
1787908956176,1297,2891,2522.7069096343644,1017.8686370673671,2516.5401740092193,1026.0282468303424,1,2,second_file,0.5149606286945678,9024,3,0.0,0.00019039464763362032,43.136657494669016,39.48919061401737,0.17630000365898013,0.38529999437741935,11.101399999461137,0.16280000272672623,11.66459999512881,0,True,on_screen,0.7516742373179737
1787908956192,1298,2892,2522.2697759389016,1018.4572588790253,2518.259054588124,1023.7569504449472,1,2,second_file,0.5143006013703042,9039,3,0.0,0.00018856198076277683,45.038070768439916,39.494642505311774,0.09820000559557229,0.24700000358279794,10.42299999971874,0.11039999662898481,10.788699990371242,0,True,on_screen,0.7516742373179737
1787908956224,1299,2893,2524.236084752576,1015.6043312961623,2520.0521636374597,1021.3111647003116,1,2,second_file,0.5136179793258799,9072,3,0.0,0.00019116526627573072,43.6834930757136,39.49126045097204,0.1117999927373603,0.26149999757763,10.243099997751415,0.11449999874457717,10.627900002873503,0,True,on_screen,0.7516742373179737
1787908956240,1300,2894,2522.75915630978,1014.1075564912061,2520.8642614391556,1019.1500822375799,1,2,second_file,0.5142842402454398,9088,3,0.0,0.0001935391986754957,45.50924203252683,39.49552106188388,0.1066999975591898,0.24000000848900527,11.489899989101104,0.1613000058569014,11.900199999217875,0,True,on_screen,0.7516742373179737
1787908956272,1301,2895,2510.291812043961,1021.0188614663705,2517.692526620597,1019.7107160062171,1,2,second_file,0.5191946252019082,9120,3,0.0,0.00019241908813249706,44.04639599380832,39.49241930870191,0.12460000289138407,0.3073999978369102,10.136000011698343,0.13760000001639128,10.593899991363287,0,True,on_screen,0.7516742373179737
1787908956304,1302,2896,2454.228167482056,1021.7471520537574,2498.6532188790347,1020.3216468204791,1,2,second_file,0.5507989041779168,9151,3,0.0,0.0001383717835604474,42.794381270296874,39.48847577513405,0.16650000179652125,0.33400001120753586,11.039900011382997,0.1331999956164509,11.518799990881234,0,True,on_screen,0.7516742373179737
1787908956320,1303,2897,2156.273748471888,1057.0911189560297,2395.9393777568907,1031.3524884611443,1,2,second_file,0.6852750035887157,9167,3,0.0,0.0001651969143108764,44.79224942671447,39.49362471334211,0.1007999962894246,0.2339999919058755,10.966899993945844,0.1390999968862161,11.34759999695234,0,True,on_screen,0.7516742373179737
1787908956352,1304,2898,1833.7386166117558,1022.2218052112188,2227.2791494133503,1028.6132834861664,1,2,second_file,0.7060311343922057,9200,3,0.0,0.00021202478401832758,43.448430111644484,39.48995472164782,0.1171000039903447,0.2834999904735014,11.151700004120357,0.1466000103391707,11.593800008995458,0,True,on_screen,0.7516742373179737
1787908956368,1305,2899,1737.8114627588486,1007.1332427361677,2080.4388434169996,1022.1692712611667,1,2,second_file,0.49990783369301683,9216,3,0.0,0.0002407857748507828,45.28956225829141,39.49502578269594,0.12060000153724104,0.2753000007942319,10.893200000282377,0.14609999198000878,11.32530000177212,0,True,on_screen,0.7516742373179737
1787908956400,1306,2900,1656.0020840495872,977.6229299779326,1953.1078156067758,1008.8053688761964,1,2,second_file,0.2788591453828715,9248,3,0.0,0.00027107254884767285,43.89295726905574,39.49177635369539,0.16500000492669642,0.3217000048607588,10.290500009432435,0.13640000543091446,10.761800003820099,0,True,on_screen,0.7516742373179737
1787908956416,1307,2901,1618.0643245589022,972.8485202180275,1852.5947682924136,998.0183142787457,1,1,main_file,0.16755252902781825,0,2,0.2,0.00026508025482013114,45.642660759183286,39.49605253428822,0.14120001287665218,0.2992999943671748,11.372299995855428,0.1581999968038872,11.841199986520223,0,True,on_screen,0.7516742373179737
1787908956448,1308,2902,1550.7278417186483,967.200338506298,1762.034690320284,988.7729215470114,1,1,main_file,0.3442806707929532,32,2,0.2,0.00026118882315204553,44.20458654524273,39.492093411410764,0.1294999965466559,0.3152999997837469,12.07349999458529,0.1357000001007691,12.538100010715425,0,True,on_screen,0.7516742373179737
1787908956480,1309,2903,1504.012656396665,952.6985884131437,1684.628080143198,977.950621606851,1,1,main_file,0.4960154871553226,64,2,0.2,0.0002586513783170638,42.96335355726385,39.48934651499001,0.14370000280905515,0.31689999741502106,11.043999998946674,0.14609999198000878,11.518699990119785,0,True,on_screen,0.7516742373179737
1787908956496,1310,2904,1493.9106183050792,950.975221042862,1627.4128415917623,969.8580014376541,1,1,main_file,0.6073899691058224,80,2,0.2,0.0002570150687647675,44.72219295601337,39.4938084017114,0.11890000314451754,0.2813000028254464,11.584399995626882,0.1429999974789098,12.019000001600944,0,True,on_screen,0.7516742373179737
1787908956528,1311,2905,1471.5416438296518,948.509455434469,1580.6514822631293,963.4534376366986,1,1,main_file,0.6971110430081604,112,2,0.2,0.000252878824131976,43.37537410191351,39.48998390797204,0.26590000197757035,0.32410000858362764,11.982299998635426,0.14599999121855944,12.467099993955344,0,True,on_screen,0.7516742373179737
1787908956544,1312,2906,1470.8995476398527,948.1415229501924,1547.7259018761463,958.8598632307467,1,1,main_file,0.7590324587450545,128,2,0.2,0.0002510999793815978,45.36294738230122,39.49585425772405,0.115999995614402,0.2806999982567504,10.621100009302609,0.13110000872984529,11.042600002838299,0,True,on_screen,0.7516742373179737
1787908956576,1313,2907,1460.1665545443943,948.6628777818266,1521.4580976766206,955.8007675960705,1,1,main_file,0.8061818009191154,160,2,0.2,0.0002448116708886755,43.94305332643109,39.49202255031201,0.1370999962091446,0.2814999897964299,10.98989999445621,0.13110000872984529,11.414599997806363,0,True,on_screen,0.7516742373179737
1787908956608,1314,2908,1460.8556844027319,946.0609495653981,1503.277373694454,952.8788221868688,1,1,main_file,0.8381279199133992,192,2,0.2,0.00024019173328755812,42.71148337939998,39.48846538735145,0.12950001109857112,0.2964000013889745,11.278200006927364,0.16239999968092889,11.75140000123065,0,True,on_screen,0.7516742373179737
1787908956624,1315,2909,1460.4711201687612,947.5697106211492,1490.435497636746,951.2860887171528,1,1,main_file,0.8588033001092985,208,2,0.2,0.00023924438092596222,44.65001096076814,39.49379656451836,0.11130000348202884,0.29209999775048345,10.587400000076741,0.13649999164044857,11.02760000503622,0,True,on_screen,0.7516742373179737
1787908956656,1316,2910,1458.91239636716,949.6994699932376,1480.97856725587,950.8101030999782,1,1,main_file,0.8718665869399508,240,2,0.2,0.00023724087944107346,43.29638786323487,39.48969901905237,0.16090000281110406,0.31519999902229756,11.38619999983348,0.13920001219958067,11.85280000208877,0,True,on_screen,0.7516742373179737
1787908956672,1317,2911,1454.2923226093649,950.1456914803077,1472.9726938619185,950.610779614077,1,1,main_file,0.8814293193481992,256,2,0.2,0.00023525997040135284,45.203729376559345,39.495029603439505,0.10740000288933516,0.26200000138487667,10.764899998321198,0.15770000754855573,11.193300000741147,0,True,on_screen,0.7516742373179737
1787908956704,1318,2912,1445.570495204409,946.5238505327694,1464.7520342646656,949.3847008896847,1,1,main_file,0.8915651783359047,288,2,0.2,0.0002340911228240622,43.796051566485495,39.49091255652442,0.1475000026402995,0.3132999991066754,11.580000005778857,0.16660000255797058,12.07290000456851,0,True,on_screen,0.7516742373179737
1787908956721,1319,2913,1440.8491331095427,945.7807912903636,1457.5811639181286,948.3035280098884,1,1,main_file,0.8990968760764732,305,2,0.2,0.0002346048971552349,45.53321553466495,39.496312703295224,0.18029999046120793,0.2899999963119626,10.52309999067802,0.13840000610798597,10.961300009512343,0,True,on_screen,0.7516742373179737
1787908956752,1320,2914,1447.2095115906916,944.0392768282654,1454.4696682198974,947.0242526554014,1,1,main_file,0.9034221832497327,336,2,0.2,0.00023698454137331681,44.149004031149616,39.4926229047587,0.16419999883510172,0.31149999995250255,11.143399999127723,0.15110000094864517,11.61869999486953,0,True,on_screen,0.7516742373179737
1787908956784,1321,2915,1463.0794508139686,948.7578638986621,1457.0526029981186,947.5443360283796,1,1,main_file,0.9008510350804766,368,2,0.2,0.00023398787819083923,42.85936732210883,39.48880200124326,0.12989999959245324,0.3100000030826777,11.600800004089251,0.1576000067871064,12.084599991794676,0,True,on_screen,0.7516742373179737
1787908956800,1322,2916,1474.9249705013985,953.2505002872203,1462.4143132491024,949.2561853060317,1,1,main_file,0.8937719324928608,384,2,0.2,0.00023546031997655897,44.793109654240965,39.49384231202694,0.15239999629557133,0.3254000039305538,11.420399998314679,0.14879999798722565,11.905999999726191,0,True,on_screen,0.7516742373179737
1787908956832,1323,2917,1484.7008894348594,958.5739575735637,1469.1002861048294,952.0515169862913,1,1,main_file,0.8829413432534802,416,2,0.2,0.00023954261646167221,43.445561338374596,39.49058953601631,0.15950000670272857,0.32900000223889947,10.895800005528145,0.14060000830795616,11.379099989426322,0,True,on_screen,0.7516742373179737
1787908956848,1324,2918,1478.1010904955488,959.465513629774,1471.8005274220452,954.275715979336,1,1,main_file,0.8765186908719678,432,2,0.2,0.0002372975035066574,45.328004231700675,39.49439604431968,0.12119999155402184,0.29090000316500664,13.036500007729046,0.18250000721309334,13.521000000764616,0,True,on_screen,0.7516742373179737
1787908956880,1325,2919,1523.5120927732016,961.5739174290583,1487.3139970273921,956.4651764142526,1,1,main_file,0.8553933166987631,464,2,0.2,0.00023793941011155534,43.91476407440039,39.49193579947151,0.16999999934341758,0.34649998997338116,10.86819999909494,0.16169999435078353,11.389499995857477,0,True,on_screen,0.7516742373179737
1787908956912,1326,2920,1526.4536529435015,970.2859416778253,1499.055893802225,960.6114059933243,1,1,main_file,0.8338851655415239,496,2,0.2,0.00024960383073330955,42.6654616115274,39.48812303417369,0.149200001033023,0.28229999588802457,11.586299995542504,0.14460000966209918,12.02539999212604,0,True,on_screen,0.7516742373179737
1787908956928,1327,2921,1516.1984424433394,974.4677274380996,1504.1986583945593,964.7683024267569,1,1,main_file,0.8209893205288624,512,2,0.2,0.0002489881619022142,44.65693353891299,39.49367673245231,0.13299999409355223,0.3054000117117539,10.528700004215352,0.12309999146964401,10.96770000003744,0,True,on_screen,0.7516742373179737
1787908956960,1328,2922,1515.5170631947847,984.3947662724994,1507.5941798346269,970.6562415804796,1,1,main_file,0.8080583600300056,544,2,0.2,0.00024197997059604084,43.31315729190258,39.490037441325036,0.14619999274145812,0.30599998717661947,10.62909999745898,0.1272999943466857,11.075000002165325,0,True,on_screen,0.7516742373179737
1787908956976,1329,2923,1518.015961552467,997.1706880576194,1510.7207143499788,978.6105755236215,1,1,main_file,0.7924358349955272,560,2,0.2,0.00023864829928584366,45.13860507520909,39.49483103393321,0.11729999096132815,0.2628999936860055,10.762499994598329,0.13780000153928995,11.171800011652522,0,True,on_screen,0.7516742373179737
1787908957008,1330,2924,1508.056650868508,1017.1270936023064,1509.9214953055375,990.1655309472269,1,1,main_file,0.7760261289179617,592,2,0.2,0.0002328611692584224,43.78278557131638,39.49155620826037,0.14609999198000878,0.26300000899937004,10.568099998636171,0.12440000136848539,10.965499997837469,0,True,on_screen,0.7516742373179737
1787908957024,1331,2925,1504.310313399527,1022.393384897569,1508.2381407337343,999.8338871323294,1,1,main_file,0.762625986714029,608,2,0.2,0.00022988496450155292,45.49356558207485,39.49592020039638,0.14730000111740083,0.30849999166093767,11.200499997357838,0.15639999764971435,11.680999989039265,0,True,on_screen,0.7516742373179737
1787908957056,1332,2926,1500.6440209766442,1035.1596247769876,1505.9599048066073,1010.4316084257268,1,1,main_file,0.7475032645156152,640,2,0.2,0.00022757345428316492,44.11488659880115,39.49267579106009,0.14150000060908496,0.3029000072274357,11.04250000207685,0.18889999773819,11.547300004167482,0,True,on_screen,0.7516742373179737
1787908957088,1333,2927,1494.9711640139328,1040.719032066954,1502.6632825688048,1019.5178355180949,1,1,main_file,0.7351008780937199,672,2,0.2,0.00022525136053175993,42.83831210426514,39.48901457977503,0.10889999975915998,0.2747999969869852,11.413000000175089,0.1421999913873151,11.840799998026341,0,True,on_screen,0.7516742373179737
1787908957104,1334,2928,1493.0826595982187,1041.5067424021431,1499.789095677629,1026.1145075833092,1,1,main_file,0.7260310723948036,688,2,0.2,0.00022506533948725774,44.69080547911358,39.49390007608833,0.11330000415910035,0.24979999579954892,11.290399997960776,0.14679999731015414,11.69579999987036,0,True,on_screen,0.7516742373179737
1787908957136,1335,2929,1498.239130493779,1046.2853103250065,1499.324106122474,1032.1657484058182,1,1,main_file,0.7156273592413324,720,2,0.2,0.000228179498624477,43.37108324953125,39.49073753380182,0.14820000797044486,0.294400000711903,10.749299995950423,0.14659999578725547,11.202900001080707,0,True,on_screen,0.7516742373179737
1787908957152,1336,2930,1497.7000859845207,1043.2596624424477,1498.836900081088,1035.4939226168071,1,1,main_file,0.7100371029403618,736,2,0.2,0.00023196072216732748,45.076344017105754,39.49557390694202,0.13240000407677144,0.28249999741092324,10.483499994734302,0.11569999333005399,10.890199991990812,0,True,on_screen,0.7516742373179737
1787908957184,1337,2931,1499.1285371655993,1029.9038679924943,1498.9243912064414,1033.8169062295133,1,1,main_file,0.7129844538948337,768,2,0.2,0.00024139484559386123,43.740936137505024,39.492115123002236,0.14220000593923032,0.2975000097649172,10.722099992563017,0.15379999240394682,11.18539999879431,0,True,on_screen,0.7516742373179737
1787908957216,1338,2932,1499.7977768813332,1021.0155296935164,1499.186406908909,1029.9764932687142,1,1,main_file,0.7196545392937751,800,2,0.2,0.000251498729319493,42.45835755187151,39.48774807027987,0.12989999959245324,0.34529999538790435,11.826500005554408,0.17260000458918512,12.370999989798293,0,True,on_screen,0.7516742373179737
1787908957232,1339,2933,1499.5370137709417,1026.0970038102794,1499.2915889675187,1028.8126464311836,1,1,main_file,0.7216458303380389,816,2,0.2,0.0002551563544635413,44.430731200952366,39.49297722831261,0.1399000029778108,0.27969999064225703,11.338800002704374,0.14820000797044486,11.778899992350489,0,True,on_screen,0.7516742373179737
1787908957265,1340,2934,1499.7687996775967,1039.1053301922805,1499.4347521805419,1031.9004515595127,1,1,main_file,0.7160132209881481,849,2,0.2,0.00025925730738713196,43.10281612931858,39.489425417621206,0.14439999358728528,0.2872000040952116,11.212400000658818,0.1689000055193901,11.680700001306832,0,True,on_screen,0.7516742373179737
1787908957281,1341,2935,1499.811332200921,1043.5993343154666,1499.5477261866556,1035.4101163862988,1,1,main_file,0.7096291140002313,865,2,0.2,0.00025850295515062426,44.99296978610653,39.493247673938086,0.14859999646432698,0.3205999964848161,13.19879999209661,0.1505999971413985,13.682899996638298,0,True,on_screen,0.7516742373179737
1787908957312,1342,2936,1490.5055562762816,1043.1374227356328,1496.8350752135434,1037.728308291099,1,1,main_file,0.707530218259711,896,2,0.2,0.0002570541734068805,43.678284762510174,39.49148397892145,0.14459999511018395,0.28900000324938446,10.478800002601929,0.14150000060908496,10.922700006631203,0,True,on_screen,0.7516742373179737
1787908957328,1343,2937,1482.1716940565432,1043.3055539985223,1492.4360608664433,1039.4014820033258,1,1,main_file,0.7076422183587091,912,2,0.2,0.0002570480641765939,45.46919152678975,39.49587088487929,0.11320000339765102,0.26929999876301736,11.350200002198108,0.11839999933727086,11.74699999683071,0,True,on_screen,0.7516742373179737
1787908957360,1344,2938,1484.5210281896177,1040.536616897474,1490.0615510633954,1039.7420224715702,1,1,main_file,0.7086212821208016,944,2,0.2,0.0002585227160517671,44.06924215755425,39.492851299918804,0.10199999087490141,0.24059999850578606,10.599700006423518,0.12780001270584762,10.976999998092651,0,True,on_screen,0.7516742373179737
1787908957392,1345,2939,1482.9667246690456,1042.215626479461,1487.9331031450902,1040.4841036739374,1,1,main_file,0.708625421128188,976,2,0.2,0.00025747061459721957,42.77019547800924,39.488510841286,0.14960000407882035,0.2960999991046265,11.847800007672049,0.14400000509340316,12.301599999773316,0,True,on_screen,0.7516742373179737
1787908957408,1346,2940,1483.7928125793674,1040.8157954743049,1486.6910159753731,1040.5836112140476,1,1,main_file,0.7092182259050849,992,2,0.2,0.0002566258300651103,44.82004742169855,39.49413568236439,0.10619999375194311,0.25329999334644526,10.817500005941838,0.13630000466946512,11.216300001251511,0,True,on_screen,0.7516742373179737
1787908957440,1347,2941,1484.4337774611954,1033.5474505180118,1486.0138444211198,1038.4727630052369,1,1,main_file,0.7135694998374689,1024,2,0.2,0.0002546220886438938,43.47203331457529,39.49085319800145,0.11900000390596688,0.2620999875944108,10.414800010039471,0.13190000026952475,10.81799999519717,0,True,on_screen,0.7516742373179737
1787908957456,1348,2942,1485.9269786658288,1028.3630834262128,1485.9877846945324,1035.4398591315296,1,1,main_file,0.7192293854381924,1040,2,0.2,0.0002566466659323016,45.27750239824175,39.495281766378675,0.1627000019652769,0.34080000477842987,11.038999989978038,0.14279999595601112,11.533700002473779,0,True,on_screen,0.7516742373179737
1787908957488,1349,2943,1496.189031933493,1031.6814963311697,1489.0481588662205,1034.3123502914216,1,1,main_file,0.7193206796396296,1072,2,0.2,0.00025742797853849607,43.86384310840843,39.491573168556805,0.17210000078193843,0.3728000010596588,11.217300008866005,0.1317000132985413,11.738799992599525,0,True,on_screen,0.7516742373179737
1787908957520,1350,2944,1511.5996151557622,1016.4088333854393,1495.813595753083,1028.941295219627,1,1,main_file,0.7241989107622047,1104,2,0.2,0.0002667079852795365,42.607966534634244,39.48839733774754,0.13830000534653664,0.32139998802449554,10.603699993225746,0.13169999874662608,11.112399995909072,0,True,on_screen,0.7516742373179737
1787908957536,1351,2945,1513.62858439886,1018.4274459138397,1501.1580923468161,1025.7871404278908,1,1,main_file,0.7254472345394163,1120,2,0.2,0.00026805731531054366,44.64479567677094,39.49287469152587,0.10130000009667128,0.24839999969117343,11.693200009176508,0.15160000475589186,12.102199994842522,0,True,on_screen,0.7516742373179737
1787908957568,1352,2946,1522.8918002315736,1007.0898082479484,1507.6782047122433,1020.177940773908,1,1,main_file,0.729260502850348,1152,2,0.2,0.0002807372407132129,43.303149643237994,39.48992358970976,0.14139999984763563,0.26849999267142266,10.56090000201948,0.13499999477062374,10.975400000461377,0,True,on_screen,0.7516742373179737
1787908957584,1353,2947,1531.840242681791,1010.7123586636388,1514.9268161031077,1017.3382661408272,1,1,main_file,0.726716221966753,1168,2,0.2,0.00028247129940926416,45.26380462238818,39.49512318587807,0.11019999510608613,0.259300009929575,10.194499991484918,0.11569999333005399,10.57779999973718,0,True,on_screen,0.7516742373179737
1787908957616,1354,2948,1540.7103440821168,1022.0784472214237,1522.6618744968105,1018.7603204650061,1,1,main_file,0.7159672260933726,1200,2,0.2,0.00027745893396259255,43.856147728760185,39.49125442392816,0.1407999952789396,0.23770000552758574,10.77409999561496,0.12509999214671552,11.145299999043345,0,True,on_screen,0.7516742373179737
1787908957648,1355,2949,1551.2262978098236,1027.6204555759768,1531.2312014907143,1021.4183609982972,1,1,main_file,0.7018786020111747,1232,2,0.2,0.0002813498142631536,42.60594841435976,39.48746830111448,0.13770000077784061,0.3097000007983297,11.279199999989942,0.13150001177564263,11.733899998944253,0,True,on_screen,0.7516742373179737
1787908957664,1356,2950,1552.1844855778259,1036.9588284573867,1537.5171867168476,1026.080501236024,1,1,main_file,0.6871195107949759,1248,2,0.2,0.0002766165313101577,44.599105823132575,39.493076085953334,0.09669999417383224,0.2423000114504248,10.0838000071235,0.12549999519251287,10.459900004207157,0,True,on_screen,0.7516742373179737
1787908957696,1357,2951,1554.2798411140568,1051.750771352073,1542.5459830360103,1033.7815822708385,1,1,main_file,0.6691194510561398,1280,2,0.2,0.0002683148537225809,43.282011077338105,39.489546215855896,0.10299999848939478,0.24890000349842012,10.248699996736832,0.12719999358523637,10.641399989253841,0,True,on_screen,0.7516742373179737
1787908957715,1358,2952,1554.6772372473577,1054.9182759655207,1546.1853592994144,1040.122590379243,1,1,main_file,0.6548892979785039,1299,2,0.2,0.00026322819106143827,44.276186306671775,39.49218518820085,0.1449999981559813,0.26959998649545014,11.706500008585863,0.18200000340584666,12.180699995951727,0,True,on_screen,0.7516742373179737
1787908957744,1359,2953,1553.5827999592584,1066.6605424345164,1548.4045914973674,1048.083975995825,1,1,main_file,0.639753323966557,1328,2,0.2,0.0002569040482692485,43.23815689104076,39.49052277602387,0.12930000957567245,0.2719000040087849,10.729899993748404,0.12680000509135425,11.147700002766214,0,True,on_screen,0.7516742373179737
1787908957760,1360,2954,1552.7754275195985,1062.686453611451,1549.7158423040364,1052.4647192805128,1,1,main_file,0.631282001190459,1344,2,0.2,0.0002497461297486601,45.17753305210659,39.495535636701426,0.11159999121446162,0.25749999622348696,10.617000007187016,0.12650000280700624,11.009900001226924,0,True,on_screen,0.7516742373179737
1787908957792,1361,2955,1554.7969503447741,1063.1323951362353,1551.2401747162576,1055.6650220372296,1,1,main_file,0.6244331690716138,1376,2,0.2,0.00025265644064496363,43.791022662367865,39.49206928283214,0.11169999197591096,0.24429999757558107,10.577299995929934,0.12969999806955457,10.959999999613501,0,True,on_screen,0.7516742373179737
1787908957824,1362,2956,1557.04376589663,1076.6867731461339,1552.9812520703692,1061.971547369901,1,1,main_file,0.612348909853751,1407,2,0.2,0.00025468136209805953,42.523433929624375,39.48789558874794,0.1714999962132424,0.294700002996251,11.578200006624684,0.16729999333620071,12.054400009219535,0,True,on_screen,0.7516742373179737
1787908957840,1363,2957,1557.9943014834178,1076.2640238495783,1554.4851668942838,1066.259290313804,1,1,main_file,0.6037495745758429,1424,2,0.2,0.00025463551657858505,44.440274230828685,39.49307870173248,0.17159999697469175,0.36020000698044896,10.844600008567795,0.1252000074600801,11.341000004904345,0,True,on_screen,0.7516742373179737
1787908957872,1364,2958,1559.2061984514396,1081.1933725581723,1555.9014763614305,1070.7395149871145,1,1,main_file,0.5949205170622829,1456,2,0.2,0.00024712509835182923,43.16462386966225,39.489931596047434,0.112599998828955,0.32530000316910446,10.592899998300709,0.13970000145491213,11.06900000013411,0,True,on_screen,0.7516742373179737
1787908957888,1365,2959,1559.127124804943,1085.215078014586,1556.8691708944841,1075.082183895356,1,1,main_file,0.5867881508955739,1472,2,0.2,0.0002470596482388142,44.911229514509444,39.494697657322725,0.11010000889655203,0.26980000257026404,10.42369999049697,0.152299995534122,10.856299995793961,0,True,on_screen,0.7516742373179737
1787908957920,1366,2960,1562.5706259489502,1089.5514335231417,1558.5796074108239,1079.4229587836917,1,1,main_file,0.5778327134522334,1504,2,0.2,0.00024203230464154776,43.57369582117986,39.49120523788647,0.12630000128410757,0.31350000062957406,10.617699997965246,0.14859999646432698,11.094300003605895,0,True,on_screen,0.7516742373179737
1787908957952,1367,2961,1570.2935288031404,1099.701745340219,1562.0937838285188,1085.5065947506498,1,1,main_file,0.5640657815169956,1536,2,0.2,0.00023922416035365712,42.357523034884004,39.48773469952288,0.11280000035185367,0.262700006715022,10.75279999349732,0.145800004247576,11.17119999253191,0,True,on_screen,0.7516742373179737
1787908957968,1368,2962,1567.0284266542205,1098.2183061891874,1563.5741766762294,1089.320108182211,1,1,main_file,0.5562119890364261,1552,2,0.2,0.00023665262892405559,44.372591150864196,39.49263015389102,0.11350000568199903,0.25019999884534627,10.7986999937566,0.14150000060908496,11.19940000353381,0,True,on_screen,0.7516742373179737
1787908958000,1369,2963,1564.9551896593198,1100.7581473402895,1563.9884805711565,1092.7515199296345,1,1,main_file,0.5501169739879173,1584,2,0.2,0.00023272547697600343,43.04670035360467,39.48859636906145,0.1782000035746023,0.4123999970033765,11.424500000430271,0.19449999672360718,12.044300005072728,0,True,on_screen,0.7516742373179737
1787908958017,1370,2964,1561.5050200832713,1099.1968165069152,1563.2434424247908,1094.6851089028187,1,1,main_file,0.5477040884944737,1601,2,0.2,0.00022964563296775167,44.798195190276004,39.493368621041974,0.20760000916197896,0.5071000050520524,11.103400000138208,0.16060000052675605,11.786000002757646,0,True,on_screen,0.7516742373179737
1787908958048,1371,2965,1558.6826387193382,1089.649609525347,1561.8752013131548,1093.174459089577,1,1,main_file,0.5516456473801752,1632,2,0.2,0.00022843452194977812,43.49458207458501,39.49055148133226,0.1201999984914437,0.2668999950401485,10.56540000718087,0.13440000475384295,10.978300007991493,0,True,on_screen,0.7516742373179737
1787908958064,1372,2966,1562.1447116851853,1094.3695482901908,1561.9560544247638,1093.5329858497612,1,1,main_file,0.5509656833058187,1648,2,0.2,0.00022595499594167678,45.38047080240294,39.495273520986366,0.10900000052060932,0.24870000197552145,10.843500000191852,0.1812999980757013,11.28400000743568,0,True,on_screen,0.7516742373179737
1787908958096,1373,2967,1561.3067573787494,1090.1114127996354,1561.7612653109593,1092.5065139347234,1,1,main_file,0.5528735916072812,1680,2,0.2,0.00023072660732038203,43.95120946044266,39.49116836787006,0.15600000915583223,0.31180000223685056,11.78329999675043,0.13649999164044857,12.244999990798533,0,True,on_screen,0.7516742373179737
1787908958128,1374,2968,1557.2564667464853,1083.7626749484875,1560.4098257416172,1089.8833622388527,1,1,main_file,0.5586430876956294,1712,2,0.2,0.0002364515007972287,42.68391333214607,39.48849808684246,0.12669998977798969,0.27770000451710075,10.249700004351325,0.13949999993201345,10.678500009817071,0,True,on_screen,0.7516742373179737
1787908958144,1375,2969,1553.854277543875,1079.787845514046,1558.4431612822946,1086.8547072214105,1,1,main_file,0.5657312397264807,1728,2,0.2,0.00023549401707319978,44.71938058676341,39.49336380531072,0.11280000035185367,0.25969999842345715,10.467700005392544,0.13919999764766544,10.875899999518879,0,True,on_screen,0.7516742373179737
1787908958176,1376,2970,1545.7007948838789,1077.7953219229028,1554.6204513627697,1084.1368916318581,1,1,main_file,0.5742403718480316,1760,2,0.2,0.00023507591241848404,43.38786001627388,39.489346638521006,0.15719998918939382,0.33340000663883984,11.46619999781251,0.19010000687558204,12.004000003798865,0,True,on_screen,0.7516742373179737
1787908958192,1377,2971,1543.7126503464347,1081.2338250658743,1551.3481110578691,1083.2659716620628,1,1,main_file,0.5790616699362245,1776,2,0.2,0.00023462522202799194,45.28306045783077,39.49481859818179,0.11330000415910035,0.27520000003278255,10.437599994475022,0.13889999536331743,10.862199997063726,0,True,on_screen,0.7516742373179737
1787908958224,1378,2972,1534.5515872385927,1086.300759934271,1546.309153912086,1084.1764081437252,1,1,main_file,0.5825649313891184,1808,2,0.2,0.0002351365821490585,43.88759630758055,39.491215955683685,0.12889999197795987,0.2734000008786097,10.69860000279732,0.14230000670067966,11.12680000369437,0,True,on_screen,0.7516742373179737
1787908958256,1379,2973,1527.0442149431326,1091.603836456116,1540.5296722213998,1086.4046366374423,1,1,main_file,0.5842746400171464,1840,2,0.2,0.0002369714445546109,42.62505785710297,39.48659043689707,0.1548000000184402,0.37779999547638,12.71509999060072,0.1740000006975606,13.28030000149738,0,True,on_screen,0.7516742373179737
1787908958272,1380,2974,1523.4358931656573,1093.0434623235076,1535.4015385046769,1088.3962843432619,1,1,main_file,0.5854733668559664,1856,2,0.2,0.00023848067460305322,44.568451400867964,39.49206139252983,0.1365999924018979,0.37319998955354095,11.50680000137072,0.1660999987507239,12.057600004482083,0,True,on_screen,0.7516742373179737
1787908958304,1381,2975,1530.9563428502056,1099.1544515518417,1534.0679798083354,1091.6237345058357,1,1,main_file,0.5809717341897895,1888,2,0.2,0.00023962464471386294,43.25290173019138,39.48868961567412,0.1154000055976212,0.2818000066326931,11.52679999358952,0.15609999536536634,11.977400004980154,0,True,on_screen,0.7516742373179737
1787908958320,1382,2976,1533.5980996473288,1101.4963585568605,1533.9270157600333,1094.585521721143,1,1,main_file,0.5758654183956926,1904,2,0.2,0.00024717006729926307,45.13154733185728,39.493503147545034,0.11050001194234937,0.27370000316295773,11.561200008145534,0.15110000094864517,11.996999994153157,0,True,on_screen,0.7516742373179737
1787908958352,1383,2977,1534.629062750524,1090.979797224651,1534.1376298571804,1093.5038043721954,1,1,main_file,0.5775959551569507,1936,2,0.2,0.00026043767813162255,43.72301849218642,39.49023709743383,0.1812999980757013,0.3443999885348603,10.829999999259599,0.15320000238716602,11.341899997205473,0,True,on_screen,0.7516742373179737
1787908958368,1384,2978,1536.968784202077,1090.1216540974297,1534.9869761606492,1092.4891592897657,1,1,main_file,0.5786509360478922,1952,2,0.2,0.0002653054724451008,45.654495759712965,39.49522052528136,0.11899998935405165,0.29120000544935465,10.844799995538779,0.14029999147169292,11.285900007351302,0,True,on_screen,0.7516742373179737
1787908958400,1385,2979,1539.3947526490467,1090.406589492573,1536.3093091071682,1091.864388350608,1,1,main_file,0.5785923007550086,1984,2,0.2,0.0002660589825661322,44.20492250770351,39.49167006339742,0.14540000120177865,0.3116000007139519,10.824400000274181,0.1449999981559813,11.292900002445094,0,True,on_screen,0.7516742373179737
1787908958432,1386,2980,1538.4428523072431,1079.5841425979022,1536.9493720671906,1088.1803146247962,1,1,main_file,0.5844688262785488,2016,2,0.2,0.00027001353283602654,42.89609870217277,39.48815181989405,0.1534000039100647,0.30189999961294234,10.728599998401478,0.15669999993406236,11.200699998880737,0,True,on_screen,0.7516742373179737
1787908958448,1387,2981,1538.1996195515726,1077.098062790734,1537.324446312505,1084.8556390745775,1,1,main_file,0.5899169729559293,2032,2,0.2,0.0002679601198960248,44.85676228222778,39.492877694002686,0.13840000610798597,0.2889000024879351,11.0424000013154,0.14869999722577631,11.491800003568642,0,True,on_screen,0.7516742373179737
1787908958480,1388,2982,1223.2627886554324,1041.5291975827558,1443.105949015383,1071.857706627031,1,1,main_file,0.6625952726231987,2064,2,0.2,0.000232276533670292,43.50716031578674,39.48929216193488,0.13780000153928995,0.27290001162327826,11.358100004144944,0.13929999840911478,11.781699999119155,0,True,on_screen,0.7516742373179737
1787908958496,1389,2983,992.8012088458528,1032.1522239064748,1308.0145269645238,1059.946061810864,1,1,main_file,0.5929383878637289,2080,2,0.2,0.00022599413038084173,45.41454069990396,39.49385496336863,0.14229999214876443,0.2525000018067658,11.924299993552268,0.21150000975467265,12.398599996231496,0,True,on_screen,0.7516742373179737
1787908958528,1390,2984,786.5533580494142,1015.6865729931156,1151.5761762899908,1046.6682151655396,1,1,main_file,0.364838299549605,2112,2,0.2,0.00022007961573926836,43.9893222165584,39.490481630656454,0.15279999934136868,0.3311999898869544,11.609299996052869,0.12989999959245324,12.08309999492485,0,True,on_screen,0.7516742373179737
1787908958560,1391,2985,723.816378611704,1006.7514724535674,1023.2482369865047,1034.6931923519478,1,1,main_file,0.14026811387583382,2144,2,0.2,0.00021477110256880316,42.73164599499519,39.4876961286413,0.13580000086221844,0.2913999924203381,10.453499999130145,0.14519999967887998,10.903100002906285,0,True,on_screen,0.7516742373179737
1787908958576,1392,2986,712.1232297173943,990.7062720847363,929.9107348057715,1021.4971162717843,1,0,sidebar,0.26549032158091046,0,2,0.4,0.00021083883850939178,44.78455240194883,39.49236869028764,0.1235999952768907,0.2680000034160912,11.045099992770702,0.14859999646432698,11.473200007458217,0,True,on_screen,0.7516742373179737
1787908958608,1393,2987,705.2051803468698,965.4544913413771,862.499068468101,1004.6843287926621,1,0,sidebar,0.4012475371000058,32,2,0.4,0.00020739350866980262,43.377784193611134,39.48826753533885,0.20979999681003392,0.34509999386500567,11.574799995287322,0.16029999824240804,12.094699995941482,0,True,on_screen,0.7516742373179737
1787908958624,1394,2988,708.7047906037694,955.4116305691232,816.3607851088015,989.9025193256005,1,0,sidebar,0.49625801074788767,48,2,0.4,0.0002096715122016056,45.42199325234048,39.493767043596186,0.13810000382363796,0.28480000037234277,10.780399999930523,0.1357000001007691,11.212299999897368,0,True,on_screen,0.7516742373179737
1787908958656,1395,2989,474.6623047975614,886.3409028081859,713.8512410154294,958.834034370376,1,0,sidebar,0.7057891204384755,79,2,0.4,0.00023086723324977632,44.010213465278234,39.49044854602113,0.12950001109857112,0.2939000114565715,10.493000008864328,0.14940000255592167,10.94819999707397,0,True,on_screen,0.7516742373179737
1787908958672,1396,2990,422.4443351051604,868.180628439739,626.4291692423486,931.6380125911849,1,0,sidebar,0.8831410248872589,95,2,0.4,0.00024285444493171889,45.856380883854406,39.49480407612668,0.1205000007757917,0.3448000061325729,11.403500000596978,0.15419999544974416,11.913800000911579,0,True,on_screen,0.7516742373179737
1787908958704,1397,2991,346.6472438732468,822.1699421277259,542.494591631618,898.7975914521471,1,0,sidebar,0.9341879178206112,128,2,0.4,0.0002749181521135742,44.39249422307035,39.491551307438485,0.148899998748675,0.2941000129794702,10.990299997502007,0.14220000593923032,11.437699999078177,0,True,on_screen,0.7516742373179737
1787908958736,1398,2992,340.9110804653443,810.2804169930013,482.0195382817359,872.2424391144033,1,0,sidebar,0.8076419390029279,160,2,0.4,0.00029028592453454044,43.10680422356413,39.48839636112532,0.1478000049246475,0.29790001281071454,10.603000002447516,0.189200000022538,11.102599994046614,0,True,on_screen,0.7516742373179737
1787908958752,1399,2993,322.2614816948475,798.6625218030116,434.0921213056693,850.1684639209857,1,0,sidebar,0.7047652963389454,176,2,0.4,0.00029869858198831693,45.026536942477776,39.49302603235961,0.12629998673219234,0.265499998931773,11.062899997341447,0.15219999477267265,11.491200013551861,0,True,on_screen,0.7516742373179737
1787908958784,1400,2994,320.96073810970165,787.2981511128667,400.152706346879,831.30737007855,1,0,sidebar,0.6294166857963133,207,2,0.4,0.0003176499943034414,43.6339742484839,39.48939223983048,0.12360000982880592,0.2931000053649768,11.177499996847473,0.14980000560171902,11.634599999524653,0,True,on_screen,0.7516742373179737
1787908958800,1401,2995,307.6329104962728,775.897126370782,372.3967675916971,814.6842969662196,1,0,sidebar,0.5666657533183186,223,2,0.4,0.0003208731540656866,45.52792921618743,39.49470925248753,0.1475999888498336,0.2784000098472461,10.333899990655482,0.14269999519456178,10.766300008981489,0,True,on_screen,0.7516742373179737
1787908958832,1402,2996,286.30905756111696,757.8641610957718,346.57045458252304,797.6382562050851,1,0,sidebar,0.5068484186037212,256,2,0.4,0.0003299676246203975,44.11464671923093,39.49110611255826,0.12539999443106353,0.26790000265464187,10.740200013970025,0.1357000001007691,11.155300002428703,0,True,on_screen,0.7516742373179737
1787908958864,1403,2997,262.19648261658506,735.2918858016277,321.2582629927416,778.9343450840479,1,0,sidebar,0.44635421406373754,288,2,0.4,0.00034447435576221916,42.81264445218673,39.487313168980904,0.16589999722782522,0.3149999974993989,11.12239999929443,0.15469999925699085,11.607200009166263,0,True,on_screen,0.7516742373179737
1787908958880,1404,2998,254.05054980888957,724.8432189547074,301.09594903758597,762.7070072452457,1,0,sidebar,0.3968200156490511,304,2,0.4,0.0003542945245692958,44.781887857639774,39.49232476877288,0.13840000610798597,0.2570999931776896,10.909999997238629,0.12229999992996454,11.298299999907613,0,True,on_screen,0.7516742373179737
1787908958912,1405,2999,241.44814858179143,714.0317396200227,283.2016089008476,748.1044269576787,1,0,sidebar,0.3525115927108675,335,2,0.4,0.0003639017982446438,43.39438282472673,39.48880284461859,0.11759999324567616,0.28700000257231295,10.591199999907985,0.14800000644754618,11.037400006898679,0,True,on_screen,0.7516742373179737
1787908958928,1406,3000,243.0061241819549,708.8223161430489,271.14296348517973,736.3197937132898,1,0,sidebar,0.32077923355834925,351,2,0.4,0.00036796356941738023,45.35939927049148,39.49305014730989,0.14170000213198364,0.2789999998640269,11.866000000736676,0.17300000763498247,12.328800003160723,0,True,on_screen,0.7516742373179737
1787908958960,1407,3001,233.19618562300136,686.3532029608638,259.7589301265262,721.3298164875619,1,0,sidebar,0.2870067758553124,384,2,0.4,0.0003750784284396354,43.94544467548032,39.48973805402996,0.1486000110162422,0.3333000058773905,11.496200007968582,0.15019999409560114,11.991999999736436,0,True,on_screen,0.7516742373179737
1787908958976,1408,3002,228.92662121729134,681.2841631016784,250.50923745375573,709.3161204717967,1,0,sidebar,0.2595074843317924,400,2,0.4,0.0003782905013445144,45.904503655863124,39.49481994256411,0.12209999840706587,0.2899000101024285,11.336300012771972,0.1576000067871064,11.794299993198365,0,True,on_screen,0.7516742373179737
1787908959008,1409,3003,227.3227861986054,673.0461303088339,243.55330207721062,698.4351234229077,1,0,sidebar,0.23684250722085687,431,2,0.4,0.00038499407430026694,44.43356489966988,39.49036976902234,0.14930000179447234,0.30479999259114265,13.111099993693642,0.19729998894035816,13.62620000145398,0,True,on_screen,0.7516742373179737
1787908959040,1410,3004,226.452333775081,667.0585889560884,238.4230115865717,689.0221630828619,1,0,sidebar,0.21857988089700775,463,2,0.4,0.00039247672052098066,43.097448589832176,39.487577125424124,0.19829999655485153,0.32560000545345247,11.613700000452809,0.19180000526830554,12.145800006692298,0,True,on_screen,0.7516742373179737
1787908959056,1411,3005,230.1451946244725,662.9095462311732,235.93966649794191,681.1883780273553,1,0,sidebar,0.206227430410435,480,2,0.4,0.00039787862157657575,45.02266189189248,39.492617200854646,0.12340000830590725,0.3823999868473038,11.20400000945665,0.12240000069141388,11.719899994204752,0,True,on_screen,0.7516742373179737
1787908959088,1412,3006,229.02685337246282,655.322624642488,233.86582256029817,673.428652011895,1,0,sidebar,0.19449198914471189,512,2,0.4,0.00039738967885793314,43.66719713719238,39.48959750401477,0.16209999739658087,0.2916999947046861,10.639899992384017,0.1412999990861863,11.082900004112162,0,True,on_screen,0.7516742373179737
1787908959104,1413,3007,231.11923993687657,653.2191915317923,233.04184777327168,667.3658138678642,1,0,sidebar,0.18652230465667252,528,2,0.4,0.00039815509364412097,45.56233581570135,39.49347271597182,0.15520000306423753,0.28539999038912356,12.50630000140518,0.16080000204965472,12.964800000190735,0,True,on_screen,0.7516742373179737
1787908959136,1414,3008,232.2044352296849,651.0520363577809,232.79062401019564,662.4716806148392,1,0,sidebar,0.1806853100106809,559,2,0.4,0.0004007874050023872,44.12886750604189,39.49092936152145,0.16119999054353684,0.3161999920848757,10.703300009481609,0.13420000323094428,11.16760000877548,0,True,on_screen,0.7516742373179737
1787908959168,1415,3009,226.90521274498678,644.365984601443,231.02500063063297,657.0399718108204,1,0,sidebar,0.1717398481663256,592,2,0.4,0.00040663104659481933,42.82804623323601,39.48729196191419,0.14940000255592167,0.32730000384617597,10.901699992245995,0.1336999994236976,11.37580000795424,0,True,on_screen,0.7516742373179737
1787908959184,1416,3010,226.28823703472082,641.0895674236,229.6039715518593,652.2548504946542,1,0,sidebar,0.16402861811011793,608,2,0.4,0.0004094641513329375,44.85136611391903,39.49207010318886,0.09890001092571765,0.25269998877774924,11.218300001928583,0.1396999869029969,11.619899989455007,0,True,on_screen,0.7516742373179737
1787908959216,1417,3011,223.21100148183697,633.823984303494,227.6860805308526,646.725590637306,1,0,sidebar,0.154626415248328,640,2,0.4,0.0004147012157202992,43.478614617576724,39.48893304814848,0.1539999939268455,0.309199996991083,10.398999991593882,0.14659999578725547,10.868700002902187,0,True,on_screen,0.7516742373179737
1787908959232,1418,3012,222.040128914654,631.2262032107043,225.992295045993,642.0757744093255,1,0,sidebar,0.14655222937514256,656,2,0.4,0.00041642196341411253,45.32830636140002,39.49322777879245,0.15419999544974416,0.30610000248998404,11.303099992801435,0.14139999984763563,11.762299996917136,0,True,on_screen,0.7516742373179737
1787908959264,1419,3013,214.8020999764289,625.2397070124877,222.63523652512373,637.0249541902741,1,0,sidebar,0.13535602532495616,687,2,0.4,0.00042078341294849234,43.952469888335344,39.489952854264615,0.20509999012574553,0.294400000711903,11.261000006925315,0.16700000560376793,11.7344000027515,0,True,on_screen,0.7516742373179737
1787908959280,1420,3014,208.98896214905264,623.3777635504179,218.5413542123024,632.9307969983172,1,0,sidebar,0.12410963499611549,703,2,0.4,0.00041990023702832835,45.68489916017239,39.49428503609249,0.16500000492669642,0.3302000113762915,11.839700004202314,0.17579999985173345,12.365799993858673,0,True,on_screen,0.7516742373179737
1787908959312,1421,3015,199.46168856165536,610.7766987674715,212.81745451710827,626.2845675290635,0,0,sidebar,0.11599467068137359,736,2,0.4,0.0004223260147303634,44.25281792997956,39.490854459714036,0.15140000323299319,0.34779999987222254,11.936700000660494,0.13690000923816115,12.433899988536723,0,True,on_screen,0.7516742373179737
1787908959344,1422,3016,197.33012864545992,611.1189357134772,208.17125675561374,621.7348779843876,0,0,sidebar,0.11383077767676997,768,2,0.4,0.0004221429679054402,42.97373364320589,39.48821172267858,0.13040000339969993,0.32639999699313194,10.610600002110004,0.13500000932253897,11.083099991083145,0,True,on_screen,0.7516742373179737
1787908959361,1423,3017,195.57949463684898,612.1760778653087,204.3937281199843,618.8672379486638,0,0,sidebar,0.11100823311797092,785,2,0.4,0.0004225209483894876,44.58090737033971,39.4925504411477,0.3668999997898936,0.31120001222006977,10.619100008625537,0.1348000077996403,11.07729999057483,0,True,on_screen,0.7516742373179737
1787908959392,1424,3018,193.12780138605166,613.7827473756272,201.0139500998045,617.3418907767528,0,0,sidebar,0.10725411469186863,815,2,0.4,0.0004245462497287338,43.33397605426598,39.48942673020209,0.1838000025600195,0.30029998742975295,10.839100010343827,0.1483999949414283,11.302099999738857,0,True,on_screen,0.7516742373179737
1787908959408,1425,3019,191.69782719853828,615.2373732057458,198.21911322942464,616.7105355054507,0,0,sidebar,0.10342246752096917,832,2,0.4,0.00042267808984926443,45.12998242588367,39.49369682430023,0.16229999891947955,0.2893999917432666,11.6011000063736,0.14319999900180846,12.04459999280516,0,True,on_screen,0.7516742373179737
1787908959440,1426,3020,191.57702384505782,615.4180720821674,196.22648641411456,616.3227964784656,0,0,sidebar,0.10061060322414539,864,2,0.4,0.00042242141841855943,43.77033477610509,39.490315806852344,0.1657999964663759,0.35960000241175294,11.651900000288151,0.17469999147579074,12.199699995107949,0,True,on_screen,0.7516742373179737
1787908959472,1427,3021,191.45537718703991,615.9870908543221,194.79515364599214,616.2220847912225,0,0,sidebar,0.09839068730825751,895,2,0.4,0.0004220331018557344,42.54072670430515,39.48641524126904,0.14309999824035913,0.2928000030806288,12.868199992226437,0.13470000703819096,13.307299988809973,0,True,on_screen,0.7516742373179737
1787908959488,1428,3022,191.46780392540728,613.7169065774754,193.79694872981668,615.4705313270983,0,0,sidebar,0.09758444417553169,911,2,0.4,0.00042185903801559427,44.365607482338326,39.49220721327764,0.16029999824240804,0.2564999886089936,10.562600000412203,0.12919999426230788,10.95789999817498,0,True,on_screen,0.7516742373179737
1787908959520,1429,3023,192.7669464915279,612.3915656903989,193.48794805833003,614.5468416360885,0,0,sidebar,0.09808586832147048,944,2,0.4,0.0004214613858814775,43.08394929531255,39.488583163508274,0.15959999291226268,0.34559999767225236,11.08609999937471,0.16429999959655106,11.607899999944493,0,True,on_screen,0.7516742373179737
1787908959537,1430,3024,192.25420174961383,608.324336018734,193.11782416571515,612.6800899508821,0,0,sidebar,0.09950446736163499,960,2,0.4,0.0004213801668852494,44.81216034347012,39.4931151139183,0.17549999756738544,0.3048000071430579,11.08609999937471,0.17559999832883477,11.578100005863234,0,True,on_screen,0.7516742373179737
1787908959568,1431,3025,193.6591516411385,603.5208976983718,193.28022240834213,609.9323322751289,0,0,sidebar,0.10273101861221545,992,2,0.4,0.00042029711779379905,43.504822026572974,39.490162395465845,0.15049999637994915,0.27239999326411635,10.685700006433763,0.14939998800400645,11.118900001747534,0,True,on_screen,0.7516742373179737
1787908959584,1432,3026,194.489737638806,600.8360647216318,193.64307697748126,607.2034520090798,0,0,sidebar,0.1062469161190841,1008,2,0.4,0.0004192885090252216,45.426291655776595,39.49521636445559,0.10749998909886926,0.2677999873412773,10.287900004186668,0.12419999984558672,10.692000010749325,0,True,on_screen,0.7516742373179737
1787908959616,1433,3027,189.69666428459578,606.1188895197495,192.4591531696156,606.8780832622806,0,0,sidebar,0.10464024490805457,1039,2,0.4,0.0004165734909133967,43.964633488001404,39.490870906987475,0.19150000298395753,0.36529998760670424,11.430900005507283,0.17780000052880496,11.987999998382293,0,True,on_screen,0.7516742373179737
1787908959648,1434,3028,175.97416028320552,607.0164910182791,187.5136553036926,606.9196055890801,0,0,sidebar,0.09641830955804476,1072,2,0.4,0.0004169145092333456,42.724516604815854,39.48813028600493,0.11220001033507288,0.27319999935571104,10.52739999431651,0.13760000001639128,10.949599993182346,0,True,on_screen,0.7516742373179737
1787908959664,1435,3029,175.03327347561202,608.7410846239904,183.7695407552684,607.4660492995531,0,0,sidebar,0.08963517364870666,1088,2,0.4,0.00041695229060644684,44.712590457703705,39.492975799404256,0.1748999929986894,0.2958999975817278,10.440600002766587,0.14290001126937568,10.8891000127187,0,True,on_screen,0.7516742373179737
1787908959696,1436,3030,162.63467283053996,607.2098028875831,177.42908037784986,607.3891753759622,0,0,sidebar,0.079164676035263,1120,2,0.4,0.0004089011949201509,43.354278469647305,39.48869284613896,0.1407999952789396,0.37569999403785914,11.845899993204512,0.1708999916445464,12.407700007315725,0,True,on_screen,0.7516742373179737
1787908959712,1437,3031,164.70038662601115,617.8758497860811,173.61047225229822,610.5351776989978,0,0,sidebar,0.06953835169335199,1135,2,0.4,0.00040702246406793853,45.30227056424413,39.49399954217993,0.12589999823831022,0.3037999995285645,11.032599999452941,0.15150000399444252,11.502800000016578,0,True,on_screen,0.7516742373179737
1787908959744,1438,3032,147.3273279604338,620.2123784166649,165.72552896473888,613.4383379142979,0,0,sidebar,0.05338117855026192,1167,2,0.4,0.0004020773301490581,43.90539584899491,39.490903229414364,0.1365000061923638,0.32110000029206276,10.452399990754202,0.14139999984763563,10.927700001047924,0,True,on_screen,0.7516742373179737
1787908959776,1439,3033,144.39332840614554,629.7904887958186,159.32586879716087,618.3439831787541,0,0,sidebar,0.03763153923382001,1200,2,0.4,0.0003957771230808267,42.64802207777118,39.4873970823138,0.1588000013725832,0.30869999318383634,10.674799996195361,0.15759999223519117,11.152799997944385,0,True,on_screen,0.7516742373179737
1787908959792,1440,3034,142.75087553846137,632.0244156161881,154.353370819551,622.4481129099843,0,0,sidebar,0.02508914287073083,1216,2,0.4,0.0003888088168362176,44.51363839621139,39.49172674227342,0.17109999316744506,0.34329999471083283,11.20979999541305,0.17540001135785133,11.741900001652539,0,True,on_screen,0.7516742373179737
1787908959824,1441,3035,124.00189579032354,630.3015787931004,145.24792831078275,624.8041526749191,0,0,sidebar,0.007455648694603356,1247,2,0.4,0.000361641223765018,43.21286324343407,39.48872157939474,0.12749999586958438,0.2894000062951818,10.725199987064116,0.1449999981559813,11.171799997100607,0,True,on_screen,0.7516742373179737
1787908959840,1442,3036,117.02384170715767,632.6591157146835,136.78070232969523,627.1606415868484,-1,-1,off_screen,0.0,0,10,0.6,0.00035285241604285714,45.122417085756176,39.49370912109393,0.11629999789875001,0.25520000781398267,10.342800000216812,0.1292000088142231,10.737199991126545,0,True,gaze_outside_screen,0.7516742373179737
1787908959873,1443,3037,118.0026140477351,644.4761676383487,131.14727584510717,632.3552994022984,-1,-1,off_screen,0.0,32,10,0.6,0.000341369312543173,43.66807362271641,39.489483648192085,0.15809999604243785,0.3352000057930127,11.058000003686175,0.17719999596010894,11.583800005610101,0,True,gaze_outside_screen,0.7516742373179737
1787908959888,1444,3038,118.7843056055792,650.6443901819946,127.43838477324879,637.8420266362073,-1,-1,off_screen,0.0,48,10,0.6,0.0003349280272593458,45.72152345472987,39.494672349405405,0.14040000678505749,0.295000005280599,10.758299991721287,0.15920000441838056,11.224200003198348,0,True,gaze_outside_screen,0.7516742373179737
1787908959920,1445,3039,113.64706944416267,658.617611495275,123.30099017452295,644.0747020939275,-1,-1,off_screen,0.0,80,10,0.6,0.00032924681616261324,44.3071229166044,39.4912068305802,0.16250000044237822,0.3073999978369102,11.16399999591522,0.14390000433195382,11.62839999597054,0,True,gaze_outside_screen,0.7516742373179737
1787908959952,1446,3040,111.34772320623058,666.5857250711877,119.71501008403523,650.8280089871055,-1,-1,off_screen,0.0,111,10,0.6,0.0003240544504348429,42.99492022641417,39.48765613076564,0.14689999807160348,0.29429999995045364,11.333200003718957,0.1655000087339431,11.805899994214997,0,True,gaze_outside_screen,0.7516742373179737
1787908959968,1447,3041,114.22057692875121,671.1779939679759,118.06668013745002,656.9330044813665,-1,-1,off_screen,0.0,128,10,0.6,0.00032244184943768656,44.87154639342998,39.49272340922007,0.13349999790079892,0.27239999326411635,10.601200003293343,0.17210000078193843,11.057499999878928,0,True,gaze_outside_screen,0.7516742373179737
1787908960000,1448,3042,117.93465917150043,674.2043116547364,118.02707384766512,662.1143966333775,-1,-1,off_screen,0.0,160,10,0.6,0.0003188602539273555,43.53996133405403,39.48946180419078,0.15100000018719584,0.3226999979233369,10.582899994915351,0.1328999933321029,11.050700006308034,0,True,gaze_outside_screen,0.7516742373179737
1787908960016,1449,3043,118.10303392323395,677.1626248615961,118.04986187033576,666.6288651018431,-1,-1,off_screen,0.0,176,10,0.6,0.0003130992271284626,45.40997993811191,39.494305515570545,0.12989999959245324,0.26889999571722,10.447900000144728,0.1297999988310039,10.856099994271062,0,True,gaze_outside_screen,0.7516742373179737
1787908960048,1450,3044,122.28023299290379,683.2667866077328,119.31897320710615,671.62024155361,-1,-1,off_screen,0.0,208,10,0.6,0.0003058048399523748,44.0057152877298,39.4905191644193,0.15949999215081334,0.3167999966535717,11.1927999969339,0.16170000890269876,11.685899997246452,0,True,gaze_outside_screen,0.7516742373179737
1787908960080,1451,3045,118.03859725570815,681.3039841572242,118.93486042168675,674.5253643346941,-1,-1,off_screen,0.0,240,10,0.6,0.00029218748050033674,42.72153472931991,39.487056470978565,0.1311999949393794,0.2997000119648874,11.226600006921217,0.14390000433195382,11.681800009682775,0,True,gaze_outside_screen,0.7516742373179737
1787908960096,1452,3046,121.90776125801594,687.1167932367495,119.82673067258551,678.3027930053107,-1,-1,off_screen,0.0,256,10,0.6,0.0002891322839298979,44.68912467821863,39.492267596815985,0.13580000086221844,0.2845999988494441,10.381900006905198,0.12530000822152942,10.801399999763817,0,True,gaze_outside_screen,0.7516742373179737
1787908960128,1453,3047,119.35527716475642,694.1517109581262,119.68529462023676,683.0574683911553,-1,-1,off_screen,0.0,288,10,0.6,0.00027813967753294484,43.32509836985709,39.48842927787321,0.16349999350495636,0.32279999868478626,10.933199999271892,0.1419000036548823,11.41510000161361,0,True,gaze_outside_screen,0.7516742373179737
1787908960144,1454,3048,118.3983112943361,691.6144194555101,119.29919962246656,685.6245537104618,-1,-1,off_screen,0.0,304,10,0.6,0.0002760820280673197,45.21951000373402,39.493015155593575,0.2640000020619482,0.3395999956410378,11.220699991099536,0.14350000128615648,11.716799999703653,0,True,gaze_outside_screen,0.7516742373179737
1787908960176,1455,3049,125.28504148223834,688.105075236466,121.09495218039808,686.368710168263,-1,-1,off_screen,0.0,336,10,0.6,0.00027592761779326146,43.840019297783236,39.48913109263467,0.16760001017246395,0.31009998929221183,12.289599995710887,0.19449999672360718,12.8091999940807,0,True,gaze_outside_screen,0.7516742373179737
1787908960192,1456,3050,126.69213427142735,684.0442066305845,122.77410680770686,685.6713591069595,-1,-1,off_screen,0.0,351,10,0.6,0.0002744454936220199,45.6556453889347,39.49468071072579,0.15859999984968454,0.2919999969890341,10.705099994083866,0.13970000145491213,11.149599988129921,0,True,gaze_outside_screen,0.7516742373179737
1787908960224,1457,3051,128.52346072854164,672.0685483024266,124.4989129839573,681.5905158655996,-1,-1,off_screen,0.0,384,10,0.6,0.00027190287615239117,44.21015698007895,39.491155771865294,0.16330000653397292,0.3203999949619174,10.823599994182587,0.15419999544974416,11.314599993056618,0,True,gaze_outside_screen,0.7516742373179737
1787908960256,1458,3052,146.06482563139636,672.2199892791996,130.968686778189,678.7793578896795,-1,-1,off_screen,0.0,416,10,0.6,0.00027092382755423104,42.935259601215506,39.48797745829603,0.16310000501107424,0.3085000062128529,10.612999991280958,0.1362000039080158,11.071599990827963,0,True,gaze_outside_screen,0.7516742373179737
1787908960272,1459,3053,148.74279917162445,669.94428041884,136.30092049621965,676.1288346484276,-1,-1,off_screen,0.0,432,10,0.6,0.0002694478949336748,44.86927557131394,39.49271862928887,0.12149999383836985,0.29930000891909003,10.550000006332994,0.1438999897800386,11.056200004532002,0,True,gaze_outside_screen,0.7516742373179737
1787908960304,1460,3054,156.97671801954178,667.3048773002866,142.50365975321628,673.4816474439854,-1,-1,off_screen,0.0,463,10,0.6,0.0002675294423986063,43.50321286735176,39.488705108003536,0.18840000848285854,0.5342000076780096,11.485099996207282,0.16060000052675605,12.194700000691228,0,True,gaze_outside_screen,0.7516742373179737
1787908960320,1461,3055,158.56029399787045,665.0973997074993,147.32065002661253,670.9663731230396,1,0,sidebar,0.045948620124739326,0,3,0.8,0.0002663886949990958,45.399963270599976,39.49349457469739,0.1424999936716631,0.3839999990304932,11.590399997658096,0.14479999663308263,12.128900008974597,0,True,on_screen,0.7516742373179737
1787908960352,1462,3056,161.92346505068923,661.5551659777785,151.70149453383553,668.1430109794612,1,0,sidebar,0.050879597573215474,32,3,0.8,0.00026463316723298116,43.98435182920773,39.490501458621864,0.11320000339765102,0.28199999360367656,10.884799994528294,0.12870000500697643,11.307699998724274,0,True,on_screen,0.7516742373179737
1787908960384,1463,3057,167.7708832103531,658.8537115156921,156.5223111367908,665.3562211403305,1,0,sidebar,0.056514332894556984,64,3,0.8,0.00026409351260144043,42.743249710231694,39.48643735491835,0.1993000041693449,0.3193000011378899,12.415299992426299,0.18050000653602183,12.9255999927409,0,True,on_screen,0.7516742373179737
1787908960400,1464,3058,170.18820491569807,657.902797798736,160.62207927046296,663.1201941378521,1,0,sidebar,0.06136302956130746,80,3,0.8,0.00026422458955246975,44.64916527569598,39.491915763344,0.11730000551324338,0.31540000054519624,10.879099994781427,0.12209999840706587,11.326599997119047,0,True,on_screen,0.7516742373179737
1787908960432,1465,3059,175.16912287035854,648.9350680053179,164.98619235043162,658.8646562980917,1,0,sidebar,0.06459573716646416,111,3,0.8,0.00026505876986767686,43.315207354320044,39.48868379217646,0.11369999265298247,0.2505000011296943,10.651100004906766,0.1379000023007393,11.04900000791531,0,True,on_screen,0.7516742373179737
1787908960448,1466,3060,176.69680870985226,647.4999800802653,168.4993772582578,655.4552534327438,1,0,sidebar,0.06711130081119587,128,3,0.8,0.0002654106114770467,45.26387075397298,39.49368792649167,0.12119999155402184,0.26450000586919487,10.221799995633774,0.1357000001007691,10.631100012687966,0,True,on_screen,0.7516742373179737
1787908960480,1467,3061,180.15156089387386,641.1103191334382,171.9950323489426,651.1517731429522,1,0,sidebar,0.06858585747312185,160,3,0.8,0.00026497068350530423,43.83847041239657,39.489747566208656,0.17769999976735562,0.31359998683910817,10.953000004519708,0.15580000763293356,11.437499997555278,0,True,on_screen,0.7516742373179737
1787908960496,1468,3062,184.68576421650087,639.4811440705299,175.80225190921007,647.6505844212254,1,0,sidebar,0.07129326208329001,176,3,0.8,0.00026476340321274217,45.68352297045071,39.49453083361799,0.16450000111944973,0.3357999958097935,10.818700000527315,0.1478000049246475,11.315199997625314,0,True,on_screen,0.7516742373179737
1787908960528,1469,3063,187.48578473352111,636.0767671680578,179.3073117565034,644.1784392452751,1,0,sidebar,0.07342977087491376,208,3,0.8,0.0002662297390829474,44.26951594220449,39.491326597811394,0.14689999807160348,0.2947999892057851,10.779300006106496,0.14010000450070947,11.225499998545274,0,True,on_screen,0.7516742373179737
1787908960560,1470,3064,193.39065901860388,635.0660991632998,183.53231593513354,641.4447372206824,1,0,sidebar,0.07744745392627561,240,3,0.8,0.0002662307521762927,42.9680331683976,39.48781275675134,0.1340000017080456,0.33379999513272196,10.936599996057339,0.1588000013725832,11.45639999595005,0,True,on_screen,0.7516742373179737
1787908960576,1471,3065,194.27901122920443,632.5048983169476,186.7563245233548,638.762785549562,1,0,sidebar,0.07980231917315217,256,3,0.8,0.00026642413385518857,44.86444580287836,39.49253990624381,0.12129999231547117,0.3077000001212582,10.867000004509464,0.14400000509340316,11.343300007865764,0,True,on_screen,0.7516742373179737
1787908960608,1472,3066,196.44596446100272,633.2625362105161,189.66321650464917,637.1127107478482,1,0,sidebar,0.0827164941436015,288,3,0.8,0.00026577150208129986,43.48810189702176,39.48942847971358,0.10289999772794545,0.2572000084910542,10.23269999132026,0.12929999502375722,10.628100004396401,0,True,on_screen,0.7516742373179737
1787908960624,1473,3067,197.96580098981443,632.3577228879241,192.15399185019874,635.6862143898709,1,0,sidebar,0.0851694003206368,304,3,0.8,0.00026619575436540206,45.509529953059186,39.49393346719408,0.1480999926570803,0.26980000257026404,10.983100000885315,0.13240000407677144,11.394100001780316,0,True,on_screen,0.7516742373179737
1787908960656,1474,3068,201.6040186544602,632.1010808224705,194.98899989147714,634.6106743196507,1,0,sidebar,0.0885423428593386,335,3,0.8,0.0002607987201879002,44.0654406407302,39.48984246404254,0.1638999965507537,0.30470000638160855,12.086599992471747,0.1706000039121136,12.575600005220622,0,True,on_screen,0.7516742373179737
1787908960688,1475,3069,206.0582477264901,639.1089049867412,198.309774241981,635.9601435197778,1,0,sidebar,0.09540391413831628,368,3,0.8,0.0002625404206493074,42.79081616084298,39.48699367585259,0.11520000407472253,0.2749999985098839,11.148100005812012,0.1402000052621588,11.575899989111349,0,True,on_screen,0.7516742373179737
1787908960704,1476,3070,206.75388076487363,640.9591305484711,200.84300619884874,637.4598396283858,1,0,sidebar,0.10116599584244235,384,3,0.8,0.0002617950233352456,44.796576136415716,39.49199316369119,0.10730000212788582,0.25100000493694097,10.743399994680658,0.14449999434873462,11.146999997436069,0,True,on_screen,0.7516742373179737
1787908960736,1477,3071,207.64528697775057,642.5929807238474,202.88369043251927,638.9997819570243,1,0,sidebar,0.1061811048626713,416,3,0.8,0.00025956075828934347,43.4418696958247,39.48792648418605,0.1883999939309433,0.33149999217130244,11.948500003200024,0.17420000222045928,12.476400006562471,0,True,on_screen,0.7516742373179737
1787908960752,1478,3072,208.5183259127046,643.02613841513,204.57408107657486,640.207688894456,1,0,sidebar,0.11025916001312142,432,3,0.8,0.00025729433739266235,45.28419365700533,39.49280018934613,0.1348000077996403,0.301799998851493,11.579300000448711,0.1438000035705045,12.035899999318644,0,True,on_screen,0.7516742373179737
1787908960784,1479,3073,208.22548384544658,643.3415471752747,205.66950190723634,641.1478463787016,1,0,sidebar,0.11307889806372373,463,3,0.8,0.00025848371526826855,43.8956790266465,39.49014011518375,0.12939999578520656,0.3006000042660162,10.302100010449067,0.1357000001007691,10.750100002042018,0,True,on_screen,0.7516742373179737
1787908960800,1480,3074,208.63053648857263,643.4416711430754,206.5578122816372,641.8359938080137,1,0,sidebar,0.11528196204316776,480,3,0.8,0.0002593779630297357,45.68879712799554,39.4948814851997,0.11690000246744603,0.25630000163801014,10.149900001124479,0.13819999003317207,10.553799991612323,0,True,on_screen,0.7516742373179737
1787908960832,1481,3075,209.7558669418084,642.3060679738006,207.51722867968857,641.9770160577498,1,0,sidebar,0.11698384336584311,512,3,0.8,0.00025950838725906714,44.22084645433797,39.49098075314979,0.15279999934136868,0.3558000025805086,10.797700000694022,0.14859999646432698,11.31580000219401,0,True,on_screen,0.7516742373179737
1787908960864,1482,3076,212.11742282355223,644.751241984178,208.89728692284766,642.8092838356782,1,0,sidebar,0.12013995082731665,544,3,0.8,0.00025992212357791797,42.95704218839824,39.48795141533758,0.16969999705906957,0.35069999285042286,10.439799996674992,0.14579998969566077,10.95060000079684,0,True,on_screen,0.7516742373179737
1787908960880,1483,3077,212.37937446896248,643.4066288226281,209.9419131866821,642.9884873317632,1,0,sidebar,0.12202075545586677,560,3,0.8,0.00026001180183673686,44.94625856127766,39.49293692439139,0.09759998647496104,0.24500000290572643,10.145899999770336,0.12669998977798969,10.527000005822629,0,True,on_screen,0.7516742373179737
1787908960912,1484,3078,213.99409814892107,646.0334989099163,211.15756867535376,643.901990805209,1,0,sidebar,0.12500412292394003,592,3,0.8,0.00026102339916445234,43.54119923829028,39.48910849141385,0.17810000281315297,0.3893999964930117,10.48609999998007,0.14820000797044486,11.036900003091432,0,True,on_screen,0.7516742373179737
1787908960928,1485,3079,214.3739046913801,645.1213534851529,212.12246948016167,644.2677996091921,1,0,sidebar,0.12696678946858586,608,3,0.8,0.0002607973366214565,45.5275499055759,39.494087790216945,0.1303000026382506,0.2928999892901629,10.318400003598072,0.13479999324772507,10.758200005511753,0,True,on_screen,0.7516742373179737
1787908960960,1486,3080,214.90156295110117,643.0196694529155,212.9561975214435,643.8933605623091,1,0,sidebar,0.1278817691712113,640,3,0.8,0.000260955055049264,44.10252190220013,39.49072089352024,0.14139999984763563,0.2813000028254464,10.32600000326056,0.1368000084767118,10.755300012533553,0,True,on_screen,0.7516742373179737
1787908960993,1487,3081,217.04023877292437,641.7467786395438,214.18140989688774,643.2493859854794,1,0,sidebar,0.12911497772774505,673,3,0.8,0.00026138706554073264,42.762655229188056,39.48672223527836,0.1554000045871362,0.31949998810887337,10.92820000485517,0.149200001033023,11.409200000343844,0,True,on_screen,0.7516742373179737
1787908961008,1488,3082,218.81300810241873,640.9778347010156,215.57088935854705,642.5679206001403,1,0,sidebar,0.1305611024160439,687,3,0.8,0.00026080633125421734,45.0081855460438,39.491327762725476,0.14060000830795616,0.2764999953797087,11.84159998956602,0.17020000086631626,12.298499990720302,0,True,on_screen,0.7516742373179737
1787908961040,1489,3083,220.8775606480042,640.0028968311792,217.16289074538417,641.7984134694519,1,0,sidebar,0.1322208327036961,720,3,0.8,0.00025937933670514,43.63370545611925,39.48885088332638,0.13249999028630555,0.2773000014713034,10.103099994012155,0.1396000006934628,10.530900006415322,0,True,on_screen,0.7516742373179737
1787908961056,1490,3084,223.8560209371134,640.2204302526494,219.17082980290292,641.3250185044111,1,0,sidebar,0.13487203427580607,736,3,0.8,0.000258641222505138,45.46616016105745,39.493496117195185,0.10740000288933516,0.262100002146326,10.119200000190176,0.13830000534653664,10.528700004215352,0,True,on_screen,0.7516742373179737
1787908961088,1491,3085,229.81862373414464,640.5549543819568,222.3651679822754,641.0939992676748,1,0,sidebar,0.1396730743426653,768,3,0.8,0.0002588625766764205,44.04750593434983,39.48928721176482,0.12059998698532581,0.28810001094825566,11.727300006896257,0.17179999849759042,12.205200007883832,0,True,on_screen,0.7516742373179737
1787908961104,1492,3086,231.2419326035083,639.4655408618029,225.0281973686453,640.6054617459132,1,0,sidebar,0.14331570999360121,784,3,0.8,0.00025840724119633937,45.88733036353918,39.494234983907134,0.11490000179037452,0.2646000066306442,11.317099997540936,0.13329999637790024,11.724500000127591,0,True,on_screen,0.7516742373179737
1787908961136,1493,3087,234.4401392106811,637.0323585785727,227.85177992125602,639.533530795711,1,0,sidebar,0.14650783792926259,815,3,0.8,0.0002584582032382522,44.433305125980496,39.49142975144702,0.12939999578520656,0.28750000637955964,10.254599998006597,0.14279999595601112,10.696000012103468,0,True,on_screen,0.7516742373179737
1787908961168,1494,3088,234.27107790821893,636.1146983383842,229.7775693173449,638.5078810585129,1,0,sidebar,0.14831982637813168,848,3,0.8,0.0002600547499356509,43.12003161115688,39.487525220085864,0.15350000467151403,0.31970000418368727,11.295399992377497,0.1731999946059659,11.801500004366972,0,True,on_screen,0.7516742373179737
1787908961184,1495,3089,233.69970657622665,635.4997355588167,230.95421049500942,637.6054374086041,1,0,sidebar,0.14909064575749842,864,3,0.8,0.000259483907231255,45.01963296974608,39.492590755928894,0.1449999981559813,0.3225999971618876,10.514800000237301,0.1436000020476058,10.993100004270673,0,True,on_screen,0.7516742373179737
1787908961216,1496,3090,229.56748626694684,631.727507946191,230.53819322659064,635.8420585698801,1,0,sidebar,0.1463423626084489,896,3,0.8,0.00025596852594889086,43.6466395530175,39.48935040463427,0.10140000085812062,0.25100000493694097,10.366100003011525,0.14790000568609685,10.775299990200438,0,True,on_screen,0.7516742373179737
1787908961232,1497,3091,228.7264603464766,630.1377659021603,229.9946733625564,634.1307707695642,1,0,sidebar,0.14345200376808065,912,3,0.8,0.0002527772464361779,45.52047336937674,39.493570684983936,0.13590000162366778,0.28809999639634043,11.265199995250441,0.14230000670067966,11.70470000943169,0,True,on_screen,0.7516742373179737
1787908961264,1498,3092,230.82275762227192,632.8457169483635,230.24309864047103,633.7452546232039,1,0,sidebar,0.14337712637340805,944,3,0.8,0.00024748540059075716,44.091483881036936,39.4899159083339,0.16429999959655106,0.31060000765137374,11.783500012825243,0.14430000737775117,12.251200008904561,0,True,on_screen,0.7516742373179737
1787908961280,1499,3093,229.6084561072516,629.2240768932872,230.0527058805052,632.3889013042289,1,0,sidebar,0.14145451664115238,960,3,0.8,0.0002458786933130751,45.869267452076585,39.49503439263002,0.10859999747481197,0.265800001216121,10.845700002391823,0.1396000006934628,11.260400002356619,0,True,on_screen,0.7516742373179737
1787908961312,1500,3094,235.51587342505266,645.5126893790354,231.6916561438694,636.3260377266707,1,0,sidebar,0.14871783956242746,992,3,0.8,0.00024318298173396473,44.42090519013,39.49178756343435,0.11950000771321356,0.2717000024858862,10.730000009061769,0.14640000881627202,11.159000001498498,0,True,on_screen,0.7516742373179737
1787908961344,1501,3095,233.60775155509643,639.6701148361136,232.2664847672375,637.3292608595036,1,0,sidebar,0.1508105649900925,1024,3,0.8,0.00024358615378143253,43.079493720126294,39.48777287778215,0.1292000088142231,0.3412000078242272,11.698600006639026,0.14340000052470714,12.197499992907979,0,True,on_screen,0.7516742373179737
1787908961360,1502,3096,234.30741681419929,640.1480196947019,232.878764381326,638.174888510063,1,0,sidebar,0.1527732096405272,1039,3,0.8,0.00024193629145870602,45.0667518060932,39.49260548478363,0.12820000119972974,0.2826000127242878,11.591700007556938,0.1564999984111637,12.042699992889538,0,True,on_screen,0.7516742373179737
1787908961392,1503,3097,230.88392971544084,636.3223732895069,232.28031398156043,637.6191339438961,1,0,sidebar,0.15117751415336067,1072,3,0.8,0.00023939973082640759,43.7084037627512,39.4897024110773,0.14740000187885016,0.2649999951245263,10.966100002406165,0.12509999214671552,11.36610000685323,0,True,on_screen,0.7516742373179737
1787908961408,1504,3098,233.2318576443967,644.344152106997,232.5657770804113,639.6366393928264,1,0,sidebar,0.15402125705238712,1088,3,0.8,0.00023615517678226422,45.472871466960484,39.49412654071704,0.11150000500492752,0.26369999977760017,11.20239999727346,0.1260999997612089,11.601899997913279,0,True,on_screen,0.7516742373179737
1787908961440,1505,3099,228.30699992512058,639.9411221499062,231.28814393382407,639.7279842199503,1,0,sidebar,0.15212942083882908,1120,3,0.6,0.00023681751183158087,44.04605963144997,39.490993386366455,0.13000000035390258,0.28839999868068844,10.637899991706945,0.16090000281110406,11.101299998699687,0,True,on_screen,0.7516742373179737
1787908961472,1506,3100,231.9872873978955,641.4113149075121,231.49788697304547,640.2329834262188,1,0,sidebar,0.15305514892981198,1151,3,0.6,0.00023454753213478056,42.78684959520338,39.4875876124623,0.12229999992996454,0.30899999546818435,10.944699999527074,0.13679999392479658,11.401299998397008,0,True,on_screen,0.7516742373179737
1787908961488,1507,3101,231.1692013514303,640.7010683760637,231.3992812865609,640.3734089111722,1,0,sidebar,0.15306649246434334,1167,3,0.6,0.00023465347771546574,44.769317312117096,39.492666131034035,0.12820000119972974,0.2570999931776896,10.262399999191985,0.12799999967683107,10.65559999551624,0,True,on_screen,0.7516742373179737
1787908961520,1508,3102,232.63333368736403,641.8565565127457,231.76949700680183,640.8183531916442,1,0,sidebar,0.15417244169658806,1200,3,0.6,0.00023271264470204125,43.38401530234181,39.48862022938052,0.14460000966209918,0.2826999989338219,11.223199995583855,0.1604999997653067,11.678999988362193,0,True,on_screen,0.7516742373179737
1787908961536,1509,3103,228.3027629558658,640.4837158013127,230.72947679152102,640.7179619745447,1,0,sidebar,0.1524223155764839,1216,3,0.6,0.00023158696817635743,45.444221436396276,39.49387872753759,0.109500004327856,0.29660000291187316,10.47340000513941,0.13099999341648072,10.911699995631352,0,True,on_screen,0.7516742373179737
1787908961568,1510,3104,226.04136517144406,639.2883188645068,229.32304330549795,640.2890690415333,1,0,sidebar,0.14970858883871463,1248,3,0.6,0.0002296635707821626,44.03359350353176,39.49049279681103,0.12260000221431255,0.268599993432872,10.635099999490194,0.14620000729337335,11.060600008931942,0,True,on_screen,0.7516742373179737
1787908961584,1511,3105,221.9679130392374,638.8497287213778,227.11650422561976,639.8572669454866,1,0,sidebar,0.14573173972640596,1264,3,0.6,0.0002271804505891567,45.82521497647483,39.49407924224893,0.12560001050587744,0.265199996647425,12.645299997529946,0.1804000057745725,13.101299991831183,0,True,on_screen,0.7516742373179737
1787908961616,1512,3106,221.1439818266639,638.556182943727,225.32474750593298,639.4669417449586,1,0,sidebar,0.14245284627286114,1296,3,0.6,0.00022618794639967313,44.35059033451607,39.491474763898545,0.12989999959245324,0.3119000029982999,10.964400004013442,0.14149998605716974,11.431899998569861,0,True,on_screen,0.7516742373179737
1787908961648,1513,3107,365.24759644482657,488.2539317197153,267.301602187601,594.1030387373856,0,0,sidebar,0.2394985609711887,1328,3,0.6,0.00016077424957936307,43.07659708541661,39.48865348257335,0.13339999713934958,0.2868000010494143,10.307500007911585,0.13469999248627573,10.739799996372312,0,True,on_screen,0.7516742373179737
1787908961664,1514,3108,405.37379792279467,399.4532622515319,308.7232609081591,535.7081057916295,0,0,sidebar,0.3721286155750245,1344,3,0.6,0.00014145659253637054,44.96914198662865,39.493139858627195,0.10069999552797526,0.24739999207668006,10.579900001175702,0.15859999984968454,10.9941999980947,0,True,on_screen,0.7516742373179737
1787908961696,1515,3109,503.58859168605693,251.56419939912664,367.1828601415284,450.4649338738786,0,0,sidebar,0.5532876986141397,1376,3,0.6,0.00015766058688803514,43.59396947019141,39.48918502424538,0.17349999689031392,0.3473999968264252,11.65960000071209,0.14489999739453197,12.165699998149648,0,True,on_screen,0.7516742373179737
1787908961712,1516,3110,539.9084025027977,187.7052973081059,419.00052284990915,371.63704290414677,0,0,sidebar,0.6909710365236963,1391,3,0.6,0.00017080285602782443,45.44872463025845,39.493893400868636,0.15140000323299319,0.31769998895470053,11.512400000356138,0.16530000721104443,12.008099991362542,0,True,on_screen,0.7516742373179737
1787908961744,1517,3111,590.449422825402,84.77504582404333,470.435192842557,285.5784437801157,0,0,sidebar,0.7464627598338216,1424,3,0.6,0.00020837755413735323,44.02896935938299,39.490890848452004,0.12519999290816486,0.28950000705663115,10.868000012123957,0.14800000644754618,11.318499993649311,0,True,on_screen,0.7516742373179737
1787908961776,1518,3112,620.0509891892369,21.340817612840596,515.319931746561,206.30715592993317,0,0,sidebar,0.6756447863447476,1456,3,0.6,0.00024705266999402835,42.76271721683472,39.48737990951779,0.16239999968092889,0.340899990987964,11.229499999899417,0.1571000029798597,11.765999995986931,0,True,on_screen,0.7516742373179737
1787908961792,1519,3113,638.6333607183909,2.721128562842962,552.3139604381099,145.2313477198061,0,0,sidebar,0.5758618166259879,1472,3,0.6,0.00027049867748506727,44.69777994194225,39.49223971083494,0.13339999713934958,0.29569999605882913,10.848299993085675,0.13380000018514693,11.289700007182546,0,True,on_screen,0.7516742373179737
1787908961824,1520,3114,639.8712164420818,-38.42838126156962,578.5811372393015,90.13342902539338,0,0,sidebar,0.47023874621027295,1503,3,0.6,0.00032449390402195834,43.373862937850134,39.48884848297645,0.14829999417997897,0.30440000409726053,11.122899988549761,0.1548000000184402,11.595100004342385,0,True,on_screen,0.7516742373179737
1787908961840,1521,3115,638.5857480833192,-57.75506244158357,596.5825204925068,45.7668815853003,-1,-1,off_screen,0.0,0,11,0.8,0.00034851778918993867,45.18158728608218,39.493442375702266,0.15580000763293356,0.3141000051982701,11.001399994711392,0.14189998910296708,11.469999997643754,0,True,gaze_outside_screen,0.7516742373179737
1787908961872,1522,3116,635.0826004818713,-104.72729340508621,608.1325444893162,0.6186290881843419,-1,-1,off_screen,0.0,32,11,0.8,0.0003805565619189079,43.794230325327995,39.490052681952484,0.14119999832473695,0.3203999949619174,11.120499999378808,0.16660000255797058,11.622300007729791,0,True,gaze_outside_screen,0.7516742373179737
1787908961904,1523,3117,636.5689835595482,-142.75418620127056,616.6634762103857,-42.393215498652125,-1,-1,off_screen,0.0,64,11,0.8,0.000411458941606508,42.56352104273563,39.48710554586202,0.11500000255182385,0.2643000043462962,10.67259999399539,0.12929999502375722,11.077200004365295,0,True,gaze_outside_screen,0.7516742373179737
1787908961920,1524,3118,636.7102509133027,-158.72389364309728,622.6775086212608,-77.29241894198567,-1,-1,off_screen,0.0,80,11,0.8,0.00042937144291746443,44.50460691631082,39.491597384987664,0.1036000030580908,0.2516999957151711,10.911399993347004,0.11300000187475234,11.284799998975359,0,True,gaze_outside_screen,0.7516742373179737
1787908961952,1525,3119,694.480228280692,-170.81219770449604,644.2183245190902,-105.34835257073878,-1,-1,off_screen,0.0,111,11,0.8,0.0004478146182035764,43.15327815752922,39.48775626728137,0.1886000100057572,0.29260000155773014,11.561899998923764,0.1539999939268455,12.022299997624941,0,True,gaze_outside_screen,0.7516742373179737
1787908961968,1526,3120,726.6185703475855,-171.94479830538438,668.9383982676388,-125.32728629113245,-1,-1,off_screen,0.0,128,11,0.8,0.0004555728376788911,45.20117599253571,39.492515804974055,0.1053000014508143,0.2606000052765012,11.708600010024384,0.12939999578520656,12.109000002965331,0,True,gaze_outside_screen,0.7516742373179737
1787908962000,1527,3121,778.769874327978,-177.6660952678721,701.8878410857405,-141.02892898415433,-1,-1,off_screen,0.0,160,11,0.8,0.00047674685981677345,43.80956818926653,39.48958662890268,0.10630000906530768,0.2665000065462664,10.905200004344806,0.1458999904571101,11.327999993227422,0,True,gaze_outside_screen,0.7516742373179737
1787908962016,1528,3122,806.7397098304226,-182.8542905102891,733.3434017091452,-153.57653744199476,-1,-1,off_screen,0.0,176,11,0.8,0.0004882871547052733,45.58401057933658,39.493606750399515,0.17430000298190862,0.291000003926456,11.891399990417995,0.16229999891947955,12.358099993434735,0,True,gaze_outside_screen,0.7516742373179737
1787908962048,1529,3123,837.8923982655164,-177.7381048875258,764.7081006760566,-160.82500767565406,-1,-1,off_screen,0.0,208,11,0.8,0.0004965179012120409,44.15715641241709,39.4909154891894,0.1534999901195988,0.2761999930953607,10.709100009989925,0.1368000084767118,11.134000000311062,0,True,gaze_outside_screen,0.7516742373179737
1787908962080,1530,3124,854.9832749294495,-184.9095726298356,791.7906529520744,-168.0503771619085,-1,-1,off_screen,0.0,240,11,0.8,0.0005080150653976132,42.88830161995333,39.487627505616224,0.1399999891873449,0.29039999935775995,10.83929999731481,0.12450000212993473,11.265699999057688,0,True,gaze_outside_screen,0.7516742373179737
1787908962096,1531,3125,863.9337846528193,-188.7089281782662,813.4335924622978,-174.2479424668158,-1,-1,off_screen,0.0,256,11,0.8,0.0005162058225555814,44.80044500847305,39.49236531319487,0.12670000432990491,0.2690999972401187,10.537900001509115,0.15309998707380146,10.969499999191612,0,True,gaze_outside_screen,0.7516742373179737
1787908962128,1532,3126,876.384950646142,-193.34249775485782,832.318999917451,-179.9763090532284,-1,-1,off_screen,0.0,288,11,0.8,0.000528082544721727,43.41337851991601,39.48878181817641,0.1765000051818788,0.2975999959744513,10.701799998059869,0.1289000065298751,11.142600007588044,0,True,gaze_outside_screen,0.7516742373179737
1787908962144,1533,3127,885.2183079369055,-194.8352193861353,848.1887923232873,-184.43398215310046,-1,-1,off_screen,0.0,304,11,0.8,0.0005329146761740913,45.317668727802186,39.49361356883852,0.11999999696854502,0.27570000384002924,10.33280001138337,0.148899998748675,10.767100000521168,0,True,gaze_outside_screen,0.7516742373179737
1787908962176,1534,3128,892.7594185964624,-198.87226420401845,861.5599802052398,-188.76546676837586,-1,-1,off_screen,0.0,336,11,0.8,0.0005363108173126185,43.9484572003115,39.49050945531377,0.1336999994236976,0.2750999992713332,10.26589999673888,0.14009998994879425,10.693200005334802,0,True,gaze_outside_screen,0.7516742373179737
1787908962208,1535,3129,897.3725514555073,-198.54584994865397,872.30375158032,-191.69958172245927,-1,-1,off_screen,0.0,368,11,0.8,0.0005411649382969994,42.68628653355671,39.48650442265688,0.156299996888265,0.3193000011378899,11.634800001047552,0.1630000042496249,12.130999995861202,0,True,gaze_outside_screen,0.7516742373179737
1787908962224,1536,3130,901.8821092332435,-197.67178614024925,881.1772588761969,-193.49124304779625,-1,-1,off_screen,0.0,384,11,0.8,0.0005415846935262585,44.64694549852088,39.491583536683066,0.13800000306218863,0.28959999326616526,10.769200001959689,0.1373999984934926,11.20769999397453,0,True,gaze_outside_screen,0.7516742373179737
1787908962256,1537,3131,911.5763583567461,-195.96745993950364,890.2969887203616,-194.23410811530846,-1,-1,off_screen,0.0,416,11,0.8,0.0005440839952465526,43.300245205223376,39.48848769706823,0.13880000915378332,0.2714000002015382,10.25580000714399,0.1348999940091744,10.673500000848435,0,True,gaze_outside_screen,0.7516742373179737
1787908962272,1538,3132,907.1556780172654,-195.43674573137358,895.3545955094328,-194.59489940012799,-1,-1,off_screen,0.0,432,11,0.8,0.0005449413720160293,45.11824040700782,39.49233033033341,0.10859999747481197,0.26530001196078956,11.56920001085382,0.1694999955361709,12.014699997962452,0,True,gaze_outside_screen,0.7516742373179737
1787908962304,1539,3133,905.8359078709008,-198.98195635426598,898.498989217873,-195.91101648636936,-1,-1,off_screen,0.0,463,11,0.8,0.0005453619082581209,43.73764947705282,39.48944735082052,0.12850000348407775,0.34139999479521066,10.703299994929694,0.13240000407677144,11.191400000825524,0,True,gaze_outside_screen,0.7516742373179737
1787908962320,1540,3134,904.05039894682,-202.37331745728855,900.1644121365571,-197.8497067776451,-1,-1,off_screen,0.0,480,11,0.8,0.0005469860763095569,45.71869925980965,39.49412014273882,0.11229999654460698,0.27540000155568123,10.980899998685345,0.12469998910091817,11.388500002794899,0,True,gaze_outside_screen,0.7516742373179737
1787908962352,1541,3135,892.7073827447313,-203.2706954411339,897.9273033190093,-199.47600337669172,-1,-1,off_screen,0.0,512,11,0.8,0.0005484956689311739,44.264988871086985,39.49083050061626,0.14089999604038894,0.2668999950401485,10.846500008483417,0.12799999967683107,11.250900002778508,0,True,gaze_outside_screen,0.7516742373179737
1787908962384,1542,3136,880.3980525985952,-204.99424713771174,892.6685281028849,-201.13147650499772,-1,-1,off_screen,0.0,544,11,0.8,0.0005499892576769361,42.97669988633692,39.48741457651407,0.14829999417997897,0.30450000485870987,11.126999990665354,0.13269999180920422,11.577400000533089,0,True,gaze_outside_screen,0.7516742373179737
1787908962400,1543,3137,876.8850917541818,-205.4789956519996,887.9334971982739,-202.43573224909827,-1,-1,off_screen,0.0,560,11,0.8,0.0005509819388093383,44.84338390120822,39.492264286243355,0.11180000728927553,0.24900000425986946,10.525099991355091,0.14000000373926014,10.92400000197813,0,True,gaze_outside_screen,0.7516742373179737
1787908962432,1544,3138,867.7980200028172,-206.73014964029232,881.8928540396369,-203.72405746645646,-1,-1,off_screen,0.0,592,11,0.8,0.000555350255213357,43.50083444575007,39.48871824748495,0.1627000019652769,0.2755999885266647,11.127100005978718,0.1368000084767118,11.551799994776957,0,True,gaze_outside_screen,0.7516742373179737
1787908962448,1545,3139,861.9780244022736,-213.19509929445846,875.9184051484278,-206.56537001485705,-1,-1,off_screen,0.0,608,11,0.8,0.0005569981965533287,45.407633571920066,39.493413220223374,0.1505999971413985,0.2845999988494441,10.992499999701977,0.15440001152455807,11.443099996540695,0,True,gaze_outside_screen,0.7516742373179737
1787908962480,1546,3140,847.5976563662903,-225.84296236959503,867.4221805137865,-212.34864772127844,-1,-1,off_screen,0.0,640,11,0.8,0.0005591990898291023,43.96253875516434,39.489336923865224,0.14820000797044486,0.337799996486865,12.185100000351667,0.1303999888477847,12.667699993471615,0,True,gaze_outside_screen,0.7516742373179737
1787908962512,1547,3141,841.7795886052688,-228.44489570454488,859.7294029412312,-217.17752211625833,-1,-1,off_screen,0.0,672,11,0.8,0.0005639910855552224,42.73347782911374,39.486983699772985,0.12139999307692051,0.2749999985098839,10.732899987488054,0.13719999697059393,11.157600005390123,0,True,gaze_outside_screen,0.7516742373179737
1787908962528,1548,3142,839.1762939329832,-229.47627679754802,853.5634702387567,-220.86714852064523,-1,-1,off_screen,0.0,688,11,0.8,0.0005668597374683428,44.59743380613958,39.49070762408856,0.10019999172072858,0.26190000062342733,12.196900002891198,0.2035999932559207,12.685200010309927,0,True,gaze_outside_screen,0.7516742373179737
1787908962560,1549,3143,838.888759303323,-232.67970665134624,849.1610569581266,-224.41091595985552,-1,-1,off_screen,0.0,720,11,0.8,0.0005697753691109066,43.27291910793396,39.487808770996246,0.1379000023007393,0.33900000562425703,11.472199999843724,0.1286999904550612,11.954699992202222,0,True,gaze_outside_screen,0.7516742373179737
1787908962576,1550,3144,837.1733838062086,-234.6458288974172,845.5647550125511,-227.48138984112398,-1,-1,off_screen,0.0,736,11,0.8,0.0005701591787902228,45.06262082110442,39.49259100088461,0.13919999764766544,0.2882999979192391,10.848899997654371,0.1407999952789396,11.289700007182546,0,True,gaze_outside_screen,0.7516742373179737
1787908962608,1551,3145,579.4729866052359,-259.7857510113736,765.7372244903565,-237.17269819219882,-1,-1,off_screen,0.0,768,11,0.8,0.000561632817774653,43.715038158432556,39.48929614564799,0.14119999832473695,0.3036999987671152,11.142799994559027,0.1379000023007393,11.596700001973659,0,True,gaze_outside_screen,0.7516742373179737
1787908962625,1552,3146,465.1804679624203,-268.82983749956145,675.5701975319756,-246.6698399844076,-1,-1,off_screen,0.0,785,11,0.8,0.0005570948486426103,45.34172288598098,39.493304865485285,0.2589000068837777,0.598699989495799,11.396400004741736,0.149500003317371,12.161799997556955,0,True,gaze_outside_screen,0.7516742373179737
1787908962656,1553,3147,344.95513093061794,-281.8776606077042,576.3856775515683,-257.23218617139656,-1,-1,off_screen,0.0,815,11,0.8,0.0005548673570388418,43.990682545080695,39.49088546222898,0.1508999994257465,0.29660000291187316,10.511300002690405,0.12799999967683107,10.948700000881217,0,True,gaze_outside_screen,0.7516742373179737
1787908962688,1554,3148,290.19140635462384,-284.72630784160907,490.52739619248496,-265.4804226724603,-1,-1,off_screen,0.0,848,11,0.8,0.0005523451366129927,42.72659725175803,39.48726939717337,0.1500000071246177,0.31350000062957406,11.18829999177251,0.1573999907122925,11.673000000882894,0,True,gaze_outside_screen,0.7516742373179737
1787908962704,1555,3149,266.00757158028546,-286.9800567441033,423.17144880882506,-271.93031289395316,-1,-1,off_screen,0.0,864,11,0.8,0.0005501231154320801,44.680897772532575,39.4914267229009,0.1517000055173412,0.2908000024035573,12.08549999864772,0.15570000687148422,12.543399992864579,0,True,gaze_outside_screen,0.7516742373179737
1787908962736,1556,3150,212.64534642065868,-292.55023616706876,360.0136180923751,-278.1162898758878,-1,-1,off_screen,0.0,896,11,0.8,0.0005495603476058375,43.34798753121978,39.488826938539304,0.13160001253709197,0.3066000062972307,10.751099995104596,0.14870001177769154,11.220399988815188,0,True,gaze_outside_screen,0.7516742373179737
1787908962752,1557,3151,91.3481888977566,-304.46025922394927,279.41398933398955,-286.01948068030623,-1,-1,off_screen,0.0,912,11,0.8,0.0005475769479605288,45.19167283007099,39.49344491787256,0.13519999629352242,0.2727999963099137,10.60239999787882,0.14220000593923032,11.028400011127815,0,True,gaze_outside_screen,0.7516742373179737
1787908962784,1558,3152,-21.565495310008636,-306.709521614376,189.12014394079006,-292.22649296052714,-1,-1,off_screen,0.0,944,11,0.8,0.000546312012871239,43.815143602478535,39.4898121239755,0.13830000534653664,0.291300006210804,11.39859999238979,0.16959999629762024,11.8705999921076,0,True,gaze_outside_screen,0.7516742373179737
1787908962816,1559,3153,-53.75768293956735,-315.78974933219644,116.25679587668284,-299.2954698720279,-1,-1,off_screen,0.0,976,11,0.8,0.0005530615373317144,42.56435259609394,39.48679796418477,0.15870000061113387,0.28160000510979444,10.917799998424016,0.13410000246949494,11.34690000617411,0,True,gaze_outside_screen,0.7516742373179737
1787908962832,1560,3154,-66.12400235533899,-311.1525810302152,61.54255640707629,-302.8526032194841,-1,-1,off_screen,0.0,992,11,0.8,0.0005504746534693815,44.545948113296426,39.49135193796852,0.09580000187270343,0.23550000332761556,11.050699991756119,0.1353999978164211,11.430200000177138,0,True,gaze_outside_screen,0.7516742373179737
1787908962864,1561,3155,-56.91478774046202,-315.9673917759743,26.005353162814796,-306.78703978643114,-1,-1,off_screen,0.0,1024,11,0.8,0.0005546541351571094,43.178373309696404,39.487030062570916,0.11490000179037452,0.2931000053649768,12.648700008867308,0.14790000568609685,13.102400000207126,0,True,gaze_outside_screen,0.7516742373179737
1787908962880,1562,3156,-57.88095388063077,-318.195031126866,0.839461049781125,-310.2094371885616,-1,-1,off_screen,0.0,1040,11,0.8,0.0005568767470912721,45.12098309841806,39.49223205502119,0.14400000509340316,0.2936999953817576,11.444300005678087,0.17600000137463212,11.926499995752238,0,True,gaze_outside_screen,0.7516742373179737
1787908962912,1563,3157,-61.263306309310785,-319.53485352702404,-17.79136915794645,-313.0070620901003,-1,-1,off_screen,0.0,1072,11,0.8,0.000555538080415769,43.75637954044949,39.48905806983968,0.1382999907946214,0.2837000065483153,11.458299995865673,0.14629999350290745,11.901600009878166,0,True,gaze_outside_screen,0.7516742373179737
1787908962928,1564,3158,-53.4361571265988,-318.91768888368966,-28.484805548542152,-314.7802501281771,-1,-1,off_screen,0.0,1088,11,0.8,0.0005572629291313389,45.70357269268752,39.49403079115011,0.1145000132964924,0.28920000477228314,10.890100005781278,0.148899998748675,11.34019999881275,0,True,gaze_outside_screen,0.7516742373179737
1787908962960,1565,3159,-33.167340444053764,-307.6456455027291,-29.889566017195634,-312.6398687405427,-1,-1,off_screen,0.0,1120,11,0.8,0.0005649639713693668,44.24320970209903,39.49022754065557,0.14659999578725547,0.33570000960025936,11.600300000282004,0.2609999937703833,12.210200002300553,0,True,gaze_outside_screen,0.7516742373179737
1787908962992,1566,3160,-12.078030390434398,-297.92789352882886,-24.54610532916726,-308.2262761770285,-1,-1,off_screen,0.0,1152,11,0.8,0.0005732124197567311,42.961981157574755,39.4873019695918,0.14570000348612666,0.28410000959411263,11.222000000998378,0.12569999671541154,11.645000005955808,0,True,gaze_outside_screen,0.7516742373179737
1787908963008,1567,3161,-3.9451207666623755,-294.7767554167957,-18.365809960415792,-304.1914199489587,-1,-1,off_screen,0.0,1167,11,0.8,0.0005750589478269764,44.876461681377755,39.49230013277411,0.12959999730810523,0.264899994363077,10.330999997677281,0.1314999972237274,10.736900003394112,0,True,gaze_outside_screen,0.7516742373179737
1787908963040,1568,3162,6.454085435793155,-291.73572620678624,-10.919841341553106,-300.45471182630695,-1,-1,off_screen,0.0,1200,11,0.8,0.0005785088236724342,43.50400267341202,39.488734385480555,0.1360000023851171,0.27299999783281237,10.757399999420159,0.14560000272467732,11.187399999471381,0,True,gaze_outside_screen,0.7516742373179737
1787908963056,1569,3163,12.653974984895457,-295.123261876056,-3.8476964436185366,-298.85527684123167,-1,-1,off_screen,0.0,1216,11,0.8,0.0005806591070336362,45.34440287499113,39.49305545335638,0.12630000128410757,0.3132999991066754,11.102900010882877,0.16369999502785504,11.594099996727891,0,True,gaze_outside_screen,0.7516742373179737
1787908963088,1570,3164,21.003179160374003,-293.4930840994689,3.607566237579225,-297.2466190187028,-1,-1,off_screen,0.0,1248,11,0.8,0.0005803883390070701,43.966229355777784,39.49008056541769,0.13529999705497175,0.2801000082399696,10.830100000021048,0.14489999739453197,11.267299996688962,0,True,gaze_outside_screen,0.7516742373179737
1787908963120,1571,3165,24.961904616747645,-291.74448417432575,10.013867751329752,-295.59597856538966,-1,-1,off_screen,0.0,1279,11,0.8,0.0005802708210903684,42.683290125553484,39.486878727905506,0.14350000128615648,0.28169999131932855,10.542500007431954,0.13729999773204327,10.972499992931262,0,True,gaze_outside_screen,0.7516742373179737
1787908963136,1572,3166,27.27302727795271,-293.1059457809604,15.191615609316639,-294.84896873006085,-1,-1,off_screen,0.0,1296,11,0.8,0.0005799973487635966,44.709455318669214,39.49121982142582,0.14480001118499786,0.3150999982608482,11.105099998530932,0.1647000026423484,11.596999989706092,0,True,gaze_outside_screen,0.7516742373179737
1787908963168,1573,3167,31.319901466293754,-294.44774633013594,20.030101366409774,-294.72860201008336,-1,-1,off_screen,0.0,1328,11,0.8,0.0005804932123290585,43.34551826665891,39.487947478574675,0.2043999993475154,0.302400003420189,10.921199995209463,0.14319999900180846,11.379400006262586,0,True,gaze_outside_screen,0.7516742373179737
1787908963184,1574,3168,33.138845148426114,-294.37950095813665,23.962724501014673,-294.6238716944993,-1,-1,off_screen,0.0,1344,11,0.8,0.0005819529548729916,45.33731758938162,39.4925897328789,0.13899999612476677,0.2733000001171604,11.03510000393726,0.14739998732693493,11.46619999781251,0,True,gaze_outside_screen,0.7516742373179737
1787908963216,1575,3169,36.00278004139592,-293.8954000239673,27.574741163129048,-294.4053301933397,-1,-1,off_screen,0.0,1376,11,0.8,0.0005811401946375517,43.934975822749415,39.489279085030006,0.14470001042354852,0.26309999520890415,11.14909999887459,0.15639999764971435,11.579999991226941,0,True,gaze_outside_screen,0.7516742373179737
1787908963232,1576,3170,37.10517772450807,-294.61230829422675,30.433872131542753,-294.4674236236058,-1,-1,off_screen,0.0,1392,11,0.8,0.000582101472363903,45.68021366113929,39.493879136449365,0.12850000348407775,0.27210000553168356,10.829499995452352,0.15100000018719584,11.263299995334819,0,True,gaze_outside_screen,0.7516742373179737
1787908963264,1577,3171,38.5639602056101,-295.6812738670851,32.87289855376296,-294.83157869664956,-1,-1,off_screen,0.0,1424,11,0.8,0.0005830964692966831,44.25966723342603,39.490923661285926,0.11439999798312783,0.25440000172238797,10.435200005304068,0.12179999612271786,10.821000003488734,0,True,gaze_outside_screen,0.7516742373179737
1787908963296,1578,3172,45.41550885414418,-295.7515154324844,36.63568164387732,-295.1075597174,-1,-1,off_screen,0.0,1456,11,0.8,0.0005836333903285248,42.96604193500865,39.48719886945148,0.1351000100839883,0.3015999973285943,11.327499989420176,0.1551000023027882,11.795200000051409,0,True,gaze_outside_screen,0.7516742373179737
1787908963312,1579,3173,49.52074351509041,-296.0073677999967,40.50120020524125,-295.377502142179,-1,-1,off_screen,0.0,1472,11,0.8,0.0005842270033029479,44.88954236669088,39.491966678061864,0.17449998995289207,0.4788999940501526,10.715199998230673,0.1360000023851171,11.34160000947304,0,True,gaze_outside_screen,0.7516742373179737
1787908963344,1580,3174,61.2926877768411,-295.497292811286,46.7386464767212,-295.4134393429111,-1,-1,off_screen,0.0,1504,11,0.8,0.000584461933224303,43.53160555375249,39.48898226229202,0.12270000297576189,0.2609000075608492,10.389499992015772,0.13580000086221844,10.798899995279498,0,True,gaze_outside_screen,0.7516742373179737
1787908963360,1581,3175,67.88054358125778,-295.7097202525084,53.081215608082175,-295.50232361579026,-1,-1,off_screen,0.0,1519,11,0.8,0.0005846669091445628,45.409479289414605,39.49319668115591,0.12289998994674534,0.2975000097649172,11.041400008252822,0.14370000280905515,11.493900005007163,0,True,gaze_outside_screen,0.7516742373179737
1787908963392,1582,3176,80.5267265111384,-294.9085788075971,61.31486887899904,-295.3242001733323,-1,-1,off_screen,0.0,1552,11,0.8,0.0005844881352181433,43.96587786380126,39.48910640343963,0.18429999181535095,0.3687999997055158,12.327900010859594,0.1472000003559515,12.85880000796169,0,True,gaze_outside_screen,0.7516742373179737
1787908963424,1583,3177,85.7537556220721,-296.48621142881615,68.64653490192096,-295.67280354997746,-1,-1,off_screen,0.0,1584,11,0.8,0.0005843556082658265,42.717091967137314,39.48625830049747,0.12929999502375722,0.2810000005410984,11.785900001996197,0.13729999773204327,12.216900009661913,0,True,gaze_outside_screen,0.7516742373179737
1787908963440,1584,3178,91.03661144758487,-297.1535021974174,75.36355786562012,-296.1170131442094,-1,-1,off_screen,0.0,1600,11,0.8,0.000584323096173886,44.675912363251875,39.49133716263871,0.14210000517778099,0.2939000114565715,10.689600007026456,0.1453000004403293,11.141399998450652,0,True,gaze_outside_screen,0.7516742373179737
1787908963472,1585,3179,97.98345091479656,-298.15771066783685,82.14952578037305,-296.72922240129765,-1,-1,off_screen,0.0,1631,11,0.8,0.0005846644068006716,43.32628621786746,39.4874327518908,0.11400000948924571,0.2720000047702342,11.894899987964891,0.17059998936019838,12.350899996818043,0,True,gaze_outside_screen,0.7516742373179737
1787908963488,1586,3180,102.3214373837974,-299.48228894988745,88.20109926140034,-297.5551423658746,-1,-1,off_screen,0.0,1648,11,0.8,0.0005838634444120527,45.27143677364095,39.49244164963668,0.1269999920623377,0.3132999991066754,11.053299997001886,0.15240001084748656,11.532100004842505,0,True,gaze_outside_screen,0.7516742373179737
1787908963520,1587,3181,110.74404681539733,-302.1788160738465,94.96398352759942,-298.94224447826616,-1,-1,off_screen,0.0,1680,11,0.8,0.0005822156350487693,43.8685218014887,39.48922135930464,0.10889999975915998,0.25859999004751444,11.013199997250922,0.13129999570082873,11.413899992476217,0,True,gaze_outside_screen,0.7516742373179737
1787908963536,1588,3182,113.48932106225239,-303.03905612744427,100.52158478799531,-300.1712879730196,-1,-1,off_screen,0.0,1696,11,0.8,0.0005812411747943592,45.7111512673015,39.4937806349761,0.12250000145286322,0.29129999165888876,10.945200003334321,0.13649999164044857,11.382299999240786,0,True,gaze_outside_screen,0.7516742373179737
1787908963568,1589,3183,122.32418884205192,-307.2718953098235,107.0623660042123,-302.30147017406074,-1,-1,off_screen,0.0,1728,11,0.8,0.0005807128721666936,44.277881695955806,39.490398577062365,0.15300000086426735,0.3512999974191189,11.21939999575261,0.15330000314861536,11.736200001905672,0,True,gaze_outside_screen,0.7516742373179737
1787908963600,1590,3184,133.28283213783328,-307.12452988460666,114.92850584429858,-303.7483880872245,-1,-1,off_screen,0.0,1759,11,0.6,0.0005799755066977219,42.982729326645654,39.4872145670012,0.12719999358523637,0.29370000993367285,11.19210000615567,0.14040000678505749,11.638000010862015,0,True,gaze_outside_screen,0.7516742373179737
1787908963616,1591,3185,137.92189487282803,-306.7493037656999,121.82652255285741,-304.6486627907671,-1,-1,off_screen,0.0,1776,11,0.6,0.0005789615771055467,44.79143850505106,39.49175536760722,0.10449999535921961,0.25710000772960484,10.91120000637602,0.13619998935610056,11.313700000755489,0,True,gaze_outside_screen,0.7516742373179737
1787908963648,1592,3186,145.15425456796444,-305.1485020414551,128.82484215738953,-304.7986145659735,-1,-1,off_screen,0.0,1808,11,0.6,0.0005771879690201105,43.473450373173534,39.488575599364076,0.13719999697059393,0.3049000079045072,10.988899986841716,0.19159998919349164,11.497700004838407,0,True,gaze_outside_screen,0.7516742373179737
1787908963664,1593,3187,147.69803262203374,-304.9405446847678,134.48679929678278,-304.8411936016118,-1,-1,off_screen,0.0,1824,11,0.6,0.0005762527848164056,45.230366109275394,39.493073207408976,0.16569999570492655,0.2986000035889447,10.754699993412942,0.18319999799132347,11.24829999753274,0,True,gaze_outside_screen,0.7516742373179737
1787908963696,1594,3188,151.99504961686773,-303.0728664547951,139.73927439280826,-304.3106954575668,-1,-1,off_screen,0.0,1856,11,0.6,0.0005764744828747337,43.87220695361067,39.489671115443095,0.1449999981559813,0.29630000062752515,11.490399992908351,0.12749999586958438,11.926699997275136,0,True,gaze_outside_screen,0.7516742373179737
1787908963728,1595,3189,152.91956415371004,-296.97888217701495,143.69336132107878,-302.1111514734012,-1,-1,off_screen,0.0,1888,11,0.6,0.0005743218642651586,42.59769107480658,39.486019119342984,0.1399000029778108,0.27550000231713057,12.151200004154816,0.15320000238716602,12.592700004461221,0,True,gaze_outside_screen,0.7516742373179737
1787908963744,1596,3190,154.16444363955685,-296.00504521718995,146.8346860166222,-300.2793195965378,-1,-1,off_screen,0.0,1904,11,0.6,0.0005740043837692849,44.577548587259784,39.49123904688823,0.15700000221841037,0.30519999563694,10.775900009321049,0.12070000229869038,11.212600002181716,0,True,gaze_outside_screen,0.7516742373179737
1787908963777,1597,3191,157.5538830273831,-293.3767457877876,150.05044511985045,-298.20854745391273,-1,-1,off_screen,0.0,1937,11,0.6,0.0005736415555093743,43.196830419874225,39.488024777585835,0.17829998978413641,0.27689999842550606,10.202099991147406,0.1218999968841672,10.613100006594323,0,True,gaze_outside_screen,0.7516742373179737
1787908963792,1598,3192,159.04316748381206,-291.1172834144864,152.74826182903894,-296.0811682420848,-1,-1,off_screen,0.0,1952,11,0.6,0.0005736698974789477,45.414077761540376,39.492705312550406,0.12700000661425292,0.2665999927558005,10.647699993569404,0.13580000086221844,11.059500000556,0,True,gaze_outside_screen,0.7516742373179737
1787908963824,1599,3193,165.8220049806756,-288.30407384640114,156.67038477452994,-293.7480399233797,-1,-1,off_screen,0.0,1983,11,0.6,0.0005738792172450026,43.982006701961986,39.48929705368541,0.17179999849759042,0.33989999792538583,10.683000000426546,0.1598999951966107,11.19730000209529,0,True,gaze_outside_screen,0.7516742373179737
1787908963840,1600,3194,169.3364554391082,-287.4646903376505,160.4702059739034,-291.8630350476609,-1,-1,off_screen,0.0,2000,11,0.6,0.0005737972130932141,45.76970465736396,39.49391512897515,0.1539999939268455,0.27889999910257757,10.445699997944757,0.16309999045915902,10.89730000239797,0,True,gaze_outside_screen,0.7516742373179737
1787908963872,1601,3195,169.33376533998802,-282.55377589943515,163.12927378372876,-289.07025730319316,-1,-1,off_screen,0.0,2032,11,0.6,0.0005724187776406306,44.348383435167264,39.490935611562094,0.12270000297576189,0.262700006715022,10.23269999132026,0.12569999671541154,10.631900004227646,0,True,gaze_outside_screen,0.7516742373179737
1787908963904,1602,3196,168.5360997838226,-282.99643299478646,164.7513215837569,-287.2481100106711,-1,-1,off_screen,0.0,2064,11,0.6,0.0005718858492408524,43.030314871926,39.487263224481495,0.12739999510813504,0.2657000004546717,10.957799997413531,0.16239999968092889,11.396500005503185,0,True,gaze_outside_screen,0.7516742373179737
1787908963920,1603,3197,168.16348324920924,-283.2126504067202,165.7749700833926,-286.0374721294858,-1,-1,off_screen,0.0,2080,11,0.6,0.0005706237058663022,44.88988991552936,39.491739704154185,0.10710000060498714,0.3823000006377697,10.755900002550334,0.1664000010350719,11.316999996779487,0,True,gaze_outside_screen,0.7516742373179737
1787908963952,1604,3198,163.92627974915425,-288.87931602277126,165.22036298312108,-286.8900252974714,-1,-1,off_screen,0.0,2111,11,0.6,0.0005692325517258363,43.551747715364186,39.48856582769263,0.14139999984763563,0.2657000004546717,10.963599997921847,0.16950001008808613,11.409700004151091,0,True,gaze_outside_screen,0.7516742373179737
1787908963968,1605,3199,165.72025390728282,-288.58126147421416,165.3703302603696,-287.3973961504943,-1,-1,off_screen,0.0,2128,11,0.6,0.000566327851628478,45.36880284308884,39.49316942857417,0.10879999899771065,0.25769999774638563,10.691299990867265,0.13080000644549727,11.088699990068562,0,True,gaze_outside_screen,0.7516742373179737
1787908964000,1606,3200,168.104273641135,-286.7857480281379,166.1905132745992,-287.2139017137873,-1,-1,off_screen,0.0,2160,11,0.6,0.0005637250171587217,43.96351848243781,39.48936031747893,0.14820000797044486,0.2961999998660758,11.814500001491979,0.16820000018924475,12.292899991734885,0,True,gaze_outside_screen,0.7516742373179737
1787908964032,1607,3201,168.18521110207095,-282.9357797753882,166.78892262284072,-285.93046513226756,-1,-1,off_screen,0.0,2192,11,0.6,0.000559607158935993,42.72264659889839,39.487004525204235,0.12080000306013972,0.26420000358484685,10.348700001486577,0.13770000077784061,10.760999997728504,0,True,gaze_outside_screen,0.7516742373179737
1787908964048,1608,3202,168.04211055072102,-281.97427544925205,167.16487900120478,-284.74360822736287,-1,-1,off_screen,0.0,2208,11,0.6,0.0005581986950745077,44.621659578495354,39.49137584448206,0.1323000033153221,0.24619999749120325,10.519700008444488,0.1314999972237274,10.905899995123036,0,True,gaze_outside_screen,0.7516742373179737
1787908964080,1609,3203,167.88885994299224,-280.72429322420487,167.38207328374102,-283.5378137264155,-1,-1,off_screen,0.0,2240,11,0.6,0.0005585370443233345,43.2774878772004,39.48739624569949,0.13980000221636146,1.2101000029360875,10.91420000011567,0.1931000006152317,12.330300000030547,0,True,gaze_outside_screen,0.7516742373179737
1787908964096,1610,3204,167.07458967791686,-280.63728921013904,167.28982820199377,-282.66765637153253,-1,-1,off_screen,0.0,2256,11,0.6,0.0005580388953012466,45.215049944224276,39.492385388616604,0.1250000059371814,0.29710000671911985,11.001999999280088,0.1331000094069168,11.443099996540695,0,True,gaze_outside_screen,0.7516742373179737
1787908964128,1611,3205,168.17752863365249,-279.3123673715068,167.55613833149135,-281.6610696715248,-1,-1,off_screen,0.0,2288,11,0.6,0.0005580259010654013,43.82349418206687,39.489436942177385,0.11609999637585133,0.2521999995224178,10.487599996849895,0.12450000212993473,10.874600004171953,0,True,gaze_outside_screen,0.7516742373179737
1787908964144,1612,3206,168.40901397203228,-278.4666142851456,167.81200102365364,-280.702733055611,-1,-1,off_screen,0.0,2304,11,0.6,0.0005578247045916716,45.62888066867574,39.49413550953429,0.10540000221226364,0.24789999588392675,9.993400002713315,0.1281000004382804,10.37799999176059,0,True,gaze_outside_screen,0.7516742373179737
1787908964176,1613,3207,167.55645450512344,-274.2337479927558,167.73533706809457,-278.76203753675446,-1,-1,off_screen,0.0,2336,11,0.6,0.0005583601936969516,44.17021372234443,39.490058800059,0.1362000039080158,0.35030000435654074,11.355499998899177,0.14459999511018395,11.866999993799254,0,True,gaze_outside_screen,0.7516742373179737
1787908964208,1614,3208,169.70812408989084,-270.4710401597189,168.32717317463343,-276.27473832364376,-1,-1,off_screen,0.0,2368,11,0.6,0.0005581010523023518,42.88529831486371,39.487200601809796,0.12229999992996454,0.2945000014733523,10.704400003305636,0.13219998800195754,11.143599986098707,0,True,gaze_outside_screen,0.7516742373179737
1787908964224,1615,3209,169.891229436555,-267.6590769552337,168.7963900532099,-273.6900399131207,-1,-1,off_screen,0.0,2384,11,0.6,0.0005581029601660417,44.88129410039211,39.49201416032631,0.12289998994674534,0.2855000057024881,10.219099989626557,0.13559999933931977,10.649600008036941,0,True,gaze_outside_screen,0.7516742373179737
1787908964256,1616,3210,168.0066002297051,-266.1075688347819,168.55945310615846,-271.41529858961906,-1,-1,off_screen,0.0,2416,11,0.6,0.000553192785304104,43.52043195868404,39.48820632374956,0.1568000006955117,0.3409000055398792,11.337799995089881,0.14119999832473695,11.832699994556606,0,True,gaze_outside_screen,0.7516742373179737
1787908964272,1617,3211,167.81522854828106,-265.27524186055865,168.33618573879522,-269.5732815709009,-1,-1,off_screen,0.0,2432,11,0.6,0.0005532085118164116,45.43212984562824,39.49279668115332,0.10219999239780009,0.26220000290777534,11.321500001940876,0.14650000957772136,11.739900000975467,0,True,gaze_outside_screen,0.7516742373179737
1787908964304,1618,3212,174.9607231874651,-259.2245011990921,170.3235469733962,-266.4686474593583,-1,-1,off_screen,0.0,2463,11,0.6,0.0005486298269522065,44.02326112414627,39.490251182340586,0.11990001075901091,0.26390000130049884,9.991500002797693,0.1328000071225688,10.398999991593882,0,True,gaze_outside_screen,0.7516742373179737
1787908964336,1619,3213,190.05997561155374,-255.65401147652932,176.24447556484344,-263.2242566645096,-1,-1,off_screen,0.0,2496,11,0.6,0.0005457970203042208,42.76287201706555,39.486415421400345,0.1680999994277954,0.2945999876828864,11.319799988996238,0.16830000095069408,11.797700004535727,0,True,gaze_outside_screen,0.7516742373179737
1787908964352,1620,3214,196.60048940033198,-259.90639746216925,182.35127971549,-262.2288989038075,-1,-1,off_screen,0.0,2512,11,0.6,0.0005222193663253806,44.65626331219445,39.49116520767894,0.11159999121446162,0.25209999876096845,10.697899997467175,0.1644000003580004,11.125000004540198,0,True,gaze_outside_screen,0.7516742373179737
1787908964384,1621,3215,198.52490426128793,-278.0214463268553,187.20336707922937,-266.9666631307218,-1,-1,off_screen,0.0,2544,11,0.6,0.0004487041610862011,43.311969415190596,39.48824012143695,0.12670000432990491,0.2632999967318028,10.047099989606068,0.12010001228190958,10.439799996674992,0,True,gaze_outside_screen,0.7516742373179737
1787908964400,1622,3216,194.98534674956085,-278.7263983406435,189.5379609803288,-270.4945836936983,-1,-1,off_screen,0.0,2560,11,0.6,0.0003948945736260579,45.301046014323724,39.49237595322706,0.1066999975591898,0.23350000265054405,11.046799991163425,0.12339999375399202,11.41289999941364,0,True,gaze_outside_screen,0.7516742373179737
1787908964432,1623,3217,184.99455579796847,-303.5731942351424,188.1749394256207,-280.4181668561315,-1,-1,off_screen,0.0,2592,11,0.6,0.00025385273411897974,43.861271768789834,39.488504577784326,0.14990000636316836,0.2994999958900735,11.889900008100085,0.1571000029798597,12.361299988697283,0,True,gaze_outside_screen,0.7516742373179737
1787908964448,1624,3218,171.91783360267425,-253.22569131242037,183.29780767873675,-272.26042419301814,-1,-1,off_screen,0.0,2608,11,0.6,0.00013361024781771529,45.81103551480146,39.49354183943449,0.11199999426025897,0.2820000081555918,11.089200008427724,0.12589999823831022,11.507799994433299,0,True,gaze_outside_screen,0.7516742373179737
1787908964480,1625,3219,158.48953812237067,-60.48868989585253,175.8553268118269,-208.72890390386843,-1,-1,off_screen,0.0,2640,11,0.6,-1.2778898498214813e-05,44.35709165815071,39.49009297659524,0.1238999975612387,0.25690000620670617,11.566599991056137,0.1348999940091744,11.968899998464622,0,True,gaze_outside_screen,0.7516742373179737
1787908964513,1626,3220,165.48980271424642,69.97386282369786,172.74566958255275,-125.11807388559853,-1,-1,off_screen,0.0,2673,11,0.6,-9.892941435079086e-05,42.953835807091096,39.48680863693719,0.12980001338291913,0.3332999913254753,10.614800004987046,0.13580000086221844,11.097399998106994,0,True,gaze_outside_screen,0.7516742373179737
1787908964528,1627,3221,174.1468241248574,112.82348762835906,173.16601594524414,-53.73560543141125,-1,-1,off_screen,0.0,2688,11,0.6,-0.00012046726194594667,45.10212486453676,39.49161726300422,0.14930000179447234,0.3409999917494133,10.481300007086247,0.13690000923816115,10.970799994538538,0,True,gaze_outside_screen,0.7516742373179737
1787908964560,1628,3222,203.40792772796115,106.17935648988546,182.23858948005923,-5.761116855022234,-1,-1,off_screen,0.0,2720,11,0.6,-6.349352170725853e-05,43.77539899656093,39.48862979383014,0.13970000145491213,0.268599993432872,10.642900000675581,0.13040000339969993,11.052600006223656,0,True,gaze_outside_screen,0.7516742373179737
1787908964576,1629,3223,238.40355725092007,100.32833395809752,199.08807981131747,26.065718388913687,-1,-1,off_screen,0.0,2736,11,0.6,-5.092783769592053e-05,45.548109719557125,39.49320646085028,0.11929999163839966,0.2530000056140125,10.267999998177402,0.12820000119972974,10.658500003046356,0,True,gaze_outside_screen,0.7516742373179737
1787908964608,1630,3224,237.0032750229208,79.27823944487805,210.46263837479847,42.029474705702995,-1,-1,off_screen,0.0,2768,11,0.6,2.696628508300908e-06,44.12739742806577,39.48961137337866,0.11500000255182385,0.28199999360367656,11.067300001741387,0.142400007462129,11.504399997647852,0,True,gaze_outside_screen,0.7516742373179737
1787908964640,1631,3225,224.97834753167035,50.40093645868289,214.81735112186004,44.54091323159696,-1,-1,off_screen,0.0,2800,11,0.6,5.8336010539901395e-05,42.8571179796818,39.48673803314025,0.1446999958716333,0.28059999749530107,10.518499999307096,0.13720001152250916,10.947699993266724,0,True,gaze_outside_screen,0.7516742373179737
1787908964656,1632,3226,220.0897672316178,47.86944370767011,216.39907595478735,45.5394723744189,-1,-1,off_screen,0.0,2815,11,0.6,5.902953789143489e-05,44.82269551299672,39.4913308479963,0.11569999333005399,0.261199995293282,10.384699999121949,0.12009999772999436,10.774500013212673,0,True,gaze_outside_screen,0.7516742373179737
1787908964688,1633,3227,214.78288634228016,38.924107429258044,215.91421907103518,43.55486289087064,-1,-1,off_screen,0.0,2848,11,0.6,8.204772133624944e-05,43.46200198184364,39.48731273681969,0.1588000013725832,0.3102000046055764,11.88469999760855,0.16670000331941992,12.37659998878371,0,True,gaze_outside_screen,0.7516742373179737
1787908964704,1634,3228,210.63311054929304,28.840293741091237,214.3298865145125,39.14049214593682,-1,-1,off_screen,0.0,2864,11,0.6,0.00011685282319968265,45.297799809210154,39.49254825775616,0.13249999028630555,0.28580000798683614,10.262800002237782,0.12919999426230788,10.687500005587935,0,True,gaze_outside_screen,0.7516742373179737
1787908964736,1635,3229,205.47044207510191,28.693344988718568,211.6720531826893,36.006347998771346,-1,-1,off_screen,0.0,2896,11,0.6,0.00013946800880353452,43.901332899498584,39.48910089686269,0.13859999307896942,0.2761999930953607,10.81059999705758,0.13279999257065356,11.231600001337938,0,True,gaze_outside_screen,0.7516742373179737
1787908964752,1636,3230,204.4827157470974,37.85967616998367,209.5152519520117,36.562346450135045,-1,-1,off_screen,0.0,2912,11,0.6,0.0001426337103594133,45.75593061612585,39.49379373983307,0.10819999442901462,0.3245999978389591,10.375300000305288,0.11300000187475234,10.82229999883566,0,True,gaze_outside_screen,0.7516742373179737
1787908964784,1637,3231,203.3629451321284,80.66114266017972,207.6695599060467,49.791985313148444,-1,-1,off_screen,0.0,2944,11,0.6,0.00014310547683802494,44.282796252882136,39.489717850353834,0.1438000035705045,0.4622999986167997,11.711500003002584,0.16330000653397292,12.35429999360349,0,True,gaze_outside_screen,0.7516742373179737
1787908964817,1638,3232,189.89764701891085,100.51974935058273,202.3379860399059,65.01031452437873,-1,-1,off_screen,0.0,2976,11,0.6,0.00016566385931438346,42.9150072250686,39.48680962977834,0.16229999891947955,0.2882999979192391,10.58470000862144,0.145800004247576,11.030700014089234,0,True,gaze_outside_screen,0.7516742373179737
1787908964832,1639,3233,191.92098705723106,113.09520396275384,199.2128863451034,79.43578135589127,-1,-1,off_screen,0.0,2992,11,0.6,0.00017494344565185255,45.269570369360096,39.49166548066793,0.13919999764766544,0.2899000101024285,10.804000005009584,0.13669999316334724,11.241900007007644,0,True,gaze_outside_screen,0.7516742373179737
1787908964864,1640,3234,194.5835798818564,128.2298776838321,197.8240944061293,94.0740102542735,0,0,sidebar,0.09249780193530288,0,4,0.6,0.00019246900808575496,43.86259211600728,39.48820299825923,0.1680999994277954,0.3834999952232465,11.109300001407973,0.18350000027567148,11.692799991578795,0,True,on_screen,0.7516742373179737
1787908964880,1641,3235,197.32477184136576,133.29222607808651,197.6742976367002,105.8394750014174,0,0,sidebar,0.10533867834000776,16,4,0.6,0.00019548720945925316,45.67515389230571,39.49246578058797,0.13779998698737472,0.298099999781698,11.557500009075738,0.17270000535063446,12.041600013617426,0,True,on_screen,0.7516742373179737
1787908964912,1642,3236,201.57764140240602,150.10924783979678,198.84530076641192,119.12040685293121,0,0,sidebar,0.12154864480023497,47,4,0.6,0.00020123469109460668,44.24646897388397,39.48955214265493,0.14420000661630183,0.2938999969046563,11.089100007666275,0.15389999316539615,11.549699993338436,0,True,on_screen,0.7516742373179737
1787908964928,1643,3237,193.92500073875445,156.74407165482236,197.36921075811466,130.40750629349856,0,0,sidebar,0.13079697790343847,63,4,0.6,0.00020281816182728465,46.09487555111806,39.49451129940121,0.14279999595601112,0.2697000018088147,10.218700001132675,0.1407000090694055,10.638899999321438,0,True,on_screen,0.7516742373179737
1787908964960,1644,3238,200.74488993234925,174.5968319753938,198.38191451038503,143.6643039980671,0,0,sidebar,0.14572583845702236,95,4,0.6,0.00021645412020005958,44.58973439160352,39.49108446813655,0.15839999832678586,0.2800000074785203,10.427100001834333,0.14139999984763563,10.86020001093857,0,True,on_screen,0.7516742373179737
1787908964992,1645,3239,204.3696003166441,224.4807193015454,200.17822025226275,167.9092285891106,0,0,sidebar,0.17149901908356668,128,4,0.6,0.00022697295684186158,43.27063611083302,39.48793032147367,0.1657999964663759,0.27800000680144876,10.45410000369884,0.1416000013705343,10.88539999909699,0,True,on_screen,0.7516742373179737
1787908965008,1646,3240,197.94174497176576,238.4543967225731,199.50727766811363,189.07277902914933,0,0,sidebar,0.18836240443997443,143,4,0.6,0.00022863196353837406,45.13951291806906,39.492403696484885,0.1289999927394092,0.28079999901819974,10.358899991842918,0.1272999943466857,10.775899994769134,0,True,on_screen,0.7516742373179737
1787908965040,1647,3241,194.9771028513218,258.28378561412615,198.14822522307608,209.83608100464238,0,0,sidebar,0.20186663370948565,175,4,0.6,0.0002336872821623679,43.76099674667095,39.48889622741533,0.14139999984763563,0.3077000001212582,11.013199997250922,0.1584999990882352,11.492999998154119,0,True,on_screen,0.7516742373179737
1787908965056,1648,3242,197.9619053640244,271.9914472155189,198.09232926536055,228.48269086790532,0,0,sidebar,0.21454404681268868,191,4,0.6,0.00022938807369101387,45.5310652398169,39.493613569006286,0.1328000071225688,0.2707000094233081,10.322500005713664,0.13660000695381314,10.739899997133762,0,True,on_screen,0.7516742373179737
1787908965088,1649,3243,182.32346152129986,391.5869431991443,193.36166894214233,277.413966567277,0,0,sidebar,0.23160108197937868,223,4,0.6,0.00026896324967063713,44.14945080774184,39.49056470130182,0.13339999713934958,0.27400000544730574,10.453299997607246,0.13179999950807542,10.869399993680418,0,True,on_screen,0.7516742373179737
1787908965120,1650,3244,190.12051520559413,476.27434778301546,192.38932282117787,337.07208093199847,0,0,sidebar,0.24564416114799348,255,4,0.6,0.000258775289839943,42.84029834076894,39.48708410344761,0.1545999984955415,0.27460001001600176,10.78820000111591,0.15910000365693122,11.234799996600486,0,True,on_screen,0.7516742373179737
1787908965136,1651,3245,133.42802152646212,454.03954039160914,174.70093243276315,372.1623187698816,0,0,sidebar,0.21190467071586794,271,4,0.6,0.00020961328384969807,44.73582160326073,39.49167662287779,0.14429999282583594,0.33290000283159316,10.345099988626316,0.13169999874662608,10.820299998158589,0,True,on_screen,0.7516742373179737
1787908965168,1652,3246,190.79007682184596,505.56587607886996,179.52767574948797,412.1833859625781,0,0,sidebar,0.2150288805299857,303,4,0.6,0.0003242422015580504,43.4145264264131,39.488627913233806,0.13180001405999064,0.27579999004956335,10.27500000782311,0.2023999986704439,10.765599989099428,0,True,on_screen,0.7516742373179737
1787908965184,1653,3247,154.33517180298142,487.04098194876883,171.969924565536,434.64066475843526,0,0,sidebar,0.19348529391676506,319,4,0.6,0.00024293974913994903,45.23287125059872,39.492305985377854,0.1275000104214996,0.27180000324733555,11.755499988794327,0.15789999451953918,12.196399999083951,0,True,on_screen,0.7516742373179737
1787908965216,1654,3248,190.4825967063469,486.14987994607424,177.52372620777925,450.0934293147269,0,0,sidebar,0.19806416212214417,351,4,0.6,0.0001991831532498229,43.852874144312366,39.48972299108098,0.1331000094069168,0.30780000088270754,10.625700000673532,0.13639999087899923,11.083399993367493,0,True,on_screen,0.7516742373179737
1787908965232,1655,3249,187.72440455619466,432.6992953883018,180.58392971230387,444.87518913679935,0,0,sidebar,0.20613493706149377,368,4,0.6,0.00021299980763477694,45.644048235607784,39.494291269161934,0.15380000695586205,0.30429998878389597,10.237000009510666,0.14659999578725547,10.69929999357555,0,True,on_screen,0.7516742373179737
1787908965264,1656,3250,249.366528157464,428.7494286425688,201.2187092458519,440.03746098853014,0,0,sidebar,0.24773065424812157,399,4,0.6,0.00019875688261451405,44.213909085017946,39.49059393895988,0.1478000049246475,0.3037999995285645,11.314100003801286,0.18790000467561185,11.81870000436902,0,True,on_screen,0.7516742373179737
1787908965296,1657,3251,287.03267545539694,781.6376933490128,226.96289910871542,542.517530696675,0,0,sidebar,0.22683444787928497,431,4,0.6,0.0001276131884036663,42.90690978084502,39.48759665377397,0.11919999087695032,0.2830000012181699,10.83360001211986,0.15190000704023987,11.280700011411682,0,True,on_screen,0.7516742373179737
1787908965312,1658,3252,279.1279036047304,548.6278142126368,242.61240045751993,544.3506157514635,0,0,sidebar,0.25218618010426586,447,4,0.6,0.0002597606188194622,44.88219704799921,39.491943482016325,0.10329998622182757,0.26470000739209354,11.174100000062026,0.13349999790079892,11.581200000364333,0,True,on_screen,0.7516742373179737
1787908965344,1659,3253,247.2023886970437,301.34631308789784,243.98939692937705,471.44932495239374,0,0,sidebar,0.31253824742356473,480,4,0.4,0.0003242621938786168,43.52125439143605,39.48902948753422,0.1066999975591898,0.2741999924182892,10.57109999237582,0.14930000179447234,11.004500003764406,0,True,on_screen,0.7516742373179737
1787908965360,1660,3254,246.54707263696707,268.5929657940228,244.75669964165405,410.5924172048824,0,0,sidebar,0.3422425755477727,495,4,0.4,0.0003260174327288472,45.44426872711859,39.493317581384694,0.11930000619031489,0.301199994282797,10.961099993437529,0.16929999401327223,11.445699987234548,0,True,on_screen,0.7516742373179737
1787908965392,1661,3255,225.45969716799857,353.2508644600936,238.9675988995574,393.3899513814457,0,0,sidebar,0.3351804376408103,527,4,0.4,0.00016639716497241983,44.023182580578414,39.49006353569225,0.12440000136848539,0.2699000033317134,11.11720000335481,0.14050000754650682,11.54020000831224,0,True,on_screen,0.7516742373179737
1787908965424,1662,3256,215.56193816905864,350.2197243618981,231.94590068040776,380.43888327558136,0,0,sidebar,0.32344524086820214,559,4,0.4,0.00018351489735294116,42.77856627329325,39.487208151663026,0.11919999087695032,0.2545999886933714,10.741200007032603,0.15040001017041504,11.15659999777563,0,True,on_screen,0.7516742373179737
1787908965440,1663,3257,195.5522822434548,364.47175055196163,221.02781514932184,375.64874345849546,0,0,sidebar,0.3025273813395042,575,4,0.4,0.00018590627060245668,44.575010491839215,39.49142221392435,0.11850000009872019,0.39539999852422625,10.640300009981729,0.17090000619646162,11.216999992029741,0,True,on_screen,0.7516742373179737
1787908965472,1664,3258,191.59500003845525,358.92236982677736,212.19797061606184,370.63083136898,0,0,sidebar,0.2855666885868944,607,4,0.4,0.00022352512822735454,43.27691736947833,39.48847722295798,0.12630000128410757,0.3071000101044774,10.579100009636022,0.14040000678505749,11.039999997592531,0,True,on_screen,0.7516742373179737
1787908965488,1665,3259,151.83340525713706,365.8851129260718,194.0886010083844,369.20711583610756,0,0,sidebar,0.25010574549373277,623,4,0.4,0.00022259218751101255,45.13857006122845,39.49294337446102,0.10239999392069876,0.3026000049430877,10.42369999049697,0.13810000382363796,10.873999999603257,0,True,on_screen,0.7516742373179737
1787908965520,1666,3260,168.04027477681672,610.0931896372031,186.27410313891409,441.47293797643624,0,0,sidebar,0.21844615402828427,655,4,0.4,0.00017138332489893826,43.75290968055246,39.48982092508672,0.11419999646022916,0.26889999571722,10.33629999437835,0.13840000610798597,10.754500006441958,0,True,on_screen,0.7516742373179737
1787908965537,1667,3261,185.11019841142308,790.7578998811721,185.92493172066676,546.258426547857,0,0,sidebar,0.15148666572430902,672,4,0.4,6.42520040528595e-05,45.27506217214473,39.49344742729402,0.12409999908413738,0.3578999894671142,10.980100007145666,0.18879999697674066,11.538200007635169,0,True,on_screen,0.7516742373179737
1787908965568,1668,3262,163.88935797970274,564.7555548488966,179.31425959837756,551.8075650381688,0,0,sidebar,0.13507267112034116,703,4,0.4,7.07857829821152e-05,43.97213498559526,39.491167756143895,0.12739999510813504,0.26139999681618065,10.204199992585927,0.13830000534653664,10.615000006509945,0,True,on_screen,0.7516742373179737
1787908965600,1669,3263,117.26591831826524,381.9721357575092,160.69975721434386,500.8569362539709,0,0,sidebar,0.1391692334584228,735,4,0.4,0.00018633230367441633,42.7204559288662,39.48758570752934,0.10760000441223383,0.25769999774638563,11.227099996176548,0.13580000086221844,11.641299992334098,0,True,on_screen,0.7516742373179737
1787908965616,1670,3264,121.71047416246984,341.86675556761594,149.00297229878163,453.1598820480644,0,0,sidebar,0.14210554453242008,751,4,0.4,0.00023178332247346216,44.620906929291515,39.49193055418197,0.11789999553002417,0.24530000519007444,11.254600001848303,0.1615999935893342,11.670800013234839,0,True,on_screen,0.7516742373179737
1787908965648,1671,3265,119.86607642626721,336.5445991385185,140.2619035370273,418.1752971752006,-1,-1,off_screen,0.0,0,12,0.6,0.00022667008945400843,43.274061623000144,39.48851017756177,0.1250000059371814,0.26359999901615083,11.634800001047552,0.14250000822357833,12.053400001605041,0,True,gaze_outside_screen,0.7516742373179737
1787908965664,1672,3266,128.92589402779933,310.78996537675357,136.86110068425893,385.9596976356665,-1,-1,off_screen,0.0,16,12,0.6,0.0002157338079261696,45.16130961608991,39.493742413013884,0.10630000906530768,0.23530000180471689,9.962999989511445,0.12240000069141388,10.32889999623876,0,True,gaze_outside_screen,0.7516742373179737
1787908965696,1673,3267,139.6919740810073,280.119516187579,137.71036270328344,354.2076432012402,-1,-1,off_screen,0.0,48,12,0.6,0.00019485826643318369,43.77991593295681,39.49011189476647,0.11149999045301229,0.25749999622348696,10.91420000011567,0.1714999962132424,11.35420000355225,0,True,gaze_outside_screen,0.7516742373179737
1787908965728,1674,3268,142.87555503732193,278.88273874303326,139.25992040349496,331.6101718637781,-1,-1,off_screen,0.0,79,12,0.6,0.00017143040892604947,42.52901558157343,39.487110667602614,0.12969999806955457,0.28220000967849046,10.551800005487166,0.14069999451749027,10.987800007569604,0,True,gaze_outside_screen,0.7516742373179737
1787908965744,1675,3269,152.7172613970134,267.4813832218117,143.29712270155048,312.3715352711882,-1,-1,off_screen,0.0,95,12,0.6,0.00013851484590728103,44.49997381011937,39.49137343504904,0.10099999781232327,0.2567999908933416,10.909500007983297,0.13000000035390258,11.30909999483265,0,True,gaze_outside_screen,0.7516742373179737
1787908965776,1676,3270,161.62219569741913,200.61383280517927,148.79464460031107,278.84422453138546,0,0,sidebar,0.14641594549934678,0,5,0.8,0.00011416906176435308,43.16865136733816,39.48845314941581,0.11329998960718513,0.27629999385681003,10.252199994283728,0.14960000407882035,10.690299997804686,0,True,on_screen,0.7516742373179737
1787908965792,1677,3271,168.312810950178,164.8128124514213,154.65009450527114,244.6348009073962,0,0,sidebar,0.14246573117889672,16,5,0.8,9.04281273164248e-05,45.00267995479387,39.49215422254666,0.1463999942643568,0.2840999950421974,11.554800003068522,0.14210000517778099,11.99280000582803,0,True,on_screen,0.7516742373179737
1787908965824,1678,3272,200.3073024921735,186.24500119584084,168.34725690134184,227.11786099392958,0,0,sidebar,0.15835416535605074,47,5,0.8,9.80256504898129e-05,43.66774021951658,39.48955749703423,0.11579999409150332,0.28480000037234277,10.721200000261888,0.1517999917268753,11.170099998707883,0,True,on_screen,0.7516742373179737
1787908965840,1679,3273,202.32629581335266,256.9893723753253,178.54096857494505,236.0793144083483,0,0,sidebar,0.1827627986246677,63,5,0.8,0.00010715050445760273,45.55835773942116,39.49412345301694,0.13380000018514693,0.3349999897181988,10.450400004629046,0.13350001245271415,10.945199988782406,0,True,on_screen,0.7516742373179737
1787908965872,1680,3274,191.90744921807394,355.733423855798,182.55091276788372,271.97554724258316,0,0,sidebar,0.2085829972515848,95,5,0.8,8.069706935880452e-05,44.11716577463896,39.49005014655401,0.12450000212993473,0.29179999546613544,12.179299999843352,0.1686000032350421,12.694699995336123,0,True,on_screen,0.7516742373179737
1787908965904,1681,3275,202.1875242503451,432.44355181785363,188.4418962126221,320.11594861516426,0,0,sidebar,0.23522143168201937,128,5,0.8,0.00010804158349708715,42.82410468311226,39.48675875387041,0.16999999934341758,0.2978000120492652,12.398999999277294,0.15419999544974416,12.865299999248236,0,True,on_screen,0.7516742373179737
1787908965920,1682,3276,212.86008423053866,446.18987810689424,195.76735261799706,357.9381274626832,0,0,sidebar,0.25360791496096013,144,5,0.8,7.027953359910188e-05,44.797637359249826,39.491748525834986,0.1083999959519133,0.2649999951245263,11.318899996695109,0.1297999988310039,11.722700000973418,0,True,on_screen,0.7516742373179737
1787908965952,1683,3277,220.18115858205294,500.08879152271135,203.09149440721382,400.58332668069164,0,0,sidebar,0.26367378711605294,175,5,0.8,8.812332360296632e-05,43.41094730304024,39.48811345245423,0.11260001338087022,0.30050000350456685,11.899500008439645,0.14259999443311244,12.352799996733665,0,True,on_screen,0.7516742373179737
1787908965968,1684,3278,211.41184665351508,467.95525019471984,205.58760008110417,420.7949037349001,0,0,sidebar,0.26316738841846465,191,5,0.8,9.492318048632403e-05,45.47735704541026,39.49319274884237,0.10879999899771065,0.25270000332966447,10.974599994369783,0.15690000145696104,11.393900000257418,0,True,on_screen,0.7516742373179737
1787908966000,1685,3279,210.8929908259265,476.8208373437324,207.17921730455086,437.60268381754975,0,0,sidebar,0.2601676755114639,223,5,0.8,8.763700989694416e-05,44.06026628466954,39.49016146946833,0.13080000644549727,0.2801999944495037,10.713700001360849,0.13870000839233398,11.145500000566244,0,True,on_screen,0.7516742373179737
1787908966032,1686,3280,185.06046085160824,523.5755052734089,200.54359036866805,463.3945302543075,0,0,sidebar,0.23555926837208618,256,5,0.8,3.895958901289215e-05,42.80018971747709,39.487172054631294,0.11839999933727086,0.25919999461621046,10.57280000532046,0.12840000272262841,10.969299997668713,0,True,on_screen,0.7516742373179737
1787908966048,1687,3281,178.87250841415715,437.8591997503619,194.04226578231476,455.7339311031238,0,0,sidebar,0.22704092560080202,272,5,0.8,4.0685703281242644e-05,44.7733364109295,39.49145496933095,0.10340000153519213,0.22699999681208283,10.878499990212731,0.17780000052880496,11.291000002529472,0,True,on_screen,0.7516742373179737
1787908966080,1688,3282,185.3319519467811,549.1925931544436,191.42917163165464,483.7715297185197,0,0,sidebar,0.20696913187274935,303,5,0.8,0.00035216307158171013,43.398384468931035,39.488068688469255,0.13439999020192772,0.2792000013869256,11.074099995312281,0.14060000830795616,11.506300012115389,0,True,on_screen,0.7516742373179737
1787908966096,1689,3283,188.80001276227821,592.2321219898839,190.6404239708417,516.3097073999289,0,0,sidebar,0.18369521214853501,319,5,0.8,0.00041262540414718774,45.36359699765763,39.49306271633091,0.1218999968841672,0.2502999996067956,10.071700002299622,0.1264000020455569,10.45709999743849,0,True,on_screen,0.7516742373179737
1787908966128,1690,3284,198.43229775416722,598.6733320756903,192.97798610583936,541.0187948026573,0,0,sidebar,0.16840550582016922,351,5,0.8,0.0004062606833797125,43.945221832514555,39.489453885601684,0.16429999959655106,0.2530000056140125,10.91729999461677,0.1264000020455569,11.305000007268973,0,True,on_screen,0.7516742373179737
1787908966144,1691,3285,202.40454925820245,596.4546744449544,195.80595505154827,557.6495586953464,0,0,sidebar,0.15887065572561432,368,5,0.8,0.0003233346250461587,45.84277792136439,39.493941394353484,0.0943000050028786,0.2440999960526824,10.881399997742847,0.1483999949414283,11.283100000582635,0,True,on_screen,0.7516742373179737
1787908966176,1692,3286,203.46115032348237,577.3519996917661,198.10251363312847,563.5602909942722,0,0,sidebar,0.15742786680696907,400,5,0.8,0.00019547759322477085,44.36475581827437,39.49030932145197,0.12519999290816486,0.2700000040931627,11.623499987763353,0.15730000450275838,12.062900001183152,0,True,on_screen,0.7516742373179737
1787908966208,1693,3287,204.21784651794428,547.1544822319839,199.9371134985732,558.6385483655857,0,0,sidebar,0.16515241959928217,431,5,0.8,0.00014838709341006423,43.05766137002573,39.48729309419546,0.13809998927172273,0.28049999673385173,11.343000005581416,0.1531000016257167,11.788300005719066,0,True,on_screen,0.7516742373179737
1787908966224,1694,3288,212.0698972490653,554.1696912207234,203.57694862372082,557.297891222127,0,0,sidebar,0.1726986071193788,447,5,0.8,0.0001105434300198195,45.00666448980194,39.49168726347128,0.16120000509545207,0.3161000058753416,11.351599998306483,0.17949999892152846,11.860099999466911,0,True,on_screen,0.7516742373179737
1787908966256,1695,3289,218.92172887012507,558.4854105314149,208.18038269764207,557.6541470149133,0,0,sidebar,0.18034193754540095,480,5,0.8,9.226885540615688e-05,43.61432961383559,39.48826687912051,0.13819999003317207,0.30500000866595656,11.72470000165049,0.1804999919841066,12.224000005517155,0,True,on_screen,0.7516742373179737
1787908966272,1696,3290,219.7321025287836,559.7318503122525,211.6458986469845,558.277458004115,0,0,sidebar,0.18574371863690864,496,5,0.8,9.024614207509343e-05,45.42768007076869,39.49278529953262,0.13010000111535192,0.32780000765342265,11.33059999847319,0.149500003317371,11.82090000656899,0,True,on_screen,0.7516742373179737
1787908966304,1697,3291,215.31119192364545,561.2391906294023,212.74548662998276,559.1659777917012,0,0,sidebar,0.18680189094645738,527,5,0.8,9.882468789315993e-05,44.039277231107974,39.49026200198095,0.14080000983085483,0.2891999902203679,10.312800004612654,0.14930000179447234,10.764399994513951,0,True,on_screen,0.7516742373179737
1787908966336,1698,3292,200.48063234615412,570.0908200644712,209.0660303448342,562.4434304735321,0,0,sidebar,0.1773728829895438,559,5,0.8,0.00010328931591898488,42.75889510815004,39.48672297923173,0.14439999358728528,0.28059999749530107,11.08100000419654,0.1691999932518229,11.543700005859137,0,True,on_screen,0.7516742373179737
1787908966352,1699,3293,198.62511166106876,559.8154879892004,205.93375473970454,561.6550477282326,0,0,sidebar,0.17272562822902748,575,5,0.8,0.00011011829385805527,44.7126036600364,39.49140779996322,0.17330000991933048,0.3093999985139817,10.461199999554083,0.1416000013705343,10.923299996647984,0,True,on_screen,0.7516742373179737
1787908966384,1700,3294,201.7235008534505,555.5999175851026,204.6706785738283,559.8385086852936,0,0,sidebar,0.17224343827401112,608,5,0.8,0.00011743469419520265,43.38483093073943,39.48815449350168,0.10299999848939478,0.28399999428074807,10.880699992412701,0.13169999874662608,11.305099993478507,0,True,on_screen,0.7516742373179737
1787908966400,1701,3295,207.3281964155197,545.5023333425703,205.46793392633572,555.5376560824766,0,0,sidebar,0.1775951553621128,624,5,0.8,0.00012056899428780632,45.24962937764482,39.49242612813621,0.11079999967478216,0.26780000189319253,11.073899993789382,0.1326000055996701,11.483300011605024,0,True,on_screen,0.7516742373179737
1787908966432,1702,3296,223.32272655436788,548.0907529004676,210.82437171474533,553.3035851278739,0,0,sidebar,0.18894030190852507,655,5,0.8,0.00012412599830455284,43.83976626231662,39.48905310672203,0.18319999799132347,0.32929998997133225,11.353499998222105,0.1357000001007691,11.831900003016926,0,True,on_screen,0.7516742373179737
1787908966448,1703,3297,228.71375152031945,545.5798734376341,216.19118565641753,550.9864716208019,0,0,sidebar,0.20037853427146302,671,5,0.8,0.00012779360003039794,45.63698520617113,39.49331530659167,0.1134999911300838,0.3189999988535419,11.494499995023943,0.1419000036548823,11.966500009293668,0,True,on_screen,0.7516742373179737
1787908966480,1704,3298,239.57684717779944,544.9661641302599,223.20688411283209,549.1803793736393,0,0,sidebar,0.21419780954400858,703,5,0.8,0.00013269421498878463,44.23649227780089,39.490859129388916,0.12139999307692051,0.26950000028591603,10.442599988891743,0.14620000729337335,10.867699995287694,0,True,on_screen,0.7516742373179737
1787908966512,1705,3299,242.87748831742812,550.9159070631133,229.10806537421087,549.7010376804815,0,0,sidebar,0.22389728657009533,736,5,0.8,0.0001250616577171057,42.934896611616296,39.48723643847026,0.14649999502580613,0.30390000029001385,11.34539999475237,0.16060000052675605,11.823799999547191,0,True,on_screen,0.7516742373179737
1787908966528,1706,3300,246.9408706329742,548.6491543984303,234.45790695183985,549.3854726958662,0,0,sidebar,0.23339510796291274,752,5,0.8,0.00012111393084557505,44.783686718728745,39.49180055440158,0.17529999604448676,0.28169999131932855,10.776700000860728,0.13979998766444623,11.209399992367253,0,True,on_screen,0.7516742373179737
1787908966560,1707,3301,255.6242453924888,569.6322525862165,240.80780848403452,555.4595066629712,0,0,sidebar,0.23833591364267426,783,5,0.8,0.0001398886510181989,43.46358845157054,39.48889228839637,0.1345000055152923,0.27940000290982425,10.605000003124587,0.13040000339969993,11.024299994460307,0,True,on_screen,0.7516742373179737
1787908966576,1708,3302,253.91187396107907,569.7784204685335,244.7390281271479,559.7551808046398,0,0,sidebar,0.24067232389989068,799,5,0.8,0.00013742464012722264,45.366565613817315,39.493365850703135,0.11320000339765102,0.2855000057024881,10.43210001080297,0.14790000568609685,10.874300001887605,0,True,on_screen,0.7516742373179737
1787908966608,1709,3303,226.52374051033843,485.8053729818058,239.27444184210503,537.5702384577896,0,0,sidebar,0.25274583624579183,832,5,0.8,0.00016355200861622662,43.918721682500696,39.49008220334532,0.12749999586958438,0.2967000036733225,10.32909999776166,0.1362999901175499,10.774399997899309,0,True,on_screen,0.7516742373179737
1787908966640,1710,3304,199.1663811808719,436.6924486665896,227.24202364373508,507.3069015204296,0,0,sidebar,0.2568405870301099,864,5,0.8,0.00017009577084381444,42.66757276054353,39.486768149516855,0.12199999764561653,0.3446000046096742,10.802900011185557,0.12040000001434237,11.27940000151284,0,True,on_screen,0.7516742373179737
1787908966656,1711,3305,179.4620061056131,533.6824694350375,212.90801838229845,515.2195718948119,0,0,sidebar,0.22486999591796852,879,5,0.8,0.00019443517644187475,44.71613961487991,39.49174730620741,0.13210000179242343,0.26369999977760017,9.826599998632446,0.11750000703614205,10.2171000035014,0,True,on_screen,0.7516742373179737
1787908966688,1712,3306,197.6522892925706,485.3992826258676,208.33129965538006,506.27348511412856,0,0,sidebar,0.22326277505084158,911,5,0.8,0.00018031953295089172,43.36765177843458,39.4881391646669,0.13939999917056412,0.2842999965650961,10.726399996201508,0.14569998893421143,11.168700002599508,0,True,on_screen,0.7516742373179737
1787908966705,1713,3307,204.94899682789008,714.9768005204422,207.31660880713306,568.8844797360226,0,0,sidebar,0.1682051265561798,928,5,0.8,0.0002600658637337619,45.08448516305418,39.4925706007726,0.1517999917268753,0.24960000882856548,10.196700008236803,0.12099999003112316,10.576500004390255,0,True,on_screen,0.7516742373179737
1787908966736,1714,3308,209.63880479976942,900.2282477345799,208.01326760492395,668.2876101355898,1,0,sidebar,0.14638391534467787,960,5,0.8,0.00018516205820381243,43.7572648546141,39.489452048026614,0.1171000039903447,0.2547999902162701,10.682499996619299,0.13179999950807542,11.078199997427873,0,True,on_screen,0.7516742373179737
1787908966768,1715,3309,316.81927918448923,1192.2052131558253,240.65507107879353,825.4628910416604,1,0,sidebar,0.3256671360200527,991,5,0.8,0.00018298261587061312,42.515529004199294,39.485867843821715,0.1286000042455271,0.35280000884085894,11.545000001206063,0.18689999706111848,12.099499988835305,0,True,on_screen,0.7516742373179737
1787908966784,1716,3310,396.8674317328193,1274.349574264347,287.51877927500124,960.1288960084664,1,0,sidebar,0.42155324440514985,1007,5,0.8,0.00017703635731426345,44.375548978963124,39.49070764738736,0.14820000797044486,0.28029999521095306,10.364599991589785,0.1336999994236976,10.78909999341704,0,True,on_screen,0.7516742373179737
1787908966816,1717,3311,422.4155953203847,1175.5716701369242,327.98782408861626,1024.7617282470037,1,0,sidebar,0.45503389466684663,1039,5,0.8,0.00019390948306832745,43.09451988365004,39.487906987700406,0.10109999857377261,0.23530000180471689,10.000499998568557,0.1269999920623377,10.377500002505258,0,True,on_screen,0.7516742373179737
1787908966832,1718,3312,463.213339766882,1548.4673699899797,368.555478792096,1181.8734207698965,2,0,terminal,0.349959482454392,0,7,1.0,0.00021043903304983347,45.01823833041053,39.49229021720647,0.09729999874252826,0.23540000256616622,9.977899986552075,0.12799999967683107,10.349499993026257,0,True,on_screen,0.7516742373179737
1787908966864,1719,3313,519.6587417637845,1771.028580092775,413.88645768360254,1358.61996856676,2,0,terminal,0.6439324862103523,32,7,0.8,0.00021420927078160887,43.635215880007834,39.48867122050521,0.19190000602975488,0.29630000062752515,10.801399999763817,0.18370000179857016,11.295399992377497,0,True,on_screen,0.7516742373179737
1787908966880,1720,3314,544.1120569974107,1833.8893950079525,452.954137477745,1501.2007964991176,2,0,terminal,0.7302389891504535,48,7,0.8,0.00021899418507833474,45.48735278178759,39.49294114324309,0.16269998741336167,0.28469999961089343,11.018100005458109,0.142700009746477,11.457200002041645,0,True,on_screen,0.7516742373179737
1787908966912,1721,3315,555.9701909185865,1889.5998942809476,483.8589535099974,1617.7205258336667,2,0,terminal,0.6070424784014499,79,7,0.8,0.00021163975978899345,44.06497551512181,39.489721608115886,0.14959998952690512,0.2741000062087551,11.147100012749434,0.20530000620055944,11.635500006377697,0,True,on_screen,0.7516742373179737
1787908966947,1722,3316,578.3058400275992,1861.0255706423522,512.1930194652779,1690.7120392762722,2,0,terminal,0.49217427429191063,115,7,0.8,0.00022963285819294424,42.524751950864314,39.484908650008556,0.13359999866224825,0.3113999991910532,11.816499987617135,0.16480000340379775,12.305800002650358,0,True,on_screen,0.7516742373179737
1787908966960,1723,3317,569.8102487048063,1828.043648868133,529.4781882371364,1731.9115221538304,-1,-1,off_screen,0.0,0,13,1.0,0.0002256888519305278,45.79361856269111,39.49111894143843,0.1615999935893342,0.2818000066326931,10.704500004067086,0.12969999806955457,11.125600009108894,0,True,gaze_outside_screen,0.7516742373179737
1787908966992,1724,3318,544.1636514440064,1740.9597871589094,533.8838271991973,1734.626001655354,-1,-1,off_screen,0.0,32,13,1.0,0.00023750422081054642,44.3745432805026,39.48802920394882,0.11799999629147351,0.25889999233186245,10.992800001986325,0.1188000023830682,11.379100003978238,0,True,gaze_outside_screen,0.7516742373179737
1787908967008,1725,3319,533.6048059685103,1696.4496406357962,533.8001208299911,1723.1730933494864,-1,-1,off_screen,0.0,47,13,1.0,0.0002501659056274516,46.193032096901135,39.492676107014425,0.10370000381954014,0.2364999963901937,10.468099993886426,0.11589999485295266,10.828699989360757,0,True,gaze_outside_screen,0.7516742373179737
1787908967040,1726,3320,524.2686595448969,1642.5378253107901,530.9406824444628,1698.9825129378773,2,0,terminal,0.48399080778260684,0,8,1.2,0.00026322246899803184,44.67295686995596,39.489245997121735,0.1652000064495951,0.3212000010535121,10.711800001445226,0.1387999946018681,11.185800001840107,0,True,on_screen,0.7516742373179737
1787908967056,1727,3321,527.0491553965971,1637.0200822632496,529.7732243301031,1680.3937837354888,2,0,terminal,0.5194714524386469,16,8,1.2,0.0002660815830970373,46.53685879317377,39.493620010828764,0.1379000023007393,0.24330000451300293,10.986699999193661,0.16070000128820539,11.40010000381153,0,True,on_screen,0.7516742373179737
1787908967088,1728,3322,540.057156259931,1638.3445500699331,532.8584039090515,1667.7790136358221,2,0,terminal,0.5449300537007424,48,8,1.2,0.00030612753465485663,44.987027901022984,39.49045994473347,0.1331000094069168,0.3513000119710341,10.686500012525357,0.13679999392479658,11.233599987463094,0,True,on_screen,0.7516742373179737
1787908967120,1729,3323,539.5498494009962,1647.96822437837,534.8658375566349,1661.8357768585863,2,0,terminal,0.5571226336327121,79,8,1.2,0.00031242888499961527,43.63064716245262,39.48686825398984,0.15859999984968454,0.3232999879401177,11.896700001670979,0.1548000000184402,12.386500005959533,0,True,on_screen,0.7516742373179737
1787908967136,1730,3324,547.9424865486901,1653.6219736491962,538.7888322542515,1659.371635895769,2,0,terminal,0.5632313115314137,95,8,1.2,0.0003196362359533175,45.418135685210416,39.49178473692361,0.11930000619031489,0.39089999336283654,10.429899994051084,0.14029999147169292,10.972899995977059,0,True,on_screen,0.7516742373179737
1787908967168,1731,3325,541.2705032487497,1640.109181609668,539.5333335526009,1653.5928996099385,2,0,terminal,0.5746591412474971,128,8,1.2,0.000348743635823396,44.010725326011375,39.48819864721044,0.11470000026747584,0.32380000629927963,11.541200001374818,0.15970000822562724,12.036599990096875,0,True,on_screen,0.7516742373179737
1787908967184,1732,3326,550.4124115771697,1637.486316647721,542.7970569599715,1648.760924721273,2,0,terminal,0.5850601783972716,144,8,1.2,0.0003332170638038843,45.91398828454665,39.49289972105322,0.12770001194439828,0.2542000001994893,11.07649999903515,0.13250000483822078,11.472199999843724,0,True,on_screen,0.7516742373179737
1787908967217,1733,3327,547.4116010235821,1615.355879056444,544.1814201790546,1638.7394110218243,2,0,terminal,0.6049144416323488,177,8,1.2,0.0003503473987002195,44.369976321978704,39.4888296694134,0.15400000847876072,0.28079999901819974,12.186699997982942,0.182400006451644,12.661399989156052,0,True,on_screen,0.7516742373179737
1787908967248,1734,3328,562.4566174350776,1604.7522565280522,549.6639793558614,1628.5432646736924,2,0,terminal,0.6263042097767496,207,8,1.2,0.0003489333001152062,43.15058543460492,39.48670051501335,0.12270000297576189,0.2707000094233081,11.039800010621548,0.12930000957567245,11.450100006186403,0,True,on_screen,0.7516742373179737
1787908967264,1735,3329,555.395976261863,1592.7449902925514,551.3835784276619,1617.80378235935,2,0,terminal,0.6476493819615432,223,8,1.2,0.00034590378191353896,45.11997351227894,39.49165960883447,0.10469999688211828,0.2325000095879659,9.913900008541532,0.12209999840706587,10.276100001647137,0,True,on_screen,0.7516742373179737
1787908967296,1736,3330,564.3937602115038,1599.9385679648071,555.2866329628145,1612.444218040987,2,0,terminal,0.6590658743815414,256,8,1.2,0.0003431171769031488,43.73187303587505,39.48707986067152,0.11199999426025897,0.24680000205989927,12.924399998155423,0.1852000132203102,13.366300001507625,0,True,on_screen,0.7516742373179737
1787908967312,1737,3331,559.3085977056941,1587.954205854438,556.4932223856783,1605.0972143850222,2,0,terminal,0.6736666672889937,272,8,1.2,0.0003571381247243679,45.40090878633584,39.49183392458264,0.12509999214671552,0.3004000027431175,11.539999992237426,0.1340000017080456,11.985899996943772,0,True,on_screen,0.7516742373179737
1787908967344,1738,3332,560.7372071460079,1569.3464794592037,557.7664178137773,1594.3719939072766,2,0,terminal,0.6948676557113997,304,8,1.2,0.0003355545249983747,44.024543890360256,39.489315871080656,0.13880000915378332,0.2906000008806586,10.642100009135902,0.1357999863103032,11.079199990490451,0,True,on_screen,0.7516742373179737
1787908967376,1739,3333,553.6668677481239,1540.9942332380153,556.5365527940812,1578.3586657064982,2,0,terminal,0.7257334824861071,335,8,1.2,0.000335649286029532,42.75291087328971,39.48623487165402,0.12469998910091817,0.2693999995244667,10.638100007781759,0.1297999988310039,11.047700012568384,0,True,on_screen,0.7516742373179737
1787908967392,1740,3334,551.4436778343369,1533.437926350234,555.0086903061579,1564.882443899619,2,0,terminal,0.7514219483686755,351,8,1.2,0.0003356231762255413,44.648173901629555,39.49006837158333,0.17069999012164772,0.3146999952150509,11.459700006525964,0.18200000340584666,11.970800012932159,0,True,on_screen,0.7516742373179737
1787908967424,1741,3335,538.8070112820052,1532.964156606107,550.148186598912,1555.3069577115652,2,0,terminal,0.7680382779978967,384,8,1.2,0.000334619973494989,43.30533209666839,39.48723152780809,0.13500000932253897,0.31779998971614987,10.863999996217899,0.13519999629352242,11.329499990097247,0,True,on_screen,0.7516742373179737
1787908967440,1742,3336,538.6173459014483,1532.4728440346566,546.6889343896729,1548.4567236084927,2,0,terminal,0.7794661214383084,400,8,1.2,0.0003345002106597099,45.294034009712426,39.492064057889834,0.11139998969156295,0.2466000005370006,10.115999990375713,0.12149999383836985,10.491499997442588,0,True,on_screen,0.7516742373179737
1787908967472,1743,3337,532.9561710023394,1520.5778476424518,542.5691053734728,1540.0930608186804,2,0,terminal,0.7928520518561483,431,8,1.2,0.00034293455576629717,43.89733510347739,39.488773953956844,0.12070000229869038,0.2945000014733523,10.485899998457171,0.14280001050792634,10.932100005447865,0,True,on_screen,0.7516742373179737
1787908967488,1744,3338,519.9402994305126,1520.4215662431855,535.7804635905848,1534.1916124460317,2,0,terminal,0.798955512444322,447,8,1.2,0.00035078620049569867,45.654412014452355,39.492683798719504,0.15339998935814947,0.31069999386090785,11.13199999963399,0.16239999968092889,11.618300006375648,0,True,on_screen,0.7516742373179737
1787908967520,1745,3339,495.34763181104114,1517.263192320767,523.6506140567217,1529.1130864084523,2,0,terminal,0.7971245949760782,480,8,1.2,0.00033659556440603783,44.23340736149916,39.49013497872652,0.1145999995060265,0.2452000044286251,10.206100007053465,0.13339999713934958,10.59420000819955,0,True,on_screen,0.7516742373179737
1787908967552,1746,3340,480.7906107556027,1481.0728601655317,510.7926130663859,1514.7010185355762,2,0,terminal,0.8053575361691616,512,8,1.2,0.0003604253306117647,42.949685474929915,39.48701436016282,0.11239999730605632,0.24139999004546553,10.36519999615848,0.1345000055152923,10.750000001280569,0,True,on_screen,0.7516742373179737
1787908967568,1747,3341,484.7226964159942,1526.708913762524,502.9716380712684,1518.3033871036605,2,0,terminal,0.789820685148006,528,8,1.2,0.0003556003105005222,44.824699961084434,39.49052368798405,0.14289999671746045,0.2775999892037362,11.899600009201095,0.15900000289548188,12.348599993856624,0,True,on_screen,0.7516742373179737
1787908967600,1748,3342,462.70716866123877,1505.7076463598191,490.8922972482595,1514.524664880508,2,0,terminal,0.7779404227533158,559,8,1.2,0.0003884028508129144,43.47653493322402,39.487397760650595,0.13780000153928995,0.3100000030826777,11.98619999922812,0.1551000023027882,12.465500010875985,0,True,on_screen,0.7516742373179737
1787908967616,1749,3343,463.8869980612359,1514.3489046726875,482.79070749215236,1514.4719368181618,2,0,terminal,0.7658062223730275,575,8,1.2,0.00038383280956412816,45.245837640753535,39.491892234786945,0.12270000297576189,0.3034999972442165,11.333699992974289,0.15829999756533653,11.807200004113838,0,True,on_screen,0.7516742373179737
1787908967649,1750,3344,456.09732552808566,1490.0098035693777,474.78269290293235,1507.1332968435265,2,0,terminal,0.761584723006976,608,8,1.2,0.0003895720294254338,43.77998456430835,39.487771244208,0.13840000610798597,0.2982000005431473,12.810599990189075,0.15039999561849982,13.272399999550544,0,True,on_screen,0.7516742373179737
1787908967664,1751,3345,464.4133593956997,1498.092369724735,471.6718928507625,1504.4210187078888,2,0,terminal,0.7593119108065536,624,8,1.2,0.0003855194102901603,45.962503601771914,39.49286248330196,0.18780000391416252,0.3099000023212284,11.949399995501153,0.1627000019652769,12.43350000004284,0,True,on_screen,0.7516742373179737
1787908967696,1752,3346,482.8215473949347,1534.2294120335566,475.0167892140141,1513.363536705589,2,0,terminal,0.7549851437488846,656,8,1.2,0.00035838550093705845,44.483994750450904,39.489877691008864,0.22619999072048813,0.34980000054929405,11.561200008145534,0.15780000831000507,12.083800000254996,0,True,on_screen,0.7516742373179737
1787908967728,1753,3347,473.5729795091618,1529.3150361154183,474.5836463025584,1518.1489865285378,2,0,terminal,0.7486757618585675,687,8,1.2,0.0003494901722303108,43.19793059568963,39.487418014984655,0.11839999933727086,0.30080000578891486,10.615300008794293,0.13619998935610056,11.063899990404025,0,True,on_screen,0.7516742373179737
1787908967744,1754,3348,479.72403309141384,1539.0306859999039,476.12576233921504,1524.4134963699476,2,0,terminal,0.7433060321702476,703,8,1.2,0.00035218910283920865,45.094723391531325,39.491784518639484,0.1365999924018979,0.25520000781398267,10.502399993129075,0.1610999897820875,10.927900002570823,0,True,on_screen,0.7516742373179737
1787908967776,1755,3349,482.61021275442477,1552.6600788236567,478.07109746377796,1532.8874711060603,2,0,terminal,0.7350503193851358,736,8,1.2,0.0003363459506161865,43.70126330348536,39.48858050504925,0.15980000898707658,0.30249998962972313,10.551600003964268,0.1686000032350421,11.03799999691546,0,True,on_screen,0.7516742373179737
1787908967792,1756,3350,480.1204545874137,1552.865616039947,478.68590460086864,1538.8809145862263,2,0,terminal,0.7276683954602725,752,8,1.2,0.0003416166624969387,45.4881658392488,39.49297182719963,0.21359999664127827,0.31629999284632504,10.22690000536386,0.13130001025274396,10.687300004065037,0,True,on_screen,0.7516742373179737
1787908967824,1757,3351,486.8234709809378,1567.4497207630336,481.12717451488936,1547.4515564392682,2,0,terminal,0.7186271619529523,783,8,1.2,0.00034300248300250975,44.07766749278936,39.489850059714286,0.1520000078016892,0.2632999967318028,10.441000005812384,0.1373000122839585,10.851699989871122,0,True,on_screen,0.7516742373179737
1787908967856,1758,3352,481.255681182625,1569.4863715480524,481.16572651521,1554.0620009719032,2,0,terminal,0.708821776504801,815,8,1.2,0.00033889910026349036,42.80996323200655,39.485529187300166,0.17059998936019838,0.29519999225158244,13.151100007235073,0.15750000602565706,13.61680000263732,0,True,on_screen,0.7516742373179737
1787908967872,1759,3353,480.8956239838814,1568.9495916654157,481.0846957558114,1558.528278179957,2,0,terminal,0.7019282561325312,832,8,1.2,0.0003388348630655822,44.81950153975801,39.49129064871106,0.10059999476652592,0.2677000011317432,10.245600002235733,0.13329999637790024,10.656700003892183,0,True,on_screen,0.7516742373179737
1787908967904,1760,3354,468.21140123970247,1569.7273442193116,477.2227074009787,1561.887997991763,2,0,terminal,0.6920365773016626,864,8,1.2,0.000332258859721872,43.42536255979519,39.48779000682875,0.1475000026402995,0.31519999902229756,10.639599990099669,0.15379999240394682,11.122600000817329,0,True,on_screen,0.7516742373179737
1787908967920,1761,3355,470.47916127481153,1566.4185367183406,475.1996435631285,1563.2471596097362,2,0,terminal,0.6874603386111178,880,8,1.2,0.0003300563498090936,45.35698180253746,39.491629468400994,0.10720000136643648,0.28390000807121396,11.778999993111938,0.17380001372657716,12.248300001374446,0,True,on_screen,0.7516742373179737
1787908967952,1762,3356,482.2695117667571,1569.2540449205012,477.3206040242171,1565.0492252029655,2,0,terminal,0.6873102252284051,911,8,1.2,0.0003285755438814618,43.97632553700185,39.489134015274075,0.13760000001639128,0.2803999959724024,10.796800008392893,0.15439999697264284,11.245000001508743,0,True,on_screen,0.7516742373179737
1787908967984,1763,3357,486.97369320830376,1568.7287707060023,480.2165307794431,1566.1530888538764,2,0,terminal,0.6890764912569391,944,8,1.2,0.0003266166076855738,42.70889694794753,39.48570366169466,0.1382999907946214,0.2986999897984788,11.53800000611227,0.15940000594127923,12.006800010567531,0,True,on_screen,0.7516742373179737
1787908968000,1764,3358,491.3608652262204,1567.3997274249434,483.5598311134762,1566.5270804251963,2,0,terminal,0.6924080963630277,960,8,1.2,0.0003268702103943807,44.57949484344977,39.489768158150184,0.14279999595601112,0.3004000027431175,11.8223999888869,0.16399999731220305,12.296700006118044,0,True,on_screen,0.7516742373179737
1787908968032,1765,3359,491.3944917285984,1561.023454318678,485.91022929801284,1564.8759925932409,2,0,terminal,0.6977414008641867,992,8,1.2,0.0003214089860953222,43.24540319777254,39.487243553689815,0.18050000653602183,0.3507999936118722,10.53650000540074,0.1444000081392005,11.046200001146644,0,True,on_screen,0.7516742373179737
1787908968048,1766,3360,497.6821540015013,1563.6858239594462,489.4418067090594,1564.5189420031024,2,0,terminal,0.7023200757918546,1008,8,1.2,0.00032116153090272145,45.28741049045769,39.49173869027241,0.1007999962894246,0.25460000324528664,10.583700001006946,0.13259999104775488,10.978299993439578,0,True,on_screen,0.7516742373179737
1787908968080,1767,3361,503.3451198921646,1560.0605000204337,493.6128006639909,1563.1814094083018,2,0,terminal,0.709102251163089,1039,8,1.2,0.0003192447724716524,43.87685814792189,39.48843859233866,0.12870000500697643,0.295300007564947,10.900599998421967,0.13729999773204327,11.342799989506602,0,True,on_screen,0.7516742373179737
1787908968096,1768,3362,501.53593937822814,1551.1186591258936,495.98974227826204,1559.5625843235791,2,0,terminal,0.7176008446193667,1055,8,1.2,0.000319548783454136,45.677865589649166,39.49264436460113,0.10910000128205866,0.26920001255348325,11.008800007402897,0.15279999934136868,11.441099995863624,0,True,on_screen,0.7516742373179737
1787908968128,1769,3363,489.62543600868554,1548.2961837471905,494.0804503973891,1556.1826641506623,2,0,terminal,0.7209474109279282,1088,8,1.2,0.0003199333590587546,44.24077298031363,39.48920809143195,0.11340000492054969,0.2894000062951818,11.779100008425303,0.14960000407882035,12.230499996803701,0,True,on_screen,0.7516742373179737
1787908968161,1770,3364,500.9028363114576,1549.4834950956658,496.1271661716096,1554.172913434163,2,0,terminal,0.7264848931867087,1121,8,1.2,0.0003183016520557948,42.90057409150529,39.48615650390941,0.17010000010486692,0.2899999963119626,11.219299994991161,0.1897999900393188,11.710999999195337,0,True,on_screen,0.7516742373179737
1787908968176,1771,3365,503.04140047249166,1550.6009174407286,498.2014364618742,1553.1013146361327,2,0,terminal,0.7305340958288014,1136,8,1.2,0.00031963303918064456,45.02007461629228,39.490014104975536,0.12149999383836985,0.26359999901615083,12.681499996688217,0.1548000000184402,13.109499996062368,0,True,on_screen,0.7516742373179737
1787908968208,1772,3366,509.22463186438335,1555.666459664038,501.5083950826269,1553.8708581445042,2,0,terminal,0.7328963651922428,1167,8,1.2,0.00032115392558893993,43.66069533385958,39.487163988782584,0.13150001177564263,0.40609999268781394,12.173199997050688,0.17080000543501228,12.764299986883998,0,True,on_screen,0.7516742373179737
1787908968224,1773,3367,511.16468672825914,1554.238304248438,504.40528257631655,1553.9810919756842,2,0,terminal,0.7357832862421669,1184,8,1.2,0.0003212030478956414,45.372212270767406,39.49207380121556,0.10390000534243882,0.2860000095097348,10.611000005155802,0.1272999943466857,11.034099996322766,0,True,on_screen,0.7516742373179737
1787908968256,1774,3368,512.9906245036852,1537.9055213308181,506.98088515452713,1549.1584207822243,2,0,terminal,0.7464878184341339,1216,8,1.2,0.00030411920413987367,43.9968664149697,39.48881383439893,0.12390001211315393,0.27609999233391136,11.32619999407325,0.15389999316539615,11.769299992010929,0,True,on_screen,0.7516742373179737
1787908968288,1775,3369,521.8983437276195,1538.9844563504907,511.45612272645485,1546.106231452704,2,0,terminal,0.756209935536662,1248,8,1.2,0.00030993821827666156,42.72741313314904,39.485622240668164,0.1463999942643568,0.3293000045232475,11.533900003996678,0.16670000331941992,12.042700007441454,0,True,on_screen,0.7516742373179737
1787908968304,1776,3370,522.4069348425177,1534.903638003223,514.7413663612737,1542.7454534178596,2,0,terminal,0.7651883457427949,1263,8,1.2,0.0002965946307672152,44.552790551587336,39.4899494071175,0.1252999936696142,0.30679999326821417,11.148000005050562,0.15040001017041504,11.617700001806952,0,True,on_screen,0.7516742373179737
1787908968336,1777,3371,532.395433445809,1537.2269796814112,520.0375864866343,1541.089911296925,2,0,terminal,0.7731872234876596,1296,8,1.2,0.00029842252754717045,43.24020881045552,39.48672546778095,0.15809999604243785,0.3597000031732023,11.564100001123734,0.15249999705702066,12.090200005332008,0,True,on_screen,0.7516742373179737
1787908968352,1778,3372,531.1184273188827,1536.4864531274525,523.3618387363088,1539.708873846083,2,0,terminal,0.7786757327239906,1312,8,1.2,0.0002984827060455615,45.27003359220487,39.49084611380839,0.13660000695381314,0.27550000231713057,12.246099999174476,0.23360000341199338,12.766300002112985,0,True,on_screen,0.7516742373179737
1787908968384,1779,3373,521.7683971376215,1530.5287917336602,522.8838062567025,1536.9548492123558,2,0,terminal,0.7829924784942676,1344,8,1.2,0.00029681821031608477,43.867415120072664,39.48846508862087,0.17749999824445695,0.31550000130664557,10.765099999844097,0.13679999392479658,11.232300006668083,0,True,on_screen,0.7516742373179737
1787908968400,1780,3374,521.3159181723665,1527.181284836352,522.4134398314018,1534.0227798995547,2,0,terminal,0.7875664492567503,1360,8,1.2,0.0002955939452812979,45.67911036304035,39.49282134280969,0.14269999519456178,0.28250001196283847,10.54090000980068,0.1644999865675345,10.998500001733191,0,True,on_screen,0.7516742373179737
1787908968432,1781,3375,516.4312551357057,1520.9243946309457,520.6187844226929,1530.093264318972,2,0,terminal,0.7924095381322516,1391,8,1.2,0.0002944808992458546,44.2092559157369,39.48886955139619,0.1750999945215881,0.31439999293070287,12.076800005161203,0.18560000171419233,12.593300009029917,0,True,on_screen,0.7516742373179737
1787908968464,1782,3376,510.94659827590834,1517.199502070642,517.7171285786576,1526.2251356444729,2,0,terminal,0.7957044583098638,1424,8,1.2,0.0002940997701133298,42.935240687763276,39.48638136228122,0.14289999671746045,0.30270000570453703,11.043599995900877,0.1478000049246475,11.526800008141436,0,True,on_screen,0.7516742373179737
1787908968480,1783,3377,509.12704424100195,1515.7459420176529,515.1401032773608,1523.0813775564268,2,0,terminal,0.7978395925450935,1440,8,1.2,0.0002936698425502343,44.83781060099215,39.49078022307858,0.1436000020476058,0.27999999292660505,10.753800001111813,0.14229999214876443,11.186400006408803,0,True,on_screen,0.7516742373179737
1787908968512,1784,3378,515.993657549236,1514.0711506678244,515.3961695589234,1520.378309489846,2,0,terminal,0.80239819545163,1472,8,1.2,0.0002868553523091115,43.50088048689345,39.487583492916215,0.16799999866634607,0.29009999707341194,11.206999988644384,0.14649999502580613,11.655800000880845,0,True,on_screen,0.7516742373179737
1787908968528,1785,3379,518.4263555290676,1520.2759375716903,516.3052253499666,1520.347597914399,2,0,terminal,0.8035157169908242,1488,8,1.2,0.00028924921131319274,45.445682872640006,39.49187682598034,0.14760000340174884,0.2808999997796491,11.32480001251679,0.17420000222045928,11.791400000220165,0,True,on_screen,0.7516742373179737
1787908968560,1786,3380,519.2778396339947,1520.876309086784,517.197009635175,1520.5062112661146,2,0,terminal,0.8043033038092406,1519,8,1.2,0.0002919854175052212,43.9836146171522,39.4887364320209,0.1424999936716631,0.302100001135841,11.01429999107495,0.14859999646432698,11.478300002636388,0,True,on_screen,0.7516742373179737
1787908968592,1787,3381,525.2727474488012,1519.8266040984936,519.6197309792628,1520.3023291158283,2,0,terminal,0.8073978163072991,1552,8,1.2,0.00029081352284207607,42.71314645679851,39.48530262206676,0.14409999130293727,0.2894999925047159,11.829399998532608,0.14619999274145812,12.277600006200373,0,True,on_screen,0.7516742373179737
1787908968608,1788,3382,526.6012086307951,1519.8835852977638,521.7141742747225,1520.176705970409,2,0,terminal,0.8099347231136294,1568,8,1.2,0.0002937491781164082,44.86303719979676,39.49025414798513,0.1281000004382804,0.26899999647866935,10.860599999432452,0.15049999637994915,11.290299997199327,0,True,on_screen,0.7516742373179737
1787908968640,1789,3383,526.9045188461573,1519.733266797771,523.271277646153,1520.0436742186175,2,0,terminal,0.8118495013814397,1600,8,1.2,0.00029036912066592035,43.494455546607746,39.486825204429785,0.15259999781847,0.2914000069722533,11.509400006616488,0.1638000103412196,11.977399990428239,0,True,on_screen,0.7516742373179737
1787908968656,1790,3384,526.5575948154576,1518.7700857292593,524.2571727969444,1519.66159767181,2,0,terminal,0.8135365557394876,1615,8,1.2,0.0002909850207716679,45.35514866454998,39.491477855783415,0.1255999959539622,0.2699999895412475,10.6794000021182,0.14239999291021377,11.102999997092411,0,True,on_screen,0.7516742373179737
1787908968688,1791,3385,526.9922089272044,1519.2908429660533,525.0776836360224,1519.550371260083,2,0,terminal,0.8145928933608156,1648,8,1.2,0.0002892283832884833,43.955413039395296,39.48825038017156,0.1385000068694353,0.2747999969869852,11.12239999929443,0.1328999933321029,11.540499996044673,0,True,on_screen,0.7516742373179737
1787908968704,1792,3386,526.9490783567181,1516.7817357351414,525.639102052231,1518.7197806026004,2,0,terminal,0.8165602029591912,1664,8,1.2,0.0002895370315672795,45.810184252187895,39.492548142229424,0.11019999510608613,0.2606000052765012,11.108599996077828,0.15579999308101833,11.534100005519576,0,True,on_screen,0.7516742373179737
1787908968736,1793,3387,526.6147518186536,1506.6751915762152,525.9317969821577,1515.1064038946847,2,0,terminal,0.8228132129165834,1696,8,1.2,0.0002901963225806735,44.328201717274,39.48943805894443,0.1858999894466251,0.4239000118104741,10.750500005087815,0.15259999781847,11.34160000947304,0,True,on_screen,0.7516742373179737
1787908968768,1794,3388,576.9607112572672,1508.2271088079983,541.2404712646905,1513.0426153686788,2,0,terminal,0.8412131325186908,1727,8,1.2,0.00028955517020213227,43.047430060778986,39.48620369932963,0.12490000517573208,0.26670000806916505,11.562800005776808,0.12789999891538173,11.966999998549,0,True,on_screen,0.7516742373179737
1787908968784,1795,3389,1029.895988294251,1543.508296522839,687.8371263735587,1522.1823197149267,2,0,terminal,0.727569313648393,1743,8,1.2,0.00027820999468909646,44.92529661342797,39.49031264585669,0.1900999923236668,0.3985999937867746,11.610900008236058,0.1657999964663759,12.187800006358884,0,True,on_screen,0.7516742373179737
1787908968816,1796,3390,1526.048861784616,1531.6682998054252,939.3006469968759,1525.0281137420764,2,0,terminal,0.26758439140962986,1776,8,1.2,0.0002788332762553858,43.5529599044704,39.487504285269985,0.18540000019129366,0.3195999888703227,11.094800007413141,0.13880000915378332,11.566200002562255,0,True,on_screen,0.7516742373179737
1787908968832,1797,3391,1669.54224495302,1503.3907380605556,1158.373126383719,1518.53690103762,2,1,terminal,0.42608455077197915,1792,8,1.2,0.0002884191721859979,45.56157797359921,39.49197688637449,0.11650001397356391,0.26309999520890415,11.057800002163276,0.12319999223109335,11.451499987742864,0,True,on_screen,0.7516742373179737
1787908968864,1798,3392,1741.9540667682163,1475.0055845572888,1333.4474084990682,1505.4775060935206,2,1,terminal,0.7545064179215824,1824,8,1.2,0.00029020895737121716,44.13989215897826,39.48917262651437,0.10790000669658184,0.2573999954620376,10.545800003455952,0.15530000382568687,10.969299997668713,0,True,on_screen,0.7516742373179737
1787908968896,1799,3393,1770.126081676988,1403.6757944168614,1464.4510104524438,1474.9369925905228,2,1,terminal,0.9162930794303454,1855,8,1.2,0.0002887203384279134,42.84572598780331,39.48617135160831,0.12179999612271786,0.2784000098472461,10.342800000216812,0.13660000695381314,10.770200009574182,0,True,on_screen,0.7516742373179737
1787908968912,1800,3394,1768.5980718669562,1385.45240148799,1555.6951288767973,1448.0916152597629,2,1,terminal,0.7723404394879088,1871,8,1.2,0.0002857564068262843,44.78822996313393,39.49041719241859,0.10689999908208847,0.24850000045262277,10.396600002422929,0.14290001126937568,10.795200010761619,0,True,on_screen,0.7516742373179737
1787908968944,1801,3395,1768.2694792369227,1334.1928428098067,1619.4674339848348,1413.921983524776,2,1,terminal,0.6440130473514506,1904,8,1.2,0.00029668095387898503,43.419604370851154,39.48707010079131,0.11959999392274767,0.31040000612847507,10.798399991472252,0.13519999629352242,11.25270000193268,0,True,on_screen,0.7516742373179737
1787908968960,1802,3396,1762.0169396008534,1316.067330880264,1662.2322856696403,1384.5655877314223,2,1,terminal,0.550400257221966,1920,8,1.2,0.00029521651535569134,45.264001775481816,39.49075416613355,0.16120000509545207,0.3563000063877553,11.868900008266792,0.15140000323299319,12.39000000350643,0,True,on_screen,0.7516742373179737
1787908968992,1803,3397,1765.2243441468527,1277.576929896734,1693.129903212804,1352.4689903810158,2,1,terminal,0.4742477943015011,1952,8,1.2,0.0003106165736479864,43.87421687718665,39.48834336245721,0.13139999646227807,0.27999999292660505,10.640599997714162,0.14940000255592167,11.082400000304915,0,True,on_screen,0.7516742373179737
1787908969008,1804,3398,1761.2182705337218,1269.629584932002,1713.5564134090791,1327.6171687463116,2,1,terminal,0.4194716254266956,1967,8,1.2,0.0003105512314312119,45.79928887500868,39.49278778072433,0.12379999679978937,0.2614000113680959,10.490699991350994,0.12060000153724104,10.880600006203167,0,True,on_screen,0.7516742373179737
1787908969040,1805,3399,1756.0460357537743,1247.9405839973845,1726.3033001124875,1303.7141933216335,2,1,terminal,0.37757357514584666,2000,8,1.2,0.00030775054787483824,44.3357509578709,39.48938677710869,0.14619999274145812,0.294400000711903,11.099099996499717,0.12290000449866056,11.525699999765493,0,True,on_screen,0.7516742373179737
1787908969072,1806,3400,1763.246569770344,1231.0055245635774,1737.3862810098444,1281.9015926942166,2,1,terminal,0.33887695093870296,2032,8,1.2,0.0003066020399573738,43.02078271693353,39.48586821391031,0.19780000729952008,0.34749999758787453,11.921299999812618,0.1733999961288646,12.45579999522306,0,True,on_screen,0.7516742373179737
1787908969088,1807,3401,1762.2944736689508,1223.1403826682053,1744.8587388075762,1264.273229686413,2,1,terminal,0.30927616630349897,2048,8,1.2,0.00030484916002346263,44.84777031749014,39.49074380972826,0.22619999072048813,0.4437000025063753,10.253899992676452,0.12310000602155924,10.83140000991989,0,True,on_screen,0.7516742373179737
1787908969120,1808,3402,1760.785228770257,1210.536787995396,1749.6366857963803,1248.152297179108,2,1,terminal,0.2849858231135489,2079,8,1.2,0.0003080174964339849,43.54598338607417,39.48788095227847,0.10390000534243882,0.2578000130597502,10.576600005151704,0.13819999003317207,10.98249999631662,0,True,on_screen,0.7516742373179737
1787908969136,1809,3403,1754.952608035891,1201.4068043068448,1751.2314624682335,1234.1286493174289,2,1,terminal,0.26750312455876046,2095,8,1.2,0.0003101748078863549,45.38072947059016,39.49148613228068,0.10230000771116465,0.27720000070985407,11.812600001576357,0.182400006451644,12.282799987588078,0,True,on_screen,0.7516742373179737
1787908969168,1810,3404,1743.5535043265984,1190.6896923817026,1748.928075025743,1221.096962236711,2,1,terminal,0.25677928802091043,2128,8,1.2,0.00030797874516544366,43.92846673510362,39.488411939325516,0.2158999996026978,0.35370000114198774,11.389899998903275,0.14859999646432698,11.908700005733408,0,True,on_screen,0.7516742373179737
1787908969184,1811,3405,1734.239575563447,1188.8251574559392,1744.521525187054,1211.4154208024795,2,1,terminal,0.252568015120493,2144,8,1.2,0.0003099608909072661,45.7713558139304,39.49271625685659,0.1100999943446368,0.27910000062547624,11.359900003299117,0.14810000720899552,11.797800005297177,0,True,on_screen,0.7516742373179737
1787908969216,1812,3406,1723.6783283082916,1190.128648109685,1738.2685661234252,1205.029388994641,2,1,terminal,0.25465609010515244,2176,8,1.2,0.00030865324263620354,44.3689846650476,39.4898359342021,0.14340000052470714,0.2831999881891534,11.466600000858307,0.14869999722577631,11.911199995665811,0,True,on_screen,0.7516742373179737
1787908969248,1813,3407,1721.881801305724,1198.8142863373691,1733.3525366781148,1203.1648581974594,2,1,terminal,0.2599186372960195,2207,8,1.2,0.0003050376476337671,43.03606643262201,39.48673956069002,0.16650000179652125,0.33799999800976366,11.282599996775389,0.14829999417997897,11.7826000059722,0,True,on_screen,0.7516742373179737
1787908969264,1814,3408,1719.5008614914016,1198.024877499521,1729.1970341221006,1201.6228639880778,2,1,terminal,0.26432604835923434,2223,8,1.2,0.00030595436712050825,45.09285235329753,39.49126014495525,0.10999999358318746,0.2544999879319221,11.083600009442307,0.15949999215081334,11.505600006785244,0,True,on_screen,0.7516742373179737
1787908969296,1815,3409,1716.5276991525227,1191.8373934323677,1725.396233631227,1198.6872228213647,2,1,terminal,0.26636033071461007,2256,8,1.2,0.000308314453030421,43.665877123883206,39.48831694530936,0.11510000331327319,0.2652000111993402,10.39800001308322,0.1449999981559813,10.818299997481517,0,True,on_screen,0.7516742373179737
1787908969312,1816,3410,1715.8501558285902,1189.4600453607868,1722.532410290436,1195.9190695831912,2,1,terminal,0.2671033736158184,2272,8,1.2,0.0003089417544812588,45.64028266419486,39.492005965617494,0.13349999790079892,0.27799999224953353,11.835500001325272,0.18200000340584666,12.30550000036601,0,True,on_screen,0.7516742373179737
1787908969344,1817,3411,1707.2906896232275,1182.151165254723,1717.9598940902733,1191.7886982846508,2,1,terminal,0.2684966500266236,2304,8,1.2,0.000312763539419645,44.195911983984686,39.48961944095935,0.17349999689031392,0.27639999461825937,10.356699989642948,0.1472000003559515,10.792100001708604,0,True,on_screen,0.7516742373179737
1787908969376,1818,3412,1703.2710327397617,1176.2689636434682,1713.5532356851197,1187.132777892296,2,1,terminal,0.2687530868833431,2335,8,1.2,0.0003094572072154956,42.925351829214875,39.48667379614827,0.15779999375808984,0.269199998001568,10.387200003606267,0.13749999925494194,10.804899997310713,0,True,on_screen,0.7516742373179737
1787908969392,1819,3413,1700.0876678519162,1171.5251717664214,1709.5135653351585,1182.4504960545335,2,1,terminal,0.268236597040277,2351,8,1.2,0.0003093414156586736,44.82005484794274,39.490933792798096,0.13099999341648072,0.301499996567145,10.179500008234754,0.15400000847876072,10.643700006767176,0,True,on_screen,0.7516742373179737
1787908969424,1820,3414,1693.5505611163787,1162.7049072516115,1704.7246640695244,1176.526819413657,2,1,terminal,0.2668479002184121,2384,8,1.2,0.00030677510510966274,43.4801936879979,39.48737316351211,0.11229999654460698,0.28079999901819974,11.469200006104074,0.1736000122036785,11.935999995330349,0,True,on_screen,0.7516742373179737
1787908969440,1821,3415,1692.662112894758,1160.107448596213,1701.1058987170945,1171.6010081684237,2,1,terminal,0.26496603944365626,2400,8,1.2,0.00030729069835246786,45.229103299214465,39.49179862716687,0.19839999731630087,0.40720000106375664,10.624100003042258,0.12440000136848539,11.168200013344176,0,True,on_screen,0.7516742373179737
1787908969472,1822,3416,1686.9547573183122,1155.718025006763,1696.8605562974597,1166.8361132199254,1,1,main_file,0.2729658241088073,0,3,1.4,0.00030983978368553586,43.862569322987234,39.488930561478476,0.10959999053739011,0.32580000697635114,10.62159999855794,0.1323000033153221,11.089500010712072,0,True,on_screen,0.7516742373179737
1787908969488,1823,3417,1682.9328228919062,1154.2490871668988,1692.6822362757935,1163.0600054040174,1,1,main_file,0.2839936948970232,16,3,1.4,0.00030687810534037185,45.67424971406794,39.49277080149778,0.12430000060703605,0.27060000866185874,11.40480001049582,0.1779000012902543,11.8646000046283,0,True,on_screen,0.7516742373179737
1787908969520,1824,3418,1668.1604467790771,1149.0584833915295,1685.3256994267786,1158.859548800271,1,1,main_file,0.2999278804534613,48,3,1.4,0.0003063255793766262,44.24611833851722,39.49030968745851,0.142400007462129,0.28110000130254775,10.28519999817945,0.14679999731015414,10.725200001616031,0,True,on_screen,0.7516742373179737
1787908969552,1825,3419,1651.0536303287226,1141.6487355985782,1675.0440786973618,1153.6963048397633,1,1,main_file,0.3211239224932122,80,3,1.4,0.0003045601652339313,42.93896614922305,39.48723409251676,0.15400000847876072,0.26679999427869916,10.29940000444185,0.13710001076105982,10.713900002883747,0,True,on_screen,0.7516742373179737
1787908969568,1826,3420,1632.7403583195044,1129.8341376687474,1662.3529625840044,1146.5376546884586,1,1,main_file,0.34830453173384246,96,3,1.4,0.00030400344803848886,44.98136191498004,39.4908641494282,0.1162000116892159,0.24560000747442245,11.890199995832518,0.15040001017041504,12.294999993173406,0,True,on_screen,0.7516742373179737
1787908969600,1827,3421,1607.942408803204,1095.698053345125,1646.0297964497643,1131.2857742854585,1,1,main_file,0.3919850865055565,128,3,1.4,0.00031139251466258747,43.597636726949574,39.488086010441606,0.14599999121855944,0.3006000042660162,11.150699996505864,0.13939999917056412,11.60310000705067,0,True,on_screen,0.7516742373179737
1787908969616,1828,3422,1598.2492885234835,1086.2743326817558,1631.69564407188,1117.7823418043477,1,1,main_file,0.4304834759072569,144,3,1.4,0.0003131729522113831,45.4773050140775,39.49266157391466,0.10060000931844115,0.235399988014251,10.501400000066496,0.11609999637585133,10.859899994102307,0,True,on_screen,0.7516742373179737
1787908969648,1829,3423,1581.6821111721617,1065.9206183470071,1616.6915842019644,1102.2238247671455,1,1,main_file,0.47286456932815657,176,3,1.4,0.0003127542882816591,44.05834859605212,39.48949353299069,0.10400000610388815,0.23330000112764537,10.754099988844246,0.17670000670477748,11.173199993208982,0,True,on_screen,0.7516742373179737
1787908969680,1830,3424,1575.1136569713435,1059.2307522477781,1604.218206032778,1089.3259030113352,1,1,main_file,0.5080372051980853,208,3,1.4,0.0003104174615109201,42.77577642191601,39.486100624460335,0.1365000061923638,0.2889000024879351,11.488200005260296,0.13929999840911478,11.929000000236556,0,True,on_screen,0.7516742373179737
1787908969696,1831,3425,1571.8642389851154,1055.1061349765955,1594.5120159184792,1079.0599726009132,1,1,main_file,0.5357428125513308,224,3,1.4,0.00031326311541113663,44.72830138972456,39.490938397743044,0.1323000033153221,0.23920000239741057,10.20299999800045,0.12679999053943902,10.577199995168485,0,True,on_screen,0.7516742373179737
1787908969728,1832,3426,1564.4723401972678,1057.727483678554,1585.5001132021157,1072.6602259242054,1,1,main_file,0.5567803820739645,256,3,1.4,0.0003164839817763297,43.38234737727929,39.487738136392,0.18179998733103275,0.2840999950421974,10.522199998376891,0.1340000017080456,10.94980000925716,0,True,on_screen,0.7516742373179737
1787908969744,1833,3427,1562.6874779318705,1059.8674944802988,1578.656322621042,1068.8224064910335,1,1,main_file,0.5711638409016575,272,3,1.4,0.0003159019357473758,45.31614314203334,39.49168965957115,0.11970000923611224,0.32079999800771475,11.12969999667257,0.1866000093286857,11.646599989035167,0,True,on_screen,0.7516742373179737
1787908969776,1834,3428,1550.8352088853446,1058.8521986692865,1570.3099885003326,1065.8313441445093,1,1,main_file,0.5860030141703608,304,3,1.4,0.0003150861828318703,43.90079354915488,39.487998155149825,0.17179999849759042,0.2775000029942021,12.57290001376532,0.1314999972237274,12.993199998163618,0,True,on_screen,0.7516742373179737
1787908969792,1835,3429,1549.4150286909899,1058.1447640368347,1564.0415005575296,1063.525370112207,1,1,main_file,0.5971061100253785,320,3,1.4,0.0003131695992667008,45.792752587039345,39.493325807037365,0.12740000966005027,0.2604999899631366,10.275799999362789,0.14000000373926014,10.68469999881927,0,True,on_screen,0.7516742373179737
1787908969824,1836,3430,1544.708702046195,1059.797860758893,1558.2416610041291,1062.4071173062125,1,1,main_file,0.6056593511204575,351,3,1.4,0.00030694896076349787,44.355463692224745,39.49018484523325,0.1272000081371516,0.2420999953756109,10.71570000203792,0.11950000771321356,11.086300000897609,0,True,on_screen,0.7516742373179737
1787908969856,1837,3431,1540.967574559906,1062.876811729115,1553.059435070862,1062.5480256330832,1,1,main_file,0.6113326409473571,384,3,1.4,0.00030078537809379025,42.995307436848016,39.48639094918257,0.1714999962132424,0.34840000444091856,11.688799990224652,0.18969998927786946,12.240700001711957,0,True,on_screen,0.7516742373179737
1787908969872,1838,3432,1540.1348916884092,1071.9406762677834,1549.182072056126,1065.3658208234933,1,1,main_file,0.6110240295509837,400,3,1.2,0.000294022462833058,44.882593824752355,39.49100917388385,0.11239999730605632,0.32020000799093395,10.714100004406646,0.19379999139346182,11.2381000071764,0,True,on_screen,0.7516742373179737
1787908969904,1839,3433,1541.404683337059,1083.2202195284633,1546.8488554404057,1070.7221404349843,1,1,main_file,0.6046563114468202,432,3,1.2,0.0002810815627470927,43.5380691352674,39.48786954674493,0.1429999974789098,0.28900000324938446,11.239899991778657,0.12399999832268804,11.662799995974638,0,True,on_screen,0.7516742373179737
1787908969921,1840,3434,1544.6890194637735,1086.6069343001593,1546.2009046474159,1075.487578594537,1,1,main_file,0.5973563686258936,449,3,1.2,0.0002763942182187548,45.25365971613616,39.49216366622377,0.1041999930748716,0.25349999486934394,10.644099995261058,0.14869999722577631,11.055000009946525,0,True,on_screen,0.7516742373179737
1787908969952,1841,3435,1552.8702581766372,1090.5635443042743,1548.2017107061822,1080.010368307458,1,1,main_file,0.5877255921900928,480,3,1.2,0.00027589020520569704,43.919633723800786,39.48923294851468,0.1632999919820577,0.3217999910702929,10.993999996571802,0.16900000628083944,11.49720000103116,0,True,on_screen,0.7516742373179737
1787908969984,1842,3436,1549.4958620621467,1096.4726214008292,1548.5899561129713,1084.9490442354693,1,1,main_file,0.5790016737773297,512,3,1.2,0.00027041870884498935,42.67550196761417,39.4864479913289,0.11229999654460698,0.3158000035909936,10.72369999019429,0.1387999946018681,11.189400000148453,0,True,on_screen,0.7516742373179737
1787908970000,1843,3437,1549.4259080683219,1095.9656856632275,1548.8407416995765,1088.2540366637968,1,1,main_file,0.5731482976633409,528,3,1.2,0.0002687365551104076,44.50647958532285,39.49031308651994,0.11399999493733048,0.27439999394118786,11.190000004717149,0.12419999984558672,11.597799995797686,0,True,on_screen,0.7516742373179737
1787908970032,1844,3438,1548.4166322531219,1094.1212317627426,1548.7135088656398,1090.0141951934804,1,1,main_file,0.5702777277437849,560,3,1.2,0.0002689381748743197,43.21683745925596,39.48723230822323,0.152900000102818,0.29710000671911985,11.59639999968931,0.1720000000204891,12.0774000097299,0,True,on_screen,0.7516742373179737
1787908970048,1845,3439,1544.632861597301,1094.1307047132445,1547.489314685138,1091.2491480494095,1,1,main_file,0.5693543921508615,576,3,1.2,0.00026765052147589494,45.11905223700034,39.491684669808684,0.13670000771526247,0.29909999284427613,11.079500007326715,0.12850000348407775,11.516099999425933,0,True,on_screen,0.7516742373179737
1787908970080,1846,3440,1541.7695387511003,1093.245788723364,1545.7733819049265,1091.8481402515959,1,1,main_file,0.5699653689493798,608,3,1.2,0.0002653195653320624,43.74684472311435,39.48889980744328,0.12789999891538173,0.26649999199435115,10.727100001531653,0.1275000104214996,11.130500002764165,0,True,on_screen,0.7516742373179737
1787908970096,1847,3441,1540.0446664147773,1088.7109427567236,1544.0547672578818,1090.9069810031342,1,1,main_file,0.5732070649939354,624,3,1.2,0.00026049225127074485,45.44107889071758,39.49295421881773,0.14319999900180846,0.2584999892860651,10.61209999897983,0.1512000017100945,11.031100002583116,0,True,on_screen,0.7516742373179737
1787908970128,1848,3442,1551.2582600735177,1089.3961741423416,1546.2158151025726,1090.4537389448963,1,1,main_file,0.5719379676635914,656,3,1.2,0.00026156513771380743,44.05402496598212,39.48962914915065,0.13419998867902905,0.3269000008003786,11.52689999435097,0.14789999113418162,12.015500004054047,0,True,on_screen,0.7516742373179737
1787908970160,1849,3443,1550.6236510923407,1090.0520209046838,1547.538165899503,1090.3332235328326,1,1,main_file,0.5708736593264443,688,3,1.2,0.00026120542656104737,42.78784708008069,39.48699324133085,0.178700007381849,0.2921999985119328,10.861999995540828,0.13819999003317207,11.303699997370131,0,True,on_screen,0.7516742373179737
1787908970176,1850,3444,1554.8050041519145,1088.9225973500409,1549.7182173752262,1089.910035677995,1,1,main_file,0.5694719809090389,704,3,1.2,0.00026184097176126797,44.75675853802503,39.49129682739771,0.1210999907925725,0.25499999173916876,10.716400007368065,0.13810000382363796,11.117800007923506,0,True,on_screen,0.7516742373179737
1787908970208,1851,3445,1556.6328820985516,1090.0908771244258,1551.7926167922237,1089.9642881119241,1,1,main_file,0.5673288280281988,736,3,1.2,0.00026090334596763284,43.376300880847275,39.48743412359927,0.2094000083161518,0.4186000005574897,12.042599992128089,0.18819999240804464,12.66540000506211,0,True,on_screen,0.7516742373179737
1787908970224,1852,3446,1557.260208960716,1088.616372263167,1553.4328944427714,1089.5599133572969,1,1,main_file,0.5663682541451478,752,3,1.2,0.0002590399104917332,45.24033656312586,39.49223492697823,0.16489998961333185,0.3003000019816682,10.818900002050214,0.12620000052265823,11.256500001763925,0,True,on_screen,0.7516742373179737
1787908970256,1853,3447,1560.016902472014,1088.2983445385162,1555.408096851544,1089.1814427116626,1,1,main_file,0.5649990336635793,784,3,1.2,0.00025896407801296976,43.865403365833174,39.48944973706275,0.11979999544564635,0.2677000011317432,10.560599999735132,0.13919999764766544,10.978899998008274,0,True,on_screen,0.7516742373179737
1787908970289,1854,3448,1564.9960910326085,1086.822240712337,1558.2844951058632,1088.473682111865,1,1,main_file,0.5632094113087835,817,3,1.2,0.0002586964036051381,42.497293566596255,39.4856212697899,0.15329998859670013,0.30220000189729035,11.145299999043345,0.17759999900590628,11.638300013146363,0,True,on_screen,0.7516742373179737
1787908970304,1855,3449,1568.2442242557208,1087.494437033948,1561.2724138508206,1088.1799085884898,1,1,main_file,0.5605484170372084,832,3,1.2,0.00025782933230200644,44.850359827985244,39.49024973482949,0.15160000475589186,0.301499996567145,11.088800005381927,0.1807999942684546,11.581099999602884,0,True,on_screen,0.7516742373179737
1787908970336,1856,3450,1568.5121747200183,1087.9766032579107,1563.4443421115798,1088.118916989316,1,1,main_file,0.5583244781887609,864,3,1.2,0.0002576430703166606,43.53170448269172,39.48769619814203,0.13590000162366778,0.27800000680144876,10.542199990595691,0.13949999993201345,10.972999996738508,0,True,on_screen,0.7516742373179737
1787908970352,1857,3451,1565.9723491877344,1086.9977948092055,1564.202744234426,1087.7825803352828,1,1,main_file,0.5580567887051561,880,3,1.2,0.00025711578412131696,45.42939352718882,39.49174208047577,0.11300000187475234,0.2491000050213188,10.934399993857369,0.15350000467151403,11.34470000397414,0,True,on_screen,0.7516742373179737
1787908970384,1858,3452,1562.1481004251768,1083.7291190999986,1563.5863510916513,1086.5665419646975,1,1,main_file,0.5607151132298847,912,3,1.2,0.00025393021189593426,43.9797670507304,39.488463650679755,0.1621999981580302,0.3007000050274655,11.123000003863126,0.1581999968038872,11.595699994359165,0,True,on_screen,0.7516742373179737
1787908970400,1859,3453,1558.4219329973685,1085.1037568761049,1562.0370256633662,1086.1277064381197,1,1,main_file,0.5631079385142522,928,3,1.2,0.0002508891081544201,45.85783593783725,39.492303552199914,0.1542999962111935,0.3212000010535121,12.005599986878224,0.14619999274145812,12.483700003940612,0,True,on_screen,0.7516742373179737
1787908970432,1860,3454,1550.1083695400216,1081.0537951913955,1558.4584288263627,1084.6055330641025,1,1,main_file,0.5694375548236161,960,3,1.2,0.00024710957156918664,44.41216413079153,39.48948004767478,0.11780000932049006,0.26369999977760017,11.805100002675317,0.13469999248627573,12.212399989948608,0,True,on_screen,0.7516742373179737
1787908970465,1861,3455,1553.6222847540942,1081.9650841518662,1557.007585604682,1083.8133983904315,1,1,main_file,0.5722814483044434,993,3,1.2,0.0002413404949805839,42.970959717677125,39.48590760871903,0.9067000064533204,0.34669999149627984,11.577500001294538,0.18230000569019467,12.118099999497645,0,True,on_screen,0.7516742373179737
1787908970480,1862,3456,1551.2436193162794,1085.242496702101,1555.278395718161,1084.2421278839324,1,1,main_file,0.5733813454738904,1008,3,1.2,0.00023788551368788755,45.31771984057675,39.49013811901288,0.175300010596402,0.3079000016441569,12.560099989059381,0.13749999925494194,13.015699994866736,0,True,on_screen,0.7516742373179737
1787908970512,1863,3457,1551.0406238263336,1088.1321956393085,1554.0070641506125,1085.4091482105453,1,1,main_file,0.572750058954081,1040,3,1.2,0.0002337271735759639,43.96043009928088,39.488109096603424,0.1382000045850873,0.29510000604204834,10.878999994019978,0.1500999933341518,11.335500006680377,0,True,on_screen,0.7516742373179737
1787908970528,1864,3458,1549.4294896004667,1088.28789198493,1552.6337917855685,1086.2727713428606,1,1,main_file,0.5727060797177912,1056,3,1.2,0.0002329520177153377,45.697475100153625,39.49196530826963,0.13549999857787043,0.2982000005431473,11.334599999827333,0.1548000000184402,11.803800007328391,0,True,on_screen,0.7516742373179737
1787908970560,1865,3459,1545.2549666618813,1088.7005281319161,1550.4201442484623,1087.0010983795771,1,1,main_file,0.5737077555877035,1088,3,1.2,0.0002305914439085146,44.25273735523149,39.48871834088167,0.25159999495372176,0.37009999505244195,11.787199997343123,0.15659999917261302,12.327300006290898,0,True,on_screen,0.7516742373179737
1787908970592,1866,3460,1542.1039314121695,1089.7236166383632,1547.9252803975744,1087.8178538572129,1,1,main_file,0.5747874925928791,1120,3,1.2,0.0002291780588227002,42.971386103634046,39.485912184866656,0.13380000018514693,0.2902999985963106,11.612499991315417,0.155699992319569,12.07060000160709,0,True,on_screen,0.7516742373179737
1787908970608,1867,3461,1539.31449839888,1091.3000835003634,1545.342045797966,1088.862522750158,1,1,main_file,0.5755013187548117,1136,3,1.2,0.0002269741494632018,44.82018902091367,39.49026964034723,0.14740000187885016,0.294400000711903,10.990700000547804,0.1554000045871362,11.453400002210401,0,True,on_screen,0.7516742373179737
1787908970640,1868,3462,1538.1852073627042,1090.0956447143694,1543.1949942673873,1089.2324593394212,1,1,main_file,0.5769008998363931,1168,3,1.2,0.00022574749891229526,43.485298363269806,39.48698166681681,0.15410000924021006,0.33070000063162297,11.806700000306591,0.14999999257270247,12.30089999444317,0,True,on_screen,0.7516742373179737
1787908970656,1869,3463,1538.6459197598322,1090.794731945215,1541.8302719151206,1089.7011411211593,1,1,main_file,0.5773665441404199,1184,3,1.0,0.00022471126256156174,45.31987504442589,39.49139980687818,0.12320000678300858,0.28190000739414245,11.192300007678568,0.15580000763293356,11.641099990811199,0,True,on_screen,0.7516742373179737
1787908970688,1870,3464,1534.2565518352685,1090.2274583213273,1539.558155891165,1089.8590362812097,1,1,main_file,0.5791831506154472,1216,3,1.0,0.00022345481809122637,43.91650500380173,39.48850890090734,0.13770000077784061,0.28339998971205205,10.993200005032122,0.13419998867902905,11.421499992138706,0,True,on_screen,0.7516742373179737
1787908970704,1871,3465,1534.2863071772488,1092.8295384535204,1537.97660127699,1090.7501869329028,1,1,main_file,0.5790606172107273,1232,3,1.0,0.00022266233332438046,45.69677964957816,39.49272552601093,0.1503000094089657,0.30420000257436186,10.72099999873899,0.13929999840911478,11.174200000823475,0,True,on_screen,0.7516742373179737
1787908970736,1872,3466,1533.9470081046243,1104.876864516339,1536.7677233252803,1094.9881902079337,1,1,main_file,0.5727039596511666,1264,3,1.0,0.0002182686272817931,44.27768044665523,39.48958501388835,0.15589999384246767,0.3198999911546707,11.224500005482696,0.17460000526625663,11.734800005797297,0,True,on_screen,0.7516742373179737
1787908970768,1873,3467,1532.291217955193,1107.3297676125771,1535.424771714254,1098.6906634293266,1,1,main_file,0.5673295099166726,1296,3,1.0,0.0002169100265975686,42.98010656841478,39.48687265695197,0.15559999155811965,0.2851000026566908,10.697899997467175,0.14810000720899552,11.14159999997355,0,True,on_screen,0.7516742373179737
1787908970784,1874,3468,1531.3501796239893,1106.8894553948232,1534.2023940871745,1101.1503010189756,1,1,main_file,0.5639953145426759,1312,3,0.8,0.00021671254211469773,44.85745130092728,39.49099685210192,0.15199999324977398,0.31550000130664557,10.630599994328804,0.14390000433195382,11.10099999641534,0,True,on_screen,0.7516742373179737
1787908970816,1875,3469,1527.480961728127,1105.7129605699902,1532.18596437946,1102.51909888428,1,1,main_file,0.5632152035892156,1344,3,0.8,0.00021691404812217673,43.53350156533549,39.48775505205352,0.1686999894445762,0.33969999640248716,11.486899995361455,0.16820000018924475,12.007199999061413,0,True,on_screen,0.7516742373179737
1787908970832,1876,3470,1523.83719359159,1103.8910249777678,1529.681333143099,1102.9306767123262,1,1,main_file,0.5644902040948274,1360,3,0.8,0.00021640026936836296,45.21632012749525,39.49185019206565,0.1593000051798299,0.3060000017285347,11.188500007847324,0.14710001414641738,11.652499990304932,0,True,on_screen,0.7516742373179737
1787908970864,1877,3471,1517.8624763321222,1104.227197776729,1526.1356760998058,1103.319633031647,1,1,main_file,0.5665538066393283,1392,3,0.8,0.00021679113017320992,43.8552044177321,39.48928448083197,0.1320000010309741,0.2806000120472163,10.61880000634119,0.13419998867902905,11.044200000469573,0,True,on_screen,0.7516742373179737
1787908970896,1878,3472,1515.1047001715644,1102.461823877127,1522.8263833213332,1103.062290285291,1,1,main_file,0.5695140717837621,1424,3,0.8,0.00021643191915259388,42.60723417608852,39.486126278863296,0.13760000001639128,0.2859000087482855,11.0564000060549,0.1745999907143414,11.528000002726912,0,True,on_screen,0.7516742373179737
1787908970912,1879,3473,1514.9451279672164,1102.9433838111165,1520.4620067150981,1103.0266183430385,1,1,main_file,0.5713104986294009,1440,3,0.8,0.00021736139124850506,44.464664546324606,39.490018644791384,0.14779999037273228,0.34180001239292324,11.350000000675209,0.13529999705497175,11.839099999633618,0,True,on_screen,0.7516742373179737
1787908970944,1880,3474,1512.1823871041597,1115.7920922997646,1517.9781208318166,1106.8562605300563,1,1,main_file,0.5660568371887236,1472,3,0.8,0.00022042991212848154,43.17183707515503,39.48758571798475,0.1297999988310039,0.2773000014713034,10.457299998961389,0.12820000119972974,10.872600003494881,0,True,on_screen,0.7516742373179737
1787908970960,1881,3475,1508.5138619225788,1124.1776546976557,1515.1388431590453,1112.052678780336,1,1,main_file,0.5583901238398319,1488,3,0.8,0.00022478087389346882,45.05439669775475,39.49168054393289,0.13610000314656645,0.29880000511184335,10.49849999253638,0.13580000086221844,10.942499997327104,0,True,on_screen,0.7516742373179737
1787908970992,1882,3476,1504.344796492993,1136.4964261993134,1511.9006291592295,1119.3858030060292,1,1,main_file,0.546816433447217,1520,3,0.8,0.0002276758398355415,43.6939078106144,39.48802525634217,0.15809999604243785,0.46470000233966857,11.99639998958446,0.14010000450070947,12.614900013431907,0,True,on_screen,0.7516742373179737
1787908971008,1883,3477,1504.033749588475,1138.1366534924168,1509.540565288003,1125.0110581519455,1,1,main_file,0.5376997397636061,1536,3,0.8,0.00022828869708781813,45.55939744156744,39.49275352894911,0.13270000636111945,0.2958999975817278,10.913399994024076,0.1390999968862161,11.358300005667843,0,True,on_screen,0.7516742373179737
1787908971040,1884,3478,1509.9541526990497,1139.8006679576122,1509.6646415113169,1129.4479410936456,1,1,main_file,0.5293009234354942,1568,3,0.8,0.00023501145349161603,44.110417910141145,39.48978484933347,0.14199998986441642,0.2700999903026968,10.6965000013588,0.1373999984934926,11.11420000961516,0,True,on_screen,0.7516742373179737
1787908971072,1885,3479,1508.2031774526617,1134.4427036908016,1509.2262022937202,1130.9463698727923,1,1,main_file,0.5267334956143054,1600,3,0.8,0.0002406710787570751,42.83523402646045,39.48616247047046,0.16830000095069408,0.397100011468865,12.062000008882023,0.1596000074641779,12.630199998966418,0,True,on_screen,0.7516742373179737
1787908971088,1886,3480,1511.5054001156534,1134.4505600654206,1509.9099616403,1131.9976269305807,1,1,main_file,0.5243709275200608,1616,3,0.8,0.00023562065063650883,44.6766470766469,39.49047057213419,0.12070000229869038,0.2686000079847872,11.573499999940395,0.16070000128820539,12.013899991870858,0,True,on_screen,0.7516742373179737
1787908971120,1887,3481,1530.8470315619306,1173.3798721636783,1516.1910826167891,1144.41230050051,1,1,main_file,0.4974577442319511,1648,3,0.8,0.0001593601059344911,43.373168840705034,39.488053505952685,0.14700001338496804,0.2829000004567206,10.686599998734891,0.14420000661630183,11.128300000564195,0,True,on_screen,0.7516742373179737
1787908971136,1888,3482,1532.1746479686574,1232.3986632145613,1520.9861522223496,1170.8082093147254,2,1,terminal,0.4481920791011256,0,9,1.0,8.130100543985233e-05,45.14712603900286,39.49144222715406,0.1379999885102734,0.27829999453388155,12.10180000634864,0.1334000116912648,12.522700009867549,0,True,on_screen,0.7516742373179737
1787908971168,1889,3483,1679.3229740897452,1258.750926775052,1568.4871987825682,1197.1910245528234,2,1,terminal,0.46075704240845716,32,9,1.0,7.460694844408332e-05,43.79121258560731,39.48876128595848,0.15690000145696104,0.33710000570863485,11.632400011876598,0.1900000061141327,12.174799994681962,0,True,on_screen,0.7516742373179737
1787908971200,1890,3484,1714.2076745986526,1296.5292094352878,1612.2033415273936,1226.9924800175627,2,1,terminal,0.4623276591919647,64,9,1.0,3.150443901787925e-05,42.5533571947346,39.4862775897497,0.12339999375399202,0.27720000070985407,10.78300000517629,0.1432999997632578,11.213700010557659,0,True,on_screen,0.7516742373179737
1787908971216,1891,3485,1675.9865842671716,1308.7394022012506,1631.3383143493268,1251.5165566726691,2,1,terminal,0.47278428660560035,80,9,1.0,2.277082237992986e-05,44.52878399556466,39.49045859018475,0.12329999299254268,0.25069998810067773,10.745799998403527,0.14089999604038894,11.145299999043345,0,True,on_screen,0.7516742373179737
1787908971248,1892,3486,1655.3374602366034,1387.6301307218048,1638.5380581155098,1292.3506288874098,2,1,terminal,0.51432054592995,111,9,1.0,-2.3151289748106485e-05,43.18819384392403,39.487209581385194,0.11879998783115298,0.2710999979171902,11.086800004704855,0.2294000005349517,11.600800004089251,0,True,on_screen,0.7516742373179737
1787908971264,1893,3487,1647.19322058546,1405.2511804463024,1641.1346068564947,1326.2207943550775,2,1,terminal,0.5463872303901592,128,9,1.0,-5.504939412713343e-05,44.93269982978406,39.490951107792434,0.1649999903747812,0.3163999936077744,11.593200004426762,0.14659999578725547,12.065900009474717,0,True,on_screen,0.7516742373179737
1787908971296,1894,3488,1640.871243633372,1393.3437261230647,1641.0555978895577,1346.3576738854736,2,1,terminal,0.5646289668099158,160,9,1.0,-4.069510257910525e-05,43.617230998740524,39.48859323699452,0.11910000466741621,0.2801999944495037,10.775400005513802,0.12870000500697643,11.193700003786944,0,True,on_screen,0.7516742373179737
1787908971312,1895,3489,1647.1780326753847,1382.892595111361,1642.8923283253057,1357.3181502532398,2,1,terminal,0.5699301211576788,176,9,1.0,-1.778359002683333e-05,45.52022999265727,39.49275751273771,0.11320000339765102,0.2505000011296943,10.833099993760698,0.14709999959450215,11.23859999643173,0,True,on_screen,0.7516742373179737
1787908971344,1896,3490,1650.548275429199,1337.0327812305723,1645.1891124564736,1351.2325395464395,2,1,terminal,0.5611470034305055,208,9,1.0,-5.120256681371421e-06,44.09038727493483,39.48956976986177,0.15589999384246767,0.3175000019837171,11.183800001163036,0.15069999790284783,11.66459999512881,0,True,on_screen,0.7516742373179737
1787908971376,1897,3491,1652.667415447258,1299.6179691988036,1647.4326033537088,1335.7481684421487,2,1,terminal,0.5442859247932796,240,9,1.0,5.371153710870963e-06,42.7923587239138,39.486672845813175,0.14969999028835446,0.2947999892057851,10.877599997911602,0.14429999282583594,11.329300003126264,0,True,on_screen,0.7516742373179737
1787908971392,1898,3492,1653.0446577445225,1295.5670150993083,1649.116219670953,1323.6938224392964,2,1,terminal,0.5302957707637781,256,9,1.0,-1.1777795953481218e-06,44.784838666189245,39.49117976204946,0.12319999223109335,0.2693999995244667,10.216599999694154,0.12180001067463309,10.61709999339655,0,True,on_screen,0.7516742373179737
1787908971425,1899,3493,1647.5004955408172,1198.837487649215,1648.631502431912,1286.236922002272,2,1,terminal,0.4912557442244613,289,9,1.0,-5.357493408428629e-05,43.36130106249634,39.48728126823258,0.15140000323299319,0.3166000096825883,11.445099997217767,0.16179999511223286,11.93799999600742,0,True,on_screen,0.7516742373179737
1787908971440,1900,3494,1648.6717618915434,1142.5095192325841,1648.6435802698013,1243.1187011713655,2,1,terminal,0.4368859666462491,304,9,1.0,-7.535488931492695e-05,45.607712743535394,39.492395894023545,0.1438999897800386,0.25770001229830086,10.205600003246218,0.13919999764766544,10.61130000744015,0,True,on_screen,0.7516742373179737
1787908971472,1901,3495,1646.5886203135524,1087.2377901974007,1648.0270922829266,1196.354427879176,2,1,terminal,0.37112222089345603,335,9,1.0,-0.00012353227919705348,44.12314518761868,39.489085355220794,0.2736000024015084,0.3375000087544322,10.360700005549006,0.13329999637790024,10.844100004760548,0,True,on_screen,0.7516742373179737
1787908971504,1902,3496,1645.1270852730645,1052.889266752496,1647.1570901799678,1153.3148795411719,1,1,main_file,0.35765187038332724,0,4,1.2,-0.00015044301808398233,42.885544706137274,39.48618038522539,0.1638999965507537,0.2919999969890341,10.746200001449324,0.1348999940091744,11.181900001247413,0,True,on_screen,0.7516742373179737
1787908971520,1903,3497,1642.77549440786,1053.1343743112045,1645.8426114483352,1123.2607279721815,1,1,main_file,0.40390478888765924,16,4,1.2,-0.00019091682307958643,44.798348333542144,39.489756169229985,0.1647000026423484,0.41629999759607017,11.762100009946153,0.17080000543501228,12.362499997834675,0,True,on_screen,0.7516742373179737
1787908971552,1904,3498,1645.1859856891797,1117.3897408612968,1645.6456237205884,1121.499431838916,1,1,main_file,0.4067051833506483,48,4,1.2,-0.00024030662022470756,43.44626983589692,39.48747907240117,0.12709999282378703,0.2852000034181401,10.396199999377131,0.13100000796839595,10.82160000805743,0,True,on_screen,0.7516742373179737
1787908971568,1905,3499,1646.3585559784183,1152.3061373132448,1645.8595033979373,1130.7414434812147,1,1,main_file,0.3930051082105659,64,4,1.2,-0.00014945569619512558,45.40482595640381,39.49163545208812,0.1120000088121742,0.2646000066306442,10.561500006588176,0.12069998774677515,10.955199992167763,0,True,on_screen,0.7516742373179737
1787908971600,1906,3500,1665.6904267399489,1134.2099127569288,1651.8087804005409,1131.7819842639287,1,1,main_file,0.3836625965916678,95,4,1.2,0.000116335608953657,43.99905115955867,39.48820261233725,0.15130000247154385,0.28219999512657523,11.635999995633028,0.15259999781847,12.080800006515346,0,True,on_screen,0.7516742373179737
1787908971616,1907,3501,1693.1822701391666,1162.861756875684,1664.2208273221286,1141.1059160474551,1,1,main_file,0.3536913262721294,111,4,1.2,0.0002501584793879394,45.76103108776935,39.492456663849175,0.11269999959040433,0.2623000036692247,11.180699992110021,0.17269999079871923,11.625900006038137,0,True,on_screen,0.7516742373179737
1787908971648,1908,3502,1733.6889881735651,1167.6377534479752,1685.0612755775596,1149.065467267611,1,1,main_file,0.3141188658495798,144,4,1.2,0.00038715241431496947,44.29974641596958,39.48976334503311,0.13639999087899923,0.29260000155773014,10.471499990671873,0.11750000703614205,10.890300007304177,0,True,on_screen,0.7516742373179737
1787908971680,1909,3503,1645.3267105816396,1367.9903833145913,1673.1409060787835,1214.742942081705,2,1,terminal,0.3636396080524703,0,10,1.4,0.0003158178083465246,43.02215813087251,39.486713040066846,0.10930000280495733,0.2305999951204285,10.848799996892922,0.25579999783076346,11.343999998643994,0,True,on_screen,0.7516742373179737
1787908971696,1910,3504,1650.066412075413,1524.2407937163039,1666.2185578777721,1307.5922975720846,2,1,terminal,0.485470146293249,16,10,1.4,0.00012236316347268017,44.90006826940544,39.490707549125126,0.16769999638199806,0.5011000030208379,10.869599995203316,0.1303000026382506,11.512199998833239,0,True,on_screen,0.7516742373179737
1787908971728,1911,3505,1688.8816802743872,1677.6910260206269,1673.0174945967565,1418.6219161066472,2,1,terminal,0.5406752390089549,47,10,1.4,-9.736021178399085e-06,43.53797431153084,39.488091256357954,0.16820000018924475,0.29660000291187316,10.235099995043129,0.20209999638609588,10.7447000045795,0,True,on_screen,0.7516742373179737
1787908971744,1912,3506,1688.626888573815,1545.5739544758833,1677.700312789874,1456.707527617418,2,1,terminal,0.5322528502737691,63,10,1.4,-6.077155380465604e-05,45.45797811116159,39.49239739022105,0.11379999341443181,0.24090000079013407,10.073600002215244,0.12569999671541154,10.448300003190525,0,True,on_screen,0.7516742373179737
1787908971776,1913,3507,1682.2310708825212,1420.2088022146993,1679.059540217668,1445.7579099966024,2,1,terminal,0.5305998202111311,95,10,1.4,-2.0105862259544444e-05,44.03786404366973,39.488638725664586,0.1281000004382804,0.27570000384002924,11.756099993363023,0.18769998860079795,12.229400002979673,0,True,on_screen,0.7516742373179737
1787908971808,1914,3508,1690.042047791305,1409.915596748136,1682.3542924897588,1435.0052160220625,2,1,terminal,0.5241674289538714,128,10,1.4,-5.06188735930127e-06,42.75137207734312,39.48618976028404,0.18619999173097312,0.2967000036733225,10.541799987549894,0.1336999994236976,10.983600004692562,0,True,on_screen,0.7516742373179737
1787908971824,1915,3509,1688.722901516203,1388.1749679482964,1684.264875197692,1420.9561415999326,2,1,terminal,0.5190630267773004,143,10,1.4,-1.9310851960805536e-05,44.80498829480101,39.4904948730953,0.11339999036863446,0.24810001195874065,10.429200003272854,0.13420000323094428,10.820000010426156,0,True,on_screen,0.7516742373179737
1787908971856,1916,3510,1681.0950000259147,1314.6676121635428,1683.3139126461588,1389.0695827690156,2,1,terminal,0.5120336218583594,175,10,1.2,-5.8712735883405254e-05,43.44558809150089,39.48719996144716,0.13410000246949494,0.30050000350456685,11.06019999133423,0.1478000049246475,11.519199993927032,0,True,on_screen,0.7516742373179737
1787908971872,1917,3511,1690.1450956078675,1303.6203982452148,1685.3632675346712,1363.4348274118754,2,1,terminal,0.49545705765920056,191,10,1.2,-6.42133961403172e-05,45.16645092012931,39.491179624785495,0.20500000391621143,0.3234000032534823,10.899000000790693,0.1593000051798299,11.396699992474169,0,True,on_screen,0.7516742373179737
1787908971904,1918,3512,1716.6889058117777,1303.145115607227,1694.760959017803,1345.3479138704809,2,1,terminal,0.4665149549932369,223,10,1.2,-4.090797404880664e-05,43.782068763336106,39.48826314259005,0.16879999020602554,0.2840999950421974,10.923499998170882,0.14050000754650682,11.361199998646043,0,True,on_screen,0.7516742373179737
1787908971920,1919,3513,1727.1844603575269,1296.7981242329038,1704.4880094197201,1330.7829769792077,2,1,terminal,0.43829775296066176,240,10,1.2,-2.3446610002187535e-05,45.759242031702826,39.49238256412397,0.13440000475384295,0.29460000223480165,11.216999992029741,0.1480999926570803,11.671000000205822,0,True,on_screen,0.7516742373179737
1787908971952,1920,3514,1732.9649847055732,1319.6686207011005,1713.031102005476,1327.4486700957755,2,1,terminal,0.420299328928077,271,10,1.2,-4.016847047868394e-06,44.31484510634835,39.489193637757126,0.14849999570287764,0.29379999614320695,11.774799990234897,0.16260000120382756,12.244300000020303,0,True,on_screen,0.7516742373179737
1787908971984,1921,3515,1736.0242581790446,1318.519634862082,1719.9290488575464,1324.7699595256672,2,1,terminal,0.4057768135203952,303,10,1.0,5.85892875755098e-06,42.97669260801477,39.48626914699685,0.16960001084953547,0.33209999673999846,11.32540000253357,0.16090000281110406,11.832499993033707,0,True,on_screen,0.7516742373179737
1787908972000,1922,3516,1730.1069706003682,1330.4514822309327,1722.982425380393,1326.4744163372468,2,1,terminal,0.4014838067941606,319,10,1.0,5.04885881139408e-06,45.016038490649876,39.490432885547165,0.14999999257270247,0.3398000117158517,11.507600007462315,0.13109999417793006,11.989100006758235,0,True,on_screen,0.7516742373179737
1787908972032,1923,3517,1722.2866610738547,1371.4126898723246,1722.7736960884313,1339.9558983977702,2,1,terminal,0.4112111470076507,351,10,1.0,1.304437685385046e-06,43.66613545607543,39.48779818951809,0.102700010756962,0.25769999774638563,11.119100003270432,0.13970000145491213,11.524899993673898,0,True,on_screen,0.7516742373179737
1787908972048,1924,3518,1718.089816378623,1385.6777884737076,1721.3685321754888,1353.6724654205514,2,1,terminal,0.4222737955931496,368,10,0.8,3.0638265990402813e-06,45.465548342244105,39.49166667908953,0.1260999997612089,0.3496999997878447,11.370499996701255,0.1736999984132126,11.904400002094917,0,True,on_screen,0.7516742373179737
1787908972080,1925,3519,1707.040659815208,1356.5581896591607,1717.0701704674043,1354.5381826921341,2,1,terminal,0.43083799932670075,399,10,0.8,4.4290211932007315e-05,44.03231853881488,39.48906624456164,0.14689999807160348,0.2843000111170113,10.54380000277888,0.13559999933931977,10.973900003591552,0,True,on_screen,0.7516742373179737
1787908972112,1926,3520,1715.7553683251497,1366.5576909973938,1716.6757298247278,1358.144035183712,2,1,terminal,0.43362641687858916,431,10,0.8,6.17227539569179e-05,42.78090670345624,39.486130681128856,0.14009998994879425,0.2817999920807779,10.767100000521168,0.1373000122839585,11.196499996003695,0,True,on_screen,0.7516742373179737
1787908972128,1927,3521,1714.2479414974837,1368.8992678804577,1715.9473933265544,1361.3706049927357,2,1,terminal,0.4367656981147361,447,10,0.8,8.39247894264955e-05,44.709639812579425,39.49012149620193,0.11639999866019934,0.2663000050233677,10.951400006888434,0.17220000154338777,11.399299997719936,0,True,on_screen,0.7516742373179737
1787908972160,1928,3522,1708.108550324111,1382.133054956897,1713.5957404258215,1367.599339981984,2,1,terminal,0.44445663506856137,480,10,0.8,0.0001449384604933386,43.36306071840977,39.486805262032604,0.14560000272467732,0.29129999165888876,11.770299999625422,0.1314999972237274,12.205799997900613,0,True,on_screen,0.7516742373179737
1787908972176,1929,3523,1702.5788344297807,1341.4881692592885,1710.2906686270094,1359.7659887651753,2,1,terminal,0.44654808700586945,496,10,0.8,0.0001715286202785063,45.30678102156445,39.4915321859871,0.11619999713730067,0.2649999951245263,10.527100006584078,0.12770001194439828,10.928399991826154,0,True,on_screen,0.7516742373179737
1787908972208,1930,3524,1693.199256239316,1264.7187850845057,1705.1632449107012,1331.2518276609744,2,1,terminal,0.43742227053069627,527,10,0.8,0.00020243480552726428,43.89047512483986,39.488534195942755,0.11799999629147351,0.272599994787015,10.493699999642558,0.13670000771526247,10.915799997746944,0,True,on_screen,0.7516742373179737
1787908972224,1931,3525,1689.8607999762112,1249.405742712248,1700.572511430354,1306.6980021763563,2,1,terminal,0.42546145158565263,543,10,0.8,0.00020635782150477122,45.73184074797716,39.49237378847037,0.13729999773204327,0.30870000773575157,10.994699987350032,0.19209999300073832,11.510600001201965,0,True,on_screen,0.7516742373179737
1787908972256,1932,3526,1689.83380002153,1249.5476188105104,1697.3508980077067,1289.5528871666024,2,1,terminal,0.41484122469452445,575,10,0.8,0.00019480261158148944,44.24749792601812,39.48917577221414,0.22479999461211264,0.4828000091947615,11.05779998761136,0.13070000568404794,11.687500009429641,0,True,on_screen,0.7516742373179737
1787908972288,1933,3527,1683.818371385162,1254.0479035522433,1693.2911400209432,1278.9013920822947,2,1,terminal,0.41075525933751034,608,10,0.8,0.00018374277645406487,42.976158388081956,39.486547610561324,0.18390000332146883,0.31570000282954425,10.793699999339879,0.12670000432990491,11.24399999389425,0,True,on_screen,0.7516742373179737
1787908972304,1934,3528,1679.5882011746385,1247.6397579816744,1689.1802583670515,1269.5229018521086,2,1,terminal,0.40735135332996364,623,10,0.8,0.0001955041922787771,44.87624939849644,39.490371030821144,0.13559999933931977,0.2908999886130914,11.328599997796118,0.15389999316539615,11.783499998273328,0,True,on_screen,0.7516742373179737
1787908972336,1935,3529,1670.5694984064671,1249.865111951595,1683.5970303788758,1263.6255648819545,2,1,terminal,0.40965021222860076,655,10,0.8,0.0002081493333710334,43.54659565217706,39.4879280240056,0.12929999502375722,0.2671999973244965,10.554899999988265,0.1357000001007691,10.968999995384365,0,True,on_screen,0.7516742373179737
1787908972352,1936,3530,1662.635244987021,1249.0874201355691,1677.3084947613193,1259.2641214580387,2,1,terminal,0.41445626341925923,671,10,0.8,0.00020671913654221434,45.39437116057143,39.492148777347616,0.1066999975591898,0.23940000392030925,10.250399995129555,0.11909999011550099,10.61640000261832,0,True,on_screen,0.7516742373179737
1787908972384,1937,3531,1655.4745724307895,1250.933443658711,1670.7583180621602,1256.7649181182403,2,1,terminal,0.42159455347306973,703,10,0.8,0.0002204733781156938,43.99152964703009,39.488496060579884,0.1370999962091446,0.2705999941099435,11.881500002346002,0.1644000003580004,12.326800002483651,0,True,on_screen,0.7516742373179737
1787908972416,1938,3532,1637.7144169952535,1193.3550453612972,1660.845147742088,1237.7419562911573,2,1,terminal,0.41215719760076885,735,10,0.8,0.0002965856374304316,42.736229977508536,39.48617971412527,0.14479999663308263,0.31489999673794955,10.616999992635101,0.14470001042354852,11.089499996160157,0,True,on_screen,0.7516742373179737
1787908972432,1939,3533,1632.1349736231757,1132.1859534861137,1652.2320955064142,1206.0751554496442,2,1,terminal,0.3799929472367688,751,10,0.8,0.0003365786476544376,44.67498327621746,39.490345271732835,0.1238999975612387,0.2894999925047159,10.450300003867596,0.1320000010309741,10.879800000111572,0,True,on_screen,0.7516742373179737
1787908972464,1940,3534,1627.1542031305476,1105.037758741305,1644.7087277936541,1175.7639364371423,2,1,terminal,0.3438712577460269,783,10,0.8,0.00032270510808545677,43.328310844182184,39.487034637212176,0.1387999946018681,0.2834000042639673,11.238399994908832,0.1303000026382506,11.662600009003654,0,True,on_screen,0.7516742373179737
1787908972480,1941,3535,1617.291715928355,1089.9388461364736,1636.4836242340643,1150.0164093469416,1,1,main_file,0.37580983082161457,0,5,1.0,0.00033018158209399684,45.25898544291691,39.490393044735534,0.12179999612271786,0.26000000070780516,12.937799998326227,0.20059999951627105,13.40860000345856,0,True,on_screen,0.7516742373179737
1787908972512,1942,3536,1588.890637993598,1088.674562943325,1622.2057283619242,1131.6138554258566,1,1,main_file,0.4215299082489393,32,5,1.0,0.0003161235509729979,43.84637315843702,39.488256099391755,0.13359999866224825,0.2902999985963106,11.014999996405095,0.1416000013705343,11.456299995188601,0,True,on_screen,0.7516742373179737
1787908972528,1943,3537,1584.3254637360592,1086.723916651895,1610.8416489741644,1118.1468737936682,1,1,main_file,0.45609763834017425,48,5,1.0,0.0003229210861492981,45.75175609671345,39.49271289829399,0.11049999739043415,0.24900000425986946,10.383000000729226,0.1345999917248264,10.773899994092062,0,True,on_screen,0.7516742373179737
1787908972560,1944,3538,1553.1549542489665,1038.2811920218526,1593.535640556605,1094.1871692621235,1,1,main_file,0.5140661317233961,79,5,1.0,0.00032523338170201664,44.28965352652562,39.48928888867578,0.1281000004382804,0.2717000024858862,11.335999995935708,0.12329999299254268,11.740200003259815,0,True,on_screen,0.7516742373179737
1787908972592,1945,3539,1543.7906977568186,1077.4220131602215,1578.612157716669,1089.1576224315527,1,1,main_file,0.5396706769998549,111,5,1.0,0.0003134473901827972,42.98331692743142,39.4864822150877,0.14760000340174884,0.33989999792538583,10.899100001552142,0.15579999308101833,11.409300001105294,0,True,on_screen,0.7516742373179737
1787908972608,1946,3540,1541.8645613004026,1113.673897705899,1567.587878791789,1096.5125050138565,1,1,main_file,0.5400814563207307,128,5,1.0,0.00028375330778897083,44.89358165697939,39.49079233689754,0.11350000568199903,0.2587999915704131,10.428200010210276,0.14699999883305281,10.843099997146055,0,True,on_screen,0.7516742373179737
1787908972640,1947,3541,1540.5071876074267,1185.6872948244384,1559.4636714364801,1123.264941957031,1,1,main_file,0.5029455797702809,160,5,1.0,0.0002433862625321713,43.54190167248206,39.4880014943602,0.13339999713934958,0.30339999648276716,10.185399994952604,0.1336999994236976,10.631900004227646,0,True,on_screen,0.7516742373179737
1787908972656,1948,3542,1538.046209210765,1224.2085588118273,1553.0384327687655,1153.5480270134697,1,1,main_file,0.4550736288754351,175,5,1.0,0.00022934794580449502,45.329991273507936,39.491300142393136,0.17220000154338777,0.2961999998660758,11.701299998094328,0.1740000006975606,12.183200000436045,0,True,on_screen,0.7516742373179737
1787908972688,1949,3543,1523.4045247149077,1219.9731090499483,1544.148260352608,1173.4755516244131,2,1,terminal,0.4382981766540591,0,11,1.2,0.00023361765201533602,43.90402958560451,39.4886380750456,0.15750000602565706,0.4676000098697841,10.708000001613982,0.14740000187885016,11.368299994501285,0,True,on_screen,0.7516742373179737
1787908972720,1950,3544,1490.148630476136,1230.6929727279519,1527.9483713896664,1190.6407779554747,2,1,terminal,0.480965502368626,32,11,1.2,0.00023770046063381102,42.699364714470704,39.48604231966984,0.12760001118294895,0.26640000578481704,10.790599990286864,0.13519999629352242,11.201899993466213,0,True,on_screen,0.7516742373179737
1787908972736,1951,3545,1452.810520847178,1202.8297884164608,1505.4070162269197,1194.2974810937706,2,1,terminal,0.5008993555313346,48,11,1.2,0.00020825430340078513,44.70338692701306,39.49038813756114,0.10609999299049377,0.23360000341199338,10.34829999844078,0.119399992399849,10.708900008467026,0,True,on_screen,0.7516742373179737
1787908972768,1952,3546,1445.1582619586623,1213.9051472635576,1487.3323899464426,1200.1797809447066,2,1,terminal,0.5201615287571737,79,11,1.2,0.0002158310629822146,43.29810717552286,39.486672016604366,0.1390999968862161,0.27689999842550606,11.4253999927314,0.1412999990861863,11.855800010380335,0,True,on_screen,0.7516742373179737
1787908972784,1953,3547,1439.6327486542084,1183.0611030636594,1473.0224975587723,1195.0441775803924,2,1,terminal,0.5148121135143107,95,11,1.2,0.00020509033812690126,45.399454128322496,39.49136849784753,0.11320000339765102,0.25379999715369195,10.551800005487166,0.1345000055152923,10.948900002404116,0,True,on_screen,0.7516742373179737
1787908972816,1954,3548,1471.9537958124686,1184.1281232369795,1472.701887034881,1191.7693612773685,2,1,terminal,0.5085232577493611,128,11,1.2,0.00020869173576152505,43.9829665086089,39.487969252275796,0.1306999911321327,0.28160000510979444,11.568000001716428,0.13089999265503138,11.989200007519685,0,True,on_screen,0.7516742373179737
1787908972832,1955,3549,1522.0509006899597,1194.8786914177483,1487.5065911314045,1192.7021603194823,2,1,terminal,0.505688492048639,144,11,1.2,0.00021375385888148732,45.85843172789719,39.49191502576484,0.10590000601951033,0.2390000008745119,11.984600001596846,0.16250000044237822,12.394199991831556,0,True,on_screen,0.7516742373179737
1787908972864,1956,3550,1586.1466517125953,1179.5820248214325,1517.0986093057616,1188.7661196700674,2,1,terminal,0.4841387788178182,176,11,1.2,0.00024319091086498663,44.38484774405896,39.48930161458354,0.14509999891743064,0.27189998945686966,11.109099999885075,0.14150000060908496,11.53360000171233,0,True,on_screen,0.7516742373179737
1787908972896,1957,3551,1566.594258817526,1153.817217101555,1531.9473041592908,1178.2814488995136,2,1,terminal,0.45547464396376347,207,11,1.2,0.0002505863247512889,43.09743811665544,39.48681257052776,0.11779999476857483,0.23790000705048442,10.406800007331185,0.1370999962091446,10.790100001031533,0,True,on_screen,0.7516742373179737
1787908972912,1958,3552,1551.5955566872178,1141.3645026306524,1537.8417799176689,1167.2063650188552,1,1,main_file,0.4414277513449554,0,6,1.4,0.00025524498739027193,44.98263675602891,39.49091391229594,0.10289999772794545,0.2302999928360805,10.2541999949608,0.1379000023007393,10.630800010403618,0,True,on_screen,0.7516742373179737
1787908972944,1959,3553,1489.0784556075844,1169.7257050954272,1523.2127826246435,1167.962167041827,1,1,main_file,0.44922262112424993,32,6,1.4,0.00024536191862081433,43.596564467237535,39.4876151518417,0.14519999967887998,0.371000001905486,10.763199999928474,0.19079999765381217,11.337400006595999,0,True,on_screen,0.7516742373179737
1787908972960,1960,3554,1437.3948709797667,1164.404455355216,1497.4674091311804,1166.8948535358436,1,1,main_file,0.46408929672383636,48,6,1.4,0.0002361595156412221,45.54203850507712,39.49207607495279,0.10800000745803118,0.24730000586714596,10.250699997413903,0.12919999426230788,10.635099999490194,0,True,on_screen,0.7516742373179737
1787908972992,1961,3555,1405.932212712344,1204.7206518672388,1470.0068502055294,1178.2425930352622,2,1,terminal,0.48281579161500277,0,12,1.6,0.0001982877572940453,44.11186815723256,39.489243568822396,0.16179999511223286,0.2558999985922128,10.008299999753945,0.1306000049225986,10.403500011307187,0,True,on_screen,0.7516742373179737
1787908973024,1962,3556,1403.0716363497522,1218.6093228544332,1449.926286048796,1190.3526119810135,2,1,terminal,0.5095651849871985,31,12,1.6,0.00015406590595717397,42.81746083472925,39.485744459788506,0.18560000171419233,0.334700001985766,11.098899994976819,0.1736999984132126,11.622499994700775,0,True,on_screen,0.7516742373179737
1787908973040,1963,3557,1393.0223067348998,1216.4798467943272,1432.8550922546272,1198.1907824250077,2,1,terminal,0.5251312506533461,47,12,1.6,0.0001289002612632692,44.73407466536236,39.490255387024625,0.11400000948924571,0.2612000098451972,10.134500000276603,0.11970000923611224,10.52450000133831,0,True,on_screen,0.7516742373179737
1787908973072,1964,3558,1465.9223873364645,1190.5974347259373,1442.7752807791783,1195.9127781152865,2,1,terminal,0.5208358123432435,79,12,1.6,0.00014438304577130828,43.36982023473978,39.48723540822205,0.189200000022538,0.3043000033358112,10.135899996384978,0.1250000059371814,10.574999992968515,0,True,on_screen,0.7516742373179737
1787908973088,1965,3559,1469.3060382351146,1161.4709969657283,1450.7345080159591,1185.580243770419,2,1,terminal,0.5001401144893314,95,12,1.6,0.00015646884800104427,45.49595963947994,39.49160897184186,0.1281000004382804,0.2238000015495345,10.092399999848567,0.1154000055976212,10.445499996421859,0,True,on_screen,0.7516742373179737
1787908973120,1966,3560,1472.5840023929186,1153.7984831027122,1457.2893563290468,1176.045715570107,2,1,terminal,0.48075823984990484,127,12,1.6,0.00017328235652632265,44.04004020073462,39.48843697148707,0.15279999934136868,0.3166000096825883,10.213300003670156,0.14029999147169292,10.68459999805782,0,True,on_screen,0.7516742373179737
1787908973136,1967,3561,1471.5973563406847,1152.3162584143117,1461.5817563325381,1168.9268784233684,1,1,main_file,0.47041039271557494,0,7,1.8,0.00016516081058051343,45.927639407786366,39.49250614668886,0.1260999997612089,0.2584999892860651,10.427000001072884,0.12759999663103372,10.82250000035856,0,True,on_screen,0.7516742373179737
1787908973168,1968,3562,1460.3307467429834,1142.4914336181394,1461.2064534556716,1160.9962449817997,1,1,main_file,0.48598669064113553,32,7,1.8,0.00015619518562814613,44.429653029914995,39.48918414416893,0.19449999672360718,0.2869999880203977,10.981200000969693,0.1412999990861863,11.418900001444854,0,True,on_screen,0.7516742373179737
1787908973200,1969,3563,1465.2491454173362,1135.6561451671184,1462.419261044171,1153.3942150373953,1,1,main_file,0.5006545047617716,64,7,1.8,0.0001470957506853228,43.133241621460904,39.48602660500424,0.17699999443721026,0.3156000020680949,11.66469999589026,0.18279999494552612,12.1765000076266,0,True,on_screen,0.7516742373179737
1787908973216,1970,3564,1473.6437491882577,1161.6053610529586,1465.7866074873969,1155.8575588420642,1,1,main_file,0.4952177667877974,80,7,1.8,0.00013434895669496225,45.112906440111054,39.49054279007384,0.12599999899975955,0.26980000257026404,10.881599999265745,0.12820000119972974,11.2890000018524,0,True,on_screen,0.7516742373179737
1787908973248,1971,3565,1471.301565747721,1174.2402621821805,1467.4410949654941,1161.372369844099,1,1,main_file,0.48411685181184394,111,7,1.8,0.00013521770883657969,43.709696182646816,39.48752437358081,0.17920001118909568,0.2758999908110127,10.908800002653152,0.14229999214876443,11.33799999661278,0,True,on_screen,0.7516742373179737
1787908973264,1972,3566,1466.6125398880777,1158.2652747675431,1467.1925284422691,1160.4402413211321,1,1,main_file,0.4859874427484847,128,7,1.8,0.00014585773604724322,45.60372340522522,39.49167183820874,0.15589999384246767,0.25910000840667635,10.798600007547066,0.14869999722577631,11.21650000277441,0,True,on_screen,0.7516742373179737
1787908973296,1973,3567,1469.0098458200305,1148.5861645874468,1467.7377236555974,1156.8840183010266,1,1,main_file,0.4928161300658196,160,7,1.8,0.0001527024326865578,44.16125782605269,39.48832028699465,0.17100000695791095,0.3547000087564811,11.596800002735108,0.16500000492669642,12.131800001952797,0,True,on_screen,0.7516742373179737
1787908973328,1974,3568,1483.7022801769117,1097.915279178469,1472.5270906119918,1139.1933965642593,1,1,main_file,0.5261517205370644,192,7,1.8,0.0002001560820436392,42.901139819946536,39.48555911733298,0.16290000348817557,0.29660000291187316,11.629499989794567,0.14930000179447234,12.08849999238737,0,True,on_screen,0.7516742373179737
1787908973344,1975,3569,1493.1727563823863,1076.7185867067737,1478.7207903431101,1120.4509536070136,1,1,main_file,0.5606394134297517,208,7,1.8,0.00021934156235624627,44.77712830547601,39.4899400998585,0.15249999705702066,0.2775999892037362,10.736199998063967,0.14309999824035913,11.16899999033194,0,True,on_screen,0.7516742373179737
1787908973376,1976,3570,1512.8323063224025,1079.8153293537443,1488.9542451368977,1108.2602663310327,1,1,main_file,0.5800512735086313,240,7,1.8,0.00023584695509970555,43.43271872844306,39.486787676600756,0.16290000348817557,0.3456999984337017,11.28170000447426,0.15220000932458788,11.794099991675466,0,True,on_screen,0.7516742373179737
1787908973392,1977,3571,1514.437217580797,1061.0978117616344,1496.5991368700675,1094.1115299602131,1,1,main_file,0.6030998356766201,256,7,1.8,0.00023803367402436618,45.349188577544915,39.49108708614104,0.12799999967683107,0.32449999707750976,10.804399993503466,0.155999994603917,11.297999997623265,0,True,on_screen,0.7516742373179737
1787908973424,1978,3572,1511.1233334334736,1049.5931762586054,1500.956395839089,1080.7560238497308,1,1,main_file,0.6255508489742914,288,7,1.8,0.0002341221418962619,43.9220216971925,39.48772516656856,0.1404999929945916,0.334399999701418,11.671600004774518,0.12579999747686088,12.143400002969429,0,True,on_screen,0.7516742373179737
1787908973440,1979,3573,1512.507982264005,1048.8242834479724,1504.4218717665638,1071.1765017292032,1,1,main_file,0.6409792873916688,304,7,1.8,0.00023099731080538852,45.831096165571175,39.49220854150427,0.12179999612271786,0.2592999953776598,10.92679999419488,0.13040000339969993,11.325800005579367,0,True,on_screen,0.7516742373179737
1787908973472,1980,3574,1500.9809916274826,1023.8200405540953,1503.3896077248392,1056.9695633766707,1,1,main_file,0.6676988852024649,335,7,1.8,0.00021985042559615788,44.33279725016381,39.488889142523036,0.22499999613501132,0.4394999996293336,11.226499991607852,0.15469999925699085,11.837600002763793,0,True,on_screen,0.7516742373179737
1787908973504,1981,3575,1501.7427872600836,1022.2644345709629,1502.8955615854125,1046.5580247349585,1,1,main_file,0.6869396869431111,368,7,1.8,0.00021105599500723105,43.0906538243397,39.486725802611176,0.11639999866019934,0.2657000004546717,10.370099989813752,0.13679999392479658,10.784300000523217,0,True,on_screen,0.7516742373179737
1787908973520,1982,3576,1501.7729557973275,1019.890530507473,1502.558779848987,1038.5577764667128,1,1,main_file,0.7015794884782078,384,7,1.8,0.0002061448467718871,44.91972097751728,39.490642754595555,0.11049999739043415,0.25680000544525683,10.446899992530234,0.12270000297576189,10.835000008228235,0,True,on_screen,0.7516742373179737
1787908973552,1983,3577,1498.7852935390501,1018.2682244555749,1501.4267339560058,1032.4709108633713,1,1,main_file,0.7133690879395762,416,7,1.8,0.00019042587922813922,43.562653217378816,39.487596059621865,0.15829999756533653,0.2860000095097348,10.80319999891799,0.14560000272467732,11.247299989918247,0,True,on_screen,0.7516742373179737
1787908973568,1984,3578,1495.0341519406327,1018.3945604123132,1499.5089593513937,1028.2480057280538,1,1,main_file,0.7224729442208664,432,7,1.8,0.0001850204529958415,45.421814585838405,39.49185300732661,0.11940000695176423,0.2632999967318028,10.3192999958992,0.1218999968841672,10.715299998992123,0,True,on_screen,0.7516742373179737
1787908973600,1985,3579,1488.4612597231865,1021.1530602998566,1496.1946494629315,1026.1195220995946,1,1,main_file,0.7289696424089234,463,7,1.8,0.0001758932456955714,44.00910240122344,39.48872122184363,0.11499998799990863,0.2582000015536323,10.805899990373291,0.1964999974006787,11.270200004219078,0,True,on_screen,0.7516742373179737
1787908973632,1986,3580,1482.8659309392533,1022.998251241568,1492.1960339058278,1025.1831408421867,1,1,main_file,0.7337656907957965,496,7,1.8,0.00017656584077773048,42.756747288895184,39.48581087368142,0.15549999079667032,0.30860000697430223,11.04250000207685,0.15110000094864517,11.515400008647703,0,True,on_screen,0.7516742373179737
1787908973648,1987,3581,1481.0165340662672,1023.0200652522661,1488.8421839539596,1024.5342181652104,1,1,main_file,0.7374155747216169,512,7,1.8,0.00017719775619724418,44.64728909296728,39.489868097443676,0.1475000026402995,0.28580000798683614,10.895499988691881,0.1145999995060265,11.305799998808652,0,True,on_screen,0.7516742373179737
1787908973680,1988,3582,1473.9190059387183,1020.3986460504968,1484.3652305493872,1023.2935465307962,1,1,main_file,0.7427881487089387,544,7,1.8,0.00017882649550585335,43.31131468857183,39.487272516231464,0.13980000221636146,0.24729999131523073,10.25580000714399,0.11750000703614205,10.629600001266226,0,True,on_screen,0.7516742373179737
1787908973696,1989,3583,1468.8742508355242,1020.3221009475795,1479.7179366352284,1022.4021128558311,1,1,main_file,0.7473969023516277,560,7,1.8,0.00017848547911885303,45.22312089819718,39.49128980365515,0.13679999392479658,0.24380000832024962,10.323799986508675,0.12989999959245324,10.705699998652562,0,True,on_screen,0.7516742373179737
1787908973728,1990,3584,1476.8103946228764,1022.3220979604328,1478.8456740315228,1022.3781083872116,1,1,main_file,0.7479650199810143,592,7,1.8,0.0001797109826737909,43.814938549396665,39.48784224536321,0.14540000120177865,0.3127999952994287,11.367200000677258,0.14569998893421143,11.839700004202314,0,True,on_screen,0.7516742373179737
1787908973744,1991,3585,1481.524756594631,1020.7403374246195,1479.6493988004552,1021.8867770984339,1,1,main_file,0.7484005538208672,608,7,1.8,0.00017950300134394331,45.660366165319644,39.49190623351178,0.09940000018104911,0.26619998971000314,11.347999999998137,0.13810000382363796,11.76179999310989,0,True,on_screen,0.7516742373179737
1787908973776,1992,3586,1488.254777478754,1022.444853254327,1482.2310124039448,1022.0541999452018,1,1,main_file,0.7464765173119521,640,7,1.8,0.00017749749144454346,44.24476934984226,39.489115112281645,0.15330000314861536,0.27439999394118786,11.335200004396029,0.13939999917056412,11.759999993955716,0,True,on_screen,0.7516742373179737
1787908973808,1993,3587,1487.4471013913221,1019.7743559406201,1483.795839100158,1021.3702467438272,1,1,main_file,0.7467188522085672,672,7,1.8,0.0001757649933165316,42.9272429743432,39.48607300721358,0.15269999857991934,0.32310000096913427,11.385499994503334,0.1736999984132126,11.895699994056486,0,True,on_screen,0.7516742373179737
1787908973824,1994,3588,1487.3856430298708,1018.5214371597191,1484.8727802790718,1020.5156038685948,1,1,main_file,0.7475663895033671,687,7,1.8,0.0001758725997299919,44.975753189797466,39.49033461568464,0.13780000153928995,0.288200011709705,11.185100011061877,0.16029999824240804,11.645200007478707,0,True,on_screen,0.7516742373179737
1787908973856,1995,3589,1488.700160115699,1018.4354162275671,1486.0209942300598,1019.8915475762865,1,1,main_file,0.7479151290776596,720,7,1.8,0.00017735400167777186,43.60519088449429,39.487673653111926,0.15410000924021006,0.29159999394323677,10.632699995767325,0.17590000061318278,11.11289999971632,0,True,on_screen,0.7516742373179737
1787908973872,1996,3590,1487.3551434689805,1019.9850896534184,1486.421239001736,1019.919610199426,1,1,main_file,0.7475811416427018,736,7,1.8,0.00017765728770396255,45.5055108752405,39.491719785413274,0.11000000813510269,0.3107999946223572,10.532899992540479,0.29549999453593045,11.150699996505864,0,True,on_screen,0.7516742373179737
1787908973904,1997,3591,1481.0307672841661,1018.6868878025407,1484.804097486465,1019.5497934803602,1,1,main_file,0.7493895473211494,768,7,1.8,0.00017764581072379423,44.04014165980272,39.485223130256344,0.2919999969890341,0.5655999993905425,18.1600000069011,0.27189998945686966,19.020899999304675,0,True,on_screen,0.7516742373179737
1787908973936,1998,3592,1476.3157212724502,1016.3143422741018,1482.2575846222603,1018.5791581184826,1,1,main_file,0.7528953421892036,800,7,1.8,0.00017815685966890427,42.776584430258026,39.48561226679186,0.1441999920643866,0.28819999715778977,11.157999993884005,0.14789999113418162,11.607200009166263,0,True,on_screen,0.7516742373179737
1787908973952,1999,3593,1473.5153307458972,1014.6418831006658,1479.6349084593514,1017.3979756131375,1,1,main_file,0.7567735276120512,815,7,1.8,0.00017822252753816117,44.692448797901676,39.48978407639235,0.24670000129844993,0.36099999852012843,10.654099998646416,0.14269999519456178,11.173899998539127,0,True,on_screen,0.7516742373179737
1787908973984,2000,3594,1467.8433425276376,1011.1784303269935,1476.0974386798373,1015.5321120272943,1,1,main_file,0.7624033376988696,848,7,1.8,0.00017793352427424025,43.376087230819735,39.48669624096315,0.24179999309126288,0.4923000087728724,11.245600006077439,0.1416999875800684,11.896800002432428,0,True,on_screen,0.7516742373179737
1787908974000,2001,3595,1470.6296401770232,1011.5361938820141,1474.457099128993,1014.3333365837102,1,1,main_file,0.7655976741622373,864,7,1.8,0.0001782550147575862,45.23495642667484,39.491071324724,0.12660000356845558,0.2674999996088445,10.581099995761178,0.13880000915378332,10.9972999925958,0,True,on_screen,0.7516742373179737
1787908974032,2002,3596,1471.5151188626273,1012.6477203144383,1473.5745050490832,1013.8276517029285,1,1,main_file,0.767043966727537,896,7,1.8,0.00017821788384681306,43.860005998357785,39.48830869501937,0.14630000805482268,0.28700000257231295,10.494400004972704,0.13499999477062374,10.929199997917749,0,True,on_screen,0.7516742373179737
1787908974048,2003,3597,1471.3275998376173,1014.2046799653548,1472.9004334856436,1013.9407601816563,1,1,main_file,0.7672015378608755,912,7,1.8,0.0001789166440261166,45.56777634657892,39.491801709470664,0.1601999974809587,0.31940000189933926,11.190600009285845,0.2612999960547313,11.786799994297326,0,True,on_screen,0.7516742373179737
1787908974080,2004,3598,1467.633916297389,1013.8470012971372,1471.3204783291671,1013.9126325163005,1,1,main_file,0.7680960142989581,944,7,1.8,0.00017985816151657244,44.153034437353234,39.48911485567499,0.1640999980736524,0.30669999250676483,11.012600007234141,0.14740000187885016,11.48030000331346,0,True,on_screen,0.7516742373179737
1787908974112,2005,3599,1465.559785160414,1020.2024710905141,1469.5922703785411,1015.7995840885645,1,1,main_file,0.7653853642653353,976,7,1.8,0.0001821732464553777,42.88831968046173,39.48610022182443,0.12620000052265823,0.27820000832434744,11.580999998841435,0.15100000018719584,12.021899994579144,0,True,on_screen,0.7516742373179737
1787908974128,2006,3600,1464.0292427321097,1018.4452921767456,1467.9233620846117,1016.5932965150188,1,1,main_file,0.764660031876704,992,7,1.8,0.0001817572344094652,44.744182998608295,39.49024616862765,0.1753999968059361,0.2960999991046265,11.027799992007203,0.16419999883510172,11.501300003146753,0,True,on_screen,0.7516742373179737
1787908974160,2007,3601,1462.3598514116504,1023.5446608985145,1466.2543088827233,1018.6787058300674,1,1,main_file,0.7614061932051901,1024,7,1.8,0.00018578652224713124,43.37769053199561,39.48738163230021,0.1362999901175499,0.301199994282797,10.806299993419088,0.14259999443311244,11.263200009125285,0,True,on_screen,0.7516742373179737
1787908974176,2008,3602,1462.756812716592,1022.5113277107934,1465.205060032884,1019.8284923942851,1,1,main_file,0.7596343823327675,1040,7,1.8,0.0001889390353659766,45.35815843328453,39.49159870946855,0.17460000526625663,0.28190000739414245,10.584599993308075,0.14119999832473695,11.019799989298917,0,True,on_screen,0.7516742373179737
1787908974208,2009,3603,1462.7010728062307,1020.7440082529923,1464.4538638648878,1020.1031471518972,1,1,main_file,0.7594052956325232,1072,7,1.8,0.00019854549688311587,43.945419945804986,39.48854554181201,0.14259999443311244,0.2906000008806586,10.932500008493662,0.1407999952789396,11.376099995686673,0,True,on_screen,0.7516742373179737
1787908974240,2010,3604,1461.5862886679342,1020.6227897041992,1463.5935913058015,1020.2590399175878,1,1,main_file,0.7594362327185896,1104,7,1.8,0.00020765184590757976,42.66811408476372,39.48534576823622,0.16280000272672623,0.31119999766815454,11.51650000247173,0.1742999884299934,12.016199994832277,0,True,on_screen,0.7516742373179737
1787908974256,2011,3605,1461.5580745633304,1019.2300375259513,1462.98293628306,1019.9503392000968,1,1,main_file,0.7602592937312611,1120,7,1.8,0.00021188267023056206,44.6860257715748,39.48981585363547,0.14570000348612666,0.2854000049410388,10.649799995007925,0.15019999409560114,11.095499998191372,0,True,on_screen,0.7516742373179737
1787908974288,2012,3606,1462.1031186020505,1023.0158961462109,1462.7189909787571,1020.8700062839309,1,1,main_file,0.7585822847103126,1152,7,1.8,0.0002186865847001382,43.35639160393215,39.48707096386064,0.14099999680183828,0.31650000892113894,10.426000008010305,0.15360000543296337,10.908500000368804,0,True,on_screen,0.7516742373179737
1787908974304,2013,3607,1462.8990280937496,1023.211348115532,1462.7730021132547,1021.5724088334111,1,1,main_file,0.7572075947266552,1167,7,1.8,0.00021798197316632087,45.264976536433,39.490645342726964,0.18360000103712082,0.26399998751003295,11.54240001051221,0.1345000055152923,11.950600004638545,0,True,on_screen,0.7516742373179737
1787908974336,2014,3608,1462.8005703034323,1022.2436388112322,1462.781272570308,1021.7737778267574,1,1,main_file,0.7568160775643766,1200,7,1.8,0.00022143899269988672,43.854588232985336,39.48780538371596,0.1438000035705045,0.3804000007221475,11.196599996765144,0.16129999130498618,11.752499995054677,0,True,on_screen,0.7516742373179737
1787908974353,2015,3609,1462.2388386193743,1021.2477624235095,1462.6185423850277,1021.6159732057829,1,1,main_file,0.7571791631453431,1217,7,1.8,0.00022169853766007205,45.52822987562424,39.49194778935837,0.12670000432990491,0.2767999976640567,10.54759998805821,0.152299995534122,10.986099994624965,0,True,on_screen,0.7516742373179737
1787908974384,2016,3610,1461.9783028195857,1020.6687788143737,1462.426470515395,1021.3318148883601,1,1,main_file,0.757796340563917,1248,7,1.8,0.00022346927789058078,44.14680845806782,39.48919857475356,0.13190000026952475,0.2872000040952116,10.69949999509845,0.1416999875800684,11.139800000819378,0,True,on_screen,0.7516742373179737
1787908974416,2017,3611,1462.234886722077,1018.6651419361616,1462.3689953773994,1020.5318130027006,1,1,main_file,0.7593609973616936,1279,7,1.8,0.00022413813796129736,42.85581956560252,39.486216893125544,0.14679999731015414,0.3391999925952405,10.845600001630373,0.15669999993406236,11.35509999585338,0,True,on_screen,0.7516742373179737
1787908974432,2018,3612,1461.475508810227,1018.1453091526325,1462.1009494072478,1019.81586184768,1,1,main_file,0.7608386525113934,1296,7,1.8,0.00022423653657101077,44.783154261666034,39.48999593001925,0.11839999933727086,0.33209999673999846,11.323499988066033,0.16369999502785504,11.830899995402433,0,True,on_screen,0.7516742373179737
1787908974464,2019,3613,1460.9666814863724,1017.5078995114961,1461.7606690309851,1019.1234731468248,1,1,main_file,0.7622960464396411,1328,7,1.8,0.00022770949339839808,43.448010296014154,39.48739248544085,0.17600000137463212,0.29850000282749534,10.90759999351576,0.152299995534122,11.370899999747053,0,True,on_screen,0.7516742373179737
1787908974480,2020,3614,1461.322286838663,1017.0254165088699,1461.6291543732884,1018.4940561554383,1,1,main_file,0.7635578425546357,1344,7,1.6,0.00022830939983563107,45.34517273842414,39.490981399560454,0.1221999991685152,0.2741000062087551,11.898500000825152,0.17279999156016856,12.357400002656505,0,True,on_screen,0.7516742373179737
1787908974513,2021,3615,1458.4125924220057,1012.7162490414115,1460.6641857879035,1016.7607140212301,1,1,main_file,0.767241782152009,1377,7,1.6,0.00023376904036288837,43.88829823628768,39.48827003396625,0.14139999984763563,0.35239999124314636,10.939500003587455,0.14450000890064985,11.472300000605173,0,True,on_screen,0.7516742373179737
1787908974544,2022,3616,1457.7909975575453,1011.1933723115051,1459.802229318796,1015.0905115083126,1,1,main_file,0.7707624018419549,1407,7,1.6,0.000234312158357744,42.695061051956436,39.48567294625283,0.1188000023830682,0.2615999983390793,11.113000000477768,0.14069999451749027,11.526300004334189,0,True,on_screen,0.7516742373179737
1787908974560,2023,3617,1455.9336395479204,1011.0982118413658,1458.6416523875332,1013.8928216082285,1,1,main_file,0.7734581468948964,1424,7,1.6,0.00023131195807178477,44.647362380915766,39.48948840968083,0.11920000542886555,0.2539999986765906,11.523999986820854,0.14099999680183828,11.928699997952208,0,True,on_screen,0.7516742373179737
1787908974592,2024,3618,1454.084018922993,1014.3158040425504,1457.274362348171,1014.0197163385251,1,1,main_file,0.7736298879812552,1456,7,1.6,0.00022597635347479383,43.291943523423214,39.4860193265809,0.14239999291021377,0.31380000291392207,12.667100003454834,0.14489999739453197,13.13970000774134,0,True,on_screen,0.7516742373179737
1787908974608,2025,3619,1452.22597191879,1015.4125232794091,1455.7598452193565,1014.4375584207903,1,1,main_file,0.7732435846784105,1472,7,1.6,0.00022534089444412042,45.20428408606664,39.49102733086906,0.11510000331327319,0.2626999921631068,10.40840000496246,0.14089999604038894,10.820700001204386,0,True,on_screen,0.7516742373179737
1787908974640,2026,3620,1452.1329821191298,1022.2829750308857,1454.6717862892883,1016.7911834038189,1,1,main_file,0.7689417782741201,1504,7,1.6,0.00022892420656373327,43.776412820034665,39.48768787200473,0.15940000594127923,0.3183999942848459,11.080099997343495,0.1478000049246475,11.559299993677996,0,True,on_screen,0.7516742373179737
1787908974657,2027,3621,1451.857867570385,1022.638952692832,1453.8276106736173,1018.5455141905228,1,1,main_file,0.7657223253243653,1521,7,1.6,0.0002288616384228271,45.5708490597499,39.49116662435613,0.18080000882036984,0.4377999866846949,11.996100001852028,0.15300000086426735,12.60409998940304,0,True,on_screen,0.7516742373179737
1787908974688,2028,3622,1453.7892478311503,1023.4025233594136,1453.816101820877,1020.0026169411901,1,1,main_file,0.762883707279407,1552,7,1.6,0.00022755790453505426,44.190000822491704,39.48902453859742,0.16039999900385737,0.3001000004587695,10.950099996989593,0.15419999544974416,11.417600006097928,0,True,on_screen,0.7516742373179737
1787908974720,2029,3623,1453.937176512856,1027.5228412866293,1453.8524242284707,1022.2586842448218,1,1,main_file,0.7584756540469545,1584,7,1.6,0.0002247626752435658,42.88577066713635,39.486311575833234,0.3367000026628375,0.31289999606087804,10.466399995493703,0.14740000187885016,10.939600004348904,0,True,on_screen,0.7516742373179737
1787908974736,2030,3624,1454.5931759561242,1032.0990008593246,1454.0746497467667,1025.2107792291727,1,1,main_file,0.7526684466007618,1600,7,1.6,0.00022487296923579328,44.89791440387849,39.48969188499337,0.14420000661630183,0.3178999904775992,12.017000000923872,0.18829999316949397,12.537500006146729,0,True,on_screen,0.7516742373179737
1787908974768,2031,3625,1454.833210127208,1042.3636649080659,1454.302217860899,1030.3566449328405,1,1,main_file,0.7425797319375742,1631,7,1.6,0.0002248367720273682,43.536760004075106,39.48739358859506,0.15259999781847,0.3093999985139817,10.772999987239018,0.14430000737775117,11.240499996347353,0,True,on_screen,0.7516742373179737
1787908974784,2032,3626,1454.0696272793925,1043.083023080438,1454.232440686447,1034.1745583771196,1,1,main_file,0.7351432502262267,1648,7,1.6,0.0002251429836787524,45.440162324924586,39.49158253473064,0.10849999671336263,0.26000000070780516,10.433899995405227,0.13890000991523266,10.842900010175072,0,True,on_screen,0.7516742373179737
1787908974816,2033,3627,1453.732871431939,1042.5759534111455,1454.0825699100947,1036.6949768873274,1,1,main_file,0.7302531754246996,1680,7,1.6,0.00022532195419877263,44.017215494893314,39.48856991095496,0.14489999739453197,0.2884999994421378,10.681900006602518,0.14910000027157366,11.131199993542396,0,True,on_screen,0.7516742373179737
1787908974832,2034,3628,1452.4193190514152,1042.1950679325605,1453.5835946524908,1038.3450042008972,1,1,main_file,0.7271285408585257,1696,7,1.6,0.00022558690906953824,45.837494941493084,39.49259994672831,0.1613000058569014,0.2964000013889745,10.536200003116392,0.16280000272672623,11.007699999026954,0,True,on_screen,0.7516742373179737
1787908974864,2035,3629,1451.0102822713595,1045.7406178483943,1452.8116009381513,1040.5636882951462,1,1,main_file,0.7229355282389947,1728,7,1.6,0.0002221232348362974,44.38877755026449,39.48974487779621,0.1297999988310039,0.2775999892037362,10.652400000253692,0.13299999409355223,11.074800000642426,0,True,on_screen,0.7516742373179737
1787908974896,2036,3630,1451.8325724661802,1044.7227196516278,1452.51789239656,1041.8113977020907,1,1,main_file,0.7205476322810815,1759,7,1.6,0.00022204068155709002,43.07459709008798,39.48696279671855,0.18339999951422215,0.2795999898808077,10.44019999972079,0.13949999993201345,10.870999991311692,0,True,on_screen,0.7516742373179737
1787908974913,2037,3631,1452.3279846943433,1044.559960475631,1452.460920085895,1042.6359665341527,1,1,main_file,0.7189450257564753,1777,7,1.6,0.0002219388473589691,44.76741339552828,39.49017503206265,0.7500999927287921,0.29570001061074436,11.567800000193529,0.1750999945215881,12.05060000938829,0,True,on_screen,0.7516742373179737
1787908974944,2038,3632,1452.5768658551542,1044.1925335976325,1452.4957038166726,1043.1029366531966,1,1,main_file,0.7180259180015066,1808,7,1.6,0.0002215498218561176,43.4845602311304,39.48778712652743,0.13840000610798597,0.2832000027410686,11.183800001163036,0.14569998893421143,11.624999999185093,0,True,on_screen,0.7516742373179737
1787908974960,2039,3633,1451.0471031895663,1043.202347915501,1452.0611236285406,1043.1327600318878,1,1,main_file,0.718040508588609,1824,7,1.6,0.00022189067737750715,45.3854402154212,39.49210878368149,0.11160000576637685,0.26089999300893396,10.475400005816482,0.13499999477062374,10.879599998588674,0,True,on_screen,0.7516742373179737
1787908974992,2040,3634,1448.3941484847223,1039.2654129140499,1450.961031085395,1041.9725558965365,1,1,main_file,0.7204843458719803,1856,7,1.6,0.00022257242080499576,43.97707076404657,39.4887286291745,0.15249999705702066,0.4681999998865649,11.465799994766712,0.18450000789016485,12.130799994338304,0,True,on_screen,0.7516742373179737
1787908975024,2041,3635,1447.9055195838146,1040.0731433439119,1450.0443776349207,1041.402732130749,1,1,main_file,0.7217328338198533,1888,7,1.6,0.00022246782803090823,42.69923539855727,39.48626614490316,0.14899999951012433,0.3687999997055158,10.619699998642318,0.13800000306218863,11.142300005303696,0,True,on_screen,0.7516742373179737
1787908975040,2042,3636,1447.0305741908758,1040.7021369147408,1449.140236601707,1041.1925535659464,1,1,main_file,0.722264664723886,1904,7,1.6,0.0002218730271118241,44.68060118429795,39.49051664024301,0.13610000314656645,0.2958999975817278,10.122799998498522,0.13190000026952475,10.559599992120638,0,True,on_screen,0.7516742373179737
1787908975072,2043,3637,1445.4669970595141,1042.5055156400695,1448.0382647390493,1041.5864421881834,1,1,main_file,0.7216240708993814,1936,7,1.6,0.00022198968313011727,43.34386242135985,39.48693668830059,0.112599998828955,0.2806999982567504,11.807099988800474,0.19690000044647604,12.296699991566129,0,True,on_screen,0.7516742373179737
1787908975088,2044,3638,1444.7070683095465,1042.3816830936933,1447.0389058101985,1041.8250144598362,1,1,main_file,0.7212606397900858,1952,7,1.6,0.00022174252656535255,45.18387834422439,39.49130728210229,0.1407999952789396,0.29379999614320695,10.72020000719931,0.20120000408496708,11.22909999685362,0,True,on_screen,0.7516742373179737
1787908975120,2045,3639,1439.9918171037239,1042.0693549916166,1444.9247791982561,1041.8983166193702,1,1,main_file,0.721291711743848,1983,7,1.6,0.0002213994466852484,43.77751724798136,39.488530232477785,0.1247000036528334,0.3189999988535419,10.41849999455735,0.1486000110162422,10.89789999241475,0,True,on_screen,0.7516742373179737
1787908975136,2046,3640,1439.3289482997016,1042.184193312934,1443.2460299286897,1041.9840796274393,1,1,main_file,0.7212182412020023,2000,7,1.6,0.00022227743102293251,45.726396846144574,39.49264651967131,0.10609999299049377,0.2542000001994893,10.415500000817701,0.12989999959245324,10.807800004840828,0,True,on_screen,0.7516742373179737
1787908975168,2047,3641,1437.0035435602426,1041.0773163118404,1441.3732840181556,1041.7120506327597,1,1,main_file,0.7218119882941074,2032,7,1.6,0.00022115412435770067,44.245195731234546,39.48892464130177,0.15219999477267265,1.3055000017629936,10.971700001391582,0.18149999959859997,12.471199996070936,0,True,on_screen,0.7516742373179737
1787908975200,2048,3642,1432.6404077599086,1042.8460572396332,1438.7534211406814,1042.0522526148216,1,1,main_file,0.7211465104584818,2064,7,1.6,0.00022088042972909921,42.97351970832528,39.486888633964156,0.13179999950807542,0.2872000040952116,10.38539998990018,0.1483999949414283,10.832700005266815,0,True,on_screen,0.7516742373179737
1787908975216,2049,3643,1430.3476002832838,1043.259846509242,1436.2316748834621,1042.4145307831477,1,1,main_file,0.720348262757049,2080,7,1.6,0.000221024950204117,44.99077405007962,39.490609853846074,0.1655000087339431,0.295300007564947,11.18760000099428,0.1351000100839883,11.627699990640394,0,True,on_screen,0.7516742373179737
1787908975248,2050,3644,1424.2872515580073,1040.766346550795,1432.6483478858256,1041.9200755134418,1,1,main_file,0.7210431831762139,2111,7,1.6,0.00021969796066158634,43.6277807433521,39.48794815956349,0.1353999978164211,0.2888000017264858,10.820600000442937,0.16330000653397292,11.283200001344085,0,True,on_screen,0.7516742373179737
1787908975264,2051,3645,1421.4379904540256,1040.842555490517,1429.2852406562854,1041.5968195065643,1,1,main_file,0.72125660025455,2128,7,1.6,0.00021860794798514785,45.45538157732012,39.49176659831615,0.12760001118294895,0.30420000257436186,11.074699999880977,0.13890000991523266,11.528199989697896,0,True,on_screen,0.7516742373179737
1787908975296,2052,3646,1419.6878512424657,1041.494587642725,1426.4060238321395,1041.5661499474124,1,1,main_file,0.7208331927270258,2160,7,1.6,0.00021848474726094032,44.02825577374429,39.48916683808839,0.12179999612271786,0.26889999571722,10.447099994053133,0.13339999713934958,10.860299997148104,0,True,on_screen,0.7516742373179737
1787908975328,2053,3647,1421.0406351858724,1042.3542464103461,1424.7964072382592,1041.8025788862924,1,1,main_file,0.7200520299450238,2192,7,1.6,0.000218211515702154,42.784798195959674,39.4865578153515,0.11420001101214439,0.24880000273697078,10.23929999792017,0.13619998935610056,10.633899990352802,0,True,on_screen,0.7516742373179737
1787908975344,2054,3648,1420.8150909624346,1045.226746818395,1423.6020123555118,1042.829829265923,1,1,main_file,0.7177891938643342,2208,7,1.6,0.00021776610782234251,44.641475896853095,39.490094118815925,0.18440000712871552,0.3150999982608482,10.85790000797715,0.1998000079765916,11.386499987565912,0,True,on_screen,0.7516742373179737
1787908975376,2055,3649,1419.2927617313055,1047.3136471335579,1422.3092371682499,1044.1749746262135,1,1,main_file,0.7148678757386691,2240,7,1.6,0.00021654141258000206,43.31988735601269,39.487348469982294,0.1289000065298751,0.26780000189319253,10.894000006373972,0.1399000029778108,11.312999995425344,0,True,on_screen,0.7516742373179737
1787908975392,2056,3650,1419.3979163495046,1050.1663955344732,1421.4358409226263,1045.9724008986914,1,1,main_file,0.7111542640136013,2256,7,1.6,0.00021591725086022098,45.24106428561154,39.49126153756137,0.1171000039903447,0.2837000065483153,11.06459999573417,0.1289999927394092,11.486499992315657,0,True,on_screen,0.7516742373179737
1787908975424,2057,3651,1418.5906654010282,1053.560138560658,1420.5822882661469,1048.2487221972813,1,1,main_file,0.7065082062461994,2288,7,1.6,0.00021577718254364026,43.802844247495116,39.487929998291044,0.25070000265259296,0.3192999865859747,11.72480000241194,0.1466999965487048,12.202900004922412,0,True,on_screen,0.7516742373179737
1787908975456,2058,3652,1417.2853858540968,1056.688081467449,1419.5932175425319,1050.7805299783315,1,1,main_file,0.7013255744566411,2320,7,1.6,0.00021568346723165217,42.547052092511684,39.48532983063265,0.14450000890064985,0.3858999989461154,11.058399992180057,0.15160000475589186,11.612300004344434,0,True,on_screen,0.7516742373179737
1787908975472,2059,3653,1417.1392834995336,1056.632817780892,1418.8570373296322,1052.5362163190996,1,1,main_file,0.6977150017703533,2335,7,1.6,0.00021409983171751662,44.62900062470876,39.48982633917179,0.1832999987527728,0.25440000172238797,10.228200000710785,0.13070000568404794,10.622500005410984,0,True,on_screen,0.7516742373179737
1787908975504,2060,3654,1416.9658974133067,1055.927706475103,1418.2896953547345,1053.5536633659005,1,1,main_file,0.6955826767762993,2368,7,1.6,0.00021308136776186822,43.30434985883656,39.486478370408484,0.11680000170599669,0.2775000029942021,11.481300010927953,0.1568000006955117,11.926100007258356,0,True,on_screen,0.7516742373179737
1787908975520,2061,3655,1416.864382267561,1056.5641647931066,1417.8621014285823,1054.4568137940623,1,1,main_file,0.6937092296418624,2384,7,1.6,0.0002123649186472308,45.19576101853124,39.49032825084053,0.12759999663103372,0.2749999985098839,11.709200000041164,0.16039999900385737,12.15520000550896,0,True,on_screen,0.7516742373179737
1787908975552,2062,3656,1414.9421355909167,1056.0412600382417,1416.9861116772825,1054.932147667316,1,1,main_file,0.6925376371105658,2416,7,1.6,0.00021219678774281325,43.81409939519157,39.48816644042751,0.11000000813510269,0.26390000130049884,10.275299995555542,0.12929999502375722,10.677500002202578,0,True,on_screen,0.7516742373179737
1787908975568,2063,3657,1415.0819963049419,1059.613624778842,1416.4148770655802,1056.3365908007738,1,1,main_file,0.6896451408653412,2432,7,1.6,0.00021166317288069322,45.63224061178776,39.492084195090875,0.10509999992791563,0.23859999782871455,10.318599990569055,0.11970000923611224,10.684300010325387,0,True,on_screen,0.7516742373179737
1787908975601,2064,3658,1415.6754418630003,1057.1670502114519,1416.1930465048063,1056.585728623977,1,1,main_file,0.6890964031334861,2465,7,1.6,0.00021036951978397125,44.08580801181566,39.48813497482486,0.1210999907925725,0.308599992422387,11.626000006799586,0.17600000137463212,12.121600011596456,0,True,on_screen,0.7516742373179737
1787908975632,2065,3659,1415.729175968445,1056.5928863244892,1416.053885343898,1056.5878759341308,1,1,main_file,0.6890510592451028,2496,7,1.6,0.0002134530788677827,42.9176469097451,39.485842020049304,0.10979999206028879,0.2972999936901033,11.544200009666383,0.11520000407472253,11.96620000700932,0,True,on_screen,0.7516742373179737
1787908975648,2066,3660,1416.1364843972851,1058.0860318110056,1416.078665059914,1057.0373226971933,1,1,main_file,0.6881862524353108,2512,7,1.6,0.00021312865832586597,44.92966133551578,39.490436725024445,0.11449999874457717,0.24589999520685524,10.266299999784678,0.12229999992996454,10.643600006005727,0,True,on_screen,0.7516742373179737
1787908975680,2067,3661,1419.288514051593,1055.823193923609,1417.0416197574177,1056.673084065118,1,1,main_file,0.6891727504429355,2544,7,1.6,0.0002123636148442902,43.563454003748625,39.48726056412816,0.11579999409150332,0.24090000079013407,11.02309999987483,0.16769999638199806,11.441200011176988,0,True,on_screen,0.7516742373179737
1787908975696,2068,3662,1419.8982188289785,1056.8318048254994,1417.898599478886,1056.7207002932323,1,1,main_file,0.6893196398124444,2560,7,1.6,0.0002111986671373689,45.254410595062204,39.49077386874351,0.13870000839233398,0.2852000034181401,11.537099999259226,0.14630000805482268,11.97880000108853,0,True,on_screen,0.7516742373179737
1787908975728,2069,3663,1419.8932322673543,1057.048697916747,1418.4969893154264,1056.8190995802865,1,1,main_file,0.689290125434072,2592,7,1.6,0.00021110376457096278,43.90772022397561,39.48869996784152,0.12129999231547117,0.26539999817032367,10.305300005711615,0.13259999104775488,10.713800002122298,0,True,on_screen,0.7516742373179737
1787908975760,2070,3664,1420.8715377648984,1057.464558271372,1419.209353850268,1057.0127371876122,1,1,main_file,0.689100188384449,2624,7,1.6,0.00021055111220187085,42.63922596558572,39.48548307647485,0.14059999375604093,0.28219999512657523,11.138799993204884,0.13760000001639128,11.568900008569472,0,True,on_screen,0.7516742373179737
1787908975777,2071,3665,1421.4103504526681,1055.978465295719,1419.869652830988,1056.702455620044,1,1,main_file,0.6898717887958897,2641,7,1.6,0.0002080105008613279,44.197753572487876,39.488739154102845,0.16899999172892421,0.32419999479316175,11.578200006624684,0.1508000132162124,12.06619999720715,0,True,on_screen,0.7516742373179737
1787908975808,2072,3666,1424.0942008553416,1057.962369119125,1421.137017238294,1057.0804296697684,1,1,main_file,0.6894423016578373,2672,7,1.6,0.00020736839591785003,42.99286442391503,39.486450767814176,0.17769999976735562,0.34529999538790435,11.1728000047151,0.13449999096337706,11.66469999589026,0,True,on_screen,0.7516742373179737
1787908975824,2073,3667,1425.5437686686018,1058.6768770046313,1422.4590426673863,1057.5593638702271,1,1,main_file,0.6888066716391402,2687,7,1.6,0.0002077428802762446,45.02397401170121,39.49069172573405,0.11219999578315765,0.2702000056160614,10.799099996802397,0.14229999214876443,11.220100001082756,0,True,on_screen,0.7516742373179737
1787908975856,2074,3668,1582.667845991244,1052.7888453011815,1470.5216836645434,1056.1282082995135,1,1,main_file,0.6877254170658298,2720,7,1.6,0.00021529226788338102,43.61831883737166,39.48703593028277,0.11400000948924571,0.3682999958982691,12.322700000368059,0.1472000003559515,12.849799997638911,0,True,on_screen,0.7516742373179737
1787908975872,2075,3669,1819.2700454839987,1059.2946444065733,1575.14619221038,1057.0781391316314,1,1,main_file,0.593245543376971,2736,7,1.6,0.0002137417798629311,45.61045373372443,39.4920499597231,0.10830000974237919,0.26679999427869916,10.215700007393025,0.14790000568609685,10.63939998857677,0,True,on_screen,0.7516742373179737
1787908975904,2076,3670,2156.1375858724755,1085.2371322881804,1749.4436103090084,1065.525837078596,1,1,main_file,0.3111323922378936,2768,7,1.6,0.00021772047168656244,44.12895616012506,39.488824632504155,0.2150999935111031,0.341799997841008,10.601099987979978,0.12480000441428274,11.07880000199657,0,True,on_screen,0.7516742373179737
1787908975936,2077,3671,2304.6833409211868,1090.873436370747,1916.0155294926617,1073.1301168662412,1,2,second_file,0.16601729947408006,0,4,1.8,0.00020923720843021507,42.88224067492045,39.4862701371556,0.11860000086016953,0.2693999995244667,10.412399991764687,0.1404999929945916,10.832800006028265,0,True,on_screen,0.7516742373179737
1787908975952,2078,3672,2390.401016486442,1096.5503290547947,2058.3311755907957,1080.1561805228073,1,2,second_file,0.4019916229676944,15,4,1.8,0.00020607599177800348,44.834733537148985,39.48975069438958,0.1252000074600801,0.36330000148154795,11.393100008717738,0.1669000048423186,11.93789999524597,0,True,on_screen,0.7516742373179737
1787908975984,2079,3673,2441.2826300137976,1094.0508215695731,2173.2166119176964,1084.324572836837,1,2,second_file,0.5563545695329146,47,4,1.8,0.00019629765542873018,43.47713933731766,39.48703475734679,0.19750000501517206,0.33200001053046435,11.176900006830692,0.1441000058548525,11.667200000374578,0,True,on_screen,0.7516742373179737
1787908976000,2080,3674,2469.613136959578,1095.5755404096706,2262.1355694302606,1087.699863108687,1,2,second_file,0.6224996063454932,63,4,1.8,0.00019449821467339146,45.349568719005795,39.49100764711161,0.1796999858925119,0.29320000612642616,11.101399999461137,0.1483999949414283,11.554900003829971,0,True,on_screen,0.7516742373179737
1787908976032,2081,3675,2498.152594014038,1098.9692656572295,2332.9406768053937,1091.0806838732497,1,2,second_file,0.6206387247950405,95,4,1.8,0.0001831596034547224,43.91744597570569,39.4876779480012,0.16369999502785504,0.2941999991890043,12.020800000755116,0.16630000027362257,12.495400005718693,0,True,on_screen,0.7516742373179737
1787908976064,2082,3676,2575.3827599986616,1104.3722322380413,2405.673301763374,1095.068148382687,1,2,second_file,0.5681978976278247,127,4,1.8,0.00018505845510866613,42.67716381305454,39.485252673282275,0.13330001092981547,0.2972000074805692,11.308599991025403,0.18620000628288835,11.806599999545142,0,True,on_screen,0.7516742373179737
1787908976080,2083,3677,2608.1895253271205,1105.1395919752686,2466.428168832498,1098.0895814604614,1,2,second_file,0.4971513757325675,143,4,1.8,0.000183026377152843,44.56776547266831,39.48889869597463,0.14319999900180846,0.2872000040952116,11.839799990411848,0.156299996888265,12.296100001549348,0,True,on_screen,0.7516742373179737
1787908976112,2084,3678,2622.658890924394,1104.3261279239543,2513.297385460067,1099.960545399509,1,2,second_file,0.431793320103698,175,4,1.8,0.000183131255567957,43.26280894392433,39.4868574865869,0.12450000212993473,0.2460999967297539,10.288599994964898,0.16239999968092889,10.70669999171514,0,True,on_screen,0.7516742373179737
1787908976129,2085,3679,2618.6207678148076,1102.9435307754586,2544.894400166489,1100.8554410122938,1,2,second_file,0.3843282316865537,192,4,1.8,0.00018320370709795815,44.79839892639097,39.48962996842921,0.16280000272672623,0.37190000875853,11.858500001835637,0.18709999858401716,12.430900009348989,0,True,on_screen,0.7516742373179737
1787908976160,2086,3680,2613.5040882243793,1094.6019664267496,2565.477306583856,1098.9793986366305,1,2,second_file,0.35501579882452383,223,4,1.6,0.00017638161418828333,43.54171417952781,39.487340748068185,0.1444000081392005,0.28020000900141895,11.66899999952875,0.16929999401327223,12.130899995099753,0,True,on_screen,0.7516742373179737
1787908976176,2087,3681,2627.083466575879,1093.199706275706,2583.9591545814624,1097.245490928353,1,2,second_file,0.32775341150854,240,4,1.6,0.0001749080226498695,45.3568786959676,39.491311949458755,0.1252000074600801,0.3167999966535717,11.421400005929172,0.12530000822152942,11.87220000429079,0,True,on_screen,0.7516742373179737
1787908976208,2088,3682,2631.575484450401,1088.2357716918523,2598.244053542144,1094.5425751574028,1,2,second_file,0.30758341134853096,271,4,1.6,0.00017349779450546998,43.97665087694164,39.488735586678295,0.13390000094659626,0.30700000934302807,11.106000005383976,0.16160000814124942,11.58620000933297,0,True,on_screen,0.7516742373179737
1787908976240,2089,3683,2639.0445698937483,1087.1649328547091,2610.484208447625,1092.3292824665946,1,2,second_file,0.28973663452075993,303,4,1.6,0.00017514376651199363,42.68837084540992,39.486030316888844,0.1601000112714246,0.32419999479316175,10.66309999441728,0.1387999946018681,11.139099995489232,0,True,on_screen,0.7516742373179737
1787908976256,2090,3684,2634.575760583636,1084.8345798091887,2617.711674088428,1090.0808716693728,1,2,second_file,0.2799772272737667,319,4,1.6,0.00017160124153304396,44.71723887825344,39.490191574359116,0.11409999569877982,0.2582000015536323,10.34980000986252,0.1373000122839585,10.754299990367144,0,True,on_screen,0.7516742373179737
1787908976288,2091,3685,2636.7717530595096,1081.6830264973992,2623.429697779752,1087.5615181177805,1,2,second_file,0.27287096685613454,351,4,1.6,0.0001729642143794563,43.367841498660084,39.48656471778411,0.11209999502170831,0.2708000101847574,12.131199997384101,0.20819999917875975,12.620800000149757,0,True,on_screen,0.7516742373179737
1787908976304,2092,3686,2638.583350376026,1081.259057590751,2627.975793558634,1085.6707799596716,1,2,second_file,0.2670142908978914,367,4,1.6,0.0001721773640688297,45.19849083132384,39.4905725991308,0.12540000898297876,0.32669999927747995,11.754799998016097,0.16260000120382756,12.257599999429658,0,True,on_screen,0.7516742373179737
1787908976336,2093,3687,2633.7462799048585,1079.0048690437084,2629.7069394625014,1083.6710066848825,1,2,second_file,0.2660001654499857,399,4,1.6,0.0001701573753376505,43.83091879615833,39.48842688350755,0.13970000145491213,0.29399999766610563,10.492600005818531,0.13220000255387276,10.930400007055141,0,True,on_screen,0.7516742373179737
1787908976368,2094,3688,2630.752980854495,1079.423503294041,2630.0207518800994,1082.39675566763,1,2,second_file,0.2666880335395714,431,4,1.6,0.00016922242166479175,42.575094184873635,39.48542863488719,0.16910000704228878,0.3530999965732917,10.867200006032363,0.13669999316334724,11.36910000059288,0,True,on_screen,0.7516742373179737
1787908976385,2095,3689,2628.276071189882,1077.0155672200403,2629.497347673034,1080.782399133353,1,2,second_file,0.2691283768323198,448,4,1.6,0.00016805343787023447,44.0835333799029,39.488691220261806,0.13349999790079892,0.2935999946203083,11.15050000953488,0.17749999824445695,11.63269999960903,0,True,on_screen,0.7516742373179737
1787908976416,2096,3690,2627.1904835687733,1063.5721071153275,2628.8052884417557,1075.6193115279452,1,2,second_file,0.2751905183939618,479,4,1.6,0.0001670140252457604,42.94957427978607,39.486782898957586,0.13770000077784061,0.2989000058732927,10.475199989741668,0.14659999578725547,10.932300006970763,0,True,on_screen,0.7516742373179737
1787908976432,2097,3691,2626.871703040626,1060.0032823714596,2628.225212821417,1070.9345027809995,1,2,second_file,0.28052639276686087,495,4,1.6,0.00016660993124888862,44.84718082168312,39.490857459929714,0.12709999282378703,0.24920000578276813,10.066100003314205,0.13939999917056412,10.464500010129996,0,True,on_screen,0.7516742373179737
1787908976464,2098,3692,2628.1682852632434,1056.668983455315,2628.2081345539646,1066.654846983294,1,2,second_file,0.2844354567115507,527,4,1.6,0.00016596198591142808,43.50545637725325,39.487796898528536,0.11860000086016953,0.25599999935366213,10.733999995863996,0.21610000112559646,11.216200000490062,0,True,on_screen,0.7516742373179737
1787908976481,2099,3693,2634.4229233231486,1053.4359867582948,2630.07257118472,1062.6891889157941,1,2,second_file,0.28468767012038343,544,4,1.6,0.0001657480895025376,45.12620077704032,39.49103433112085,0.17329999536741525,0.28709998878184706,11.651399996480905,0.1782000035746023,12.126599991461262,0,True,on_screen,0.7516742373179737
1787908976512,2100,3694,2644.586404906426,1054.245260218735,2634.4267213012317,1060.1560103066763,1,2,second_file,0.2792123315373718,575,4,1.4,0.00016550002223844965,43.7744966060544,39.48849561741948,0.1362000039080158,0.3327999875182286,11.33269999991171,0.14940000255592167,11.826099987956695,0,True,on_screen,0.7516742373179737
1787908976544,2101,3695,2638.0399902938166,1051.9209414965387,2635.5107019990073,1057.685489663635,1,2,second_file,0.2793933282332841,607,4,1.4,0.00016525999629209837,42.54967182131835,39.48570298246903,0.17939999816007912,0.2857000072253868,11.573399999178946,0.178700007381849,12.048299991874956,0,True,on_screen,0.7516742373179737
1787908976560,2102,3696,2637.5257443382966,1050.6398435905228,2636.115214700794,1055.5717958417013,1,2,second_file,0.28009136456766937,623,4,1.4,0.00016533459437364367,44.39617204190553,39.48976298678994,0.13810000382363796,0.30679999326821417,10.899700006120838,0.14089999604038894,11.360899996361695,0,True,on_screen,0.7516742373179737
1787908976592,2103,3697,2630.555718008741,1047.3501570981125,2634.4473656931777,1053.1053042186245,1,2,second_file,0.28510364325508264,655,4,1.4,0.00016401665998998227,43.1045648231211,39.4869147413914,0.14479999663308263,0.31119999766815454,11.215499995159917,0.13109999417793006,11.670699997921474,0,True,on_screen,0.7516742373179737
1787908976608,2104,3698,2630.2634754314245,1045.8003916736052,2633.1921986146517,1050.9138304551186,1,2,second_file,0.2891418516448532,671,4,1.4,0.00016551520937591394,45.13695171253418,39.491413388823794,0.10710000060498714,0.23990000772755593,10.176099996897392,0.13699999544769526,10.561500006588176,0,True,on_screen,0.7516742373179737
1787908976640,2105,3699,2628.43585129633,1043.01960587014,2631.765294419155,1048.545563079625,1,2,second_file,0.29361868974348027,703,4,1.4,0.00016754455997099182,43.72304172525353,39.4878329638594,0.19850001262966543,0.37549999251496047,11.573299998417497,0.15199999324977398,12.115899997297674,0,True,on_screen,0.7516742373179737
1787908976656,2106,3700,2627.820415409978,1039.416952136174,2630.581830716402,1045.8069797965895,1,2,second_file,0.2979426372527031,719,4,1.4,0.0001681664185173605,45.646341335044326,39.492166432063605,0.16549999418202788,0.2673999988473952,10.836100002052262,0.16110000433400273,11.274599994067103,0,True,on_screen,0.7516742373179737
1787908976688,2107,3701,2628.5219157956853,1034.253982086646,2629.9638562401865,1042.3410804836062,1,2,second_file,0.30180050113122436,751,4,1.2,0.0001684146522358508,44.20002231303195,39.48926081709745,0.13760000001639128,0.29669998912140727,10.985200002323836,0.1306999911321327,11.422799987485632,0,True,on_screen,0.7516742373179737
1787908976720,2108,3702,2630.231167685083,1032.5812485127556,2630.0440496736555,1039.413130892351,1,2,second_file,0.3039358785695627,783,4,1.2,0.000169639134946286,42.92660367917695,39.48641616299566,0.10659999679774046,0.23659999715164304,11.339699995005503,0.1336999994236976,11.719200003426522,0,True,on_screen,0.7516742373179737
1787908976736,2109,3703,2630.006652062598,1029.8972130600075,2630.032830390338,1036.558355542648,1,2,second_file,0.3061402351435413,799,4,1.2,0.0001658783745939925,44.67985597286195,39.490139450284005,0.21399999968707561,0.3282999969087541,11.121099989395589,0.1993000041693449,11.662500008242205,0,True,on_screen,0.7516742373179737
1787908976768,2110,3704,2628.264682377148,1029.383983656682,2629.502385986381,1034.4060439768582,1,2,second_file,0.30872400454712234,831,4,1.2,0.00016675267637187435,43.39356418196852,39.48774425683535,0.11629999789875001,0.26029998844023794,10.844100004760548,0.13050000416114926,11.244799999985844,0,True,on_screen,0.7516742373179737
1787908976784,2111,3705,2662.1460006458074,982.7411478433896,2639.295470384209,1018.9065751368175,1,2,second_file,0.3016669393222998,847,4,1.2,0.00016647723196140662,45.29675572090819,39.49193911324294,0.10109999857377261,0.23380000493489206,10.2059999917401,0.1362000039080158,10.583700001006946,0,True,on_screen,0.7516742373179737
1787908976816,2112,3706,2712.0407147331066,898.9467028871295,2661.119043688878,982.918613461911,1,2,second_file,0.28034187618830353,879,4,1.2,0.00016156089810539717,43.897391896514755,39.488615271856425,0.10640000982675701,0.2555999963078648,11.413100000936538,0.17949999892152846,11.858500001835637,0,True,on_screen,0.7516742373179737
1787908976848,2113,3707,2757.435490665999,857.1713859650841,2690.013977782014,945.1944452128629,1,2,second_file,0.23709469135837336,911,4,1.2,0.0001565429732355364,42.62372321811034,39.485720002678605,0.12399999832268804,0.3001000004587695,11.480199988000095,0.156299996888265,11.973900007433258,0,True,on_screen,0.7516742373179737
1787908976864,2114,3708,2783.94918450416,823.873832675096,2718.1945397986574,908.7982614515328,1,2,second_file,0.18676967559471502,927,4,1.2,0.00015651331994785342,44.58757450379153,39.49008666285914,0.1652999926591292,0.2516999957151711,10.47639999887906,0.1176999940071255,10.854499996639788,0,True,on_screen,0.7516742373179737
1787908976896,2115,3709,2787.80506217295,766.4556183534281,2739.077696510945,866.0954685221013,-1,-1,off_screen,0.0,0,14,1.4,9.14860749388572e-05,43.265658630025,39.487190072350906,0.12199999764561653,0.25880000612232834,10.734600000432692,0.18450000789016485,11.188200005562976,0,True,gaze_outside_screen,0.7516742373179737
1787908976913,2116,3710,2788.7517518828845,781.2177179978898,2753.979913122527,840.6321433648378,-1,-1,off_screen,0.0,17,14,1.4,-1.2783467406619203e-05,44.72107726021098,39.490502015886136,0.9266999986721203,0.2916999947046861,10.886899995966814,0.14760000340174884,11.33799999661278,0,True,gaze_outside_screen,0.7516742373179737
1787908976944,2117,3711,1938.1480789625334,2152.374448126492,2509.2303628745285,1234.154834793334,2,2,terminal,0.42941763062462124,0,13,1.6,-0.0002636568587085653,43.489903830014015,39.488253264051664,0.12070000229869038,0.26819999038707465,10.732499998994172,0.14439999358728528,11.15649999701418,0,True,on_screen,0.7516742373179737
1787908976976,2118,3712,1626.3560112381688,2974.2218598125296,2244.3680573836205,1756.1749422990924,-1,-1,off_screen,0.0,0,15,1.8,-0.00048132347191232397,42.277656629643545,39.48570847597963,0.16419999883510172,0.27239999326411635,10.255300003336743,0.12190001143608242,10.658600003807805,0,True,gaze_outside_screen,0.7516742373179737
1787908976992,2119,3713,0.0,0.0,0.0,0.0,-1,-1,,0.0,0,0,1.8,-0.0010958788143307745,44.325582077448104,39.48904569671732,0.09919999865815043,0.24049999774433672,11.741199996322393,0.10769999062176794,12.103000000934117,0,True,eyes_invalid_or_blink,0.7516742373179737
1787908977024,2120,3714,0.0,0.0,0.0,0.0,-1,-1,,0.0,0,0,1.8,-0.001446417070444437,43.02885227770611,39.486542937262904,0.10989999282173812,0.26950000028591603,11.108500009868294,0.10879999899771065,11.498200008645654,0,True,eyes_invalid_or_blink,0.7516742373179737
1787908977040,2121,3715,0.0,0.0,0.0,0.0,-1,-1,,0.0,0,0,1.8,-0.001430492266467659,44.72124277298574,39.49034145866425,0.1365999924018979,0.2837000065483153,10.71119999687653,0.0875000114319846,11.093900000560097,0,True,eyes_invalid_or_blink,0.7516742373179737
1787908977072,2122,3716,1316.9007663968425,3241.537077763176,1966.1278700875869,2201.7835829383175,-1,-1,off_screen,0.0,0,16,2.0,-0.0012684060070313162,43.41683314698816,39.48766497423997,0.11990001075901091,0.2806999982567504,10.803700002725236,0.13250000483822078,11.225900001591071,0,True,gaze_outside_screen,0.7516742373179737
1787908977093,2123,3717,1259.0948285424972,2612.2390074836508,1754.01795762406,2324.9202103019175,-1,-1,off_screen,0.0,20,16,2.0,-0.001143701389245088,43.863000183250264,39.48946708079585,0.1382000045850873,0.31200000375974923,10.895499988691881,0.14649999502580613,11.368399995262735,0,True,gaze_outside_screen,0.7516742373179737
1787908977120,2124,3718,1269.6124732135438,2222.6266135476444,1608.696312300905,2294.2321312756353,-1,-1,off_screen,0.0,47,16,2.0,-0.0010938476603777544,43.15371149073448,39.48891756274023,0.11510000331327319,0.26849999267142266,10.392600001068786,0.13329999637790024,10.805800004163757,0,True,gaze_outside_screen,0.7516742373179737
1787908977152,2125,3719,1374.0316218430416,2248.618600337315,1538.296905163546,2280.5480719941393,-1,-1,off_screen,0.0,79,16,2.0,-0.0011679475875071184,41.95224704887484,39.486178453029666,0.11280000035185367,0.27520000003278255,10.14460000442341,0.11850000009872019,10.548399994149804,0,True,gaze_outside_screen,0.7516742373179737
1787908977169,2126,3720,1088.26194817104,2570.5535071336094,1403.286418065794,2367.54970253598,-1,-1,off_screen,0.0,96,16,2.0,-0.0015183611870533548,43.862401185233765,39.488369492658606,0.10140000085812062,0.25579999783076346,13.789900011033751,0.21129999367985874,14.268300001276657,0,True,gaze_outside_screen,0.7516742373179737
1787908977200,2127,3721,901.7197561668748,3040.902111254271,1252.8164194961182,2569.5554251514673,-1,-1,off_screen,0.0,128,16,2.0,-0.00191385957455888,42.65597307502437,39.48695588313285,0.12430000060703605,0.2801999944495037,11.084400000981987,0.1402000052621588,11.516299986396916,0,True,gaze_outside_screen,0.7516742373179737
1787908977216,2128,3722,0.0,0.0,0.0,0.0,-1,-1,,0.0,0,0,2.0,-0.00237504475816697,44.598201357485706,39.49112240470394,0.16369999502785504,0.31790000502951443,10.370100004365668,0.09050000517163426,10.788100000354461,0,True,eyes_invalid_or_blink,0.7516742373179737
1787908977248,2129,3723,0.0,0.0,0.0,0.0,-1,-1,,0.0,0,0,2.0,-0.0025025964043963976,43.27375735708609,39.48822245469214,0.11979999544564635,0.272599994787015,10.771800007205456,0.08490000618621707,11.139200010802597,0,True,eyes_invalid_or_blink,0.7516742373179737
1787908977280,2130,3724,0.0,0.0,0.0,0.0,-1,-1,,0.0,0,0,2.0,-0.0026702547404333574,42.05390181936572,39.48558715684534,0.15469999925699085,0.2826999989338219,10.208799998508766,0.07449999975506216,10.577099994407035,0,True,eyes_invalid_or_blink,0.7516742373179737
1787908977296,2131,3725,747.5513893787137,3223.4669695600032,1101.2369104608968,2765.728888474028,-1,-1,off_screen,0.0,0,17,2.2,-0.003052658612543741,44.16902486414148,39.48946179187201,0.09919999865815043,0.24810001195874065,10.438299999805167,0.13080000644549727,10.825100005604327,0,True,gaze_outside_screen,0.7516742373179737
1787908977328,2132,3726,-306.5758533990735,2105.2071905578996,678.8930813029057,2567.572379099189,-1,-1,off_screen,0.0,32,17,2.2,-0.0038653302112884973,42.87161452438827,39.48646836880586,0.115999995614402,0.26080000679939985,10.839700000360608,0.13250000483822078,11.244599998462945,0,True,gaze_outside_screen,0.7516742373179737
1787908977344,2133,3727,-422.6115506717924,1720.7929991201672,348.44169171049623,2313.5385651054826,-1,-1,off_screen,0.0,48,17,2.2,-0.0033798836148101283,44.84008314078083,39.489882141755636,0.0990999978967011,0.24219999613706023,11.984900003881194,0.18309999722987413,12.424700005794875,0,True,gaze_outside_screen,0.7516742373179737
1787908977376,2134,3728,-721.4627504540605,381.218096138323,27.470359061129216,1733.8424244153346,-1,-1,off_screen,0.0,79,17,2.2,-0.0028450942735888923,43.462060371508606,39.487502676225006,0.18570000247564167,0.33299998904112726,10.713000010582618,0.18180000188294798,11.240500010899268,0,True,gaze_outside_screen,0.7516742373179737
1787908977392,2135,3729,-1067.3717491112043,62.9371276082594,-300.9822733905708,1232.570835373212,-1,-1,off_screen,0.0,95,17,2.2,-0.0034228589593502737,45.358986886089696,39.49134725360496,0.1120000088121742,0.25839998852461576,10.953100005281158,0.13279999257065356,11.353800000506453,0,True,gaze_outside_screen,0.7516742373179737
1787908977424,2136,3730,-1309.0089219574636,-640.7118582416896,-603.3902679606387,670.5860272887415,-1,-1,off_screen,0.0,128,17,2.2,-0.00365298232068113,43.97047397978322,39.48830315702042,0.14519999967887998,0.28140000358689576,11.742899994715117,0.1480999926570803,12.184600011096336,0,True,gaze_outside_screen,0.7516742373179737
1787908977456,2137,3731,-978.5400943943794,-981.5859287146529,-715.9352158907609,174.93444048772318,-1,-1,off_screen,0.0,160,17,2.2,-0.003334217615886651,42.66181947351541,39.48523425006606,0.15550000534858555,0.3130000113742426,11.974000008194707,0.17189999925903976,12.47289999446366,0,True,gaze_outside_screen,0.7516742373179737
1787908977472,2138,3732,-1155.454342719492,-1207.191663959631,-847.7909539393802,-239.70339084648305,-1,-1,off_screen,0.0,175,17,2.2,-0.0031989568353257593,44.77103360028976,39.48971400033867,0.11470000026747584,0.27359998784959316,10.965900000883266,0.14150000060908496,11.39129999501165,0,True,gaze_outside_screen,0.7516742373179737
1787908977504,2139,3733,-1130.477890243259,-1301.7552634557014,-932.5970348305439,-558.3189526292485,-1,-1,off_screen,0.0,207,17,2.0,-0.003128815236036874,43.41001046009448,39.4870880078222,0.14540000120177865,0.2941999991890043,10.467000000062399,0.13549999857787043,10.909399992669933,0,True,gaze_outside_screen,0.7516742373179737
1787908977520,2140,3734,-1217.560381167938,-1382.5727196222992,-1018.0860387317621,-805.5950827271637,-1,-1,off_screen,0.0,223,17,2.0,-0.0031120713691524284,45.396521438314,39.49069462434609,0.1100999943446368,0.24160000612027943,11.389400009647943,0.15380000695586205,11.794000005465932,0,True,gaze_outside_screen,0.7516742373179737
1787908977552,2141,3735,-1260.4722085731578,-1308.3924811043687,-1090.8018896841809,-956.4343022403251,-1,-1,off_screen,0.0,256,17,2.0,-0.0031678333296746713,43.9725223358101,39.48817514384362,0.11839999933727086,0.2699000033317134,10.630199991283007,0.1424999936716631,11.054700007662177,0,True,gaze_outside_screen,0.7516742373179737
1787908977584,2142,3736,-1362.1821535432282,-1528.6176225112436,-1172.215968841895,-1128.0892983216006,-1,-1,off_screen,0.0,288,17,2.0,-0.0032988039086915347,42.675410847615446,39.48540977910223,0.2351000002818182,0.3445000038482249,10.260399998514913,0.13250000483822078,10.74839998909738,0,True,gaze_outside_screen,0.7516742373179737
1787908977600,2143,3737,-1405.8523661232164,-1459.616105875675,-1242.3068880262913,-1227.5473405878229,-1,-1,off_screen,0.0,303,17,2.0,-0.0032309677720920305,44.82594305739248,39.48932418642651,0.1309000072069466,0.28959999326616526,10.682599997380748,0.12909999350085855,11.111599989817478,0,True,gaze_outside_screen,0.7516742373179737
1787908977632,2144,3738,-1540.0911862190246,-1597.475066056146,-1331.6421774841112,-1338.5256582283198,-1,-1,off_screen,0.0,335,17,2.0,-0.003167894720860695,43.451071754737754,39.48616928891881,0.1466999965487048,0.31060000765137374,11.351299996022135,0.1424999936716631,11.820200001238845,0,True,gaze_outside_screen,0.7516742373179737
1787908977648,2145,3739,-1444.7419105234135,-1589.5346414132655,-1365.572097395902,-1413.8283531838033,-1,-1,off_screen,0.0,351,17,2.0,-0.0031686430812362994,45.38879235163679,39.49063243806226,0.09670000872574747,0.24519998987670988,10.147300010430627,0.12620000052265823,10.527199992793612,0,True,gaze_outside_screen,0.7516742373179737
1787908977680,2146,3740,-1620.4381737916858,-1589.8458588183155,-1442.031920314637,-1466.6336048741568,-1,-1,off_screen,0.0,384,17,2.0,-0.003232739630769598,43.98560386302489,39.48741588160055,0.1255999959539622,0.28500000189524144,11.259000006248243,0.119399992399849,11.673200002405792,0,True,gaze_outside_screen,0.7516742373179737
1787908977696,2147,3741,-1517.6175764866057,-1522.4276374498827,-1464.7076171662277,-1483.3718146468746,-1,-1,off_screen,0.0,400,17,1.8,-0.0031702275007288814,45.75976867298209,39.49144465144601,0.1286000042455271,0.2845999988494441,10.691299990867265,0.14649999502580613,11.132700004964136,0,True,gaze_outside_screen,0.7516742373179737
1787908977728,2148,3742,-1367.0051101799424,-1343.6702148536658,-1435.3968650703418,-1441.4613347089119,-1,-1,off_screen,0.0,431,17,1.8,-0.003018314981479928,44.313515732487765,39.4888248240343,0.14430000737775117,0.29630000062752515,10.349000003770925,0.13080000644549727,10.78899999265559,0,True,gaze_outside_screen,0.7516742373179737
1787908977760,2149,3743,-1172.8891118668985,-1291.09514687707,-1356.6445391093089,-1396.3514783593591,-1,-1,off_screen,0.0,463,17,1.8,-0.002821862013340677,43.02761944880294,39.48610564644981,0.11280000035185367,0.2573000092525035,10.460300007252954,0.12149999383836985,10.84830000763759,0,True,gaze_outside_screen,0.7516742373179737
1787908977776,2150,3744,-933.9725891373421,-1072.583232088018,-1229.8429541177188,-1299.2210044779567,-1,-1,off_screen,0.0,480,17,1.8,-0.0027434734374298976,44.87677289887933,39.489846494390136,0.11239999730605632,0.261199995293282,10.52460000209976,0.14139999984763563,10.93649999529589,0,True,gaze_outside_screen,0.7516742373179737
1787908977808,2151,3745,-688.152708950309,-552.0018944633164,-1067.335880567496,-1075.0552714735645,-1,-1,off_screen,0.0,512,17,1.8,-0.0020740400500110223,43.52143703391663,39.486773211526135,0.16290000348817557,0.2750999992713332,11.251600008108653,0.175300010596402,11.715499989804812,0,True,gaze_outside_screen,0.7516742373179737
1787908977824,2152,3746,-122.15257944737169,-646.7428857132043,-783.7808902314586,-946.5615557454564,-1,-1,off_screen,0.0,527,17,1.8,-0.002069802981939657,45.336955046652854,39.49095538627919,0.12140000762883574,0.2420999953756109,10.423900006571785,0.10620000830385834,10.779999996884726,0,True,gaze_outside_screen,0.7516742373179737
1787908977856,2153,3747,-119.90743074049176,-752.9482207439391,-584.6188523841686,-888.4775552450012,-1,-1,off_screen,0.0,559,17,1.8,-0.0024899696335608755,43.94379538076442,39.48795972114687,0.1370999962091446,0.24979999579954892,11.068499996326864,0.13089999265503138,11.45879999967292,0,True,gaze_outside_screen,0.7516742373179737
1787908977888,2154,3748,761.6791585220079,-2430.619174291396,-180.7294491123156,-1351.1200409589196,-1,-1,off_screen,0.0,592,17,1.8,-0.0018387041826515432,42.659661614478516,39.48499443634343,0.14819999341852963,0.46969999675638974,11.116800000309013,0.13499999477062374,11.759100001654588,0,True,gaze_outside_screen,0.7516742373179737
1787908977904,2155,3749,1079.9191243905555,-1507.2387651452482,197.46512293854573,-1397.955658214818,-1,-1,off_screen,0.0,608,17,1.8,-0.0025059411872642053,44.72513357859104,39.48940051349492,0.11669998639263213,0.24629999825265259,10.325800001737662,0.11579999409150332,10.697000005166046,0,True,gaze_outside_screen,0.7516742373179737
1787908977936,2156,3750,411.6234589862074,-2060.5750490091023,261.71262375284425,-1596.7414754531032,-1,-1,off_screen,0.0,640,17,1.6,-0.0010204755480867286,43.37951590081613,39.48640020302679,0.11330000415910035,0.2643000043462962,10.843199997907504,0.1385000068694353,11.255200006416999,0,True,gaze_outside_screen,0.7516742373179737
1787908977952,2157,3751,401.01876047694685,-1596.8745847407665,303.504464770075,-1596.781408239402,-1,-1,off_screen,0.0,655,17,1.6,-0.0016311097049345503,45.29336170352556,39.49053761711752,0.10789999214466661,0.23559998953714967,10.263999996823259,0.12480000441428274,10.632400008034892,0,True,gaze_outside_screen,0.7516742373179737
1787908977984,2158,3752,743.4240424758807,-814.3575166080363,435.4803380818167,-1362.054240749992,-1,-1,off_screen,0.0,687,17,1.6,-0.00157589273537765,43.85959824420903,39.48627672027998,0.13970000145491213,0.34869999217335135,13.40630000049714,0.13339999713934958,13.903200000640936,0,True,gaze_outside_screen,0.7516742373179737
1787908978000,2159,3753,1175.1351531780874,-563.2465239989149,657.3767826106979,-1122.4119257246687,-1,-1,off_screen,0.0,703,17,1.4,-0.0015681923167595521,45.81197904492505,39.491433382638085,0.13580000086221844,0.33620001340750605,10.55800000904128,0.13839999155607074,11.040800003684126,0,True,gaze_outside_screen,0.7516742373179737
1787908978032,2160,3754,493.4213634883275,-763.8171240155584,608.1901568739867,-1014.8334852119356,-1,-1,off_screen,0.0,736,17,1.4,-0.0015995311598675128,44.36989735343834,39.48891203156815,0.12509999214671552,0.2555999963078648,10.185799997998402,0.12480000441428274,10.576100001344457,0,True,gaze_outside_screen,0.7516742373179737
1787908978064,2161,3755,-160.54733820869663,-1335.526749777781,377.5689083491817,-1111.041464581689,-1,-1,off_screen,0.0,767,17,1.4,-0.0014831313784309103,43.056228832305365,39.48581626839002,0.17430000298190862,0.2806999982567504,10.872699989704415,0.17210000078193843,11.33789999585133,0,True,gaze_outside_screen,0.7516742373179737
1787908978080,2162,3756,-414.9731433453089,-1586.5823568758933,139.8062928408345,-1253.7037322699503,-1,-1,off_screen,0.0,783,17,1.4,-0.0016817852729843867,44.918533959084584,39.48970499027857,0.12240000069141388,0.28619999648071826,10.644399997545406,0.1331000094069168,11.08320000639651,0,True,gaze_outside_screen,0.7516742373179737
1787908978112,2163,3757,-642.7596271959376,-1974.6162098927082,-94.96348317019712,-1469.9774755567776,-1,-1,off_screen,0.0,815,17,1.4,-0.0020639511498563093,43.51932378398918,39.4863236868794,0.17549999756738544,1.3091000000713393,10.76969999121502,0.13010000111535192,12.218400006531738,0,True,gaze_outside_screen,0.7516742373179737
1787908978128,2164,3758,-478.46893750905286,-1730.205978524377,-210.01511947185384,-1548.046026447057,-1,-1,off_screen,0.0,832,17,1.4,-0.002141325976056232,45.60927913132023,39.49102823684813,0.09390000195708126,0.23119999968912452,10.261999996146187,0.18109999655280262,10.682199994334951,0,True,gaze_outside_screen,0.7516742373179737
1787908978160,2165,3759,-265.45358579641714,-1745.9219801262643,-226.64665936922282,-1607.4088125508192,-1,-1,off_screen,0.0,864,17,1.2,-0.0024580018784460048,44.160707272464556,39.488085701318006,0.15530000382568687,0.3281999961473048,10.412999996333383,0.2108000044245273,10.968000002321787,0,True,gaze_outside_screen,0.7516742373179737
1787908978176,2166,3760,-133.1315167482357,-1642.0309677987887,-198.59211658292668,-1617.7954591252098,-1,-1,off_screen,0.0,880,17,1.2,-0.002385621732424053,46.056014698886905,39.49221207801387,0.10910000128205866,0.3034000110346824,10.075400001369417,0.11069999891333282,10.498100004042499,0,True,gaze_outside_screen,0.7516742373179737
1787908978208,2167,3761,-291.90108839307845,-1681.3126824238461,-226.5848081259722,-1636.8506261148007,-1,-1,off_screen,0.0,911,17,1.2,-0.0024299579946107167,44.54848901417316,39.489273974537134,0.12509999214671552,0.25610000011511147,10.236799993435852,0.12510000669863075,10.627100011333823,0,True,gaze_outside_screen,0.7516742373179737
1787908978240,2168,3762,-357.49416589626077,-1796.1593689047843,-265.8576154570587,-1684.6432489517956,-1,-1,off_screen,0.0,944,17,1.2,-0.002721594825984504,43.23126906923204,39.48620346330606,0.13639999087899923,0.28989999555051327,11.015299998689443,0.16999999934341758,11.48749999993015,0,True,gaze_outside_screen,0.7516742373179737
1787908978256,2169,3763,-322.0056752711396,-1598.9054247291942,-282.70203340128296,-1658.9219016850152,-1,-1,off_screen,0.0,960,17,1.2,-0.002673022003854733,45.134520838285425,39.49038115428824,0.12159999459981918,0.2634999982547015,10.27859999157954,0.11839999933727086,10.670300005585887,0,True,gaze_outside_screen,0.7516742373179737
1787908978288,2170,3764,-314.7998235179783,-1575.150592214174,-292.33137043629154,-1633.7905088437626,-1,-1,off_screen,0.0,992,17,1.2,-0.0027830121730624026,43.77454861916278,39.48749809864535,0.11989999620709568,0.255300008575432,10.846499993931502,0.12849998893216252,11.24089999939315,0,True,gaze_outside_screen,0.7516742373179737
1787908978304,2171,3765,-569.7128496576129,-1416.9772903896853,-375.5458142026879,-1568.7465433075395,-1,-1,off_screen,0.0,1007,17,1.2,-0.0027413781036502265,45.51595883205301,39.491505197347664,0.22329999774228781,0.25510000705253333,10.146999993594363,0.13669999316334724,10.547900004894473,0,True,gaze_outside_screen,0.7516742373179737
1787908978336,2172,3766,-277.20320544589833,-1439.74800088354,-346.043031575651,-1530.0469805803396,-1,-1,off_screen,0.0,1039,17,1.2,-0.002817491510614282,44.10027002535053,39.48835332750689,0.12789999891538173,0.29660000291187316,11.103400000138208,0.17759999900590628,11.593000002903864,0,True,gaze_outside_screen,0.7516742373179737
1787908978368,2173,3767,-345.2947426670238,-1326.988478420777,-345.81854490306284,-1469.1294299324707,-1,-1,off_screen,0.0,1072,17,1.2,-0.002792052916964386,42.822182225114105,39.48570331591267,0.12740000966005027,0.25379999715369195,10.977900004945695,0.14770000416319817,11.389899998903275,0,True,gaze_outside_screen,0.7516742373179737
1787908978384,2174,3768,-681.3099197251845,-1373.363082961956,-446.4659573496993,-1440.399525841316,-1,-1,off_screen,0.0,1088,17,1.2,-0.0027923818883857053,44.76642021571807,39.48973792086375,0.12280000373721123,0.2552999940235168,10.507200000574812,0.13359999866224825,10.905400005867705,0,True,gaze_outside_screen,0.7516742373179737
1787908978416,2175,3769,-605.5220052456588,-1415.2632410028343,-494.1827717184871,-1432.8586403897716,-1,-1,off_screen,0.0,1119,17,1.2,-0.002824186688521073,43.410740449071234,39.487016199714795,0.12009999772999436,0.2784000098472461,10.317000007489696,0.14980000560171902,10.777799994684756,0,True,gaze_outside_screen,0.7516742373179737
1787908978432,2176,3770,-681.5907881873165,-1364.4053110168536,-550.4051766591359,-1412.322641577896,-1,-1,off_screen,0.0,1135,17,1.2,-0.0027121485288016667,45.29697564763576,39.49075376218502,0.12149999383836985,0.3066000062972307,10.5489999987185,0.13019998732488602,10.995899996487424,0,True,gaze_outside_screen,0.7516742373179737
1787908978464,2177,3771,-697.9331838225605,-1452.9613670185638,-594.6635788081633,-1424.5142592100963,-1,-1,off_screen,0.0,1167,17,1.2,-0.0026408304821921857,43.91282241919604,39.48800537072011,0.112900001113303,0.27889999910257757,10.757500000181608,0.1277999981539324,11.17359999625478,0,True,gaze_outside_screen,0.7516742373179737
1787908978480,2178,3772,-657.4861944455305,-1494.2287636535373,-613.5103634993734,-1445.4286105431286,-1,-1,off_screen,0.0,1184,17,1.2,-0.002606485059513667,45.749082101852856,39.49146741094605,0.109500004327856,0.24219999613706023,11.6550999955507,0.159099989105016,12.0662999979686,0,True,gaze_outside_screen,0.7516742373179737
1787908978512,2179,3773,-409.6096838327989,-1621.8636038785357,-552.340159599401,-1498.3591085437506,-1,-1,off_screen,0.0,1216,17,1.2,-0.0025671238106771445,44.29879307943053,39.48912480701574,0.1306000049225986,0.29240000003483146,10.594300008961,0.15309998707380146,11.051699999370612,0,True,gaze_outside_screen,0.7516742373179737
1787908978544,2180,3774,-335.0558556211073,-1385.4593282006945,-487.15486840591285,-1464.4891744408337,-1,-1,off_screen,0.0,1247,17,1.2,-0.0024230358221891506,42.96908334997946,39.486306835667335,0.17610000213608146,0.3009000065503642,10.507099999813363,0.1221000129589811,10.939099985989742,0,True,gaze_outside_screen,0.7516742373179737
1787908978560,2181,3775,-401.43548084386015,-1373.7835871801656,-461.43905213729704,-1437.2774982626333,-1,-1,off_screen,0.0,1263,17,1.2,-0.0024644911726233246,45.08666663726964,39.490541427419174,0.11039999662898481,0.23859999782871455,10.05789999908302,0.11870000162161887,10.423300002003089,0,True,gaze_outside_screen,0.7516742373179737
1787908978592,2182,3776,-368.9005439985169,-1266.6524012257942,-433.67749969566296,-1386.0899691515815,-1,-1,off_screen,0.0,1296,17,1.2,-0.0023028419102231294,43.660737567830495,39.486918277827776,0.182100004167296,0.33059999987017363,11.588800000026822,0.14679999731015414,12.080700005753897,0,True,gaze_outside_screen,0.7516742373179737
1787908978608,2183,3777,-247.19165718702317,-1169.090151992901,-377.731746943071,-1320.9900240039772,-1,-1,off_screen,0.0,1312,17,1.2,-0.0021330286282398477,45.68411354866412,39.49125473169159,0.10520000068936497,0.2531999925849959,10.854599997401237,0.1345999917248264,11.25129999127239,0,True,gaze_outside_screen,0.7516742373179737
1787908978640,2184,3778,-269.10969069191975,-905.2913499013688,-345.14513006772563,-1196.2804217731946,-1,-1,off_screen,0.0,1344,17,1.2,-0.0019903193323017494,44.206949636796594,39.48823894541506,0.2145000034943223,0.33149999217130244,11.068299994803965,0.11829999857582152,11.530200004926883,0,True,gaze_outside_screen,0.7516742373179737
1787908978672,2185,3779,-233.81856541303725,-819.1629036843013,-311.7471606713191,-1083.1451663465266,-1,-1,off_screen,0.0,1375,17,1.2,-0.0021283572401721955,42.95194366916384,39.485521934370794,0.18139999883715063,0.3225999971618876,11.295999996946193,0.1531000016257167,11.850900002173148,0,True,gaze_outside_screen,0.7516742373179737
1787908978688,2186,3780,-94.55427122819248,-866.4144162494459,-246.58929383838108,-1018.1259413174023,-1,-1,off_screen,0.0,1391,17,1.2,-0.0022845612391333738,44.88076403971074,39.489615358913866,0.10140000085812062,0.23949999012984335,10.792900007800199,0.1362000039080158,11.186399991856888,0,True,gaze_outside_screen,0.7516742373179737
1787908978720,2187,3781,34.53999458531824,-925.9526035943193,-162.25050731127126,-990.4739400004773,-1,-1,off_screen,0.0,1424,17,1.2,-0.0024326436824350303,43.526118524085746,39.48707507200021,0.11579999409150332,0.2609999937703833,10.342199995648116,0.1412999990861863,10.755000010249205,0,True,gaze_outside_screen,0.7516742373179737
1787908978736,2188,3782,56.84094523743411,-1008.327882759455,-96.52307154665964,-995.8301228281705,-1,-1,off_screen,0.0,1440,17,1.2,-0.0025651985198814724,45.40764857026948,39.490625561391674,0.10889999975915998,0.24210000992752612,11.031300004106015,0.14549998741131276,11.429099991801195,0,True,gaze_outside_screen,0.7516742373179737
1787908978768,2189,3783,-54.869837521478395,-1111.8350457908468,-84.02710133910526,-1030.6315997169734,-1,-1,off_screen,0.0,1471,17,1.2,-0.0027301401280701784,43.96236060220547,39.487347180403106,0.19880000036209822,0.32219999411609024,11.892900001839735,0.16780001169536263,12.398899998515844,0,True,gaze_outside_screen,0.7516742373179737
1787908978784,2190,3784,-133.2552635625839,-1136.2163622198225,-98.79555000614886,-1062.307028467828,-1,-1,off_screen,0.0,1487,17,1.2,-0.0027138725081215197,45.84666366625242,39.49141507096732,0.1416000013705343,0.3020000003743917,11.453400002210401,0.16310000501107424,11.930100008612499,0,True,gaze_outside_screen,0.7516742373179737
1787908978816,2191,3785,-145.7598905172544,-1101.30787207248,-112.88485215948052,-1074.0072815492235,-1,-1,off_screen,0.0,1519,17,1.2,-0.0028346001148013,44.39609598009153,39.48888669061234,0.15589999384246767,0.2922999992733821,11.026599997421727,0.149500003317371,11.481599998660386,0,True,gaze_outside_screen,0.7516742373179737
1787908978848,2192,3786,442.1385347728186,-551.5873165574118,53.62216392020923,-917.2812920516799,-1,-1,off_screen,0.0,1552,17,1.2,-0.0026277120362127003,43.09172489425528,39.48606065662698,0.16740000864956528,0.41140000394079834,11.175599996931851,0.16700000560376793,11.771499994210899,0,True,gaze_outside_screen,0.7516742373179737
1787908978864,2193,3787,687.8749290693308,-175.04088447350034,243.89799346494573,-694.609169778226,-1,-1,off_screen,0.0,1568,17,1.2,-0.002654408127355132,44.9025034444924,39.48988721810148,0.1534000039100647,0.34059998870361596,10.981300001731142,0.13019998732488602,11.463299990282394,0,True,gaze_outside_screen,0.7516742373179737
1787908978896,2194,3788,1071.1452169092756,1012.9218203892473,492.07216049824467,-182.349872727984,-1,-1,off_screen,0.0,1599,17,1.2,-0.0028830721448364818,43.57005476553991,39.48733546498615,0.1905999961309135,0.36580000596586615,10.81049999629613,0.12709999282378703,11.317500000586733,0,True,gaze_outside_screen,0.7516742373179737
1787908978912,2195,3789,1162.1359923719558,1237.4186775698154,693.091310060358,243.58069236135577,0,0,sidebar,0.6758808658476199,0,6,1.4,-0.0031107543645492557,45.36386734654292,39.491294633961004,0.11639999866019934,0.262100002146326,10.346899987780489,0.146100006531924,10.763999991468154,0,True,on_screen,0.7516742373179737
1787908978944,2196,3790,1103.9786902614055,1181.4573225544348,816.3575241206722,524.9436814192795,0,0,sidebar,0.4277775507101058,32,6,1.4,-0.0032953352441351634,43.96497174878534,39.488233494145504,0.1779000012902543,0.3632000007200986,11.127999998279847,0.14689999807160348,11.653099994873628,0,True,on_screen,0.7516742373179737
1787908978976,2197,3791,1074.249305386859,1076.424657674139,893.7250585005281,690.3879742957374,1,0,sidebar,0.2528202918854221,64,6,1.4,-0.0032744827889815524,42.716623304578206,39.485556875935835,0.10689999908208847,0.24930000654421747,11.327499989420176,0.13390000094659626,11.72009999572765,0,True,on_screen,0.7516742373179737
1787908978992,2198,3792,720.119852670969,823.6527046894558,841.6434967516603,730.3673934138528,1,0,sidebar,0.3813044309371634,80,6,1.4,-0.003461147003966049,44.65691277216038,39.489831861921694,0.11239999730605632,0.25150000874418765,10.147200009669177,0.1436000020476058,10.551500003202818,0,True,on_screen,0.7516742373179737
1787908979024,2199,3793,170.48650878073428,-19.44318143114983,640.2964003603824,505.424220960352,0,0,sidebar,0.6878819135797485,111,6,1.4,-0.0036928078241487035,43.32067118030565,39.48675694228427,0.1644000003580004,0.34440000308677554,10.891899990383536,0.14980000560171902,11.399600000004284,0,True,on_screen,0.7516742373179737
1787908979040,2200,3794,-92.25121335163736,-240.97154792802556,420.53211624677647,281.5054902938387,0,0,sidebar,0.6581313621854568,128,6,1.4,-0.0037628544750347576,45.21948305284731,39.49062781597805,0.10520000068936497,0.29209999775048345,10.797399998409674,0.15859999984968454,11.257599995587952,0,True,on_screen,0.7516742373179737
1787908979072,2201,3795,-21.747912163367662,-588.1265462237336,287.8481077237332,20.615879338566998,-1,-1,off_screen,0.0,0,18,1.6,-0.003747494560609556,43.83085763652834,39.48815497227432,0.15410000924021006,0.3767000016523525,10.14380001288373,0.15130000247154385,10.683000000426546,0,True,gaze_outside_screen,0.7516742373179737
1787908979088,2202,3796,-173.2614306232261,-709.9456104839719,149.51524621964543,-198.5525676081947,-1,-1,off_screen,0.0,16,18,1.6,-0.003774012329438317,45.70089843594157,39.49174621984063,0.12870000500697643,0.26390000130049884,10.864799987757578,0.1340000017080456,11.273399999481626,0,True,gaze_outside_screen,0.7516742373179737
1787908979120,2203,3797,-334.1604710920102,-934.4300237564792,4.412531026148741,-419.31580445268,-1,-1,off_screen,0.0,47,18,1.6,-0.003896527631775837,44.23585864571067,39.48888926384787,0.13830000534653664,0.3282999969087541,10.842699994100258,0.16039999900385737,11.34539999475237,0,True,gaze_outside_screen,0.7516742373179737
1787908979152,2204,3798,-363.4157974249826,-1110.807361454075,-105.93596750919066,-626.7632715530985,-1,-1,off_screen,0.0,79,18,1.6,-0.003956211325223297,42.9408315175542,39.48595442079544,0.1733999961288646,0.33999999868683517,11.37639999797102,0.12419999984558672,11.854099997435696,0,True,gaze_outside_screen,0.7516742373179737
1787908979168,2205,3799,-377.91854158782695,-1254.0487292123537,-187.53073973278154,-814.9489088508751,-1,-1,off_screen,0.0,95,18,1.6,-0.003900863814514547,44.92358182637232,39.490094338622896,0.1309000072069466,0.26559999969322234,10.724099993240088,0.162799988174811,11.1616999929538,0,True,gaze_outside_screen,0.7516742373179737
1787908979200,2206,3800,-405.53366787189674,-1373.403774841911,-252.9316181745161,-982.4853686481858,-1,-1,off_screen,0.0,128,18,1.6,-0.0037831851365564446,43.54373469366374,39.48680073309396,0.20389999554026872,0.3370000049471855,11.876199991093017,0.1534999901195988,12.38250000460539,0,True,gaze_outside_screen,0.7516742373179737
1787908979216,2207,3801,-392.5856728601166,-1406.6122639838748,-294.8278345801962,-1109.7234372488924,-1,-1,off_screen,0.0,144,18,1.6,-0.00375748562757465,45.43331239470094,39.4909798669525,0.13719999697059393,0.30890000925865024,11.052600006223656,0.13290000788401812,11.505000002216548,0,True,gaze_outside_screen,0.7516742373179737
1787908979248,2208,3802,-225.4027490779842,-1454.7344373436574,-274.0003089295326,-1213.226737277322,-1,-1,off_screen,0.0,175,18,1.6,-0.0036782629978722933,44.01917623238119,39.488222458491904,0.18420000560581684,0.308599992422387,11.138000001665205,0.1331999956164509,11.593000002903864,0,True,gaze_outside_screen,0.7516742373179737
1787908979280,2209,3803,909.0489285874656,-1188.0526989394289,80.91446232556689,-1205.674525775954,-1,-1,off_screen,0.0,207,18,1.6,-0.003661781261202278,42.75520262911424,39.485623369669725,0.18239999189972878,0.39060000563040376,10.832999992999248,0.15139998868107796,11.38840000203345,0,True,gaze_outside_screen,0.7516742373179737
1787908979296,2210,3804,1194.3596045622126,-1195.6870109337106,414.94800499656054,-1202.6782713232808,-1,-1,off_screen,0.0,223,18,1.6,-0.0036623972230021735,44.6908624873365,39.48931971589424,0.1542999962111935,0.3763999993680045,11.063999991165474,0.14239999291021377,11.59650000045076,0,True,gaze_outside_screen,0.7516742373179737
1787908979328,2211,3805,1599.5813284857586,-1466.3956326396858,770.3380020433199,-1281.7934797182022,-1,-1,off_screen,0.0,256,18,1.6,-0.003627605456645859,43.37183892452544,39.4870225848371,0.12200001219753176,0.28169999131932855,10.359200008679181,0.12650000280700624,10.77949999307748,0,True,gaze_outside_screen,0.7516742373179737
1787908979344,2212,3806,1784.6518627793985,-1589.3522550527111,1074.6321602641433,-1374.0611123185547,-1,-1,off_screen,0.0,272,18,1.6,-0.0036996429432426606,45.30774785844178,39.490878161741165,0.11019999510608613,0.2592000091681257,10.362399989389814,0.12240000069141388,10.752900008810684,0,True,gaze_outside_screen,0.7516742373179737
1787908979376,2213,3807,1642.0093607366728,-1626.7875814102294,1244.8453204059022,-1449.879053046057,-1,-1,off_screen,0.0,303,18,1.6,-0.0036201625381045103,43.8824666899324,39.48783999765358,0.18280000949744135,0.382099999114871,10.731399990618229,0.1640999980736524,11.291299990261905,0,True,gaze_outside_screen,0.7516742373179737
1787908979392,2214,3808,1605.536387668165,-1616.104866890809,1353.0526405845808,-1499.7467971994824,-1,-1,off_screen,0.0,319,18,1.6,-0.0035335294087824147,45.77168392784116,39.491996159317544,0.11160000576637685,0.25839998852461576,10.131700008059852,0.13640000543091446,10.536699992371723,0,True,gaze_outside_screen,0.7516742373179737
1787908979424,2215,3809,1627.2671165755048,-1666.5356661701092,1435.3169833818579,-1549.7834578906704,-1,-1,off_screen,0.0,351,18,1.6,-0.003419793683957898,44.305951617756755,39.489176595709694,0.11990001075901091,0.2573999954620376,10.194999995292164,0.14179998834151775,10.60539999161847,0,True,gaze_outside_screen,0.7516742373179737
1787908979456,2216,3810,1540.3711594389154,-1683.0070885145315,1466.833236198975,-1589.7505470778287,-1,-1,off_screen,0.0,384,18,1.6,-0.003398867406087056,42.98672477380797,39.485798602447815,0.20020001102238894,0.43530001130420715,11.420800001360476,0.16999999934341758,12.042799993650988,0,True,gaze_outside_screen,0.7516742373179737
1787908979472,2217,3811,1486.255981836831,-1680.3124122015058,1472.660059890332,-1616.919106614932,-1,-1,off_screen,0.0,399,18,1.6,-0.003397998679850741,44.96075162754805,39.49017367179576,0.18420000560581684,0.27129999944008887,10.30969999555964,0.14170000213198364,10.733100003562868,0,True,gaze_outside_screen,0.7516742373179737
1787908979504,2218,3812,1444.8266282715142,-1653.088562884443,1464.3100304046866,-1627.7699434957851,-1,-1,off_screen,0.0,431,18,1.6,-0.0033686314310760433,43.611329369773294,39.48730577176417,0.13880000915378332,0.2840000088326633,10.847400000784546,0.1436000020476058,11.287099987384863,0,True,gaze_outside_screen,0.7516742373179737
1787908979520,2219,3813,1525.2200272095322,-1666.026811837046,1482.5830294461402,-1639.2470039981633,-1,-1,off_screen,0.0,447,18,1.6,-0.003355189354762953,45.48200733664498,39.49073064466521,0.10980000661220402,0.25440000172238797,11.759000000893138,0.15610000991728157,12.190299996291287,0,True,gaze_outside_screen,0.7516742373179737
1787908979552,2220,3814,1448.8342411215083,-1661.4961369586144,1472.4583929487505,-1645.9217438862986,-1,-1,off_screen,0.0,480,18,1.6,-0.003314585367612862,44.05032383261165,39.48842548072592,0.16599999798927456,0.342100000125356,10.560099995927885,0.1463999942643568,11.063600002671592,0,True,gaze_outside_screen,0.7516742373179737
1787908979584,2221,3815,1554.1820026646787,-1622.8820057782486,1496.9754758635288,-1639.0098224538835,-1,-1,off_screen,0.0,512,18,1.6,-0.0032997952541823986,42.78196575886469,39.485864974776895,0.12910000805277377,0.2756000030785799,10.350199998356402,0.1343000039923936,10.771399989607744,0,True,gaze_outside_screen,0.7516742373179737
1787908979600,2222,3816,2286.2895439314766,-1526.3730761455183,1733.7696962839132,-1605.218798561374,-1,-1,off_screen,0.0,527,18,1.6,-0.0033750270574881905,44.752246120903116,39.4893887097101,0.1357999863103032,0.3046000056201592,10.996299999533221,0.15700000221841037,11.469400007626973,0,True,gaze_outside_screen,0.7516742373179737
1787908979632,2223,3817,3128.8485404414523,-1394.8591437228072,2152.293349531175,-1542.1109021098036,-1,-1,off_screen,0.0,559,18,1.6,-0.00346803536979836,43.40124045317582,39.486684195249474,0.1677999971434474,0.3304999991087243,10.925499998847954,0.13479999324772507,11.404999997466803,0,True,gaze_outside_screen,0.7516742373179737
1787908979648,2224,3818,3387.2947633270005,-1364.83261379614,2522.7937736699223,-1488.9274156157044,-1,-1,off_screen,0.0,575,18,1.6,-0.003554348438324157,45.29634670577415,39.49060483395695,0.11920000542886555,0.27970000519417226,10.663200009730645,0.13870000839233398,11.092799992184155,0,True,gaze_outside_screen,0.7516742373179737
1787908979680,2225,3819,3402.619120052275,-1458.2912228119721,2786.741377584628,-1479.7365577745848,-1,-1,off_screen,0.0,608,18,1.6,-0.0037187603916266944,43.89768044439753,39.48793995765053,0.1497999910498038,0.28589999419637024,10.574200001428835,0.13029998808633536,11.002500003087334,0,True,gaze_outside_screen,0.7516742373179737
1787908979696,2226,3820,3271.5935548136977,-1491.8037054356125,2932.197030753349,-1483.3567020728929,-1,-1,off_screen,0.0,624,18,1.6,-0.0037477660910720245,45.58402174655322,39.491314936145315,0.31319999834522605,0.3124999930150807,11.125799996079877,0.1517000055173412,11.601600010180846,0,True,gaze_outside_screen,0.7516742373179737
1787908979728,2227,3821,3268.636655764246,-1470.9382764099985,3033.128918256618,-1479.6311743740243,-1,-1,off_screen,0.0,655,18,1.6,-0.0038016518809787115,44.16625404274161,39.48896488265991,0.12959999730810523,0.30390000029001385,10.374000004958361,0.14879999798722565,10.84080000873655,0,True,gaze_outside_screen,0.7516742373179737
1787908979761,2228,3822,3248.149494633657,-1458.0111474090065,3097.6350911697295,-1473.1451662845188,-1,-1,off_screen,0.0,688,18,1.6,-0.0038406578974163625,42.811965568915,39.486082254737084,0.15209999401122332,0.27040000713896006,10.157100012293085,0.13630000466946512,10.575300009804778,0,True,gaze_outside_screen,0.7516742373179737
1787908979776,2229,3823,3367.625533223131,-1438.0500478210522,3178.6322237857494,-1462.616630745479,-1,-1,off_screen,0.0,703,18,1.6,-0.0038584628084691076,45.164620229377675,39.49000277989885,0.12669998977798969,0.2987999905599281,10.753199996543117,0.15110000094864517,11.214400001335889,0,True,gaze_outside_screen,0.7516742373179737
1787908979808,2230,3824,3918.927929538371,-1276.6456345170955,3400.7209355115356,-1406.825331876964,-1,-1,off_screen,0.0,736,18,1.6,-0.003898217345459972,43.778754145945335,39.48705159325773,0.1733999961288646,0.3589999978430569,11.293200004729442,0.15889998758211732,11.831800002255477,0,True,gaze_outside_screen,0.7516742373179737
1787908979824,2231,3825,4473.144579795635,-1146.0638306453031,3722.4480287967654,-1328.5968815074657,-1,-1,off_screen,0.0,751,18,1.6,-0.003929708720382442,45.67200458646073,39.49115719325633,0.11959999392274767,0.2813000028254464,10.706599990953691,0.14099999680183828,11.139700000057928,0,True,gaze_outside_screen,0.7516742373179737
1787908979856,2232,3826,4994.939573610605,-969.4412127754044,4104.195492240917,-1220.8501808878473,-1,-1,off_screen,0.0,783,18,1.6,-0.003863206248664531,44.20292790446629,39.48812972061468,0.11709998943842947,0.2778000052785501,11.190000004717149,0.1323999895248562,11.612000002060086,0,True,gaze_outside_screen,0.7516742373179737
1787908979888,2233,3827,5058.693411889954,-999.6873482632075,4390.544868135627,-1154.5013311004552,-1,-1,off_screen,0.0,815,18,1.6,-0.0038787275716903047,42.932777185706684,39.48553217807177,0.12769999739248306,0.2857000072253868,11.07880000199657,0.1880999916465953,11.567200010176748,0,True,gaze_outside_screen,0.7516742373179737
1787908979904,2234,3828,5060.889716391894,-1007.8931456066953,4591.648322612507,-1110.5188754523272,-1,-1,off_screen,0.0,832,18,1.6,-0.0038611822979567542,44.69863664627392,39.489383414922735,0.15559999155811965,0.30499999411404133,10.470099994563498,0.14620000729337335,10.934000005363487,0,True,gaze_outside_screen,0.7516742373179737
1787908979936,2235,3829,5131.954793185256,-983.0606088700738,4753.740263784332,-1072.2813954776511,-1,-1,off_screen,0.0,864,18,1.6,-0.0038019936316492434,43.381447552449366,39.48639903618214,0.15829999756533653,0.3212000010535121,11.389999999664724,0.14119999832473695,11.866500004543923,0,True,gaze_outside_screen,0.7516742373179737
1787908979952,2236,3830,5009.542395331287,-1018.4769935503166,4830.480903248417,-1056.1400748994506,-1,-1,off_screen,0.0,879,18,1.6,-0.003818870657931593,45.30265270273125,39.48981713306932,0.12719999358523637,0.28870000096503645,12.359699991066009,0.15949999215081334,12.820300005842,0,True,gaze_outside_screen,0.7516742373179737
1787908979984,2237,3831,5055.740853215488,-1039.4162950137527,4898.058888238538,-1051.1229409337411,-1,-1,off_screen,0.0,911,18,1.6,-0.003778254285607255,43.89979162361132,39.48786028401698,0.16740000864956528,0.3184000088367611,10.497600000235252,0.14540000120177865,10.975199998938479,0,True,gaze_outside_screen,0.7516742373179737
1787908980000,2238,3832,5006.279439535397,-1027.0873220858773,4930.525053627596,-1043.912255279382,-1,-1,off_screen,0.0,927,18,1.6,-0.0037794802711979773,45.680747360695875,39.49148822290447,0.17099999240599573,0.2955999952973798,10.727000000770204,0.14230000670067966,11.179399996763095,0,True,gaze_outside_screen,0.7516742373179737
1787908980032,2239,3833,4939.308049591291,-1061.4052805335582,4933.159952416705,-1049.1601628556348,-1,-1,off_screen,0.0,960,18,1.6,-0.0037512180676175927,44.26642101254469,39.48885657023275,0.14749998808838427,0.29540000832639635,10.795400012284517,0.15690000145696104,11.261500010732561,0,True,gaze_outside_screen,0.7516742373179737
1787908980064,2240,3834,4977.20008628526,-1080.4982139964172,4946.371992577271,-1058.5615781978695,-1,-1,off_screen,0.0,991,18,1.6,-0.003666023600678806,42.95803568009482,39.485979795340604,0.19780000729952008,0.33650000113993883,11.095599998952821,0.1432999997632578,11.589399990043603,0,True,gaze_outside_screen,0.7516742373179737
1787908980080,2241,3835,4930.86887572389,-1126.658065715659,4941.721057521257,-1078.9905244532063,-1,-1,off_screen,0.0,1007,18,1.6,-0.003652026827135252,44.88535599929784,39.489846581229045,0.1382999907946214,0.28649999876506627,10.892599995713681,0.1438999897800386,11.335600007441826,0,True,gaze_outside_screen,0.7516742373179737
1787908980112,2242,3836,4889.528039419856,-1148.543964816403,4926.063152090836,-1099.8565565621652,-1,-1,off_screen,0.0,1039,18,1.6,-0.0035983642463528476,43.53890548645747,39.487307911464676,0.1438000035705045,0.2865999995265156,10.629199998220429,0.1503000094089657,11.077699993620627,0,True,gaze_outside_screen,0.7516742373179737
1787908980128,2243,3837,4859.941548135352,-1150.884669621387,4906.2266709041905,-1115.1649904799317,-1,-1,off_screen,0.0,1055,18,1.6,-0.0035532797667052717,45.44318967692671,39.490968029657644,0.11020000965800136,0.2744999947026372,10.95789999817498,0.1731999946059659,11.417100002290681,0,True,gaze_outside_screen,0.7516742373179737
1787908980160,2244,3838,4789.492900515733,-1156.9719186896714,4871.206539787653,-1127.7070689428535,-1,-1,off_screen,0.0,1088,18,1.6,-0.0034019442107058925,44.00173372106219,39.48840404083989,0.1269000058528036,0.2724999940255657,10.39719999243971,0.13830000534653664,10.821499992744066,0,True,gaze_outside_screen,0.7516742373179737
1787908980192,2245,3839,4656.994057703573,-1148.2499947329432,4806.942795162429,-1133.8699466798803,-1,-1,off_screen,0.0,1119,18,1.6,-0.003303237242775316,42.74311240100779,39.48557111811392,0.182400006451644,0.28410000959411263,10.850999999092892,0.14170000213198364,11.288899986539036,0,True,gaze_outside_screen,0.7516742373179737
1787908980208,2246,3840,4698.801477640898,-1132.2079101831748,4774.50039990597,-1133.3713357308686,-1,-1,off_screen,0.0,1135,18,1.6,-0.0032307730634357004,44.5789550154325,39.48902436503788,0.16950001008808613,0.3014000103576109,11.263699998380616,0.16799999866634607,11.744099989300594,0,True,gaze_outside_screen,0.7516742373179737
1787908980240,2247,3841,4845.234510558834,-1141.8077622047986,4795.720633101829,-1135.9022636730474,-1,-1,off_screen,0.0,1167,18,1.6,-0.0031527094466963675,43.26733620973923,39.486714856190645,0.13800000306218863,0.30890000925865024,10.50829999439884,0.14200000441633165,10.972899995977059,0,True,gaze_outside_screen,0.7516742373179737
1787908980256,2248,3842,4652.178514624562,-1101.4744686879262,4752.657997558648,-1125.573925177511,-1,-1,off_screen,0.0,1184,18,1.6,-0.0030603408153578194,45.15104980562519,39.49039712619641,0.15239999629557133,0.28709998878184706,10.683000000426546,0.1416000013705343,11.123499993118457,0,True,gaze_outside_screen,0.7516742373179737
1787908980288,2249,3843,3690.841287698774,-495.04485238148715,4434.112984600686,-936.4152033387038,-1,-1,off_screen,0.0,1216,18,1.6,-0.002624184234338982,43.77581998345252,39.48756752431769,0.13070000568404794,0.28539999038912356,11.128500002087094,0.14300001203082502,11.571099996217526,0,True,gaze_outside_screen,0.7516742373179737
1787908980305,2250,3844,3241.5552004744995,-13.607430749235993,4076.34564936283,-659.5728715618634,-1,-1,off_screen,0.0,1233,18,1.6,-0.002396961100190411,45.34842303545309,39.491062324526375,0.1627000019652769,0.327600006130524,10.991799994371831,0.13910001143813133,11.474799990537576,0,True,gaze_outside_screen,0.7516742373179737
1787908980336,2251,3845,2362.2427735476526,751.2074199019032,3562.1147866182764,-236.33878412273336,-1,-1,off_screen,0.0,1263,18,1.6,-0.0021294771225245056,44.009316342576604,39.48869179176055,0.1438000035705045,0.32360000477638096,10.868600002140738,0.1446999958716333,11.349599997629412,0,True,gaze_outside_screen,0.7516742373179737
1787908980368,2252,3846,1963.0917542014952,1270.1775122116862,3082.4078768932422,215.61610477759254,-1,-1,off_screen,0.0,1296,18,1.6,-0.0019640813754293295,42.73990217962769,39.485954594928174,0.15890000213403255,0.30559999868273735,11.02770000579767,0.14460000966209918,11.491500001284294,0,True,gaze_outside_screen,0.7516742373179737
1787908980384,2253,3847,1852.2507248363008,1343.3236560181062,2713.3607312761596,553.9283701497466,0,2,ai_agent,0.11083281107053966,0,6,1.8,-0.0017948028432093893,44.64825395730744,39.48914047610421,0.12199999764561653,0.5432999896584079,12.02249999914784,0.2001000102609396,12.78180000372231,0,True,on_screen,0.7516742373179737
1787908980416,2254,3848,1836.6029287758915,1456.5117821497613,2450.3333905260793,824.703393749751,1,2,second_file,0.6769572912654979,0,5,2.0,-0.0016108516716954874,43.30321267188931,39.48694039585118,0.15700000221841037,0.3046000056201592,10.985700006131083,0.17749999824445695,11.480700006359257,0,True,on_screen,0.7516742373179737
1787908980432,2255,3849,1727.8901470145026,1551.151762458403,2233.600417472606,1042.6379043623465,1,2,second_file,0.6877619284482245,16,5,2.0,-0.0015222587499941279,45.269406910859246,39.49099029421464,0.17500000831205398,0.2938000106951222,10.49050000438001,0.13339999713934958,10.927499999525025,0,True,on_screen,0.7516742373179737
1787908980464,2256,3850,2008.6605579962077,1465.3184059745588,2166.118459629686,1169.44205484601,1,2,second_file,0.4058672606828546,48,5,2.0,-0.0013485579059293387,43.89187413155,39.48836458362747,0.16460000188089907,0.2941999991890043,10.47409999591764,0.2015000063693151,10.980299994116649,0,True,on_screen,0.7516742373179737
1787908980496,2257,3851,1993.627676507343,1449.0118205234423,2114.371224692983,1253.3129845492397,2,2,terminal,0.47764957700273913,0,14,2.2,-0.00123792054252885,42.634488600492105,39.48563969419883,0.12680000509135425,0.29070000164210796,10.642399996868335,0.15829999756533653,11.103600001661107,0,True,on_screen,0.7516742373179737
1787908980512,2258,3852,1847.0732920830758,1467.9807315881988,2034.1818449100108,1317.7133086609274,2,2,terminal,0.4185005221353778,16,14,2.2,-0.0011437119975707365,44.48923096060765,39.48906723850333,0.14730000111740083,0.28639999800361693,11.159600006067194,0.15970000822562724,11.617000011028722,0,True,on_screen,0.7516742373179737
1787908980545,2259,3853,2107.5002741179533,1536.963052536233,2056.1773736723935,1383.4882318235188,2,2,terminal,0.5010467250844558,49,14,2.2,-0.0011975356067262903,43.09051116052446,39.485249868847895,0.2351000002818182,0.5148000054759905,12.822699995012954,0.2334000018890947,13.589000009233132,0,True,on_screen,0.7516742373179737
1787908980561,2260,3854,1683.4108225418813,1510.2398405494307,1944.3474083332399,1421.5137144412924,2,2,terminal,0.2930847059739894,65,14,2.2,-0.001139483952843117,45.221895671507234,39.48922242087808,0.3443000023253262,0.3978999884566292,12.871300001279451,0.2868000010494143,13.569499991717748,0,True,on_screen,0.7516742373179737
1787908980593,2261,3855,1072.379584327,1655.1641600601295,1682.757061131368,1491.6088481269435,2,1,terminal,0.5128282722248753,96,14,2.2,-0.0009784810272954088,43.80778649230911,39.4867399435188,0.2212999970652163,0.5460999964270741,12.057200001436286,0.23039999359752983,12.855599998147227,0,True,on_screen,0.7516742373179737
1787908980608,2262,3856,940.1217103834122,1693.1564627713196,1459.966455906981,1552.0731325202564,2,1,terminal,0.7765410471998909,111,14,2.2,-0.0008982478454955829,45.75960870546871,39.489312373780955,0.15720000374130905,0.338099998771213,15.488599994569086,0.189200000022538,16.027899997425266,0,True,on_screen,0.7516742373179737
1787908980641,2263,3857,817.1907235524974,1981.727709987814,1267.133736200636,1680.9695057605236,2,1,terminal,0.41786084931381373,144,14,2.2,-0.0004969213648383722,44.23707362605823,39.48744368499094,0.15110000094864517,0.3868000057991594,12.586699987878092,0.23130000045057386,13.223500005551614,0,True,on_screen,0.7516742373179737
1787908980673,2264,3858,807.5668761763116,1930.0781347622235,1129.2636781933386,1755.7020944610335,-1,-1,off_screen,0.0,0,19,2.4,-0.0002638600346737789,42.973752715562256,39.48475008888164,0.20120000408496708,0.49560000479687005,12.781199999153614,0.26950000028591603,13.571899995440617,0,True,gaze_outside_screen,0.7516742373179737
1787908980688,2265,3859,816.0988516234685,2001.8345928934627,1035.3142302223775,1829.5418439907621,-1,-1,off_screen,0.0,14,19,2.4,-4.426602824778546e-05,45.16693368511449,39.48926898302568,0.22069999249652028,0.3698999935295433,11.713400002918206,0.2097000106004998,12.306500007980503,0,True,gaze_outside_screen,0.7516742373179737
1787908980721,2266,3860,810.91694855797,2013.8347709302984,967.9950457230552,1884.829722072623,-1,-1,off_screen,0.0,47,19,2.4,0.00019929699018595912,43.74080944491968,39.48637974923442,0.225800002226606,0.38139999378472567,11.826600006315857,0.20090000180061907,12.425699998857453,0,True,gaze_outside_screen,0.7516742373179737
1787908980736,2267,3861,858.5963714301604,2307.4108396146294,935.1754434351867,2011.6040573352248,-1,-1,off_screen,0.0,62,19,2.4,0.0002976399676809377,45.74847160742984,39.490758476724274,0.14790000568609685,0.3330000035930425,10.724499996285886,0.1714999962132424,11.239200001000427,0,True,gaze_outside_screen,0.7516742373179737
1787908980768,2268,3862,0.0,0.0,0.0,0.0,-1,-1,,0.0,0,0,2.4,-9.912964096112087e-05,44.31488044677949,39.487302064083025,0.15389999316539615,0.3758999955607578,12.735199998132885,0.15669999993406236,13.28769999963697,0,True,eyes_invalid_or_blink,0.7516742373179737
1787908980800,2269,3863,0.0,0.0,0.0,0.0,-1,-1,,0.0,0,0,2.4,-0.00027327543240255117,42.9951286266972,39.4845961897138,0.2167999919038266,0.3834999952232465,12.66110000142362,0.12080000306013972,13.179700006730855,0,True,eyes_invalid_or_blink,0.7516742373179737
1787908980816,2270,3864,0.0,0.0,0.0,0.0,-1,-1,,0.0,0,0,2.4,-0.00025822709679640225,45.03576475646749,39.48866640936183,0.1221999991685152,0.32160000409930944,12.214200003654696,0.10140000085812062,12.646799994399771,0,True,eyes_invalid_or_blink,0.7516742373179737
1787908980850,2271,3865,0.0,0.0,0.0,0.0,-1,-1,,0.0,0,0,2.4,-0.00023447063388474382,43.505334821691044,39.48440566361266,1.2530999956652522,0.43909999658353627,14.311000006273389,0.1303000026382506,14.89820001006592,0,True,eyes_invalid_or_blink,0.7516742373179737
1787908980865,2272,3866,0.0,0.0,0.0,0.0,-1,-1,,0.0,0,0,2.4,-0.00016858141193331136,45.765584847612885,39.489014239488725,0.146100006531924,0.41739999142009765,13.122199990903027,0.11910000466741621,13.670700005604886,0,True,eyes_invalid_or_blink,0.7516742373179737
1787908980897,2273,3867,0.0,0.0,0.0,0.0,-1,-1,,0.0,0,0,2.4,-4.424047955653432e-05,44.34005186388523,39.48698545260463,0.22309999621938914,0.360500009264797,11.75140000123065,0.16450000111944973,12.289999998756684,0,True,eyes_invalid_or_blink,0.7516742373179737
1787908980912,2274,3868,2262.9224230341847,3295.0362698441004,1333.4995373148859,2396.6337210878874,-1,-1,off_screen,0.0,0,20,2.6,9.330256075306895e-06,46.223565157714276,39.490739471109556,0.10960000508930534,0.35409998963586986,11.871399998199195,0.23710000095888972,12.473700000555255,0,True,gaze_outside_screen,0.7516742373179737
1787908980945,2275,3869,2555.8894218460955,2992.311542466165,1700.2165026742487,2575.3370675013707,-1,-1,off_screen,0.0,32,20,2.4,-9.283113273520806e-05,44.65749940537842,39.486532400654546,0.2852000034181401,0.38670000503771007,14.657000006991439,0.4523000097833574,15.515799997956492,0,True,gaze_outside_screen,0.7516742373179737
1787908980976,2276,3870,2645.4927234286024,2441.9280835716486,1983.7993689005546,2535.314372322454,-1,-1,off_screen,0.0,64,20,2.4,0.0002827732475577868,43.3965387010341,39.48537690032417,0.1360000023851171,0.363900006050244,11.837999991257675,0.24419999681413174,12.504999991506338,0,True,gaze_outside_screen,0.7516742373179737
1787908980992,2277,3871,2737.516975527521,1965.419285727391,2209.9146508886442,2364.345846343935,-1,-1,off_screen,0.0,80,20,2.4,0.0004453509955942882,45.24366368575897,39.489223310371976,0.12840000272262841,0.36219999310560524,11.436300002969801,0.2665999927558005,12.118300001020543,0,True,gaze_outside_screen,0.7516742373179737
1787908981024,2278,3872,2763.9141558462343,1544.3926926968807,2376.1145023759213,2118.3599002498186,-1,-1,off_screen,0.0,111,20,2.4,0.0005544162797873307,43.90569522209825,39.48692669951281,0.10059999476652592,0.24090000079013407,11.339699995005503,0.16129999130498618,11.761200003093109,0,True,gaze_outside_screen,0.7516742373179737
1787908981040,2279,3873,2789.173257169044,1283.0246902297854,2500.032128813858,1867.7593372438084,-1,-1,off_screen,0.0,128,20,2.4,0.0005766246158911831,45.65887719736662,39.49056220376389,0.10639999527484179,0.29320000612642616,11.302099999738857,0.1728000061120838,11.779599997680634,0,True,gaze_outside_screen,0.7516742373179737
1787908981072,2280,3874,2735.4332099823837,1262.3371649823723,2570.6524531644154,1686.1326855653774,2,2,terminal,0.2876734856384504,0,15,2.6,0.0005003208077539734,44.21986560273436,39.48831952938817,0.1947999990079552,0.3046000056201592,10.243500000797212,0.13420000323094428,10.692500000004657,0,True,on_screen,0.7516742373179737
1787908981104,2281,3875,2613.2545859666097,1399.586332953837,2583.4330930050737,1600.1687797819152,2,2,terminal,0.36776599352117556,32,15,2.6,0.00045690014695600953,42.9519158952489,39.48568858387107,0.10119999933522195,0.251900011789985,10.442800004966557,0.14569998893421143,10.849500002223067,0,True,on_screen,0.7516742373179737
1787908981120,2282,3876,1758.6960305361365,2183.496904792143,2336.0119742643924,1775.1672172849835,-1,-1,off_screen,0.0,0,21,2.8,0.0002658360936548393,44.84572397356709,39.48891369531585,0.12560001050587744,0.287900009425357,11.539800005266443,0.16170000890269876,12.000799993984401,0,True,gaze_outside_screen,0.7516742373179737
1787908981152,2283,3877,1503.3875384962844,2891.401305024731,2086.22464353396,2110.037443606908,-1,-1,off_screen,0.0,32,21,2.8,0.00020258796362571801,43.4868646300293,39.48626646111622,0.1795999996829778,0.3071999963140115,11.437599998316728,0.15359999088104814,11.913399997865781,0,True,gaze_outside_screen,0.7516742373179737
1787908981168,2284,3878,1518.9569277428575,3139.4093459120536,1916.044328796629,2418.849014298451,-1,-1,off_screen,0.0,48,21,2.8,0.00012998693849127635,45.36905715759859,39.48994622526726,0.12369999603834003,0.2808999997796491,11.601299993344583,0.1466999965487048,12.038300003041513,0,True,gaze_outside_screen,0.7516742373179737
1787908981200,2285,3879,0.0,0.0,0.0,0.0,-1,-1,,0.0,0,0,2.8,8.98163114256903e-05,43.96576888924801,39.4874282208373,0.13210000179242343,0.29889999132137746,11.297899996861815,0.10340000153519213,11.71289999911096,0,True,eyes_invalid_or_blink,0.7516742373179737
1787908981216,2286,3880,1933.5318279434962,3155.235753475806,1921.2905785406892,2639.7650360516573,-1,-1,off_screen,0.0,0,22,3.0,0.00021961081437338326,45.72993819257161,39.491219152865185,0.13079999189358205,0.27260000933893025,10.932199991657399,0.1571000029798597,11.373100001947023,0,True,gaze_outside_screen,0.7516742373179737
1787908981248,2287,3881,1964.7892287320135,2529.6444551223735,1934.3401735980863,2606.728861772872,-1,-1,off_screen,0.0,31,22,3.0,0.0006883226396894385,44.29603102422175,39.48865305764183,0.11760000779759139,0.2955999952973798,10.787699997308664,0.1323999895248562,11.224999994738027,0,True,gaze_outside_screen,0.7516742373179737
1787908981280,2288,3882,1956.5634590721086,1495.9839319780056,1941.0071592402928,2273.5053828344116,-1,-1,off_screen,0.0,63,22,3.0,0.0013580200756688789,42.99775908257007,39.48571068175154,0.14180000289343297,0.28279999969527125,11.470500001451,0.17410000145900995,11.939100004383363,0,True,gaze_outside_screen,0.7516742373179737
1787908981296,2289,3883,2044.539381719384,1052.634079512783,1972.06682598402,1907.243991837923,-1,-1,off_screen,0.0,79,22,3.0,0.0016342527269517966,44.93220280351684,39.489640081575786,0.11100000119768083,0.39680000918451697,10.88160001381766,0.14800000644754618,11.438899993663654,0,True,gaze_outside_screen,0.7516742373179737
1787908981328,2290,3884,2009.4384103878685,678.7126292597043,1983.2783013051744,1538.6845830644575,2,2,terminal,0.34130788214003904,0,16,3.2,0.0019829418775881014,43.5521330935496,39.48695329510286,0.1365000061923638,0.3327999875182286,10.845099997823127,0.14109999756328762,11.332299996865913,0,True,on_screen,0.7516742373179737
1787908981344,2291,3885,1934.2627601285246,557.5466127519655,1968.5736389521794,1244.34319197071,2,2,terminal,0.2377437269833219,16,16,3.2,0.0020142242674810705,45.44184578167157,39.491047150389264,0.10340000153519213,0.24389999452978373,10.065599999506958,0.12709999282378703,10.444899991853163,0,True,on_screen,0.7516742373179737
1787908981376,2292,3886,2258.5127485099797,515.2849086480489,2055.555371819519,1025.6257069739117,1,2,second_file,0.4535122339656248,0,6,3.4,0.002041240327499586,44.02309095130902,39.48773237484062,0.17999998817685992,0.3060000017285347,11.56749999790918,0.14429999282583594,12.031900012516417,0,True,on_screen,0.7516742373179737
1787908981408,2293,3887,2574.2772559220657,482.44484804979044,2211.1719370502833,862.6714492966753,1,2,second_file,0.8036013625810765,32,6,3.4,0.002023726987932562,42.76374585874333,39.485576505039155,0.11490000179037452,0.2821000089170411,10.480700002517551,0.13839999155607074,10.913499994785525,0,True,on_screen,0.7516742373179737
1787908981424,2294,3888,2491.166344792801,497.29768196992126,2295.1702593730383,753.059319098649,1,2,second_file,0.7110411748006134,48,6,3.4,0.0020665378833452895,44.72357367648287,39.48945834394485,0.11300000187475234,0.24210000992752612,10.146200002054684,0.12789999891538173,10.524299999815412,0,True,on_screen,0.7516742373179737
1787908981456,2295,3889,2406.1186854642556,586.3026930117868,2328.454787200403,703.0323312725903,1,2,second_file,0.6103919460024367,80,6,3.4,0.0021127675644462864,43.39016501207772,39.48603454447976,0.10659999679774046,0.28750000637955964,12.054499995429069,0.17699999443721026,12.529300001915544,0,True,on_screen,0.7516742373179737
1787908981472,2296,3890,2432.420636883084,561.9003322223343,2359.6445421052076,660.6927315575135,1,2,second_file,0.5177177671021038,95,6,3.4,0.002163326097679382,45.137761006869304,39.489176058467116,0.13499999477062374,0.30339999648276716,13.0871000001207,0.1824999926611781,13.588000001618639,0,True,on_screen,0.7516742373179737
1787908981504,2297,3891,2418.8738547683633,535.6376825341854,2377.4133359041543,623.1762168505151,0,2,ai_agent,0.46367289378302134,0,7,3.6,0.00209117797123232,43.77917614199787,39.487585425354894,0.11799999629147351,0.2575999969849363,10.785000005853362,0.1340999879175797,11.186499992618337,0,True,on_screen,0.7516742373179737
1787908981520,2298,3892,2415.8707249203476,659.0730166166551,2388.950552609012,633.9452567803571,1,2,second_file,0.45176932195334063,0,7,3.8,0.002058519112988908,45.630934213488985,39.49143931021607,0.12209999840706587,0.23710000095888972,10.394300014013425,0.20059999951627105,10.840500006452203,0,True,on_screen,0.7516742373179737
1787908981554,2299,3893,2304.976900125273,915.0682356558589,2363.7584568638904,718.2821504430076,1,2,second_file,0.6245025595785978,33,7,3.8,0.002023227952097504,44.00754740958129,39.48750084526979,0.11509998876135796,0.2969999914057553,11.492299992823973,0.1765000051818788,11.977200003457256,0,True,on_screen,0.7516742373179737
1787908981584,2300,3894,2248.15166062507,1067.6042092513712,2329.076417992244,823.0787680855167,1,2,second_file,0.8411857845303776,64,7,3.8,0.001954652432807142,42.95005549206017,39.486027316590224,0.12840000272262841,0.2612000098451972,10.640500011504628,0.15870000061113387,11.070799999288283,0,True,on_screen,0.7516742373179737
1787908981600,2301,3895,2253.617624318386,1181.7697200864445,2306.4387798900866,930.6860536857951,1,2,second_file,0.9395746002485166,79,7,3.8,0.0019062621896116065,44.85702341049592,39.48976230142672,0.13020000187680125,0.24330000451300293,10.55949999135919,0.13169999874662608,10.942599998088554,0,True,on_screen,0.7516742373179737
1787908981632,2302,3896,2218.9515233733437,1325.010079118506,2280.1926029350634,1048.9832613156082,1,2,second_file,0.7038415562875776,111,7,3.8,0.001798506003661441,43.517736357814414,39.486918694826485,0.1053000014508143,0.2479999966453761,11.001299993949942,0.32959999225568026,11.588099994696677,0,True,on_screen,0.7516742373179737
1787908981648,2303,3897,2092.485502048701,1736.7953064439919,2223.8804726691546,1255.3268748541232,2,2,terminal,0.6048484872051205,0,17,4.0,0.0015656302015211523,45.26865889694871,39.49050211471108,0.13159999798517674,0.2851000026566908,11.104899997008033,0.17080000543501228,11.571700000786223,0,True,on_screen,0.7516742373179737
1787908981680,2304,3898,2047.7524783200279,1901.099942257864,2171.0420743644167,1449.0587950752454,2,2,terminal,0.7384039695408725,32,17,4.0,0.0014268363012940495,43.88218090739299,39.48805077350568,0.13980000221636146,0.27520000003278255,10.760299992398359,0.13220000255387276,11.178500004461966,0,True,on_screen,0.7516742373179737
1787908981696,2305,3899,1989.4750353754612,1903.7717295437762,2116.57196266773,1585.4726754158046,2,2,terminal,0.5342713964542833,48,17,4.0,0.001314520798033448,45.7881796935967,39.49201295106215,0.10289999772794545,0.24080000002868474,10.324199989554472,0.13610000314656645,10.708600006182678,0,True,on_screen,0.7516742373179737
1787908981728,2306,3900,2268.88643878303,1717.10829693115,2162.26630550232,1624.9633618704079,2,2,terminal,0.5425846934998089,79,17,4.0,0.001326728573475499,44.30317224655304,39.48871982037842,0.1790999958757311,0.39260000630747527,11.388800005079247,0.14849999570287764,11.943100005737506,0,True,on_screen,0.7516742373179737
1787908981760,2307,3901,2131.3220310937,1673.0603240579142,2152.9830231797337,1639.3924505266596,2,2,terminal,0.5090110999902369,111,17,4.0,0.0012979874691217454,43.00588340636307,39.48632168207988,0.15240001084748656,0.28500000189524144,10.900599998421967,0.1514999894425273,11.348599990014918,0,True,on_screen,0.7516742373179737
1787908981776,2308,3902,2051.858291527297,1712.3318070005205,2122.6456036840027,1661.2742574688177,2,2,terminal,0.4384025513425611,128,17,4.0,0.001227896938551399,45.05667903474465,39.490444731783356,0.1142999972216785,0.23990000772755593,10.227400009171106,0.13559999933931977,10.611699995934032,0,True,on_screen,0.7516742373179737
1787908981808,2309,3903,2090.6220240720654,1588.4664022737513,2113.038529800421,1639.4319009102978,2,2,terminal,0.45799801700378484,160,17,4.0,0.0011419549417799497,43.65609975074944,39.48702479938141,0.19169998995494097,0.38320000749081373,11.731099992175587,0.16039999900385737,12.289300007978454,0,True,on_screen,0.7516742373179737
1787908981824,2310,3904,2124.300743240589,1628.537442474837,2116.417193832471,1636.1635633796593,2,2,terminal,0.46721858920677406,175,17,4.0,0.0010082462033844941,45.543029871096024,39.490729454658144,0.14439999358728528,0.35280000884085894,11.7854999989504,0.19720000273082405,12.345600000116974,0,True,on_screen,0.7516742373179737
1787908981856,2311,3905,2236.125410881435,1468.3351267773874,2152.32965894716,1585.8150323989776,2,2,terminal,0.5870038864750844,207,17,4.0,0.0009303119836307182,44.120195322254204,39.488437635291476,0.23200000578071922,0.30169999809004366,10.99939999403432,0.15929999062791467,11.472999991383404,0,True,on_screen,0.7516742373179737
1787908981888,2312,3906,2272.892804748856,1773.4952770684133,2188.498602687669,1642.1191057998083,2,2,terminal,0.5430363504598764,240,17,4.0,0.0010689594623518421,42.82702580840622,39.48525533124288,0.2521999995224178,0.3031999949598685,12.24539999384433,0.14250000822357833,12.705800007097423,0,True,on_screen,0.7516742373179737
1787908981904,2313,3907,2253.1627814518883,1979.0066801198795,2207.897856316935,1743.1853780958295,-1,-1,off_screen,0.0,0,23,4.0,0.0009985969158769342,44.83378963103037,39.48820632515422,0.1779000012902543,0.450699997600168,14.113700002781115,0.15750000602565706,14.737999998033047,0,True,gaze_outside_screen,0.7516742373179737
1787908981936,2314,3908,2383.4984656175106,1540.3320860980225,2260.5780391071075,1682.3293904964873,2,2,terminal,0.5167411714540464,0,18,4.2,0.0010284982349149652,43.467520482529224,39.48693753110826,0.12820000119972974,0.29179999546613544,10.714599993661977,0.1436000020476058,11.160699999891222,0,True,on_screen,0.7516742373179737
1787908981952,2315,3909,2436.8415750365375,1117.5171030293307,2313.4570998859363,1512.8857042563402,2,2,terminal,0.8557290190917559,15,18,4.0,0.0009817355064418894,45.357709839608034,39.49055319443034,0.10479999764356762,0.26220000290777534,10.98830001137685,0.1289000065298751,11.388200000510551,0,True,on_screen,0.7516742373179737
1787908981984,2316,3910,2576.920200492657,1042.9949525134837,2392.4960300679522,1371.9184787334832,2,2,terminal,0.7808275505140443,47,18,3.8,0.0009298161286521306,43.97321260072443,39.48741286351099,0.10449999535921961,0.2762000076472759,12.371699995128438,0.1931999868247658,12.851699997554533,0,True,on_screen,0.7516742373179737
1787908982016,2317,3911,2705.0529279993175,1053.4429460829294,2486.2630994473616,1276.375818938317,2,2,terminal,0.5192044081252074,79,18,3.8,0.0009625038424638348,42.697155578242906,39.4851423355898,0.15619999612681568,0.35859999479725957,11.3203000073554,0.14090001059230417,11.833200012915768,0,True,on_screen,0.7516742373179737
1787908982032,2318,3912,2728.311284311027,1104.8088960989621,2558.8775549064612,1224.9057420865106,2,2,terminal,0.3453359221103329,95,18,3.8,0.0009624997515683999,44.66317577275576,39.48890356005666,0.13549999857787043,0.2629000082379207,11.274500007857569,0.1399999891873449,11.685899997246452,0,True,on_screen,0.7516742373179737
1787908982064,2319,3913,2751.788779555505,1186.5727628404766,2616.7509223011743,1213.4058483127003,2,2,terminal,0.24188588285932644,127,18,3.8,0.0009393536125657694,43.33698970453115,39.48594550293643,0.12840000272262841,0.2764999953797087,12.129700000514276,0.17010000010486692,12.587100005475804,0,True,on_screen,0.7516742373179737
1787908982080,2320,3914,2709.3755849478116,1239.786683049832,2644.5383210951654,1221.3200987338398,2,2,terminal,0.20557797018076984,143,18,3.6,0.0009607026942707979,45.050921874939355,39.4897372645171,0.13830000534653664,0.2967000036733225,11.384099998394959,0.16750000941101462,11.859499994898215,0,True,on_screen,0.7516742373179737
1787908982112,2321,3915,2678.6941017025074,1177.4423727539026,2654.785055277368,1208.1567809398584,2,2,terminal,0.17461964588556333,175,18,3.6,0.0010617819015986928,43.69454343738585,39.48742641620507,0.15630001144018024,0.28229999588802457,10.792100001708604,0.1382000045850873,11.225099995499477,0,True,on_screen,0.7516742373179737
1787908982128,2322,3916,2637.6130057258015,1210.42440447333,2649.633440411898,1208.8370679998998,2,2,terminal,0.18378006689385706,191,18,3.6,0.0010284909741351718,45.60180436536465,39.49139635709674,0.1281000004382804,0.25599999935366213,10.214199995971285,0.16959999629762024,10.6482999981381,0,True,on_screen,0.7516742373179737
1787908982161,2323,3917,2677.9194859642676,1191.6256634025228,2658.1192540776087,1203.6736466206867,2,2,terminal,0.16429894001734546,224,18,3.6,0.0009097851780811017,44.06145820088948,39.48804763434974,0.15129998791962862,0.33009999606292695,10.776199997053482,0.14970000484026968,11.267300011240877,0,True,on_screen,0.7516742373179737
1787908982192,2324,3918,2645.6133686142853,1214.2881005433285,2654.3674884386114,1206.8579827974793,2,2,terminal,0.17389369254477338,255,18,3.6,0.0008675289743816685,42.889161727415974,39.48567233052382,0.149500003317371,0.3299000090919435,11.16530000581406,0.13059999037068337,11.637199990218505,0,True,on_screen,0.7516742373179737
1787908982208,2325,3919,2608.3124212499347,1155.7766841690507,2640.5509682820084,1191.5335932089506,2,2,terminal,0.1788303705972586,271,18,3.6,0.0009608733202319773,44.826159054009295,39.48964871814432,0.10410000686533749,0.24680000205989927,10.529899998800829,0.12260000221431255,10.90690000273753,0,True,on_screen,0.7516742373179737
1787908982240,2326,3920,2451.749606667195,1136.9527485042834,2583.9105597975645,1175.1593397975503,2,2,terminal,0.24358424327409411,303,18,3.6,0.0012106326134973047,43.49258410874027,39.48625071776848,0.1303999888477847,0.30300000798888505,12.505800012149848,0.19330000213813037,13.016900004004128,0,True,on_screen,0.7516742373179737
1787908982257,2327,3921,2413.3415106104826,1151.2086343076119,2532.73984504144,1167.9741281505687,1,2,second_file,0.30840284062088097,0,8,3.8,0.0011763429152453035,45.13041752856255,39.490414045429056,0.12129999231547117,0.2815999905578792,10.718799996539019,0.16039999900385737,11.170700003276579,0,True,on_screen,0.7516742373179737
1787908982288,2328,3922,2424.9215502722445,1080.9863563371177,2500.3943566106814,1141.8777966065334,1,2,second_file,0.3884016501206268,31,8,3.8,0.0011416626273026316,43.77282586785565,39.48745640020309,0.14940000255592167,0.3434999962337315,11.745999989216216,0.1402000052621588,12.240700001711957,0,True,on_screen,0.7516742373179737
1787908982320,2329,3923,2448.8597569992476,1106.4139311263668,2484.9339767272513,1131.2386369624833,1,2,second_file,0.42365031867910863,62,8,3.6,0.0011133371063499937,42.54069189052381,39.48473577283713,0.10509999992791563,0.36189999082125723,12.072199999238364,0.16989999858196825,12.615700004971586,0,True,on_screen,0.7516742373179737
1787908982336,2330,3924,2414.0159672754367,943.1212644829153,2463.658573891707,1074.8034252186128,1,2,second_file,0.5352838120641237,78,8,3.6,0.0010648913684874577,44.56956889875256,39.4889619913027,0.13339999713934958,0.29179999546613544,10.932899996987544,0.1551999885123223,11.389799998141825,0,True,on_screen,0.7516742373179737
1787908982368,2331,3925,2422.0572744848746,926.3411409348553,2451.178184069657,1030.2647399334855,1,2,second_file,0.614188301942081,111,8,3.6,0.0011431825722096507,43.23552356227891,39.48629729610172,0.12369999603834003,0.26879999495577067,10.98459999775514,0.13640000543091446,11.39950001379475,0,True,on_screen,0.7516742373179737
1787908982384,2332,3926,2377.757937707122,1011.7606684480727,2429.1521101608964,1024.7135184878616,1,2,second_file,0.653180564478183,127,8,3.6,0.001174614831250205,45.19515426654242,39.490386877554215,0.10309999925084412,0.23360000341199338,10.136099997907877,0.13549999857787043,10.512800014112145,0,True,on_screen,0.7516742373179737
1787908982416,2333,3927,1997.0860921886963,1294.696504110425,2299.5323047692364,1105.7084141746304,1,2,second_file,0.596107585697408,158,8,3.6,0.0011794558564204062,43.74486524037845,39.48656759427415,0.11510000331327319,0.3026000049430877,12.366800001473166,0.1914000022225082,12.872299994342029,0,True,on_screen,0.7516742373179737
1787908982432,2334,3928,1931.1333591959208,1299.097559166596,2189.0126210972417,1163.7251576722201,1,2,second_file,0.43525066009157276,174,8,3.6,0.0011870827908387234,45.7420375814657,39.49106862532013,0.1235999952768907,0.2721999917412177,10.751299996627495,0.13309999485500157,11.164800002006814,0,True,on_screen,0.7516742373179737
1787908982464,2335,3929,1889.7595224877032,1336.8390390817624,2099.2366915143803,1215.6593220950829,2,2,terminal,0.4037748138568643,0,19,3.8,0.001193825729999893,44.285293467876684,39.48836303921583,0.13919999764766544,0.24870000197552145,10.816099995281547,0.15369999164249748,11.226300004636869,0,True,on_screen,0.7516742373179737
1787908982496,2336,3930,1927.7356704392732,1278.403213108791,2047.7863851918478,1234.4824893991954,2,2,terminal,0.35525576192004094,32,19,3.8,0.0012129744310794381,43.00116111985252,39.48529989261984,0.14340000052470714,0.3617000038502738,11.866200002259575,0.22969998826738447,12.468400003854185,0,True,on_screen,0.7516742373179737
1787908982512,2337,3931,1906.7667566268767,1304.9642133468758,2005.4804966223564,1255.6270065834995,2,2,terminal,0.3112634504378704,48,19,3.8,0.0011857790104636834,44.86935347206314,39.48934282490623,0.1480999926570803,0.305800000205636,10.942100008833222,0.1238999975612387,11.390100000426173,0,True,on_screen,0.7516742373179737
1787908982544,2338,3932,2212.3088804828676,1294.6204517674369,2067.52901178051,1267.3250401386806,2,2,terminal,0.4252344316328921,79,19,3.8,0.0011775080292665725,43.51826619854138,39.48680378935289,0.19180000526830554,0.28219999512657523,10.758700009319,0.17559999832883477,11.226399990846403,0,True,on_screen,0.7516742373179737
1787908982560,2339,3933,2455.18868709577,1210.1033384653301,2183.8269143750877,1250.1585296366754,2,2,terminal,0.5589612628292695,95,19,3.8,0.001169010094203695,45.42457515869719,39.49079205160395,0.12749999586958438,0.25100000493694097,10.136299999430776,0.11759999324567616,10.51279999956023,0,True,on_screen,0.7516742373179737
1787908982595,2340,3934,2590.7425814027633,959.3291812094852,2305.9016144833904,1162.9097251085182,1,2,second_file,0.48390547978895837,0,9,4.0,0.0011026221854030342,43.74992875718335,39.48642153452734,0.11369999265298247,0.3311000036774203,11.493700003484264,0.15410000924021006,11.991599996690638,0,True,on_screen,0.7516742373179737
1787908982608,2341,3935,2693.867033806803,932.9242825632081,2422.291240280414,1093.9140923449252,1,2,second_file,0.5541208967400926,13,9,4.0,0.001075801664381086,46.87180594012873,39.49141659078346,0.11609999637585133,0.2882999979192391,10.903500005952083,0.1720000000204891,11.373200002708472,0,True,on_screen,0.7516742373179737
1787908982640,2342,3936,2648.8954833764296,852.9855427503506,2490.2725132092187,1021.6355274665527,1,2,second_file,0.5633016067608336,45,9,4.0,0.00113023853045598,45.309420280671205,39.489097322586304,0.12080000306013972,0.2606999914860353,10.144899992155842,0.1320000010309741,10.546599994995631,0,True,on_screen,0.7516742373179737
1787908982672,2343,3937,2741.146512734601,942.5590775452622,2565.5347130668333,997.9125924901655,1,2,second_file,0.45182007272370894,76,9,4.0,0.0011306835374546367,43.912960060363275,39.48603373771638,0.11959999392274767,0.31740000122226775,11.215400008950382,0.15859999984968454,11.701900002663024,0,True,on_screen,0.7516742373179737
1787908982688,2344,3938,2798.962021143765,946.3076659590727,2635.5629054899127,982.4311145308377,1,2,second_file,0.3293431908132429,92,9,4.0,0.001105189008656509,45.89628794828232,39.48994961579049,0.10300001304131001,0.261199995293282,11.041899997508153,0.13719999697059393,11.450699996203184,0,True,on_screen,0.7516742373179737
1787908982720,2345,3939,2760.2433612571986,1111.6900566935956,2672.9670422200984,1021.208797179665,1,2,second_file,0.23765319586949496,125,9,4.0,0.0009953496836015326,44.428888176177956,39.48724124079199,0.11909999011550099,0.2634999982547015,11.163399991346523,0.14940000255592167,11.586699998588301,0,True,on_screen,0.7516742373179737
1787908982736,2346,3940,2748.094782596878,1165.092046519746,2695.505364333132,1064.3737719816893,1,2,second_file,0.16650441488655043,141,9,4.0,0.0009505243665062953,46.24268619104077,39.491297165524685,0.10340000153519213,0.2330000133952126,10.301100002834573,0.13859999307896942,10.680699997465126,0,True,on_screen,0.7516742373179737
1787908982768,2347,3941,2666.270109357614,1193.556663416034,2686.734787840476,1103.1286394119927,1,2,second_file,0.1494537634570936,172,9,4.0,0.0009667030113763575,44.73417739655696,39.48782711128225,0.16239999968092889,0.3488000074867159,12.147099987487309,0.16870000399649143,12.677499995334074,0,True,on_screen,0.7516742373179737
1787908982800,2348,3942,2608.3329662874976,1173.259910642126,2663.2142413745823,1124.1680207810325,1,2,second_file,0.16883999880089606,204,9,4.0,0.0009764883888353192,43.39741428893763,39.48585747453473,0.12960001186002046,0.2733000001171604,10.678099992219359,0.1362999901175499,11.100299991085194,0,True,on_screen,0.7516742373179737
1787908982816,2349,3943,2591.575803101392,1140.5422860792296,2641.722709892625,1129.0803003704916,1,2,second_file,0.19894334668398994,220,9,4.0,0.0009655102270414474,45.30353497769406,39.48964792850921,0.13129999570082873,0.2415000053588301,10.444899991853163,0.1357000001007691,10.830200000782497,0,True,on_screen,0.7516742373179737
1787908982848,2350,3944,2642.485689744977,1150.490697863514,2641.9516038483307,1135.5034196183983,1,2,second_file,0.19142968215961265,253,9,4.0,0.0009233052307632827,43.882237849781745,39.48668641240736,0.16020001203287393,0.2795999898808077,11.04450000275392,0.14670001110062003,11.479799999506213,0,True,on_screen,0.7516742373179737
1787908982866,2351,3945,2685.781815246658,1138.1784334450442,2655.1006672678286,1136.305923766392,1,2,second_file,0.16924343414818477,270,9,4.0,0.0008983169932434698,45.24051301134071,39.4895960600137,0.1137000072048977,0.2972000074805692,11.537800004589371,0.19559999054763466,12.041499998304062,0,True,on_screen,0.7516742373179737
1787908982896,2352,3946,2924.7214866346617,1016.7660853132337,2735.9869130778784,1100.4439722304444,1,2,second_file,0.06518936175769918,300,9,4.0,0.0009412062706740838,43.99233620605622,39.48791266287093,0.14829999417997897,0.27350000164005905,10.679800005163997,0.13449999096337706,11.098200004198588,0,True,on_screen,0.7516742373179737
1787908982912,2353,3947,3029.171889004073,925.2374753485569,2823.9424058557365,1047.882023165878,-1,-1,off_screen,0.0,0,24,4.2,0.001029410065886787,45.871472969384556,39.49186459184988,0.10509999992791563,0.2373999886913225,10.131300005014054,0.11589999485295266,10.492500005057082,0,True,gaze_outside_screen,0.7516742373179737
1787908982944,2354,3948,2963.409829522898,906.2712885111015,2865.7826329558848,1005.3988027694451,-1,-1,off_screen,0.0,32,24,4.2,0.0011117394928356616,44.39855239385304,39.48875047017293,0.13670000771526247,0.27879999834112823,11.15209999261424,0.146100006531924,11.587299988605082,0,True,gaze_outside_screen,0.7516742373179737
1787908982976,2355,3949,2948.206140993323,977.2170067051854,2890.509685367116,996.9442639501672,-1,-1,off_screen,0.0,64,24,4.2,0.0010636633509218708,43.080487564180615,39.48640555250099,0.12969999806955457,0.31030000536702573,10.340500011807308,0.14630000805482268,10.816800000611693,0,True,gaze_outside_screen,0.7516742373179737
1787908982992,2356,3950,2916.1224670423044,1026.7967885450048,2898.1935198696724,1005.9000213286184,-1,-1,off_screen,0.0,80,24,4.2,0.0010479863435623425,45.08493249330325,39.490204296864654,0.10410000686533749,0.24639999901410192,10.30019999598153,0.12209999840706587,10.677500002202578,0,True,gaze_outside_screen,0.7516742373179737
1787908983024,2357,3951,2810.210619531494,1056.5290492426598,2871.7986497682186,1021.0887297028307,-1,-1,off_screen,0.0,111,24,4.2,0.001042709658458131,43.710921051732115,39.48759975083026,0.10770000517368317,0.23790000705048442,10.326500007067807,0.12290000449866056,10.696199999074452,0,True,gaze_outside_screen,0.7516742373179737
1787908983040,2358,3952,2777.828838342446,1049.7004010162022,2843.607706340487,1029.672231096842,-1,-1,off_screen,0.0,128,24,4.2,0.0010455291994300071,45.52699058473957,39.49023392026393,0.11249999806750566,0.29319999157451093,12.749400004395284,0.12830000196117908,13.182299997424707,0,True,gaze_outside_screen,0.7516742373179737
1787908983072,2359,3953,2710.731620020918,1033.865557315955,2803.7448804446162,1030.930228962576,-1,-1,off_screen,0.0,160,24,4.2,0.0010490273925567346,44.06784363606957,39.488072315088196,0.14279999595601112,0.29349999385885894,11.225199996260926,0.12969999806955457,11.65939999918919,0,True,gaze_outside_screen,0.7516742373179737
1787908983104,2360,3954,2705.981441021387,1026.3548170661015,2774.4158486176475,1029.5576053936336,-1,-1,off_screen,0.0,192,24,4.2,0.001059614351591711,42.813256827024176,39.485575570228626,0.1598999951966107,0.33739999344106764,11.089299994637258,0.13109999417793006,11.591000002226792,0,True,gaze_outside_screen,0.7516742373179737
1787908983120,2361,3955,2753.560478317088,1021.5725070517902,2768.1592375274795,1027.1620758910806,-1,-1,off_screen,0.0,207,24,4.2,0.0010492616395734351,44.84877121036523,39.48907045720606,0.10509999992791563,0.2888000017264858,11.76090000080876,0.16310000501107424,12.221400000271387,0,True,gaze_outside_screen,0.7516742373179737
1787908983152,2362,3956,2780.409994964778,1028.6340956848126,2771.8344647586687,1027.6036818292,-1,-1,off_screen,0.0,240,24,4.2,0.0010117838768010333,43.47848939384438,39.486879893749865,0.12959999730810523,0.2663000050233677,10.587299999315292,0.1309000072069466,10.995300006470643,0,True,gaze_outside_screen,0.7516742373179737
1787908983168,2363,3957,2808.115159994545,1041.7867757497181,2782.7186733294316,1031.8586100053553,-1,-1,off_screen,0.0,256,24,4.2,0.0010025749058020263,45.32308938205128,39.490611273835995,0.11480000102892518,0.2609000075608492,10.298900000634603,0.13220000255387276,10.702800005674362,0,True,gaze_outside_screen,0.7516742373179737
1787908983200,2364,3958,2832.577597418727,1082.0073258329653,2797.67635055622,1046.9032247536384,-1,-1,off_screen,0.0,288,24,4.2,0.0009921810484739488,43.92674652538763,39.48781250319721,0.1728000061120838,0.3181000065524131,10.768799998913892,0.1416000013705343,11.241100000916049,0,True,gaze_outside_screen,0.7516742373179737
1787908983216,2365,3959,2827.536875418287,1091.793750572879,2806.63450801484,1060.3703824994104,-1,-1,off_screen,0.0,304,24,4.2,0.0009862406213337511,45.71156356138493,39.49111444688033,0.11950000771321356,0.2911999908974394,11.537099999259226,0.1545999984955415,11.994699991191737,0,True,gaze_outside_screen,0.7516742373179737
1787908983248,2366,3960,2816.010134611017,1102.8505946281828,2809.4471959936927,1073.114446138042,-1,-1,off_screen,0.0,335,24,4.2,0.0009989918574501676,44.267723373717374,39.4884489620617,0.1703000016277656,0.338700003339909,11.602300000959076,0.1542000100016594,12.109199989936315,0,True,gaze_outside_screen,0.7516742373179737
1787908983280,2367,3961,2818.4225461113037,1103.8876749263152,2812.139801028976,1082.346414774524,-1,-1,off_screen,0.0,368,24,4.2,0.0010101020406607583,42.98213796644216,39.485937592729535,0.1221999991685152,0.28619999648071826,11.530399991897866,0.1483999949414283,11.977700007264502,0,True,gaze_outside_screen,0.7516742373179737
1787908983296,2368,3962,2822.5576308010864,1092.2985694818947,2815.265149960609,1085.3320611867352,-1,-1,off_screen,0.0,384,24,4.2,0.0010279294245694078,44.98782249681609,39.48983431893874,0.14230000670067966,0.2542000001994893,11.10530000005383,0.1691999932518229,11.5386999968905,0,True,gaze_outside_screen,0.7516742373179737
1787908983328,2369,3963,2846.5240342883435,1031.8784324545732,2824.642815258929,1069.2959725670867,-1,-1,off_screen,0.0,416,24,4.2,0.0010870115530237888,43.59744911505428,39.487320268236786,0.185500000952743,0.30869999318383634,10.608299999148585,0.14989999181125313,11.080199998104945,0,True,gaze_outside_screen,0.7516742373179737
1787908983344,2370,3964,2842.2390351806,1038.6423726305088,2829.9216812354302,1060.0998925861131,-1,-1,off_screen,0.0,432,24,4.2,0.0010943407819823774,45.456919091738655,39.49115798352477,0.1100999943446368,0.2626000059535727,10.184200000367127,0.11489998723845929,10.569999998551793,0,True,gaze_outside_screen,0.7516742373179737
1787908983376,2371,3965,2824.6697511438474,1065.962313459315,2828.346102207955,1061.8586188480738,-1,-1,off_screen,0.0,463,24,4.2,0.0010757371881334778,44.06006982449748,39.48851220320607,0.10250000923406333,0.2572000084910542,10.466700012329966,0.12749999586958438,10.86149999173358,0,True,gaze_outside_screen,0.7516742373179737
1787908983408,2372,3966,2793.347512624348,1066.0631868900923,2817.8465253328727,1063.1199892606792,-1,-1,off_screen,0.0,496,24,4.2,0.001076587172383188,42.76433763521633,39.485590173926134,0.20799999765586108,0.32610000926069915,10.986699999193661,0.14059999375604093,11.466600000858307,0,True,gaze_outside_screen,0.7516742373179737
1787908983424,2373,3967,2788.476322875857,1086.228400950171,2809.0354645957677,1070.0525127675267,-1,-1,off_screen,0.0,512,24,4.2,0.00106550097616211,44.67070455552738,39.489497809864815,0.1765000051818788,0.27370000316295773,10.252699998090975,0.14039999223314226,10.676599995349534,0,True,gaze_outside_screen,0.7516742373179737
1787908983456,2374,3968,2773.6705755280414,1079.1181206290235,2798.4259978754494,1072.7721951259755,-1,-1,off_screen,0.0,544,24,4.2,0.001079191943272221,43.35046524204825,39.486611045018954,0.14229999214876443,0.27359998784959316,11.142000003019348,0.14119999832473695,11.567900000954978,0,True,gaze_outside_screen,0.7516742373179737
1787908983472,2375,3969,2766.7616627975167,1090.0233330184894,2788.9266973520694,1077.9475364937296,-1,-1,off_screen,0.0,559,24,4.2,0.0010770579969234632,45.25492854025318,39.49043870114614,0.1235999952768907,0.2813000028254464,10.659599996870384,0.1723000023048371,11.123599993879907,0,True,gaze_outside_screen,0.7516742373179737
1787908983504,2376,3970,2784.296188478747,1060.1016464337645,2787.5375446900725,1072.59376947574,-1,-1,off_screen,0.0,592,24,4.2,0.0011247683001554334,43.862778210890845,39.487601247303665,0.12509999214671552,0.29429999995045364,11.32309999957215,0.12430000060703605,11.754899998777546,0,True,gaze_outside_screen,0.7516742373179737
1787908983520,2377,3971,2782.333164405567,1049.9837861768428,2785.9762306047205,1065.8107744860708,-1,-1,off_screen,0.0,608,24,4.2,0.0011350715103763918,45.62754545284155,39.49154049881417,0.10629999451339245,0.25430000096093863,10.40379999903962,0.12399999832268804,10.791100008646026,0,True,gaze_outside_screen,0.7516742373179737
1787908983552,2378,3972,2730.5880935067303,1117.8684281038065,2769.3597894753234,1081.4280705713916,-1,-1,off_screen,0.0,640,24,4.2,0.0011091528578286713,44.218579079348814,39.48890900901389,0.13080000644549727,0.28110000130254775,10.686099994927645,0.1306000049225986,11.107300000730902,0,True,gaze_outside_screen,0.7516742373179737
1787908983584,2379,3973,2681.0667556139174,1169.6836108018676,2742.8718793169014,1107.9047326405343,-1,-1,off_screen,0.0,672,24,4.2,0.001094445706134383,42.93415324586896,39.48618234021961,0.14800000644754618,0.2854000049410388,11.07939999201335,0.1286000042455271,11.505099988426082,0,True,gaze_outside_screen,0.7516742373179737
1787908983600,2380,3974,2676.074897327153,1180.2871381977316,2722.8327847199766,1129.6194543076933,1,2,second_file,0.06239986359534466,0,10,4.4,0.001088589846818682,44.81346311754175,39.489962274645286,0.09620000491850078,0.23710000095888972,10.622400004649535,0.1292000088142231,10.996599987265654,0,True,on_screen,0.7516742373179737
1787908983632,2381,3975,2673.231583777551,1181.3934637828413,2707.9524244372487,1145.1516571502377,1,2,second_file,0.07245896956378672,32,10,4.4,0.0010822186509580785,43.46990328681879,39.48747698625417,0.1075999898603186,0.2609999937703833,10.37709999945946,0.13630000466946512,10.785200007376261,0,True,on_screen,0.7516742373179737
1787908983648,2382,3976,2672.6925302271156,1184.1081124430784,2697.3744561742087,1156.83859373809,1,2,second_file,0.0778070965078993,48,10,4.4,0.0010787829749292002,45.295904880162134,39.490370648552734,0.10570000449661165,0.2758000046014786,12.073399993823841,0.16960001084953547,12.532099994132295,0,True,on_screen,0.7516742373179737
1787908983680,2383,3977,2668.8705626501405,1188.5375754939073,2688.823288116988,1166.348288264835,1,2,second_file,0.08132180389073496,80,10,4.4,0.0010725799075482594,43.87800220261454,39.48779600374102,0.1230000052601099,0.35820000630337745,11.752699996577576,0.15859999984968454,12.28399999672547,0,True,on_screen,0.7516742373179737
1787908983712,2384,3978,2660.970172986309,1149.7948706853133,2680.467353577784,1161.3822629909785,1,2,second_file,0.10035560209675454,111,10,4.4,0.0010933921734679712,42.657384900663125,39.48561480142144,0.1277999981539324,0.2660000027390197,11.172600003192201,0.14899999951012433,11.599300007219426,0,True,on_screen,0.7516742373179737
1787908983728,2385,3979,2659.7261331502764,1133.1143140460788,2674.2449874495314,1152.9018783075085,1,2,second_file,0.11985699370531144,128,10,4.4,0.0010897132946441242,44.533963906990664,39.48869987731905,0.14119999832473695,0.2792999875964597,12.264600009075366,0.21640000340994447,12.771800000336953,0,True,on_screen,0.7516742373179737
1787908983760,2386,3980,2661.799609962617,1106.5887759027507,2670.511374203457,1139.0079475860812,1,2,second_file,0.14109519659447367,160,10,4.4,0.0010910150781900177,43.220324373880516,39.48655211653741,0.12969999806955457,0.40809999336488545,11.161799993715249,0.14319999900180846,11.728100012987852,0,True,on_screen,0.7516742373179737
1787908983776,2387,3981,2665.7375430202615,1106.6420946108265,2669.079224848498,1129.2981916935046,1,2,second_file,0.15373809993423515,176,10,4.4,0.0010872220818118165,45.08212491904163,39.49046985299875,0.11170000652782619,0.2758999908110127,10.447000007843599,0.146100006531924,10.879800000111572,0,True,on_screen,0.7516742373179737
1787908983808,2388,3982,2713.735246834962,1111.203618140104,2682.476031444437,1123.8698196274843,1,2,second_file,0.13682951893579698,208,10,4.4,0.0010815967486505935,43.720535629339054,39.487236947570096,0.11839999933727086,0.2792000013869256,12.146699998993427,0.23839999630581588,12.678300001425669,0,True,on_screen,0.7516742373179737
1787908983824,2389,3983,2725.294134358157,1099.8171829413798,2695.3214623185527,1116.6540286216527,1,2,second_file,0.12198122618306673,223,10,4.4,0.001092290559551467,45.40574745007553,39.490710975733336,0.32300000020768493,0.556200000573881,11.813000004622154,0.23320000036619604,12.620499997865409,0,True,on_screen,0.7516742373179737
1787908983856,2390,3984,2762.2736239917394,1102.9397462928468,2715.4071108205085,1112.539743923011,1,2,second_file,0.09102288356195887,256,10,4.4,0.0010940938449002548,44.01734045208208,39.48833047330229,0.15439999697264284,0.29290000384207815,11.75350000266917,0.23879999935161322,12.300500005949289,0,True,on_screen,0.7516742373179737
1787908983888,2391,3985,2780.457937296871,1111.4076886221249,2734.922358763417,1112.200127332745,1,2,second_file,0.05711949411373274,288,10,4.4,0.001086527635542376,42.76775428009305,39.48618342721369,0.12859998969361186,0.2801000082399696,10.945200003334321,0.1480999926570803,11.386700003640726,0,True,on_screen,0.7516742373179737
1787908983904,2392,3986,2820.623877351458,1118.2789585528915,2760.632814339829,1114.0237766987889,-1,-1,off_screen,0.0,0,25,4.6,0.0010760751282408373,44.68116616647935,39.489380436260824,0.09539999882690609,0.23540000256616622,11.965600002440624,0.1740000006975606,12.38539999758359,0,True,gaze_outside_screen,0.7516742373179737
1787908983936,2393,3987,2831.6715260309047,1094.6952109496938,2781.944427847152,1108.2252069740603,-1,-1,off_screen,0.0,32,25,4.4,0.0010828116371531353,43.323363037605475,39.48681653646458,0.146100006531924,0.3395999956410378,11.5980000118725,0.15890000213403255,12.11289998900611,0,True,gaze_outside_screen,0.7516742373179737
1787908983952,2394,3988,2830.6014100007196,1102.8152331170252,2796.541522493222,1106.6022148169495,-1,-1,off_screen,0.0,47,25,4.4,0.0010700935279868672,45.2585365904525,39.49104527081382,0.11190000805072486,0.24090000079013407,10.304900002665818,0.1137000072048977,10.66759999957867,0,True,gaze_outside_screen,0.7516742373179737
1787908983984,2395,3989,2845.572574049856,1074.4175345314927,2811.2508379602123,1096.9468107313123,-1,-1,off_screen,0.0,79,25,4.4,0.001058863730565008,43.861271030536,39.488215150534266,0.12900000729132444,0.2666000073077157,10.836399989784695,0.15350000467151403,11.265899986028671,0,True,gaze_outside_screen,0.7516742373179737
1787908984016,2396,3990,2840.9826566359775,1047.6854605915128,2820.1703835629414,1082.1684056893723,-1,-1,off_screen,0.0,111,25,4.4,0.0010577791664794882,42.61169033923524,39.48573993977142,0.13000000035390258,0.27489999774843454,10.615000006509945,0.13980000221636146,11.041799996746704,0,True,gaze_outside_screen,0.7516742373179737
1787908984032,2397,3991,2830.984661858888,1007.8671791502259,2823.4146670517252,1059.8780377276282,-1,-1,off_screen,0.0,128,25,4.4,0.0010686087408911422,44.61555739117327,39.489496217993974,0.10660001134965569,0.24049999774433672,10.41109999641776,0.1314999972237274,10.791699998662807,0,True,gaze_outside_screen,0.7516742373179737
1787908984064,2398,3992,2826.4139230692135,976.5691166782335,2824.3144438569716,1034.8853614128097,-1,-1,off_screen,0.0,159,25,4.4,0.001079005788558119,43.25589256588465,39.48678186851873,0.12469998910091817,0.2837000065483153,10.403300009784289,0.1286000042455271,10.825400007888675,0,True,gaze_outside_screen,0.7516742373179737
1787908984080,2399,3993,2832.202237477527,963.1587454177206,2826.680781943138,1013.367376614283,-1,-1,off_screen,0.0,175,25,4.2,0.0010901092253382365,45.22626382041601,39.489994972914516,0.1277999981539324,0.24699998903088272,11.622399993939325,0.16039999900385737,12.039200009894557,0,True,gaze_outside_screen,0.7516742373179737
1787908984112,2400,3994,2840.400770267437,961.9864372434321,2830.7967784404273,997.9530948030276,-1,-1,off_screen,0.0,207,25,4.2,0.0010827442603636855,43.81107072940064,39.48776940098119,0.14619999274145812,0.27319999935571104,10.473200003616512,0.12509999214671552,10.881399997742847,0,True,gaze_outside_screen,0.7516742373179737
1787908984128,2401,3995,2844.928523628204,953.4072566898723,2835.03630199676,984.589343369081,-1,-1,off_screen,0.0,223,25,4.2,0.001086111024376158,45.749398444852034,39.49142334115063,0.11799999629147351,0.24880000273697078,10.636999999405816,0.12679999053943902,11.020699996151961,0,True,gaze_outside_screen,0.7516742373179737
1787908984160,2402,3996,2844.7539038425034,920.7214129809615,2837.9515825504827,965.4289642526451,-1,-1,off_screen,0.0,256,25,4.2,0.001092131268771241,44.28871441749136,39.48820347434323,0.14030000602360815,0.23879999935161322,12.081599998055026,0.1542999962111935,12.483200000133365,0,True,gaze_outside_screen,0.7516742373179737
1787908984192,2403,3997,2837.0733625381854,899.473708533154,2837.6881165467935,945.6423875367977,-1,-1,off_screen,0.0,287,25,4.2,0.0010717047893720917,42.99209609984688,39.4856807618813,0.14619999274145812,0.3263000107835978,11.838200007332489,0.16999999934341758,12.348300006124191,0,True,gaze_outside_screen,0.7516742373179737
1787908984208,2404,3998,2607.585829264637,1226.8001915004545,2768.6574303621464,1029.9897287258948,-1,-1,off_screen,0.0,303,25,4.2,0.0010451016549457154,44.98524190802344,39.48999674724094,0.11330000415910035,0.26610000350046903,10.318100001313724,0.12179999612271786,10.715199998230673,0,True,gaze_outside_screen,0.7516742373179737
1787908984240,2405,3999,1412.941158995047,2884.362229669341,2361.9425489520163,1586.3014790089287,2,2,terminal,0.6911131810023585,0,20,4.4,0.0004232320067171988,43.61916707244999,39.48746900422751,0.11860000086016953,0.2558999985922128,10.189399996306747,0.14250000822357833,10.596599997370504,0,True,on_screen,0.7516742373179737
1787908984256,2406,4000,0.0,0.0,0.0,0.0,-1,-1,,0.0,0,0,4.4,0.0001813561094250772,45.48010317126576,39.49072987745247,0.11520000407472253,0.31290001061279327,11.065400001825765,0.09709999721962959,11.486899995361455,0,True,eyes_invalid_or_blink,0.7516742373179737
1787908984288,2407,4001,0.0,0.0,0.0,0.0,-1,-1,,0.0,0,0,4.4,0.00015736666715720354,44.03429169334857,39.48776202701122,0.15110000094864517,0.2859999949578196,11.803799992776476,0.08650000381749123,12.189000000944361,0,True,eyes_invalid_or_blink,0.7516742373179737
1787908984320,2408,4002,0.0,0.0,0.0,0.0,-1,-1,,0.0,0,0,4.4,9.335526582705811e-05,42.7879663230144,39.48586565304688,0.13970000145491213,0.2578999992692843,10.354099998949096,0.08360001083929092,10.705900000175461,0,True,eyes_invalid_or_blink,0.7516742373179737
1787908984336,2409,4003,0.0,0.0,0.0,0.0,-1,-1,,0.0,0,0,4.4,0.00015940185519802003,44.737215829568385,39.489563836572344,0.11949999316129833,0.232299993513152,10.159900004509836,0.07989999721758068,10.4810000048019,0,True,eyes_invalid_or_blink,0.7516742373179737
1787908984368,2410,4004,0.0,0.0,0.0,0.0,-1,-1,,0.0,0,0,4.4,0.0002606249519734351,43.38635703752041,39.48667219637064,0.14859999646432698,0.272299992502667,10.836300003575161,0.08620000153314322,11.207200004719198,0,True,eyes_invalid_or_blink,0.7516742373179737
1787908984384,2411,4005,1727.576308935978,3350.5883055123354,2171.6326769472043,2115.5875269599505,-1,-1,off_screen,0.0,0,26,4.6,0.0003499616658058924,45.2567417960032,39.490414507959,0.10710000060498714,0.24470000062137842,10.418399993795902,0.14340000052470714,10.81500000145752,0,True,gaze_outside_screen,0.7516742373179737
1787908984416,2412,4006,1791.4774228648334,3088.4050065510332,2057.586100722493,2407.4327708372753,-1,-1,off_screen,0.0,31,26,4.6,0.00046101203831743105,43.850793330462885,39.487552777676115,0.1188000023830682,0.5034000059822574,10.800900010508485,0.12150000839028507,11.435100008384325,0,True,gaze_outside_screen,0.7516742373179737
1787908984432,2413,4007,1761.0971799546203,2979.460432268115,1968.639424492131,2579.041069266527,-1,-1,off_screen,0.0,47,26,4.6,0.00049673461420917,45.77474284923469,39.491302197888466,0.12319999223109335,0.2466000005370006,10.865100004593842,0.15409999468829483,11.275199998635799,0,True,gaze_outside_screen,0.7516742373179737
1787908984464,2414,4008,1833.322343293784,2836.1521974290285,1928.0443001326266,2656.174407715277,-1,-1,off_screen,0.0,79,26,4.6,0.0005189037117176755,44.30725316947604,39.48862977173018,0.14899999951012433,0.26980000257026404,10.893099999520928,0.1373000122839585,11.311099995509721,0,True,gaze_outside_screen,0.7516742373179737
1787908984496,2415,4009,1902.3724916308638,2284.6692400154648,1920.3427575820976,2544.7228574053333,-1,-1,off_screen,0.0,111,26,4.6,0.000753941135851411,43.02996793969217,39.48601449885789,0.15610000991728157,0.30699999479111284,11.213999998290092,0.11639999866019934,11.647399995126761,0,True,gaze_outside_screen,0.7516742373179737
1787908984512,2416,4010,1850.5483816123676,2366.1403358623234,1899.4044447911785,2491.14810094243,-1,-1,off_screen,0.0,128,26,4.6,0.0008236783691440638,44.938421337578916,39.4899851285332,0.10710000060498714,0.23639999562874436,10.2681999997003,0.14999999257270247,10.662600005161949,0,True,gaze_outside_screen,0.7516742373179737
1787908984544,2417,4011,1822.8381692366686,2213.153914118927,1876.4345621248256,2407.7498448953793,-1,-1,off_screen,0.0,159,26,4.6,0.0008908877360043824,43.55512488648785,39.48701195142551,0.18529999942984432,0.32029999420046806,11.007999986759387,0.13939999917056412,11.484400005429052,0,True,gaze_outside_screen,0.7516742373179737
1787908984560,2418,4012,1847.7731074830076,2230.092675405108,1867.83612573228,2354.452694048298,-1,-1,off_screen,0.0,175,26,4.6,0.0008718596409518116,45.390566175764945,39.49056023681856,0.1615999935893342,0.2913999924203381,11.089499996160157,0.13649999164044857,11.527700000442564,0,True,gaze_outside_screen,0.7516742373179737
1787908984592,2419,4013,1771.956530129047,1890.9326157356575,1839.0722470513101,2215.396670554506,-1,-1,off_screen,0.0,207,26,4.6,0.0009720062764714162,43.992380773281155,39.48827482173575,0.12889999197795987,0.26760000037029386,10.474499998963438,0.13749999925494194,10.892999998759478,0,True,gaze_outside_screen,0.7516742373179737
1787908984624,2420,4014,1875.7232252143303,1857.5261126473615,1850.0675405002162,2108.0355031823624,-1,-1,off_screen,0.0,240,26,4.6,0.0009148958694376493,42.70799023970551,39.48498407303215,0.13089999265503138,0.2879999956348911,12.125399996875785,0.15770000754855573,12.584600000991486,0,True,gaze_outside_screen,0.7516742373179737
1787908984640,2421,4015,1857.7167053570545,1755.9509818103309,1852.3622899572674,2002.4101467707528,-1,-1,off_screen,0.0,256,26,4.6,0.0008235435804915276,44.6394339428433,39.489013968953714,0.15650001296307892,0.3176000027451664,10.929800002486445,0.15110000094864517,11.41049999569077,0,True,gaze_outside_screen,0.7516742373179737
1787908984672,2422,4016,2136.845630397035,1926.0327540793025,1937.7072920891978,1979.4969289633177,-1,-1,off_screen,0.0,287,26,4.6,0.0008623952542224332,43.33877619039802,39.48668629285965,0.1348000077996403,0.28469999961089343,10.679699989850633,0.13849999231752008,11.116099994978867,0,True,gaze_outside_screen,0.7516742373179737
1787908984688,2423,4017,2064.7154197534514,1796.8431025010807,1975.8097303884738,1924.7007810246464,-1,-1,off_screen,0.0,303,26,4.6,0.0007289425050748845,45.083149981113095,39.48942860426606,0.17680000746622682,0.47060000360943377,12.237299990374595,0.20300000323913991,12.924599999678321,0,True,gaze_outside_screen,0.7516742373179737
1787908984720,2424,4018,2489.1370892576924,1362.9286242777941,2129.807938049239,1756.1691340005907,-1,-1,off_screen,0.0,335,26,4.6,0.0006522539219615472,43.70027449780093,39.487388791858656,0.21359999664127827,0.3121999907307327,11.033800008590333,0.14879999798722565,11.508099996717647,0,True,gaze_outside_screen,0.7516742373179737
1787908984752,2425,4019,1866.4616710081211,1282.8383867870054,2050.8040579369035,1614.169909836515,2,2,terminal,0.3967505820616971,0,21,4.8,0.0007331736303918812,42.51730504379878,39.485268468305755,0.10709998605307192,0.24710000434424728,10.520600000745617,0.1441000058548525,10.921300010522828,0,True,on_screen,0.7516742373179737
1787908984768,2426,4020,2328.9404298510117,1073.4052646270823,2134.244969511136,1451.9405162736853,2,2,terminal,0.6659545089314096,15,21,4.8,0.0007025176300877942,44.429700554058634,39.488635684395135,0.09300000965595245,0.23380000493489206,10.983499989379197,0.1176999940071255,11.342699988745153,0,True,on_screen,0.7516742373179737
1787908984800,2427,4021,2707.259735562882,1335.9743362754439,2306.1493993266595,1417.1506622742127,2,2,terminal,0.9549496773254398,47,21,4.8,0.0007407342628292166,43.10099601588199,39.48569424655842,0.1453000004403293,0.2953999937744811,11.65420000324957,0.17919999663718045,12.141700004576705,0,True,on_screen,0.7516742373179737
1787908984816,2428,4022,2802.411988332294,1205.6935112301248,2455.0281760283497,1353.7135169609862,2,2,terminal,0.6585643523793749,63,21,4.8,0.0008812161476968016,45.02076614615465,39.48956181209837,0.11490000179037452,0.27520000003278255,11.018800010788254,0.13519999629352242,11.439800000516698,0,True,on_screen,0.7516742373179737
1787908984848,2429,4023,2642.8595715208176,1166.8927514456022,2511.3775946760898,1297.667287306371,2,2,terminal,0.506269685037585,95,21,4.8,0.0010266635329881334,43.66145598343836,39.48726755780186,0.16229999891947955,0.2685000072233379,10.44230000115931,0.14199998986441642,10.862600000109524,0,True,on_screen,0.7516742373179737
1787908984864,2430,4024,2723.0342314327504,1179.0552481453904,2574.874585703088,1262.0836755580767,2,2,terminal,0.36384601215477663,111,21,4.8,0.0009908583677802514,45.48775931268585,39.49074738118919,0.11839999933727086,0.2528000040911138,10.624399990774691,0.1711999939288944,11.059000011300668,0,True,on_screen,0.7516742373179737
1787908984896,2431,4025,2538.1289143013328,1222.2037356038293,2563.8508842825613,1250.1196935718024,2,2,terminal,0.36825337894036814,143,21,4.8,0.0009934624983791267,44.077006176074256,39.48825028878837,0.14409999130293727,0.28589999419637024,10.521400006837212,0.14030000602360815,10.959300008835271,0,True,on_screen,0.7516742373179737
1787908984928,2432,4026,2422.0998013199423,1140.4042446954727,2521.3255593937756,1217.2050589089033,2,2,terminal,0.3890560496040295,175,21,4.8,0.0010164031501727656,42.80321761970673,39.48579483426841,0.13470000703819096,0.2854000049410388,10.290900012478232,0.12830000196117908,10.71429999137763,0,True,on_screen,0.7516742373179737
1787908984944,2433,4027,2417.7051698769214,1182.2234748392113,2490.2394425387192,1206.7105836879957,2,2,terminal,0.41403426491142403,191,21,4.8,0.0010303338504069892,44.77184135024833,39.48948097063067,0.10940000356640667,0.2677000011317432,10.112300005857833,0.12910000805277377,10.51730000472162,0,True,on_screen,0.7516742373179737
1787908984976,2434,4028,2209.773881430035,1274.3826683912155,2406.0997742061136,1227.0122090989616,2,2,terminal,0.5363585372830717,223,21,4.8,0.0009126460665372475,43.408874239590006,39.486375036117096,0.1573999907122925,0.3301999968243763,11.226400005398318,0.18190000264439732,11.753200000384822,0,True,on_screen,0.7516742373179737
1787908984992,2435,4029,2065.6713591211105,1043.5993301192277,2303.971249680613,1171.9883454050414,2,2,terminal,0.47390409755141716,240,21,4.8,0.0008239453949792815,45.26646198616386,39.49034569452518,0.10450000991113484,0.2629000082379207,10.277499997755513,0.13580000086221844,10.685799992643297,0,True,on_screen,0.7516742373179737
1787908985024,2436,4030,2294.652790017649,1267.2276247291197,2301.1757117817233,1200.5601292022648,2,2,terminal,0.5299566463094724,271,21,4.8,0.0005617280421435153,43.877986298088175,39.487713604169116,0.11509998876135796,0.2482999989297241,10.556900000665337,0.1311999949393794,10.944900001049973,0,True,on_screen,0.7516742373179737
1787908985042,2437,4031,2642.4922181788206,1240.9950278751908,2403.5706637008525,1212.6905988041426,2,2,terminal,0.512870126279488,289,21,4.8,0.0005715701092550256,45.12287980994703,39.49010548221586,1.4685000060126185,0.33569999504834414,11.839800004963763,0.142700009746477,12.3328999907244,0,True,on_screen,0.7516742373179737
1787908985072,2438,4032,2409.114536509373,1501.6983281156447,2405.233825543409,1299.3929175975932,2,2,terminal,0.6598999182644654,319,21,4.8,0.0005240821900342092,43.860742961468645,39.48852700855319,0.14059999375604093,0.292200013063848,10.523000004468486,0.14170000213198364,10.968999995384365,0,True,on_screen,0.7516742373179737
1787908985104,2439,4033,2848.1171548029465,1401.93214610688,2538.09882432127,1330.1546861503791,2,2,terminal,0.49240045539732713,351,21,4.8,0.00045832688268329647,42.66750649198358,39.486386887971555,0.10689999908208847,0.23339998733717948,10.13789999706205,0.12880000576842576,10.508100007427856,0,True,on_screen,0.7516742373179737
1787908985120,2440,4034,2386.836184260301,1278.5107986309552,2492.7200323029792,1314.661519894552,2,2,terminal,0.5552912719304386,367,21,4.8,0.0007787665674260334,44.616452961888434,39.48960641096922,0.09980000322684646,0.2615999983390793,10.95280000299681,0.1934000028995797,11.416399996960536,0,True,on_screen,0.7516742373179737
1787908985152,2441,4035,2785.3778283536703,1126.135770601249,2580.5173711181865,1258.103795106561,2,2,terminal,0.3502988527342571,399,21,4.8,0.0008171037642608937,43.26453114950244,39.48709046790187,0.149500003317371,0.32079999800771475,10.599900007946417,0.15910000365693122,11.092500004451722,0,True,on_screen,0.7516742373179737
1787908985168,2442,4036,2696.8225386026947,1296.6176730557636,2615.408921363539,1269.6579584913216,2,2,terminal,0.30324098466304816,415,21,4.8,0.0008287850721325034,45.2090859099249,39.490875299115984,0.11100000119768083,0.2511000056983903,10.290899997926317,0.1238999975612387,10.675600002286956,0,True,on_screen,0.7516742373179737
1787908985200,2443,4037,2790.5596152620583,1297.317075591405,2667.9541295330946,1277.9556936213464,2,2,terminal,0.21796104745494027,447,21,4.8,0.0008338898500680498,43.80996772864529,39.48813092131918,0.13079999189358205,0.2558999985922128,10.67190000321716,0.1320000010309741,11.068700012401678,0,True,on_screen,0.7516742373179737
1787908985232,2444,4038,2632.0052732326662,1380.2585777905597,2657.169472642966,1308.6465588721103,2,2,terminal,0.26034619149040306,480,21,4.8,0.0008910658070068623,42.55442023905698,39.48531747221693,0.12799999967683107,0.33229999826289713,11.195999992196448,0.14119999832473695,11.683700009598397,0,True,on_screen,0.7516742373179737
1787908985248,2445,4039,2414.627306814186,1331.9342026429463,2584.406822894332,1315.632852003361,2,2,terminal,0.3978635589890661,495,21,4.8,0.00084957666269154,44.6054606470539,39.48943154824786,0.10869999823626131,0.24550000671297312,10.111499999766238,0.13089999265503138,10.496000002603978,0,True,on_screen,0.7516742373179737
1787908985280,2446,4040,2310.129059833729,1488.016680723752,2502.1234939761507,1367.3480006194782,2,2,terminal,0.5857680516990421,527,21,4.8,0.0007935651317022424,43.25615705634077,39.48666745868351,0.13000000035390258,0.2528999903006479,10.450500005390495,0.12719999358523637,10.839099995791912,0,True,on_screen,0.7516742373179737
1787908985296,2447,4041,2205.9949825640615,1437.3159188441987,2413.284940552524,1388.3383760868942,2,2,terminal,0.762716316283737,543,21,4.8,0.0007702463497296832,45.2041064308179,39.49006349087517,0.1336999994236976,0.24149999080691487,11.009000008925796,0.16310000501107424,11.423499992815778,0,True,on_screen,0.7516742373179737
1787908985328,2448,4042,2277.9074968855475,1235.9655864750748,2372.671707452431,1342.6265392033483,2,2,terminal,0.7661078971845647,575,21,4.8,0.0007351349811014762,43.77845419531976,39.48711227357375,0.1520000078016892,0.3222999948775396,11.619500000961125,0.12959999730810523,12.083399997209199,0,True,on_screen,0.7516742373179737
1787908985344,2449,4043,2379.20192746489,1213.129192904178,2374.6307734561683,1303.7773353135972,2,2,terminal,0.6987940543312544,592,21,4.8,0.0007497754201141443,45.77312030844999,39.4914717468378,0.11150000500492752,0.2558999985922128,10.018999993917532,0.1303000026382506,10.412999996333383,0,True,on_screen,0.7516742373179737
1787908985376,2450,4044,2142.568537597886,1337.9107823951733,2305.0121026986835,1314.01736943807,2,2,terminal,0.7526932766465408,623,21,4.8,0.0008027547114789549,44.330329386060995,39.488738521187166,0.09040000441018492,0.22620000527240336,10.562299998127855,0.12339999375399202,10.919899999862537,0,True,on_screen,0.7516742373179737
1787908985408,2451,4045,2279.447200438392,1364.6883909590063,2297.3426320205963,1329.2186758943508,2,2,terminal,0.7821484897340174,655,21,4.6,0.000530751393285709,43.00697157974065,39.48541182224781,0.16530000721104443,0.2758000046014786,12.252800006535836,0.17589998606126755,12.716299999738112,0,True,on_screen,0.7516742373179737
1787908985424,2452,4046,2227.6301031757325,1434.3626104949972,2276.428873367137,1360.7618562745447,2,2,terminal,0.8353119429955488,671,21,4.4,0.0005074933095724453,44.948159969941464,39.48972871716798,0.11970000923611224,0.2697999880183488,10.412899995571934,0.12789999891538173,10.819799994351342,0,True,on_screen,0.7516742373179737
1787908985456,2453,4047,2306.581612164271,1502.4156141004948,2285.474695006277,1403.2579836223297,2,2,terminal,0.9192280473237038,703,21,4.4,0.0005385124297073059,43.55356160780722,39.4868423830853,0.1486000110162422,0.3259999939473346,10.908700001891702,0.13359999866224825,11.377999995602295,0,True,on_screen,0.7516742373179737
1787908985472,2454,4048,2176.7525145194986,1481.995021143326,2252.858040860244,1426.8790948786286,2,2,terminal,0.8963591435037299,719,21,4.4,0.0005587618699163417,45.5877368423852,39.49068334979087,0.16229999891947955,0.35570000181905925,10.561400005826727,0.15520000306423753,11.081600008765236,0,True,on_screen,0.7516742373179737
1787908985504,2455,4049,2198.804606317199,1471.0092020130585,2236.6420104973304,1440.1181270189575,2,2,terminal,0.86777882246353,751,21,4.2,0.0005938631779311802,44.13862862030944,39.488045381435946,0.13089999265503138,0.27850001060869545,10.676200006855652,0.12849998893216252,11.095499998191372,0,True,on_screen,0.7516742373179737
1787908985536,2456,4050,2210.0630193490333,1437.693627116316,2228.668313152841,1439.390777048165,2,2,terminal,0.8521221489429136,783,21,4.2,0.0006264585422862332,42.84633203556243,39.48564077813352,0.12659998901654035,0.31060000765137374,10.181799996644258,0.1294999965466559,10.630300006596372,0,True,on_screen,0.7516742373179737
1787908985552,2457,4051,2343.926918558149,1403.147873613669,2263.2458947744335,1428.5179060178161,2,2,terminal,0.9168869241093095,799,21,4.2,0.0006426180263237047,44.80877051631056,39.48880185359291,0.11219999578315765,0.2398000069661066,11.352999994414859,0.13439999020192772,11.735899999621324,0,True,on_screen,0.7516742373179737
1787908985584,2458,4052,2618.091137659392,1401.8916270084069,2369.699467639921,1420.5300223149934,2,2,terminal,0.8654907463414925,832,21,4.2,0.00060550690053616,43.441693515580646,39.486229620325375,0.1807999942684546,0.3225999971618876,11.14400000369642,0.148899998748675,11.628700012806803,0,True,on_screen,0.7516742373179737
1787908985600,2459,4053,2760.4044626250934,1376.1822859486551,2486.9109661354723,1407.225701405092,2,2,terminal,0.6352350090266091,847,21,4.2,0.0005940003722802872,45.431368425144036,39.49012725091117,0.10309999925084412,0.25850000383798033,10.625299997627735,0.14260000898502767,11.03500000317581,0,True,on_screen,0.7516742373179737
1787908985632,2460,4054,2654.8606778157823,1295.388081291383,2537.295879639565,1373.6744153709792,2,2,terminal,0.5239023004010301,879,21,4.2,0.0006638019732704385,44.033667084389435,39.48766709765562,0.13979998766444623,0.2886000002035871,10.511699991184287,0.14930000179447234,10.96170001255814,0,True,on_screen,0.7516742373179737
1787908985648,2461,4055,2468.854996728307,1256.2162078293668,2516.7636147661874,1338.4369531084953,2,2,terminal,0.5372101519573698,895,21,4.2,0.0007370968189739056,45.733294505466645,39.49091706618878,0.11279998579993844,0.2815999905578792,10.98679999995511,0.17179999849759042,11.449600002379157,0,True,on_screen,0.7516742373179737
1787908985680,2462,4056,2481.587286107862,1216.2842745805335,2506.2107161686895,1301.7911495501066,2,2,terminal,0.5192118212367465,927,21,4.0,0.0007879616651093845,44.28046957728293,39.48821001652924,0.14879999798722565,0.32140000257641077,11.122900003101677,0.3074999985983595,11.767000003601424,0,True,on_screen,0.7516742373179737
1787908985712,2463,4057,2566.2719244579953,1170.971059419919,2524.2290786554813,1262.5451225110503,2,2,terminal,0.4448222930436537,959,21,4.0,0.0007573603695994365,43.00213804268471,39.485909843842,0.20049999875482172,0.291000003926456,10.870199999772012,0.152900000102818,11.326499996357597,0,True,on_screen,0.7516742373179737
1787908985728,2464,4058,2566.057350649307,1104.1392137732112,2536.777560253629,1215.0233498896985,2,2,terminal,0.3645349916967795,975,21,4.0,0.0007007764248452182,44.91530413310433,39.48954440840774,0.12929999502375722,0.265800001216121,10.650799988070503,0.17169999773614109,11.098900009528734,0,True,on_screen,0.7516742373179737
1787908985760,2465,4059,2693.4312540995024,1006.1207647801174,2583.773668407391,1152.352574356824,1,2,second_file,0.2604172406432236,0,11,4.2,0.0007804031581000112,43.569743575347246,39.48700564118854,0.1638999965507537,0.27720000070985407,10.81510000221897,0.13939999917056412,11.243900007684715,0,True,on_screen,0.7516742373179737
1787908985776,2466,4060,2745.3281661404044,993.579754410583,2632.240017727295,1104.7207283729517,1,2,second_file,0.2406314191570973,16,11,4.2,0.0007908660016837064,45.328827537410945,39.49034914810659,0.10459999612066895,0.2547999902162701,11.116000008769333,0.1331000094069168,11.513000004924834,0,True,on_screen,0.7516742373179737
1787908985808,2467,4061,2752.5738267959614,1076.5208951999386,2668.3401604478945,1096.2607784210477,1,2,second_file,0.18765258942941165,48,11,4.2,0.0007426660041039562,43.95434486397986,39.48790148506031,0.15260001237038523,0.31210000452119857,11.064300008001737,0.1593000051798299,11.54829999723006,0,True,on_screen,0.7516742373179737
1787908985840,2468,4062,2647.1018866748364,1071.2429125870897,2661.968678315977,1088.7554186708603,1,2,second_file,0.20561935576713253,79,11,4.2,0.0007692855471279174,42.684857931326334,39.48528932629582,0.16500000492669642,0.2893000055337325,11.23340000049211,0.1517000055173412,11.687300007906742,0,True,on_screen,0.7516742373179737
1787908985856,2469,4063,2587.1094300567665,1068.390208851155,2639.5109038382134,1082.6458557249487,1,2,second_file,0.2501417467017967,95,11,4.2,0.0008391171454433018,44.58681202789298,39.48869900350638,0.15589999384246767,0.3117000014754012,11.442499991972,0.15449999773409218,11.922000005142763,0,True,on_screen,0.7516742373179737
1787908985888,2470,4064,2532.751317814045,1115.2672864303286,2607.4830280309625,1092.4322849365626,1,2,second_file,0.2946114618609563,128,11,4.2,0.0009109580629244989,43.26607484364197,39.48619306380344,0.14790000568609685,0.2820000081555918,11.476200001197867,0.1387999946018681,11.90909999422729,0,True,on_screen,0.7516742373179737
1787908985904,2471,4065,2483.1453904283467,1214.0569543214074,2570.1817367501776,1128.919685752016,1,2,second_file,0.3108449755834277,144,11,4.2,0.0009596754852969624,45.15381255788524,39.489859023635034,0.1286999904550612,0.29499999072868377,11.116599998786114,0.16319999122060835,11.585800006287172,0,True,on_screen,0.7516742373179737
1787908985936,2472,4066,2489.5182895331463,1165.7607916561467,2545.982702585068,1139.972017523255,1,2,second_file,0.3310305943069721,176,11,4.0,0.0009389040677684583,43.742286289263305,39.48698758232289,0.20110000332351774,0.36249999538995326,11.63869998708833,0.1604999997653067,12.17799998994451,0,True,on_screen,0.7516742373179737
1787908985952,2473,4067,2486.1646589125285,1201.0922098752671,2528.0372894833063,1158.3080752288588,1,2,second_file,0.3288064385944883,191,11,4.0,0.0008854109986060968,45.5910266411423,39.49041498590496,0.16060000052675605,0.3132999991066754,12.014799998723902,0.15279999934136868,12.494199996581301,0,True,on_screen,0.7516742373179737
1787908985984,2474,4068,2497.201239094193,1143.1446078087818,2518.7864743665723,1153.7590350028356,1,2,second_file,0.3474028284647761,223,11,4.0,0.0008573573713616112,44.19257013865438,39.488582245314106,0.17470000602770597,0.2860999957192689,10.521100004552864,0.139000010676682,10.95869998971466,0,True,on_screen,0.7516742373179737
1787908986016,2475,4069,2508.635491651091,1087.54923074114,2515.741179551928,1133.8960937243269,1,2,second_file,0.3806818826494345,256,11,4.0,0.000857832541844121,42.89708314028692,39.48573606557334,0.15990000974852592,0.3085000062128529,11.229100011405535,0.1449999981559813,11.697299996740185,0,True,on_screen,0.7516742373179737
1787908986032,2476,4070,2516.7602668570653,1112.2385527063425,2516.046905743469,1127.3988314189314,1,2,second_file,0.389667709085346,272,11,4.0,0.0008420516049516269,44.83080854378634,39.48962218987123,0.11449999874457717,0.2773000014713034,10.389899995061569,0.1340000017080456,10.811000000103377,0,True,on_screen,0.7516742373179737
1787908986064,2477,4071,2515.771375059494,1158.6439572553536,2515.9642465382763,1136.772369169858,1,2,second_file,0.376192753199296,303,11,4.0,0.0008077104624007788,43.474027058309964,39.48696502015429,0.1365999924018979,0.28020000900141895,10.645799993653782,0.14629999350290745,11.084700003266335,0,True,on_screen,0.7516742373179737
1787908986080,2478,4072,2527.2690874412438,1212.8842887614878,2519.3556988091664,1159.6059450473467,1,2,second_file,0.3378879991063194,319,11,3.8,0.0008789351155984136,45.37799183688416,39.49018240462057,0.12100000458303839,0.2736000024015084,11.55349999316968,0.1736999984132126,12.011500002699904,0,True,on_screen,0.7516742373179737
1787908986112,2479,4073,2536.0545425879222,1263.8234714716727,2524.365351942793,1190.8712029746446,2,2,terminal,0.3471101280514429,0,22,4.0,0.0009083559502480257,43.940564078445355,39.48754845426532,0.17810000281315297,0.3186999965691939,11.443199997302145,0.17010000010486692,11.959700001170859,0,True,on_screen,0.7516742373179737
1787908986144,2480,4074,2526.641007978561,1287.9583568323646,2525.0480487535233,1219.9973491319606,2,2,terminal,0.3878103621633825,32,22,3.8,0.0009682731190861806,42.71010353996867,39.485499138955234,0.13479999324772507,0.2823999966494739,10.59799999347888,0.13859999307896942,11.029200002667494,0,True,on_screen,0.7516742373179737
1787908986160,2481,4075,2520.9728488548635,1329.4336953815891,2523.8254887839253,1252.828253006849,2,2,terminal,0.4332637473348614,48,22,3.8,0.0009057555968082498,44.613647843320294,39.489111944799156,0.12110000534448773,0.2724000078160316,10.301000002073124,0.1348000077996403,10.717599987401627,0,True,on_screen,0.7516742373179737
1787908986192,2482,4076,2499.0388645628063,1330.0534144604978,2516.3895015175895,1275.9958014429435,2,2,terminal,0.4732583946220421,79,22,3.8,0.0008015202902378182,43.277341655067566,39.48630957867204,0.15959999291226268,0.3206999972462654,10.86320000467822,0.16850000247359276,11.367099999915808,0,True,on_screen,0.7516742373179737
1787908986208,2483,4077,2499.6130313471194,1362.511750648374,2511.356560466448,1301.9505862045726,2,2,terminal,0.5110128228658906,95,22,3.8,0.000756904461066436,45.226204565407144,39.49003626817388,0.11140000424347818,0.28840001323260367,10.569500009296462,0.14879999798722565,11.01639999251347,0,True,on_screen,0.7516742373179737
1787908986240,2484,4078,2528.7339117737956,1246.931725243864,2516.5697658586523,1285.44492791636,2,2,terminal,0.48409950032472915,128,22,3.6,0.0007699587602739977,43.79917598670233,39.48738549035843,0.1640999980736524,0.3259000077378005,10.486999992281199,0.1441999920643866,10.96749999851454,0,True,on_screen,0.7516742373179737
1787908986273,2485,4079,2534.8199857084037,1239.6623610645775,2522.0448318135777,1271.7101578608251,2,2,terminal,0.45933030936738584,161,22,3.6,0.0007651402539113061,42.52109157073211,39.48387094326274,0.2060999977402389,0.3466000052867457,12.717800011159852,0.16759999562054873,13.247900002170354,0,True,on_screen,0.7516742373179737
1787908986288,2486,4080,2544.5352390580233,1238.8703599947933,2528.7919539869113,1261.8582185010155,2,2,terminal,0.43698338923264457,176,22,3.6,0.0007532578607172529,44.81828557021662,39.488658419829314,0.10699999984353781,0.2683000057004392,10.361100008594804,0.1387999946018681,10.777899995446205,0,True,on_screen,0.7516742373179737
1787908986320,2487,4081,2558.915048535246,1269.0047106684258,2537.8288823514117,1264.0021661512385,2,2,terminal,0.42551602118503773,207,22,3.6,0.0007254485604952111,43.44692529465087,39.485944515075616,0.18459999409969896,0.34220000088680536,10.556099994573742,0.14420000661630183,11.055300012230873,0,True,on_screen,0.7516742373179737
1787908986336,2488,4082,2570.9351833467213,1313.4522117528938,2547.7607726500046,1278.837179831735,2,2,terminal,0.4263833024685766,223,22,3.4,0.0007159508386349097,45.32520174035583,39.489209417290304,0.13110000872984529,0.2801999944495037,11.312100003124215,0.1610000035725534,11.764099996071309,0,True,on_screen,0.7516742373179737
1787908986368,2489,4083,2587.267637000854,1341.1486135837083,2559.612831955259,1297.530609957327,2,2,terminal,0.42556879888144206,256,22,3.4,0.0006824752356705231,43.91790619149271,39.486886984610734,0.15600000915583223,0.298700004350394,10.694100012187846,0.16510000568814576,11.170899990247563,0,True,on_screen,0.7516742373179737
1787908986384,2490,4084,2590.001652846995,1369.611003628701,2568.72947822278,1319.154728058739,2,2,terminal,0.42876449706807174,272,22,3.2,0.0006635248263616687,45.749510558690446,39.49064108599085,0.12620000052265823,0.27800000680144876,10.17719999072142,0.13089999265503138,10.595199986710213,0,True,on_screen,0.7516742373179737
1787908986416,2491,4085,2599.6676117477796,1430.1851614942568,2578.01091828028,1352.4638580893943,2,2,terminal,0.43534788274333647,303,22,3.2,0.0006211105315288203,44.31441494498754,39.487887932332896,0.1379999885102734,0.29379999614320695,10.812399996211752,0.1643000141484663,11.281200000667013,0,True,on_screen,0.7516742373179737
1787908986448,2492,4086,2580.8184491847137,1463.5777825480907,2578.85317755161,1385.7980354270032,2,2,terminal,0.45008368342754634,335,22,3.2,0.0006532650704002864,43.02490058257386,39.485172415183925,0.11579999409150332,0.27189998945686966,11.45869999891147,0.15119998715817928,11.894099996425211,0,True,on_screen,0.7516742373179737
1787908986464,2493,4087,2577.8576025446887,1454.6712682047314,2578.5545050495334,1406.4600052603216,2,2,terminal,0.45705423283781876,351,22,3.2,0.0006691737666254978,44.92053992724629,39.48901527289252,0.12850000348407775,0.27350000164005905,10.5831999971997,0.14590000500902534,11.01360000029672,0,True,on_screen,0.7516742373179737
1787908986496,2494,4088,2582.786405283407,1420.3436424239267,2579.8240751196954,1410.625096409403,2,2,terminal,0.45550684673898667,384,22,3.2,0.0006761658992718127,43.562594437666135,39.486447150201904,0.1309000072069466,0.26440000510774553,10.741599995526485,0.14609999198000878,11.163000002852641,0,True,on_screen,0.7516742373179737
1787908986513,2495,4089,2597.190870253604,1394.4301533616024,2585.0341136598677,1405.7666134950628,2,2,terminal,0.44426380453698744,401,22,3.0,0.0006763735434373239,45.12517584989125,39.48957736634685,0.7880999910412356,0.2592000091681257,10.954699988360517,0.1604999997653067,11.384600002202205,0,True,on_screen,0.7516742373179737
1787908986544,2496,4090,2610.7083771283956,1399.8656500776422,2592.7363927004258,1403.9963244698365,2,2,terminal,0.4288329914345663,431,22,2.8,0.0006721479264498245,43.80781185474273,39.487296250356984,0.15210000856313854,0.3361999988555908,10.89190000493545,0.15320000238716602,11.39339999645017,0,True,on_screen,0.7516742373179737
1787908986576,2497,4091,2627.4489347334306,1387.7167177066628,2603.150155310327,1399.1124424408843,2,2,terminal,0.40732090796808496,463,22,2.8,0.000667289761984366,42.573970742509744,39.48514296116572,0.12290000449866056,0.25520000781398267,10.203300000284798,0.12280000373721123,10.590899997623637,0,True,on_screen,0.7516742373179737
1787908986592,2498,4092,2633.6441877779494,1377.1989569519292,2612.2983650506135,1392.5383967941975,2,2,terminal,0.38769368170951213,480,22,2.8,0.0006740254083766536,44.53822626717018,39.48825952428543,0.11929999163839966,0.2699999895412475,11.210500000743195,0.17469999147579074,11.664900011965074,0,True,on_screen,0.7516742373179737
1787908986624,2499,4093,2656.0729130919945,1355.3668429791546,2625.4307294630275,1381.3869306496847,2,2,terminal,0.35864025248981724,512,22,2.8,0.0006858191176848608,43.19956168750247,39.48578997632597,0.15199999324977398,0.30270000570453703,10.924100002739578,0.1314000110141933,11.370199994416907,0,True,on_screen,0.7516742373179737
1787908986640,2500,4094,2654.8394632431246,1349.6955273976778,2634.2533495970565,1371.8795096740826,2,2,terminal,0.3380790470970244,528,22,2.8,0.0006872362839417112,45.157975902686175,39.4895303961277,0.11079999967478216,0.2486000012140721,10.559400005149655,0.1306999911321327,10.947499991743825,0,True,on_screen,0.7516742373179737
1787908986672,2501,4095,2658.606035664638,1342.890639613479,2641.5591554173307,1363.1828486559014,2,2,terminal,0.32044450930379664,559,22,2.6,0.0006749217441001775,43.76794021778241,39.48639655405724,0.12909999350085855,0.26139999681618065,12.08760000008624,0.14959998952690512,12.50850000360515,0,True,on_screen,0.7516742373179737
1787908986689,2502,4096,2666.428272935848,1337.523549127982,2649.0198906728856,1355.4850587975254,2,2,terminal,0.3027169950035773,576,22,2.6,0.0006636367914265168,45.30152126681558,39.48972278759305,0.14139999984763563,0.2958999975817278,11.695399996824563,0.17340001068077981,12.176899996120483,0,True,on_screen,0.7516742373179737
1787908986720,2503,4097,2653.410688008855,1338.8671622042211,2650.337129873676,1350.499689819534,2,2,terminal,0.2978209536126639,608,22,2.6,0.0006593265256247417,43.96765633293907,39.48783257569561,0.12880000576842576,0.3201000072294846,10.689600007026456,0.1551000023027882,11.179900000570342,0,True,on_screen,0.7516742373179737
1787908986752,2504,4098,2679.0491151615524,1337.2744812569154,2658.9507254600385,1346.5321272507483,2,2,terminal,0.2794943927351978,640,22,2.6,0.0006562168621512925,42.706080065042016,39.485503541978616,0.1379000023007393,0.3105999930994585,10.264399999869056,0.14350000128615648,10.729500005254522,0,True,on_screen,0.7516742373179737
1787908986768,2505,4099,2699.6051064669387,1329.981502903187,2671.1470397621083,1341.5669399464798,2,2,terminal,0.25385343305529484,655,22,2.6,0.0006584888717053559,44.722882146219185,39.48882790298686,0.1162000116892159,0.27370000316295773,10.975500001222827,0.15330000314861536,11.411200001020916,0,True,on_screen,0.7516742373179737
1787908986800,2506,4100,2715.7010849135863,1313.3274849902275,2684.5132533075516,1333.095103459604,2,2,terminal,0.2241493047716987,687,22,2.6,0.0006665263298322038,43.354622340257386,39.486389019557556,0.13349999790079892,0.30840000545140356,10.472299996763468,0.13669999316334724,10.93140000011772,0,True,on_screen,0.7516742373179737
1787908986816,2507,4101,2719.9247057777798,1278.3651910024769,2695.13668904862,1316.6761297224657,2,2,terminal,0.19495537486323444,703,22,2.6,0.000677381574575954,45.233119145033555,39.48990239247759,0.1787999935913831,0.261199995293282,10.512199994991533,0.14179998834151775,10.923699999693781,0,True,on_screen,0.7516742373179737
1787908986848,2508,4102,2720.3895769150145,1243.3889853263483,2702.7125554085383,1294.6899864036304,2,2,terminal,0.1669864628696417,736,22,2.6,0.0006777033561638432,43.854016383107414,39.48710490158106,0.13309999485500157,0.3060000017285347,11.26690000819508,0.19609999435488135,11.801200002082624,0,True,on_screen,0.7516742373179737
1787908986864,2509,4103,2720.5407573841007,1242.385147108332,2708.061016001207,1278.9985346150409,2,2,terminal,0.1461990659394511,752,22,2.6,0.0006748865290626353,45.69460576404428,39.4906248765701,0.1303000026382506,0.30700000934302807,11.312000002362765,0.17109999316744506,11.802599998190999,0,True,on_screen,0.7516742373179737
1787908986896,2510,4104,2674.6656179061765,1244.010722103814,2698.0423965726977,1268.5021908616727,2,2,terminal,0.15642784017862388,783,22,2.6,0.0006646464945755069,44.270560901844476,39.48835135586691,0.11320000339765102,0.27319999935571104,10.892599995713681,0.13899999612476677,11.315900002955459,0,True,on_screen,0.7516742373179737
1787908986928,2511,4105,2614.960709337796,1273.242308090003,2673.117890402227,1269.9242260301717,2,2,terminal,0.20222247263844007,815,22,2.4,0.0006423889010565668,42.96239373830537,39.48566896790059,0.1247000036528334,0.2919999969890341,11.179199995240197,0.15449999773409218,11.639099990134127,0,True,on_screen,0.7516742373179737
1787908986944,2512,4106,2604.9194069545842,1269.146079726991,2652.658345367934,1269.6907821392174,2,2,terminal,0.23831151104005222,832,22,2.2,0.0006379715665078105,44.88308804982813,39.48854623416477,0.10150000161956996,0.2697000018088147,12.850199986132793,0.17299999308306724,13.302999999723397,0,True,on_screen,0.7516742373179737
1787908986976,2513,4107,2559.3647520252875,1269.0201447866402,2624.67026736514,1269.489590933444,2,2,terminal,0.2870830579134762,864,22,2.2,0.0006355339427876524,43.51908603904352,39.48678406613392,0.14560000272467732,0.3307999868411571,10.756300005596131,0.16260000120382756,11.2609999923734,0,True,on_screen,0.7516742373179737
1787908986992,2514,4108,2556.7208130568006,1267.9188828183055,2604.285431072638,1269.0183784989026,2,2,terminal,0.3216959472151715,880,22,2.2,0.000635711405772902,45.43146784692968,39.49040709663158,0.13840000610798597,0.2848999865818769,10.619900000165217,0.16369999502785504,11.077699993620627,0,True,on_screen,0.7516742373179737
1787908987024,2515,4109,2507.8680415405697,1250.8350881811814,2575.3602142130176,1263.5633914035861,2,2,terminal,0.3646369986224889,911,22,2.2,0.0006466863832219824,44.02374635164808,39.4874429955311,0.13110000872984529,0.33799999800976366,11.79720000072848,0.16920000780373812,12.31720000214409,0,True,on_screen,0.7516742373179737
1787908987056,2516,4110,2523.7290738271586,1237.4364586496522,2559.87087209726,1255.725311577406,2,2,terminal,0.3810386309649828,944,22,2.2,0.0006525361240726068,42.74660610878959,39.48535123683899,0.17160001152660698,0.3235000040149316,10.685699991881847,0.1348999940091744,11.157999993884005,0,True,on_screen,0.7516742373179737
1787908987072,2517,4111,2519.159686954623,1230.64098623823,2547.6575165544687,1248.200013975653,2,2,terminal,0.3913047284407496,960,22,2.2,0.0006576275658023763,44.69104435148035,39.48887729684026,0.13690000923816115,0.27800000680144876,10.683999993489124,0.1360000023851171,11.107699989224784,0,True,on_screen,0.7516742373179737
1787908987104,2518,4112,2533.623926534653,1218.6814100170802,2543.447439548524,1239.3444327880811,2,2,terminal,0.38675911494799187,992,22,2.2,0.0006519637872778247,43.35548862924668,39.486431065571814,0.15730000450275838,0.2812000020639971,10.536100002354942,0.14209999062586576,10.969599999953061,0,True,on_screen,0.7516742373179737
1787908987121,2519,4113,2536.7925080424657,1207.9416094739488,2541.4509600967062,1229.9235857938413,2,2,terminal,0.3776613102167621,1009,22,2.2,0.0006450554951903664,44.96945220339846,39.48945346247166,0.14060000830795616,0.31909999961499125,11.023699989891611,0.15969999367371202,11.514600002556108,0,True,on_screen,0.7516742373179737
1787908987152,2520,4114,2547.1656494748795,1204.529153570268,2543.1653669101584,1222.3052561267693,2,2,terminal,0.36516838222074766,1039,22,2.2,0.0006336291604488072,43.664325713417604,39.48737990201164,0.17189999925903976,0.3243999963160604,10.493800000404008,0.14620000729337335,10.978399994201027,0,True,on_screen,0.7516742373179737
1787908987168,2521,4115,2561.636400302295,1197.7660027710515,2548.7066769277994,1214.943480120054,2,2,terminal,0.34738831125867475,1055,22,2.2,0.0006288723850068571,45.58530322975721,39.49076346694427,0.11920000542886555,0.26130001060664654,11.06390000495594,0.13419998867902905,11.469299992313609,0,True,on_screen,0.7516742373179737
1787908987200,2522,4116,2606.1010667065866,1189.0166017518804,2565.9249938614353,1207.1654166096018,2,2,terminal,0.3120769638048507,1088,22,2.2,0.0006153154695901133,44.12901024131223,39.48813593970297,0.12319999223109335,0.27829999453388155,11.022799997590482,0.18099999579135329,11.49220000661444,0,True,on_screen,0.7516742373179737
1787908987232,2523,4117,2664.6702681099077,1182.5582262491582,2595.548576135977,1199.7832595014688,2,2,terminal,0.2584673015761879,1120,22,2.2,0.0006076440701088745,42.86933054724597,39.48558290015322,0.13120000949129462,0.2742000069702044,11.407199999666773,0.1500999933341518,11.843699991004542,0,True,on_screen,0.7516742373179737
1787908987248,2524,4118,2686.973701795905,1175.9524392299595,2622.9761138339554,1192.634013420016,2,2,terminal,0.2076458220021823,1135,22,2.2,0.000602420493222549,44.863291640364736,39.48953536614589,0.11100000119768083,0.2573999954620376,10.402700005215593,0.14060000830795616,10.809599989443086,0,True,on_screen,0.7516742373179737
1787908987280,2525,4119,2733.0288972410935,1144.0859980661037,2655.9919488560968,1178.069608813842,2,2,terminal,0.13874210486251648,1167,22,2.0,0.000589363059178491,43.5000008179188,39.48603958560429,0.1292000088142231,0.29490000451914966,12.86930000060238,0.17220000154338777,13.347000000067055,0,True,on_screen,0.7516742373179737
1787908987296,2526,4120,2774.413168954113,1127.7723886007009,2691.5183148855012,1162.9804427498996,1,2,second_file,0.08069542338701108,0,12,2.2,0.0005826395900051864,45.274974704321416,39.48992497186566,0.15800000983290374,0.3980000037699938,11.524199988343753,0.14730000111740083,12.080099986633286,0,True,on_screen,0.7516742373179737
1787908987328,2527,4121,2828.369119789856,1091.958101723238,2732.573556356808,1141.6737404419011,1,2,second_file,0.03418926394738275,32,12,2.2,0.0005827416590694148,43.88445657445199,39.487832672379376,0.13000000035390258,0.2969999914057553,10.596399995847605,0.14899999951012433,11.054500006139278,0,True,on_screen,0.7516742373179737
1787908987360,2528,4122,2934.8249627996433,1092.5939841176348,2793.248978289658,1126.949813544621,-1,-1,off_screen,0.0,0,27,2.4,0.0005759399241861869,42.63141654460825,39.48546575783641,0.1171000039903447,0.2518999972380698,10.357399994973093,0.1235999952768907,10.742200000095181,0,True,gaze_outside_screen,0.7516742373179737
1787908987377,2529,4123,3059.0076051632636,1075.9211030283773,2872.9765663517396,1111.6412003897478,-1,-1,off_screen,0.0,17,27,2.4,0.0005543852052786562,44.233687139745,39.4882318637725,0.12579999747686088,0.32160000409930944,11.246100009884685,0.12440000136848539,11.704499993356876,0,True,gaze_outside_screen,0.7516742373179737
1787908987408,2530,4124,3111.5274584873296,1099.407470066395,2944.5418339924163,1107.971081292742,-1,-1,off_screen,0.0,48,27,2.4,0.0005412470123957874,43.00449225296843,39.48634617443679,0.13499999477062374,0.31350000062957406,10.263599993777461,0.12009999772999436,10.709000009228475,0,True,gaze_outside_screen,0.7516742373179737
1787908987424,2531,4125,3107.688923061363,1173.8485251620561,2993.4859607131,1127.7343144535362,-1,-1,off_screen,0.0,64,27,2.4,0.0005247385110205543,45.06314130407522,39.490058527111046,0.10670001211110502,0.25610000011511147,10.111600000527687,0.11180000728927553,10.488199986866675,0,True,gaze_outside_screen,0.7516742373179737
1787908987457,2532,4126,3134.2000442877525,1233.8375809794163,3035.7001857854957,1159.5652944113,-1,-1,off_screen,0.0,97,27,2.4,0.0004735280151854492,43.583589809008316,39.48673541171105,0.15500000154133886,0.4896999889751896,10.930599994026124,0.1311999949393794,11.56549999723211,0,True,gaze_outside_screen,0.7516742373179737
1787908987472,2533,4127,3122.792726108442,1232.4889145291243,3061.8279478823792,1181.4423804466473,-1,-1,off_screen,0.0,111,27,2.2,0.0004365354152872005,45.885503636141394,39.49070668032444,0.10550000297371298,0.26960000104736537,10.934599995380268,0.15119998715817928,11.365700003807433,0,True,gaze_outside_screen,0.7516742373179737
1787908987504,2534,4128,3091.2020131778277,1142.6626934437074,3070.6401674710137,1169.8084743457653,-1,-1,off_screen,0.0,144,27,2.2,0.000355396530509167,44.41383962768312,39.48829528759603,0.1711999939288944,0.2719000040087849,10.566400000243448,0.13860000763088465,10.988000009092502,0,True,gaze_outside_screen,0.7516742373179737
1787908987536,2535,4129,3064.6696725901966,1126.9670293614652,3068.8490190067687,1156.9560408504751,-1,-1,off_screen,0.0,176,27,2.2,0.0003610634801544752,43.100045699585216,39.485626812027405,0.12360000982880592,0.2730999985942617,10.977100013406016,0.14180000289343297,11.404899996705353,0,True,gaze_outside_screen,0.7516742373179737
1787908987552,2536,4130,3048.2331469079345,1126.35725326211,3062.6642573771182,1147.7764045739655,-1,-1,off_screen,0.0,192,27,2.2,0.0003611209082180714,45.06947598060947,39.488858359169384,0.16730000788811594,0.3271000023232773,11.717000001226552,0.18790000467561185,12.246399986906908,0,True,gaze_outside_screen,0.7516742373179737
1787908987584,2537,4131,3039.5879343759916,1171.9011174872003,3055.74136047678,1155.0138184479358,-1,-1,off_screen,0.0,224,27,2.2,0.00035479100431180105,43.6614394260252,39.48665592337251,0.16110000433400273,0.3426999901421368,10.620300003211014,0.1571000029798597,11.135200009448454,0,True,gaze_outside_screen,0.7516742373179737
1787908987600,2538,4132,2972.985898733329,1212.6001787434254,3030.9147219537444,1172.2897265365827,-1,-1,off_screen,0.0,240,27,2.0,0.000354462360941641,45.5306424186991,39.48996677974569,0.1218999968841672,0.2834999904735014,11.208600000827573,0.14449999434873462,11.649300009594299,0,True,gaze_outside_screen,0.7516742373179737
1787908987632,2539,4133,2847.6050322651627,1245.2754739276033,2975.9218150471697,1194.185450753889,-1,-1,off_screen,0.0,272,27,2.0,0.0003588020800159922,44.13798460530247,39.48747376265058,0.13889999536331743,0.30079999123699963,11.468600001535378,0.15530000382568687,11.938499999814667,0,True,gaze_outside_screen,0.7516742373179737
1787908987664,2540,4134,2795.1852049667764,1297.9974338251834,2921.7008320230516,1225.3290456752773,-1,-1,off_screen,0.0,304,27,2.0,0.00033173459600739294,42.86429793151023,39.48548536672405,0.11830001312773675,0.2677000011317432,10.27559999783989,0.13410000246949494,10.688799986382946,0,True,gaze_outside_screen,0.7516742373179737
1787908987680,2541,4135,2778.9541253673315,1326.1170822232841,2878.8768200263357,1255.5654566396793,-1,-1,off_screen,0.0,320,27,2.0,0.0003186470894720496,44.82256015389227,39.488798847976724,0.09370000043418258,0.23910000163596123,10.841299997991882,0.12499999138526618,11.213799996767193,0,True,gaze_outside_screen,0.7516742373179737
1787908987712,2542,4136,2699.7083066651076,1407.8171672212527,2825.1262660179673,1301.2409698141512,-1,-1,off_screen,0.0,351,27,2.0,0.00029737325632354233,43.44745742592682,39.48568414730295,0.15040001017041504,0.3173000004608184,12.06389999424573,0.21320000814739615,12.61589999194257,0,True,gaze_outside_screen,0.7516742373179737
1787908987728,2543,4137,2663.1725487421163,1453.1338745417959,2776.540150835212,1346.8088412324446,-1,-1,off_screen,0.0,368,27,2.0,0.0002828003006385936,45.3719897162537,39.48974228219034,0.12630000128410757,0.3997000021627173,10.664200002793223,0.14949998876545578,11.223599998629652,0,True,gaze_outside_screen,0.7516742373179737
1787908987760,2544,4138,2638.0415503170916,1563.3885369613529,2734.990570679776,1411.782749951117,2,2,terminal,0.15217191522465667,0,23,2.2,0.0002475820532351087,43.965259281572585,39.486924951616935,0.14980000560171902,0.3252000024076551,11.589900008402765,0.15010000788606703,12.078600004315376,0,True,on_screen,0.7516742373179737
1787908987776,2545,4139,2627.7582647080826,1599.3757137790853,2702.8208788882675,1468.0606390995074,2,2,terminal,0.2151955906251184,16,23,2.2,0.0002489853749081221,45.762985090184245,39.49032393037089,0.1336999994236976,0.27299999783281237,11.798499996075407,0.15570000687148422,12.237700007972308,0,True,on_screen,0.7516742373179737
1787908987808,2546,4140,2578.5287775409042,1694.5819272156532,2665.5332484840583,1536.0170255343512,2,2,terminal,0.26572327525457073,48,23,2.2,0.0001909329330486067,44.324236781295454,39.48787412990066,0.18640000780578703,0.324500011629425,11.705100012477487,0.14859999646432698,12.19219999620691,0,True,on_screen,0.7516742373179737
1787908987840,2547,4141,2549.7083910132087,1731.6170172355583,2630.785791242803,1594.6970230447132,2,2,terminal,0.290287491533622,79,23,2.2,0.00021355605588421582,43.009797637788594,39.485634889555115,0.20080000103916973,0.32900000223889947,10.899800006882288,0.14709999959450215,11.391599997295998,0,True,on_screen,0.7516742373179737
1787908987856,2548,4142,2479.1505195765,1696.3337484782478,2585.295209742912,1625.1880406747734,2,2,terminal,0.3389122161372523,95,23,2.2,0.0002372311288798938,44.947471326158784,39.489015608331506,0.13249999028630555,0.2838000073097646,11.264000000664964,0.14999999257270247,11.70770000317134,0,True,on_screen,0.7516742373179737
1787908987888,2549,4143,2541.2083604150844,1586.4650741342798,2572.0691549445637,1613.5711507126252,2,2,terminal,0.37311798688275577,128,23,2.2,0.0002888096991245856,43.59920878346921,39.48651499533915,0.14229999214876443,0.2859999949578196,11.439599998993799,0.15589999384246767,11.893800008692779,0,True,on_screen,0.7516742373179737
1787908987904,2550,4144,2568.882091366434,1554.398549726058,2571.113035871125,1595.819370416655,2,2,terminal,0.39297558672473054,144,23,2.2,0.00030237980129967437,45.36557518965117,39.48986158220516,0.1956000050995499,0.37989999691490084,11.447800003224984,0.16080000204965472,12.001900002360344,0,True,on_screen,0.7516742373179737
1787908987936,2551,4145,2592.3710888224555,1510.3946037251549,2577.4904517565237,1570.1919404092048,2,2,terminal,0.4054243783933257,176,23,2.0,0.00033881867476586586,43.98155309701986,39.48769128508143,0.1931000006152317,0.2792000013869256,10.947899994789623,0.1345000055152923,11.373100001947023,0,True,on_screen,0.7516742373179737
1787908987952,2552,4146,2587.467550720437,1487.7124632907808,2580.4835814456974,1545.4480972736776,2,2,terminal,0.4191416406927083,191,23,2.0,0.0003591781355916871,45.73194673325696,39.49127413056266,0.11229999654460698,0.2531999925849959,10.501299999305047,0.14319999900180846,10.907900010352023,0,True,on_screen,0.7516742373179737
1787908987984,2553,4147,2657.5758225493973,1374.3190604483393,2603.611253776807,1494.1093862260761,2,2,terminal,0.40236123921672784,223,23,2.0,0.00043275573065899853,44.293577779345995,39.488330119593385,0.152900000102818,0.30750001315027475,11.665300000458956,0.1728999923216179,12.15950000914745,0,True,on_screen,0.7516742373179737
1787908988016,2554,4148,2710.0758225253085,1272.0934947539217,2635.5506244013573,1427.5046187844298,2,2,terminal,0.3487176690980035,256,23,2.0,0.0005272843808668617,43.02128393139439,39.48657367441065,0.13020000187680125,0.28560000646393746,10.059599997475743,0.12490000517573208,10.480700002517551,0,True,on_screen,0.7516742373179737
1787908988032,2555,4149,2732.439875650287,1241.3961554002728,2664.617399776036,1371.6720797691826,2,2,terminal,0.2795282112148971,272,23,2.0,0.0005572044550098999,44.9081169079004,39.489986735651065,0.1269999920623377,0.2773000014713034,10.144599989871494,0.1353999978164211,10.566600001766346,0,True,on_screen,0.7516742373179737
1787908988065,2556,4150,2807.9586705689617,1265.2296564067058,2707.619781013914,1339.7393527604395,2,2,terminal,0.1836329122823298,305,23,2.0,0.0005222037687677671,43.460759659513364,39.48683213626511,1.124100002925843,0.32730000384617597,10.90239999757614,0.18529999942984432,11.427999997977167,0,True,on_screen,0.7516742373179737
1787908988080,2557,4151,2848.3284163980634,1241.0388094218274,2749.8323716291584,1310.1291897588558,-1,-1,off_screen,0.0,0,28,2.2,0.0005139646701786717,45.686151695902105,39.49083679253983,0.13939999917056412,0.3020000003743917,10.43430001300294,0.12840000272262841,10.875200008740649,0,True,gaze_outside_screen,0.7516742373179737
1787908988112,2558,4152,2888.986407496673,1252.0978903274715,2791.5785823894125,1292.7197999294403,-1,-1,off_screen,0.0,32,28,2.2,0.0004824908514906058,44.24706456187401,39.488252186010605,0.12830000196117908,0.269199998001568,10.710800008382648,0.13509999553207308,11.125300006824546,0,True,gaze_outside_screen,0.7516742373179737
1787908988144,2559,4153,2917.7813229013427,1214.6463873304274,2829.4394045429917,1269.2977761497364,-1,-1,off_screen,0.0,64,28,2.2,0.0005127396619699839,42.96563824414381,39.485602262543736,0.13929999840911478,0.3063000040128827,11.20769999397453,0.16820000018924475,11.693699998431839,0,True,gaze_outside_screen,0.7516742373179737
1787908988160,2560,4154,2907.2332904956443,1213.9200412973976,2852.777570328787,1252.6844556940346,-1,-1,off_screen,0.0,80,28,2.2,0.0005293223530057969,44.786853909566716,39.48903050154217,0.16670000331941992,0.3119000029982999,11.056399991502985,0.15799999528098851,11.540599996806122,0,True,gaze_outside_screen,0.7516742373179737
1787908988192,2561,4155,2887.248533090232,1176.4548666070846,2863.1188591572204,1229.8155789679495,-1,-1,off_screen,0.0,111,28,2.2,0.0005642118179047598,43.44509865637293,39.486710548470384,0.19799999427050352,0.2813000028254464,10.750800007372163,0.1235999952768907,11.16750000801403,0,True,gaze_outside_screen,0.7516742373179737
1787908988208,2562,4156,2886.730829991619,1177.8072399174252,2870.20245040754,1214.2130772527921,-1,-1,off_screen,0.0,128,28,2.2,0.0005587721657174458,45.404248695934086,39.49037773949787,0.10579999070614576,0.24360000679735094,10.487699997611344,0.11480000102892518,10.854599997401237,0,True,gaze_outside_screen,0.7516742373179737
1787908988240,2563,4157,2826.4443151091946,1161.2638400765725,2857.075009818036,1198.328306099926,-1,-1,off_screen,0.0,160,28,2.2,0.0005556749882627658,43.96626327418247,39.48747270425072,0.1664000010350719,0.3083000046899542,11.211899996851571,0.15389999316539615,11.689100007060915,0,True,gaze_outside_screen,0.7516742373179737
1787908988256,2564,4158,2816.6769110054597,1170.089909015609,2844.9555801742626,1189.856786974631,-1,-1,off_screen,0.0,176,28,2.2,0.00054658647840433,45.71346393710979,39.49126910249697,0.16700000560376793,0.2801000082399696,10.203800004092045,0.11969999468419701,10.61420000041835,0,True,gaze_outside_screen,0.7516742373179737
1787908988288,2565,4159,2766.4504004173095,1162.9713504665235,2821.4040262471767,1181.7911560221987,-1,-1,off_screen,0.0,208,28,2.2,0.0005349168854453558,44.31312690666294,39.48891649750087,0.10879999899771065,0.24080000002868474,10.302700000465848,0.12280000373721123,10.674699995433912,0,True,gaze_outside_screen,0.7516742373179737
1787908988322,2566,4160,2714.5854131117558,1134.220244416867,2789.3584423065504,1167.5198825405992,-1,-1,off_screen,0.0,242,28,2.2,0.0004909725305500458,42.835387006201955,39.48498702535112,0.13590000162366778,0.524500006577,11.922900011995807,0.16630000027362257,12.625100003788248,0,True,gaze_outside_screen,0.7516742373179737
1787908988336,2567,4161,2716.4593796561585,1161.0324678310478,2767.488723511433,1165.5736581277338,-1,-1,off_screen,0.0,256,28,2.2,0.0004794116499808893,45.57289037010221,39.489445561173476,0.11069999891333282,0.24639999901410192,11.40700001269579,0.14730000111740083,11.810000010882504,0,True,gaze_outside_screen,0.7516742373179737
1787908988368,2568,4162,2695.5533196859196,1178.7616370085636,2745.9081023637787,1169.5300517919827,-1,-1,off_screen,0.0,288,28,2.2,0.0004434086684696383,44.13015783497997,39.48679657535591,0.1444000081392005,0.27910000062547624,11.678399998345412,0.1283999881707132,12.096399994334206,0,True,gaze_outside_screen,0.7516742373179737
1787908988384,2569,4163,2690.3833233656796,1224.2992951839524,2729.2506686643487,1185.9608248095735,2,2,terminal,0.027643463430621074,0,24,2.4,0.00043179178459867504,46.013816147272735,39.490916533306425,0.10630000906530768,0.23030000738799572,10.170299996389076,0.13279999257065356,10.540899995248765,0,True,on_screen,0.7516742373179737
1787908988416,2570,4164,2662.8748300857756,1178.8536071125902,2709.3379170907765,1183.8286595004784,2,2,terminal,0.05875636693672581,31,24,2.4,0.0004192151007905362,44.52402552068829,39.48797707788762,0.14699999883305281,0.30080000578891486,11.112299995147623,0.1480999926570803,11.57420000527054,0,True,on_screen,0.7516742373179737
1787908988448,2571,4165,2643.9424406419203,1130.2735343124698,2689.7192741561194,1167.7621219440757,1,2,second_file,0.07829528078907477,0,13,2.6,0.0004751622782631776,43.19956518970109,39.48587008093632,0.15029999485705048,0.2505999873392284,10.146500004339032,0.15069999790284783,10.556699999142438,0,True,on_screen,0.7516742373179737
1787908988464,2572,4166,2634.541904685392,1138.3899036255445,2673.166063314901,1158.9504564485164,1,2,second_file,0.11484058232212846,16,13,2.6,0.000477159934860763,45.194573874722884,39.48945211567272,0.10710000060498714,0.2351000002818182,10.110899995197542,0.12250000145286322,10.47639999887906,0,True,on_screen,0.7516742373179737
1787908988496,2573,4167,2608.221480637738,1120.0400873491087,2653.6826885117516,1147.277345718694,1,2,second_file,0.15930319330655907,48,13,2.6,0.0004745086077292803,43.78634928136953,39.4866203391632,0.17159999697469175,0.31040000612847507,10.760000004665926,0.1419000036548823,11.225599999306723,0,True,on_screen,0.7516742373179737
1787908988512,2574,4168,2589.4466695413894,1111.9906604110931,2634.411882820643,1136.6913401264137,1,2,second_file,0.2021717192095316,64,13,2.6,0.0004904519994779564,45.61453813830746,39.49013498435241,0.18950000230688602,0.2880000101868063,10.610900004394352,0.1306999911321327,11.044800005038269,0,True,on_screen,0.7516742373179737
1787908988544,2575,4169,2550.0772586364296,1088.3494917871976,2609.111495565379,1122.1887856246487,1,2,second_file,0.25910092936522455,95,13,2.6,0.0005271219290115606,44.174835752078096,39.48707174659697,0.16989999858196825,0.2843999973265454,12.095300000510179,0.1345999917248264,12.524100005975924,0,True,on_screen,0.7516742373179737
1787908988560,2576,4170,2535.8498986869863,1095.6070275435536,2587.1330165018608,1114.2142582003203,1,2,second_file,0.30307475034904885,111,13,2.6,0.0005399552261292732,46.02238826273184,39.49127334105945,0.2390000008745119,0.2508000034140423,10.25429999572225,0.1373999984934926,10.651800010236911,0,True,on_screen,0.7516742373179737
1787908988592,2577,4171,2491.8941557894154,1096.6064622032238,2558.561358288127,1108.9319194011914,1,2,second_file,0.35355126755458466,144,13,2.6,0.0005745045477078096,44.54258318592286,39.48860138610188,0.15320000238716602,0.31200000375974923,10.592899998300709,0.17340001068077981,11.094100002082996,0,True,on_screen,0.7516742373179737
1787908988624,2578,4172,2473.759221531955,1125.8528393892684,2533.1207172612753,1114.0081953976144,1,2,second_file,0.384569888409938,176,13,2.4,0.0005675215785748942,43.21934229106127,39.48615223906609,0.10990000737365335,0.26139999681618065,10.619799999403767,0.14109999756328762,11.032399997930042,0,True,on_screen,0.7516742373179737
1787908988640,2579,4173,2463.608789588972,1121.3178710231166,2512.267138959584,1116.201098085265,1,2,second_file,0.4107259875265987,192,13,2.4,0.0006035325284127063,45.1968190695995,39.48991771346737,0.12309999146964401,0.23990000772755593,10.032799997134134,0.12379999679978937,10.406400004285388,0,True,on_screen,0.7516742373179737
1787908988672,2580,4174,2452.2548006438196,1123.7907199639772,2494.2634374648546,1118.4779846488786,1,2,second_file,0.4313080161638174,223,13,2.4,0.0006320173997441496,43.77875868945133,39.4866849772512,0.1508999994257465,0.29909999284427613,11.652900007902645,0.17389999993611127,12.14110000000801,0,True,on_screen,0.7516742373179737
1787908988688,2581,4175,2445.2392896137203,1127.1947035314722,2479.556193109514,1121.0930003136566,1,2,second_file,0.4458260635008121,240,13,2.4,0.0006327076008172949,45.67838613450874,39.49055074547665,0.11989999620709568,0.26889999571722,10.78840000263881,0.11959999392274767,11.186000003363006,0,True,on_screen,0.7516742373179737
1787908988720,2582,4176,2431.4766105963304,1117.1501805064224,2465.1323183555587,1119.9101543714864,1,2,second_file,0.4648493387554742,272,13,2.4,0.0006212237631684457,44.24034001608906,39.488016271668386,0.11069999891333282,0.2835000050254166,10.919799999101087,0.1323000033153221,11.344800004735589,0,True,on_screen,0.7516742373179737
1787908988752,2583,4177,2424.0456050068974,1120.4230551428018,2452.80630435096,1120.064024602881,1,2,second_file,0.4785341362931964,304,13,2.4,0.0006126831582330336,42.93434888160364,39.485485277410824,0.18529999942984432,0.2745000092545524,10.897499989368953,0.19409999367780983,11.37800001015421,0,True,on_screen,0.7516742373179737
1787908988768,2584,4178,2424.655468770774,1124.981025603078,2444.3610536769042,1121.53912490294,1,2,second_file,0.48519248556877415,319,13,2.4,0.0006038003570907925,44.8899375804833,39.48898142769882,0.13780000153928995,0.27979999140370637,10.907100004260428,0.1368000084767118,11.333100002957508,0,True,on_screen,0.7516742373179737
1787908988800,2585,4179,2409.399548442973,1142.0644764269157,2433.872602106725,1127.6967303601327,1,2,second_file,0.48544746247132253,351,13,2.4,0.0006000117376334449,43.553916602975235,39.48690255820425,0.1188000023830682,0.25159999495372176,10.107000009156764,0.1444000081392005,10.512099994230084,0,True,on_screen,0.7516742373179737
1787908988816,2586,4180,2406.7957161780405,1154.9034595232295,2425.7495363281196,1135.8587491090618,1,2,second_file,0.4789746883526267,368,13,2.4,0.0005909564060185522,45.4367113766707,39.49005703330826,0.14210000517778099,0.25800000003073364,10.932699995464645,0.15069999790284783,11.350800006766804,0,True,on_screen,0.7516742373179737
1787908988848,2587,4181,2402.9992564664435,1166.3735000435531,2418.9244523696166,1145.0131743894092,1,2,second_file,0.4687698775929561,400,13,2.4,0.000583875397939828,44.000975730152724,39.48747199364465,0.12419999984558672,0.3212000010535121,10.901400004513562,0.19130000146105886,11.428999991039746,0,True,on_screen,0.7516742373179737
1787908988864,2588,4182,2401.048963074178,1171.6275136350453,2413.561805580985,1152.9974761631,1,2,second_file,0.4588085545582048,416,13,2.4,0.0005738638523674153,45.847208442964956,39.49114684646716,0.1269999920623377,0.2710999979171902,10.470900000655092,0.13810000382363796,10.888700009672903,0,True,on_screen,0.7516742373179737
1787908988896,2589,4183,2400.0009585652138,1178.1168639841421,2409.4935514762537,1160.5332925094126,1,2,second_file,0.4482496598401502,447,13,2.4,0.0005566633015028494,44.37877174106074,39.48851753302423,0.11910000466741621,0.29090000316500664,10.714300005929545,0.15640001220162958,11.174200000823475,0,True,on_screen,0.7516742373179737
1787908988929,2590,4184,2404.314799589806,1189.8273974198626,2407.9399259103193,1169.3215239825477,1,2,second_file,0.4333280585022272,480,13,2.2,0.0005513393892158693,43.02178013641614,39.48568118493667,0.16510000568814576,0.3529000096023083,11.13120000809431,0.15380000695586205,11.650999993435107,0,True,on_screen,0.7516742373179737
1787908988944,2591,4185,2407.4952462016804,1190.4566563583949,2407.8065219977275,1175.6620636953016,2,2,terminal,0.4425391992041149,0,25,2.4,0.0005499246638146355,45.15792300665801,39.489426978624394,0.13240000407677144,0.2945000014733523,10.907700008829124,0.17540001135785133,11.391099993488751,0,True,on_screen,0.7516742373179737
1787908988976,2592,4186,2426.0241156085813,1193.8812883691764,2413.2718000809837,1181.127831097464,2,2,terminal,0.44842902729743006,32,25,2.4,0.0005484342005348548,43.7768679844681,39.486994364591794,0.14760000340174884,0.30330001027323306,10.87950001237914,0.14850001025479287,11.343799997121096,0,True,on_screen,0.7516742373179737
1787908988992,2593,4187,2428.987921167714,1195.8606933954295,2417.9866364070026,1185.5476897868537,2,2,terminal,0.45269360805486125,48,25,2.4,0.000548349748922216,45.64882964502945,39.49064150032977,0.1255999959539622,0.27119999867863953,10.472200010553934,0.12270000297576189,10.8749000064563,0,True,on_screen,0.7516742373179737
1787908989024,2594,4188,2441.410679233448,1198.575738460819,2425.013849254936,1189.456104389043,2,2,terminal,0.45382946022586346,79,25,2.4,0.0005472651447880287,44.20498685981615,39.487601565379784,0.16730000788811594,0.33409999741706997,11.802199995145202,0.16969999705906957,12.321000001975335,0,True,on_screen,0.7516742373179737
1787908989056,2595,4189,2456.499459877763,1202.1043799067081,2434.4595324417837,1193.2505870443424,2,2,terminal,0.45210946488723214,111,25,2.4,0.0005436769998202785,42.88701425092957,39.48522747922344,0.28369999199640006,0.4341000021668151,11.213799996767193,0.1323000033153221,11.79210000555031,0,True,on_screen,0.7516742373179737
1787908989072,2596,4190,2462.293277097709,1202.7595108634807,2442.8096558385614,1196.1032641900838,2,2,terminal,0.44913291196121585,128,25,2.4,0.0005400353886634429,45.00536570965196,39.48927616257699,0.1621999981580302,0.3429000062169507,10.154099989449605,0.1255999959539622,10.63050000811927,0,True,on_screen,0.7516742373179737
1787908989104,2597,4191,2460.503347127317,1207.2445307868902,2448.117763225188,1199.4456441691257,2,2,terminal,0.4495436969567156,160,25,2.4,0.0005334467282251277,43.609136986603,39.486132651580775,0.1740000006975606,0.3580999909900129,11.640400000032969,0.1762000028975308,12.189700006274506,0,True,on_screen,0.7516742373179737
1787908989120,2598,4192,2460.4375914952134,1208.6300706021968,2451.8137117061956,1202.200972099047,2,2,terminal,0.4503810354928889,175,25,2.4,0.0005317709996128187,45.53113000975835,39.490207943227254,0.13590000162366778,0.3070999955525622,10.193099995376542,0.1320000010309741,10.64300000143703,0,True,on_screen,0.7516742373179737
1787908989152,2599,4193,2459.574876013198,1211.360002103524,2454.142060998296,1204.94868110039,2,2,terminal,0.4525076713785977,207,25,2.4,0.0005285589842855577,44.11779358279161,39.48779283008701,0.10970000585075468,0.27040000713896006,10.204299993347377,0.1252999936696142,10.610400000587106,0,True,on_screen,0.7516742373179737
1787908989168,2600,4194,2459.2174762083932,1211.247727368809,2455.6646855613253,1206.8383949809156,2,2,terminal,0.4540061605189727,223,25,2.4,0.0005277753463233704,45.9468090545616,39.491330718826376,0.11199999426025897,0.2523000002838671,10.00390000990592,0.1306000049225986,10.39580001088325,0,True,on_screen,0.7516742373179737
1787908989200,2601,4195,2454.06679477988,1211.634811075211,2455.185318326892,1208.277319809204,2,2,terminal,0.4568864411661039,256,25,2.4,0.0005262403072147578,44.46979189539767,39.488512480142376,0.14810000720899552,0.30780000088270754,10.748600005172193,0.15400000847876072,11.223899986362085,0,True,on_screen,0.7516742373179737
1787908989232,2602,4196,1772.744423376506,1324.6815000153854,2250.453049841776,1243.1985738710584,2,2,terminal,0.599642595450937,288,25,2.4,0.000493638741405766,43.17730722981844,39.48615280377601,0.12080000306013972,0.2658999874256551,10.58970000303816,0.3311000036774203,11.197499989066273,0,True,on_screen,0.7516742373179737
1787908989248,2603,4197,1509.5215991029936,1390.0864182693122,2028.1736146201415,1287.2649271905345,2,2,terminal,0.3810973588247698,303,25,2.2,0.0004630050970351289,45.034398053629275,39.48960986165435,0.109200002043508,0.23970000620465726,10.641100001521409,0.1340000017080456,11.022299993783236,0,True,on_screen,0.7516742373179737
1787908989280,2604,4198,1315.1544752199045,1477.1824994693704,1814.2678728000703,1344.2401988741851,2,1,terminal,0.24166143913806037,335,25,2.2,0.0004224169089216915,43.64172648492209,39.48688592077375,0.15779999375808984,0.3079000016441569,11.06170000275597,0.14899999951012433,11.532400007126853,0,True,on_screen,0.7516742373179737
1787908989296,2605,4199,1261.2733894403618,1508.716849737413,1648.3695277921577,1393.5831941331535,2,1,terminal,0.5809536214575768,351,25,2.2,0.00040918849912617225,45.41972042312547,39.490083390672275,0.11379999341443181,0.3001000004587695,11.502699999255128,0.15029999485705048,11.96620000700932,0,True,on_screen,0.7516742373179737
1787908989328,2606,4200,1208.5371654535152,1528.3778550435377,1516.419819090565,1434.0215924062686,2,1,terminal,0.8495326901976664,384,25,2.2,0.0003973977159236579,44.033347834148366,39.48812721573262,0.13929999840911478,0.27460001001600176,10.459799988893792,0.12539999443106353,10.867999997572042,0,True,on_screen,0.7516742373179737
1787908989362,2607,4201,1188.7056200957636,1544.377786626269,1418.1055593921244,1467.1284506722686,2,1,terminal,0.9315684391418435,417,25,2.2,0.000386446705574953,42.55205017750747,39.4843198944929,0.1618000096641481,0.31820000731386244,11.750899997423403,0.14519999967887998,12.227799990796484,0,True,on_screen,0.7516742373179737
1787908989376,2608,4202,1187.3626973618593,1551.2749606350458,1348.8827007830448,1492.3724036611015,2,1,terminal,0.7937002811529585,431,25,2.2,0.00038319545268775124,45.5490026820726,39.48907571559275,0.10999999358318746,0.275999991572462,10.497499999473803,0.15520000306423753,10.948700000881217,0,True,on_screen,0.7516742373179737
1787908989408,2609,4203,1182.6005619409586,1563.8054046232066,1298.9980591304188,1513.802303949733,2,1,terminal,0.6875975058653179,463,25,2.0,0.00037921444865080846,44.11720902962836,39.48632917379685,0.12060000153724104,0.2843999973265454,11.22600000235252,0.12799999967683107,11.655900001642294,0,True,on_screen,0.7516742373179737
1787908989424,2610,4204,1169.1732206711945,1570.5441575264654,1260.0506075926514,1530.8248600227525,2,1,terminal,0.6043240383068997,480,25,2.0,0.00037512066416826514,46.03055881016777,39.49013375266885,0.10900000052060932,0.23260001034941524,10.546400008024648,0.12689999130088836,10.913799997069873,0,True,on_screen,0.7516742373179737
1787908989456,2611,4205,1173.2549072160164,1582.9288476891581,1234.0118974796608,1546.4560563226742,2,1,terminal,0.5448474461195083,512,25,2.0,0.00037058347561867364,44.50211768013231,39.48716322374981,0.17179999849759042,0.30840000545140356,11.2607999908505,0.1412999990861863,11.722299997927621,0,True,on_screen,0.7516742373179737
1787908989472,2612,4206,1168.4724517823215,1590.8719106088354,1214.350063770459,1559.7808126085224,2,1,terminal,0.498521257018985,527,25,2.0,0.00036778295581018847,46.42856224901252,39.49105802264471,0.10940000356640667,0.26020000223070383,10.46229999337811,0.1281000004382804,10.859800007892773,0,True,on_screen,0.7516742373179737
1787908989504,2613,4207,1166.6275879939603,1600.6951208514458,1200.0333210375093,1572.0551050813992,2,1,terminal,0.4623406901697116,559,25,2.0,0.00036454586445038364,44.91558668128121,39.48865616311222,0.13899999612476677,0.2761999930953607,10.293899991665967,0.13179999950807542,10.71129999763798,0,True,on_screen,0.7516742373179737
1787908989536,2614,4208,1169.8711135043757,1610.9269107442467,1190.9846587775692,1583.7166467802535,2,1,terminal,0.4356258422468331,592,25,2.0,0.0003643238960986967,43.55145176731483,39.485706554259366,0.17929999739862978,0.3215000033378601,11.508899988257326,0.17549999756738544,12.020200010738336,0,True,on_screen,0.7516742373179737
1787908989552,2615,4209,1171.195965242649,1612.746930944006,1185.048050717093,1592.425732029379,2,1,terminal,0.4169182245578902,608,25,2.0,0.00036418818641727885,45.4232668365337,39.48931668842489,0.12939999578520656,0.27720000070985407,11.117000001831912,0.13860000763088465,11.542000007466413,0,True,on_screen,0.7516742373179737
1787908989584,2616,4210,1174.980774693452,1617.421423462972,1182.0278679100006,1599.9244394594566,2,1,terminal,0.40419925552506963,640,25,2.0,0.0003657218603796142,43.99082804168153,39.48674213405532,0.1083999959519133,0.28399999428074807,11.24770000751596,0.1196000084746629,11.660500007565133,0,True,on_screen,0.7516742373179737
1787908989600,2617,4211,1177.1053840225138,1619.9463571338022,1180.5511227437546,1605.9310147617603,2,1,terminal,0.39546336022907735,655,25,2.0,0.00036652177539623146,45.952299619287395,39.49075724172375,0.12070000229869038,0.22760000138077885,10.055499995360151,0.13040000339969993,10.420999999041669,0,True,on_screen,0.7516742373179737
1787908989632,2618,4212,1176.4708478537032,1626.1167196772512,1179.3270402767391,1611.9867262364075,2,1,terminal,0.38697249393924216,687,25,2.0,0.00036574690684038763,44.45038253361912,39.48775823760081,0.1554000045871362,0.30870000773575157,10.85649999731686,0.33680000342428684,11.516200000187382,0,True,on_screen,0.7516742373179737
1787908989664,2619,4213,1181.52537655703,1630.8141581316331,1179.9865411608264,1617.634955804975,2,1,terminal,0.3818667977086325,720,25,2.0,0.00036533756142670404,43.15033462511368,39.48534414430514,0.1320000010309741,0.334700001985766,11.088700004620478,0.13259999104775488,11.566999994101934,0,True,on_screen,0.7516742373179737
1787908989680,2620,4214,1183.9917489378142,1631.1244288734895,1181.1881034939227,1621.6817977255291,2,1,terminal,0.3792830720664355,736,25,2.0,0.00036606440768834243,45.090148670925785,39.488991385679,0.11850000009872019,0.25610000011511147,10.654300000169314,0.12929999502375722,11.048000000300817,0,True,on_screen,0.7516742373179737
1787908989714,2621,4215,1187.1702366414113,1631.9551485862441,1182.982743438169,1624.7638029837435,2,1,terminal,0.37865126723115405,769,25,2.0,0.00036650206569837154,43.561058054622684,39.48543872759243,0.12329999299254268,0.3063000040128827,11.922099991352297,0.17499999376013875,12.417400008416735,0,True,on_screen,0.7516742373179737
1787908989729,2622,4216,1187.2878365345512,1632.2273832013202,1184.2742713670837,1627.0028770490164,2,1,terminal,0.3781237824017104,785,25,2.0,0.00036843987475335474,45.92317003553499,39.48982184967115,0.18700001237448305,0.3201999934390187,10.545600001933053,0.13099999341648072,11.006999993696809,0,True,on_screen,0.7516742373179737
1787908989760,2623,4217,1186.8432870930926,1633.4509288842382,1185.0449760848862,1628.937292599583,2,1,terminal,0.37709100495620174,815,25,1.8,0.00036787001090804114,44.462988428926764,39.487373401557996,0.10789999214466661,0.25209999876096845,10.642000008374453,0.12160000915173441,11.024100007489324,0,True,on_screen,0.7516742373179737
1787908989792,2624,4218,1187.216333975318,1625.243317484418,1185.6963834520157,1627.8291000650333,2,1,terminal,0.3794127427387547,848,25,1.8,0.000372824088127879,43.16671258057487,39.48489433474648,0.1728000061120838,0.3116000007139519,10.813700006110594,0.1703000016277656,11.309800000162795,0,True,on_screen,0.7516742373179737
1787908989808,2625,4219,1188.359699312694,1622.028274679916,1186.495378210219,1626.088852449498,2,1,terminal,0.3827011763226247,864,25,1.8,0.0003743832212149238,45.13725376303154,39.48817159758484,0.14279999595601112,0.2555999963078648,11.405799989006482,0.19039999460801482,11.86250000318978,0,True,on_screen,0.7516742373179737
1787908989840,2626,4220,1190.0471874988714,1621.2135261505014,1187.5609209968147,1624.626254559799,2,1,terminal,0.38608525163301666,895,25,1.8,0.0003729700204179974,43.74683984576003,39.48591136179815,0.15240001084748656,0.29489998996723443,10.860199996386655,0.12080000306013972,11.286499997368082,0,True,on_screen,0.7516742373179737
1787908989856,2627,4221,1188.2902254417847,1620.7150014287738,1187.7797123303058,1623.4528786204914,2,1,terminal,0.38778951021785457,911,25,1.8,0.0003734196889132943,45.65861733967406,39.48938080732245,0.15140000323299319,0.2604000037536025,10.90019999537617,0.14379998901858926,11.312899994663894,0,True,on_screen,0.7516742373179737
1787908989888,2628,4222,1188.5959384616383,1620.4356403485128,1188.0245801697054,1622.5477071388977,2,1,terminal,0.3892222829612849,944,25,1.8,0.00037429183204266275,44.21395164823521,39.4865982424764,0.1475000026402995,0.30499999411404133,11.613199996645562,0.1981000095838681,12.13149999966845,0,True,on_screen,0.7516742373179737
1787908989904,2629,4223,1189.4018157955775,1620.6667995758996,1188.4377508574669,1621.983434869998,2,1,terminal,0.3905287650209348,960,25,1.8,0.0003743991253182359,46.01126858618343,39.49052140285843,0.12560001050587744,0.26339999749325216,10.335500002838671,0.14289999671746045,10.751199995866045,0,True,on_screen,0.7516742373179737
1787908989936,2630,4224,1191.3028337116489,1622.4454252013984,1189.2972757137213,1622.1220319694182,2,1,terminal,0.39173511618444223,992,25,1.8,0.00037457695820923564,44.53816222338175,39.48812345794529,0.11359999189153314,0.24680000205989927,10.209400003077462,0.13390000094659626,10.599900007946417,0,True,on_screen,0.7516742373179737
1787908989970,2631,4225,1195.9834999856914,1622.997395890532,1191.3031429953123,1622.384641145752,2,1,terminal,0.39461158147076747,1026,25,1.8,0.0003751590712114689,43.003091056545294,39.4844161387783,0.1531000016257167,0.3352999920025468,11.175599996931851,0.1860999909695238,11.708799996995367,0,True,on_screen,0.7516742373179737
1787908989984,2632,4226,1196.894165057981,1624.4449184704345,1192.9804496141128,1623.0027243431568,2,1,terminal,0.39654202786277704,1039,25,1.8,0.00037550563887746996,46.05880617158563,39.48870835242294,0.11309998808428645,0.26250000519212335,11.351399996783584,0.1838000025600195,11.807400005636737,0,True,on_screen,0.7516742373179737
1787908990016,2633,4227,1199.0520922820654,1624.2480487294874,1194.8019424144986,1623.376321659056,2,1,terminal,0.3989723214436587,1072,25,1.8,0.0003762494155440631,44.575174072630695,39.486302651401374,0.1647000026423484,0.2775999892037362,11.181699999724515,0.15550000534858555,11.624499995377846,0,True,on_screen,0.7516742373179737
1787908990032,2634,4228,1201.0694864665536,1624.2131444759564,1196.682205630115,1623.627368504126,2,1,terminal,0.40162723444566595,1088,25,1.8,0.00037607056027127994,46.34923456335187,39.490051920730664,0.11130000348202884,0.23910000163596123,10.357399994973093,0.1320000010309741,10.736600001109764,0,True,on_screen,0.7516742373179737
1787908990064,2635,4229,1202.7830549183354,1625.226087752183,1198.512460416581,1624.1069842785432,2,1,terminal,0.4039206904446536,1119,25,1.8,0.00037622736935538637,44.83312221668151,39.48717235209348,0.14179998834151775,0.29859998903702945,11.322699996526353,0.17129999469034374,11.805400004959665,0,True,on_screen,0.7516742373179737
1787908990080,2636,4230,1204.0133836114887,1626.8548367085311,1200.1627373750534,1624.9313400075396,2,1,terminal,0.4055068675668755,1135,25,1.8,0.0003769166953182315,46.55567080564357,39.49091954991819,0.1429999974789098,0.2598999999463558,10.449900000821799,0.13169999874662608,10.851699989871122,0,True,on_screen,0.7516742373179737
1787908990112,2637,4231,1205.542069766607,1629.1905091252515,1201.7765370925194,1626.2090907428533,2,1,terminal,0.4064710251468786,1167,25,1.8,0.00037700280433251854,45.035951800194745,39.488282223710506,0.1272999943466857,0.26470000739209354,11.025900006643496,0.14030000602360815,11.440100002801046,0,True,on_screen,0.7516742373179737
1787908990145,2638,4232,1207.4796146203273,1626.283592173713,1203.4874603508617,1626.2314411721109,2,1,terminal,0.40908629975113286,1200,25,1.8,0.00037682829489713715,43.57263729883035,39.48531529694528,0.9594000002834946,0.30050000350456685,11.472300000605173,0.14039999223314226,11.925099999643862,0,True,on_screen,0.7516742373179737
1787908990160,2639,4233,1209.7721911662493,1631.8266850157818,1205.372879595478,1627.9100143252122,2,1,terminal,0.4099354958804735,1216,25,1.8,0.000377416097888366,45.81176665754725,39.48927418092055,0.1596000074641779,0.2994999958900735,10.892299993429333,0.1412999990861863,11.343699996359646,0,True,on_screen,0.7516742373179737
1787908990192,2640,4234,1259.9941565726408,1605.2815967857487,1221.7592626886267,1621.121489063373,2,1,terminal,0.4432873292342533,1247,25,1.8,0.0003952422901873417,44.382986285939154,39.48698148074635,0.106100007542409,0.25880000612232834,10.756299991044216,0.13949999993201345,11.17050000175368,0,True,on_screen,0.7516742373179737
1787908990208,2641,4235,1315.5784037563258,1565.2251037738679,1249.9050050089363,1604.3525734765215,2,1,terminal,0.5067232920464885,1263,25,1.8,0.000407058281369551,46.17847979782658,39.490517236744154,0.10630000906530768,0.23259999579750001,10.477100004209206,0.13330001092981547,10.85130000137724,0,True,on_screen,0.7516742373179737
1787908990243,2642,4236,932.5580565527213,1594.8911800375722,1154.7009204720719,1601.5141554448367,2,1,terminal,0.35645356527873984,1299,25,1.8,0.00035075326525825685,44.44850995040697,39.48603551838378,0.1272999943466857,0.2922999992733821,13.256399994133972,0.1581999968038872,13.721299997996539,0,True,on_screen,0.7516742373179737
1787908990272,2643,4237,374.213473052603,1826.340324971757,920.5546862462312,1668.9620063029126,2,0,terminal,0.1879384556632656,1328,25,1.8,0.00013866122816168572,43.383064855966815,39.48526560438909,0.13029998808633536,0.2871000033337623,11.089399995398708,0.15749999147374183,11.54760000645183,0,True,on_screen,0.7516742373179737
1787908990288,2644,4238,437.14517682418676,2808.217346854676,775.5318334196179,2010.7386084684417,-1,-1,off_screen,0.0,0,29,2.0,-0.00044294445871216094,45.25374028061567,39.488778938740886,0.20920000679325312,0.4437000025063753,10.604899987811223,0.15469999925699085,11.218899991945364,0,True,gaze_outside_screen,0.7516742373179737
1787908990321,2645,4239,791.7793092235831,3394.8322759792736,780.4060761608074,2425.9667087216912,-1,-1,off_screen,0.0,32,29,2.0,-0.001089114839690014,43.80966952071533,39.48577578255177,0.1604999997653067,0.3062000032514334,11.771899997256696,0.16209999739658087,12.253299995791167,0,True,gaze_outside_screen,0.7516742373179737
1787908990336,2646,4240,0.0,0.0,0.0,0.0,-1,-1,,0.0,0,0,2.0,-0.0018039452266719793,45.98040863488251,39.48970486909339,0.10849999671336263,0.2663000050233677,11.2438999931328,0.10849999671336263,11.631700006546453,0,True,eyes_invalid_or_blink,0.7516742373179737
1787908990368,2647,4241,0.0,0.0,0.0,0.0,-1,-1,,0.0,0,0,2.0,-0.0023610521588481904,44.49343601829033,39.487476355538114,0.26169999910052866,0.5013000045437366,10.282800009008497,0.07490000280085951,10.872099999687634,0,True,eyes_invalid_or_blink,0.7516742373179737
1787908990400,2648,4242,-1149.9251814858678,1121.2968415425053,201.30669886680482,2034.5657485679353,-1,-1,off_screen,0.0,0,30,2.2,-0.0029220249143800323,43.18000932698303,39.48421235404099,0.1962000096682459,0.43819998973049223,12.582199997268617,0.15380000695586205,13.1890999909956,0,True,gaze_outside_screen,0.7516742373179737
1787908990416,2649,4243,-1763.851554478864,-45.883468394957596,-388.2407771368959,1410.4309834790674,-1,-1,off_screen,0.0,15,30,2.2,-0.002997636381661258,45.14171927861701,39.487679677820196,0.14279999595601112,0.36199999158270657,12.621200003195554,0.16120000509545207,13.15519999479875,0,True,gaze_outside_screen,0.7516742373179737
1787908990448,2650,4244,-2016.488096819688,-1402.257818280314,-876.7149730417334,566.624342951253,-1,-1,off_screen,0.0,47,30,2.2,-0.0030264490191309543,43.760713164431074,39.48606453093763,0.15439999697264284,0.3193000011378899,10.49109999439679,0.1348999940091744,10.959200008073822,0,True,gaze_outside_screen,0.7516742373179737
1787908990464,2651,4245,-1695.8824498721729,-1557.6321366881157,-1122.4652160908652,-70.65260094055765,-1,-1,off_screen,0.0,63,30,2.2,-0.002876612967381637,45.5466028313232,39.48936384543574,0.156299996888265,0.2941999991890043,10.627899988321587,0.14089999604038894,11.073900008341298,0,True,gaze_outside_screen,0.7516742373179737
1787908990497,2652,4246,-1511.974236795599,-2141.6958502713123,-1239.3179223022853,-691.9655757397841,-1,-1,off_screen,0.0,96,30,2.2,-0.0035496412007887234,44.02136429118636,39.486458170782335,0.149500003317371,0.31970000418368727,10.827199992490932,0.13890000991523266,11.299799996777438,0,True,gaze_outside_screen,0.7516742373179737
1787908990512,2653,4247,-1370.1252184046843,-2534.1084889386652,-1278.560111133005,-1244.6084496994483,-1,-1,off_screen,0.0,111,30,2.2,-0.0037158376545196672,46.30805684907794,39.4902882952962,0.16190001042559743,0.32589999318588525,10.763500002212822,0.14039999223314226,11.242699998547323,0,True,gaze_outside_screen,0.7516742373179737
1787908990544,2654,4248,-1166.1930679948546,-3029.87600770549,-1244.8499981915597,-1780.1887171012606,-1,-1,off_screen,0.0,143,30,2.2,-0.003969256833215253,44.81619986741329,39.48810924442703,0.12080000306013972,0.27039999258704484,10.230100000626408,0.1323000033153221,10.64379999297671,0,True,gaze_outside_screen,0.7516742373179737
1787908990576,2655,4249,-1164.856021913893,-3245.5980240211193,-1220.8518053082598,-2219.811509177218,-1,-1,off_screen,0.0,175,30,2.2,-0.003879771841663937,43.45973613903802,39.485281064622036,0.185800003237091,0.3161999920848757,11.204399997950532,0.14210000517778099,11.67649999842979,0,True,gaze_outside_screen,0.7516742373179737
1787908990592,2656,4250,-1168.011446116937,-3126.963118709965,-1204.999697550863,-2491.956992037042,-1,-1,off_screen,0.0,191,30,2.2,-0.0038809203706306316,45.301651587209285,39.48873204594219,0.15690000145696104,0.3218999918317422,10.949999996228144,0.15219999477267265,11.435199994593859,0,True,gaze_outside_screen,0.7516742373179737
1787908990624,2657,4251,-1317.3744077443625,-3152.84796449647,-1238.7121106089128,-2690.22428377487,-1,-1,off_screen,0.0,223,30,2.2,-0.0035733133628225756,43.91279176717789,39.48669349424668,0.11819999781437218,0.24429999757558107,10.105599998496473,0.12289998994674534,10.482700003194623,0,True,gaze_outside_screen,0.7516742373179737
1787908990640,2658,4252,-1489.3354875740265,-2974.356458054632,-1313.8991236984468,-2775.4639360587985,-1,-1,off_screen,0.0,240,30,2.2,-0.0033268793762673554,45.77436545227981,39.4901604813438,0.11500000255182385,0.25490000552963465,9.983899988583289,0.1142999972216785,10.361099994042888,0,True,gaze_outside_screen,0.7516742373179737
1787908990672,2659,4253,-1322.9903787820092,-2799.8991602863925,-1316.6265002235154,-2782.7945033270767,-1,-1,off_screen,0.0,271,30,2.2,-0.0028943489636486137,44.30761005357148,39.4872641605276,0.16519999189767987,0.3119000029982999,10.955899997497909,0.15439999697264284,11.436300002969801,0,True,gaze_outside_screen,0.7516742373179737
1787908990688,2660,4254,-1260.2902343946919,-2787.658166497994,-1299.7256204748683,-2784.2536022783515,-1,-1,off_screen,0.0,287,30,2.2,-0.0027096616100698665,46.126770922322756,39.49099772675497,0.10299999848939478,0.2516999957151711,10.194100002991036,0.12049998622387648,10.575199994491413,0,True,gaze_outside_screen,0.7516742373179737
1787908990720,2661,4255,-1012.1128209368549,-2659.0754229415084,-1213.4417806134643,-2746.700148477298,-1,-1,off_screen,0.0,319,30,2.2,-0.0024197822610305744,44.642261098746914,39.488619940276614,0.10660001134965569,0.2398999931756407,10.05349999468308,0.11609999637585133,10.417999990750104,0,True,gaze_outside_screen,0.7516742373179737
1787908990752,2662,4256,-836.3435128150145,-2396.322255858958,-1100.3123002739292,-2641.586780691796,-1,-1,off_screen,0.0,351,30,2.2,-0.002510711984151478,43.286289269418184,39.4854508030893,0.182100004167296,0.3281999961473048,11.70980000460986,0.16789999790489674,12.219800002640113,0,True,gaze_outside_screen,0.7516742373179737
1787908990768,2663,4257,-818.061171096841,-2600.9176990900214,-1015.6369615208026,-2629.386056211263,-1,-1,off_screen,0.0,367,30,2.0,-0.002219722787605157,45.231422218353195,39.48939604244553,0.09679999493528157,0.26760000037029386,10.443799998029135,0.1145999995060265,10.834800006705336,0,True,gaze_outside_screen,0.7516742373179737
1787908990800,2664,4258,-964.9878179867478,-2895.8732450105153,-1000.4422184605862,-2709.3322128510385,-1,-1,off_screen,0.0,399,30,2.0,-0.002076898247804323,43.816717850139725,39.48667207600412,0.13339999713934958,0.3155999875161797,10.980699997162446,0.1188000023830682,11.425899996538647,0,True,gaze_outside_screen,0.7516742373179737
1787908990816,2665,4259,-875.7838890037525,-3033.9415887351383,-963.044719623536,-2806.715025616268,-1,-1,off_screen,0.0,415,30,2.0,-0.0018038217704864565,45.85439655911535,39.49066448619247,0.10459999612066895,0.2344999957131222,9.911000001011416,0.11510000331327319,10.268600002746098,0,True,gaze_outside_screen,0.7516742373179737
1787908990848,2666,4260,-1078.772364674074,-2669.6633741173428,-997.7630131386973,-2765.5995301665903,-1,-1,off_screen,0.0,447,30,2.0,-0.0017178020731185746,44.37181028722966,39.48770571231532,0.15469999925699085,0.30270000570453703,10.968799993861467,0.15970000822562724,11.445900003309362,0,True,gaze_outside_screen,0.7516742373179737
1787908990880,2667,4261,553.5155951417014,-1278.0785432759167,-532.3794306545776,-2319.343234099388,-1,-1,off_screen,0.0,480,30,2.0,-0.0013064103967094093,43.078660472316585,39.485242687545096,0.12739999510813504,0.26640000578481704,11.287700006505474,0.1311999949393794,11.694800006807782,0,True,gaze_outside_screen,0.7516742373179737
1787908990896,2668,4262,1612.8054383016831,-562.9399954965808,111.17603003230062,-1792.4222625185457,-1,-1,off_screen,0.0,495,30,2.0,-0.001151650406710069,45.011861896093514,39.48897332590628,0.11369999265298247,0.2460000105202198,10.421099999803118,0.12460000289138407,10.800400006701238,0,True,gaze_outside_screen,0.7516742373179737
1787908990928,2669,4263,2768.086726993499,-153.04284954097787,908.2492391206601,-1300.6084386252753,-1,-1,off_screen,0.0,527,30,2.0,-0.0002649339447151032,43.62536802179912,39.48610465915428,0.18149999959859997,0.5157000123290345,11.196599996765144,0.13529999705497175,11.861100007081404,0,True,gaze_outside_screen,0.7516742373179737
1787908990944,2670,4264,2879.5640444532755,-106.1086822554067,1499.6436807204445,-942.2585117143147,-1,-1,off_screen,0.0,543,30,2.0,6.71160509353435e-05,45.4393308745487,39.489274909269994,0.11919999087695032,0.298099999781698,11.872399991261773,0.14250000822357833,12.326600000960752,0,True,gaze_outside_screen,0.7516742373179737
1787908990976,2671,4265,2630.6189316070986,-41.66962151545216,1838.9362559864408,-672.0818446546559,-1,-1,off_screen,0.0,575,30,2.0,0.0004222138844988746,44.04410162259171,39.487450960762885,0.11609999637585133,0.26020000223070383,10.487199993804097,0.12329999299254268,10.879499997827224,0,True,gaze_outside_screen,0.7516742373179737
1787908991008,2672,4266,2308.003857275233,-155.63980511576423,1979.6565363730783,-517.1492327929884,-1,-1,off_screen,0.0,607,30,2.0,0.00046933534805867344,42.76806423666954,39.484695622300244,0.15130000247154385,0.3251999878557399,11.287200002698228,0.14989999181125313,11.777599997003563,0,True,gaze_outside_screen,0.7516742373179737
1787908991024,2673,4267,2210.079898150458,21.26171265839834,2048.7835449062923,-355.6259491575724,-1,-1,off_screen,0.0,623,30,2.0,0.00030545847282265753,44.683553363110235,39.488060861611004,0.12299999070819467,0.26509999588597566,11.302500002784654,0.16680000408086926,11.745200012228452,0,True,gaze_outside_screen,0.7516742373179737
1787908991056,2674,4268,2007.2777723277939,144.43766475412772,2036.3318131327426,-205.60686498406233,-1,-1,off_screen,0.0,655,30,2.0,2.607448276399464e-05,43.34982721582335,39.486056190816555,0.13210000179242343,0.2728000108618289,10.24390000384301,0.12689999130088836,10.654600002453662,0,True,gaze_outside_screen,0.7516742373179737
1787908991072,2675,4269,1812.56436927127,419.7448172853274,1969.2015799743006,-18.001360303245406,-1,-1,off_screen,0.0,671,30,2.0,-4.9761360836727414e-05,45.260433546195536,39.489620639321274,0.09719999798107892,0.23859999782871455,9.843199994065799,0.1201999984914437,10.210000007646158,0,True,gaze_outside_screen,0.7516742373179737
1787908991104,2676,4270,1401.483082784293,430.59042312783936,1798.8860308172982,116.57617472608001,0,1,main_file,0.14875824325619502,0,8,2.2,-0.00019202861197739444,43.85176237092983,39.48673225636654,0.15990000974852592,0.30929999775253236,10.895200000959449,0.14640000881627202,11.364199992385693,0,True,on_screen,0.7516742373179737
1787908991120,2677,4271,1124.4173812058825,652.2120726676895,1596.5454359338733,277.2669441085628,0,1,main_file,0.652432993770653,15,8,2.0,-0.00017049897307057187,45.74491710551945,39.490437912869965,0.11059999815188348,0.24790001043584198,10.224999990896322,0.1306000049225986,10.611600009724498,0,True,on_screen,0.7516742373179737
1787908991152,2678,4272,1159.6673783534623,530.9921472603468,1465.4820186597499,353.384505054098,0,1,main_file,0.9483216576286718,47,8,2.0,-3.627342632255004e-05,44.297633985149446,39.48789272231191,0.1277999981539324,0.265499998931773,10.534999993979,0.1205000007757917,10.929600000963546,0,True,on_screen,0.7516742373179737
1787908991187,2679,4273,1118.797092365837,447.43127672825455,1361.476540771576,381.5985365563449,0,1,main_file,0.8401371362827723,82,8,2.0,-5.0317460570378086e-05,42.739131845344254,39.48407481732262,0.1255000097444281,0.3576000017346814,11.336000010487624,0.18139999883715063,11.889399989740923,0,True,on_screen,0.7516742373179737
1787908991200,2680,4274,1021.0296980113254,388.42164718887545,1259.3424879435008,383.6454697461041,0,1,main_file,0.642352069153094,95,8,2.0,3.247668632603423e-05,46.0170050357975,39.488424850600715,0.14010000450070947,0.287900009425357,11.578699995880015,0.17340001068077981,12.04979998874478,0,True,on_screen,0.7516742373179737
1787908991232,2681,4275,964.8455143388755,403.71448557926755,1170.9933958621132,389.66617449605315,0,1,main_file,0.46874975131752705,128,8,2.0,0.00012053779245436644,44.54308043391751,39.48616267651471,0.1542999962111935,0.2739000046858564,11.130899991258048,0.13919999764766544,11.604100000113249,0,True,on_screen,0.7516742373179737
1787908991248,2682,4276,945.6457296051708,359.9703153445244,1103.3890959850303,380.75741675059453,0,1,main_file,0.337991457818721,143,8,2.0,0.00020900602718691187,46.3312034407465,39.48996464644421,0.14139999984763563,0.23750000400468707,10.098099999595433,0.14050000754650682,10.484099999302998,0,True,on_screen,0.7516742373179737
1787908991280,2683,4277,866.5130719530715,331.67333194152354,1032.3262887754427,366.03219130787323,0,1,main_file,0.1996656062256923,175,8,2.0,0.00037298442874621716,44.82571226083088,39.487109477887685,0.1573999907122925,0.3186999965691939,11.160599999129772,0.16780001169536263,11.665199999697506,0,True,on_screen,0.7516742373179737
1787908991296,2684,4278,798.9331728321628,259.7688525868222,962.3083539924587,334.1531896915579,0,0,sidebar,0.23999711119578637,0,7,2.2,0.0005118917946727048,46.57778821696543,39.49080114220169,0.11059999815188348,0.25830000231508166,10.42829999641981,0.1269999920623377,10.822800002642907,0,True,on_screen,0.7516742373179737
1787908991328,2685,4279,663.9283637585714,260.59087924891503,872.7943569222925,312.084496558765,0,0,sidebar,0.4098612963327454,32,7,2.2,0.0006557689303599568,45.06217346653468,39.48849506756983,0.11419999646022916,0.24300000222865492,10.220399999525398,0.17499999376013875,10.64770000812132,0,True,on_screen,0.7516742373179737
1787908991360,2686,4280,536.1553955583374,339.83167237754986,771.802668513106,320.40864930440046,0,0,sidebar,0.607868972957119,63,7,2.2,0.0007000715596453336,43.65443507548563,39.485181356276435,0.142700009746477,0.3392999933566898,12.278199996217154,0.14059999375604093,12.793899993994273,0,True,on_screen,0.7516742373179737
1787908991376,2687,4281,437.89992515013546,279.25739209595497,671.6318455042149,308.0632721418668,0,0,sidebar,0.7863810463749007,79,7,2.2,0.0008404856588078193,45.567086042088995,39.489031560816144,0.1201999984914437,0.3117000014754012,11.144800009788014,0.1500000071246177,11.620299992500804,0,True,on_screen,0.7516742373179737
1787908991408,2688,4282,623.3569678300402,333.7548772427408,657.1493822019625,315.770753672129,0,0,sidebar,0.8185834100905132,111,7,2.2,0.0011804327314456284,44.13029781792271,39.4866981905845,0.15910000365693122,0.3073000116273761,10.839800001122057,0.14180000289343297,11.299200006760657,0,True,on_screen,0.7516742373179737
1787908991424,2689,4283,420.980013636995,98.11365838320768,586.2985716324722,250.4736250854526,0,0,sidebar,0.784055881997656,128,7,2.2,0.0011388009990661585,45.99406209801299,39.49035574332585,0.16960001084953547,0.2528999903006479,10.24889999825973,0.13580000086221844,10.646399998222478,0,True,on_screen,0.7516742373179737
1787908991456,2690,4284,360.1143721312539,93.74834476463384,518.4433117821067,203.45604098920697,0,0,sidebar,0.6725987721120521,160,7,2.2,0.0013684875739627227,44.51541360930574,39.4875204880927,0.16039999900385737,0.31289999606087804,11.201900008018129,0.18600000475998968,11.714700012817048,0,True,on_screen,0.7516742373179737
1787908991488,2691,4285,586.2963688686045,1416.6192397034572,538.799228908056,567.405000603482,0,0,sidebar,0.5863754571796045,191,7,2.2,0.001101666653606722,43.216000249495885,39.48525870436617,0.1412999990861863,0.27119999867863953,11.10599999083206,0.14170000213198364,11.53060000797268,0,True,on_screen,0.7516742373179737
1787908991504,2692,4286,1424.0026728400699,2696.2922982011205,804.3602620876601,1206.0711898827735,2,0,terminal,0.3582862108171514,0,26,2.4,0.0005529357776210518,45.080872882337246,39.48872905067078,0.13630000466946512,0.2479999966453761,10.752899994258769,0.14209999062586576,11.152999999467283,0,True,on_screen,0.7516742373179737
1787908991536,2693,4287,0.0,0.0,0.0,0.0,-1,-1,,0.0,0,0,2.4,-0.0001410994273688404,43.69021608304783,39.48607118200718,0.15980000898707658,0.3299999953014776,11.258200000156648,0.106100007542409,11.706699995556846,0,True,eyes_invalid_or_blink,0.7516742373179737
1787908991552,2694,4288,1018.7280955423807,2944.3995509734486,868.6706121240762,1727.569698209976,-1,-1,off_screen,0.0,0,31,2.6,0.0014300651702367495,45.55389872353116,39.489588558467254,0.12169999536126852,0.26259999140165746,10.88450000679586,0.1564999984111637,11.31510001141578,0,True,gaze_outside_screen,0.7516742373179737
1787908991584,2695,4289,711.4030204963848,1514.8002034454837,821.4903346357687,1663.7388497806282,2,0,terminal,0.3480003344823718,0,27,2.8,0.0017880252116046248,44.14064330291236,39.48730126276611,0.15269999857991934,0.29599999834317714,10.636600010911934,0.15780000831000507,11.103700002422556,0,True,on_screen,0.7516742373179737
1787908991600,2696,4290,601.1416010726599,585.2493177953502,755.3857145668361,1340.1919901850447,2,0,terminal,0.5970390115676445,15,27,2.8,0.0026734665572995947,45.969087960299184,39.49057347998083,0.12199999764561653,0.307999987853691,10.944499998004176,0.14229999214876443,11.406799996620975,0,True,on_screen,0.7516742373179737
1787908991632,2697,4291,405.8940999210231,139.7593112218054,650.5382301730921,980.0621864960729,1,0,sidebar,0.7852743391785835,0,8,3.0,0.002861018403038963,44.48555266015166,39.48804565077835,0.13410000246949494,0.30109999352134764,11.085299993283115,0.1643000141484663,11.565699998755008,0,True,on_screen,0.7516742373179737
1787908991664,2698,4292,528.9009768380727,186.3153331196699,614.0470541725862,741.9381304831519,1,0,sidebar,0.6808689021288009,32,8,3.0,0.003106669818096767,43.168534478520776,39.48553752214171,0.12589999823831022,0.2783000090857968,11.425100004998967,0.14359998749569058,11.860500002512708,0,True,on_screen,0.7516742373179737
1787908991680,2699,4293,309.7749169237133,594.4762302383505,522.7654129979243,697.6995604097114,1,0,sidebar,0.5893736051755252,48,8,3.0,0.002565472694912422,44.9263877698242,39.4888041205502,0.1677000109339133,0.2808999997796491,11.280899998382665,0.1571000029798597,11.730799989891239,0,True,on_screen,0.7516742373179737
1787908991712,2700,4294,624.3043833170633,-907.6893140879547,553.227104093666,216.08289806041154,0,0,sidebar,0.7139817321013948,79,8,3.0,0.005580833047710593,43.60926953996781,39.486600843638186,0.2097000106004998,0.3153000143356621,11.15120000031311,0.14709999959450215,11.631099987425841,0,True,on_screen,0.7516742373179737
1787908991728,2701,4295,528.6339168483659,-1085.6532892511398,545.8491479200759,-174.43795813305385,-1,-1,off_screen,0.0,0,32,3.2,0.005883816171122377,45.4004093755655,39.48965874652261,0.14459999511018395,0.3237000055378303,11.79440000851173,0.14649999502580613,12.2789000015473,0,True,gaze_outside_screen,0.7516742373179737
1787908991760,2702,4296,639.5933918447745,-1225.5820980390608,573.9724210974854,-489.7812001048559,-1,-1,off_screen,0.0,32,32,3.2,0.005975906325979382,44.03151858280027,39.48773967176318,0.11670000094454736,0.2795999898808077,10.927099996479228,0.1348999940091744,11.354600006598048,0,True,gaze_outside_screen,0.7516742373179737
1787908991792,2703,4297,651.0595621511669,-1128.6497690832798,597.0985634135898,-681.441770798383,-1,-1,off_screen,0.0,64,32,3.2,0.005819299973777146,42.74412654914051,39.48500011158517,0.13059999037068337,0.3237999917473644,11.650800006464124,0.14459999511018395,12.134000004152767,0,True,gaze_outside_screen,0.7516742373179737
1787908991808,2704,4298,626.8176749289812,-1101.9225121444736,606.0142968682072,-807.5859932022101,-1,-1,off_screen,0.0,80,32,3.2,0.00590195377746874,44.69764366869388,39.48877537394102,0.14709999959450215,0.3015999973285943,10.54239999211859,0.1396999869029969,10.996900004101917,0,True,gaze_outside_screen,0.7516742373179737
1787908991840,2705,4299,519.6294420848201,-1068.1810828486286,580.0988404331911,-885.7645200961356,-1,-1,off_screen,0.0,111,32,3.2,0.005973822339360984,43.337641466516374,39.48624916080778,0.1294999965466559,0.2682000049389899,10.703399995691143,0.14509999891743064,11.128800004371442,0,True,gaze_outside_screen,0.7516742373179737
1787908991856,2706,4300,631.0070060377791,-1094.923668408667,595.3712901145675,-948.512264589895,-1,-1,off_screen,0.0,128,32,3.2,0.005947296120566856,45.336357878123664,39.489723019534125,0.12880000576842576,0.2690999972401187,10.67190000321716,0.1328000071225688,11.082699988037348,0,True,gaze_outside_screen,0.7516742373179737
1787908991888,2707,4301,293.740495318474,-1092.722749944904,504.8820516757394,-991.7754101963976,-1,-1,off_screen,0.0,160,32,3.2,0.006443019469770429,43.90712630922514,39.48687332343596,0.1621999981580302,0.2889000024879351,11.587500004679896,0.1632999919820577,12.05370000388939,0,True,gaze_outside_screen,0.7516742373179737
1787908991904,2708,4302,355.5540474563486,-1037.492859280832,460.08365040992214,-1005.4906449217278,-1,-1,off_screen,0.0,176,32,3.2,0.006708832217946468,45.73837596104143,39.49048502328416,0.11219999578315765,0.27049999334849417,10.922000001301058,0.1368000084767118,11.34230000025127,0,True,gaze_outside_screen,0.7516742373179737
1787908991936,2709,4303,572.8016422896467,-1169.4664849303122,493.8990479738395,-1054.683396924303,-1,-1,off_screen,0.0,208,32,3.2,0.008405644845988873,44.2989906978206,39.48818659323843,0.1584999990882352,0.2814999897964299,10.672500007785857,0.13679999392479658,11.103600001661107,0,True,gaze_outside_screen,0.7516742373179737
1787908991968,2710,4304,708.4188201589495,-1622.111491719143,558.2549796293724,-1224.9118253627548,-1,-1,off_screen,0.0,240,32,3.2,0.00907844517912908,42.99703384769641,39.485243105509554,0.142700009746477,0.33059999987017363,12.0691999909468,0.16999999934341758,12.583099989569746,0,True,gaze_outside_screen,0.7516742373179737
1787908991984,2711,4305,817.6905005850372,-2043.472632225071,636.0856359160719,-1470.4800674214496,-1,-1,off_screen,0.0,256,32,3.2,0.009396416009626336,44.85011644714532,39.488596279075544,0.15979999443516135,0.3122000052826479,11.917399999219924,0.15079999866429716,12.397900005453266,0,True,gaze_outside_screen,0.7516742373179737
1787908992016,2712,4306,807.8078176786294,-2072.5553890048823,687.6022904448391,-1651.102663896479,-1,-1,off_screen,0.0,288,32,3.2,0.009422779234215115,43.51008525627877,39.48647069075752,0.13380000018514693,0.2800000074785203,11.339200005750172,0.16200001118704677,11.79499999852851,0,True,gaze_outside_screen,0.7516742373179737
1787908992032,2713,4307,518.2240327284165,-2004.0891191627154,636.7888131299123,-1756.99860047635,-1,-1,off_screen,0.0,304,32,3.2,0.009956093439855127,45.32525524133111,39.49006170661987,0.13590000162366778,0.29180001001805067,10.554400010732934,0.12710000737570226,10.983799991663545,0,True,gaze_outside_screen,0.7516742373179737
1787908992064,2714,4308,352.75004082414324,-1970.7294620185212,551.5771814381816,-1821.1178589390013,-1,-1,off_screen,0.0,335,32,3.2,0.010090536836046292,43.91288372877317,39.487102321264125,0.19809999503195286,0.3971999976783991,11.87269999354612,0.14849999570287764,12.432700008503161,0,True,gaze_outside_screen,0.7516742373179737
1787908992096,2715,4309,372.48262628365325,-1654.023307901233,497.84881489182305,-1770.9894936276705,-1,-1,off_screen,0.0,368,32,3.2,0.010381943155382375,42.688828429160516,39.48511599343715,0.11569999333005399,0.25969999842345715,11.283699990599416,0.11989999620709568,11.67360000545159,0,True,gaze_outside_screen,0.7516742373179737
1787908992112,2716,4310,557.4588834548953,-1672.2985163565806,515.7318354607446,-1741.3822004463436,-1,-1,off_screen,0.0,384,32,3.2,0.010573989803709077,44.63128002742124,39.488691263410516,0.1247000036528334,0.26780000189319253,10.602700000163168,0.13649999164044857,11.017299999366514,0,True,gaze_outside_screen,0.7516742373179737
1787908992145,2717,4311,476.0908044678322,-1754.0769842016025,503.83952616287087,-1745.190635572921,-1,-1,off_screen,0.0,417,32,3.2,0.010994052986935166,43.21545531312128,39.4856842980033,0.1630000042496249,0.338099998771213,11.342199999489821,0.14540000120177865,11.83879999734927,0,True,gaze_outside_screen,0.7516742373179737
1787908992160,2718,4312,445.16937684493325,-1577.8727841503169,486.2384813674896,-1694.9952801461397,-1,-1,off_screen,0.0,432,32,3.2,0.011032076119167917,45.496356653031704,39.48968248935287,0.1551000023027882,0.27350000164005905,10.537900001509115,0.13939999917056412,10.962000000290573,0,True,gaze_outside_screen,0.7516742373179737
1787908992192,2719,4313,521.6122409487695,-1750.542169054923,496.8506092418736,-1711.6593468187748,-1,-1,off_screen,0.0,463,32,3.2,0.011690545849195235,44.05765373846387,39.48718551565219,0.1373999984934926,0.271399985649623,10.63560000329744,0.12939999578520656,11.046700004953891,0,True,gaze_outside_screen,0.7516742373179737
1787908992208,2720,4314,480.1942426991562,-1565.3452986892078,491.85369927905833,-1667.7651323799046,-1,-1,off_screen,0.0,480,32,3.2,0.011640842052208288,45.93566365552999,39.49059700324932,0.13460000627674162,0.2626999921631068,10.621099994750693,0.12650000280700624,11.019500001566485,0,True,gaze_outside_screen,0.7516742373179737
1787908992240,2721,4315,410.0900288426271,-1682.3328710882092,467.32459814812887,-1672.135453992396,-1,-1,off_screen,0.0,512,32,3.2,0.011879458776591675,44.475979888484304,39.48802685093445,0.12739999510813504,0.27829999453388155,11.084899990237318,0.16850000247359276,11.544799999683164,0,True,gaze_outside_screen,0.7516742373179737
1787908992272,2722,4316,497.8246702156549,-1555.1847258570526,476.4746197683867,-1637.0502355517929,-1,-1,off_screen,0.0,544,32,3.2,0.012096362629669486,43.153176835612115,39.485703469623346,0.18289999570697546,0.2945000014733523,10.7986999937566,0.192599996807985,11.298199999146163,0,True,gaze_outside_screen,0.7516742373179737
1787908992288,2723,4317,462.4978234828436,-1611.940566908512,472.2815808827237,-1629.5173349588085,-1,-1,off_screen,0.0,560,32,3.2,0.012421796644543206,45.06315251645592,39.48904675104023,0.1221999991685152,0.2905000001192093,10.845299999346025,0.1573999907122925,11.30379999813158,0,True,gaze_outside_screen,0.7516742373179737
1787908992320,2724,4318,471.111864548363,-1540.1902769570559,471.93066598241546,-1602.7192175582827,-1,-1,off_screen,0.0,592,32,3.0,0.012444223140313196,43.675200996876356,39.48634350087137,0.2001999964704737,0.3049000079045072,11.56700000865385,0.1596000074641779,12.045399998896755,0,True,gaze_outside_screen,0.7516742373179737
1787908992336,2725,4319,535.6032934073303,-1429.3713079405468,491.03245420988986,-1550.7148446729618,-1,-1,off_screen,0.0,608,32,3.0,0.012892354882351919,45.549683331847994,39.490034815435145,0.1286000042455271,0.31269999453797936,10.688399997889064,0.11489998723845929,11.12539999303408,0,True,gaze_outside_screen,0.7516742373179737
1787908992368,2726,4320,627.9688251957111,-1438.529351787315,532.1133655056362,-1517.0591968072677,-1,-1,off_screen,0.0,640,32,2.8,0.012995878258545781,44.130631909184935,39.487694765034995,0.12270000297576189,0.2840999950421974,10.622100002365187,0.12740000966005027,11.0424000013154,0,True,gaze_outside_screen,0.7516742373179737
1787908992400,2727,4321,430.5778331623365,-1454.2836870058156,501.65270580264627,-1498.2265438668321,-1,-1,off_screen,0.0,672,32,2.8,0.013095612835103205,42.849409833885886,39.48508528301799,0.14459999511018395,0.3249000001233071,11.174799990840256,0.15719998918939382,11.668699997244403,0,True,gaze_outside_screen,0.7516742373179737
1787908992416,2728,4322,473.57759268910894,-1511.6724468285606,493.23017186858505,-1502.2603147553505,-1,-1,off_screen,0.0,687,32,2.8,0.013218648425185355,44.77429901511129,39.488468534841225,0.12799999967683107,0.2708000101847574,11.057599986088462,0.17469999147579074,11.513000004924834,0,True,gaze_outside_screen,0.7516742373179737
1787908992448,2729,4323,333.52318317612566,-1515.2576137235615,445.31807526084725,-1506.1595044458136,-1,-1,off_screen,0.0,720,32,2.8,0.013403654569037474,43.412133910014305,39.48618825426749,0.12900000729132444,0.267999988864176,10.65050000033807,0.13109999417793006,11.058899995987304,0,True,gaze_outside_screen,0.7516742373179737
1787908992464,2730,4324,381.4089387801604,-1504.2615540637466,426.14533431664114,-1505.5901193311934,-1,-1,off_screen,0.0,736,32,2.8,0.01330325127538277,45.40320058637823,39.4897828004577,0.11130000348202884,0.23119999968912452,10.27260000410024,0.112900001113303,10.624100003042258,0,True,gaze_outside_screen,0.7516742373179737
1787908992496,2731,4325,400.0126147772191,-1431.056942194768,418.3055184548145,-1483.2301661902657,-1,-1,off_screen,0.0,768,32,2.8,0.013437465539407573,43.97644789765098,39.486786519738956,0.1564999984111637,0.31829999352339655,11.666699996567331,0.14309999824035913,12.14040000922978,0,True,gaze_outside_screen,0.7516742373179737
1787908992512,2732,4326,453.5995980478946,-1477.0474137929264,428.8937423327385,-1481.375340471064,-1,-1,off_screen,0.0,784,32,2.8,0.013723673804077647,45.775895428244965,39.49027274114217,0.14030000602360815,0.309199996991083,11.212400000658818,0.12599999899975955,11.656999995466322,0,True,gaze_outside_screen,0.7516742373179737
1787908992544,2733,4327,415.1834354926811,-1473.1697928200067,424.78065028072126,-1478.9136761757468,-1,-1,off_screen,0.0,815,32,2.8,0.013661974233509254,44.32832369578557,39.487881005055456,0.12430000060703605,0.27319999935571104,11.260500003118068,0.12510000669863075,11.667500002658926,0,True,gaze_outside_screen,0.7516742373179737
1787908992580,2734,4328,304.0143697802259,-1535.1566109300793,388.5507661305726,-1495.7865566020466,-1,-1,off_screen,0.0,851,32,2.8,0.013612620983287142,42.70677017692891,39.48419626798491,0.18529999942984432,0.32330000249203295,11.181399997440167,0.13160001253709197,11.649299995042384,0,True,gaze_outside_screen,0.7516742373179737
1787908992592,2735,4329,248.75076374905987,-1438.5335866645178,346.61076541611874,-1478.610665620788,-1,-1,off_screen,0.0,864,32,2.8,0.013507280115477843,46.41032045716735,39.48872289370767,0.1247000036528334,0.27879999834112823,11.453300001448952,0.12589999823831022,11.867399996845052,0,True,gaze_outside_screen,0.7516742373179737
1787908992624,2736,4330,-71.83533948075466,-1392.8588468111288,221.0769339470567,-1452.8851199778903,-1,-1,off_screen,0.0,896,32,2.8,0.013967481904191854,44.927618665786824,39.48679186236475,0.13390000094659626,0.2575000107754022,10.507400002097711,0.11779999476857483,10.890999998082407,0,True,gaze_outside_screen,0.7516742373179737
1787908992640,2737,4331,-107.80156909519177,-1204.5740009515655,122.41338303438215,-1378.3917842699927,-1,-1,off_screen,0.0,912,32,2.8,0.014100417615970272,46.691034775207356,39.49021198168032,0.10799999290611595,0.22909999825060368,10.379600003943779,0.11520000407472253,10.732399998232722,0,True,gaze_outside_screen,0.7516742373179737
1787908992672,2738,4332,-40.76490914908928,-1245.1769518566014,73.45989537934072,-1338.4273345459753,-1,-1,off_screen,0.0,944,32,2.8,0.013680321312394276,45.097406535379456,39.48747661789175,0.11159999121446162,0.27150000096298754,10.724299994762987,0.1314999972237274,11.139100010041147,0,True,gaze_outside_screen,0.7516742373179737
1787908992688,2739,4333,40.74983862785945,-1170.8497899881731,63.646878353896334,-1288.1540711786347,-1,-1,off_screen,0.0,960,32,2.8,0.013323022677367066,46.99927859364085,39.49111182760583,0.11700000322889537,0.2555999963078648,10.383600005297922,0.11829999857582152,10.765800005174242,0,True,gaze_outside_screen,0.7516742373179737
1787908992720,2740,4334,-90.35937340117545,-1422.152035777154,17.4450028273748,-1328.3534605581904,-1,-1,off_screen,0.0,992,32,2.8,0.01332712588730851,45.400520185110736,39.48843715510091,0.13810000382363796,0.2970999921672046,10.8468999969773,0.12209999840706587,11.275600001681596,0,True,gaze_outside_screen,0.7516742373179737
1787908992752,2741,4335,-9.284373683911165,-1123.4942338122628,9.42618987398901,-1266.895692534412,-1,-1,off_screen,0.0,1024,32,2.8,0.013293159825961017,43.991750301590244,39.485967575215355,0.16680000408086926,0.3108999953838065,11.061299999710172,0.14269999519456178,11.529600000358187,0,True,gaze_outside_screen,0.7516742373179737
1787908992768,2742,4336,16.6632739882459,-1061.2928781855446,11.597315108266077,-1205.2148482297516,-1,-1,off_screen,0.0,1039,32,2.6,0.01316177757592481,45.782034621516864,39.48951941961646,0.1621999981580302,0.33370000892318785,10.348400013754144,0.12940001033712178,10.821599993505515,0,True,gaze_outside_screen,0.7516742373179737
1787908992800,2743,4337,-60.412410476315024,-1048.866135128203,-10.005602567108252,-1158.310234299287,-1,-1,off_screen,0.0,1072,32,2.6,0.012575841172808775,44.37769880327055,39.48725969014192,0.11129998893011361,0.2542000001994893,10.534600005485117,0.12430000060703605,10.922500005108304,0,True,gaze_outside_screen,0.7516742373179737
1787908992816,2744,4338,-225.6703496885833,-1024.1224029685347,-74.70502670355076,-1118.0538849000613,-1,-1,off_screen,0.0,1088,32,2.6,0.012858212594193733,46.13882675755214,39.490747457609494,0.09610000415705144,0.23950000468175858,10.059000007458963,0.10540000221226364,10.41270000860095,0,True,gaze_outside_screen,0.7516742373179737
1787908992848,2745,4339,-216.4461264974184,-798.4937441415823,-117.22735664171105,-1022.1858426725175,-1,-1,off_screen,0.0,1120,32,2.6,0.012453019990683687,44.64437784171859,39.48800768409081,0.12569999671541154,0.26810000417754054,10.858899986487813,0.16190001042559743,11.301399994408712,0,True,gaze_outside_screen,0.7516742373179737
1787908992880,2746,4340,-365.0650655031551,-759.8169628636783,-191.57866930014427,-943.4751787298658,-1,-1,off_screen,0.0,1152,32,2.6,0.012215023337206702,43.29993831135141,39.48560583718726,0.1379999885102734,0.2649000089149922,10.859600006369874,0.1255999959539622,11.25960001081694,0,True,gaze_outside_screen,0.7516742373179737
1787908992896,2747,4341,-466.87854861584316,-578.3781529846717,-274.16863309485393,-833.9460710063074,-1,-1,off_screen,0.0,1167,32,2.6,0.012017178927427468,45.27197562427148,39.48926874027985,0.09729999874252826,0.2386999985901639,10.14450000366196,0.12530000822152942,10.520000010728836,0,True,gaze_outside_screen,0.7516742373179737
1787908992928,2748,4342,-394.8750559938858,-609.668151112169,-310.3805599645635,-766.6626950380657,-1,-1,off_screen,0.0,1200,32,2.6,0.011829983864723139,43.87540340374259,39.486248010185385,0.12090000382158905,0.3150999982608482,11.846499997773208,0.1373999984934926,12.312299993936904,0,True,gaze_outside_screen,0.7516742373179737
1787908992944,2749,4343,-599.2896345476244,-525.7288859237402,-397.0532823394817,-694.3825523037681,-1,-1,off_screen,0.0,1216,32,2.6,0.011910101301490904,45.604781847011054,39.48984039929541,0.14820000797044486,0.2829000004567206,10.860899987164885,0.12939999578520656,11.283999992883764,0,True,gaze_outside_screen,0.7516742373179737
1787908992976,2750,4344,-756.4129341642936,-650.9627817609506,-504.86117788692525,-681.3566211409228,-1,-1,off_screen,0.0,1248,32,2.6,0.011901979986824077,44.1697138734657,39.486743957365356,0.14259999443311244,0.3180999920004979,12.784499995177612,0.12409999908413738,13.237300008768216,0,True,gaze_outside_screen,0.7516742373179737
1787908992997,2751,4345,-621.7868074828108,-666.1587768482209,-539.9388667656909,-676.7972678531122,-1,-1,off_screen,0.0,1269,32,2.6,0.011693603131951984,44.67177520562865,39.488927340675296,4.6719999954802915,0.29350000841077417,11.67130000249017,0.17389999993611127,12.149100002716295,0,True,gaze_outside_screen,0.7516742373179737
1787908993024,2752,4346,-616.704286960547,-491.4370709370952,-562.9684928241477,-621.189208778307,-1,-1,off_screen,0.0,1296,32,2.6,0.011896625126170061,43.80534664068292,39.488093797281145,0.13000000035390258,0.31630000739824027,11.565099994186312,0.1303999888477847,12.023599992971867,0,True,gaze_outside_screen,0.7516742373179737
1787908993056,2753,4347,-500.22789818644276,-560.8091323251516,-544.1463144328362,-603.0751858423604,-1,-1,off_screen,0.0,1328,32,2.6,0.011933716835633119,42.585538058343545,39.48630943841127,0.13130001025274396,0.2744000084931031,10.272799991071224,0.12739999510813504,10.683899992727675,0,True,gaze_outside_screen,0.7516742373179737
1787908993072,2754,4348,-675.0783093309993,-625.8444981726003,-583.4259129022851,-609.9059795414323,-1,-1,off_screen,0.0,1344,32,2.6,0.011971285390194378,44.577453039964425,39.4894782810008,0.09950000094249845,0.2562000008765608,10.784400001284666,0.12599999899975955,11.174300001584925,0,True,gaze_outside_screen,0.7516742373179737
1787908993104,2755,4349,-633.3139864168858,-644.0402808207599,-598.3923349566652,-620.1462699252306,-1,-1,off_screen,0.0,1376,32,2.4,0.011922181474911676,43.22860945404299,39.48661029201573,0.11340000492054969,0.3184000088367611,11.868099987623282,0.13000000035390258,12.330700003076345,0,True,gaze_outside_screen,0.7516742373179737
1787908993120,2756,4350,-514.6501478296778,-676.6458161269038,-573.269678818569,-637.0961337857326,-1,-1,off_screen,0.0,1391,32,2.4,0.01198817070513598,45.206072349033484,39.490377638864075,0.11219999578315765,0.26369999977760017,10.872099999687634,0.12790001346729696,11.274100004811771,0,True,gaze_outside_screen,0.7516742373179737
1787908993152,2757,4351,-440.1040687215427,-605.4060028773862,-533.319995789461,-627.5890945132286,-1,-1,off_screen,0.0,1424,32,2.4,0.011813596867425166,43.80382884619616,39.48783567420522,0.12969999806955457,0.26889999571722,11.21360000979621,0.12940001033712178,11.621199999353848,0,True,gaze_outside_screen,0.7516742373179737
1787908993186,2758,4352,-511.49483714177876,-621.4328803742903,-526.7724481951564,-625.7422302715471,-1,-1,off_screen,0.0,1458,32,2.4,0.011805835394679238,42.35975161863791,39.4847688044198,0.12280000373721123,0.3163999936077744,10.935300000710413,0.18190000264439732,11.449500001617707,0,True,gaze_outside_screen,0.7516742373179737
1787908993200,2759,4353,-249.57944137371447,-464.78481452802305,-443.6145461487238,-577.4550055484898,-1,-1,off_screen,0.0,1472,32,2.4,0.011699475245070704,45.302269688576025,39.48891940060158,0.1343000039923936,0.2812000020639971,10.835799999767914,0.13139999646227807,11.257499994826503,0,True,gaze_outside_screen,0.7516742373179737
1787908993232,2760,4354,-214.4206654376214,-238.67190273766934,-374.8563819353931,-475.82007470524366,-1,-1,off_screen,0.0,1504,32,2.4,0.011464931220343904,43.9017764432248,39.4867180470024,0.12239998613949865,0.26539999817032367,10.38160000462085,0.11910000466741621,10.776200011605397,0,True,gaze_outside_screen,0.7516742373179737
1787908993248,2761,4355,-209.09488610448216,-537.1002950346807,-325.1279331861198,-494.20414080407477,-1,-1,off_screen,0.0,1519,32,2.4,0.011778114457805747,45.82536786262997,39.489906296074494,0.10679999832063913,0.2525000018067658,10.968300004606135,0.12930000957567245,11.358499992638826,0,True,gaze_outside_screen,0.7516742373179737
1787908993281,2762,4356,-169.4532501839333,-358.0183698097959,-278.4255282854638,-453.34840950579104,-1,-1,off_screen,0.0,1552,32,2.4,0.010953210074831323,44.297021578910176,39.487094264191626,0.148899998748675,0.3259000077378005,11.28539998899214,0.16880000475794077,11.79509999928996,0,True,gaze_outside_screen,0.7516742373179737
1787908993312,2763,4357,-46.3938837803697,-218.85371373785512,-208.81603493393558,-383.0000007754103,-1,-1,off_screen,0.0,1584,32,2.4,0.011192898048553196,43.05886310638554,39.48480308681408,0.15390000771731138,0.31430000672116876,11.721199989551678,0.14180000289343297,12.189499990199693,0,True,gaze_outside_screen,0.7516742373179737
1787908993328,2764,4358,-85.12614478785183,-368.1021753930657,-171.70906789011045,-378.5306531607069,-1,-1,off_screen,0.0,1600,32,2.4,0.010841182822094873,44.88933903601913,39.488178943161664,0.15800000983290374,0.27540000155568123,11.346300001605414,0.14899999951012433,11.78389998676721,0,True,gaze_outside_screen,0.7516742373179737
1787908993360,2765,4359,-105.45960656527984,-68.00149272071238,-151.83422949266125,-285.3719050287085,-1,-1,off_screen,0.0,1631,32,2.4,0.010468316339262821,43.5450789987359,39.48570087483696,0.14679999731015414,0.3203999949619174,11.747600001399405,0.15520000306423753,12.235999995027669,0,True,gaze_outside_screen,0.7516742373179737
1787908993377,2766,4360,-171.0220265912437,16.69479935537804,-157.590568622236,-194.75189371348253,-1,-1,off_screen,0.0,1649,32,2.4,0.010356559454078578,45.20687528619061,39.48859508782329,0.19239999528508633,0.32040000951383263,12.309300000197254,0.20379999477881938,12.84710000618361,0,True,gaze_outside_screen,0.7516742373179737
1787908993408,2767,4361,153.99765278919358,5.936114294314931,-64.1141021988071,-134.54549131114328,-1,-1,off_screen,0.0,1680,32,2.2,0.010358418443358473,43.87387563169207,39.487122885233696,0.13329999637790024,0.2776999899651855,10.497099996428005,0.13190000026952475,10.917200008407235,0,True,gaze_outside_screen,0.7516742373179737
1787908993424,2768,4362,302.3389400236294,-258.2364106019399,45.821810467923854,-171.65276709838224,-1,-1,off_screen,0.0,1696,32,2.2,0.010383854638437075,45.72125186062944,39.49027388503902,0.12680000509135425,0.2518999972380698,11.012499991920777,0.115999995614402,11.388699989765882,0,True,gaze_outside_screen,0.7516742373179737
1787908993456,2769,4363,507.18838587345664,-417.33926283018735,184.23178308958367,-245.35871581792375,-1,-1,off_screen,0.0,1728,32,2.0,0.010769608225293947,44.25080592462851,39.48755636003558,0.21489999198820442,0.3245999978389591,11.534699995536357,0.20090000180061907,12.074300000676885,0,True,gaze_outside_screen,0.7516742373179737
1787908993488,2770,4364,621.6405332576115,-441.6582511619653,315.454408139992,-304.24857642113625,-1,-1,off_screen,0.0,1759,32,2.0,0.011033803842157398,42.974994386224765,39.485348331761614,0.15639999764971435,0.3577999887056649,11.30379999813158,0.15019999409560114,11.825299996417016,0,True,gaze_outside_screen,0.7516742373179737
1787908993504,2771,4365,575.5119955603637,-417.878495830953,393.4716843661035,-338.3375522440813,-1,-1,off_screen,0.0,1776,32,2.0,0.011120485060182251,44.95476182642271,39.489084382063574,0.12599999899975955,0.25579999783076346,10.370800009695813,0.12630000128410757,10.76170000305865,0,True,gaze_outside_screen,0.7516742373179737
1787908993536,2772,4366,539.2567204703137,-390.4996731050998,437.20719519736656,-353.9861885023868,-1,-1,off_screen,0.0,1808,32,2.0,0.011102755356690062,43.60113380503681,39.48640337206122,0.1387999946018681,0.2624999906402081,11.325100000249222,0.16479998885188252,11.763900009100325,0,True,gaze_outside_screen,0.7516742373179737
1787908993552,2773,4367,730.6441695369474,-332.1296404845445,525.2382874992408,-347.4292240970341,-1,-1,off_screen,0.0,1824,32,2.0,0.011053521774138816,45.32696615056629,39.48953685159113,0.16830000095069408,0.3694000042742118,11.347899999236688,0.1505999971413985,11.881900005391799,0,True,gaze_outside_screen,0.7516742373179737
1787908993584,2774,4368,717.3309775217112,-342.63446079068945,582.8660945059819,-345.99079510513064,-1,-1,off_screen,0.0,1856,32,2.0,0.010917944766024208,43.94994865247699,39.48764987634583,0.12910000805277377,0.25350000942125916,10.407800000393763,0.13080000644549727,10.801900003571063,0,True,gaze_outside_screen,0.7516742373179737
1787908993616,2775,4369,776.5062981128714,-434.28298586491525,640.9581555880487,-372.478452333066,-1,-1,off_screen,0.0,1888,32,2.0,0.011080338476750492,42.692041377952805,39.484710412585436,0.12029999925289303,0.2683000057004392,12.038200002280064,0.16880000475794077,12.486599996918812,0,True,gaze_outside_screen,0.7516742373179737
1787908993632,2776,4370,850.7570876768302,-351.6589870920449,703.8978352146831,-366.2326127607597,-1,-1,off_screen,0.0,1904,32,2.0,0.010934220678091699,44.565381115003404,39.48821091887958,0.14570000348612666,0.28670000028796494,11.288599998806603,0.13380000018514693,11.721899994881824,0,True,gaze_outside_screen,0.7516742373179737
1787908993664,2777,4371,893.2933528988018,-287.05295711419956,760.7164905199187,-342.47871606679166,-1,-1,off_screen,0.0,1936,32,2.0,0.010505545359973549,43.2418713879684,39.48606309772921,0.15150000399444252,0.2865999995265156,10.73779999569524,0.1142999972216785,11.148599995067343,0,True,gaze_outside_screen,0.7516742373179737
1787908993680,2778,4372,1147.8296961475658,181.10186240486274,876.8504522082128,-185.4045425252953,-1,-1,off_screen,0.0,1952,32,2.0,0.009738494036403235,45.18818093603059,39.48941572831894,0.13559999933931977,0.2401000092504546,10.754000002634712,0.12460000289138407,11.125999997602776,0,True,gaze_outside_screen,0.7516742373179737
1787908993717,2779,4373,0.0,0.0,0.0,0.0,-1,-1,,0.0,0,0,2.0,0.009738494036403235,43.3663435726651,39.48574238646855,0.34640000376384705,0.5538999976124614,9.075800000573508,0.027400004910305142,9.673900000052527,0,False,face_missing,0.7516742373179737
1787908993728,2780,4374,0.0,0.0,0.0,0.0,-1,-1,,0.0,0,0,2.0,0.006894978572403839,48.04854957410202,39.4892648794588,0.15799999528098851,0.30259999039117247,13.628100001369603,0.08869999146554619,14.029199999640696,0,True,eyes_invalid_or_blink,0.7516742373179737
1787908993760,2781,4375,1342.7506315433473,2869.7662012611213,1016.6205060087532,731.1466806106296,1,1,main_file,0.1052660458741902,0,9,2.2,0.007428250555613119,46.3595612333375,39.48759460345268,0.15039999561849982,0.301499996567145,11.496299994178116,0.13649999164044857,11.944900004891679,0,True,on_screen,0.7516742373179737
1787908993792,2782,4376,1251.9388016660498,1058.6447760098147,1087.2159947059422,829.396109230385,1,1,main_file,0.2937671012854256,32,9,2.2,0.008275614183012533,44.880350126992354,39.48533272561368,0.10900000052060932,0.2921999985119328,11.45280001219362,0.18420000560581684,11.93950000742916,0,True,on_screen,0.7516742373179737
1787908993808,2783,4377,1120.033965681171,444.37250517468476,1097.0613859985108,713.8890280136749,1,1,main_file,0.23408319879670436,48,9,2.2,0.008524565982454341,46.535613693524446,39.488516050718765,0.15279999934136868,0.3129999968223274,11.533099997905083,0.19320000137668103,12.051099998643622,0,True,on_screen,0.7516742373179737
1787908993840,2784,4378,1217.5411321729744,7.9017103951598,1133.2053098508497,502.0928327281203,0,1,main_file,0.33631848393837926,79,9,2.2,0.008295375854204274,44.98338527675455,39.48632102474861,0.1286000042455271,0.30869999318383634,10.83420000213664,0.13889999536331743,11.293799994746223,0,True,on_screen,0.7516742373179737
1787908993856,2785,4379,1239.5760799719844,-58.859083790511235,1165.11654088719,333.8072577725308,0,1,main_file,0.457970968406469,95,9,2.2,0.00850742600968676,46.911534163786385,39.48995103887227,0.10449999535921961,0.23389999114442617,10.489000007510185,0.13390000094659626,10.864299998502247,0,True,on_screen,0.7516742373179737
1787908993889,2786,4380,1212.7710104722462,-151.7569199491948,1179.4128817627068,188.1380044560131,0,1,main_file,0.38724797000775013,128,9,2.2,0.007740392562794789,45.24613597502564,39.486715253599584,0.15140000323299319,0.3203000087523833,11.684099998092279,0.21009999909438193,12.226599996211007,0,True,on_screen,0.7516742373179737
1787908993920,2787,4381,1165.6300294373798,-67.21989134197564,1175.2780260651086,111.53063571661647,0,1,main_file,0.287322185553876,160,9,2.2,0.00762706450713475,43.959382023089304,39.48503275986013,0.13120000949129462,0.27409999165683985,10.971499999868684,0.1373000122839585,11.394599991035648,0,True,on_screen,0.7516742373179737
1787908993936,2788,4382,1295.4369036994597,-160.06705550516227,1211.325689355414,30.051328350082848,-1,-1,off_screen,0.0,0,33,2.4,0.007042135624363417,45.78579325870227,39.48846914622862,0.11359999189153314,0.25719999393913895,10.59579999127891,0.13070000568404794,10.992000010446645,0,True,gaze_outside_screen,0.7516742373179737
1787908993968,2789,4383,1298.945872132444,-93.78784120255708,1237.6117441885228,-7.1004225157091305,-1,-1,off_screen,0.0,31,33,2.2,0.00780749802486342,44.3413519029569,39.48531512437653,0.12320000678300858,0.3220000071451068,12.781500001437962,0.16009999671950936,13.275399993290193,0,True,gaze_outside_screen,0.7516742373179737
1787908993984,2790,4384,1365.412965047737,-265.4027594297565,1275.952110446287,-84.59112358992334,-1,-1,off_screen,0.0,47,33,2.2,0.0072578826133103055,46.052553939066705,39.48911547746549,0.10679999832063913,0.30890000925865024,11.182000002008863,0.14170000213198364,11.643499994534068,0,True,gaze_outside_screen,0.7516742373179737
1787908994016,2791,4385,1380.21661408643,-85.22553464814013,1307.2314615383298,-84.78144690738837,-1,-1,off_screen,0.0,79,33,2.2,0.007756712180664545,44.591132072688175,39.48677263130789,0.13500000932253897,0.32199999259319156,11.27489999635145,0.13899999612476677,11.74699999683071,0,True,gaze_outside_screen,0.7516742373179737
1787908994032,2792,4386,2048.5847384382755,53.75095133913668,1529.6374446083134,-43.22172743343085,-1,-1,off_screen,0.0,95,33,2.2,0.007264405627635046,46.35401986150846,39.49031203019895,0.10299999848939478,0.26200000138487667,10.64819999737665,0.12070000229869038,11.04470000427682,0,True,gaze_outside_screen,0.7516742373179737
1787908994065,2793,4387,2285.0762419184657,354.3666337492186,1756.269083801359,76.05478092136399,-1,-1,off_screen,0.0,128,33,2.2,0.007701580213277253,44.74815893010964,39.487001225731284,0.14910000027157366,0.31450000824406743,12.19279998622369,0.15350000467151403,12.673799996264279,0,True,gaze_outside_screen,0.7516742373179737
1787908994096,2794,4388,2419.083004826404,-81.1161261731086,1955.1132601088725,28.90350879302221,-1,-1,off_screen,0.0,159,33,2.2,0.0068192573390314926,43.482503265062306,39.485080500242965,0.13719999697059393,0.31149999995250255,11.803000001236796,0.11759999324567616,12.243100005434826,0,True,gaze_outside_screen,0.7516742373179737
1787908994112,2795,4389,2304.124167675218,21.844374193038522,2059.816532378776,26.785768413027103,-1,-1,off_screen,0.0,175,33,2.2,0.006893419747832027,45.47162951351866,39.48884547947088,0.106100007542409,0.2390000008745119,10.810199994011782,0.1345000055152923,11.191699988557957,0,True,gaze_outside_screen,0.7516742373179737
1787908994144,2796,4390,2196.649819560955,221.15401032002288,2100.86651853343,85.09624098512583,-1,-1,off_screen,0.0,207,33,2.2,0.006561427804943894,44.05154802675856,39.48608573390811,0.1539999939268455,0.2775999892037362,11.86549999692943,0.1517999917268753,12.306700009503402,0,True,gaze_outside_screen,0.7516742373179737
1787908994160,2797,4391,2032.760791534576,524.4529444275693,2080.4348004337735,216.90325201785885,0,2,ai_agent,0.47895332111685307,0,8,2.4,0.006774173713010825,45.79373265535602,39.48948799317518,0.11569999333005399,0.31120001222006977,11.321600002702326,0.13859999307896942,11.783900001319125,0,True,on_screen,0.7516742373179737
1787908994192,2798,4392,1985.683037859699,71.13077662550197,2052.009271661551,173.17150940015176,0,2,ai_agent,0.3842306316488182,31,8,2.4,0.006799680965624919,44.35572393543611,39.48706514556164,0.11660000018309802,0.2868000010494143,11.680099996738136,0.1221999991685152,12.097900005755946,0,True,on_screen,0.7516742373179737
1787908994224,2799,4393,1896.1541902981617,347.9885358207335,2005.252747252534,225.61661732632626,0,2,ai_agent,0.35697340476338035,63,8,2.4,0.006521699576196745,43.063164936723595,39.48512930169035,0.1264000020455569,0.2758999908110127,10.637600003974512,0.13809998927172273,11.060299992095679,0,True,on_screen,0.7516742373179737
1787908994240,2800,4394,2063.0420466130695,342.54907327426275,2022.5895370606945,260.6963541107072,0,2,ai_agent,0.41421847938051315,79,8,2.4,0.006190575339104779,44.936554292064706,39.48795471256092,0.12789999891538173,0.4427999956533313,11.638300013146363,0.14640000881627202,12.241899996297434,0,True,on_screen,0.7516742373179737
1787908994272,2801,4395,0.0,0.0,0.0,0.0,-1,-1,,0.0,0,0,2.4,0.006190575339104779,43.575358030431545,39.48679110145901,0.18950000230688602,0.2851000026566908,8.615999991889112,0.009199997293762863,8.922599998186342,0,False,face_missing,0.7516742373179737
1787908994288,2802,4396,0.0,0.0,0.0,0.0,-1,-1,,0.0,0,0,2.4,0.006190575339104779,45.492922630512695,39.49243588331393,0.10710000060498714,0.2347999979974702,2.150699991034344,0.0045000051613897085,2.398600001470186,0,False,face_missing,0.7516742373179737
1787908994320,2803,4397,0.0,0.0,0.0,0.0,-1,-1,,0.0,0,0,2.4,0.006190575339104779,44.04340594412086,39.489710387905504,0.12179999612271786,0.3772000054595992,2.7457999967737123,0.008700008038431406,3.14470000739675,0,False,face_missing,0.7516742373179737
1787908994336,2804,4398,0.0,0.0,0.0,0.0,-1,-1,,0.0,0,0,2.4,0.006190575339104779,45.90017882405694,39.49297751687239,0.1368000084767118,0.2928000030806288,2.968799992231652,0.006200003554113209,3.281999990576878,0,False,face_missing,0.7516742373179737
1787908994368,2805,4399,0.0,0.0,0.0,0.0,-1,-1,,0.0,0,0,2.4,0.006190575339104779,44.40461289908979,39.490677448611734,0.13610000314656645,0.29370000993367285,2.463599987095222,0.00549999822396785,2.7747999993152916,0,False,face_missing,0.7516742373179737
1787908994400,2806,4400,0.0,0.0,0.0,0.0,-1,-1,,0.0,0,0,2.4,0.006190575339104779,43.123948876515826,39.48843560925218,0.20429999858606607,0.31940000189933926,2.440800002659671,0.004699992132373154,2.7750000008381903,0,False,face_missing,0.7516742373179737
1787908994416,2807,4401,0.0,0.0,0.0,0.0,-1,-1,,0.0,0,0,2.4,0.006190575339104779,45.09232978914256,39.491713240961644,0.1466999965487048,0.26300000899937004,2.6458000065758824,0.007700000423938036,2.9275999986566603,0,False,face_missing,0.7516742373179737
1787908994448,2808,4402,0.0,0.0,0.0,0.0,-1,-1,,0.0,0,0,2.4,0.006190575339104779,43.68158536790448,39.48933327173452,0.14730000111740083,0.27680001221597195,2.398099997662939,0.005800000508315861,2.693400005227886,0,False,face_missing,0.7516742373179737
1787908994464,2809,4403,0.0,0.0,0.0,0.0,-1,-1,,0.0,0,0,2.4,0.006190575339104779,45.60439677458801,39.492770286012316,0.16269998741336167,0.2843000111170113,2.1200000046519563,0.0043000036384910345,2.4169000098481774,0,False,face_missing,0.7516742373179737
1787908994496,2810,4404,0.0,0.0,0.0,0.0,-1,-1,,0.0,0,0,2.4,0.006190575339104779,44.20342491524173,39.49055200827948,0.10810000821948051,0.23289999808184803,2.1049999922979623,0.004699992132373154,2.351099989027716,0,False,face_missing,0.7516742373179737
1787908994528,2811,4405,0.0,0.0,0.0,0.0,-1,-1,,0.0,0,0,2.4,0.006190575339104779,42.889106557881505,39.487970238181894,0.1382000045850873,0.29969999741297215,2.450300002237782,0.006999995093792677,2.7716000040527433,0,False,face_missing,0.7516742373179737
1787908994544,2812,4406,0.0,0.0,0.0,0.0,-1,-1,,0.0,0,0,2.4,0.006190575339104779,44.893501714935155,39.491425018761724,0.11100000119768083,0.23720000172033906,2.194100001361221,0.004699992132373154,2.4443000002065673,0,False,face_missing,0.7516742373179737
1787908994576,2813,4407,0.0,0.0,0.0,0.0,-1,-1,,0.0,0,0,2.4,0.006190575339104779,43.52111561955795,39.48880242588295,0.13549999857787043,0.3028999926755205,2.7747999993152916,0.006400005077011883,3.0953999958001077,0,False,face_missing,0.7516742373179737
1787908994592,2814,4408,0.0,0.0,0.0,0.0,-1,-1,,0.0,0,0,2.4,0.006190575339104779,45.30310783761842,39.49203608689318,0.21050000214017928,0.3186999965691939,2.643800005898811,0.0045000051613897085,2.9766000079689547,0,False,face_missing,0.7516742373179737
1787908994624,2815,4409,0.0,0.0,0.0,0.0,-1,-1,,0.0,0,0,2.4,0.006190575339104779,43.93243458040373,39.48982548990421,0.19069999689236283,0.3242999955546111,2.5563999952282757,0.006000002031214535,2.8984000091440976,0,False,face_missing,0.7516742373179737
1787908994640,2816,4410,0.0,0.0,0.0,0.0,-1,-1,,0.0,0,0,2.4,0.006190575339104779,45.693643251917,39.49300117347105,0.1883999939309433,0.2817000058712438,2.6948000013362616,0.006000002031214535,2.993300004163757,0,False,face_missing,0.7516742373179737
1787908994672,2817,4411,0.0,0.0,0.0,0.0,-1,-1,,0.0,0,0,2.4,0.006190575339104779,44.231441868654144,39.490675145481774,0.1841000048443675,0.28419999580364674,2.405199993518181,0.006799993570894003,2.7091999945696443,0,False,face_missing,0.7516742373179737
1787908994704,2818,4412,0.0,0.0,0.0,0.0,-1,-1,,0.0,0,0,2.4,0.006190575339104779,42.948577103886436,39.48824703257191,0.12840000272262841,0.28839999868068844,2.7505000034580007,0.006000002031214535,3.057099995203316,0,False,face_missing,0.7516742373179737
1787908994721,2819,4413,0.0,0.0,0.0,0.0,-1,-1,,0.0,0,0,2.4,0.006190575339104779,44.750016506372404,39.48837501209068,0.21659999038092792,0.31289999606087804,11.27420000557322,0.010299991117790341,11.616400006460026,0,False,face_missing,0.7516742373179737
1787908994752,2820,4414,0.0,0.0,0.0,0.0,-1,-1,,0.0,0,0,2.4,0.006190575339104779,43.47074025363277,39.48655233440759,0.1697999978205189,0.2955000090878457,10.491699998965487,0.006400005077011883,10.80750000255648,0,False,face_missing,0.7516742373179737
1787908994768,2821,4415,0.0,0.0,0.0,0.0,-1,-1,,0.0,0,0,2.4,0.006190575339104779,45.33554084437518,39.49275395895373,0.1044000091496855,0.26300000899937004,2.198999995016493,0.004799992893822491,2.4765999987721443,0,False,face_missing,0.7516742373179737
1787908994800,2822,4416,0.0,0.0,0.0,0.0,-1,-1,,0.0,0,0,2.4,0.006190575339104779,43.905793579307996,39.49018101196342,0.1466999965487048,0.3141000051982701,2.5273999926866964,0.007499998901039362,2.86469999991823,0,False,face_missing,0.7516742373179737
1787908994832,2823,4417,0.0,0.0,0.0,0.0,-1,-1,,0.0,0,0,2.4,0.006190575339104779,42.6755707094154,39.485364123138446,0.112900001113303,0.24680000205989927,9.925899998052046,0.006100002792663872,10.189900000113994,0,False,face_missing,0.7516742373179737
1787908994848,2824,4418,0.0,0.0,0.0,0.0,-1,-1,,0.0,0,0,2.4,0.006190575339104779,44.60656565832449,39.49131584668535,0.11680000170599669,0.25769999774638563,2.2483000066131353,0.0050000089686363935,2.520199996070005,0,False,face_missing,0.7516742373179737
1787908994880,2825,4419,0.0,0.0,0.0,0.0,-1,-1,,0.0,0,0,2.4,0.006190575339104779,43.27570158752323,39.48879082121651,0.15969999367371202,0.35740000021178275,2.6689999940572307,0.005800000508315861,3.046300000278279,0,False,face_missing,0.7516742373179737
1787908994896,2826,4420,0.0,0.0,0.0,0.0,-1,-1,,0.0,0,0,2.4,0.006190575339104779,45.18204014715848,39.492137050287916,0.11300000187475234,0.2810999867506325,2.5492999993730336,0.00549999822396785,2.8445999923860654,0,False,face_missing,0.7516742373179737
1787908994928,2827,4421,0.0,0.0,0.0,0.0,-1,-1,,0.0,0,0,2.4,0.006190575339104779,43.80058915433714,39.48708722765888,0.11920000542886555,0.27879999834112823,10.306599986506626,0.005399997462518513,10.60239999787882,0,False,face_missing,0.7516742373179737
1787908994944,2828,4422,0.0,0.0,0.0,0.0,-1,-1,,0.0,0,0,2.4,0.006190575339104779,45.60306334867159,39.49262836154097,0.15919998986646533,0.3139000036753714,3.702700007124804,0.00859999272506684,4.04040000285022,0,False,face_missing,0.7516742373179737
1787908994976,2829,4423,0.0,0.0,0.0,0.0,-1,-1,,0.0,0,0,2.4,0.006190575339104779,44.17125702217137,39.48795473597463,0.12000001152046025,0.26899999647866935,10.365800000727177,0.005099995178170502,10.652099997969344,0,False,face_missing,0.7516742373179737
1787908995008,2830,4424,0.0,0.0,0.0,0.0,-1,-1,,0.0,0,0,2.4,0.006190575339104779,42.903251614360585,39.485799425810235,0.11739999172277749,0.26190000062342733,10.058200001367368,0.006100002792663872,10.336899998947047,0,False,face_missing,0.7516742373179737
1787908995024,2831,4425,0.0,0.0,0.0,0.0,-1,-1,,0.0,0,0,2.4,0.006190575339104779,44.771054873833144,39.49170609735721,0.17669999215286225,0.2680999896256253,2.3788000107742846,0.00549999822396785,2.6622000004863366,0,False,face_missing,0.7516742373179737
1787908995056,2832,4426,0.0,0.0,0.0,0.0,-1,-1,,0.0,0,0,2.4,0.006190575339104779,43.425084453311115,39.48654463026924,0.21910000941716135,0.30810000316705555,10.359799998695962,0.008999995770864189,10.696899989852682,0,False,face_missing,0.7516742373179737
1787908995072,2833,4427,0.0,0.0,0.0,0.0,-1,-1,,0.0,0,0,2.4,0.006190575339104779,45.31586300906767,39.492591758938225,0.11490000179037452,0.31259999377653,2.4781999964034185,0.008899995009414852,2.8125999961048365,0,False,face_missing,0.7516742373179737
1787908995104,2834,4428,0.0,0.0,0.0,0.0,-1,-1,,0.0,0,0,2.4,0.006190575339104779,43.922122263545354,39.48726221625545,0.1472000003559515,0.29340000764932483,11.084199999459088,0.00650000583846122,11.397199996281415,0,False,face_missing,0.7516742373179737
1787908995136,2835,4429,0.0,0.0,0.0,0.0,-1,-1,,0.0,0,0,2.4,0.006190575339104779,42.65539839498596,39.48518708481615,0.15369999164249748,0.31259999377653,10.28760000190232,0.00689999433234334,10.621399997035041,0,False,face_missing,0.7516742373179737
1787908995152,2836,4430,0.0,0.0,0.0,0.0,-1,-1,,0.0,0,0,2.4,0.006190575339104779,44.59687496570822,39.491231628123195,0.12719999358523637,0.30169999809004366,2.3423999955412,0.006699992809444666,2.664100000401959,0,False,face_missing,0.7516742373179737
1787908995184,2837,4431,0.0,0.0,0.0,0.0,-1,-1,,0.0,0,0,2.4,0.006190575339104779,43.28605985865041,39.48593465738481,0.13589998707175255,0.2879999956348911,10.972999996738508,0.006399990525096655,11.280400009127334,0,False,face_missing,0.7516742373179737
1787908995200,2838,4432,0.0,0.0,0.0,0.0,-1,-1,,0.0,0,0,2.4,0.006190575339104779,45.02718291536796,39.48862512021969,0.11520000407472253,0.30220000189729035,12.160600002971478,0.00829999044071883,12.483499987865798,0,False,face_missing,0.7516742373179737
1787908995232,2839,4433,0.0,0.0,0.0,0.0,-1,-1,,0.0,0,0,2.4,0.006190575339104779,43.68153852242459,39.48705511941082,0.13549999857787043,0.2869000018108636,10.288999998010695,0.007399998139590025,10.595800005830824,0,False,face_missing,0.7516742373179737
1787908995248,2840,4434,0.0,0.0,0.0,0.0,-1,-1,,0.0,0,0,2.4,0.006190575339104779,45.50368694284488,39.490259657097624,0.13020000187680125,0.26399998751003295,10.370300005888566,0.008200004231184721,10.653999997884966,0,False,face_missing,0.7516742373179737
1787908995280,2841,4435,0.0,0.0,0.0,0.0,-1,-1,,0.0,0,0,2.4,0.006190575339104779,44.08910732307786,39.49072089603187,0.18069999350700527,0.30500000866595656,2.4520000006305054,0.006200003554113209,2.7751000015996397,0,False,face_missing,0.7516742373179737
1787908995312,2842,4436,0.0,0.0,0.0,0.0,-1,-1,,0.0,0,0,2.2,0.006190575339104779,42.809166471016106,39.485196845717255,0.15759999223519117,0.3595000016503036,11.466600000858307,0.008999995770864189,11.853200005134568,0,False,face_missing,0.7516742373179737
1787908995328,2843,4437,0.0,0.0,0.0,0.0,-1,-1,,0.0,0,0,2.2,0.006190575339104779,44.746381896299006,39.49165807257179,0.14089999604038894,0.2935999946203083,2.4010000051930547,0.006399990525096655,2.711900000576861,0,False,face_missing,0.7516742373179737
1787908995360,2844,4438,0.0,0.0,0.0,0.0,-1,-1,,0.0,0,0,2.2,0.006190575339104779,43.400263290332184,39.4893040328197,0.14590000500902534,0.2927000023191795,2.457100010360591,0.006400005077011883,2.7688999980455264,0,False,face_missing,0.7516742373179737
1787908995376,2845,4439,0.0,0.0,0.0,0.0,-1,-1,,0.0,0,0,2.2,0.006190575339104779,45.29441773061032,39.492563283876265,0.16999999934341758,0.3129999968223274,2.441499993437901,0.006400005077011883,2.774900000076741,0,False,face_missing,0.7516742373179737
1787908995408,2846,4440,0.0,0.0,0.0,0.0,-1,-1,,0.0,0,0,2.0,0.006190575339104779,43.89558169779096,39.49024237646668,0.1610000035725534,0.3245999978389591,2.41650000680238,0.006399990525096655,2.7606999938143417,0,False,face_missing,0.7516742373179737
1787908995440,2847,4441,0.0,0.0,0.0,0.0,-1,-1,,0.0,0,0,2.0,0.006190575339104779,42.649303666469066,39.487986373668,0.14790000568609685,0.2964000013889745,2.3800999915692955,0.005699999746866524,2.694299997529015,0,False,face_missing,0.7516742373179737
1787908995457,2848,4442,0.0,0.0,0.0,0.0,-1,-1,,0.0,0,0,2.0,0.006190575339104779,44.14517336368101,39.49069425927112,0.3313999914098531,0.4332999960752204,2.489999998942949,0.00650000583846122,2.946500011603348,0,False,face_missing,0.7516742373179737
1787908995488,2849,4443,0.0,0.0,0.0,0.0,-1,-1,,0.0,0,0,2.0,0.006190575339104779,42.97316663748224,39.488833782557585,0.15780000831000507,0.2750999992713332,2.431000000797212,0.009399998816661537,2.729300002101809,0,False,face_missing,0.7516742373179737
1787908995504,2850,4444,0.0,0.0,0.0,0.0,-1,-1,,0.0,0,0,2.0,0.006190575339104779,44.842827045272635,39.49209399203573,0.11400000948924571,0.26700001035351306,2.2649999882560223,0.005399997462518513,2.546999996411614,0,False,face_missing,0.7516742373179737
1787908995536,2851,4445,0.0,0.0,0.0,0.0,-1,-1,,0.0,0,0,2.0,0.006190575339104779,43.50178495999616,39.489537397650814,0.1908999984152615,0.31949998810887337,2.9999999969732016,0.007499998901039362,3.3414000063203275,0,False,face_missing,0.7516742373179737
1787908995552,2852,4446,0.0,0.0,0.0,0.0,-1,-1,,0.0,0,0,2.0,0.006190575339104779,45.327877230777624,39.49278915233187,0.2018999948631972,0.6868000054964796,2.48910000664182,0.011000010999850929,3.2033000024966896,0,False,face_missing,0.7516742373179737
1787908995584,2853,4447,0.0,0.0,0.0,0.0,-1,-1,,0.0,0,0,2.0,0.006190575339104779,43.91010199870949,39.49056945176767,0.18899999849963933,0.3093999985139817,2.4237000034190714,0.006000002031214535,2.7511000080266967,0,False,face_missing,0.7516742373179737
1787908995616,2854,4448,1044.1089059095932,744.7357925067508,1729.045347715364,405.9081856295203,0,1,main_file,0.4255039791045281,0,10,2.2,0.005991857760815872,42.669323182849325,39.484174483665925,0.12589999823831022,0.2662999904714525,14.115700003458187,0.17729999672155827,14.57240000308957,0,True,on_screen,0.7516742373179737
1787908995632,2855,4449,421.5114730790934,1051.8646548102106,1336.7851853244827,599.6951263837274,0,1,main_file,0.48772014645980044,16,10,2.2,0.006910238734921314,44.61125712732425,39.48827800009026,0.1379000023007393,0.30089999199844897,11.609799999860115,0.16110000433400273,12.083599998732097,0,True,on_screen,0.7516742373179737
1787908995664,2856,4450,1032.1638465193564,1055.4118025617988,1245.3987836829447,736.4101292371488,1,1,main_file,0.5009631538630036,48,10,2.2,0.0070046635616742535,43.295181106805686,39.48632010149401,0.162799988174811,0.3023000026587397,10.737299991887994,0.14770000416319817,11.199100001249462,0,True,on_screen,0.7516742373179737
1787908995680,2857,4451,470.1480431145012,996.7418976842774,1012.8235615124116,814.5096597712874,1,1,main_file,0.14484278604863854,64,10,2.2,0.006744534556547152,45.16686726941907,39.48950126893538,0.1441999920643866,0.2668000088306144,10.899200002313592,0.14319999900180846,11.31790000363253,0,True,on_screen,0.7516742373179737
1787908995712,2858,4452,320.8107978653045,1567.8650937285065,805.2197324182795,1040.516289958453,1,0,sidebar,0.47223586224342673,0,9,2.4,0.006313227039951984,43.736162162148055,39.48690979050579,0.14319999900180846,0.3200999926775694,11.124399999971502,0.17769999976735562,11.635400005616248,0,True,on_screen,0.7516742373179737
1787908995744,2859,4453,384.4580713853714,922.6269939117336,678.991234108407,1005.1495011444371,1,0,sidebar,0.7110806226934696,32,9,2.4,0.006817490483929274,42.547208610907646,39.48456100374192,0.1598999951966107,0.2872000040952116,11.838400008855388,0.1303000026382506,12.268000005860813,0,True,on_screen,0.7516742373179737
1787908995760,2860,4454,137.57725935425344,1143.750910631821,516.5670416821608,1046.7299239906522,1,0,sidebar,0.6892446304382768,48,9,2.4,0.006260084487219788,44.50895766306433,39.48824507510737,0.13679999392479658,0.26790000265464187,10.533100008615293,0.17330000991933048,10.98400000773836,0,True,on_screen,0.7516742373179737
1787908995792,2861,4455,397.6724174303354,1606.523313764588,480.89865440661316,1214.667940922833,2,0,terminal,0.5199017806076864,0,28,2.6,0.00583530874504604,43.17442373149349,39.48495680533958,0.13020000187680125,0.27119999867863953,13.138999987859279,0.18770000315271318,13.615100004244596,0,True,on_screen,0.7516742373179737
1787908995808,2862,4456,419.27572282444726,1076.9488932371905,462.41177493196335,1173.3522266171403,2,0,terminal,0.431069178569198,16,28,2.6,0.005821257291662576,45.05741662806395,39.48885953428092,0.16029999824240804,0.3195000026607886,11.162399998283945,0.1666999887675047,11.659700001473539,0,True,on_screen,0.7516742373179737
1787908995840,2863,4457,398.9830844532543,1313.4013931466404,443.3831677883506,1215.3669765759903,2,0,terminal,0.4879452153436892,47,28,2.6,0.005028341509623332,43.70345524810108,39.486592401968764,0.11219999578315765,0.30279999191407114,11.26749999821186,0.15360000543296337,11.735299995052628,0,True,on_screen,0.7516742373179737
1787908995856,2864,4458,299.7728432798719,1157.1470220305105,400.30007043580696,1197.9009902123462,2,0,terminal,0.4128081237606165,63,28,2.6,0.005012373701035404,45.46668676332292,39.489860451266864,0.14180000289343297,0.36049999471288174,10.883499999181367,0.1576999929966405,11.413400003220886,0,True,on_screen,0.7516742373179737
1787908995888,2865,4459,369.32781502951536,1026.6594161088674,391.00839381391944,1146.5285179813025,1,0,sidebar,0.3949811086286791,0,10,2.8,0.0037767157943491107,44.057213936778346,39.487447231880125,0.18409999029245228,0.3674000035971403,11.207999996258877,0.16969999705906957,11.761500005377457,0,True,on_screen,0.7516742373179737
1787908995920,2866,4460,389.90395334961977,594.6879354138462,390.6770616746295,980.9763432110655,1,0,sidebar,0.6030075632626911,32,10,2.8,0.00432226898008704,42.78928886850884,39.48513627461829,0.16139999206643552,0.2945000014733523,11.36769998993259,0.15259999781847,11.827000009361655,0,True,on_screen,0.7516742373179737
1787908995936,2867,4461,198.99281069503138,28.89532722239038,333.17178638075006,695.3520384144629,1,0,sidebar,0.37663662129744924,48,10,2.8,0.0037877581299590457,44.743452717986756,39.488671400369,0.11749999248422682,0.2688000095076859,10.593699989840388,0.12399999832268804,10.995500007993542,0,True,on_screen,0.7516742373179737
1787908995968,2868,4462,87.3806132947359,-83.01232114127613,259.4344344549458,461.84273054774116,0,0,sidebar,0.347229197717829,79,10,2.8,0.003288589787389617,43.40040918987958,39.4856671682918,0.12770001194439828,0.29329999233596027,12.47279999370221,0.20249999943189323,12.980599989532493,0,True,on_screen,0.7516742373179737
1787908995984,2869,4463,192.895012362795,-6.386964164141945,239.47260782730055,321.3738221341762,0,0,sidebar,0.33507339926749957,95,10,2.8,0.002669709113065983,45.15480770475781,39.489172034521644,0.11010000889655203,0.31740000122226775,11.366699996870011,0.16789999790489674,11.86619998770766,0,True,on_screen,0.7516742373179737
1787908996016,2870,4464,561.634863339492,486.43508223947833,336.12128448095797,370.8922001657668,0,0,sidebar,0.5286427340791704,128,10,2.8,0.0023051834543537757,43.78505927636802,39.486930216634015,0.11100000119768083,0.27940000290982425,11.374099995009601,0.15239999629557133,11.818199986009859,0,True,on_screen,0.7516742373179737
1787908996048,2871,4465,489.71275998553466,815.8984117988227,382.198727132331,504.3940636556835,0,0,sidebar,0.5255946728904464,160,10,2.8,0.0025008139636653604,42.56205322782051,39.484241433791524,0.11870000162161887,0.287600007141009,12.68780000100378,0.16369999502785504,13.152400002581999,0,True,on_screen,0.7516742373179737
1787908996064,2872,4466,646.454803437367,1445.0617790346575,461.4755500238417,786.5943782693757,1,0,sidebar,0.6836243151930028,175,10,2.8,0.0026798834795435864,44.48425560448851,39.487700298873776,0.1247000036528334,0.28900000324938446,11.895199990249239,0.19069999689236283,12.38619998912327,0,True,on_screen,0.7516742373179737
1787908996096,2873,4467,310.80360945031737,979.266390957959,416.2739678517844,844.3959820759507,1,0,sidebar,0.6680090599264835,207,10,2.8,0.0025961914197614837,43.15587696950319,39.48569443676783,0.14340000052470714,0.2860999957192689,10.967399997753091,0.14010000450070947,11.40619999205228,0,True,on_screen,0.7516742373179737
1787908996112,2874,4468,483.2085824410858,1161.2209302027056,436.35435222857484,939.443466513977,1,0,sidebar,0.7151564893523124,223,10,2.6,0.0028797284651488723,45.04826901030433,39.489031377987324,0.13860000763088465,0.27859999681822956,10.62679999449756,0.14309999824035913,11.06160000199452,0,True,on_screen,0.7516742373179737
1787908996146,2875,4469,608.522397616844,1227.0251292014962,488.00476584505554,1025.7179653202327,1,0,sidebar,0.6987758413811754,257,10,2.6,0.0027730136099610204,43.488464432867374,39.48549821523432,0.23520000104326755,0.43829999049194157,11.907899999641813,0.18939998699352145,12.556200003018603,0,True,on_screen,0.7516742373179737
1787908996160,2876,4470,369.83761431867043,928.8027839758677,452.55462038713995,996.6434109169231,1,0,sidebar,0.6922551562607044,272,10,2.6,0.0031575294922260473,46.221219280802984,39.48936365695308,0.1520000078016892,0.2962999860756099,12.209699998493306,0.1610000035725534,12.679399995249696,0,True,on_screen,0.7516742373179737
1787908996192,2877,4471,465.0359236676753,1168.2165350840605,456.2990113713005,1048.1153481670642,1,0,sidebar,0.6261787738025607,303,10,2.6,0.0030068932522336472,44.74508700280397,39.48758350384298,0.1297999988310039,0.3150999982608482,10.843500000191852,0.1478000049246475,11.320400008116849,0,True,on_screen,0.7516742373179737
1787908996224,2878,4472,316.07963122671697,1191.424532130579,414.23319732792544,1091.1081033561186,1,0,sidebar,0.5085117243739101,335,10,2.6,0.0008955270715902477,43.390761519260984,39.48463659897598,0.19419999443925917,0.2832999889506027,12.568699996336363,0.18350000027567148,13.047600004938431,0,True,on_screen,0.7516742373179737
1787908996240,2879,4473,165.27401048430912,1415.4493663226644,339.5454412748405,1188.4104822460822,2,0,terminal,0.322258596829727,0,29,2.8,0.0001985620749771072,45.2819044229337,39.48824313923767,0.14679999731015414,0.2970000059576705,11.496800012537278,0.16870000399649143,11.977100002695806,0,True,on_screen,0.7516742373179737
1787908996272,2880,4474,488.9992430692518,1815.3445763244183,384.38158181316385,1376.490710469583,2,0,terminal,0.6037396415019498,32,29,2.8,0.0006336040431082213,43.889375228144814,39.48604177249227,0.1238000113517046,0.3029000072274357,11.24240001081489,0.16799999866634607,11.726299999281764,0,True,on_screen,0.7516742373179737
1787908996288,2881,4475,617.821686645905,2194.5190717140567,454.41361326298613,1621.8992188429252,2,0,terminal,0.5705174133801281,48,29,2.8,0.0006733026020194835,45.66874616952621,39.489366121706325,0.19300001440569758,0.2762000076472759,10.866999989957549,0.14460000966209918,11.298999990685843,0,True,on_screen,0.7516742373179737
1787908996320,2882,4476,698.9057333120797,1612.3998143341394,527.7612492777141,1619.0493974902893,2,0,terminal,0.636001207258266,79,29,2.6,0.0015019681399563063,44.22591481492687,39.48656348421427,0.21320000814739615,1.5094000118551776,10.964100001729093,0.16769999638199806,12.657400002353825,0,True,on_screen,0.7516742373179737
1787908996336,2883,4477,743.5949197181969,1983.621965375672,592.511350409859,1728.421167855904,-1,-1,off_screen,0.0,0,34,2.8,0.0014117777928157119,46.09389753576247,39.490376593040175,0.16320000577252358,0.28750000637955964,10.687300004065037,0.15249999705702066,11.138100002426654,0,True,gaze_outside_screen,0.7516742373179737
1787908996368,2884,4478,883.2182441364262,2045.5336099606955,679.7234185278292,1823.5549004873415,-1,-1,off_screen,0.0,32,34,2.8,0.0015643829555490422,44.622845719441266,39.48810070661464,0.14989999181125313,0.2640000020619482,10.73059999907855,0.1272999943466857,11.13210000039544,0,True,gaze_outside_screen,0.7516742373179737
1787908996400,2885,4479,757.2345595791842,1849.6032292519103,702.9767608432356,1831.369399116712,-1,-1,off_screen,0.0,64,34,2.8,0.001302027254072035,43.31283819401801,39.48575759302464,0.13490000856108963,0.37650000012945384,10.921900000539608,0.1542000100016594,11.464299997896887,0,True,gaze_outside_screen,0.7516742373179737
1787908996416,2886,4480,819.7563038745575,2061.468547236019,738.0106237526321,1900.3991435525038,-1,-1,off_screen,0.0,79,34,2.8,0.0008759673589929171,45.06913024315841,39.48847458574325,0.1396000006934628,0.3240999940317124,11.977000001934357,0.2423000114504248,12.556200003018603,0,True,gaze_outside_screen,0.7516742373179737
1787908996448,2887,4481,895.4615562370375,2075.7609704658644,785.2459034979536,1953.007691626512,-1,-1,off_screen,0.0,111,34,2.8,0.001298677373372064,43.69428394343802,39.4867320178825,0.11830001312773675,0.2699000033317134,10.555799992289394,0.12280000373721123,10.959999999613501,0,True,gaze_outside_screen,0.7516742373179737
1787908996464,2888,4482,952.8096946350875,2767.289378310144,835.5150408390937,2197.2921976316015,-1,-1,off_screen,0.0,128,34,2.8,0.001258283344055599,45.50975943935252,39.48994463275672,0.10699999984353781,0.2565000031609088,10.482099998625927,0.1348999940091744,10.882600006880239,0,True,gaze_outside_screen,0.7516742373179737
1787908996496,2889,4483,722.4810128574421,2019.6218867108212,801.6048324445981,2143.9911043553675,-1,-1,off_screen,0.0,160,34,2.8,0.0013585487060618802,44.100848837083035,39.487458531254354,0.14650000957772136,0.3007000050274655,11.074900001403876,0.1385000068694353,11.526499991305172,0,True,gaze_outside_screen,0.7516742373179737
1787908996528,2890,4484,998.6347100811847,3188.608126330709,860.713795735574,2457.37621094797,-1,-1,off_screen,0.0,192,34,2.6,0.0012423097599879272,42.829348138083525,39.485109661455944,0.1432999997632578,0.34270000469405204,11.241800006246194,0.14709999959450215,11.74459999310784,0,True,gaze_outside_screen,0.7516742373179737
1787908996544,2891,4485,909.40494100299,2353.0675624244745,875.3211393157987,2426.083616390921,-1,-1,off_screen,0.0,207,34,2.6,0.0015154670144437478,44.765821613120735,39.488341502996725,0.12989999959245324,0.28310000197961926,11.271800001850352,0.13130001025274396,11.695599998347461,0,True,gaze_outside_screen,0.7516742373179737
1787908996577,2892,4486,1066.2556546911521,2553.420256691746,932.6014939284046,2464.2846084811686,-1,-1,off_screen,0.0,240,34,2.4,0.001026904445001215,43.30074339621318,39.48541313954183,0.15809999604243785,0.34860000596381724,11.737100008758716,0.13980000221636146,12.239000003319234,0,True,gaze_outside_screen,0.7516742373179737
1787908996592,2893,4487,0.0,0.0,0.0,0.0,-1,-1,,0.0,0,0,2.2,0.0003962129331236616,45.66617101734878,39.48898010506195,0.12150000839028507,0.301499996567145,11.963700002525002,0.08610000077169389,12.364700000034645,0,True,eyes_invalid_or_blink,0.7516742373179737
1787908996624,2894,4488,1409.4076429658626,3190.6642900977395,1075.643338639642,2682.19851296614,-1,-1,off_screen,0.0,0,35,2.4,0.0007116202568358265,44.22945416678708,39.48699829168705,0.12969999806955457,0.2804000105243176,10.997400007909164,0.15190000704023987,11.442200004239567,0,True,gaze_outside_screen,0.7516742373179737
1787908996656,2895,4489,1404.5679244071323,3356.2474220932877,1174.3207143698892,2884.413185704284,-1,-1,off_screen,0.0,31,35,2.2,0.001004219110875896,42.95776263266202,39.484579400866856,0.12799999967683107,0.31850000959821045,11.507800008985214,0.15920000441838056,11.998199988738634,0,True,gaze_outside_screen,0.7516742373179737
1787908996672,2896,4490,1558.4613959596752,3866.0727148172837,1289.562918846825,3178.9110444381836,-1,-1,off_screen,0.0,47,35,2.2,0.0008256013348251837,44.7285486945157,39.48743768599743,0.19019999308511615,0.41510000301059335,12.02680000278633,0.15560000611003488,12.609299999894574,0,True,gaze_outside_screen,0.7516742373179737
1787908996704,2897,4491,0.0,0.0,0.0,0.0,-1,-1,,0.0,0,0,2.2,0.0014450869091577716,43.42579846991736,39.48583037568826,0.16280000272672623,0.28140000358689576,10.635899991029873,0.0892000098247081,11.01879999623634,0,True,eyes_invalid_or_blink,0.7516742373179737
1787908996720,2898,4492,1559.0739758569377,3394.074512790776,1370.4162359498587,3243.460084943961,-1,-1,off_screen,0.0,0,36,2.4,0.0022114669348351906,45.16646172295327,39.488584363650105,0.1260999997612089,0.305800000205636,11.511100005009212,0.14289999671746045,11.971700005233288,0,True,gaze_outside_screen,0.7516742373179737
1787908996752,2899,4493,1351.4908800918654,3863.3428178706426,1364.7386291924606,3429.4249048219654,-1,-1,off_screen,0.0,32,36,2.2,0.002254839689693807,43.815564677825776,39.48658086910685,0.14029999147169292,0.2902999985963106,11.012200004188344,0.16469998809043318,11.480500004836358,0,True,gaze_outside_screen,0.7516742373179737
1787908996768,2900,4494,1299.56848544813,3319.4855988134223,1345.1875860691614,3396.4431130194025,-1,-1,off_screen,0.0,47,36,2.2,0.0021151808189364928,45.52536639873122,39.489692437213044,0.16250000044237822,0.29739999445155263,10.978400008752942,0.13380000018514693,11.421100003644824,0,True,gaze_outside_screen,0.7516742373179737
1787908996800,2901,4495,1403.6187849016412,3193.0835219168384,1362.7169457189052,3335.435235688633,-1,-1,off_screen,0.0,79,36,2.2,0.00220124105622398,44.13679598002017,39.48772100764747,0.12850000348407775,0.2769999991869554,10.40820000343956,0.12360000982880592,10.821000003488734,0,True,gaze_outside_screen,0.7516742373179737
1787908996832,2902,4496,1399.508216341341,3344.6102847672723,1373.754326905636,3338.187750412225,-1,-1,off_screen,0.0,111,36,2.2,0.0029655152294191,42.86515210745036,39.485259582186806,0.13109999417793006,0.28029999521095306,10.942399996565655,0.17939999816007912,11.416699999244884,0,True,gaze_outside_screen,0.7516742373179737
1787908996848,2903,4497,1454.1885672176577,3354.576697656195,1397.8845989992424,3343.1044345854157,-1,-1,off_screen,0.0,128,36,2.2,0.0027869829295747266,44.67118266374872,39.48854815287698,0.13550001312978566,0.2938999969046563,10.401799998362549,0.13849999231752008,10.844299991731532,0,True,gaze_outside_screen,0.7516742373179737
1787908996880,2904,4498,1212.196141066922,2579.733451779358,1342.1780616195463,3114.093139743598,-1,-1,off_screen,0.0,160,36,2.2,0.0035967352759497043,43.34064032339932,39.485977410156465,0.12179999612271786,0.27770000451710075,11.272499992628582,0.13980000221636146,11.702100004185922,0,True,gaze_outside_screen,0.7516742373179737
1787908996896,2905,4499,1206.8423609150045,2596.6300658023683,1301.5773514081836,2958.854217561229,-1,-1,off_screen,0.0,175,36,2.2,0.0026835760821763456,45.263028259483995,39.489325482350125,0.10099999781232327,0.262100002146326,10.932799996226095,0.1787999935913831,11.383800010662526,0,True,gaze_outside_screen,0.7516742373179737
1787908996928,2906,4500,1279.6774862856134,2452.0485461190674,1295.0073918714124,2806.8125161285802,-1,-1,off_screen,0.0,207,36,2.2,0.0015295958923120384,43.81523986521246,39.48632797520372,0.17179999849759042,0.3846000035991892,12.250600004335865,0.22420000459533185,12.874699998064898,0,True,gaze_outside_screen,0.7516742373179737
1787908996960,2907,4501,1367.225214699005,2498.926550044548,1316.6727387196902,2714.4467263033703,-1,-1,off_screen,0.0,240,36,2.2,0.0011990158454814777,42.59072000848604,39.48489852377494,0.1075999898603186,0.28160000510979444,10.228500002995133,0.1286999904550612,10.650800002622418,0,True,gaze_outside_screen,0.7516742373179737
1787908996976,2908,4502,1495.038338527097,3061.4764296440153,1370.1824186619122,2818.555637305564,-1,-1,off_screen,0.0,256,36,2.2,0.0009660213089160673,44.61443630603286,39.4879348803229,0.11649999942164868,0.2654000127222389,10.873600011109374,0.14480001118499786,11.293000003206544,0,True,gaze_outside_screen,0.7516742373179737
1787908997008,2909,4503,1683.7515486016243,2473.035402238052,1464.2531576438257,2714.89956678531,-1,-1,off_screen,0.0,287,36,2.2,0.0007734656504014836,43.285304667146605,39.48566933441091,0.12799999967683107,0.28079999901819974,10.759800003143027,0.18109999655280262,11.235199999646284,0,True,gaze_outside_screen,0.7516742373179737
1787908997024,2910,4504,1701.563537367038,3220.2232604095116,1535.4462715607892,2866.49667487257,-1,-1,off_screen,0.0,303,36,2.2,0.00046004924636646946,45.142558031260926,39.48895380948343,0.12080000306013972,0.25800000003073364,10.502499993890524,0.13679999392479658,10.907100004260428,0,True,gaze_outside_screen,0.7516742373179737
1787908997056,2911,4505,1547.4537941083468,2623.5069025285434,1539.0485283250564,2793.599743169362,-1,-1,off_screen,0.0,335,36,2.2,0.000865574504866783,43.754591821823226,39.486661134150474,0.16419999883510172,0.3766000008909032,10.335999992094003,0.14239999291021377,10.867799996049143,0,True,gaze_outside_screen,0.7516742373179737
1787908997073,2912,4506,1227.5057732863797,2697.7725895801505,1445.5857018134534,2764.8515970925982,-1,-1,off_screen,0.0,352,36,2.2,0.0009118409186274039,45.39290417595803,39.48930018219348,0.12430000060703605,0.33149999217130244,11.44699999713339,0.14799999189563096,11.93809999676887,0,True,gaze_outside_screen,0.7516742373179737
1787908997104,2913,4507,878.8782446852452,2544.127132194254,1275.5734646749909,2698.6342576230945,-1,-1,off_screen,0.0,384,36,2.2,0.0008794619813408365,44.051526161629965,39.4873212576544,0.12670000432990491,0.28160000510979444,11.268799993558787,0.14769998961128294,11.71069999691099,0,True,gaze_outside_screen,0.7516742373179737
1787908997136,2914,4508,1184.1096762213099,2480.829983978786,1248.1343281388865,2633.292975529802,-1,-1,off_screen,0.0,415,36,2.2,0.0009849295364318632,42.78135650665237,39.48512517905813,0.10449999535921961,0.298099999781698,11.03710000461433,0.14060000830795616,11.486699993838556,0,True,gaze_outside_screen,0.7516742373179737
1787908997152,2915,4509,1203.2094960919753,2341.8442566163553,1234.6568785248132,2545.858359855768,-1,-1,off_screen,0.0,431,36,2.2,0.0009438068482307618,44.7731671248939,39.488726072926774,0.10699999984353781,0.24649999977555126,10.06539999798406,0.12959999730810523,10.450400004629046,0,True,gaze_outside_screen,0.7516742373179737
