timestamp_ms,frame_index,capture_frame_id,gaze_x_raw,gaze_y_raw,gaze_x_smooth,gaze_y_smooth,grid_row,grid_col,section,confidence,dwell_time_ms,nrevisit_count,transition_rate,iris_size_delta,fps_actual,capture_fps,capture_age_ms,preprocess_ms,inference_ms,mapping_metrics_ms,total_processing_ms,dropped_frames_total,face_detected,gaze_status,calibration_quality,head_pitch,head_yaw,head_pose_shifted,is_blinking,total_blinks,blink_rate_bpm
1789487074392,1,745,1763.1088123180039,673.69179395015,1763.1088123180039,673.69179395015,1,1,main_file,0.30308619349849053,0,0,0.2,0.0,0.0,14.98432630429837,55.179999999381835,0.5254000025161076,8.536900000763126,0.9831999996094964,10.06260000212933,0,True,on_screen,0.726694797361591,-4.521879454919912,5.6856615014447325,False,False,0,0.0
1789487074402,2,746,1751.5298093077595,688.4463853863152,1761.0521381156154,676.312519374152,1,1,main_file,0.3087162867433205,9,0,0.2,0.0,97.91729905783805,14.981426936614108,2.6512999975238927,0.2831999991030898,8.166999999957625,1.0237000024062581,9.485200000199256,0,True,on_screen,0.726694797361591,-4.500870471677729,5.686276128742639,False,False,0,0.0
1789487074465,3,747,1703.5098024429815,710.0451906527189,1727.299719002082,696.098981732765,1,1,main_file,0.3776009079347453,72,0,0.2,0.0,89.73378261988685,14.980289458538701,0.5154999998921994,0.5111999998916872,15.009399998234585,2.2831999995105434,17.840100001194514,0,True,on_screen,0.726694797361591,-4.514208052858351,5.422839109699551,False,False,0,0.0
1789487074528,4,748,1672.5569417817337,731.9768369387955,1695.7724814304015,716.7616101575143,1,1,main_file,0.4441440175845426,136,0,0.2,0.0,82.34639938737533,14.983714575220992,0.1049999991664663,0.2576000006229151,8.971799998107599,0.8854000006977003,10.127699999429751,0,True,on_screen,0.726694797361591,-4.5365655756856995,5.007226674919274,False,False,0,0.0
1789487074593,5,749,1643.7082747447491,704.7373572184889,1671.1245889921004,711.0691678452472,1,1,main_file,0.47261795676768525,200,0,0.2,0.0,75.6525582603509,14.984410571345128,0.1584999990882352,0.5686000004061498,8.134600000630599,0.929300000279909,9.643699999287492,0,True,on_screen,0.726694797361591,-4.653772903040874,4.995521155112083,False,False,0,0.0
1789487074656,6,750,1604.6238908137707,728.4729594197006,1630.960710740313,721.5803923145206,1,1,main_file,0.5382970327110848,263,0,0.2,0.0,69.67161896808713,14.985848563484822,0.0911999995878432,0.21430000197142363,7.341699998505646,0.8912999983294867,8.458100001007551,0,True,on_screen,0.726694797361591,-4.886832736143475,4.817265467193687,False,False,0,0.0
1789487074736,7,751,1576.2018264009116,755.2881105414693,1599.9614219427742,740.6625066532049,1,1,main_file,0.6011248130285551,344,0,0.2,0.0,63.956872667830574,14.982079009639866,0.08450000314041972,0.20929999664076604,6.886099999974249,0.8450999994238373,7.950799998070579,0,True,on_screen,0.726694797361591,-4.791373558470667,4.71565623215683,False,False,0,0.0
1789487074800,8,752,1542.1713630185368,758.0868720536207,1569.1893586189422,749.9406365852426,1,1,main_file,0.6501841802207342,407,0,0.2,0.0,59.10119879920335,14.98272589331333,0.11760000052163377,0.2275000006193295,6.562899998243665,0.7951000006869435,7.595700000820216,0,True,on_screen,0.726694797361591,-4.790559773842176,4.227359331076494,False,False,0,0.0
1789487074864,9,753,1521.423017388577,745.4604535960776,1548.8001041980344,748.0282524991817,1,1,main_file,0.6698046831180855,472,0,0.2,0.0,54.76889856187902,14.98320296391467,0.15319999874918722,0.2746999998635147,8.202400000300258,0.8726999985810835,9.360399999422953,0,True,on_screen,0.726694797361591,-4.763298484204654,4.09195247183666,False,False,0,0.0
1789487074928,10,754,1512.9476002040267,725.9508199633109,1535.291729496318,739.7099985999214,1,1,main_file,0.6705592533502069,536,0,0.2,0.0,50.855894210513746,14.984198437385055,0.10140000085812062,0.3266000021540094,7.5796999990416225,0.8964999979070853,8.815299999696435,0,True,on_screen,0.726694797361591,-4.733293998519542,4.215574868712909,False,False,0,0.0
1789487074992,11,755,1485.6040614767642,743.1875312413836,1513.3054165551691,741.248773188581,1,1,main_file,0.6910832217646063,600,0,0.2,0.0,47.336078234523505,14.985213682776442,0.09420000060345046,0.21570000171777792,7.256500000949018,0.7904000012786128,8.27229999777046,0,True,on_screen,0.726694797361591,-4.802543858617355,4.253792560794772,False,False,0,0.0
1789487075057,12,756,1497.0241265973345,735.4222839242875,1510.6167019445422,740.2865787399754,1,1,main_file,0.6914903554799622,664,0,0.2,0.0,44.133242762259,14.98551061682401,0.10340000153519213,0.24979999943752773,7.5433999991219025,0.8755000017117709,8.679099999426398,0,True,on_screen,0.726694797361591,-4.800059592043937,4.230200577440223,False,False,0,0.0
1789487075136,13,757,1785.8684974769321,679.6191624693465,1703.292958817215,697.8193873505352,1,1,main_file,0.41353121342919086,743,0,0.2,0.0,40.99110761994426,14.9818107755105,0.1233000002685003,0.25739999910001643,8.051100001466693,0.8985000022221357,9.218499999406049,0,True,on_screen,0.726694797361591,-4.738783256120399,5.4831273705683845,False,False,0,0.0
1789487075200,14,758,1890.0650720299418,657.9258748683923,1834.0334380661238,669.8939286130351,1,1,main_file,0.19386877738461006,808,0,0.2,0.0,38.45046432336588,14.982825748206979,0.12010000136797316,0.2615000012156088,7.128099998226389,0.9711000020615757,8.373000000574393,0,True,on_screen,0.726694797361591,-4.628337116751311,6.703482617759716,False,False,0,0.0
1789487075264,15,759,2050.3589299907185,603.7098138731884,1985.46128241334,623.5650482951424,0,2,ai_agent,0.07096917175629402,0,0,0.4,0.0,36.152883297436105,14.983314923991628,0.1512000017100945,0.22790000002714805,7.747900002868846,0.8558999979868531,8.840400001645321,0,True,on_screen,0.726694797361591,-4.641949958938511,6.768506870618544,False,False,0,0.0
1789487075328,16,760,2311.3590033622854,547.5387717515503,2213.589687077602,570.3466547146279,0,2,ai_agent,0.4198559133319274,64,0,0.4,0.0,34.1127007360881,14.98435283600447,0.1322999996773433,0.2596000012999866,7.46150000122725,0.8469999993394595,8.580200003052596,0,True,on_screen,0.726694797361591,-4.568188386632642,6.794565513978402,False,False,0,0.0
1789487075392,17,761,2703.2649215654465,459.71144271506006,2556.362351219093,492.9020063149304,0,2,ai_agent,0.5613109384128593,128,0,0.4,0.0,32.26441665335301,14.984419423185518,0.13250000120024197,0.22090000129537657,9.969799997634254,0.9107000005315058,11.110699997516349,0,True,on_screen,0.726694797361591,-4.450114185348639,6.9255942571409275,False,False,0,0.0
1789487075456,18,762,2627.502671597582,442.60613260992164,2606.1605754840352,457.69489472142425,0,2,ai_agent,0.5414501270624928,192,0,0.4,0.0,30.60880036253664,14.98593844026313,0.09030000001075678,0.2879999992728699,7.858799999667099,0.8723000028112438,9.031199999299133,0,True,on_screen,0.726694797361591,-4.476829410675322,6.296567979951597,False,False,0,0.0
1789487075536,19,763,2712.909311545885,368.8917871170878,2680.88469072733,395.53271939838874,0,2,ai_agent,0.47585540241453905,272,0,0.4,0.0,28.788342714894565,14.98212520538897,0.13080000280751847,0.2413000001979526,6.9998999970266595,0.8501000011165161,8.101699997496326,0,True,on_screen,0.726694797361591,-4.214689072820448,6.259949119930374,False,False,0,0.0
1789487075600,20,764,2748.9194039838385,287.60100299458094,2728.508990006886,319.9805179157233,0,2,ai_agent,0.4185627991666905,335,0,0.4,0.0,27.484701050153753,14.982883428460385,0.143599998409627,0.27829999817186035,7.65519999913522,0.8374999997613486,8.78270000248449,0,True,on_screen,0.726694797361591,-4.064521532604033,6.418172170552423,False,False,0,0.0
1789487075664,21,765,2656.8451372635877,275.7236017984134,2678.344293086577,289.0006766336064,0,2,ai_agent,0.5078755999548457,400,0,0.4,0.0,26.29183766285505,14.983573772489656,0.1407999989169184,0.25630000163801014,7.758899999316782,0.8625000009487849,8.889600001566578,0,True,on_screen,0.726694797361591,-3.85168139326899,6.414654559345817,False,False,0,0.0
1789487075728,22,766,2708.9237976044856,218.8701879640983,2698.8390040291715,241.99847315765678,0,2,ai_agent,0.46219997937106405,463,0,0.4,0.0,25.227900415022397,14.984514140402275,0.09470000077271834,0.2494000000297092,7.423899998684647,0.849300002300879,8.53339999957825,0,True,on_screen,0.726694797361591,-3.5248735201129193,6.8065575146182855,False,False,0,0.0
1789487075792,23,767,2668.0858768014978,248.07774938975086,2690.073466489678,243.731244060299,0,2,ai_agent,0.47798530576255527,528,0,0.4,0.0,24.26194495517035,14.98532390714177,0.14990000272518955,0.24729999859118834,7.21730000077514,0.7975000007718336,8.26999999844702,0,True,on_screen,0.726694797361591,-3.532660867490705,5.417192835603152,False,False,0,0.0
1789487075856,24,768,2698.1780925676358,225.2696687428741,2691.610256391941,240.23058132092237,0,2,ai_agent,0.47411294533514925,592,0,0.4,0.0,23.403706456584477,14.98609299351095,0.16260000120382756,0.22850000095786527,7.540100003097905,0.8164999999280553,8.594400002039038,0,True,on_screen,0.726694797361591,-3.5191927720576643,5.550844150685032,False,False,0,0.0
1789487075936,25,769,2697.6746910596967,210.89896848461228,2693.2665735582973,232.2195371726537,0,2,ai_agent,0.4682388742649094,672,0,0.4,0.0,22.318426773627316,14.982387978877203,0.12730000162264332,0.22840000019641593,7.264800002303673,0.8332999968843069,8.337200000823941,0,True,on_screen,0.726694797361591,-3.372743648105029,5.5844958263636295,False,False,0,0.0
1789487076000,26,770,2692.838505328203,181.87811980155303,2693.0752076852395,209.7146451743634,0,2,ai_agent,0.4582230804924958,736,0,0.4,0.0,21.6353412960295,14.982849511599623,0.16180000238819048,0.2452000007906463,7.630899999639951,1.0442000020702835,8.931000000302447,0,True,on_screen,0.726694797361591,-3.2120029972710995,5.037389144814626,False,False,0,0.0
1789487076064,27,771,2677.760857407378,173.48349943780627,2687.666950555549,196.91962947396786,0,2,ai_agent,0.4601468352010675,799,0,0.4,0.0,21.03510591445695,14.983812177296118,0.17499999739811756,0.4107000022486318,7.08669999949052,0.886099998751888,8.400700000493089,0,True,on_screen,0.726694797361591,-3.1935549176576217,4.6125156813803665,False,False,0,0.0
1789487076128,28,772,2673.078183093989,159.6959652966304,2682.4345949818044,183.56912215752118,0,2,ai_agent,0.46029829250178766,864,0,0.4,0.0,20.506708534192732,14.984931341325359,0.10560000009718351,0.21349999951780774,6.7086999988532625,0.8718999997654464,7.8038999999989755,0,True,on_screen,0.726694797361591,-3.1935760428410163,4.970050349110415,False,False,0,0.0
1789487076192,29,773,2685.0035184002018,142.2577622881971,2683.386867340074,168.25544413802245,0,2,ai_agent,0.4478937600537847,927,0,0.4,0.0,20.013218933634015,14.985560162371653,0.11299999823677354,0.22080000053392723,7.110599999577971,0.8132000002660789,8.154300001478987,0,True,on_screen,0.726694797361591,-3.23742976450896,5.233670733724423,False,False,0,0.0
1789487076257,30,774,2666.389113386789,129.83158558924382,2676.995439705634,153.80745812614055,0,2,ai_agent,0.44666843521204047,993,0,0.4,0.0,19.546750492423666,14.985814126308187,0.0943000013648998,0.31880000096862204,7.658099999389378,0.8692999981576577,8.857199998601573,0,True,on_screen,0.726694797361591,-3.2685812932305396,5.455387130885881,False,False,0,0.0
1789487076335,31,775,2687.460173892306,120.2527242088973,2680.317414737166,143.15568367354632,0,2,ai_agent,0.43252428165252244,1071,0,0.4,0.0,18.864984626208745,14.982559595001037,0.14419999934034422,0.27240000054007396,7.160199998907046,0.8173999995051417,8.260499998868909,0,True,on_screen,0.726694797361591,-3.2488504856561065,5.502983615184055,False,False,0,0.0
1789487076400,32,776,2689.378997942076,123.63535604424517,2682.1406862310496,139.22801936666428,0,2,ai_agent,0.4263076080134386,1136,0,0.4,0.0,18.535999686659217,14.983493625403122,0.09230000068782829,0.2330999996047467,6.53759999840986,0.7905999991635326,7.571099999040598,0,True,on_screen,0.726694797361591,-3.350544178242899,5.142728648612291,False,False,0,0.0
1789487076465,33,777,2694.0427236046185,113.32438514124286,2685.2446917973393,132.4724511980247,0,2,ai_agent,0.41558416704201395,1200,0,0.4,0.0,18.217792832409817,14.98367502572577,0.11670000094454736,0.21209999977145344,7.500900002924027,0.8305000010295771,8.553499999834457,0,True,on_screen,0.726694797361591,-3.273853980437167,5.262483107833686,False,False,0,0.0
1789487076528,34,778,2698.837242990344,102.08781013147079,2689.343666948899,123.30964673605045,0,2,ai_agent,0.4010536755576778,1264,0,0.4,0.0,17.982791247954523,14.984827217209668,0.21829999968758784,0.2733000001171604,7.0777999972051475,0.9143000024778303,8.279900001070928,0,True,on_screen,0.726694797361591,-3.228379125370111,5.420033774938965,False,False,0,0.0
1789487076592,35,779,2684.326060120587,110.10804900857858,2688.6506964610603,121.48640351861835,0,2,ai_agent,0.40041022998207176,1328,0,0.4,0.0,17.753432439228185,14.985267087503585,0.12590000187628902,0.25119999918388203,8.598599997640122,0.8870999990904238,9.749999997438863,0,True,on_screen,0.726694797361591,-3.274789025369415,4.912877393850849,False,False,0,0.0
1789487076656,36,780,2680.1974677796234,114.46864733947143,2687.636309019288,120.6442727771207,0,2,ai_agent,0.401147781267326,1391,0,0.4,0.0,17.519305955162427,14.986367045998241,0.1201999984914437,0.22059999901102856,6.670700000540819,0.8766999999352265,7.777700000588084,0,True,on_screen,0.726694797361591,-3.3057718557737132,4.511514242647189,False,False,0,0.0
1789487076735,37,781,2679.737934274374,100.10871229826091,2686.0146758902697,116.42807054932389,0,2,ai_agent,0.3995864718147144,1470,0,0.4,0.0,17.036398009133887,14.982807966448187,0.08499999967170879,0.20940000104019418,7.035599999653641,0.8295000006910414,8.08369999867864,0,True,on_screen,0.726694797361591,-3.3504894066197153,4.527805682256802,False,False,0,0.0
1789487076800,38,782,2696.727164695848,90.61816185582606,2688.7570655276404,109.82075198618315,0,2,ai_agent,0.3891615909198247,1536,0,0.4,0.0,16.886873271851655,14.983495363709062,0.1680999994277954,0.32300000020768493,6.917599999724189,0.8349999989150092,8.087199999863515,0,True,on_screen,0.726694797361591,-3.3361324222147744,5.089044022627794,False,False,0,0.0
1789487076864,39,783,2704.7096965798287,87.1708219891157,2692.8081561309295,104.06891592377443,0,2,ai_agent,0.3775787130570647,1600,0,0.4,0.0,16.761631340502497,14.983436585859943,0.130899999930989,0.23539999892818742,9.233299999323208,1.5902999984973576,11.071000000811182,0,True,on_screen,0.726694797361591,-3.3529893810223825,4.828464018059434,False,False,0,0.0
1789487076928,40,784,2685.4896951759774,81.15018814339444,2691.1772016696964,98.96136646094429,0,2,ai_agent,0.3748890361988222,1664,0,0.4,0.0,16.629164061378184,14.984657182752146,0.1885999990918208,0.2803999996103812,7.6122999998915475,0.8653000004414935,8.769400003075134,0,True,on_screen,0.726694797361591,-3.387777099716118,5.001954037273869,False,False,0,0.0
1789487076992,41,785,2684.6794757776242,75.96108803020579,2689.7379284280246,93.86670936918331,0,2,ai_agent,0.37180529182947963,1728,0,0.4,0.0,16.549097164202394,14.985957804365361,0.10480000128154643,0.21019999985583127,6.711200003337581,0.8495000001857989,7.780500000080792,0,True,on_screen,0.726694797361591,-3.4338352936865704,5.1306149504037855,False,False,0,0.0
1789487077056,42,786,2683.5326654243177,70.10386414145022,2688.328547391207,88.46953225923691,0,2,ai_agent,0.3682394602395074,1792,0,0.4,0.0,16.45352734801087,14.98644284624063,0.12860000060754828,0.22190000163391232,7.607799998368137,0.8430999987467658,8.682499999849824,0,True,on_screen,0.726694797361591,-3.444719098439208,5.370963675482479,False,False,0,0.0
1789487077137,43,787,2689.848623463246,51.96698316414714,2688.8290509399726,76.45062366831257,0,2,ai_agent,0.35475293778116734,1873,0,0.4,0.0,16.043741645785737,14.982305183681692,0.13480000052368268,0.256800001807278,7.828500001778593,0.8815000001050066,8.977899997262284,0,True,on_screen,0.726694797361591,-3.478706476328341,5.85682799692201,False,False,0,0.0
1789487077200,44,788,2675.9606297416135,44.408693174897586,2684.812008676343,66.44832524985999,0,2,ai_agent,0.34929150044861423,1936,0,0.4,0.0,16.00938147007835,14.983261206360618,0.12509999942267314,0.25129999994533136,7.5176999998802785,0.8941999985836446,8.67360000120243,0,True,on_screen,0.726694797361591,-3.446111495844576,6.250378365707679,False,False,0,0.0
1789487077264,45,789,288.10196293545397,322.457300875949,1007.1149766577207,245.65460818812227,0,0,sidebar,0.06382918574074503,0,0,0.6,0.0,15.978176358542528,14.984392928629777,0.094600000011269,0.23910000163596123,6.626099999266444,0.8551999999326654,7.732499998382991,0,True,on_screen,0.726694797361591,-3.525636721483721,3.9527768884372523,False,False,0,0.0
1789487077328,46,790,-129.5918205741342,220.16483355331363,211.42021859542234,227.8117659437562,0,0,sidebar,0.5086699237720655,64,0,0.6,0.0,15.952643740234329,14.985338866094903,0.10590000238153152,0.21240000205580145,6.512299998576054,0.8051999975577928,7.53890000123647,0,True,on_screen,0.726694797361591,-3.642504685997693,1.5471665707099653,False,False,0,0.0
1789487077393,47,791,-219.5738271062956,94.12824020771303,-90.2756133957802,134.23329792852599,-1,-1,off_screen,0.0,0,0,0.8,0.0,15.885730275609083,14.985272148683613,0.1747999995131977,0.2578000021458138,7.929399998829467,0.8768999978201464,9.075900001334958,0,True,gaze_outside_screen,0.726694797361591,-3.8012185701995236,0.8075975339853539,False,False,0,0.0
1789487077455,48,792,-161.13291927057705,-4.061810570202576,-139.875727508138,37.426721979416,-1,-1,off_screen,0.0,62,0,0.8,0.0,15.903079890702816,14.986745699396284,0.0943000013648998,0.20599999697878957,7.196500002464745,0.9301000027335249,8.342199998878641,0,True,gaze_outside_screen,0.726694797361591,-3.9838217412190886,-0.18067477033931456,False,False,0,0.0
1789487077536,49,793,-143.35554572303832,-25.930072951379668,-141.82045082883164,2.0192871603382354,-1,-1,off_screen,0.0,143,0,0.8,0.0,15.556888783965762,14.982751961747008,0.09789999967324547,0.24809999740682542,7.404500000120606,1.1296000011498109,8.793500001047505,0,True,gaze_outside_screen,0.726694797361591,-4.131926933752737,-0.7449243521990604,False,False,0,0.0
1789487077600,50,794,-71.28533952356591,-34.90805772418224,-92.67643040000677,-23.709150178239508,-1,-1,off_screen,0.0,207,0,0.8,0.0,15.554173383860242,14.98366001681361,0.2961999998660758,0.2934000003733672,6.723499998770421,0.9065000012924429,7.932699998491444,0,True,gaze_outside_screen,0.726694797361591,-4.051049422263986,-1.307058029599204,False,False,0,0.0
1789487077663,51,795,-83.20072153256659,-56.44015974970839,-89.75519189866675,-33.799697142641264,-1,-1,off_screen,0.0,270,0,0.8,0.0,15.574946739324227,14.98446424882946,0.08959999831859022,0.21149999884073623,7.296600000699982,0.8625000009487849,8.380399998713983,0,True,gaze_outside_screen,0.726694797361591,-4.132430947930203,-1.9866710825852874,False,False,0,0.0
1789487077728,52,796,-103.46965209153257,-87.4170069745972,-96.47108773454687,-60.05579929814881,-1,-1,off_screen,0.0,335,0,0.8,0.0,15.575103874179387,14.985223750466288,0.10769999789772555,0.23099999816622585,7.138900000427384,0.8451999965473078,8.224500001233537,0,True,gaze_outside_screen,0.726694797361591,-4.173343572124708,-2.282723739489508,False,False,0,0.0
1789487077793,53,797,-91.11170267970073,-117.15984469934581,-93.75467594279095,-88.99906437377791,-1,-1,off_screen,0.0,400,0,0.8,0.0,15.55163697992318,14.985538729497396,0.09080000018002465,0.2553000012994744,7.378300000709714,1.00880000172765,8.65219999832334,0,True,gaze_outside_screen,0.726694797361591,-4.20880263176204,-1.5161617894251798,False,False,0,0.0
1789487077856,54,798,-73.6179522026471,-115.27425006087205,-87.71356870356642,-96.88173766833341,-1,-1,off_screen,0.0,463,0,0.8,0.0,15.577968522452613,14.986598544125037,0.13649999891640618,0.23839999994379468,7.183100002293941,0.9548999987600837,8.38579999981448,0,True,gaze_outside_screen,0.726694797361591,-4.0795594316136885,-2.2180001957043802,False,False,0,0.0
1789487077935,55,799,-50.872399051046884,-175.04134045341647,-61.92474994680275,-151.59345961789154,-1,-1,off_screen,0.0,542,0,0.8,0.0,15.280188806423286,14.982960904306333,0.09499999941908754,0.24080000002868474,7.561000002169749,0.8788999984972179,8.691999999427935,0,True,gaze_outside_screen,0.726694797361591,-4.001575870854424,-2.1213959909833053,False,False,0,0.0
1789487077999,56,800,-52.938959386965436,-169.30884135543894,-60.24372921132862,-154.90757247633726,-1,-1,off_screen,0.0,606,0,0.8,0.0,15.314130561263177,14.983404138096173,0.16169999798876233,0.23440000222763047,8.508499999152264,1.0794000008900184,9.83270000142511,0,True,gaze_outside_screen,0.726694797361591,-3.9588000917524653,-1.9852825181409655,False,False,0,0.0
1789487078063,57,801,-26.766084757755095,-180.0,-47.706453316203906,-164.30461016753003,-1,-1,off_screen,0.0,670,0,0.8,0.0,15.348721438951376,14.984575792468165,0.12479999713832512,0.2285999980813358,7.450799999787705,0.8473000016238075,8.536500001355307,0,True,gaze_outside_screen,0.726694797361591,-3.928714870695188,-1.733074850260642,False,False,0,0.0
1789487078128,58,802,-36.841729238581834,-180.0,-45.745756783230235,-167.1370701737237,-1,-1,off_screen,0.0,735,0,0.8,0.0,15.358673131041543,14.9850731481591,0.20669999867095612,0.2587000017229002,7.522300002165139,0.9466000010434072,8.76340000104392,0,True,gaze_outside_screen,0.726694797361591,-3.944818734896131,-1.8252887718321908,False,False,0,0.0
1789487078192,59,803,-39.48490670592064,-180.0,-44.87132694990753,-168.9335881297751,-1,-1,off_screen,0.0,799,0,0.8,0.0,15.392363924529908,14.98607600381249,0.1260999997612089,0.2213000007031951,7.115599997632671,0.8496999980707187,8.197999999538297,0,True,gaze_outside_screen,0.726694797361591,-3.7862462980840803,-1.926733899423349,False,False,0,0.0
1789487078256,60,804,-35.430549565151814,-180.0,-43.53339772454178,-170.50189921875557,-1,-1,off_screen,0.0,863,0,0.8,0.0,15.419577924180452,14.986114554050111,0.09750000026542693,0.24470000062137842,9.740400000737282,0.9528000009595416,10.950100000627572,0,True,gaze_outside_screen,0.726694797361591,-3.8439076644037016,-1.7939604286901014,False,False,0,0.0
1789487078337,61,805,-27.439564016726596,-180.0,-40.68412822061015,-172.18345312272857,-1,-1,off_screen,0.0,944,0,0.8,9.210236548705571e-05,15.109497673290933,14.982532070589583,0.09649999992689118,0.23979999969014898,8.196999999199761,0.8971999995992519,9.345800001028692,0,True,gaze_outside_screen,0.726694797361591,-3.832371697491709,-1.260159761443546,False,False,0,0.0
1789487078399,62,806,-23.632676446312846,-180.0,-37.65512534418117,-173.57197670936452,-1,-1,off_screen,0.0,1006,0,0.8,9.315153284343916e-05,15.203419010744,14.984015095454449,0.08259999958681874,0.2103000006172806,7.407699999021133,0.8288999997603241,8.455400002276292,0,True,gaze_outside_screen,0.726694797361591,-3.8172337421120517,-1.8777453758721834,False,False,0,0.0
1789487078463,63,807,-31.740877768320935,-180.0,-36.94541563507794,-174.34333950424076,-1,-1,off_screen,0.0,1070,0,0.8,8.326239780067322e-05,15.2396717785756,14.984929005138712,0.09060000229510479,0.21829999968758784,6.621699998504482,0.816099996882258,7.665999997698236,0,True,gaze_outside_screen,0.726694797361591,-3.910577844347216,-1.1648120341347696,False,False,0,0.0
1789487078527,64,808,-11.69471044227726,-180.0,-30.926687287132445,-175.69165443725248,-1,-1,off_screen,0.0,1134,0,0.8,9.903117797286677e-05,15.280498001111727,14.98554495817103,0.08940000043367036,0.24050000138231553,7.141499998397194,0.8855000014591496,8.27700000081677,0,True,gaze_outside_screen,0.726694797361591,-3.943575657136307,-0.7877746127407016,False,False,0,0.0
1789487078592,65,809,86.55555256377073,-180.0,51.31088060849977,-178.70749633117575,-1,-1,off_screen,0.0,1199,0,0.8,7.27570876352928e-05,15.294625199750524,14.986169460563103,0.11479999739094637,0.2227000004495494,6.8469999969238415,0.8355999998457264,7.914900001196656,0,True,gaze_outside_screen,0.726694797361591,-3.997064251431766,-1.2178508568675634,False,False,0,0.0
1789487078671,66,810,772.516924663231,-180.0,556.1551114468116,-179.61224889935272,-1,-1,off_screen,0.0,1278,0,0.8,3.0422950110393573e-05,15.025046468044133,14.982710423849486,0.08250000246334821,0.20960000256309286,6.963600000744918,0.565999998798361,7.7489999966928735,0,True,gaze_outside_screen,0.726694797361591,-3.9766659349007796,-0.07092528660753099,False,False,0,0.0
1789487078736,67,811,957.5997821604159,-180.0,837.1663809463346,-179.88367466980583,-1,-1,off_screen,0.0,1343,0,0.8,2.196955297936211e-05,15.068060435516227,14.982974795858471,0.12549999883049168,0.22950000129640102,7.837400000425987,0.7585999992443249,8.834399999614106,0,True,gaze_outside_screen,0.726694797361591,-3.8953080006390337,0.6322341541024561,False,False,0,0.0
1789487078800,68,812,1040.233131976985,-180.0,979.31310666779,-179.96510240094176,-1,-1,off_screen,0.0,1407,0,0.8,1.9020565115551377e-05,15.120535937392946,14.983694280717648,0.20420000146259554,0.26929999876301736,7.809899998392211,0.7523999993281905,8.842300001560943,0,True,gaze_outside_screen,0.726694797361591,-3.943117230038496,1.0084287521362831,False,False,0,0.0
1789487078864,69,813,1411.027001834464,1186.5944084080254,1281.5128332844617,776.6265551653352,1,1,main_file,0.6451724544362494,0,1,1.0,-0.0010317711014596106,15.187505338977832,14.98493729033257,0.11480000102892518,0.21919999926467426,6.719000000884989,0.8032000005187001,7.750500000838656,0,True,on_screen,0.726694797361591,-4.493949458244259,-0.01949474432677433,False,False,0,0.0
1789487078927,70,814,1749.4025425154075,1568.2923947880402,1609.0356297461237,1330.7926429012286,2,1,terminal,0.5774602168409209,0,0,1.2,-0.0013122079098574092,15.237507756238754,14.985703739887057,0.16510000205016695,0.21400000332505442,6.924600002093939,0.8127999972202815,7.9609999993408564,0,True,on_screen,0.726694797361591,-4.757571044709067,0.06130418234559912,False,True,0,0.0
1789487078992,71,815,1189.475644442374,1380.686694230239,1315.343640033499,1365.718478831536,2,1,terminal,0.6763063563652996,65,0,1.2,-0.001042794042312641,15.272851333958293,14.986443722715888,0.15299999722628854,0.2749999985098839,6.811200000811368,0.7689000012760516,7.866300002206117,0,True,on_screen,0.726694797361591,-4.7781106137779545,-1.0774573888141783,False,False,1,1.0
1789487079073,72,816,336.59243703676117,1349.0311859802114,630.2177979357825,1354.0373738356088,2,0,terminal,0.6299674616431334,145,0,1.2,-0.0010825537315955428,14.973243949883248,14.982089132766577,0.2167999991797842,0.39010000182315707,7.768300001771422,0.7900999989942648,8.964300002844539,0,True,on_screen,0.726694797361591,-4.808305984492705,-2.7624209998235423,False,False,1,1.0
1789487079136,73,817,122.33335446713575,1219.9616948384767,274.6986875077298,1260.1843985376163,2,0,terminal,0.44228218394381147,208,0,1.2,-0.0008547487183794885,15.074658469621525,14.98333198764524,0.09610000051907264,0.24639999901410192,7.641899999725865,0.738000002456829,8.637999999336898,0,True,on_screen,0.726694797361591,-4.8428219553725,-2.573813536943523,False,False,1,1.0
1789487079199,74,818,121.49027892952437,841.848816364927,167.452801502986,967.3494910167337,1,0,sidebar,0.4351601786263284,0,1,1.4,-0.00055351569855582,15.131550297352565,14.984126433772616,0.12250000145286322,0.24729999859118834,7.434600000124192,0.865699999849312,8.56039999780478,0,True,on_screen,0.726694797361591,-4.8701592358832215,-2.4045296377090226,False,False,1,1.0
1789487079263,75,819,127.41479673142364,684.6976905447128,139.42619816289235,769.4932306863191,1,0,sidebar,0.3556581343181253,64,1,1.4,-0.00035607759182373043,15.182535170623336,14.984911045369032,0.11169999925186858,0.21120000019436702,7.458899999619462,0.8226000027207192,8.502700002281927,0,True,on_screen,0.726694797361591,-4.764979434760875,-2.1067259955329245,False,False,1,1.0
1789487079329,76,820,145.97450470482033,541.1650292333065,144.01001274224194,609.6634896692103,0,0,sidebar,0.19276688185666702,130,1,1.4,-0.00021742888871275658,15.189248409237859,14.985300151542095,0.1343000003544148,0.2676999974937644,7.083500000589993,0.8778000010352116,8.240499999374151,0,True,on_screen,0.726694797361591,-4.542445157124405,-2.2681603513314106,False,False,1,1.0
1789487079391,77,821,733.5614845697296,461.8971152525718,556.6960430214833,506.2270275775634,0,0,sidebar,0.6112864541595959,192,1,1.4,-0.0001600360867489714,15.272181723750748,14.986267942131247,0.07520000144722871,0.20220000078552403,7.9164999988279305,0.8799000024737325,9.006999996927334,0,True,on_screen,0.726694797361591,-4.448626228691012,-1.6639372004247925,False,False,1,1.0
1789487079471,78,822,1020.692160409554,424.4473984703006,881.4933251931329,448.9812872024794,0,0,sidebar,0.24343837017551617,272,1,1.2,-7.853368485018393e-05,14.99875941838918,14.98275981947406,0.0732000007701572,0.1937000015459489,7.706500000494998,0.910699996893527,8.819999999104766,0,True,on_screen,0.726694797361591,-4.274619200213266,-1.233320405443188,False,False,1,1.0
1789487079536,79,823,1076.503196393557,445.992661475245,1018.0002350334296,446.88924919341525,0,1,main_file,0.21059557769863146,0,2,1.4,-2.9302443272866477e-05,15.042839121747726,14.9835382619539,0.13760000001639128,0.26359999901615083,6.805299999541603,0.8624000001873355,7.940699997561751,0,True,on_screen,0.726694797361591,-4.200489035229708,-0.6293303673390774,False,False,1,1.0
1789487079600,80,824,1104.1151182697383,425.3841229544595,1078.2806532988457,431.8356608261462,0,1,main_file,0.3198426614899018,63,2,1.4,-1.898436856780962e-05,15.110474444371928,14.984416806625168,0.09040000077220611,0.240100001974497,6.74549999894225,0.8430000016232952,7.8398999976343475,0,True,on_screen,0.726694797361591,-4.1056925430586375,-0.047039304224181844,False,False,1,1.0
1789487079663,81,825,1135.5389209966515,416.90314194641974,1108.1901515254842,424.03549213593027,0,1,main_file,0.37418572680200224,127,2,1.4,-1.6606556391343327e-05,15.164205708973252,14.984650895150299,0.10579999798210338,0.24060000214376487,8.574399998906301,0.9830999988480471,9.808999999222578,0,True,on_screen,0.726694797361591,-4.083440443310565,0.3702833033153884,False,False,1,1.0
1789487079727,82,826,1151.078679395503,414.89757136295765,1124.988385668093,420.45642471757037,0,1,main_file,0.40418105902578216,190,2,1.4,-2.6488030136740184e-05,15.215664925601429,14.986025730577751,0.12380000043776818,0.23460000011255033,6.635199999436736,0.827799998660339,7.706399999733549,0,True,on_screen,0.726694797361591,-4.132559745116112,0.7114604349868888,False,False,1,1.0
1789487079792,83,827,1144.083311460739,406.8881968127046,1129.1404879274896,417.50607705183086,0,1,main_file,0.412889929676194,256,2,1.4,-3.824428288019821e-05,15.234266003278108,14.986301297427971,0.16730000061215833,0.2474999964761082,7.415200001560152,0.8213000000978354,8.49250000101165,0,True,on_screen,0.726694797361591,-4.10512142441965,0.8849984318889971,False,False,1,1.0
1789487079871,84,828,916.5472004520328,387.35655424123,980.3251866946699,396.40141108441026,0,0,sidebar,0.09983611476158338,0,2,1.6,-7.013110108556458e-05,14.975061906068431,14.982963637481763,0.10960000145132653,0.23779999901307747,7.341799999267096,0.8382000014535151,8.427999997365987,0,True,on_screen,0.726694797361591,-4.137454663722735,1.4046096791702831,False,False,1,1.0
1789487079935,85,829,793.1418334437142,372.8934573125453,849.2968394190009,379.9458434441048,0,0,sidebar,0.3324642988855677,63,2,1.6,-7.113200982047409e-05,15.041808167079694,14.983479024442186,0.08750000051804818,0.22760000138077885,8.212400000047637,0.8886000032362062,9.33900000018184,0,True,on_screen,0.726694797361591,-4.126818477020123,1.1931281296964322,False,False,1,1.0
1789487080000,86,830,721.6077966069228,367.50656001881896,759.9145094505462,371.2383450464047,0,0,sidebar,0.48972164212533575,128,2,1.6,-7.048049797774882e-05,15.071682610074886,14.984098243084965,0.12210000204504468,0.28020000172546133,7.511399999202695,0.8001000023796223,8.603299997048452,0,True,on_screen,0.726694797361591,-4.100782356119083,0.6868348025466453,False,False,1,1.0
1789487080063,87,831,724.5869987428582,359.66928581725193,748.0898279681343,367.3659963386844,0,0,sidebar,0.5116515727470827,191,2,1.6,-6.922522796229923e-05,15.156607378276366,14.985247186439908,0.10639999891282059,0.2151000007870607,7.218700000521494,0.8333999976457562,8.278099998278776,0,True,on_screen,0.726694797361591,-4.084137580552607,1.1436205939238397,False,False,1,1.0
1789487080127,88,832,796.3890862517577,430.17030562950583,781.5815937821436,410.9158828923669,0,0,sidebar,0.4323158760143295,256,2,1.6,-1.8733870676758066e-05,15.200875195685363,14.986117181659122,0.19130000146105886,0.221800000872463,6.632200002059108,0.8171000008587725,7.681799997953931,0,True,on_screen,0.726694797361591,-3.953856735128028,0.8124837511857005,False,False,1,1.0
1789487080192,89,833,855.165259286172,432.22188025384565,830.9600896870152,425.2133237205271,0,0,sidebar,0.34169247907651124,320,2,1.6,-8.163132043206497e-06,15.23641859342878,14.986426435558455,0.15589999748044647,0.24340000163647346,7.772299999487586,0.9533000011288095,8.980600003269501,0,True,on_screen,0.726694797361591,-3.8941507652467635,1.7315789921724365,False,False,1,1.0
1789487080272,90,834,921.7349659793487,448.24927169408886,894.5025030916487,441.3384873020203,0,0,sidebar,0.2263126918738354,401,2,1.4,1.899144145145297e-05,14.957147511726399,14.982760097872191,0.14860000010230578,0.27380000028642826,7.747999999992317,0.9295999989262782,8.963499996752944,0,True,on_screen,0.726694797361591,-3.8748436647715323,2.604653562848989,False,False,1,1.0
1789487080335,91,835,992.5929386706997,438.57894440290653,963.1658079969843,439.40680727264066,0,0,sidebar,0.11158894253469431,463,2,1.4,2.2956647422097895e-05,15.040428329967769,14.983726318402429,0.09839999984251335,0.2170999978261534,7.66989999829093,0.8866000025591347,8.781800002907403,0,True,on_screen,0.726694797361591,-3.9476102496075782,2.6848067761355345,False,False,1,1.0
1789487080399,92,836,1070.1813828952504,410.2000680014725,1038.0767104257707,418.962089782823,0,1,main_file,0.25948715870263317,0,3,1.6,8.102930468162003e-06,15.093782588020776,14.984683932292448,0.08610000077169389,0.21720000222558156,6.686000000627246,0.8316999992530327,7.7455999999074265,0,True,on_screen,0.726694797361591,-3.824131280187629,3.7237516313731245,False,False,1,1.0
1789487080463,93,837,1645.604789125958,391.4995929832631,1463.3463655159017,399.73834202313105,0,1,main_file,0.8190330655221838,64,3,1.6,-0.00010441504677123799,15.14910468908117,14.985178718317085,0.09800000043469481,0.2534000013838522,7.615099999384256,0.8465999999316409,8.725899999262765,0,True,on_screen,0.726694797361591,-3.8332931509171715,5.5346962704801514,False,False,1,1.0
1789487080529,94,838,1884.3845050082061,357.23000417968393,1758.0730631605147,369.98250553271805,0,1,main_file,0.42463162592725523,130,3,1.6,-0.0001324057195546107,15.163185422416841,14.985605387190493,0.1438999970559962,0.22650000028079376,7.3091000012937,0.9178000000247266,8.463800000754418,0,True,on_screen,0.726694797361591,-3.9013530308660336,6.491096183853616,False,False,1,1.0
1789487080592,95,839,2183.5959236061954,318.3336058342453,2055.939065472491,333.8282757437871,0,2,ai_agent,0.3892293224450051,0,1,1.8,-0.00014485822931766153,15.239233710529794,14.986730000813935,0.09869999848888256,0.22330000138026662,7.07930000135093,0.8809999999357387,8.193600002414314,0,True,on_screen,0.726694797361591,-3.9096500453663623,7.053870403865961,False,False,1,1.0
1789487080671,96,840,2448.5795166622224,359.59916797010584,2330.787381305303,351.8679003022102,0,2,ai_agent,0.8471998188994058,78,1,1.8,-0.00021262857298138572,14.973118181653213,14.983336282553976,0.11059999815188348,0.24560000019846484,6.964799998968374,0.8898999985831324,8.111099999950966,0,True,on_screen,0.726694797361591,-3.9503203359797396,8.13584121087842,False,False,1,1.0
1789487080736,97,841,2613.656307580143,373.451560167953,2528.7956296976913,366.97646220823015,0,2,ai_agent,0.7435345362826398,144,1,1.8,-0.00021998727244303996,15.022850426406992,14.983755373193222,0.31350000062957406,0.26050000087707303,7.533800002420321,0.8381000006920658,8.642600001621759,0,True,on_screen,0.726694797361591,-3.9646675180927673,8.55062788148295,False,False,1,1.0
1789487080800,98,842,2767.680351090474,411.01254833380983,2696.014934672639,397.80172249613594,0,2,ai_agent,0.4492372260356101,207,1,1.8,-0.00022179796325430372,15.086689492783687,14.984554048041545,0.09110000246437266,0.21440000273287296,7.3827999985951465,0.9272999996028375,8.534699998563156,0,True,on_screen,0.726694797361591,-3.940954253372695,8.47440937440847,False,False,1,1.0
1789487080865,99,843,2874.027269356928,418.6978506177063,2820.6235689516416,412.4290121812352,0,2,ai_agent,0.2308125029953575,273,1,1.8,-0.0002170313525075608,15.11201461923257,14.984626280035005,0.2826999989338219,0.38689999928465113,8.5454000000027,0.8656000027258415,9.809399998630397,0,True,on_screen,0.726694797361591,-3.939076466529599,8.453746688306698,False,False,1,1.0
1789487080928,100,844,2857.5376659508584,389.61368829628054,2834.9383805511984,403.58152329364503,0,2,ai_agent,0.21012073086213534,335,1,1.8,-0.0002403903281242379,15.18825837064328,14.986092462294486,0.20740000036312267,0.22769999850424938,7.010099998296937,0.7925000027171336,8.039600001211511,0,True,on_screen,0.726694797361591,-3.9778453186644356,8.298589826534004,False,False,1,1.0
1789487080992,101,845,437.6473648215352,705.3143323379189,1156.8346695404343,614.7944896246368,0,1,main_file,0.2519726836415347,0,4,2.0,-0.00017320176994604398,15.229509538923823,14.98684163285827,0.11360000280546956,0.22650000028079376,6.762900000467198,0.8506999984092545,7.850399997550994,0,True,on_screen,0.726694797361591,-4.1022327373047744,4.543333629633059,False,False,1,1.0
1789487081072,102,846,188.82264760053914,596.5259104158372,479.2262541825078,602.0064841784771,0,0,sidebar,0.46645452730150305,0,3,2.2,-0.00015649075605865016,14.961292067104218,14.983409646235307,0.08340000204043463,0.20959999892511405,6.760999996913597,0.8267999983218033,7.806999998138053,0,True,on_screen,0.726694797361591,-4.216888505505068,2.270544672236125,False,False,1,1.0
1789487081135,103,847,262.02196558244447,509.40689111168416,327.1832521624635,537.1867690317221,0,0,sidebar,0.5015300507201603,62,3,2.2,-0.0001654984763907897,15.034720966986315,14.983896565769378,0.12170000263722613,0.24230000053648837,7.962200001202291,0.7833999989088625,8.99819999904139,0,True,on_screen,0.726694797361591,-4.192442311102411,2.0170090336447384,False,False,1,1.0
1789487081200,104,848,264.3262269968803,452.7343680600062,283.1833345465552,478.07008835152095,0,0,sidebar,0.53109899464079,128,3,2.2,-0.00014925166065251315,15.068194743681628,14.98443376202327,0.09750000026542693,0.22869999884278513,7.630399999470683,0.7732999984000344,8.643599998322316,0,True,on_screen,0.726694797361591,-4.197937151749898,0.6691886174024836,False,False,1,1.0
1789487081264,105,849,241.70074695729966,386.4450999541777,254.14552323407634,413.9325964733806,0,0,sidebar,0.5530974921970429,191,3,2.2,-0.00011506366509283182,15.144179682155306,14.985382474247276,0.1523000028100796,0.2285999980813358,7.7208999973663595,0.6551000005856622,8.613699999841629,0,True,on_screen,0.726694797361591,-4.224668019601722,-0.15471288350780496,False,False,1,1.0
1789487081327,106,850,210.94960805518733,349.9082631628544,224.92768676569813,370.626360387934,0,0,sidebar,0.5324180732980021,254,3,2.2,-0.00011151078508913823,15.196901918142622,14.986304131255357,0.15270000221789815,0.2700000004551839,7.17879999865545,0.5865999992238358,8.046299997658934,0,True,on_screen,0.726694797361591,-4.214346097502897,-0.7591610564454682,False,False,1,1.0
1789487081391,107,851,206.24211813561502,305.8142381635382,213.84766274982684,332.19456925636825,0,0,sidebar,0.5263709681834934,319,3,2.2,-0.00011658616408813903,15.236267188207849,14.986883755828098,0.12620000052265823,0.26359999901615083,7.478800001990749,0.6831999999121763,8.436399999482092,0,True,on_screen,0.726694797361591,-4.25830963363353,-1.4087049067425779,False,False,1,1.0
1789487081472,108,852,218.91756701622973,243.02172142768785,217.39659573630885,269.773575776292,0,0,sidebar,0.5330051159155798,399,3,2.2,-0.00012407002788519805,14.955067874350753,14.983238425274926,0.1917000008688774,0.668499997118488,7.131300000764895,0.6939999984751921,8.504800000082469,0,True,on_screen,0.726694797361591,-3.962164343205586,-1.8057721293580917,False,False,1,1.0
1789487081535,109,853,210.10547015265712,224.74493980504894,214.431169965062,251.45965757241157,0,0,sidebar,0.5230566780391768,463,3,2.2,-0.00013934855025953506,15.035520767516262,14.984396043975348,0.13410000246949494,0.2522000031603966,6.4908999993349425,0.6417000004148576,7.394499996735249,0,True,on_screen,0.726694797361591,-3.934375863043897,-1.6592405218639725,False,False,1,1.0
1789487081599,110,854,200.2713414064427,173.72860044144596,204.63882827478477,197.7041288086441,0,0,sidebar,0.48104523758535556,526,3,2.2,-0.0001576983370852724,15.102448692279278,14.98498857713115,0.10440000187372789,0.20839999706367962,7.138100001611747,0.8463000012852717,8.202299999538809,0,True,on_screen,0.726694797361591,-3.8782933624174234,-2.169792533791607,False,False,1,1.0
1789487081663,111,855,178.94558335242158,141.93983177210947,190.7300007151641,167.51658364615912,0,0,sidebar,0.4379095662374938,591,3,2.2,-0.00016324549434674866,15.147290433672673,14.98558013865744,0.09869999848888256,0.24779999876045622,7.220300001790747,0.8994000017992221,8.37840000167489,0,True,on_screen,0.726694797361591,-3.886506947632512,-2.0418274006135495,False,False,1,1.0
1789487081728,112,856,176.49643571979078,132.80702298177565,185.92439556447917,155.79777366700128,0,0,sidebar,0.4213679461921829,655,3,2.2,-0.00015937887925085957,15.175223716934088,14.986012159541703,0.33989999792538583,0.27179999960935675,7.412300001305994,0.9427000004507136,8.639499999844702,0,True,on_screen,0.726694797361591,-4.011380290673543,-1.6793831229729754,False,False,1,1.0
1789487081791,113,857,177.55392419935825,116.79031464534376,182.92833810523334,141.83576561867983,0,0,sidebar,0.405425336568784,718,3,2.2,-0.00015430969201447355,15.242731056574092,14.987057512898328,0.08900000102585182,0.20740000036312267,7.190000000264263,0.8809999999357387,8.28909999836469,0,True,on_screen,0.726694797361591,-4.036352901490716,-1.8087485402770802,False,False,1,1.0
1789487081871,114,858,182.690554961477,109.1501199514675,182.85784877444976,132.14630970135042,0,0,sidebar,0.39708283182629645,799,3,2.2,-0.0001413983062794246,14.969562050300874,14.983278530187697,0.09370000043418258,0.24479999774484895,8.43219999660505,0.833400001283735,9.5231999985117,0,True,on_screen,0.726694797361591,-4.123484956351547,-1.833147976954728,False,False,1,1.0
1789487081936,115,859,184.0785501432439,85.38355887399354,183.36644385465576,112.66299820872413,0,0,sidebar,0.3801891602050905,864,3,2.2,-0.00014062569690440584,15.017432067758634,14.984162507753705,0.12970000170753337,0.2523000002838671,7.022499998129206,0.8651999996800441,8.149799999955576,0,True,on_screen,0.726694797361591,-4.113730226775004,-1.8470274181630275,False,False,1,1.0
1789487082001,116,860,177.13664020871397,67.76438164980193,180.84789189753695,94.51162377815737,0,0,sidebar,0.3588267217549945,928,3,2.2,-0.00014728090098083645,15.045882644747287,14.984343391012175,0.1187999987450894,0.24119999943650328,7.637499998963904,0.9543999985908158,8.842999999615131,0,True,on_screen,0.726694797361591,-4.129492304474468,-2.0367884877131948,False,False,1,1.0
1789487082063,117,861,160.98336074359338,60.72899586165764,173.857250837805,82.62298548166044,0,0,sidebar,0.3366746906704303,990,3,2.2,-0.00015082483854121816,15.152072418215916,14.985734285864329,0.10970000221277587,0.24359999952139333,7.0043000014266,0.9026000006997492,8.164399998349836,0,True,on_screen,0.726694797361591,-4.131247397053301,-1.9707349220423325,False,False,1,1.0
1789487082127,118,862,133.15802570147278,53.00607523259992,155.6657971853595,69.38502706059316,0,0,sidebar,0.29693035087499287,1055,3,2.2,-0.00016678832479170326,15.197677548068603,14.98637159013359,0.08639999941806309,0.2454999994370155,7.315700000617653,0.8078999999270309,8.379099999729078,0,True,on_screen,0.726694797361591,-4.129312375889327,-1.7650244713266279,False,False,1,1.0
1789487082192,119,863,94.4361517096166,42.08202256479214,119.57281163551377,53.29074888737199,0,0,sidebar,0.22836406760535377,1119,3,2.2,-0.00017044840994810684,15.225494941345975,14.987066422171932,0.1247000000148546,0.22049999824957922,6.757499999366701,0.8320999986608513,7.81989999813959,0,True,on_screen,0.726694797361591,-4.125080798299791,-1.9665640266846727,False,False,1,1.0
1789487082271,120,864,92.30180006679208,36.34834273409263,111.62367258808997,48.35226165997432,0,0,sidebar,0.21184703901072777,1198,3,2.0,-0.00017052386674779908,14.965581275273376,14.983707013545828,0.14940000255592167,0.24119999943650328,7.140500001696637,0.8768000006966759,8.26989999768557,0,True,on_screen,0.726694797361591,-4.132224516230281,-2.6772716889775636,False,False,1,1.0
1789487082335,121,865,85.87563982948102,31.0531135623726,104.3568865889578,43.46997770565805,0,0,sidebar,0.19638107670300997,1263,3,2.0,-0.00017083839216542294,15.038083782571587,14.984576704339144,0.08049999814829789,0.20249999943189323,6.840099998953519,0.8736999989196192,7.926099999167491,0,True,on_screen,0.726694797361591,-4.214161721510834,-2.1558763818594016,False,False,1,1.0
1789487082400,122,866,79.52355854940717,53.09753725667392,98.27714964646945,45.8270129518037,0,0,sidebar,0.1898038919233631,1328,3,1.8,-0.00014364029716525638,15.062397434013128,14.984922200697977,0.11869999798364006,0.23530000180471689,6.898999999975786,0.7439999972120859,7.889100001193583,0,True,on_screen,0.726694797361591,-4.258391016854347,-2.131382633193931,False,False,1,1.0
1789487082463,123,867,82.26944278403082,48.152561835262546,95.78608340398509,46.188907154928124,0,0,sidebar,0.1864896955341654,1391,3,1.8,-0.00014673109235412672,15.150522567358397,14.985860710783722,0.10409999958937988,0.20479999875533395,7.276500000443775,0.7880000011937227,8.278599998448044,0,True,on_screen,0.726694797361591,-4.277912091745577,-2.3890210266521503,False,False,1,1.0
1789487082527,124,868,88.57545744576711,27.67073347757483,94.4366312391901,42.7232732832289,0,0,sidebar,0.18111699993763608,1454,3,1.8,-0.00016089116091662012,15.193687647682152,14.986476836947356,0.09839999984251335,0.2792000013869256,7.397299999865936,0.763099997129757,8.45100000151433,0,True,on_screen,0.726694797361591,-4.296680884413178,-2.1553597034576164,False,False,1,1.0
1789487082593,125,869,70.74399538029326,27.792666956462497,88.35921438371062,38.89341158724774,0,0,sidebar,0.16843041429110484,1520,3,1.8,-0.0001563427460477499,15.200933888896799,14.986953624046802,0.12070000229869038,0.22589999935007654,6.81800000165822,0.7759000000078231,7.8284999981406145,0,True,on_screen,0.726694797361591,-4.2642395717158195,-1.9885110621390825,False,False,1,1.0
1789487082671,126,870,73.26551213680646,37.979490412057515,86.14612679983486,38.75940949999512,0,0,sidebar,0.165043678657113,1598,3,1.8,-0.00015022757744388195,14.956214056970932,14.983851231837326,0.11209999865968712,0.20320000112405978,7.2115999973902944,0.7403999989037402,8.164200000464916,0,True,on_screen,0.726694797361591,-4.273139572375328,-2.1266186370806723,False,False,1,1.0
1789487082735,127,871,66.72554584106258,36.473798821981816,82.56426427780103,38.337859637768254,0,0,sidebar,0.15935373582396328,1662,3,1.8,-0.00014417641066617574,15.022302035862468,14.984502849953664,0.12789999891538173,0.2523000002838671,7.349999999860302,0.727099999494385,8.342500001162989,0,True,on_screen,0.726694797361591,-4.287099282457035,-1.8047036625910393,False,False,1,1.0
1789487082799,128,872,45.26103403273615,32.5558557726126,69.89530161455073,36.37416934593041,0,0,sidebar,0.13870064076242317,1726,3,1.8,-0.00015410520583004385,15.078928005996275,14.98533131114591,0.09519999730400741,0.2334000018890947,6.720100001984974,0.7460999986506067,7.711199999903329,0,True,on_screen,0.726694797361591,-4.278037121057309,-2.031449717214749,False,False,1,1.0
1789487082864,129,873,51.76324976165397,32.97634015254801,66.72228615987926,35.77956678079304,0,0,sidebar,0.13341453476150666,1792,3,1.8,-0.00015043697906531699,15.118653884478363,14.985377850200775,0.3357999994477723,0.523900002008304,8.147800002916483,0.956600000790786,9.647099999710917,0,True,on_screen,0.726694797361591,-4.346057968078753,-1.9799027257678739,False,False,1,1.0
1789487082928,130,874,32.155657228273,38.4627736784173,55.89024546133689,36.62039526815242,0,0,sidebar,0.11801583479265565,1855,3,1.8,-0.0001629726567602182,15.184453803807274,14.986420005786067,0.09510000018053688,0.28360000214888714,7.635300000401912,0.9259999969799537,8.938099999795668,0,True,on_screen,0.726694797361591,-4.256117245815119,-1.5962843700279636,False,False,1,1.0
1789487082991,131,875,24.816849082058468,24.07308214690359,46.46019448364626,32.812578416650254,0,0,sidebar,0.10030890094497391,1918,3,1.8,-0.0001759189528204811,15.23463833499297,14.987411867231492,0.08560000060242601,0.20059999951627105,6.989000001340173,0.851700002385769,8.051199998590164,0,True,on_screen,0.726694797361591,-4.263413799031667,-1.7078101333901343,False,False,1,1.0
1789487083072,132,876,15.916471405251947,7.856759630816725,35.64562421456416,23.976509048512707,0,0,sidebar,0.07584809801510906,2000,3,1.8,-0.0001787329698105574,14.948429231244418,14.983797973068866,0.13589999798568897,0.25289999757660553,6.946699999389239,0.8218000002671033,8.04710000011255,0,True,on_screen,0.726694797361591,-4.352280268944099,-1.8646199596794273,False,False,1,1.0
1789487083135,133,877,27.022583291988674,-3.702170271036682,33.36119548311924,16.643832461012096,0,0,sidebar,0.06554217789449257,2062,3,1.8,-0.00019189210240938039,15.0430172282849,14.984852944992193,0.10560000009718351,0.2137000010407064,6.686500000796514,0.8351999967999291,7.749399999738671,0,True,on_screen,0.726694797361591,-4.369937792156151,-1.81155603517725,False,False,1,1.0
1789487083199,134,878,1345.8858559941086,-129.7037845782235,952.1284578408117,-85.79949946645281,-1,-1,off_screen,0.0,0,1,2.0,-0.00012073229748658411,15.095528273817257,14.985267843230034,0.11509999967529438,0.24710000070626847,7.448399999702815,0.9209999989252537,8.62750000305823,0,True,gaze_outside_screen,0.726694797361591,-4.24959825903295,0.15780069840890798,False,False,1,1.0
1789487083263,135,879,2724.681550706545,-180.0,2192.915622846825,-151.73984983993583,-1,-1,off_screen,0.0,64,1,2.0,-9.40726333770233e-05,15.14515488140573,14.986134398817832,0.19040000188397244,0.2268999996886123,6.78890000199317,0.8065000001806766,7.831499999156222,0,True,gaze_outside_screen,0.726694797361591,-4.106744189686594,4.56563450665867,False,False,1,1.0
1789487083328,136,880,2783.111430047744,-180.0,2606.052687887468,-171.52195495198075,-1,-1,off_screen,0.0,129,1,2.0,-6.525753669780164e-05,15.188097123927193,14.986645536404692,0.08909999814932235,0.2506000018911436,7.26080000094953,0.8285000003525056,8.349800002179109,0,True,gaze_outside_screen,0.726694797361591,-4.090191867708313,5.589163061093456,False,False,1,1.0
1789487083391,137,881,2766.7504691117365,-180.0,2718.541134744456,-177.45658648559422,-1,-1,off_screen,0.0,192,1,2.0,-3.864620418974653e-05,15.239777278726228,14.987320199748186,0.10549999933573417,0.2206999997724779,7.713400002103299,0.8010999990801793,8.755499999097083,0,True,gaze_outside_screen,0.726694797361591,-4.00990332430186,6.136867869389423,False,False,1,1.0
1789487083471,138,882,2817.492288774413,-170.2056296009566,2787.8069425654257,-172.38091666634787,-1,-1,off_screen,0.0,272,1,2.0,-7.96362675258358e-06,14.96358006125247,14.984103624393743,0.10850000035134144,0.22030000036465935,6.910399999469519,0.8287999989988748,7.968999998411164,0,True,gaze_outside_screen,0.726694797361591,-4.025144302231382,5.989246873844884,False,False,1,1.0
1789487083536,139,883,2827.015280151973,-138.18050514660808,2805.898426987193,-156.60018607909404,-1,-1,off_screen,0.0,337,1,2.0,-7.485296120062282e-06,15.012707229257426,14.98440756149548,0.1247000000148546,0.2533000006224029,7.719799999904353,0.8234000015363563,8.806599998933962,0,True,gaze_outside_screen,0.726694797361591,-3.882821809912315,6.300830683838089,False,False,1,1.0
1789487083599,140,884,2858.2548422786003,-114.57133965957696,2836.8044979708757,-131.79049459097033,-1,-1,off_screen,0.0,400,1,2.0,2.1238553314009007e-06,15.093339535718314,14.985180292374755,0.09359999967273325,0.23800000053597614,8.059600000706268,0.975899998593377,9.285500000260072,0,True,gaze_outside_screen,0.726694797361591,-3.860102242846608,6.242784690837694,False,False,1,1.0
1789487083663,141,885,2867.2918083075,-118.89872518130512,2845.9500450336195,-127.92323694979697,-1,-1,off_screen,0.0,464,1,2.0,6.614420004127236e-07,15.14688409177295,14.985996272283346,0.1083999995898921,0.26190000062342733,7.68439999956172,0.8596000006946269,8.817699999781325,0,True,gaze_outside_screen,0.726694797361591,-3.829524390950155,6.3843601513605375,False,False,1,1.0
1789487083727,142,886,2887.23607334568,-112.63566754565576,2862.1820103279606,-121.9127945277934,-1,-1,off_screen,0.0,528,1,2.0,-3.181222723950064e-06,15.190381455782775,14.98672030266122,0.08659999730298296,0.21659999765688553,7.422099999530474,0.8023999980650842,8.513300002960023,0,True,gaze_outside_screen,0.726694797361591,-3.6101850692820676,6.546325243543334,False,False,1,1.0
1789487083792,143,887,2892.041288854577,-108.96934416544525,2870.9973025952236,-118.09152678385914,-1,-1,off_screen,0.0,593,1,2.0,-4.668672457797118e-06,15.219345304016965,14.987237345159308,0.12249999781488441,0.24900000062189065,7.521100000303704,0.8177999989129603,8.597800002462463,0,True,gaze_outside_screen,0.726694797361591,-3.511635087450969,6.656257033274298,False,False,1,1.0
1789487083871,144,888,2882.294145701771,-91.77591479318077,2873.956077034437,-111.19916230858854,-1,-1,off_screen,0.0,672,1,1.8,-1.9494113357726092e-05,14.96314063139032,14.984349024623954,0.08430000161752105,0.20390000281622633,6.6723999989335425,0.850600001285784,7.736399998975685,0,True,gaze_outside_screen,0.726694797361591,-3.525536661548159,6.556742825338715,False,False,1,1.0
1789487083935,145,889,2881.347855773539,-97.06763049595814,2875.092001873403,-109.02751207862552,-1,-1,off_screen,0.0,736,1,1.6,-3.046383346329458e-05,15.02176809469861,14.984658928682975,0.17039999875123613,0.2612999996927101,7.77149999703397,0.8904999995138496,8.934599998610793,0,True,gaze_outside_screen,0.726694797361591,-3.398650967203963,6.813624145137027,False,False,1,1.0
1789487083999,146,890,2889.3461773158233,-107.7720216806545,2877.0832742535545,-108.85212323462514,-1,-1,off_screen,0.0,800,1,1.6,-5.454794410282397e-05,15.08421575191433,14.985301195874321,0.10189999738940969,0.24580000172136351,8.12460000088322,0.8292000020446721,9.21070000185864,0,True,gaze_outside_screen,0.726694797361591,-3.3759588128654343,6.819033851125253,False,False,1,1.0
1789487084065,147,891,2873.289476237046,-97.92993867385886,2876.6280184915736,-107.54146108733319,-1,-1,off_screen,0.0,866,1,1.6,-5.503232080637625e-05,15.104072677958625,14.985854312220619,0.15100000018719584,0.31859999944572337,7.100700000592042,0.8832000021357089,8.31540000217501,0,True,gaze_outside_screen,0.726694797361591,-3.3288177359975464,6.1257038064530445,False,False,1,1.0
1789487084127,148,892,2861.94623967407,-59.585491096777275,2870.0884138694137,-86.1807603910043,-1,-1,off_screen,0.0,928,1,1.6,-3.245037766979632e-05,15.194890026754013,14.987026779337034,0.1297999988310039,0.2182000025641173,6.8688999999722,0.8393999996769708,7.936000001791399,0,True,gaze_outside_screen,0.726694797361591,-3.3335976474358517,6.220216012314723,False,False,1,1.0
1789487084191,149,893,2870.6074859347545,-96.80277472391256,2870.1507025172546,-87.45540211095329,-1,-1,off_screen,0.0,992,1,1.6,-3.842467572968099e-05,15.23942350219306,14.987603791506547,0.10150000161956996,0.20819999917875975,7.3275000031571835,0.8830999977362808,8.428699999058153,0,True,gaze_outside_screen,0.726694797361591,-3.3660390204016437,6.157043781288115,False,False,1,1.0
1789487084272,150,894,2855.2854034135976,-56.797182001803314,2865.56830347313,-78.00465392599608,-1,-1,off_screen,0.0,1073,1,1.4,-5.8457494193272716e-05,14.954503414723645,14.984049981615335,0.12269999933778308,0.22670000180369243,7.544299998698989,0.8075000005192123,8.588900000177091,0,True,gaze_outside_screen,0.726694797361591,-3.3785982352441124,5.800940411774489,False,False,1,1.0
1789487084335,151,895,2852.3032511217634,-11.800701400592901,2857.6948139635324,-38.709209634066156,-1,-1,off_screen,0.0,1136,1,1.4,-8.213383537663231e-05,15.03562645408718,14.984983531260562,0.09389999831910245,0.23750000036670826,7.006600000750041,0.9204999987559859,8.176600000297185,0,True,gaze_outside_screen,0.726694797361591,-3.3790933083809307,6.021010803037645,False,False,1,1.0
1789487084399,152,896,2864.0987571211977,-21.966111128407462,2858.7869768806368,-35.85375154284024,-1,-1,off_screen,0.0,1200,1,1.4,-9.075959727986548e-05,15.09183664338079,14.985150936310957,0.08709999747225083,0.23429999782820232,9.001999998872634,0.882399999682093,10.13030000103754,0,True,gaze_outside_screen,0.726694797361591,-3.4561792491359995,6.627659606487542,False,False,1,1.0
1789487084463,153,897,1686.3516662475479,395.79494493676043,2038.0822594374745,266.3003359928802,0,2,ai_agent,0.3578474326528389,0,2,1.6,-0.00012790016718978482,15.143277790744497,14.986171097122076,0.1317000023846049,0.30390000029001385,7.540899998275563,0.8507000020472333,8.711499998753425,0,True,on_screen,0.726694797361591,-3.6002854884154942,6.977150732937448,False,False,1,1.0
1789487084528,154,898,1334.971675757935,477.53396783130034,1545.9048508617968,414.1638782797743,0,1,main_file,0.7248923230897777,0,5,1.8,-0.00016382235016988884,15.180641510602051,14.98682186890354,0.09040000077220611,0.3639999995357357,7.203799999842886,0.8142000006046146,8.391899998969166,0,True,on_screen,0.726694797361591,-3.775428863961679,6.054272912801427,False,False,1,1.0
1789487084607,155,899,1383.8363424178006,683.4781381927262,1432.4568949509994,602.6838602188407,0,1,main_file,0.46509356042645167,78,5,1.6,-0.00035125527080765405,14.92375772346315,14.983824253362435,0.12240000069141388,0.2998999989358708,6.634999997913837,0.8802000011201017,7.8271999991557095,0,True,on_screen,0.726694797361591,-4.092166254983198,5.437893502483902,False,False,1,1.0
1789487084671,156,900,1982.0043190872932,1652.8273977897413,1817.140091846405,1337.784336518471,2,1,terminal,0.2747023290570678,0,1,1.8,-0.0011109315266772755,14.999136378097067,14.984490802278247,0.10399999882793054,0.2151000007870607,7.063699998980155,0.8195999980671331,8.108300000458257,0,True,on_screen,0.726694797361591,-4.48060804929051,2.622698673469275,False,True,1,1.0
1789487084736,157,901,1941.4164446436612,1747.7541936555635,1904.1335388044845,1624.763236514436,2,2,terminal,0.09666761245657962,65,1,1.8,-0.0010647843414292625,15.044975475504732,14.985010557139379,0.1201999984914437,0.2184999975725077,7.055099998979131,0.7815999997546896,8.064800000283867,0,True,on_screen,0.726694797361591,-4.592260680123303,2.721412949168164,False,True,1,1.0
1789487084799,158,902,1771.7457948035017,1639.0856882465482,1811.4621180037964,1634.7889527269147,2,1,terminal,0.3018837391692236,128,1,1.8,-0.0009277578461896786,15.11273328105187,14.985829154064955,0.10689999908208847,0.20709999807877466,6.927400001586648,0.7635000001755543,7.907100000011269,0,True,on_screen,0.726694797361591,-4.636085681188433,2.95056238635574,False,False,2,2.0
1789487084863,159,903,1683.9447480828233,1503.4410973042254,1722.1999590591151,1542.8454539310321,2,1,terminal,0.4957343325742597,191,1,1.8,-0.0008195216056580811,15.168381610035361,14.986361763544181,0.10579999798210338,0.21560000095632859,7.716399999480927,0.7339000003412366,8.67600000128732,0,True,on_screen,0.726694797361591,-4.65453075198468,3.080087419061999,False,False,2,2.0
1789487084928,160,904,1564.3950026402551,1377.7181610741184,1611.7364895659132,1427.2563489311924,2,1,terminal,0.6705040137892806,256,1,1.6,-0.0006410489082268964,15.202325353199184,14.987125097977577,0.19130000146105886,0.2131000001099892,6.845500000054017,0.7790000017848797,7.847400000173366,0,True,on_screen,0.726694797361591,-4.763437305446956,3.608042783007135,False,False,2,2.0
1789487085008,161,905,1541.6071060554898,1285.6082301444571,1562.6459211086167,1328.1026657804778,2,1,terminal,0.6269423357742461,336,1,1.6,-0.0004668929326008004,14.925267787311206,14.98364350706125,0.1297999988310039,0.2334000018890947,7.094399999914458,0.8249000020441599,8.16330000088783,0,True,on_screen,0.726694797361591,-4.681743033760853,4.594408609089801,False,False,2,2.0
1789487085071,162,906,1407.7030717295038,1238.0966922926987,1454.1859265432377,1265.0984843390324,2,1,terminal,0.5842520894458028,400,1,1.6,-0.00035535804753958865,15.018876911836603,14.984431498186286,0.12910000077681616,0.22200000239536166,7.654599998204503,0.790699999924982,8.676599998580059,0,True,on_screen,0.726694797361591,-4.710873995556653,4.452454964202443,False,False,2,2.0
1789487085135,163,907,1372.014886313518,1185.6147334041427,1396.6661983824338,1209.4598586846096,2,1,terminal,0.48103569938508617,463,1,1.6,-0.0003085640801520663,15.077594548317013,14.98529186168969,0.08119999984046444,0.20109999968553893,6.780400002753595,0.8683000014571007,7.859600002120715,0,True,on_screen,0.726694797361591,-4.62265140284191,4.251254625640362,False,False,2,2.0
1789487085199,164,908,1723.0217857072655,976.4923846897756,1625.115109509816,1046.3826268882258,1,1,main_file,0.5830694572513531,0,6,1.8,-0.00024797508884076384,15.127428673659589,14.985790433901022,0.10610000026645139,0.22179999723448418,7.231999999930849,0.9104999990086071,8.374299999559298,0,True,on_screen,0.726694797361591,-4.551743139272247,5.5100335038493995,False,False,2,2.0
1789487085264,165,909,1964.1954227112706,773.9091359403291,1862.4713287508343,855.6511832246981,1,1,main_file,0.24953439095759788,65,6,1.8,-0.00019965287774008356,15.158691512928252,14.98634526323067,0.11890000314451754,0.24359999952139333,7.008999997196952,0.8287999989988748,8.091799998510396,0,True,on_screen,0.726694797361591,-4.447171121007074,5.342875828509339,False,False,2,2.0
1789487085327,166,910,2253.6046959992564,523.048370004655,2136.26468582473,622.829213970668,0,2,ai_agent,0.26354296258017007,0,3,2.0,-9.490077200362788e-05,15.231455374699,14.987374479277168,0.08130000060191378,0.20360000053187832,6.66070000079344,0.8276999978988897,7.702299997617956,0,True,on_screen,0.726694797361591,-4.0955944588771445,6.075284048410829,False,False,2,2.0
1789487085407,167,911,2506.8428359362397,270.6865536515991,2395.6693909027867,376.32935174731983,0,2,ai_agent,0.8649348874677754,80,3,1.8,-5.969572570935222e-05,14.962344694397586,14.984040623336748,0.07950000144774094,0.20399999993969686,7.081100000505103,0.911300001462223,8.20670000030077,0,True,on_screen,0.726694797361591,-3.915085823584633,5.473001088319544,False,False,2,2.0
1789487085472,168,912,2466.2450126659032,201.0725364248478,2445.0723261369685,253.64958102158943,0,2,ai_agent,0.8857817658921313,144,3,1.8,-1.3384737939119498e-05,15.003410510485299,14.984490288539417,0.11519999679876491,0.23060000239638612,6.986699998378754,0.8414000003540423,8.06870000087656,0,True,on_screen,0.726694797361591,-3.8683951477319454,4.327764535775434,False,False,2,2.0
1789487085535,169,913,2451.532335776488,91.48447850782209,2449.594332884632,140.13400926195231,0,2,ai_agent,0.7042923970881387,208,3,1.8,8.75659431576175e-05,15.083272673491724,14.985401584511475,0.13010000111535192,0.24499999926774763,6.686599997919984,0.8731000016268808,7.816099998308346,0,True,on_screen,0.726694797361591,-3.7205603418789224,4.834150680780947,False,False,2,2.0
1789487085599,170,914,2455.7745518285815,60.814186502595454,2453.89730400341,84.90766379173766,0,2,ai_agent,0.6082561137785323,272,3,1.6,0.00017713554450317533,15.133148175068133,14.98586367411641,0.0974000031419564,0.21389999892562628,7.331900000281166,0.9343000019725878,8.490500000334578,0,True,on_screen,0.726694797361591,-3.7283411840187455,4.204649529298054,False,False,2,2.0
1789487085663,171,915,2505.7999450334323,-3.5493316869054925,2490.2291527244256,22.987766956687455,0,2,ai_agent,0.48530617910589435,336,3,1.6,0.00017872922645843087,15.176658244350579,14.986299770427202,0.16040000264183618,0.2539000015531201,7.87309999941499,1.0686999994504731,9.209899999405025,0,True,on_screen,0.726694797361591,-3.6550192473264076,4.0614007298959045,False,False,2,2.0
1789487085728,172,916,2534.861219227219,0.39663323752854385,2510.0601018361367,12.950059580255433,0,2,ai_agent,0.4568813919185619,401,3,1.6,0.00021160210989291765,15.217156341933208,14.987128322837892,0.19129999782308005,0.6790000006731134,6.87850000031176,0.8137999975588173,8.380499999475433,0,True,on_screen,0.726694797361591,-3.5722513478700364,4.218799013187075,False,False,2,2.0
1789487085807,173,917,2581.1246204210966,-39.2708106156709,2559.8052648456087,-23.604549556892994,-1,-1,off_screen,0.0,0,2,1.8,0.0002512295581165568,14.954406115143582,14.98399163929197,0.11559999984456226,0.21049999850220047,7.463500001904322,0.79840000034892,8.482400000502821,0,True,gaze_outside_screen,0.726694797361591,-3.546265527276006,4.610826856395894,False,False,2,2.0
1789487085871,174,918,2612.017789077778,-52.5718317517262,2587.317917251763,-38.86844989301946,-1,-1,off_screen,0.0,64,2,1.8,0.00026201254698032285,15.01724597227022,14.984643971910847,0.0895000011951197,0.21629999901051633,7.340299998759292,0.8142000006046146,8.379599999898346,0,True,gaze_outside_screen,0.726694797361591,-3.5940370896404943,4.874392231642984,False,False,2,2.0
1789487085936,175,919,2639.515341437602,-85.93639215918789,2619.5308067396863,-67.9157534006776,-1,-1,off_screen,0.0,129,2,1.8,0.00026588478206092565,15.060194877447092,14.985163359339872,0.24510000002919696,0.25149999783025123,7.131000002118526,0.8568000012019183,8.25059999988298,0,True,gaze_outside_screen,0.726694797361591,-3.502871256769339,5.953918814433719,False,False,2,2.0
1789487085999,176,920,2676.2835945039164,-93.16735683463295,2650.6011747478506,-81.74021282192403,-1,-1,off_screen,0.0,192,2,1.6,0.0002618213144329612,15.138210846714083,14.986087209841028,0.09420000060345046,0.234800001635449,6.869500000902917,0.952599999436643,8.068499999353662,0,True,gaze_outside_screen,0.726694797361591,-3.551308495670213,5.885099337976635,False,False,2,2.0
1789487086063,177,921,2686.551927498563,-114.14492278400564,2666.0767955849587,-95.68937845378134,-1,-1,off_screen,0.0,256,2,1.6,0.00026738067472918854,15.189371725613176,14.986844138151875,0.08750000051804818,0.21570000171777792,6.7620000008901116,0.8086000016191974,7.794500001182314,0,True,gaze_outside_screen,0.726694797361591,-3.38965647106113,6.496156246359451,False,False,2,2.0
1789487086127,178,922,2672.1278229076697,-95.85479708154246,2666.8029188636838,-95.70922868911268,-1,-1,off_screen,0.0,320,2,1.4,0.0002676567242914825,15.230139269785202,14.987093105664709,0.10009999823523685,0.34139999843318947,8.189100000890903,0.8426000022154767,9.383200002048397,0,True,gaze_outside_screen,0.726694797361591,-3.3505086402287816,6.880535312840483,False,False,2,2.0
1789487086208,179,923,2643.310365718021,-87.70120202075708,2661.4149864589826,-93.87261663095875,-1,-1,off_screen,0.0,401,2,1.4,0.000268265368344291,14.95037295422211,14.984055868755775,0.08829999933368526,0.243499998759944,7.081200001266552,0.8219000010285527,8.15610000063316,0,True,gaze_outside_screen,0.726694797361591,-3.2486673739300898,7.16731459760274,False,False,2,2.0
1789487086271,180,924,2634.489708244361,-73.62415400262927,2653.2028516568553,-87.69689197124563,-1,-1,off_screen,0.0,463,2,1.4,0.00026153243878684375,15.035139447137448,14.98488054744113,0.0911999995878432,0.207500001124572,7.182800000009593,0.80080000043381,8.201000000553904,0,True,gaze_outside_screen,0.726694797361591,-3.1957386840684023,7.1754373836853675,False,False,2,2.0
1789487086335,181,925,2615.011235239569,-61.45980352215857,2637.434978683108,-76.86459115040546,-1,-1,off_screen,0.0,528,2,1.4,0.00027478134911199277,15.087607397041955,14.985322621708026,0.09669999781181104,0.2533000006224029,7.751100001769373,0.8295999978145119,8.84579999910784,0,True,gaze_outside_screen,0.726694797361591,-3.0321178487622547,6.275536227115828,False,False,2,2.0
1789487086399,182,926,2615.3552083478908,-52.04709208230235,2630.7895055469753,-69.39512834082075,-1,-1,off_screen,0.0,592,2,1.4,0.0002900794120509094,15.138899324651458,14.985775844654986,0.1334000007773284,0.23779999901307747,8.241100000304868,1.1157000008097384,9.608399999706307,0,True,gaze_outside_screen,0.726694797361591,-2.944237826622526,6.313276468069712,False,False,2,2.0
1789487086464,183,927,2606.155306522018,-41.82270466579164,2622.585967980137,-60.21312030403737,-1,-1,off_screen,0.0,657,2,1.4,0.00030263852438294943,15.175680677837116,14.98670405321778,0.15350000103353523,0.2432000001135748,6.927700000233017,0.8187000021280255,8.018900000024587,0,True,gaze_outside_screen,0.726694797361591,-3.057762178633908,5.988784572220203,False,False,2,2.0
1789487086527,184,928,2639.896634788708,-74.87321572745415,2626.240783189902,-63.30831821424012,-1,-1,off_screen,0.0,720,2,1.4,0.0003060726428207629,15.239180273384829,14.987438209218977,0.10910000128205866,0.23300000248127617,7.409300000290386,0.8113999974739272,8.46330000058515,0,True,gaze_outside_screen,0.726694797361591,-3.042786000211464,6.612461189719445,False,False,2,2.0
1789487086607,185,929,2498.705459692176,-70.74778794272659,2536.966056741494,-68.51594702418065,-1,-1,off_screen,0.0,800,2,1.4,0.00028551427663382756,14.961593358867287,14.98432027983618,0.15019999773357995,0.27630000113276765,6.7436999997880775,0.8176000010280404,7.848100001865532,0,True,gaze_outside_screen,0.726694797361591,-3.196253044738313,6.672573678329835,False,False,2,2.0
1789487086672,186,930,1608.944644965694,361.1491242062607,1887.351068498434,232.24960283712826,0,2,ai_agent,0.08644716256613194,0,4,1.6,0.00011691372063676701,15.013011986071197,14.984893583763231,0.09330000102636404,0.20589999985531904,6.568699998751981,0.8082999993348494,7.592900001327507,0,True,on_screen,0.726694797361591,-3.6227647134191443,6.021774293456266,False,False,2,2.0
1789487086735,187,931,1976.0883670473888,1366.2288004074312,1949.4671774827025,1026.0350411363404,1,2,second_file,0.1735024642939217,0,0,1.8,-0.0009410717317887753,15.083553427119082,14.985217284347247,0.21490000290214084,0.23800000053597614,8.325999999215128,0.791499998740619,9.365099998831283,0,True,on_screen,0.726694797361591,-4.335742277477863,3.1251519349779846,False,False,2,2.0
1789487086799,188,932,2101.6571691875956,1769.2436015674893,2056.0001716761276,1546.2810334381447,2,2,terminal,0.38679273822843807,0,2,2.0,-0.0012538989490974237,15.14284683079212,14.986082512000808,0.09439999848837033,0.25409999943803996,7.703399998717941,0.7489000017812941,8.71710000137682,0,True,on_screen,0.726694797361591,-4.580184673447349,1.9990927265485816,False,True,2,2.0
1789487086864,189,933,1848.4547147253224,1687.2738917067118,1910.718351810564,1644.9760342261416,2,2,terminal,0.09845710390895435,65,2,2.0,-0.001096687426716073,15.179031474778595,14.98669817293616,0.10910000128205866,0.22680000256514177,7.399699999950826,0.7545999978901818,8.391200000914978,0,True,on_screen,0.726694797361591,-4.606090049895556,1.8476350820976768,False,True,2,2.0
1789487086928,190,934,1802.8869727398733,1457.1826321537915,1835.2363864610804,1513.5206527754965,2,1,terminal,0.30134200061330685,128,2,2.0,-0.0009576251695057551,15.223140198551448,14.98733469126297,0.38470000072265975,0.2631999996083323,7.411000002321089,0.7659000002604444,8.450299999822164,0,True,on_screen,0.726694797361591,-4.642518340580608,2.1151713696705716,False,False,3,3.0
1789487087007,191,935,1791.1841446371952,1315.3760350691007,1804.399817184361,1374.8194203810194,2,1,terminal,0.31930168164071027,207,2,2.0,-0.0009387022166006762,14.966181262666682,14.984156978387855,0.09209999916492961,0.2286000017193146,8.404799998970702,0.7310000000870787,9.374299999763025,0,True,on_screen,0.726694797361591,-4.688299175969917,2.788770526016109,False,False,3,3.0
1789487087071,192,936,1629.6022160341327,1215.5278597609038,1682.041496379201,1263.3153279469384,2,1,terminal,0.40192850513828193,272,2,2.0,-0.0007371141801181137,15.02510935864238,14.984852307495121,0.09130000034929253,0.24280000070575625,7.889200001955032,0.7832000010239426,8.927099999709753,0,True,on_screen,0.726694797361591,-4.812849216940549,2.174076773261714,False,False,3,3.0
1789487087135,193,937,1542.9438600246417,1203.310080033599,1584.6731509310093,1221.3116544076008,2,1,terminal,0.4452635154237444,335,2,2.0,-0.0006417618897110056,15.078849103681922,14.985512615739658,0.12079999942216091,0.26820000130101107,7.581199999549426,0.7879999975557439,8.649200000945712,0,True,on_screen,0.726694797361591,-4.807408467391923,2.677763705504162,False,False,3,3.0
1789487087199,194,938,1448.058930584674,1168.3558351228041,1489.0431966885747,1184.242580908243,2,1,terminal,0.4354744602242905,399,2,2.0,-0.0005225209914701493,15.136470454525046,14.986245558321606,0.09000000136438757,0.21809999816468917,7.488499999453779,0.7246999994094949,8.441399997536791,0,True,on_screen,0.726694797361591,-4.7943965075672,3.374421065270296,False,False,3,3.0
1789487087263,195,939,1468.6995784301812,1114.6539289512768,1476.103825835656,1139.981360343196,1,1,main_file,0.5712627068736638,0,7,2.2,-0.00045367101591604897,15.186510834223327,14.986840739848704,0.09610000051907264,0.2153999994334299,7.666200002859114,0.8378000020456966,8.72959999833256,0,True,on_screen,0.726694797361591,-4.893679226101085,3.77375151142665,False,False,3,3.0
1789487087327,196,940,1485.929316678579,1102.4413290360526,1479.529258874808,1126.8938855710924,1,1,main_file,0.5931171231693466,63,7,2.2,-0.0002760162137918059,15.233373364532389,14.987524265220904,0.08629999865661375,0.33960000291699544,7.591000001411885,0.7767999995849095,8.71740000002319,0,True,on_screen,0.726694797361591,-4.656591133888725,5.144584364093309,False,False,3,3.0
1789487087408,197,941,1578.374614022144,897.372245167721,1548.7210074779432,966.2287372887324,1,1,main_file,0.7750953655432564,144,7,2.2,-0.00023039145075092957,14.95176764763199,14.984302533839374,0.27210000189370476,0.35629999911179766,7.269900001119822,0.7692999970458914,8.406199998717057,0,True,on_screen,0.726694797361591,-4.546807595854773,5.214055793419758,False,False,3,3.0
1789487087471,198,942,1626.6476233186136,819.6272546557909,1603.2696385664124,863.6076994456733,1,1,main_file,0.7044790544355588,207,7,2.2,-0.00019437925639780376,15.038138648751081,14.985170551141744,0.08890000026440248,0.19750000137719326,7.089300001098309,0.9748000011313707,8.271999999124091,0,True,on_screen,0.726694797361591,-4.486401563584224,5.545041513182172,False,False,3,3.0
1789487087535,199,943,1730.7755220784763,697.7882994516154,1692.5237570248573,747.5341194498328,1,1,main_file,0.4788670372162471,272,7,2.2,-0.00016393875552736178,15.0967637511201,14.985716776439837,0.08750000051804818,0.21299999934853986,7.684700001846068,0.8015000021259766,8.708400000614347,0,True,on_screen,0.726694797361591,-4.435999402616915,6.256384848378607,False,False,3,3.0
1789487087599,200,944,1723.119997148425,606.6907462755861,1713.9411251113547,648.9437582278601,1,1,main_file,0.3435402696827693,335,7,2.2,-0.00013303181365964013,15.14108410022058,14.986282130435983,0.15929999790387228,0.26509999952395447,7.576899999548914,0.8591000005253591,8.711999998922693,0,True,on_screen,0.726694797361591,-4.433735694321172,6.441963167564428,False,False,3,3.0
1789487087664,201,945,1695.7820100200556,597.0662179293586,1705.1074968958026,623.7075668479251,0,1,main_file,0.26080700416154157,401,7,2.2,-0.00010335947569486102,15.157281873887472,14.986269651108998,0.13099999705445953,0.38249999852268957,8.932000000640983,0.8211999993363861,10.145800002646865,0,True,on_screen,0.726694797361591,-4.421135855562966,6.457079571084684,False,False,3,3.0
1789487087727,202,946,1614.4447131187405,604.363001801058,1641.643548251859,610.1663713151181,0,1,main_file,0.34642226718704294,463,7,2.2,-9.453150132061883e-05,15.242370743503047,14.987542540005034,0.11299999823677354,0.2285999980813358,7.889100001193583,0.9159000001091044,9.044400001585018,0,True,on_screen,0.726694797361591,-4.4491129886637,6.035498573858523,False,False,3,3.0
1789487087807,203,947,427.82132143449894,717.3215651126637,791.9679894797071,685.1750069734001,1,0,sidebar,0.3308244677876815,0,4,2.4,-0.00012885954728921942,14.970539854549118,14.984720648413461,0.09949999730451964,0.20219999714754522,6.82549999692128,0.7811999967088923,7.819300000846852,0,True,on_screen,0.726694797361591,-4.554708346949866,2.0095982138227146,False,False,3,3.0
1789487087871,204,948,334.8945692441618,633.019459056661,472.0165953148254,648.6661234316828,1,0,sidebar,0.555753762068339,64,4,2.4,-0.00013571645690246652,15.022557355574328,14.985172266885169,0.12310000238358043,0.24739999935263768,7.024099999398459,0.8113000003504567,8.092299998679664,0,True,on_screen,0.726694797361591,-4.489914586822664,1.4445412667114368,False,False,3,3.0
1789487087935,205,949,343.83164065012363,561.2448504416093,382.28712704953415,587.4712323386314,0,0,sidebar,0.463598726371801,128,4,2.4,-0.00011764346168009233,15.093984604757432,14.985937269106458,0.08650000017951243,0.22489999901154079,6.9178000012470875,0.8945000008679926,8.046800001466181,0,True,on_screen,0.726694797361591,-4.440251277886887,1.069271921331961,False,False,3,3.0
1789487087999,206,950,299.8223657342735,476.86245702805815,324.5617941288517,510.0450896212301,0,0,sidebar,0.5383631970663283,192,4,2.4,-0.00010255207863923803,15.145232876317891,14.986529121669431,0.09270000009564683,0.23020000298856758,7.1094000013545156,0.8458000011160038,8.196599999791943,0,True,on_screen,0.726694797361591,-4.406631898322928,0.9557236872486081,False,False,3,3.0
1789487088063,207,951,304.8485063003109,402.7441006580777,310.76249264887315,434.93439734702343,0,0,sidebar,0.617613833075919,256,4,2.4,-4.555573816817336e-05,15.19695634458527,14.987314278592644,0.09649999992689118,0.21019999985583127,6.712900001730304,0.8187000021280255,7.75190000058501,0,True,on_screen,0.726694797361591,-4.298612163930187,0.967957343116205,False,False,3,3.0
1789487088128,208,952,297.4834292894345,386.53590079100604,304.8438314726046,413.3625217710056,0,0,sidebar,0.6314030011632857,321,4,2.4,3.113161169048147e-05,15.217160277825908,14.987622475127779,0.13870000111637637,0.25610000011511147,7.133099999919068,0.8311999990837649,8.229600000049686,0,True,on_screen,0.726694797361591,-4.260983337282198,0.5992711709356474,False,False,3,3.0
1789487088207,209,953,295.45405226413413,350.6730481673644,299.60136650202344,378.3619789366445,0,0,sidebar,0.6525271065152989,400,4,2.2,7.671690431363364e-05,14.96079292956164,14.98458626964552,0.13609999950858764,0.21439999909489416,7.67229999837582,0.9100999996007886,8.805500001471955,0,True,on_screen,0.726694797361591,-4.247019468950441,0.09662056001587019,False,False,3,3.0
1789487088271,210,954,322.3996905350922,314.7387043388542,313.1459500019138,340.56311468345376,0,0,sidebar,0.6966395026280583,463,4,2.2,8.810321959586663e-05,15.021133870081906,14.985168476623365,0.10130000009667128,0.25380000079167075,7.683100000576815,0.8696999975654762,8.817400001134956,0,True,on_screen,0.726694797361591,-4.3279581698208744,-0.32516533855033736,False,False,3,3.0
1789487088336,211,955,327.5008916794022,296.2555980710529,319.1018651667549,322.17977213584237,0,0,sidebar,0.7130591412076501,529,4,2.2,0.00013010122315085422,15.069533082519149,14.985946524575372,0.10199999815085903,0.2193000000261236,6.5511000029800925,0.9654999994381797,7.746499999484513,0,True,on_screen,0.726694797361591,-4.244647898397943,-0.6193190445283426,False,False,3,3.0
1789487088399,212,956,345.8040975851303,290.50271226352606,329.0089443504986,310.426929319327,0,0,sidebar,0.7326143836023142,592,4,2.2,0.00010751664250800708,15.143180117836739,14.986820220330943,0.08270000034826808,0.2041000007011462,6.45520000034594,0.8205999984056689,7.489499999792315,0,True,on_screen,0.726694797361591,-4.10152873179689,-0.17649814257461827,False,False,3,3.0
1789487088463,213,957,366.921959153423,252.53280620081077,352.056732948449,275.23237890872895,0,0,sidebar,0.7697710887933821,656,4,2.2,7.289013351942028e-05,15.189767056354015,14.987247496749019,0.10699999984353781,0.22309999985736795,7.237899997562636,0.8576000000175554,8.328799998707836,0,True,on_screen,0.726694797361591,-4.0922662742537455,-0.07681000891265904,False,False,3,3.0
1789487088528,214,958,452.096374838019,243.88772313508858,422.08448227114803,253.2911198671807,0,0,sidebar,0.868553535044166,721,4,2.2,5.711310675823693e-05,15.207105774737606,14.987255208940564,0.1857999995991122,0.2880000029108487,8.413499999733176,1.2173999966762494,9.928499999659834,0,True,on_screen,0.726694797361591,-4.08086756723489,0.5372739076288133,False,False,3,3.0
1789487088607,215,959,909.7812453030966,184.18267532550192,763.4722163935121,204.91520868800558,0,0,sidebar,0.47177772346611435,800,4,2.2,-3.519063948890025e-06,14.953589439105887,14.984659591464679,0.12419999984558672,0.2666000000317581,7.716600001003826,0.8261000002676155,8.821299998089671,0,True,on_screen,0.726694797361591,-4.016582863248061,1.83795725594028,False,False,3,3.0
1789487088671,216,960,1733.8919781681423,34.972037355767846,1442.766049635753,85.95498875543917,0,1,main_file,0.621822996423723,0,8,2.4,1.990794473451414e-05,15.024430643034425,14.98534096483493,0.08449999950244091,0.2007000002777204,7.713500002864748,0.8688999987498391,8.794400000624591,0,True,on_screen,0.726694797361591,-3.872132785923469,4.451693508717549,False,False,3,3.0
1789487088735,217,961,1902.6481963118024,16.77898245450935,1764.6835523089876,37.5317843447883,0,1,main_file,0.26241237984424226,63,8,2.4,3.415225839994117e-05,15.078364209458481,14.985967769783512,0.11959999756072648,0.21360000027925707,7.541700000729179,0.8257999979832675,8.592000001954148,0,True,on_screen,0.726694797361591,-3.690770107817258,6.690899783256655,False,False,3,3.0
1789487088800,218,962,2117.3359351915897,-5.539090632962912,2011.540220326809,7.382171860362453,0,2,ai_agent,0.14080178156921952,0,5,2.6,1.65621690706233e-05,15.100419579289971,14.986224310546705,0.12579999747686088,0.23720000172033906,7.547799999883864,1.0631999975885265,8.858300003339536,0,True,on_screen,0.726694797361591,-3.522909345973119,7.405229214361438,False,False,3,3.0
1789487088863,219,963,2605.2687434476416,-82.06351525557295,2427.150186511392,-55.229809120792325,-1,-1,off_screen,0.0,0,3,2.8,1.2650542151606062e-05,15.182430095407431,14.987241212150328,0.11180000001331791,0.24499999926774763,7.273800001712516,0.8835000007820781,8.414300002186792,0,True,gaze_outside_screen,0.726694797361591,-3.3910961440338667,7.840929918743313,False,False,3,3.0
1789487088927,220,964,2689.5077348378913,-67.45543000154356,2610.8004703399415,-63.787743737318195,-1,-1,off_screen,0.0,64,3,2.8,1.5419729405651353e-05,15.236899889572285,14.98814938802337,0.10770000153570436,0.24760000087553635,6.622900000365917,0.7761999986541923,7.655699999304488,0,True,gaze_outside_screen,0.726694797361591,-3.4946197310235902,7.139071480202189,False,False,3,3.0
1789487089008,221,965,2749.6002291039936,-57.393325808987505,2707.960301474778,-59.31165118748671,-1,-1,off_screen,0.0,144,3,2.8,1.684920052151019e-05,14.94258256403924,14.984336678771935,0.20150000273133628,0.243800001044292,8.007299999007955,1.1539999977685511,9.415199998329626,0,True,gaze_outside_screen,0.726694797361591,-3.460412492870205,7.1360088536221244,False,False,3,3.0
1789487089071,222,966,2741.3149903696312,-24.08234643525318,2722.3510374149937,-44.11212036155193,-1,-1,off_screen,0.0,208,3,2.8,1.6840915868456333e-05,15.041185739908588,14.985581473860199,0.08199999865610152,0.2134000023943372,6.972700000915211,0.8204999976442195,8.016200001293328,0,True,gaze_outside_screen,0.726694797361591,-3.4930835536888196,6.400068951981874,False,False,3,3.0
1789487089135,223,967,2715.336841994282,3.4664414764673945,2719.350010761782,-23.75561136327571,-1,-1,off_screen,0.0,272,3,2.8,1.340860160718542e-05,15.102556271606597,14.986268540867831,0.08600000001024455,0.22510000053443946,6.742099998518825,0.9341000004496891,7.911000000603963,0,True,gaze_outside_screen,0.726694797361591,-3.511005593682512,5.874968518988125,False,False,3,3.0
1789487089199,224,968,2689.562177975314,1.1350658553477904,2708.9616719248975,-15.075127936362804,-1,-1,off_screen,0.0,335,3,2.8,5.067845550129138e-06,15.153225086355537,14.986903180642203,0.11580000136746094,0.22679999892716296,6.769999999960419,0.8329000011144672,7.838699999410892,0,True,gaze_outside_screen,0.726694797361591,-3.4803448742950422,5.846308784783707,False,False,3,3.0
1789487089263,225,969,2664.4626859695163,15.562599884306055,2687.670742668957,-0.416238939505849,-1,-1,off_screen,0.0,400,3,2.8,8.790616169169346e-07,15.192522597532438,14.986377058471929,0.18849999833037145,1.7288999988522846,9.8111000006611,0.8904999995138496,12.509100000897888,0,True,gaze_outside_screen,0.726694797361591,-3.470083023387673,5.527300338331403,False,False,3,3.0
1789487089327,226,970,2685.5121055875393,16.863271930339575,2687.3120274384128,2.4552135055218227,0,2,ai_agent,0.26927365611981735,0,6,3.0,5.687884299918761e-06,15.231397842425276,14.987759087694114,0.22390000231098384,0.34640000012586825,7.866799998737406,0.8629999974800739,9.088499999052146,0,True,on_screen,0.726694797361591,-3.3311357150711842,5.5041643703566585,False,False,3,3.0
1789487089407,227,971,2689.1460702253344,20.239000786996602,2687.6240656408095,5.4808904715606035,0,2,ai_agent,0.27272439652364067,80,6,3.0,1.428578435757992e-05,14.967247240951934,14.984901384665422,0.07499999992433004,0.2061000013782177,7.691099999647122,0.8302999995066784,8.735999999771593,0,True,on_screen,0.726694797361591,-3.2207497223233474,5.685407416289826,False,False,3,3.0
1789487089471,228,972,2686.5305295764697,35.16556270701408,2687.3277046898684,13.525780785615526,0,2,ai_agent,0.2831946651077709,144,6,2.8,3.273605355409194e-05,15.018855272121636,14.985474681144733,0.09750000026542693,0.22249999892665073,7.342000000789994,0.8286999982374255,8.402699997532181,0,True,on_screen,0.726694797361591,-3.1091371620973973,5.944422118870363,False,False,3,3.0
1789487089535,229,973,2691.9190923667206,17.79803600196577,2687.8786712110905,14.038451411577556,0,2,ai_agent,0.2831436175474924,208,6,2.6,3.137710930931764e-05,15.087400419897765,14.986020207109378,0.11709999671438709,0.2597999991849065,8.000199999514734,0.8207999999285676,9.093500000744825,0,True,on_screen,0.726694797361591,-3.136808006748481,6.202893358499193,False,False,3,3.0
1789487089599,230,974,2697.4009347789543,-6.7223850802354335,2689.901796104181,9.62755007403058,0,2,ai_agent,0.27510986871400345,272,6,2.6,3.0512661527143728e-05,15.145945495228277,14.986737276048816,0.11350000204402022,0.23430000146618113,7.683799998631002,0.9802999993553385,8.908100000553532,0,True,on_screen,0.726694797361591,-3.096134865657831,6.171465629216933,False,False,3,3.0
1789487089663,231,975,2691.4221674246783,-16.90357727456798,2690.273242928093,3.145644729201795,0,2,ai_agent,0.2665026915467119,336,6,2.6,3.4190735485677484e-05,15.192372853138032,14.987510745891656,0.10459999975864775,0.22499999977299012,7.175400001870003,0.80579999848851,8.215600002586143,0,True,on_screen,0.726694797361591,-3.0600780177230718,6.162833705925106,False,False,3,3.0
1789487089728,232,976,2705.0935518194556,-59.02339618742677,2698.61368763591,-31.84130811395762,-1,-1,off_screen,0.0,0,4,2.6,3.3846254680199375e-05,15.212648712126382,14.987997002345233,0.1067000011971686,0.2229999990959186,6.794999997509876,0.8422999999311287,7.869499997468665,0,True,gaze_outside_screen,0.726694797361591,-3.046289679093178,6.09849476074415,False,False,3,3.0
1789487089807,233,977,2705.71812008218,-38.109873447872474,2699.4662195294623,-32.5935359540274,-1,-1,off_screen,0.0,78,4,2.6,4.56900035551832e-05,14.958913779987103,14.985223396374433,0.12290000086068176,0.21910000214120373,6.69710000147461,0.8358000013686251,7.761100001516752,0,True,gaze_outside_screen,0.726694797361591,-3.0560080025902323,6.251221184704056,False,False,3,3.0
1789487089871,234,978,2707.38451837948,-67.48030537216911,2702.0220807241994,-43.85425518861039,-1,-1,off_screen,0.0,143,4,2.6,5.4143751460317135e-05,15.019432945763722,14.985693719021276,0.09419999696547166,0.2395999981672503,7.108000001608161,0.8361000000149943,8.19469999987632,0,True,gaze_outside_screen,0.726694797361591,-3.020070120040913,6.507949763213708,False,False,3,3.0
1789487089937,235,979,2716.9951874670137,-80.47089155032228,2707.3385556513904,-56.85566047335751,-1,-1,off_screen,0.0,209,4,2.6,4.762395659597789e-05,15.041111116512347,14.985868769663044,0.12030000289087184,0.25860000096145086,7.335700000112411,0.9247999987564981,8.528999998816289,0,True,gaze_outside_screen,0.726694797361591,-3.0535154887485305,6.454361124658046,False,False,3,3.0
1789487090000,236,980,2713.127814389416,-78.7139360061596,2708.557273269551,-61.45712444308303,-1,-1,off_screen,0.0,272,4,2.6,4.0787369786585495e-05,15.11260212124062,14.98675299493184,0.1951000012923032,0.41820000114967115,6.649700000707526,0.849000000016531,7.932299999083625,0,True,gaze_outside_screen,0.726694797361591,-3.235758610894976,6.7403435578806965,False,False,3,3.0
1789487090063,237,981,2708.012317717294,-81.18637862848689,2708.4559168914284,-65.126571866839,-1,-1,off_screen,0.0,335,4,2.6,3.879753680333976e-05,15.197523841941429,14.987550822368911,0.12419999984558672,0.24769999799900688,7.449200002156431,0.8166999978129752,8.52379999923869,0,True,gaze_outside_screen,0.726694797361591,-3.212468671386489,6.561204884495531,False,False,3,3.0
1789487090127,238,982,2722.640646836722,-80.12195777872593,2711.2035872762826,-68.03127135272696,-1,-1,off_screen,0.0,399,4,2.6,2.6494953273880142e-05,15.232780686738218,14.98804889306664,0.10819999806699343,0.28869999732705764,7.628000003023772,0.8328000003530178,8.760200002143392,0,True,gaze_outside_screen,0.726694797361591,-3.2635299631430996,6.316280869715627,False,False,3,3.0
1789487090207,239,983,2724.1734384890074,-87.84101561479888,2714.0518396023367,-72.38160269019201,-1,-1,off_screen,0.0,479,4,2.4,3.2253183796543405e-05,14.952748683805353,14.985100709190991,0.10019999899668619,0.21040000137872994,6.909600000653882,0.8192999994207639,7.948700000270037,0,True,gaze_outside_screen,0.726694797361591,-3.2607860029395113,6.519867292377053,False,False,3,3.0
1789487090271,240,984,2721.5639140631865,-84.62049895489444,2715.1045294943883,-74.09667652963097,-1,-1,off_screen,0.0,542,4,2.4,3.565976253828464e-05,15.038596475773259,14.985938232699333,0.10509999992791563,0.20950000180164352,6.611300002987264,0.9342000012111384,7.765700000163633,0,True,gaze_outside_screen,0.726694797361591,-3.2814893177306317,6.81828569206909,False,False,3,3.0
1789487090335,241,985,2754.88134630223,-92.7367076211603,2730.7099611818853,-81.40962299432492,-1,-1,off_screen,0.0,607,4,2.2,3.80127207992402e-05,15.090701775400213,14.986338795881636,0.1263999984075781,0.22030000036465935,7.395600001473213,0.8444999984931201,8.469399999739835,0,True,gaze_outside_screen,0.726694797361591,-3.363621633143026,7.436039709713203,False,False,3,3.0
1789487090399,242,986,2762.7420763613145,-100.95891441324348,2741.5280147569765,-88.01191200147574,-1,-1,off_screen,0.0,671,4,2.2,4.177109870491698e-05,15.14495478522177,14.986940735517107,0.09130000034929253,0.23370000053546391,7.311199999094242,1.030800001899479,8.588000000600005,0,True,gaze_outside_screen,0.726694797361591,-3.392543137350117,7.838282833566443,False,False,3,3.0
1789487090464,243,987,2763.8314476985925,-105.64046150607523,2747.32980301074,-92.59762361432061,-1,-1,off_screen,0.0,736,4,2.2,4.331589558482542e-05,15.17698897146839,14.987472318105004,0.16799999866634607,0.26989999969373457,7.218799997644965,0.8170999972207937,8.31599999946775,0,True,gaze_outside_screen,0.726694797361591,-3.4898397328799717,7.860515339418507,False,False,3,3.0
1789487090543,244,988,2742.8718476642093,-102.61605876482831,2746.794848369156,-93.79983583238155,-1,-1,off_screen,0.0,815,4,2.2,6.122087142962883e-05,14.923317619994432,14.984546132726274,0.0895000011951197,0.24790000315988436,7.6705999999830965,0.8717999990039971,8.79960000020219,0,True,gaze_outside_screen,0.726694797361591,-3.471558892857473,8.193936399966317,False,False,3,3.0
1789487090607,245,989,2722.691051663505,-75.0605038885555,2740.092536258947,-88.58916910804372,-1,-1,off_screen,0.0,879,4,2.2,5.5570679595840985e-05,14.995250544141587,14.985395315546567,0.08069999967119657,0.20049999875482172,6.83000000208267,0.826999999844702,7.866899999498855,0,True,gaze_outside_screen,0.726694797361591,-3.370018431767022,8.141263798871465,False,False,3,3.0
1789487090671,246,990,2723.1996732418997,-41.33458434521464,2732.563705246007,-67.5286903184534,-1,-1,off_screen,0.0,943,4,2.2,4.5126644508550195e-05,15.039840865985612,14.98588207296982,0.15780000103404745,0.2206999997724779,6.6173000013804995,0.8439000012003817,7.690700000239303,0,True,gaze_outside_screen,0.726694797361591,-3.381276970303105,7.434735096698079,False,False,3,3.0
1789487090735,247,991,2725.2054506437585,-21.39660758418234,2729.5019317210254,-48.33310696300466,-1,-1,off_screen,0.0,1006,4,2.2,6.181137944979986e-05,15.112151823964517,14.986567634702132,0.11660000018309802,0.25289999757660553,6.811299997934839,0.8815000001050066,7.955199998832541,0,True,gaze_outside_screen,0.726694797361591,-3.363331538147179,7.4025715045178195,False,False,3,3.0
1789487090799,248,992,2729.6809089821004,-39.60621524312688,2729.5234089923542,-47.285879956619326,-1,-1,off_screen,0.0,1071,4,2.2,6.514731092649266e-05,15.160181717541434,14.986808020870527,0.09030000001075678,0.24050000138231553,8.24540000030538,0.9869000023172703,9.486400002060691,0,True,gaze_outside_screen,0.726694797361591,-3.3078473797471304,7.2745225938069735,False,False,3,3.0
1789487090863,249,993,2324.703376372729,207.62794095311153,2446.149386158617,131.15379468019228,0,2,ai_agent,0.6907642677176331,0,7,2.2,0.00012546128470790167,15.204474234803833,14.9875889632262,0.1315000008617062,0.33649999750196,7.467399998859037,0.8551999999326654,8.669700000609737,0,True,on_screen,0.726694797361591,-3.3761979485601614,7.289947869177195,False,False,3,3.0
1789487090944,250,994,1932.5195311260748,866.4875663713646,2086.6084876358373,645.8874348640128,1,2,second_file,0.28720575039807617,0,1,2.4,3.082406751447192e-05,14.920814823373163,14.984315800576288,0.17300000035902485,0.27749999935622327,7.860499998059822,0.8717999990039971,9.023999999044463,0,True,on_screen,0.726694797361591,-3.749809068499985,8.213363105920335,False,False,3,3.0
1789487091007,251,995,1977.495972083714,1111.1078787363888,2010.229726749351,971.5417455746759,1,2,second_file,0.2999039497194198,62,1,2.4,-0.00011679714246272573,15.018813783197826,14.985318612264548,0.1050000028044451,0.2234999992651865,7.358399998338427,0.8355999998457264,8.426799999142531,0,True,on_screen,0.726694797361591,-4.182720107019577,8.389341377923413,False,False,3,3.0
1789487091071,252,996,1995.425792816984,1133.8587809102437,1999.8669729966941,1085.1636703095733,1,2,second_file,0.22107979903756803,127,1,2.4,-0.0002529082826210321,15.078495467044531,14.986019916670763,0.10210000255028717,0.2077999997709412,6.939999999303836,0.8525000012014061,8.009899996977765,0,True,on_screen,0.726694797361591,-4.466204298436196,8.236515247373605,False,False,3,3.0
1789487091135,253,997,1880.8029737023664,1149.3167921468864,1916.5221734906647,1130.0708555956926,1,2,second_file,0.05407865607591267,190,1,2.4,-0.00032246790188204637,15.135414835324763,14.986260395049557,0.1128999974753242,0.22059999901102856,8.56470000144327,0.9676000008767005,9.764099999301834,0,True,on_screen,0.726694797361591,-4.500070415648906,8.336890019179837,False,False,3,3.0
1789487091199,254,998,1793.7914768861108,1140.384751413249,1830.610685867477,1137.290582667982,1,1,main_file,0.19256821089343057,0,9,2.6,-0.000350229384618584,15.167869839239586,14.987010999341143,0.09530000170343556,0.22810000155004673,7.265500000357861,0.9719000008772127,8.473399997456,0,True,on_screen,0.726694797361591,-4.594299033409186,7.861791915118537,False,False,3,3.0
1789487091263,255,999,1656.3743819024558,1140.2300995821458,1708.6452730919623,1139.3482445078967,1,1,main_file,0.3643501243856817,64,9,2.6,-0.0003415473585298527,15.215465002638318,14.987683095027883,0.15789999815751798,0.2268999996886123,7.212299999082461,0.8364000022993423,8.285600000817794,0,True,on_screen,0.726694797361591,-4.6644072507457395,7.305276058693976,False,False,3,3.0
1789487091343,256,1000,1635.4418150101242,1090.1200665281558,1657.4028524346757,1104.888519922078,1,1,main_file,0.4722338024191324,144,9,2.6,-0.00033370859169896093,14.950397220760772,14.984795744430048,0.10479999764356762,0.21209999977145344,7.214400000520982,0.8410000009462237,8.276000000478234,0,True,on_screen,0.726694797361591,-4.714751570524044,6.764929826965636,False,False,3,3.0
1789487091408,257,1001,1638.4942621633757,1103.957604714257,1654.0159164488293,1104.7217729477186,1,1,main_file,0.4767758862620066,209,9,2.6,-0.000308532254917877,14.999751887590662,14.985362197903646,0.0987999992503319,0.22360000002663583,6.675500000710599,0.8262999981525354,7.734700000582961,0,True,on_screen,0.726694797361591,-4.764869082968545,6.4720249055311045,False,False,3,3.0
1789487091471,258,1002,1620.875065357527,1102.0163835418834,1644.0319262790474,1103.9067491826718,1,1,main_file,0.4903950352988955,272,9,2.6,-0.00029758698200923854,15.081301953404868,14.985879039494684,0.09409999984200113,0.2480000002833549,7.822400002623908,0.8481000004394446,8.93029999861028,0,True,on_screen,0.726694797361591,-4.753762345355199,5.96109210025836,False,False,3,3.0
1789487091535,259,1003,1591.3982346015339,1113.6998986933384,1619.0684900930157,1108.5515053279878,1,1,main_file,0.5143788662812963,336,9,2.6,-0.0002976350456391757,15.133329084353365,14.986605575584779,0.09779999891179614,0.21769999875687063,7.226600002468331,0.8512999993399717,8.319200002006255,0,True,on_screen,0.726694797361591,-4.752391456104135,6.085236996420769,False,False,3,3.0
1789487091599,260,1004,1547.0349767675928,1104.94387008482,1573.4841975073894,1106.268519355558,1,1,main_file,0.5659443751547287,400,9,2.6,-0.00030406077812276076,15.191339894726028,14.98728241014827,0.10230000043520704,0.2103000006172806,7.342299999436364,0.8175000002665911,8.379999999306165,0,True,on_screen,0.726694797361591,-4.756885254019721,5.906127537882533,False,False,3,3.0
1789487091664,261,1005,1533.5641608944645,1093.8191622434863,1558.541538071126,1101.6085410762325,1,1,main_file,0.5868194522323891,465,9,2.6,-0.00028627969165371907,15.204007641164768,14.98765080208901,0.13469999976223335,0.23320000036619604,7.080700001097284,0.8479000025545247,8.172500001819571,0,True,on_screen,0.726694797361591,-4.721552807159526,5.725787121550027,False,False,3,3.0
1789487091743,262,1006,1503.884343883738,999.5689141677195,1520.2815021399545,1030.1808022402734,1,1,main_file,0.7297977773423844,544,9,2.2,-0.000286085283925595,14.94286240513604,14.984622664039,0.17070000103558414,0.26029999935417436,7.941200001368998,0.8330000018759165,9.046299997862661,0,True,on_screen,0.726694797361591,-4.775899807621471,5.893631497633526,False,False,3,3.0
1789487091807,263,1007,1477.6898250288245,946.0835969820212,1490.4673281621635,971.3127585594968,1,1,main_file,0.8456573203864562,608,9,2.0,-0.0002882738661984397,15.02852472147817,14.985442059715115,0.10630000178935006,0.22159999934956431,7.6823000017611776,0.9009999994304962,8.813699998427182,0,True,on_screen,0.726694797361591,-4.883130692398822,4.327613891893642,False,False,3,3.0
1789487091872,264,1008,1466.3748703995664,938.9083397100144,1481.7444306173425,959.5804384944879,1,1,main_file,0.8714769127600499,673,9,2.0,-0.0002856478489713984,15.046961937934373,14.98582762183399,0.38239999776124023,0.23680000231252052,7.076199999573873,0.7573000002594199,8.080600000539562,0,True,on_screen,0.726694797361591,-4.851939923243407,4.614641174566863,False,False,3,3.0
1789487091935,265,1009,1546.9704323652893,922.0458541465268,1524.7626582163155,934.8254136724388,1,1,main_file,0.8381065756333513,736,9,2.0,-0.0002847462206598782,15.144665498003931,14.986844068519583,0.14029999874765053,0.23689999943599105,6.789499999285908,0.8001000023796223,7.837400000425987,0,True,on_screen,0.726694797361591,-4.792773901664248,5.084816543074001,False,False,3,3.0
1789487091999,266,1010,1634.2663999407425,913.8992173718428,1601.4152774234144,920.1770762620216,1,1,main_file,0.7126143163159987,800,9,2.0,-0.00028736126607777947,15.190701991964257,14.987229507866758,0.10969999857479706,0.22259999968810007,7.501600000978215,1.0146000022359658,8.747799998673145,0,True,on_screen,0.726694797361591,-4.686061869086785,5.542510243048521,False,False,3,3.0
1789487092064,267,1011,1677.2676904043049,899.9098326421083,1653.5501537448295,906.2469954910068,1,1,main_file,0.6225674274689005,865,9,2.0,-0.0002825923103120815,15.214977426557342,14.987594141252249,0.3848999986075796,0.3922000032616779,7.800600000336999,0.8315999984915834,9.035700000822544,0,True,on_screen,0.726694797361591,-4.5255402506891755,5.8318581570974315,False,False,3,3.0
1789487092144,268,1012,1948.3920159838121,856.9319742070113,1859.9394573121172,871.72648059221,1,1,main_file,0.2564288440200896,945,9,2.0,-0.0002739326467800906,14.94448204952914,14.984950223578819,0.12040000001434237,0.207199998840224,6.6597000004549045,0.8592999984102789,7.73509999999078,0,True,on_screen,0.726694797361591,-4.274628999089828,6.294071412632017,False,False,3,3.0
1789487092207,269,1013,2065.533017431602,834.6531895138886,2003.8549493957562,845.7751768373851,1,2,second_file,0.293619164748285,0,2,2.2,-0.00028874917485022765,15.030454331282419,14.985672698349003,0.11729999823728576,0.21980000019539148,6.910299998708069,0.7956000008562114,7.935500001622131,0,True,on_screen,0.726694797361591,-4.235082443381714,6.2906287875741675,False,False,3,3.0
1789487092271,270,1014,2155.5682846380428,810.1022614348407,2110.054284065357,820.804136055604,1,2,second_file,0.46899941617633456,63,2,2.0,-0.0002790274178370855,15.088793971604163,14.986114345293702,0.10889999975915998,0.24620000112918206,7.509600000048522,0.8581000001868233,8.625999998912448,0,True,on_screen,0.726694797361591,-4.272684032471517,6.370081307256104,False,False,3,3.0
1789487092335,271,1015,2456.5207940146834,752.6822879096363,2352.5808410298855,773.1188423534265,1,2,second_file,0.7607008985913652,128,2,2.0,-0.0002794029138941702,15.14404958436055,14.98683066584687,0.09069999941857532,0.22900000112713315,7.112700001016492,0.830699998914497,8.184000002074754,0,True,on_screen,0.726694797361591,-4.299611553732859,7.117653127825831,False,False,3,3.0
1789487092400,272,1016,2754.614250791508,699.3802632552232,2634.004227863021,721.5018369846842,1,2,second_file,0.4800497813322242,193,2,2.0,-0.00029301486778615486,15.17416305279117,14.98736114801779,0.12380000043776818,0.2998000018124003,6.683800002065254,0.7714999992458615,7.764500001940178,0,True,on_screen,0.726694797361591,-4.172748449424802,7.802307344624133,False,False,3,3.0
1789487092463,273,1017,2872.0520566197206,653.0772946812356,2800.6377079927106,673.6046573722701,1,2,second_file,0.18701735888904003,256,2,2.0,-0.00029758337349351273,15.244060932501137,14.988196110262342,0.09440000212634914,0.2313999975740444,6.666499997663777,0.8002000031410716,7.707799999479903,0,True,on_screen,0.726694797361591,-4.063639142623174,8.474330015448132,False,False,3,3.0
1789487092543,274,1018,2896.3789575167075,648.8901815680151,2867.6565826595083,656.3045243092915,1,2,second_file,0.06836335971802443,335,2,2.0,-0.00030256541837003943,14.97114567771167,14.98517498091717,0.109200002043508,0.24219999977503903,7.195800000772579,0.7656000016140752,8.215499998186715,0,True,on_screen,0.726694797361591,-3.9963554568786037,8.338509901547717,False,False,3,3.0
1789487092608,275,1019,2948.854394087705,638.3609116631485,2924.495050659246,643.7439954569915,-1,-1,off_screen,0.0,0,5,2.2,-0.00029519346645701973,15.011005330332646,14.985554557770701,0.11869999798364006,0.24330000087502412,7.105000000592554,0.8033000012801494,8.16300000224146,0,True,gaze_outside_screen,0.726694797361591,-3.961543269145835,8.474754368760733,False,False,3,3.0
1789487092671,276,1020,2921.4259801483545,631.8916539924733,2924.1203945307198,642.2971233987234,-1,-1,off_screen,0.0,62,5,2.2,-0.00029165400888428276,15.086100459866714,14.986230761369532,0.09590000263415277,0.24400000256719068,7.333500001550419,0.7902999968791846,8.378499998798361,0,True,gaze_outside_screen,0.726694797361591,-3.991277675686206,8.750813086625813,False,False,3,3.0
1789487092735,277,1021,2931.118674422551,603.1630685453123,2926.6169102766594,628.3367237499406,-1,-1,off_screen,0.0,126,5,2.2,-0.00028543126485477445,15.139077861227545,14.986813856965517,0.12129999959142879,0.23799999689799733,7.352299999183742,0.8177999989129603,8.418499997787876,0,True,gaze_outside_screen,0.726694797361591,-4.064405846868738,8.822680479554638,False,False,3,3.0
1789487092799,278,1022,2924.3945902106525,593.4374161412355,2925.91483375562,617.3113161826883,-1,-1,off_screen,0.0,190,5,2.2,-0.0002579213686905047,15.1974229562905,14.987704113942398,0.10149999798159115,0.19700000120792538,6.533100000524428,0.7511000003432855,7.490100000723032,0,True,gaze_outside_screen,0.726694797361591,-4.120298968662297,8.901758203282508,False,False,3,3.0
1789487092864,279,1023,2885.156881904888,597.8197607807307,2909.489528099836,609.4562905828667,-1,-1,off_screen,0.0,256,5,2.0,-0.00023211291867801,15.219802960153583,14.987895977391194,0.21300000298651867,0.2227000004495494,7.49079999877722,0.7689000012760516,8.491899996442953,0,True,gaze_outside_screen,0.726694797361591,-4.145764351694169,8.868280514776611,False,False,3,3.0
1789487092943,280,1024,2891.0876823575786,613.419171704475,2906.2102768778336,610.1624851104536,-1,-1,off_screen,0.0,335,5,2.0,-0.00020431457173577562,14.952150093782102,14.985073191524485,0.09549999958835542,0.231100002565654,7.319100001041079,0.7982000024640001,8.358600000065053,0,True,gaze_outside_screen,0.726694797361591,-3.9624607495867963,9.007628941034461,False,False,3,3.0
1789487093007,281,1025,2873.087254019189,630.8239421071304,2894.5965058376046,617.406915425313,-1,-1,off_screen,0.0,398,5,2.0,-0.00017983621125331438,15.023358485510373,14.985626109079423,0.1685999995970633,0.24910000138334,7.669800001167459,0.7985000011103693,8.728099997824756,0,True,gaze_outside_screen,0.726694797361591,-3.9221047162548928,9.444690833809574,False,False,3,3.0
1789487093072,282,1026,2875.733121621574,624.6884599608543,2891.0103555511005,618.7912223303346,-1,-1,off_screen,0.0,463,5,2.0,-0.00018533844183489176,15.051396736941745,14.985522210943095,0.2806000011332799,0.26170000273850746,8.23830000081216,2.077500001178123,10.589699999400182,0,True,gaze_outside_screen,0.726694797361591,-3.9359032064363078,9.732258057145284,False,False,3,3.0
1789487093135,283,1027,2887.411388680822,587.5881862706344,2889.9826523609863,609.8810375868667,-1,-1,off_screen,0.0,526,5,2.0,-0.00018768002158640364,15.152868591037969,14.9870690488363,0.10209999891230837,0.22220000028028153,6.935199999134056,0.8393999996769708,8.004700001038145,0,True,gaze_outside_screen,0.726694797361591,-3.998508706421319,9.588123333106319,False,False,3,3.0
1789487093199,284,1028,2904.121850469866,585.929690710254,2893.5864342624827,603.7763469441785,-1,-1,off_screen,0.0,590,5,2.0,-0.00018763652523121586,15.195687387045034,14.987669820449758,0.09180000051856041,0.21639999977196567,6.843099999969127,0.7303999991563614,7.798800001182826,0,True,gaze_outside_screen,0.726694797361591,-3.985628411831783,9.478962461186715,False,False,3,3.0
1789487093263,285,1029,2875.9493808396105,624.1953668531804,2889.21626360038,608.8358429731175,-1,-1,off_screen,0.0,654,5,2.0,-0.00016451377297080176,15.235332118703093,14.988089515844443,0.14210000153980218,0.27150000096298754,7.3867999999492895,0.7924999990791548,8.46300000193878,0,True,gaze_outside_screen,0.726694797361591,-3.996759287350727,9.649842142886126,False,False,3,3.0
1789487093344,286,1030,2472.26419509795,697.474394519604,2597.349815648679,670.882829055658,1,2,second_file,0.4657731391809685,0,3,2.2,-0.00016482430164777885,14.950047923633608,14.984995720190813,0.18460000137565657,0.2822999995260034,7.490500000130851,0.8282000017061364,8.611699999164557,0,True,on_screen,0.726694797361591,-4.012127303838952,9.573036875379618,False,False,3,3.0
1789487093407,287,1031,2232.7270483787847,797.0819600952502,2342.113878559753,759.2222207833726,1,2,second_file,0.7310886481425443,62,3,2.2,-0.0001948128087414635,15.040090429166998,14.985750085128867,0.12329999663052149,0.2563999987614807,7.731000001513166,0.7933999986562412,8.792000000539701,0,True,on_screen,0.726694797361591,-4.09138011383132,9.10568962879554,False,False,3,3.0
1789487093471,288,1032,2139.6789334024215,937.7445142043994,2200.409416949621,884.1878261780913,1,2,second_file,0.6462858666234469,126,3,2.2,-0.000182856906956139,15.09710329359423,14.986325435472004,0.1320000010309741,0.2530999990995042,7.781799999065697,0.771099999838043,8.817800000542775,0,True,on_screen,0.726694797361591,-4.033927383684045,8.902297822948011,False,False,3,3.0
1789487093535,289,1033,2177.831388710786,1013.8529873253464,2184.6047971824364,974.9534389811698,1,2,second_file,0.5970880361679346,190,3,2.2,-0.0002455061982199729,15.15357839429199,14.987127588033058,0.11550000272109173,0.20769999900949188,6.971800001338124,0.8178999996744096,8.006500000192318,0,True,on_screen,0.726694797361591,-4.230573747012841,7.931594852228923,False,False,3,3.0
1789487093600,290,1034,2181.2035211421385,1059.8702909642866,2182.223903954228,1034.3952353693514,1,2,second_file,0.5478981417906116,255,3,2.2,-0.0002351346809448731,15.17612135109896,14.987462067570474,0.14289999671746045,0.216199998249067,7.194300000264775,0.7461999994120561,8.166999999957625,0,True,on_screen,0.726694797361591,-4.3330802066459455,7.550023760681032,False,False,3,3.0
1789487093664,291,1035,2182.568738112214,1140.1967758172316,2182.465287864818,1108.4563136828676,1,2,second_file,0.4677228807832746,319,3,2.2,-0.0002523033046081622,15.21759384621827,14.987906714226131,0.0838999985717237,0.3378999972483143,7.475599999452243,0.8773999979894143,8.70040000154404,0,True,on_screen,0.726694797361591,-4.479535376512729,7.590277011895724,False,False,3,3.0
1789487093743,292,1036,2158.6107030106377,1260.2164400922761,2165.7670784668917,1214.6884021694536,2,2,terminal,0.34784576371987663,0,3,2.2,-0.00019322563005362038,14.965340420616632,14.985248563261512,0.11680000170599669,0.2432000001135748,7.874899998569163,0.7851000009395648,8.911499997338979,0,True,on_screen,0.726694797361591,-4.487325347217137,8.515170053429618,False,False,3,3.0
1789487093807,293,1037,2212.462562046617,1268.3215625174628,2194.914148945916,1248.1659332888653,2,2,terminal,0.42622707749437727,63,3,2.0,-0.000209852664913409,15.018792661170597,14.98569413902908,0.14990000272518955,0.21149999884073623,8.021100002224557,0.8280999973067082,9.069399999134475,0,True,on_screen,0.726694797361591,-4.478913668684868,8.901599274344303,False,False,3,3.0
1789487093871,294,1038,2232.0593391144607,1320.5206473909,2220.9157820638975,1298.8142331602896,2,2,terminal,0.5241576563665298,128,3,1.8,-0.00019910581626677616,15.092550267501817,14.98667230034684,0.08480000178678893,0.23769999825162813,6.804399999964517,0.7612999979755841,7.812399999238551,0,True,on_screen,0.726694797361591,-4.421928149114905,8.72236282476669,False,False,3,3.0
1789487093935,295,1039,2296.38423206056,1313.1244471429939,2271.6923553481693,1308.4424106177376,2,2,terminal,0.5926810285988287,191,3,1.8,-0.0002056808083430381,15.143810460460227,14.98723402839868,0.143599998409627,0.22760000138077885,6.79390000004787,0.8271000006061513,7.85840000025928,0,True,on_screen,0.726694797361591,-4.53623744636451,8.718281110624915,False,False,3,3.0
1789487093999,296,1040,2314.9134591908164,1315.002023975402,2288.5710255258996,1311.0040654695094,2,2,terminal,0.6123960426128787,256,3,1.8,-0.00023729224124187896,15.180122341589794,14.987581254145045,0.08769999840296805,0.23270000019692816,7.081800002197269,1.1612999987846706,8.487099999911152,0,True,on_screen,0.726694797361591,-4.569084411650408,8.667076555102396,False,False,3,3.0
1789487094063,297,1041,2390.1412847217202,1326.7581436425692,2359.6702069629737,1322.0319201906514,2,2,terminal,0.6776184437932904,319,3,1.8,-0.000235931740471167,15.219626056372787,14.988162353692257,0.25430000096093863,0.2539000015531201,7.286399999429705,0.7488000010198448,8.311199999297969,0,True,on_screen,0.726694797361591,-4.486083963192158,8.867292472610947,False,False,3,3.0
1789487094143,298,1042,2474.0182852026246,1323.8713732786937,2439.713861730729,1323.3195373522808,2,2,terminal,0.6800769799649051,399,3,1.8,-0.00027502494769971776,14.952156102555136,14.985483783333608,0.252800000453135,0.21270000070217066,6.788000002416084,0.7346000020334031,7.743600002868334,0,True,on_screen,0.726694797361591,-4.467975664054421,8.848962959326867,False,False,3,3.0
1789487094206,299,1043,2482.987545761265,1364.6752054407164,2462.570809222332,1345.1633982380445,2,2,terminal,0.7049647209359375,463,3,1.8,-0.0002659121879900767,15.035278123934065,14.986221986483462,0.08290000187116675,0.20959999892511405,6.6870000009657815,0.782499999331776,7.688499998039333,0,True,on_screen,0.726694797361591,-4.41479886725088,8.930090125832484,False,False,3,3.0
1789487094272,300,1044,2527.4752431197635,1349.1877752112694,2499.7160615009325,1347.4665767569554,2,2,terminal,0.6780514512171909,529,3,1.8,-0.0002632433625804221,15.06679460528617,14.986305294594832,0.1621999981580302,0.23409999994328246,7.837299999664538,0.802099999418715,8.884800001396798,0,True,on_screen,0.726694797361591,-4.365999939549141,9.272775220840302,False,False,3,3.0
1789487094335,301,1045,2534.7394222933144,1331.8564675353007,2511.7887635370193,1342.0857054436347,2,2,terminal,0.6581899356443871,592,3,1.6,-0.0002483496769757603,15.146074959699721,14.987115705703735,0.09759999738889746,0.2549999990151264,7.766300001094351,0.7568999972136226,8.788200000708457,0,True,on_screen,0.726694797361591,-4.357009731840719,9.809273277105008,False,False,3,3.0
1789487094399,302,1046,2547.836323716013,1347.5881820663978,2523.63662147673,1343.8942206668387,2,2,terminal,0.6481942936373557,655,3,1.6,-0.00023181082372242777,15.196601290483182,14.98795214386982,0.08769999840296805,0.20260000019334257,6.737500003509922,0.7757999992463738,7.724999999481952,0,True,on_screen,0.726694797361591,-4.393228342117595,8.944029461416648,False,False,3,3.0
1789487094464,303,1047,2542.122168526133,1350.7880569679908,2527.073552986174,1345.175959483713,2,2,terminal,0.6461458356431206,720,3,1.6,-0.00023610167097393858,15.21562521728593,14.988340638531998,0.14029999874765053,0.21940000078757294,6.670200000371551,0.7453999969584402,7.644100001925835,0,True,on_screen,0.726694797361591,-4.397953818927817,8.94005586129145,False,False,3,3.0
1789487094543,304,1048,2524.6971752411705,1362.6601820573128,2526.673969031018,1348.115902354108,2,2,terminal,0.6505976497876849,799,3,1.6,-0.00021401734536162682,14.957197720886661,14.985571482819134,0.103599999420112,0.23429999782820232,7.128000001102919,0.7418999994115438,8.11500000054366,0,True,on_screen,0.726694797361591,-4.421210156631133,9.276012975885338,False,False,3,3.0
1789487094607,305,1049,2539.684562897805,1374.6429927029008,2530.1823599180793,1355.2691040444274,2,2,terminal,0.6560924446739947,864,3,1.6,-0.00020621430791241228,15.020018282270804,14.9860321394564,0.09969999882741831,0.25520000053802505,7.4447999977564905,0.8215999987442046,8.531600000424078,0,True,on_screen,0.726694797361591,-4.504971748288682,9.613432295641054,False,False,3,3.0
1789487094670,306,1050,2577.2242363385135,1342.41020013549,2550.5800439555283,1349.6933940821336,2,2,terminal,0.6241263799954188,927,3,1.6,-0.00021784776091686962,15.092214714858075,14.98661282272658,0.07779999941703863,0.19529999917722307,7.991700000275159,0.8262000010290649,9.021199999551754,0,True,on_screen,0.726694797361591,-4.447623028991245,9.942656804600627,False,False,3,3.0
1789487094735,307,1051,2586.353349924061,1286.8563356128484,2573.273867253545,1309.8309026835623,2,2,terminal,0.545489663247832,991,3,1.4,-0.0002550228871029906,15.121116394777454,14.987134507567474,0.08449999950244091,0.22779999926569872,7.294499999261461,0.7602999976370484,8.291900001495378,0,True,on_screen,0.726694797361591,-4.482698543892468,9.708028790311571,False,False,3,3.0
1789487094799,308,1052,2591.0024872018894,1261.7086952232,2581.341623089491,1287.9319493973985,2,2,terminal,0.5070482978815586,1055,3,1.4,-0.0002601481176265994,15.194637652715338,14.987956101615932,0.08779999916441739,0.2173000029870309,7.133200000680517,0.7415000000037253,8.101700001134304,0,True,on_screen,0.726694797361591,-4.463159839604316,9.629896735672773,False,False,3,3.0
1789487094872,309,1053,2595.617736753338,1226.931551977774,2589.222085877276,1254.2595247288536,2,2,terminal,0.45206841393908126,1128,3,1.4,-0.0002721367219393495,15.037892893415261,14.986457323458758,0.1520000005257316,0.2623000000312459,7.366199999523815,0.8264000025519636,8.46559999990859,0,True,on_screen,0.726694797361591,-4.4287782769307285,9.514727863972313,False,False,3,3.0
1789487094943,310,1054,2588.0240100558904,1232.9393290677565,2588.9827310761616,1250.0001188539516,2,2,terminal,0.44634228062943826,1200,3,1.4,-0.00026654251541711506,14.937665563644131,14.985484816284071,0.2679999997781124,0.3818000004685018,7.371800002147211,0.7454999977198895,8.509400002367329,0,True,on_screen,0.726694797361591,-4.46570771071714,9.316993299159206,False,False,3,3.0
1789487095007,311,1055,2601.124394630908,1247.8228393282557,2590.474458625584,1249.732617795581,2,2,terminal,0.44437312010358354,1263,3,1.4,-0.0002852512121119515,15.020169205179753,14.986205701926806,0.1343000003544148,0.21689999994123355,7.451100002072053,0.7361999996646773,8.413200001086807,0,True,on_screen,0.726694797361591,-4.502996744812208,8.653604250780564,False,False,3,3.0
1789487095071,312,1056,2615.3268198217315,1246.651443977742,2596.2214675196315,1249.0201087025628,2,2,terminal,0.4371749235870007,1328,3,1.4,-0.00030126583543706696,15.078161145556876,14.986823516642092,0.23149999833549373,0.2100000019709114,7.143400001950795,0.7712999977229629,8.13410000046133,0,True,on_screen,0.726694797361591,-4.4753528725048,8.441415910054747,False,False,3,3.0
1789487095135,313,1057,2602.188035327412,1261.0090680415626,2597.0082762497286,1250.6010876131522,2,2,terminal,0.4385121023484002,1391,3,1.4,-0.0003003551092718021,15.13006677662474,14.987237077337117,0.15939999866532162,0.2725000013015233,7.711000002018409,0.8053999990806915,8.799300001555821,0,True,on_screen,0.726694797361591,-4.477365773632812,8.166682124709352,False,False,3,3.0
1789487095200,314,1058,2553.9372832945573,1289.4848280643655,2574.9310511531958,1270.5320209777503,2,2,terminal,0.49024366897228333,1457,3,1.4,-0.00028285041918548956,15.16042955228491,14.987637033945571,0.09399999908055179,0.2457999980833847,7.778099999995902,0.8110000017040875,8.84550000046147,0,True,on_screen,0.726694797361591,-4.520801946300367,8.23560749687367,False,False,3,3.0
1789487095262,315,1059,2573.3279975091905,1244.6916363643954,2574.548764458981,1264.3697598157364,2,2,terminal,0.48194616184777384,1519,3,1.4,-0.0002999807873210313,15.234027226953087,14.988658935245923,0.10280000060447492,0.21610000112559646,6.858400000055553,0.7576000025437679,7.842399998480687,0,True,on_screen,0.726694797361591,-4.522263350727002,8.289509286366693,False,False,3,3.0
1789487095343,316,1060,2584.8963406959683,1229.9836647120142,2577.9006758598584,1253.231002142434,2,2,terminal,0.4625638011473856,1599,3,1.4,-0.00032973320861723505,14.95269234849754,14.985599566889922,0.09750000026542693,0.2096999996865634,7.431699999870034,0.836300001537893,8.486399998218985,0,True,on_screen,0.726694797361591,-4.421236546199907,9.110699831149054,False,False,3,3.0
1789487095408,317,1061,2568.6525415808005,1234.8168788074029,2576.112047289357,1249.669632237549,2,2,terminal,0.45927192749851065,1664,3,1.4,-0.0003643085243517346,15.00130009749301,14.986008717625765,0.19700000120792538,0.23660000078962184,7.475200000044424,0.790399997640634,8.512199998222059,0,True,on_screen,0.726694797361591,-4.394153629852497,9.197523061141567,False,False,3,3.0
1789487095471,318,1062,2565.932715554437,1237.9207379424847,2574.5827142808484,1247.9044896597422,2,2,terminal,0.4582612538324409,1727,3,1.4,-0.0003719966838238841,15.074526245294265,14.986783921533368,0.1463999979023356,0.2587999988463707,6.978699999308446,0.7698999979766086,8.017100000870414,0,True,on_screen,0.726694797361591,-4.349818762163665,8.909959175783328,False,False,3,3.0
1789487095535,319,1063,2471.949422485108,1261.585046686299,2502.73941002383,1257.480879578332,2,2,terminal,0.53468993952556,1792,3,1.4,-0.00036672053153881216,15.142685667280345,14.98739501567759,0.16589999722782522,0.24670000129844993,7.352199998422293,0.7737999985693023,8.383000000321772,0,True,on_screen,0.726694797361591,-4.329646016847278,8.396483907932454,False,False,3,3.0
1789487095598,320,1064,2191.985622632327,1327.7321226556423,2285.2117588497777,1306.6567497324493,2,2,terminal,0.6027641042951941,1855,3,1.4,-0.00035040374628318195,15.198529693316587,14.988211201380022,0.08940000043367036,0.20510000103968196,6.575000003067544,0.760800001444295,7.550199999968754,0,True,on_screen,0.726694797361591,-4.2739352005271485,7.909179915014229,False,False,3,3.0
1789487095664,321,1065,2044.0300050139545,1325.2584910224912,2116.3845311647015,1319.6779686354785,2,2,terminal,0.40624933364097127,1921,3,1.4,-0.0003864265569576385,15.212381418296905,14.988474074542198,0.32909999936237,0.26989999969373457,6.765800000721356,0.775100001192186,7.821600000170292,0,True,on_screen,0.726694797361591,-4.338071310377671,7.682761133173634,False,False,3,3.0
1789487095743,322,1066,2018.276421440855,1304.2217598459076,2047.708854358009,1308.8586224827789,2,2,terminal,0.29191384022435796,2000,3,1.4,-0.00041955005901747784,14.957257748447905,14.985743384726835,0.1314999972237274,0.23499999952036887,7.437100000970531,0.8352000004379079,8.517300000676187,0,True,on_screen,0.726694797361591,-4.485152111330763,7.481681376322708,False,False,3,3.0
1789487095807,323,1067,1960.1991854998628,1306.1394745746818,1986.4520861573064,1306.955218947111,2,2,terminal,0.1937197110850566,2063,3,1.4,-0.0004226893828973479,15.023499928249686,14.985962801733448,0.09800000043469481,0.24739999935263768,8.975799999461742,0.9505999987595715,10.183200000028592,0,True,on_screen,0.726694797361591,-4.54891946323292,7.664755217849884,False,False,3,3.0
1789487095870,324,1068,2000.1881734944366,1275.1666735127992,1990.751687861582,1297.0049266425224,2,2,terminal,0.1929400531628006,2126,3,1.2,-0.0004177718708558466,15.091188574040832,14.987096741184672,0.0748999991628807,0.19270000120741315,6.694300001981901,0.9319000018876977,7.827299999917159,0,True,on_screen,0.726694797361591,-4.6689429744113795,7.531055510935975,False,False,3,3.0
1789487095935,325,1069,1997.9601471491253,1253.8554175299191,1993.568662426703,1280.1426451453242,2,2,terminal,0.18364928406820524,2191,3,1.2,-0.00039715660025630914,15.122453179705266,14.987386508962244,0.20669999867095612,0.22620000163442455,7.226099998661084,0.7909999985713512,8.253500000137137,0,True,on_screen,0.726694797361591,-4.740446093697074,7.336764071273028,False,False,3,3.0
1789487095999,326,1070,1992.4264765596206,1261.0741656661849,1993.3624048069314,1276.6992308084978,2,2,terminal,0.18041801528528623,2256,3,1.0,-0.0003853830177222555,15.181731847084894,14.987928932149037,0.13040000339969993,0.24029999985941686,7.558299999800511,0.9509000010439195,8.759999996982515,0,True,on_screen,0.726694797361591,-4.9529626175736325,6.881136723725104,False,False,3,3.0
1789487096063,327,1071,1987.1506645447366,1262.1775849161438,1992.4159577960945,1274.4866514398952,2,2,terminal,0.17706672853605288,2319,3,1.0,-0.0003803425025805159,15.229481672226626,14.988599029209805,0.09390000195708126,0.23800000053597614,7.318600000871811,0.8578000015404541,8.425599997281097,0,True,on_screen,0.726694797361591,-4.907786498005748,7.152162830835643,False,False,3,3.0
1789487096143,328,1072,1975.749949275987,1317.8601711576305,1985.5167605831416,1292.4419084524861,2,2,terminal,0.18106689728028058,2399,3,1.0,-0.00037039864225051587,14.945941216874438,14.985771527167694,0.1297999988310039,0.22820000231149606,6.926199999725213,0.7899999982328154,7.953799999086186,0,True,on_screen,0.726694797361591,-4.771371940932966,7.021281573912716,False,False,3,3.0
1789487096207,329,1073,1969.0178380511018,1312.2855764081219,1981.593927222243,1297.1599985282346,2,2,terminal,0.17853449231296914,2463,3,0.8,-0.0003672995182662734,15.026857363538696,14.986321650424129,0.17669999942881986,0.2640000020619482,7.568500001070788,0.7392000006802846,8.583700000599492,0,True,on_screen,0.726694797361591,-4.815990503668786,6.958785944574698,False,False,3,3.0
1789487096271,330,1074,1994.0682776696988,1330.5686409785944,1985.6084124791769,1307.911540513212,2,2,terminal,0.19308086549792447,2527,3,0.8,-0.00033832491399124476,15.097866994417666,14.987013982631911,0.0928999979805667,0.21280000146362,7.505699999455828,0.7277000004251022,8.45610000033048,0,True,on_screen,0.726694797361591,-4.84383918275725,6.628078963668742,False,False,3,3.0
1789487096334,331,1075,1988.1656490275043,1317.957176190682,1985.9152808649762,1309.1170167945083,2,2,terminal,0.19446656987485178,2591,3,0.8,-0.00033840606327826053,15.152364556730555,14.987749348292745,0.13209999815444462,0.21940000078757294,6.723699996655341,0.7814000018697698,7.734300001175143,0,True,on_screen,0.726694797361591,-4.828784942619421,6.783986317543037,False,False,3,3.0
1789487096400,332,1076,1968.853447089378,1300.4003505156693,1982.8259573408639,1307.538722073013,2,2,terminal,0.1883427248121642,2657,3,0.8,-0.0003414890048383402,15.153856094083283,14.987655228336138,0.12349999815342017,0.2719000003708061,7.84179999754997,0.8501000011165161,8.974899999884656,0,True,on_screen,0.726694797361591,-4.822732389074645,6.906194467525113,False,False,3,3.0
1789487096479,333,1077,1967.1669256811795,1301.1950236216276,1980.2930592313492,1306.5126086986968,2,2,terminal,0.18352007271057025,2736,3,0.8,-0.00032219815046973833,14.91398882340768,14.985302569684073,0.09280000085709617,0.2413000001979526,7.555100000899984,0.7724999995843973,8.578799999668263,0,True,on_screen,0.726694797361591,-4.796664702334851,6.877940358389616,False,False,3,3.0
1789487096543,334,1078,1982.9894391541977,1276.8840587045186,1981.0248715933653,1298.4712570439747,2,2,terminal,0.17863654267511486,2799,3,0.8,-0.00030698331477604403,14.991246919725237,14.98601641323845,0.09340000178781338,0.21389999892562628,7.193600002210587,0.7183999987319112,8.135100000799866,0,True,on_screen,0.726694797361591,-4.75296196802833,7.300055468956392,False,False,3,3.0
1789487096608,335,1079,1982.7382918614687,1304.9416679932472,1981.2304820255376,1299.2477063578874,2,2,terminal,0.1795577747162792,2865,3,0.8,-0.00030485919604239,15.029959167835173,14.986345397644119,0.12539999806904234,0.24140000095940195,7.201699998404365,0.80339999840362,8.257199999206932,0,True,on_screen,0.726694797361591,-4.678766283684922,7.202393974202061,False,False,3,3.0
1789487096672,336,1080,1946.5836829064947,1309.6291018089182,1969.930612124077,1302.6335434618925,2,2,terminal,0.16402442005187745,2928,3,0.8,-0.0002919586652235743,15.085814564684714,14.986829990105527,0.12390000119921751,0.31009999656816944,7.341700002143625,0.8426999993389472,8.50440000067465,0,True,on_screen,0.726694797361591,-4.617401945070981,7.294424379085038,False,False,3,3.0
1789487096734,337,1081,1920.265271724599,1311.5087525712997,1947.6818370377891,1306.6094052949275,2,2,terminal,0.13093165769232684,2990,3,0.8,-0.0002768204553348381,15.170538675578126,14.987857042037037,0.13659999967785552,0.21779999951831996,6.465000002208399,0.8326999995915685,7.52430000284221,0,True,on_screen,0.726694797361591,-4.602705471419284,7.42943993108011,False,False,3,3.0
1789487096799,338,1082,1805.6200709134591,1358.0637917537263,1848.2386007507582,1342.6274758160866,2,1,terminal,0.22704729252900213,3055,3,0.8,-0.00028017977749496444,15.208970539493366,14.988293969255377,0.20280000171624124,0.234499999351101,6.775699999707285,0.8324000009451993,7.851999998820247,0,True,on_screen,0.726694797361591,-4.673931828530868,5.7986317159075,False,False,3,3.0
1789487096879,339,1083,1309.0540814934925,1443.3627196834082,1470.8094372706723,1413.1421465232117,2,1,terminal,0.8371839179386409,3135,3,0.8,-0.0003793398422754588,14.929498343333051,14.985316009223109,0.20310000036261044,0.24109999867505394,7.1200000020326115,1.0066000031656586,8.377399997698376,0,True,on_screen,0.726694797361591,-4.604004384203876,4.597448805603888,False,False,3,3.0
1789487096943,340,1084,923.6459756237067,1535.396534162979,1087.7950141177964,1498.7202178710488,2,1,terminal,0.37776832836026775,3200,3,0.8,-0.0004529382868852308,15.014619632681677,14.98591229545464,0.08970000271801837,0.2170999978261534,7.764999998471467,0.8702000013727229,8.86249999894062,0,True,on_screen,0.726694797361591,-4.538755318355925,3.557804265700124,False,False,3,3.0
1789487097007,341,1085,892.3293157306033,1541.2390149282412,950.9690252467612,1528.4833758110835,2,0,terminal,0.16643612657186313,3263,3,0.8,-0.0004901043061193277,15.074259995030545,14.98645586274909,0.08949999755714089,0.30189999961294234,7.7329000014287885,0.8627999995951541,8.9083999991999,0,True,on_screen,0.726694797361591,-4.5657712152509475,2.267826554729043,False,False,3,3.0
1789487097071,342,1086,858.8659915912807,1558.5053647509433,886.496901687925,1549.4987680689853,2,0,terminal,0.27655229005774573,3328,3,0.8,-0.0005082158323758291,15.12929981654198,14.986976710542951,0.12390000119921751,0.24230000053648837,7.929499999590917,0.9174000006169081,9.115699998801574,0,True,on_screen,0.726694797361591,-4.497879110027554,0.5520685011072757,False,False,3,3.0
1789487097135,343,1087,822.6018135672394,1558.9006731849638,850.1723525581647,1554.8437793107514,2,0,terminal,0.33889159125496093,3391,3,0.8,-0.0005141878317712952,15.173628685618901,14.987665861083324,0.15489999714191072,0.24810000104480423,7.189500000094995,0.8410000009462237,8.289800000056857,0,True,on_screen,0.726694797361591,-4.490495050553989,-0.3822887564230238,False,False,3,3.0
1789487097199,344,1088,722.7175307167618,1549.929052944916,760.9539772691826,1551.4034708546667,2,0,terminal,0.49540978988137085,3455,3,0.8,-0.0005328002230704804,15.220882939571979,14.988373155254894,0.09729999874252826,0.24189999749069102,6.597100000362843,0.8213000000978354,7.67229999837582,0,True,on_screen,0.726694797361591,-4.5365180220414345,-1.0893443926689217,False,False,3,3.0
1789487097278,345,1089,627.9413264181732,1542.637404952733,667.845121673476,1545.2672247233131,2,0,terminal,0.6586410384835393,3535,3,0.6,-0.0004997232043512743,14.957901133261618,14.985367840994527,0.08710000111022964,0.20989999757148325,8.466299997962778,0.8544999982404988,9.540600000036648,0,True,on_screen,0.726694797361591,-4.530360077884296,-1.4353240107735055,False,False,3,3.0
1789487097343,346,1090,556.9488755003277,1529.7320115660132,590.2177493522722,1534.3925755132032,2,0,terminal,0.7960226818355358,3599,3,0.6,-0.0004863251697314313,15.00455443544851,14.985691208339068,0.22189999799593352,0.2776000001176726,8.730400000786176,0.8525000012014061,9.870599998976104,0,True,on_screen,0.726694797361591,-4.691233471361812,-1.6497710424904257,False,False,3,3.0
1789487097407,347,1091,519.772058155502,1460.5772128344454,540.9057655145331,1482.7218216380727,2,0,terminal,0.8881540692022691,3664,3,0.6,-0.000494657332578868,15.078470738815188,14.98662720314524,0.1520000005257316,0.2609000002848916,7.382700001471676,0.8844000003591646,8.536800000001676,0,True,on_screen,0.726694797361591,-4.804121166280368,-2.034273127022134,False,False,3,3.0
1789487097471,348,1092,486.6018250273403,1446.9954047843837,509.8396668249029,1462.2835186006473,2,0,terminal,0.9150358325257955,3727,3,0.6,-0.0005019219528463112,15.129297607543057,14.987186038284337,0.09249999857274815,0.22950000129640102,7.21989999874495,0.9281999991799239,8.388800000830088,0,True,on_screen,0.726694797361591,-4.962498848033675,-2.0274856205280436,False,False,3,3.0
1789487097534,349,1093,466.47172030924054,1391.568431528588,479.4821042639393,1412.7829576502058,2,0,terminal,0.8459141502217993,3790,3,0.6,-0.00047743642031092097,15.18623148841055,14.987935890896734,0.09489999865763821,0.2509000005375128,6.628900002397131,0.872600001457613,7.7639000010094605,0,True,on_screen,0.726694797361591,-5.096638380993909,-2.152767586437921,False,False,3,3.0
1789487097600,350,1094,443.3035667604864,1378.3591473592983,463.4334577358102,1397.5127007069168,2,0,terminal,0.8165892499258487,3856,3,0.6,-0.0004716858443945867,15.203197145727986,14.98790848428061,0.10269999984302558,0.3096000000368804,8.391899998969166,0.7838999990781303,9.496099999523722,0,True,on_screen,0.726694797361591,-5.247635272281826,-1.9864714429923338,False,False,3,3.0
1789487097678,351,1095,396.703733733136,1369.6650509338733,421.10106079331683,1379.8465439570286,2,0,terminal,0.7635973802539557,3934,3,0.4,-0.00045270799550516626,14.952396283508907,14.98574765073403,0.13469999976223335,0.2432000001135748,7.032299999991665,0.6936999998288229,7.980999998835614,0,True,on_screen,0.726694797361591,-5.288474090523238,-1.924245146719224,False,False,3,3.0
1789487097743,352,1096,387.81427355365986,1345.673575903888,406.96929609779966,1365.3385549463299,2,0,terminal,0.7293648031223703,4000,3,0.4,-0.00043762584164417327,15.013407336061796,14.986138485065306,0.09409999984200113,0.23500000315834768,7.560000001831213,0.741399999242276,8.546700002625585,0,True,on_screen,0.726694797361591,-5.3084462421493015,-2.197186115203238,False,False,3,3.0
1789487097807,353,1097,399.8508768173289,1318.5573030072217,403.9706151883106,1345.6316450855038,2,0,terminal,0.6960001542385126,4063,3,0.4,-0.0004168090188929798,15.061435699371795,14.986684167179686,0.09899999713525176,0.22320000061881728,7.107499997800915,0.7272000002558343,8.067500002653105,0,True,on_screen,0.726694797361591,-5.278937203302206,-2.4186116818410266,False,False,3,3.0
1789487097871,354,1098,396.71758491075576,1327.9547449078364,402.6605806132694,1342.4388622725107,2,0,terminal,0.6899171614393305,4128,3,0.4,-0.0003821710194852803,15.129522606185233,14.987207333402,0.18249999993713573,0.2680999969015829,7.716999996773666,0.7174999991548248,8.71259999985341,0,True,on_screen,0.726694797361591,-5.238108515618137,-2.6637551719212906,False,False,3,3.0
1789487097935,355,1099,414.7950177095327,1332.4469655841003,404.5016136375379,1340.9228948129155,2,0,terminal,0.6889191061344178,4191,3,0.4,-0.0003870451690499068,15.175771660286694,14.98771384544121,0.12150000111432746,0.2523000002838671,7.746999999653781,0.811099998827558,8.822700001474004,0,True,on_screen,0.726694797361591,-5.198006117761594,-2.9787088254863234,False,False,3,3.0
1789487097998,356,1100,431.719439064322,1385.3173680356886,417.0709640655788,1361.4245213115628,2,0,terminal,0.7311232335532731,4254,3,0.4,-0.0004615562141867015,15.230103845413453,14.988339882304606,0.0822000001790002,0.19889999748556875,7.695199998124735,0.9580000005371403,8.861400001478614,0,True,on_screen,0.726694797361591,-5.155985214193066,-2.7876747673067253,False,False,3,3.0
1789487098079,357,1101,457.5278587270991,1427.9859384344336,444.6634172520411,1406.8208079359595,2,0,terminal,0.8239439221353262,4335,3,0.4,-0.0005327545749510987,14.944917910104872,14.985524208193603,0.1520000005257316,0.23719999808236025,7.39649999741232,0.952599999436643,8.595200000854675,0,True,on_screen,0.726694797361591,-5.223699979268986,-3.0726528714195047,False,False,3,3.0
1789487098142,358,1102,494.31571618625,1468.6688095065297,479.1290095391022,1449.7519118658151,2,0,terminal,0.9112152200075152,4398,3,0.4,-0.0005482340744803974,15.035604071154655,14.986370548750195,0.09250000221072696,0.20669999867095612,7.050899999740068,0.8218000002671033,8.088799997494789,0,True,on_screen,0.726694797361591,-5.021179704895644,-2.865706219298261,False,False,3,3.0
1789487098207,359,1103,520.2504352437833,1475.6801424919204,496.9053576584007,1460.9604058766304,2,0,terminal,0.9248413864716574,4463,3,0.4,-0.0005518265625421015,15.079099693781568,14.98668264086752,0.22190000163391232,0.23539999892818742,7.503799999540206,0.8952999996836297,8.6449000009452,0,True,on_screen,0.726694797361591,-4.843070478821687,-2.8970193891019673,False,False,3,3.0
1789487098271,360,1104,551.1160718892244,1481.8274837964461,524.7211489855629,1471.6674089711441,2,0,terminal,0.9064716309970277,4527,3,0.4,-0.0005510645180107059,15.137762814500045,14.987150086750157,0.12579999747686088,0.25599999935366213,8.119100002659252,0.8527999998477753,9.239300001354422,0,True,on_screen,0.726694797361591,-4.649929063955568,-2.659834987855072,False,False,3,3.0
1789487098335,361,1105,575.5132677590082,1483.7618131438805,548.2372102710012,1477.266953873091,2,0,terminal,0.8729339500083616,4592,3,0.4,-0.000546479304591849,15.178928059409401,14.987700021843443,0.14010000086273067,0.21670000205631368,7.734499999060063,0.9858999983407557,8.946599999035243,0,True,on_screen,0.726694797361591,-4.6969917613666325,-1.7252241568708702,False,False,3,3.0
1789487098399,362,1106,636.5341979348988,1494.9698879182156,610.0451016357295,1489.6590077046783,2,0,terminal,0.7695288941046645,4655,3,0.2,-0.0005190571731741762,15.234042449994158,14.988474994318345,0.10340000153519213,0.2153999994334299,7.108500001777429,0.947299999097595,8.279999998194398,0,True,on_screen,0.726694797361591,-4.600903876834963,-0.7247196471192549,False,False,3,3.0
1789487098479,363,1107,639.7122832090474,1514.2732320708117,620.3231403835696,1498.1864760507337,2,0,terminal,0.7520755786236483,4736,3,0.2,-0.0005174861017344327,14.95857598779833,14.985761211975076,0.08259999958681874,0.20450000010896474,7.009600001765648,1.017499998852145,8.24070000089705,0,True,on_screen,0.726694797361591,-4.615719755068255,-0.5721789495110553,False,False,3,3.0
1789487098543,364,1108,759.2254305460608,1469.7224176301704,717.5547434973134,1478.2616351563395,2,0,terminal,0.5785672857268367,4799,3,0.2,-0.0005196807580007366,15.01436173449843,14.986004904094392,0.13020000187680125,0.2654000018083025,8.174099999450846,0.8703000021341722,9.320500001194887,0,True,on_screen,0.726694797361591,-4.745939732048328,-0.2997212745056811,False,False,3,3.0
1789487098607,365,1109,714.1242269185999,1486.162260122614,717.1430815078679,1479.2097101522925,2,0,terminal,0.5794411108889044,4864,3,0.2,-0.0005246896543954927,15.092180468547012,14.986718942648983,0.08520000119460747,0.3099000023212284,8.018699998501688,0.8640000014565885,9.202599998388905,0,True,on_screen,0.726694797361591,-4.712733571233599,-0.8409113980782691,False,False,3,3.0
1789487098670,366,1110,702.7699911725995,1465.5926569398468,714.4621707195322,1476.6698176162379,2,0,terminal,0.583738748137611,4927,3,0.2,-0.0004873259283714928,15.151282359005759,14.987459243478034,0.07800000093993731,0.20080000103916973,7.479500000044936,0.8167999985744245,8.507300000928808,0,True,on_screen,0.726694797361591,-4.7446941316872255,-1.0179060147354335,False,False,3,3.0
1789487098735,367,1111,723.7163303078887,1475.0925170826495,715.572669870135,1476.4805415522073,2,0,terminal,0.5817533785966746,4991,3,0.2,-0.00047227764998323575,15.19212633347942,14.987910415545969,0.12969999806955457,0.2347999979974702,7.590700002765516,0.8944000001065433,8.729900000616908,0,True,on_screen,0.726694797361591,-4.748516104767219,-1.428026262297628,False,False,3,3.0
1789487098799,368,1112,707.314950027933,1465.5233532078164,714.4605683291328,1475.0048913393516,2,0,terminal,0.5834400377896849,5055,3,0.0,-0.0004806223252590055,15.217737536116783,14.987909817892142,0.12140000035287812,0.25889999960782006,9.492099998169579,0.9593999966455158,10.72099999873899,0,True,on_screen,0.726694797361591,-4.747066620096717,-1.877624889125447,False,False,3,3.0
1789487098879,369,1113,708.8287569930462,1461.13670458748,713.6421753891805,1472.9896203278836,2,0,terminal,0.5844838854131681,5135,3,0.0,-0.00046900548498565557,14.95456316274682,14.985767943476938,0.14200000077835284,0.2849000011337921,7.440600002155406,0.8655999990878627,8.601800000178628,0,True,on_screen,0.726694797361591,-4.684633155540553,-2.2381664285228027,False,False,3,3.0
1789487098943,370,1114,688.82322731871,1475.514312483487,707.923131755573,1473.5713865074304,2,0,terminal,0.5946386701452668,5200,3,0.0,-0.00047743846954304177,15.017450451898675,14.9863130433461,0.12100000094505958,0.21750000087195076,7.416700002067955,0.8139999990817159,8.457100000669016,0,True,on_screen,0.726694797361591,-4.7103235034676345,-1.4219124565785448,False,False,3,3.0
1789487099007,371,1115,699.5128853186329,1484.8393507789015,706.7660892478998,1475.121580515988,2,0,terminal,0.5969769549127015,5263,3,0.0,-0.00048265867228735465,15.074809483110844,14.986868143222456,0.08690000322530977,0.3415000028326176,7.0833999998285435,0.8558000008633826,8.289599998533959,0,True,on_screen,0.726694797361591,-4.722172091934169,-0.8056842006948318,False,False,3,3.0
1789487099071,372,1116,682.9304080923607,1495.8598040440554,699.9221568337068,1481.0761407943519,2,0,terminal,0.6100359042359208,5328,3,0.0,-0.00048049312958716936,15.14378758711391,14.987427381566317,0.12689999857684597,0.24639999901410192,7.664200002182042,0.8804999997664709,8.802899999864167,0,True,on_screen,0.726694797361591,-4.704802663153259,-1.199001696082732,False,False,3,3.0
1789487099134,373,1117,707.5262642546242,1501.437746234806,701.4660585816484,1485.2102641687718,2,0,terminal,0.6078726058713619,5391,3,0.0,-0.0005083626972975531,15.194278138362867,14.98815897869644,0.08449999950244091,0.20249999943189323,6.915800000570016,0.856399998156121,7.984500000020489,0,True,on_screen,0.726694797361591,-4.715047498701523,-1.8073901733554603,False,False,3,3.0
1789487099198,374,1118,695.7134955392327,1508.4613714163959,700.189306585135,1490.3707287096497,2,0,terminal,0.6106278718470561,5454,3,0.0,-0.0005104233207802299,15.237982904709405,14.988658988034654,0.1145999995060265,0.2497000023140572,7.155499999498716,0.8262999981525354,8.241299998189788,0,True,on_screen,0.726694797361591,-4.730584419788585,-2.179435618830733,False,False,3,3.0
1789487099279,375,1119,692.591405902692,1529.6126968448427,697.4648971761935,1504.4418770019606,2,0,terminal,0.6157326483417892,5536,3,0.0,-0.0005225728676465074,14.957149433350097,14.985929859109458,0.10549999933573417,0.22149999858811498,7.095000000845175,0.7750000004307367,8.101600000372855,0,True,on_screen,0.726694797361591,-4.72301598101518,-2.2178840051488584,False,False,3,3.0
1789487099342,376,1120,687.1854438602194,1540.56639255925,693.9904445272114,1516.6519542223296,2,0,terminal,0.6208080823801883,5598,3,0.0,-0.0005219063680545286,15.033620630629047,14.986579992637795,0.2223999981652014,0.2308999974047765,6.966999997530365,0.7762000022921711,7.982900002389215,0,True,on_screen,0.726694797361591,-4.850093821550246,-1.9967443214765712,False,False,3,3.0
1789487099408,377,1121,685.7026012417037,1555.105047553853,691.0635027505247,1530.2320813359393,2,0,terminal,0.6233161776170665,5664,3,0.0,-0.0005304029341542706,15.055897695931517,14.986620096647215,0.2012999975704588,0.2585000002000015,7.818099998985417,0.8772000001044944,8.962800002336735,0,True,on_screen,0.726694797361591,-4.844640862337968,-1.8573433013059777,False,False,3,3.0
1789487099470,378,1122,698.30447760252,1560.0195122709654,693.0845696525162,1538.5462091969896,2,0,terminal,0.6174415743647519,5726,3,0.0,-0.00054694338777222,15.15543920995038,14.987645531507281,0.10939999992842786,0.21389999892562628,7.205999998404877,0.8363999986613635,8.266499997262144,0,True,on_screen,0.726694797361591,-4.808563949908006,-1.7164326698002197,False,False,3,3.0
1789487099535,379,1123,681.9278780069426,1569.3105384954044,689.773589696232,1547.676162852739,2,0,terminal,0.6199498380634112,5792,3,0.0,-0.0005441770420275254,15.192422726080714,14.988146798277205,0.11379999705241062,0.247199997829739,7.073599997966085,0.7403999989037402,8.071000000200002,0,True,on_screen,0.726694797361591,-4.698400222596064,-1.58772035664486,False,False,3,3.0
1789487099599,380,1124,672.797574754193,1592.1479320265946,682.5815024712331,1566.5171478566062,2,0,terminal,0.6233078291485559,5855,3,0.0,-0.0005389959064754368,15.235704867873013,14.98863315535214,0.1768000001902692,0.2569999996921979,7.330700002057711,0.7596000032208394,8.358099999895785,0,True,on_screen,0.726694797361591,-4.7547519661101205,-1.4977689934517004,False,False,3,3.0
1789487099679,381,1125,675.5403488432312,1591.1802195184139,680.9168781626356,1572.3478328241456,2,0,terminal,0.622736540342111,5935,3,0.0,-0.0005263560255954914,14.96288170258574,14.98598488713892,0.12120000246795826,0.23950000104377978,7.316200000786921,0.8196999988285825,8.386899997276487,0,True,on_screen,0.726694797361591,-4.735863018941387,-1.4395778087640643,False,False,3,3.0
1789487099743,382,1126,679.5974861125769,1592.73938585081,680.6636357648334,1576.2617610482491,2,0,terminal,0.6207564245734467,6000,3,0.0,-0.0005183669381047338,15.022442279001982,14.986596126844146,0.13869999747839756,0.22880000324221328,6.805299999541603,0.7334999972954392,7.777700000588084,0,True,on_screen,0.726694797361591,-4.815912413801328,-1.4156626534311334,False,False,3,3.0
1789487099806,383,1127,700.2437328207424,1595.0078360517919,685.5362365109811,1580.9268114200008,2,0,terminal,0.6097541776130471,6062,3,0.0,-0.0005114910953695293,15.098627860634242,14.98711774116188,0.12010000136797316,0.20560000120894983,7.532499999797437,0.7848999994166661,8.532699997886084,0,True,on_screen,0.726694797361591,-4.813898512967597,-1.377196677248106,False,False,3,3.0
1789487099870,384,1128,712.5624257629779,1607.5291651220507,694.7549207664745,1590.0009245680108,2,0,terminal,0.5886297583599844,6126,3,0.0,-0.0005129388511663051,15.15239626403829,14.987715593954356,0.10090000068885274,0.2029999996011611,7.339299998420756,0.7492000004276633,8.300800000142772,0,True,on_screen,0.726694797361591,-4.824682959151005,-1.3418699629026458,False,False,3,3.0
1789487099934,385,1129,707.8616417143487,1606.8332348268464,697.3711294975587,1593.3607914056904,2,0,terminal,0.5820564684048947,6190,3,0.0,-0.0005007890403999297,15.194059086780403,14.98815454550383,0.11799999992945231,0.22879999960423447,7.566200001747347,0.7813000011083204,8.585799998400034,0,True,on_screen,0.726694797361591,-4.867417216819945,-1.1318592839343957,False,False,3,3.0
1789487099999,386,1130,704.5513942885987,1605.853041119658,698.3802823078389,1595.1165189829385,2,0,terminal,0.5791887780337615,6256,3,0.0,-0.0004913637176777071,15.216059989298227,14.98844948300912,0.10829999882844277,0.2477000016369857,7.882199999585282,0.8048999989114236,8.945800000219606,0,True,on_screen,0.726694797361591,-4.941444116465675,-1.3884540999315012,False,False,3,3.0
1789487100078,387,1131,727.5078535634203,1589.865513751115,706.2474334065864,1593.6982595882025,2,0,terminal,0.5673757422948293,6335,3,0.0,-0.0005174916748147771,14.958269068940151,14.986037286455721,0.09819999831961468,0.23460000011255033,7.5992999991285615,0.8386999979848042,8.684399999765446,0,True,on_screen,0.726694797361591,-4.957218144528952,-1.4108810757136667,False,False,3,3.0
1789487100143,388,1132,728.0064156871796,1571.6460854749198,712.3810084429958,1587.482037574895,2,0,terminal,0.5613334529244132,6399,3,0.0,-0.0005221228775840591,15.009778268175397,14.986488006335914,0.203800002054777,0.3419999993639067,7.412400002067443,0.7468999974662438,8.51409999813768,0,True,on_screen,0.726694797361591,-5.002866187226346,-1.1974727277057895,False,False,3,3.0
1789487100206,389,1133,720.388855921079,1591.3828426500872,713.3419501403658,1587.9501341839182,2,0,terminal,0.5594532543806792,6463,3,0.0,-0.0005254937655274957,15.092687871331883,14.987259453758073,0.10230000043520704,0.20589999985531904,7.269300000189105,0.7287999978871085,8.213599998271093,0,True,on_screen,0.726694797361591,-4.985085672913641,-0.7541441735085579,False,False,3,3.0
1789487100271,390,1134,731.6675836306632,1578.8581918825867,716.8629264138991,1586.2032634337054,2,0,terminal,0.5546920697606985,6527,3,0.0,-0.000531632284289079,15.124286746762667,14.987484895020831,0.12010000136797316,0.2390000008745119,7.836400000087451,0.8144999992509838,8.900400000129594,0,True,on_screen,0.726694797361591,-5.056982733597522,-0.8476894375473426,False,False,3,3.0
1789487100334,391,1135,739.0723169060344,1556.5466825060284,724.2735229325212,1576.3077665061915,2,0,terminal,0.5478846043919965,6591,3,0.0,-0.0005346546761802757,15.191305044588594,14.988133373195474,0.09689999933470972,0.2553999984229449,7.9817000005277805,0.7839999998395797,9.032800000568386,0,True,on_screen,0.726694797361591,-5.1053130070257,-0.8509774184288501,False,False,3,3.0
1789487100399,392,1136,785.6262305301746,1547.0587057228624,760.9240935536454,1558.8351102891093,2,0,terminal,0.4929340827986646,6655,3,0.0,-0.00055679429587638,15.230858200554776,14.988771885911076,0.08729999899514951,0.21240000205580145,7.25120000060997,0.8933999997680075,8.366800000658259,0,True,on_screen,0.726694797361591,-5.122920912924457,-0.7560221194946022,False,False,3,3.0
1789487100480,393,1137,811.1258983342261,1542.160714963791,784.460736784883,1551.0174771266368,2,0,terminal,0.454621266827692,6736,3,0.0,-0.0005670283403822196,14.94216198101242,14.98594557526628,0.10100000145030208,0.2466000005370006,7.245199998578755,0.8756000024732202,8.377999998629093,0,True,on_screen,0.726694797361591,-5.0822489542211144,-0.6776377093036687,False,False,3,3.0
1789487100542,394,1138,846.9969029321924,1528.438128221509,821.0285758241571,1537.814269331177,2,0,terminal,0.3938249293541647,6799,3,0.0,-0.0005722607115335576,15.04270985356129,14.986839105746467,0.09139999747276306,0.21749999723397195,6.879000000481028,0.7683999974688049,7.874700000684243,0,True,on_screen,0.726694797361591,-5.085242497152024,-0.47892056957430756,False,False,3,3.0
1789487100606,395,1139,870.9416417831789,1539.5697125615804,843.1719768599481,1538.5930530564306,2,0,terminal,0.354784949764424,6862,3,0.0,-0.0006111480463890217,15.100270209168194,14.987357177344784,0.08069999967119657,0.23270000019692816,6.934000000910601,0.7691999999224208,7.945200002723141,0,True,on_screen,0.726694797361591,-4.995271852911117,-0.3022608609752847,False,False,3,3.0
1789487100670,396,1140,1170.9293498983548,1495.1140331905704,1072.6021379868328,1508.1577391503283,2,1,terminal,0.35077175913340286,6927,3,0.0,-0.0006518831594300081,15.150605004936587,14.987849705219288,0.18479999926057644,0.2114000017172657,6.910600000992417,0.948900000366848,8.080899999185931,0,True,on_screen,0.726694797361591,-4.980868631305242,-0.31582477576520446,False,False,3,3.0
1789487100735,397,1141,1345.48285665851,1504.2222315541883,1263.6186410570067,1505.4028838330303,2,1,terminal,0.6882473984548094,6991,3,0.0,-0.0006804792009104579,15.189408420141538,14.988151918452786,0.30839999817544594,0.3704000009747688,7.8427999978885055,0.6882999987283256,8.91079999928479,0,True,on_screen,0.726694797361591,-5.017429435601031,-0.6138250522820609,False,False,3,3.0
1789487100799,398,1142,1377.3904205397632,1511.7974782405954,1343.2588866949363,1509.879099918326,2,1,terminal,0.8282022098292551,7055,3,0.0,-0.0007061482357659729,15.24019568554338,14.988841791667323,0.14559999908669852,0.24599999960628338,7.343300003412878,0.8175000002665911,8.418100002018036,0,True,on_screen,0.726694797361591,-5.008878856873423,-0.6399171959362383,False,False,3,3.0
1789487100879,399,1143,1439.5234457917638,1564.5325542471214,1410.6440780627156,1548.1365179484828,2,1,terminal,0.9003925539983181,7135,3,0.0,-0.0007007708805154833,14.960466379997087,14.986065830123826,0.11470000026747584,0.2172999993490521,7.9164999988279305,0.7497000005969312,8.892799996829126,0,True,on_screen,0.726694797361591,-4.960538102261864,-0.46295754610703227,False,False,3,3.0
1789487100943,400,1144,1459.3901504850976,1561.7375454442135,1432.5458516627123,1554.2475051549525,2,1,terminal,0.9032623897326706,7200,3,0.0,-0.0007075474063793098,15.022722065165114,14.98655516704563,0.17300000035902485,0.28810000003431924,7.867899999837391,0.787499997386476,8.956599998782622,0,True,on_screen,0.726694797361591,-4.919037535721941,-0.41579064059400533,False,False,3,3.0
1789487101006,401,1145,1537.9363117272337,1582.8766363444372,1506.319173707877,1574.287896987592,2,1,terminal,0.8240690497628215,7263,3,0.0,-0.0006815233697584789,15.10141753736217,14.987215368630578,0.13889999900129624,0.2243999988422729,8.055700000113575,0.7761999986541923,9.065000002010493,0,True,on_screen,0.726694797361591,-4.937524766769286,-0.006087556018090611,False,False,3,3.0
1789487101071,402,1146,1590.8897345250662,1578.0775200207731,1565.5185662799095,1576.9406331108187,2,1,terminal,0.7399055948757088,7328,3,0.0,-0.0006852493395314383,15.146628452053402,14.987881767914288,0.11159999849041924,0.21980000019539148,7.043900001008296,0.8211999993363861,8.094500000879634,0,True,on_screen,0.726694797361591,-5.0931544254200105,0.32444057650932934,False,False,3,3.0
1789487101134,403,1147,1620.116501364085,1618.6172218609586,1598.4686829856682,1602.092655089266,2,1,terminal,0.6669700176657578,7391,3,0.0,-0.0006607440319841805,15.200610282175138,14.98808325203141,0.12860000060754828,0.23710000095888972,8.830200000375044,0.9599000004527625,10.037100000772625,0,True,on_screen,0.726694797361591,-5.056330411262792,1.0728892027911594,False,False,3,3.0
1789487101199,404,1148,1636.9805865933365,1613.188503376579,1612.3134396170353,1606.0815339751653,2,1,terminal,0.6425170646400185,7455,3,0.0,-0.000670615796443062,15.226808697690533,14.988776696473904,0.09990000035031699,0.2448999985062983,7.284700001036981,1.0027000025729649,8.54089999847929,0,True,on_screen,0.726694797361591,-4.996214065620848,1.6085067389305072,False,False,3,3.0
1789487101279,405,1149,1700.2947612406465,1599.5979891458262,1673.900364753563,1601.5430525946279,2,1,terminal,0.5495169323229933,7536,3,0.0,-0.000668806351955974,14.960129948092963,14.986292668068637,0.1066999975591898,0.27150000096298754,7.283899998583365,0.7807000001776032,8.346100003109314,0,True,on_screen,0.726694797361591,-4.921346099929906,2.5424939107049056,False,False,3,3.0
1789487101343,406,1150,1662.7567399823263,1561.405369410162,1669.7443790884254,1586.5738088008989,2,1,terminal,0.5662581006558953,7599,3,0.0,-0.0006590158039411851,15.027276411173611,14.986805557742946,0.11939999967580661,0.2089000008709263,7.437800002662698,0.8186000013665762,8.474400001432514,0,True,on_screen,0.726694797361591,-4.808278629973273,3.4316187308368247,False,False,3,3.0
1789487101406,407,1151,1676.3958293313267,1567.7285589663863,1670.9955445052622,1583.0289390351281,2,1,terminal,0.566347185264056,7662,3,0.0,-0.0006394213914508572,15.089871242134684,14.986993216972737,0.08579999848734587,0.4298999992897734,8.946699999796692,0.9657000009610783,10.353600002417807,0,True,on_screen,0.726694797361591,-4.774454387084745,3.487481122133449,False,False,3,3.0
1789487101471,408,1152,1673.7523843029269,1545.6658257969932,1671.925147461423,1570.43014365102,2,1,terminal,0.5717903049376394,7727,3,0.0,-0.0005787455678218766,15.130524523847019,14.986852861383872,0.26280000020051375,0.5407999997260049,10.139499998331303,2.5624999980209395,13.267900001665112,0,True,on_screen,0.726694797361591,-4.764698089552098,3.620464527613682,False,False,3,3.0
1789487101534,409,1153,1684.3932098988532,1551.1430271173656,1674.5875160301505,1566.311667897608,2,1,terminal,0.5693233991628865,7790,3,0.0,-0.0005920584218124109,15.196829241523531,14.988540409383464,0.08739999975659885,0.2077999997709412,6.831099999544676,0.9649000021454412,8.01320000027772,0,True,on_screen,0.726694797361591,-4.8010973728263195,2.970390158703816,False,False,3,3.0
1789487101599,410,1154,1690.3001132132983,1519.1821077064237,1681.5228429155918,1545.5093204509676,2,1,terminal,0.5658018500853312,7855,3,0.0,-0.0005585676157470517,15.233665877350743,14.988816472556378,0.09950000094249845,0.21209999977145344,7.882800000515999,0.9625999991840217,9.067099999811035,0,True,on_screen,0.726694797361591,-4.902953611119727,3.142170581065445,False,False,3,3.0
1789487101679,411,1155,1757.638535608232,1506.9340143304469,1734.8038278004399,1518.5066061666032,2,1,terminal,0.4781557261167273,7935,3,0.0,-0.0005407810674406526,14.954275335594355,14.986229270699287,0.12240000069141388,0.2586999980849214,7.480199998099124,0.9504000008746516,8.699099998921156,0,True,on_screen,0.726694797361591,-4.763912864657357,3.719696110084707,False,False,3,3.0
1789487101743,412,1156,1789.7737019418944,1480.1751194623816,1767.194512649835,1495.9199962273074,2,1,terminal,0.42191257821573247,8000,3,0.0,-0.0005185754470322535,15.02409922053375,14.987003519467041,0.08600000001024455,0.21130000095581636,6.500600000435952,0.8330000018759165,7.554599997092737,0,True,on_screen,0.726694797361591,-4.806674981773654,4.127079514327908,False,False,3,3.0
1789487101806,413,1157,1822.6822588388036,1433.5629659019446,1806.0359349821128,1452.2700749995533,2,1,terminal,0.34786327517816173,8062,3,0.0,-0.00048720278412217426,15.098715185384965,14.987523806150008,0.1233000002685003,0.21670000205631368,7.169200001953868,0.7936999973026104,8.188499999960186,0,True,on_screen,0.726694797361591,-4.859471568879485,4.470453879490136,False,False,3,3.0
1789487101870,414,1158,1854.958142025794,1410.599401203914,1833.715087482547,1428.6936870055385,2,1,terminal,0.2931224248019353,8126,3,0.0,-0.00047956123286990206,15.15235506328713,14.988099099851548,0.10889999975915998,0.21689999994123355,6.905999998707557,0.8536999994248617,7.986299999174662,0,True,on_screen,0.726694797361591,-4.946374032961245,4.597397737452063,False,False,3,3.0
1789487101935,415,1159,1875.7340020251756,1399.4902507607644,1852.7959665006144,1415.432344108804,2,1,terminal,0.25558215863608447,8191,3,0.0,-0.0005040394906675686,15.177320337531336,14.988304305434703,0.10320000001229346,0.28020000172546133,7.519999999203719,0.9108000012929551,8.720699999685166,0,True,on_screen,0.726694797361591,-4.955189439138223,4.08621792452317,False,False,3,3.0
1789487101998,416,1160,1853.0618186463093,1345.5780178510392,1852.9590582012413,1372.5789722251614,2,1,terminal,0.23650039004616097,8254,3,0.0,-0.00048564641316760186,15.241789176870553,14.98900477678178,0.0911999995878432,0.23069999951985665,7.379599999694619,0.9979999995266553,8.619600001111394,0,True,on_screen,0.726694797361591,-4.8980394429519265,4.43374385036819,False,False,3,3.0
1789487102079,417,1161,1900.188403899989,1296.9548477804196,1886.0196001903646,1319.642085113842,2,2,terminal,0.03768766303987703,8335,3,0.0,-0.0005014659803681942,14.962794509092923,14.986570406466127,0.14309999824035913,0.26000000070780516,6.483000001026085,0.8533000000170432,7.607499999721767,0,True,on_screen,0.726694797361591,-4.8705522920163276,4.5771121454347545,False,False,3,3.0
1789487102143,418,1162,1945.811103180458,1258.8000894366396,1927.8736522834301,1277.0526881398005,2,2,terminal,0.0775906946628041,8399,3,0.0,-0.0004522413776328251,15.022385591053112,14.98689600369894,0.08760000127949752,0.2299999978276901,7.317199997487478,0.8202999997592997,8.376699999644188,0,True,on_screen,0.726694797361591,-5.019656439944839,4.444693450611912,False,False,3,3.0
1789487102206,419,1163,1972.2712628474997,1254.6852578444302,1947.4829885615636,1267.1735424658082,2,2,terminal,0.1009440987144482,8463,3,0.0,-0.0004217630945878032,15.095473636545801,14.98757276344187,0.12380000043776818,0.23610000062035397,7.064000001264503,0.8071000011113938,8.118699999613455,0,True,on_screen,0.726694797361591,-5.022441602167106,4.351495171926193,False,False,3,3.0
1789487102270,420,1164,2235.931526560829,1077.9807677286597,2149.396965161049,1134.7386001498044,1,2,second_file,0.3933779611869289,0,4,0.2,-0.0003365604795687715,15.14895623772404,14.987924156112866,0.19109999993816018,0.2274999969813507,7.920899999589892,0.882700001966441,9.04169999921578,0,True,on_screen,0.726694797361591,-4.885023522722065,5.684370848786411,False,False,3,3.0
1789487102334,421,1165,2132.3901886102594,865.1746008245931,2137.4922215754964,946.0438006221565,1,2,second_file,0.5291573770128553,64,4,0.2,-0.00018575715162482027,15.19664850951641,14.988219619611256,0.14139999984763563,0.24169999960577115,9.161199999653036,0.8199000003514811,10.233199998765485,0,True,on_screen,0.726694797361591,-4.525625105505071,6.781649952806486,False,False,3,3.0
1789487102415,422,1166,2176.5230640619275,593.4561534840324,2164.813811315998,699.2324476254696,1,2,second_file,0.45370344173717425,144,4,0.2,-2.5366216322830065e-06,14.923737423479785,14.986005975082382,0.11649999942164868,0.22560000070370734,7.220100000267848,0.7802000000083353,8.235299999796553,0,True,on_screen,0.726694797361591,-4.221390953979011,7.593665640342923,False,False,3,3.0
1789487102478,423,1167,2201.91928945447,314.1627426347595,2190.7876460129282,429.68365413197256,0,2,ai_agent,0.5651436329593609,0,8,0.4,9.828718887522174e-05,15.00424716976328,14.986704192860339,0.10699999984353781,0.21209999977145344,6.729500000801636,0.807399999757763,7.758799998555332,0,True,on_screen,0.726694797361591,-4.061479967844349,7.718855100429487,False,False,3,3.0
1789487102542,424,1168,2305.277819984525,131.4554781400655,2270.930767793046,220.92393093763764,0,2,ai_agent,0.7325859525255507,64,8,0.4,0.0001885277104283472,15.062605728914324,14.987092950026577,0.10539999857428484,0.2376000011281576,7.257299999764655,0.8052000011957716,8.310299999720883,0,True,on_screen,0.726694797361591,-3.9252114737021486,7.987001205882898,False,False,3,3.0
1789487102607,425,1169,2416.40759296546,28.67834654371918,2372.764545413736,86.35202186189471,0,2,ai_agent,0.6195014910390082,129,8,0.4,0.00020872975723399377,15.112029314760251,14.987290354698947,0.22820000231149606,0.3938000008929521,8.36659999913536,0.9504000008746516,9.726999996928498,0,True,on_screen,0.726694797361591,-3.7674004312821694,8.005094454899812,False,False,3,3.0
1789487102671,426,1170,2467.2958395174724,-42.120742596867785,2438.9364512863513,-3.5789132592390303,-1,-1,off_screen,0.0,0,6,0.6,0.0002796018497265556,15.15570263073779,14.98790529845177,0.12319999950705096,0.3236999982618727,7.667000001674751,0.9315999996033497,8.933299999625888,0,True,gaze_outside_screen,0.726694797361591,-3.6461101876022326,7.857072444626564,False,False,3,3.0
1789487102734,427,1171,2543.514898411108,-102.34487317115736,2512.1413642736807,-72.71508519758186,-1,-1,off_screen,0.0,62,6,0.6,0.0002587526142655925,15.221510063868477,14.988692695349693,0.0932000002649147,0.2113999980792869,7.234900000185007,0.857999999425374,8.31319999997504,0,True,gaze_outside_screen,0.726694797361591,-3.6431215730972895,7.33808206314066,False,False,3,3.0
1789487102814,428,1172,2634.240530684777,-132.07197963930054,2597.610780761448,-114.26491130678492,-1,-1,off_screen,0.0,142,6,0.6,0.00022178574660336632,14.948394177860743,14.986030277031412,0.11340000128257088,0.2055000004475005,7.7994000021135435,0.8452000001852866,8.86019999961718,0,True,gaze_outside_screen,0.726694797361591,-3.5771239681545524,6.798731439878776,False,False,3,3.0
1789487102879,429,1173,2668.6805647239717,-149.91917400681757,2647.0637452918127,-139.0744560999812,-1,-1,off_screen,0.0,207,6,0.6,0.00020261374042073767,14.998450193822917,14.986672325470996,0.10710000060498714,0.21410000044852495,6.4648000006855,0.8178999996744096,7.505999998102197,0,True,gaze_outside_screen,0.726694797361591,-3.555533506860428,5.803110160102624,False,False,3,3.0
1789487102943,430,1174,2683.1628682483174,-117.19764675875938,2660.6976376932744,-130.8120375086795,-1,-1,off_screen,0.0,272,6,0.6,0.00017385212720407058,15.065053112762486,14.986984372148639,0.12880000213044696,0.2688999993551988,7.530599999881815,0.9527000001980923,8.762299999943934,0,True,gaze_outside_screen,0.726694797361591,-3.429256627219388,5.319354600699027,False,False,3,3.0
1789487103006,431,1175,2693.8620518067105,-100.11925313383608,2674.0652608509763,-118.44065733654216,-1,-1,off_screen,0.0,335,6,0.6,0.00016331661695386142,15.132803060651318,14.987704871386159,0.09860000136541203,0.23909999799798243,7.089800001267577,0.8553999978175852,8.195699996576877,0,True,gaze_outside_screen,0.726694797361591,-3.4223475172871645,4.9843962500462675,False,False,3,3.0
1789487103070,432,1176,2718.2565043402856,-112.6735036383938,2691.643150086896,-116.14666466043424,-1,-1,off_screen,0.0,398,6,0.6,0.00017477761067313975,15.185504617407256,14.98820179989503,0.09670000144978985,0.19629999951575883,7.341100001212908,0.9114000022236723,8.458000000246102,0,True,gaze_outside_screen,0.726694797361591,-3.282997534072706,5.26602783364311,False,False,3,3.0
1789487103135,433,1177,2715.049025256528,-97.5416720260326,2698.025283847098,-111.07359857169541,-1,-1,off_screen,0.0,463,6,0.6,0.0001697779760329171,15.208446505227254,14.988628800989044,0.11319999975967221,0.25129999994533136,6.9524999998975545,0.8548999976483174,8.067799997661496,0,True,gaze_outside_screen,0.726694797361591,-3.0777481873884653,5.312636559590855,False,False,3,3.0
1789487103214,434,1178,2724.0238742810498,-92.15189318856956,2705.6145869712786,-105.55012382240855,-1,-1,off_screen,0.0,542,6,0.6,0.0001520323240750323,14.953081838653334,14.986289574167913,0.08859999798005447,0.20229999790899456,6.895900001836708,0.9233999990101438,8.031200002733385,0,True,gaze_outside_screen,0.726694797361591,-3.04039468121897,5.3468082593680215,False,False,3,3.0
1789487103278,435,1179,2733.970722118183,-53.24959410173034,2720.504032395762,-78.08778176086665,-1,-1,off_screen,0.0,607,6,0.6,0.0001559765796604936,15.013315037560474,14.986750054113859,0.0881000014487654,0.21109999943291768,6.961000002775108,0.8734999973967206,8.055299997067777,0,True,gaze_outside_screen,0.726694797361591,-3.0467755050513006,5.287676777314342,False,False,3,3.0
1789487103343,436,1180,2739.803986379559,-60.47593167657093,2725.1457177198427,-73.85208948228313,-1,-1,off_screen,0.0,671,6,0.6,0.00014264419298231149,15.052034879185657,14.98707508928912,0.14149999697110616,0.2510999984224327,7.053000001178589,0.8248000012827106,8.140500001900364,0,True,gaze_outside_screen,0.726694797361591,-3.0392145166642877,5.1301819502311625,False,False,3,3.0
1789487103407,437,1181,2724.742998587505,-35.429435426732105,2725.006623486082,-60.58137747540151,-1,-1,off_screen,0.0,736,6,0.6,0.00013840920876357667,15.12255764347919,14.987514429654507,0.10710000060498714,0.24299999859067611,7.982400002219947,0.8565000025555491,9.091800002352102,0,True,gaze_outside_screen,0.726694797361591,-3.023198846583739,4.965613652311435,False,False,3,3.0
1789487103470,438,1182,2704.6054769381144,5.193944483557556,2712.663152543866,-20.78480166009901,-1,-1,off_screen,0.0,799,6,0.6,0.00015218891468211232,15.186902601798135,14.98832242300975,0.07209999967017211,0.19980000070063397,6.986800002778182,0.9381999989273027,8.135099997161888,0,True,gaze_outside_screen,0.726694797361591,-3.0952717109345826,4.93443390291853,False,False,3,3.0
1789487103534,439,1183,2698.196478951675,3.8944180476269414,2708.878002887902,-14.327578484994852,-1,-1,off_screen,0.0,862,6,0.6,0.00015988290339416858,15.230334015273142,14.988904390671237,0.1267000006919261,0.21319999723345973,6.66310000087833,0.8883999980753288,7.773499997711042,0,True,gaze_outside_screen,0.726694797361591,-3.135883345927823,5.075113184480437,False,False,3,3.0
1789487103615,440,1184,2705.3927689958014,-0.564059134864286,2708.3944368580433,-12.4179303480044,-1,-1,off_screen,0.0,944,6,0.6,0.0001742100440151051,14.945100548150533,14.986127118094274,0.1692000005277805,0.23209999926621094,7.2795000014593825,0.8201000018743798,8.340100001078099,0,True,gaze_outside_screen,0.726694797361591,-3.247022996227315,5.34820480859995,False,False,3,3.0
1789487103678,441,1185,2733.8422198515227,-13.610284500738565,2714.3731340842364,-12.698061802576225,-1,-1,off_screen,0.0,1006,6,0.6,0.00014060300981837137,15.031835660692922,14.986904367081046,0.08600000001024455,0.19810000230791047,6.6373999979987275,0.8810999970592093,7.726200001343386,0,True,gaze_outside_screen,0.726694797361591,-3.2454096598731326,5.486510510583724,False,False,3,3.0
1789487103743,442,1186,3168.0000000000005,527.4150545072712,3031.9119402252713,365.38111961431696,-1,-1,off_screen,0.0,1072,6,0.6,-0.0007881830208551453,15.08430721210771,14.98728725473126,0.0884000000951346,0.2201000024797395,7.104699998308206,0.812700000096811,8.147900000039954,0,True,gaze_outside_screen,0.726694797361591,-3.6617787634551746,8.422985172786868,False,False,3,3.0
1789487103806,443,1187,3168.0000000000005,633.3346411191319,3127.173582067582,552.9485846676874,-1,-1,off_screen,0.0,1134,6,0.6,-0.0008392495829761797,15.144193968478609,14.987744097398732,0.14710000323248096,0.31229999876813963,7.5743999987025745,0.7974000000103842,8.694499996636296,0,True,gaze_outside_screen,0.726694797361591,-3.820842240746572,9.740872859157719,False,False,3,3.0
1789487103871,444,1188,3168.0000000000005,618.3827977755626,3154.7513038524303,597.1485565409625,-1,-1,off_screen,0.0,1200,6,0.6,-0.0007168991566962723,15.17524302631734,14.988110567746162,0.1771000024746172,0.3352999992785044,7.503000000724569,0.9228999988408759,8.772299999691313,0,True,gaze_outside_screen,0.726694797361591,-3.9280498660571084,10.209320833427515,False,False,3,3.0
1789487103934,445,1189,3168.0000000000005,594.6134177650915,3156.509417088407,596.8121414713397,-1,-1,off_screen,0.0,1263,6,0.6,-0.0006390847037528371,15.233519466840903,14.988784556863372,0.0987999992503319,0.22009999884176068,7.300100001884857,0.9207000002788845,8.464700000331504,0,True,gaze_outside_screen,0.726694797361591,-4.04728723967915,10.381556856495052,False,False,3,3.0
1789487104014,446,1190,3168.0000000000005,488.8233942725767,3164.5528251265227,521.2200184322056,-1,-1,off_screen,0.0,1342,6,0.6,-0.0005578098685446193,14.965502694657522,14.98634823015704,0.1545999984955415,0.23349999901256524,7.368099999439437,0.8168999993358739,8.428199998888886,0,True,gaze_outside_screen,0.726694797361591,-4.025892184485713,10.230871648099482,False,False,3,3.0
1789487104079,447,1191,3112.3353531935563,474.4368449759976,3132.405707442884,492.4184673988373,-1,-1,off_screen,0.0,1407,6,0.6,-0.0005146357442835457,15.010523193289457,14.98665544032395,0.23680000231252052,0.325099998008227,7.491600001230836,0.8256000000983477,8.657499998662388,0,True,gaze_outside_screen,0.726694797361591,-3.982813031533084,10.062384742736285,False,False,3,3.0
1789487104142,448,1192,3051.21634262333,446.56508709435707,3075.573152069196,460.3211011857011,-1,-1,off_screen,0.0,1470,6,0.6,-0.0004355807971228587,15.096545736339909,14.987429808755476,0.09059999865712598,0.21130000095581636,7.235699999000644,0.8075999976426829,8.265200001915218,0,True,gaze_outside_screen,0.726694797361591,-3.951382393317175,10.085845316408792,False,False,3,3.0
1789487104206,449,1193,2963.6273586291436,371.008564054169,2997.2110966611594,397.80232519362863,-1,-1,off_screen,0.0,1535,6,0.6,-0.0003555822973464722,15.144118488294971,14.987955814390995,0.12349999815342017,0.2454999994370155,6.869799999549286,0.8509999970556237,7.977500001288718,0,True,gaze_outside_screen,0.726694797361591,-4.014900744903059,9.51002416015036,False,False,3,3.0
1789487104271,450,1194,2864.355356472328,450.28970013127844,2904.2120785289776,434.5434876499835,-1,-1,off_screen,0.0,1599,6,0.6,-0.00032581013444349036,15.175292138115388,14.988090794449674,0.13210000179242343,0.26280000020051375,8.166799998434726,0.8379999999306165,9.280499998567393,0,True,gaze_outside_screen,0.726694797361591,-3.983556833728386,9.272335246407733,False,False,3,3.0
1789487104335,451,1195,2808.1701259396505,465.1383113540359,2836.9827117164486,455.9598642428202,0,2,ai_agent,0.1803037741931104,0,9,0.8,-0.00030543906676382647,15.215477818855172,14.988806704084542,0.10220000331173651,0.21290000222506933,6.899700001667952,0.8727999993425328,7.995299998583505,0,True,on_screen,0.726694797361591,-3.919734785000628,8.99209445389138,False,False,3,3.0
1789487104414,452,1196,2054.866228818471,640.1145324649838,2289.501173687864,584.8681319983347,0,2,ai_agent,0.4601988527789731,78,9,0.8,-0.00024627471043426816,14.959193863487206,14.986548013103983,0.24850000045262277,0.20500000027823262,6.670399998256471,0.8185000006051268,7.702200000494486,0,True,on_screen,0.726694797361591,-3.8959988457136774,8.900296592080482,False,False,3,3.0
1789487104478,453,1197,1813.916518509136,669.2018275670573,1956.5919150627547,643.9017188964406,1,2,second_file,0.09537693930852598,0,5,1.0,-0.00020981475809702006,15.025369308762343,14.986920831555516,0.1097999993362464,0.21859999833395705,7.345900001382688,0.8511999985785224,8.425199997873278,0,True,on_screen,0.726694797361591,-3.933674734766015,8.60864351536673,False,False,3,3.0
1789487104543,454,1198,1731.8707048734987,683.6630838137921,1799.2870679302755,671.7346743385866,1,1,main_file,0.24799009206868916,0,10,1.2,-0.00017494116125022462,15.059062837015395,14.987369150696757,0.1447000031475909,0.24140000095940195,6.635000001551816,0.7786999995005317,7.664499997190433,0,True,on_screen,0.726694797361591,-4.007121439444262,8.011860841826914,False,False,3,3.0
1789487104606,455,1199,1780.6093502029676,659.8730297212242,1795.4325841414573,669.2868101212416,1,1,main_file,0.25138309416459315,62,10,1.2,-0.0002339871329863786,15.135322380154419,14.98782804608632,0.1722999986668583,0.2496999986760784,7.689499998377869,0.782499999331776,8.733599999686703,0,True,on_screen,0.726694797361591,-4.081790753711459,7.756847806565885,False,False,3,3.0
1789487104670,456,1200,1889.0792450802717,625.5134922108912,1860.9852467986275,638.6454875839963,1,1,main_file,0.1245925521820741,127,10,1.2,-0.0002524719410153201,15.19103298246909,14.98841871115961,0.08489999891025946,0.21230000129435211,7.495999998354819,0.8553999978175852,8.574100000259932,0,True,on_screen,0.726694797361591,-3.939982284901504,7.648445756494027,False,False,3,3.0
1789487104734,457,1201,2100.761134444774,559.107689497055,2028.8283681509301,582.9690289231374,0,2,ai_agent,0.17543971613177411,0,10,1.4,-0.0002629921466856932,15.232532576293917,14.98901642692029,0.10910000128205866,0.22149999858811498,6.98999999804073,0.7977999994182028,8.019199998670956,0,True,on_screen,0.726694797361591,-3.9087281115865835,7.597703222256596,False,False,3,3.0
1789487104815,458,1202,2448.6841194591207,454.96410729658254,2322.7273940666637,493.365583784549,0,2,ai_agent,0.6321210684174277,81,10,1.4,-0.00026243343029669873,14.941246400534546,14.986286245201512,0.0822000001790002,0.20479999875533395,7.144200000766432,0.8148999986588024,8.17290000122739,0,True,on_screen,0.726694797361591,-3.871111039803111,7.608963432557375,False,False,3,3.0
1789487104878,459,1203,2518.628776767683,447.5983310371607,2459.8583619573774,461.32850686137715,0,2,ai_agent,0.6960009023358911,144,10,1.4,-0.00020707987823398444,15.038082557593603,14.986978203328778,0.09080000018002465,0.23880000298959203,7.270099999004742,0.8195999980671331,8.339500000147382,0,True,on_screen,0.726694797361591,-3.7122635545717344,8.66030565533324,False,False,3,3.0
1789487104942,460,1204,2778.689286481765,319.6773798626253,2683.0400091244487,362.1727179622509,0,2,ai_agent,0.48804219745621547,207,10,1.4,-0.00014811265370139916,15.091773270017033,14.987033664101466,0.1253000009455718,0.35819999902741984,9.325099999841768,0.8670999995956663,10.561200000665849,0,True,on_screen,0.726694797361591,-3.5038293784515133,9.224844230916744,False,False,3,3.0
1789487105006,461,1205,2871.943470807693,212.79149435199545,2815.2724323027196,257.6058614350721,0,2,ai_agent,0.2625404304120962,272,10,1.4,-0.00014317379222468334,15.14740648359782,14.988128195955943,0.09969999882741831,0.24750000011408702,6.468499999755295,0.7810999995854218,7.508300001063617,0,True,on_screen,0.726694797361591,-3.4440738813238454,9.222073641024291,False,False,3,3.0
1789487105071,462,1206,2861.015791891735,146.8922070572981,2847.2927840150305,180.10630337063031,0,2,ai_agent,0.1818893505661099,337,10,1.4,-0.00012644636353847938,15.17882486694296,14.988209554781104,0.23359999977401458,0.23890000011306256,8.006300002307398,0.8593000020482577,9.114600001339568,0,True,on_screen,0.726694797361591,-3.2550509242502983,9.77532756331546,False,False,3,3.0
1789487105135,463,1207,2843.551053980311,90.98524469989147,2844.673572990727,117.72156230111312,0,2,ai_agent,0.15097173970110878,401,10,1.4,-9.468380302271769e-05,15.229712558538942,14.988637011211795,0.1033000007737428,0.2509000005375128,8.658900002046721,0.873700002557598,9.792900000320515,0,True,on_screen,0.726694797361591,-3.3515847764570594,9.221945829170785,False,False,3,3.0
1789487105214,464,1208,2857.7366255124625,36.9779889289933,2853.817709755942,61.20106094062925,0,2,ai_agent,0.09403515165213117,480,10,1.4,-0.0001010962905406837,14.96370804086462,14.98644279614066,0.10069999916595407,0.24950000079115853,7.499800001824042,0.9930999985954259,8.75369999994291,0,True,on_screen,0.726694797361591,-3.4010867364603996,8.51049706957013,False,False,3,3.0
1789487105280,465,1209,2880.3344508442688,38.67494606711744,2862.154896042039,54.11857612935782,0,2,ai_agent,0.07516438255802937,546,10,1.4,-0.00010717770696353802,14.986401493122626,14.98663437652315,0.08860000161803328,0.19550000070012175,7.582299997011432,0.8339999985764734,8.619299998827046,0,True,on_screen,0.726694797361591,-3.5128059272513497,7.805530457349995,False,False,3,3.0
1789487105342,466,1210,2895.1377865012714,22.053668391927907,2875.6779709436896,40.971876643339364,0,2,ai_agent,0.043118913857415175,608,10,1.4,-9.636103047429116e-05,15.098337027981989,14.98767427292951,0.09030000001075678,0.21320000087143853,6.613800000195624,0.8176000010280404,7.653799999388866,0,True,on_screen,0.726694797361591,-3.472529034178507,7.706975705947567,False,False,3,3.0
1789487105406,467,1211,2909.694335425671,-51.17560778537011,2899.4894260810765,-23.531362456757265,-1,-1,off_screen,0.0,0,7,1.6,-4.994336764835815e-05,15.149946911077533,14.988060215431661,0.0928999979805667,0.24399999892921187,7.176600000093458,0.8191000015358441,8.251600000221515,0,True,gaze_outside_screen,0.726694797361591,-3.550731587773754,7.523484217323926,False,False,3,3.0
1789487105470,468,1212,2905.7864021892246,-24.106876265534112,2900.2450632140544,-23.600424113810487,-1,-1,off_screen,0.0,64,7,1.6,-2.999062285820829e-05,15.19752546556359,14.988194774692772,0.10130000009667128,0.2418000003672205,9.1091000031156,0.8845000011206139,10.248400001728442,0,True,gaze_outside_screen,0.726694797361591,-3.546227160690961,7.977086570574077,False,False,3,3.0
1789487105535,469,1213,2931.720065556332,-54.373523557370085,2912.6179490088343,-35.697390488143014,-1,-1,off_screen,0.0,129,7,1.6,-2.8795123653294064e-05,15.233890405876505,14.989047510398395,0.10779999865917489,0.2351000002818182,6.903099998453399,0.9535999997751787,8.101200000965036,0,True,gaze_outside_screen,0.726694797361591,-3.59206449384277,7.963245359084778,False,False,3,3.0
1789487105614,470,1214,2932.9513164935756,-49.13302821734037,2917.2035351197633,-38.72739886273789,-1,-1,off_screen,0.0,208,7,1.6,-1.7927599301513844e-05,14.970945722342885,14.98663985498349,0.08320000051753595,0.20850000146310776,7.454899998265319,0.818000000435859,8.490799998980947,0,True,gaze_outside_screen,0.726694797361591,-3.5249973011815428,7.7917197518964585,False,False,3,3.0
1789487105678,471,1215,2930.0497735077743,-58.00223478760391,2919.96827185709,-42.87568300458844,-1,-1,off_screen,0.0,272,7,1.6,-5.498758244692342e-06,15.024159428908167,14.987123489058607,0.08170000000973232,0.20229999790899456,7.0421000018541235,0.8432999966316856,8.097400001133792,0,True,gaze_outside_screen,0.726694797361591,-3.3887540259840705,8.735188942999185,False,False,3,3.0
1789487105743,472,1216,2915.704228105949,-29.145897057960063,2919.3701470597703,-40.949782165891875,-1,-1,off_screen,0.0,337,7,1.6,1.3693224829816608e-05,15.059034318362297,14.9872749469785,0.09019999924930744,0.22049999824957922,7.910799999081064,0.8111000024655368,8.951799998612842,0,True,gaze_outside_screen,0.726694797361591,-3.3551125352867928,8.842081966027699,False,False,3,3.0
1789487105806,473,1217,2959.511247816892,-62.469688476262014,2935.6724684864494,-49.689563166576605,-1,-1,off_screen,0.0,400,7,1.6,-4.931559081043299e-06,15.149401997249868,14.988263290794011,0.10289999772794545,0.2041000007011462,6.633400000282563,0.8277000015368685,7.6746000013372395,0,True,gaze_outside_screen,0.726694797361591,-3.3767248065351794,8.675238629417171,False,False,3,3.0
1789487105870,474,1218,2958.226496671661,-61.75269070352772,2940.990870925602,-52.53413560345932,-1,-1,off_screen,0.0,463,7,1.6,-6.108796157170901e-06,15.194991628639452,14.988555481078697,0.08679999882588163,0.20370000129332766,7.706500000494998,0.8078999999270309,8.728400000109104,0,True,gaze_outside_screen,0.726694797361591,-3.3660728444151005,8.763533376371246,False,False,3,3.0
1789487105938,475,1219,2973.109309464841,-93.40087141708294,2955.797037559768,-71.37314919721565,-1,-1,off_screen,0.0,532,7,1.6,-2.913216874058863e-06,15.139760661128815,14.987925357245095,0.13589999798568897,0.2480000002833549,9.213699999236269,1.0985000008076895,10.572200000751764,0,True,gaze_outside_screen,0.726694797361591,-3.2531360811514674,8.235676952936831,False,False,3,3.0
1789487106014,476,1220,2970.767605745599,-97.61085135970426,2959.9185124675764,-78.59652440642145,-1,-1,off_screen,0.0,608,7,1.6,-2.143283182395525e-06,14.947226711175151,14.986625198625863,0.08910000178730115,0.2300000014656689,7.3985000017273705,1.0387000002083369,8.6788999979035,0,True,gaze_outside_screen,0.726694797361591,-3.344191097698314,7.938188461505726,False,False,3,3.0
1789487106080,477,1221,2927.6167214742236,-74.06391471775848,2950.3616546266735,-77.25549949384722,-1,-1,off_screen,0.0,674,7,1.6,-1.9805076813764894e-06,14.969441404191446,14.986867876697103,0.09220000356435776,0.2379000034125056,7.060399999318179,0.8530999984941445,8.163599999534199,0,True,gaze_outside_screen,0.726694797361591,-3.3470259525448967,7.977620571289558,False,False,3,3.0
1789487106143,478,1222,2872.10887051053,-15.76569570525399,2895.584705745373,-34.212636841831966,-1,-1,off_screen,0.0,736,7,1.6,-2.579038062701204e-05,15.068106148122048,14.987520123796566,0.11230000018258579,0.22700000045006163,7.559599998785416,0.872299999173265,8.668199996463954,0,True,gaze_outside_screen,0.726694797361591,-3.353610858913271,7.960626106079027,False,False,3,3.0
1789487106207,479,1223,2888.050610288621,-31.96829898761472,2894.680614290563,-33.94331629932589,-1,-1,off_screen,0.0,801,7,1.6,-2.3783862621510124e-05,15.111072830375559,14.98795841930053,0.11269999959040433,0.21380000180215575,7.422700000461191,0.8329000011144672,8.478700001433026,0,True,gaze_outside_screen,0.726694797361591,-3.2668372796066762,8.513067443693464,False,False,3,3.0
1789487106270,480,1224,2783.9096802698596,6.5153047254245795,2817.1409604760706,-5.622281582000563,-1,-1,off_screen,0.0,864,7,1.6,-1.9372499851054784e-05,15.192456633385424,14.988669117201335,0.0911999995878432,0.216500000533415,7.368599999608705,0.9379000002809335,8.532100000593346,0,True,gaze_outside_screen,0.726694797361591,-3.2888561540450496,8.306263016341651,False,False,3,3.0
1789487106335,481,1225,2778.551560133651,0.9163258666216975,2803.5774269133585,-3.3240696171647874,-1,-1,off_screen,0.0,929,7,1.6,-2.0917465318513392e-05,15.21225024012383,14.98877298689987,0.12000000060652383,0.23940000028233044,8.594399998401059,0.8643000001029577,9.70719999895664,0,True,gaze_outside_screen,0.726694797361591,-3.288322601887245,8.518558359410733,False,False,3,3.0
1789487106415,482,1226,2786.095349182617,-0.6137497912313936,2800.630993088411,-2.867271624697643,-1,-1,off_screen,0.0,1009,7,1.6,-4.1991938519782626e-05,14.9401040204949,14.986295027086163,0.15469999925699085,0.23380000129691325,8.819700000458397,0.8259000023826957,9.889299999485957,0,True,gaze_outside_screen,0.726694797361591,-3.2742691694595862,8.541404507151814,False,False,3,3.0
1789487106478,483,1227,2779.8223722322723,18.664474777847218,2794.949246405307,3.0119228471459123,0,2,ai_agent,0.12699876012913247,0,11,1.8,-4.1639009078031294e-05,15.030309756189931,14.987322557307403,0.1171000003523659,0.2945000014733523,6.7103000001225155,0.8627999995951541,7.880999997723848,0,True,on_screen,0.726694797361591,-3.334874730727904,8.008240876134078,False,False,3,3.0
1789487106542,484,1228,2782.3319574979337,49.43495262058498,2789.5493952812803,22.8796972433044,0,2,ai_agent,0.15542342390029662,64,11,1.8,-5.562444557161671e-05,15.096204019714904,14.98776990042885,0.1374000021314714,0.22470000112662092,7.38170000113314,0.8041000000957865,8.420399997703498,0,True,on_screen,0.726694797361591,-3.3598274627525484,7.637287874287333,False,False,3,3.0
1789487106606,485,1229,2788.5920974975443,46.45116487408046,2789.3398776914282,28.03863229067438,0,2,ai_agent,0.16097723844689849,128,11,1.8,-5.90127622432015e-05,15.147310729312368,14.988329268510071,0.10560000009718351,0.22790000002714805,6.934699998964788,0.8353000011993572,8.00869999875431,0,True,on_screen,0.726694797361591,-3.378011969209524,7.759658463651027,False,False,3,3.0
1789487106671,486,1230,2788.3890353714182,48.991307004731866,2789.152994411354,32.156775219833435,0,2,ai_agent,0.16539414364889438,193,11,1.8,-5.4366097515525305e-05,15.164977614003353,14.988530557073219,0.12440000136848539,0.2521999995224178,7.280699999682838,0.8254999993368983,8.367999998881714,0,True,on_screen,0.726694797361591,-3.4157704302602667,7.5187448775649255,False,False,3,3.0
1789487106734,487,1231,2811.734232425484,24.370594853405212,2794.152025712205,30.433071703600593,0,2,ai_agent,0.15638894410927118,256,11,1.8,-5.1240153551412176e-05,15.236409050070002,14.989095244476115,0.09959999806596898,0.25019999884534627,7.869699998991564,0.883699998666998,9.016700001666322,0,True,on_screen,0.726694797361591,-3.391333784612641,7.456913745280793,False,False,3,3.0
1789487106814,488,1232,2819.277666671453,27.920954505004556,2800.0068650390986,29.847691908037955,0,2,ai_agent,0.14725280245869432,335,11,1.8,-5.4875664891399986e-05,14.96486854344759,14.986713809873123,0.1940000001923181,0.25209999876096845,7.7745000016875565,0.8901000001060311,8.926599999540485,0,True,on_screen,0.726694797361591,-3.392711347934096,7.426077492789033,False,False,3,3.0
1789487106879,489,1233,2825.760474296737,27.69426442369725,2806.1382011748306,29.335010845809734,0,2,ai_agent,0.13775295951538036,401,11,1.8,-5.1784836420805044e-05,15.00649301148084,14.98712848155927,0.1260999997612089,0.21529999867198057,7.339799998590024,0.7971999984874856,8.361000000149943,0,True,on_screen,0.726694797361591,-3.4102192710477652,7.759898232480138,False,False,3,3.0
1789487106942,490,1234,2836.3863835978905,18.691481393390955,2814.945030889976,26.236122121040356,0,2,ai_agent,0.12176042990356317,463,11,1.8,-4.695921903872906e-05,15.089613240135805,14.987769300092975,0.17470000238972716,0.25019999884534627,7.334099998843158,0.8288999997603241,8.423999999649823,0,True,on_screen,0.726694797361591,-3.457493851667465,7.434311053745166,False,False,3,3.0
1789487107006,491,1235,2859.106321297657,16.73439244700934,2832.739247541152,22.407523934262557,0,2,ai_agent,0.09172063327207092,528,11,1.8,-5.459568223040688e-05,15.144085090331028,14.988347233591401,0.20289999883971177,0.30619999961345457,6.797900001402013,0.8906999973987695,8.0061000007845,0,True,on_screen,0.726694797361591,-3.4606816322215934,7.341846800528526,False,False,3,3.0
1789487107070,492,1236,2853.375322446538,3.8339554000107037,2837.9902081350965,17.681379213939646,0,2,ai_agent,0.0794019848107218,592,11,1.8,-4.5143288347029506e-05,15.195160785541693,14.988807380943049,0.13279999984661117,0.29089999952702783,7.195199999841861,0.8176000010280404,8.314999999129213,0,True,on_screen,0.726694797361591,-3.522402198591436,7.724142694225296,False,False,3,3.0
1789487107134,493,1237,2855.9399760227066,-16.441895916915634,2844.209982893604,5.857321840863912,0,2,ai_agent,0.058777284696516885,656,11,1.8,-4.514093374068974e-05,15.229301004026777,14.989201661584286,0.12140000035287812,0.23880000298959203,7.097000001522247,1.150799998868024,8.496399997966364,0,True,on_screen,0.726694797361591,-3.4846393329625585,7.763379197314933,False,False,3,3.0
1789487107214,494,1238,2860.165478103236,-7.793212253767891,2847.3491854835593,3.1716144139787232,0,2,ai_agent,0.051533229765151733,736,11,1.8,-1.966927277899204e-05,14.96096585768817,14.986983175610622,0.21609999748761766,0.24440000197500922,6.650199997238815,0.8258999987447169,7.730200002697529,0,True,on_screen,0.726694797361591,-3.4113482367859547,7.696149166456189,False,False,3,3.0
1789487107279,495,1239,2863.7701408858,-21.628586615018914,2851.804925778408,-3.557790321520057,-1,-1,off_screen,0.0,0,8,1.8,-1.3326940312778299e-05,15.018588331490015,14.987463567354434,0.0805000017862767,0.20049999875482172,6.419400000595488,0.8137000004353467,7.442899997840868,0,True,gaze_outside_screen,0.726694797361591,-3.4345133254751374,8.01465623388285,False,False,3,3.0
1789487107342,496,1240,2855.2541462557097,-2.241725512026468,2852.2188322356837,-3.3998625443808264,-1,-1,off_screen,0.0,62,8,1.8,-1.8264584880573267e-05,15.085913240340584,14.987923975825186,0.15750000238767825,0.22629999875789508,6.675700002233498,0.9849000016401988,7.896600000094622,0,True,gaze_outside_screen,0.726694797361591,-3.552692715560852,8.041750451672224,False,False,3,3.0
1789487107407,497,1241,2876.543086247962,19.118951228380443,2859.525277809265,3.3642703712364064,0,2,ai_agent,0.03372047491772312,0,12,2.0,-2.2527223748555758e-05,15.122907415043345,14.988320583679089,0.08619999789516442,0.22370000078808516,6.669900001725182,0.8232000000134576,7.72549999965122,0,True,on_screen,0.726694797361591,-3.5396831462309137,8.13617026528233,False,False,3,3.0
1789487107470,498,1242,2906.5596903098917,10.748372834173104,2879.45548580775,6.493185779002862,0,2,ai_agent,0.006852735822301725,62,12,2.0,-2.0558823688265546e-05,15.195626286603542,14.98873951031743,0.08520000119460747,0.2088999972329475,7.852000002458226,0.9654000023147091,9.037200001330348,0,True,on_screen,0.726694797361591,-3.5784634310326737,7.749006282947886,False,False,3,3.0
1789487107534,499,1243,2898.834044822805,32.98644585115591,2885.2228802676377,14.378038375410883,-1,-1,off_screen,0.0,0,9,2.0,-6.7596370788066545e-06,15.237321969681435,14.989439891360123,0.09169999975711107,0.2206999997724779,6.802600000810344,0.7952000014483929,7.827999997971347,0,True,gaze_outside_screen,0.726694797361591,-3.571000847091966,7.545469667612201,False,False,3,3.0
1789487107615,500,1244,2858.5830310070933,29.191357216335764,2877.826712295648,18.490741615529775,0,2,ai_agent,0.020233043933146733,0,13,2.2,2.375088142726224e-05,14.95606348819448,14.986956546918368,0.149200001033023,0.23460000011255033,6.756800001312513,0.8082999993348494,7.808900001691654,0,True,on_screen,0.726694797361591,-3.575193106159645,7.425743801756433,False,False,3,3.0
1789487107678,501,1245,2803.506899262163,67.99919703534594,2825.8028431722087,53.146660409401086,0,2,ai_agent,0.13047749316684532,62,13,2.0,0.00010318666981278153,15.033140262577962,14.98749916169308,0.12309999874560162,0.2663999985088594,6.826100001489976,0.8382000014535151,7.940299998153932,0,True,on_screen,0.726694797361591,-3.4517869543436746,7.169097983845818,False,False,3,3.0
1789487107743,502,1246,2784.644402252654,30.876131185969705,2808.647960249159,43.86427961638117,0,2,ai_agent,0.1479651611334034,128,13,2.0,0.0001186068000874653,15.084898337288164,14.987767593945131,0.09030000001075678,0.23720000172033906,7.760500000586035,0.8596999978180975,8.868300003086915,0,True,on_screen,0.726694797361591,-3.3772945045089386,7.160525039438875,False,False,3,3.0
1789487107806,503,1247,2739.1289631376803,97.7327729953054,2759.984662271124,81.57222498162812,0,2,ai_agent,0.25611177315507394,190,13,2.0,0.0001387933712382796,15.151844308427208,14.988424350929186,0.10560000009718351,0.3595000016503036,7.254799998918315,0.8445999992545694,8.468799998809118,0,True,on_screen,0.726694797361591,-3.2362025403294865,8.10399919324349,False,False,3,3.0
1789487107871,504,1248,2718.6352952937364,68.69705462452126,2743.981025802298,76.58908833573895,0,2,ai_agent,0.2753764988903864,256,13,2.0,0.00019552578718489387,15.184063025666036,14.988907631855868,0.09370000043418258,0.23130000045057386,6.796800000302028,0.8390000002691522,7.87789999958477,0,True,on_screen,0.726694797361591,-3.1870364863226825,7.986188354064857,False,False,3,3.0
1789487107934,505,1249,2711.3206626456745,35.715252409211786,2728.8297247983214,57.62751744505013,0,2,ai_agent,0.2783156055433831,319,13,2.0,0.00027939650060999563,15.244158787724906,14.989176356556344,0.10880000263568945,0.21700000070268288,8.653799999592593,0.8677000005263835,9.748899999976857,0,True,on_screen,0.726694797361591,-3.1643420143174126,8.050181820327511,False,False,3,3.0
1789487108014,506,1250,2716.4549884434123,-19.98705364115879,2720.3157182813334,4.227513995353707,0,2,ai_agent,0.22976015284483264,398,13,2.0,0.000315994512591615,14.969653852831176,14.987062837643382,0.1407999989169184,0.23640000290470198,7.100500002707122,0.8699999998498242,8.218300001317402,0,True,on_screen,0.726694797361591,-3.2060387301700075,8.42047830732103,False,False,3,3.0
1789487108080,507,1251,2711.462146472021,-43.92896011878124,2716.46195717914,-16.73391837984094,-1,-1,off_screen,0.0,0,10,2.2,0.00033684528224968945,14.991275209965071,14.98707447489093,0.14870000086375512,0.25610000011511147,7.891799999924842,0.8675999997649342,9.027200001582969,0,True,gaze_outside_screen,0.726694797361591,-3.2183532124747103,8.391730613081577,False,False,3,3.0
1789487108142,508,1252,2729.066854461128,-86.98843087805771,2724.3582337766766,-60.74451604680906,-1,-1,off_screen,0.0,62,10,2.2,0.0003303192355479153,15.099947447119236,14.988033850661326,0.10910000128205866,0.22199999875738285,7.179500000347616,0.796300002548378,8.20699999894714,0,True,gaze_outside_screen,0.726694797361591,-3.193910222703323,8.519947242076649,False,False,3,3.0
1789487108206,509,1253,2719.035024132551,-101.4330014268928,2722.401137865875,-75.70377440364433,-1,-1,off_screen,0.0,126,10,2.2,0.0003488149116131888,15.14737162321235,14.98842621957743,0.10879999899771065,0.21999999808031134,7.262299997819355,1.0375999991083518,8.529599999747006,0,True,gaze_outside_screen,0.726694797361591,-3.179229132934438,8.515065487787002,False,False,3,3.0
1789487108270,510,1254,747.0473953894332,191.26785075098093,1339.653518132366,111.17636320459333,0,1,main_file,0.6222323016129934,0,11,2.4,0.00035274452193130405,15.200934721371684,14.988998093329357,0.0853000019560568,0.2088999972329475,7.228700000268873,0.8454000017081853,8.292599999549566,0,True,on_screen,0.726694797361591,-3.405904571284566,8.084838417096508,False,False,3,3.0
1789487108351,511,1255,437.3983548627941,229.8800253686518,708.0749038436657,194.26892671943423,0,0,sidebar,0.5558775375962128,0,5,2.6,0.00042178874728690703,14.917276014342828,14.986354345214552,0.09489999865763821,0.2299999978276901,7.839900001272326,0.822000001790002,8.90120000258321,0,True,on_screen,0.726694797361591,-3.5020480734544037,6.867512283554365,False,False,3,3.0
1789487108414,512,1256,373.5511104264761,210.82033876409344,473.90824845163297,205.85491515069566,0,0,sidebar,0.8333295277755652,62,5,2.6,0.0004261910226647774,15.008548260953397,14.987004447463853,0.11849999646074139,0.21410000044852495,7.732400001259521,0.8663000007800292,8.821700001135468,0,True,on_screen,0.726694797361591,-3.5361750470737263,5.744171365599431,False,False,3,3.0
1789487108479,513,1257,337.7753782334211,181.35194675120394,378.6152392988847,188.70283727105146,0,0,sidebar,0.7340251944787132,128,5,2.6,0.0004225862897605827,15.050543789118743,14.987379892857726,0.13490000128513202,0.24759999723755755,7.3439000007056165,1.0273000007146038,8.629799998743692,0,True,on_screen,0.726694797361591,-3.441710029728455,5.658111573245525,False,False,3,3.0
1789487108542,514,1258,339.2316257077579,181.2224691165613,364.4540067895107,186.01310864961997,0,0,sidebar,0.713256434260698,190,5,2.6,0.00043263734885194867,15.133272373019336,14.98819541405212,0.0897999998414889,0.2094999981636647,6.736699997418327,0.8497000017086975,7.804700002452591,0,True,on_screen,0.726694797361591,-3.446462362365452,4.881493532547776,False,False,3,3.0
1789487108607,515,1259,346.1837936470733,171.90112215558543,360.53405268419374,182.9853202510831,0,0,sidebar,0.7045679234152622,256,5,2.6,0.00045709838906145793,15.155524509815866,14.988359711271213,0.14480000027106144,0.35930000012740493,7.285899999260437,0.824099999590544,8.481100001517916,0,True,on_screen,0.726694797361591,-3.4058185733014454,4.862280519653736,False,False,3,3.0
1789487108670,516,1260,355.82450026222045,143.72599252554974,358.86260047877727,169.05191766194375,0,0,sidebar,0.6848515111750135,319,5,2.6,0.00048128561401237537,15.221239729436947,14.988867126005754,0.0959999997576233,0.2272000019729603,8.041900000534952,0.8333000005222857,9.113199997955235,0,True,on_screen,0.726694797361591,-3.4136515002429064,5.012261520748203,False,False,3,3.0
1789487108750,517,1261,1123.56946147412,-58.32456352254582,894.1574031755172,9.888380832801062,0,0,sidebar,0.10667074358618367,398,5,2.6,0.0005811392252076716,14.95426028015717,14.986615312436292,0.12339999739197083,0.27580000096349977,7.6702999976987485,0.840499997138977,8.798400001978735,0,True,on_screen,0.726694797361591,-3.3023400121537634,6.667279404823253,False,False,3,3.0
1789487108814,518,1262,2385.210107098426,-128.00896271650828,1937.8942959215533,-86.63975965171548,-1,-1,off_screen,0.0,0,11,2.8,0.0006219271307746615,15.00638587068115,14.987097860403777,0.13780000153928995,0.2934000003733672,7.048400002531707,0.8314000006066635,8.194900001399219,0,True,gaze_outside_screen,0.726694797361591,-3.0525225920763432,7.638118008495093,False,False,3,3.0
1789487108878,519,1263,2413.4895636976844,-72.51974582591795,2270.810983364845,-76.7557499736572,-1,-1,off_screen,0.0,64,11,2.8,0.0007234929201845024,15.082666236311184,14.987628833799683,0.08320000051753595,0.21299999934853986,7.411099999444559,0.8841999988362659,8.518700000422541,0,True,gaze_outside_screen,0.726694797361591,-2.8784557259855603,7.30900529422632,False,False,3,3.0
1789487108942,520,1264,2444.896458981843,-54.373980923883586,2392.6708162967434,-61.088511638815675,-1,-1,off_screen,0.0,128,11,2.8,0.0007304430211201394,15.129701481171578,14.98813767756572,0.11029999950551428,0.21869999909540638,7.000500001595356,0.8510000006936025,8.08109999707085,0,True,gaze_outside_screen,0.726694797361591,-2.7380916344218633,7.483126438371631,False,False,3,3.0
1789487109006,521,1265,2414.647379402647,-21.013869357845312,2401.6259087312465,-44.758745961792215,-1,-1,off_screen,0.0,192,11,2.8,0.0007548686289348891,15.179499933946753,14.988458194048718,0.10610000026645139,0.3221000006305985,7.80049999957555,0.8684999993420206,9.006500000396045,0,True,gaze_outside_screen,0.726694797361591,-2.677211297502481,7.452432949020773,False,False,3,3.0
1789487109071,522,1266,2363.778605836126,28.60567550602738,2375.1327967046623,6.596349065681501,0,2,ai_agent,0.4797962076410426,0,14,3.0,0.0008029314343339766,15.20988509317326,14.98893477409107,0.12159999823779799,0.23670000155107118,7.370600000285776,0.835999999253545,8.45340000159922,0,True,on_screen,0.726694797361591,-2.4154238789990927,7.433024401454039,False,False,3,3.0
1789487109150,523,1267,2350.086713604366,31.16987944024621,2367.195024599075,14.384356602105893,0,2,ai_agent,0.49209598726055526,78,14,3.0,0.0008274764174810104,14.949832046638697,14.986709148771101,0.10610000026645139,0.2243999988422729,7.363699998677475,0.8191999986593146,8.416099997702986,0,True,on_screen,0.726694797361591,-2.5110442063490837,7.853622959390935,False,False,3,3.0
1789487109214,524,1268,2346.552775926665,-3.954912371174698,2361.9691809896867,9.741541127599668,0,2,ai_agent,0.4828282155568179,142,14,3.0,0.000820304743037693,15.020467848614594,14.987160896396603,0.08660000094096176,0.21349999951780774,7.662099997105543,0.8342000000993721,8.719199999177363,0,True,on_screen,0.726694797361591,-2.5721027548927395,7.946608085457037,False,False,3,3.0
1789487109279,525,1269,2210.615195480456,179.7067459246561,2256.0213911332253,128.71718448553918,0,2,ai_agent,0.6046949900653422,207,14,3.0,0.00038228237790739923,15.061123848211079,14.987528905543341,0.1722999986668583,0.24310000299010426,7.450699999026256,0.8392999989155214,8.542600000509992,0,True,on_screen,0.726694797361591,-2.8339203782440165,8.74378359570968,False,False,3,3.0
1789487109342,526,1270,3002.7468692084935,593.7922410371402,2778.729225785913,454.26972407165994,0,2,ai_agent,0.27753418876266955,270,14,2.8,-0.0008522773996739019,15.13112514526858,14.988134649106174,0.15160000111791305,0.2609999974083621,7.297000000107801,0.8252999978139997,8.39300000006915,0,True,on_screen,0.726694797361591,-4.152062325672517,7.006054380435148,False,False,3,3.0
1789487109406,527,1271,2208.3500114329604,1455.766471106454,2379.4637757388464,1155.3174469960156,1,2,second_file,0.5474833334765619,0,6,3.0,-0.0009600120373997826,15.18619975939458,14.988598912213993,0.08560000060242601,0.289100000372855,7.5173999975959305,0.9009999994304962,8.718000000953907,0,True,on_screen,0.726694797361591,-5.11153728554126,7.698958430880625,False,False,3,3.0
1789487109470,528,1272,1887.1530437139086,1253.0335422143655,2034.8462633213899,1223.7187136488606,2,2,terminal,0.19105229996457163,0,4,3.2,-0.0005181706958951818,15.234506350994215,14.989249208469634,0.10440000187372789,0.20840000070165843,6.8855000026815105,0.8312999998452142,7.934199998999247,0,True,on_screen,0.726694797361591,-7.361633264829578,7.70360804941171,False,False,3,3.0
1789487109550,529,1273,1962.5084827211622,1278.3644902263193,1984.2098169012306,1261.9707572530815,2,2,terminal,0.15358692353117875,79,4,2.8,-0.0007097117413559628,14.95186134616078,14.986608111795178,0.4814000021724496,0.3662000017357059,7.735200000752229,0.8381000006920658,9.022700000059558,0,True,on_screen,0.726694797361591,-8.769299970577919,6.20544298776018,False,False,3,3.0
1789487109614,530,1274,2075.570631436038,1071.63651698177,2048.1623870755957,1128.7367890631635,1,2,second_file,0.25861118165953856,0,7,3.0,-0.0010431278789923316,15.026331864863574,14.987251566189235,0.09470000077271834,0.22949999765842222,7.4230999998690095,0.7284000021172687,8.391100000153529,0,True,on_screen,0.726694797361591,-10.07408623352211,3.8172107909478976,False,False,3,3.0
1789487109680,531,1275,2078.0815741054525,1031.091652047634,2069.1058179964953,1060.3851931522927,1,2,second_file,0.3503713490755228,65,7,3.0,-0.0007956438052029082,15.033748057037732,14.986968037863386,0.1336999994236976,0.23010000222711824,9.458500000619097,0.802099999418715,10.500800002773758,0,True,on_screen,0.726694797361591,-10.827939246453724,3.2908191570430585,False,False,3,3.0
1789487109742,532,1276,1973.9371813339935,1002.4304977542726,2002.487772332744,1019.8169063736786,1,2,second_file,0.2665218431266615,128,7,2.8,-0.0007079198662689207,15.155440894766478,14.988136296938379,0.19859999883919954,0.21150000247871503,7.994800002052216,0.838399999338435,9.053300000232412,0,True,on_screen,0.726694797361591,-10.94584458032196,3.7313064779656666,False,False,3,3.0
1789487109807,533,1277,1996.702074472874,1035.6455561668595,2001.554004455919,1022.3715307367827,1,2,second_file,0.263629877123537,192,7,2.8,-0.0008199886425242584,15.172759856193702,14.988661869570556,0.13920000128564425,0.32270000156131573,6.465599999501137,0.7501000000047497,7.547699999122415,0,True,on_screen,0.726694797361591,-10.790097131314496,3.6981870034574147,False,False,3,3.0
1789487109870,534,1278,2188.071560402113,924.2508526989972,2132.1162936182545,953.6870561103328,1,2,second_file,0.5173290728629976,255,7,2.8,-0.0008650070346601282,15.246867483207842,14.98929104879184,0.11359999916749075,0.22629999875789508,6.8824999980279244,0.7296000003407244,7.847400000173366,0,True,on_screen,0.726694797361591,-11.285333370433193,3.679057517198565,False,False,3,3.0
1789487109950,535,1279,2292.232796191265,907.6747489903005,2244.1978454193622,921.4784411263103,1,2,second_file,0.7221468808499222,335,7,2.8,-0.0007899311986742531,14.972562101180497,14.987023434786506,0.08090000119409524,0.20710000171675347,6.51790000119945,0.7618999989063013,7.4964999985240865,0,True,on_screen,0.726694797361591,-11.466637272712262,3.328816302820431,False,False,3,3.0
1789487110016,536,1280,2484.593984402099,752.9104672952877,2412.475142707278,803.4808594445944,1,2,second_file,0.8280647924282233,401,7,2.8,-0.000780116811558736,14.98886129321333,14.986366404887624,0.2666000000317581,0.4229000005580019,10.0626999992528,1.3695999987248797,11.895899999217363,0,True,on_screen,0.726694797361591,-11.26168561091967,3.1324488725704085,False,False,3,3.0
1789487110078,537,1281,2532.2156832383753,721.2312122437784,2496.293521079046,745.9061064040231,1,2,second_file,0.6789852512257192,463,7,2.8,-0.000748099643336041,15.090438658109145,14.987680705609554,0.12380000043776818,0.2764999990176875,7.6759000003221445,0.6790000006731134,8.645599998999387,0,True,on_screen,0.726694797361591,-11.261448852916459,3.2617217954053244,False,False,3,3.0
1789487110142,538,1282,2537.3652453827535,683.1967537680696,2523.278939939908,704.7040829666491,1,2,second_file,0.5919880411557273,527,7,2.8,-0.0007092298987109464,15.157456309136952,14.988394872836025,0.09240000144927762,0.21080000078654848,6.956200002605328,0.6650999966950621,7.842099999834318,0,True,on_screen,0.726694797361591,-10.386068791198,3.453387753918161,False,False,3,3.0
1789487110206,539,1283,2546.7993906265206,336.4945507577249,2539.743255420537,446.9574104204022,0,2,ai_agent,0.641734576973364,0,15,3.0,-0.0005309851118580691,15.195224571347756,14.988840965617172,0.0932000002649147,0.2103000006172806,6.687299999612151,0.7349000006797723,7.642700002179481,0,True,on_screen,0.726694797361591,-8.501979460235958,3.2559693286836313,False,False,3,3.0
1789487110271,540,1284,2341.214487340735,488.66210794505656,2400.7731177646756,476.1506986876602,0,2,ai_agent,0.6887980574269117,64,15,3.0,-0.00040168611530586214,15.223174704568283,14.988953421495525,0.23359999977401458,0.21839999681105837,8.052500001213048,0.8135999996738974,9.09479999972973,0,True,on_screen,0.726694797361591,-7.5806643581630055,2.19528079840142,False,False,3,3.0
1789487110350,541,1285,2273.490821621432,471.16378292129957,2311.6755104644053,472.65985765120774,0,2,ai_agent,0.6573737240544035,143,15,3.0,-0.0004288341064245301,14.962492666877328,14.986510367945765,0.10010000187321566,0.267400002485374,9.39499999731197,0.8501999982399866,10.523799999646144,0,True,on_screen,0.726694797361591,-7.848531681187836,2.0650998808448042,False,False,3,3.0
1789487110414,542,1286,2279.335267855954,428.6036128481621,2296.029407928774,451.3455919584951,0,2,ai_agent,0.6756097998737989,207,15,2.8,-0.0004029474792560418,15.042742217108584,14.987524063309428,0.08069999967119657,0.2080000012938399,6.894000001921086,0.9040000004461035,8.014600000024075,0,True,on_screen,0.726694797361591,-7.877046908992611,2.2876150719335704,False,False,3,3.0
1789487110479,543,1287,2239.1003507729647,527.7381555470841,2256.1790679197074,504.8203864705074,0,2,ai_agent,0.5578544705406524,273,15,2.8,-0.0003455957620517019,15.066578349396995,14.987667595109203,0.10509999992791563,0.24009999833651818,7.347200000367593,0.8742999998503365,8.474199999909615,0,True,on_screen,0.726694797361591,-7.900573837212249,2.285270691410193,False,False,3,3.0
1789487110542,544,1288,2383.5467518787586,460.5710327861452,2345.3364466910434,473.84583889145387,0,2,ai_agent,0.6780478563943588,335,15,2.8,-0.0003523519782373131,15.14787492743285,14.988470520529264,0.10610000026645139,0.22090000129537657,6.575600000360282,0.812399997812463,7.618100000399863,0,True,on_screen,0.726694797361591,-8.039864932726829,3.5471180783995058,False,False,3,3.0
1789487110607,545,1289,2484.3430284655537,417.1658433747488,2442.6410539332005,434.1698420297604,0,2,ai_agent,0.7512841596123131,401,15,2.8,-0.0003662153375952465,15.183330822930337,14.988586325236037,0.08739999975659885,0.23990000045159832,8.042600002227118,0.8740000012039673,9.165499999653548,0,True,on_screen,0.726694797361591,-8.21482374829327,3.960690929462691,False,False,3,3.0
1789487110670,546,1290,2506.955191521698,368.16592280613594,2487.660950245149,387.9670985732233,0,2,ai_agent,0.7806016865571817,463,15,2.8,-0.0003845439898264337,15.243407618925641,14.989349526847736,0.07080000068526715,0.20170000061625615,7.004099999903701,0.9325999999418855,8.146000000124332,0,True,on_screen,0.726694797361591,-8.258392850753893,4.634486807793312,False,False,3,3.0
1789487110751,547,1291,2471.294049836071,386.9002719740868,2485.0824541571,387.79902715201683,0,2,ai_agent,0.7840064245430249,544,15,2.8,-0.00038382029834397625,14.952106398162847,14.98658250455796,0.3188999980920926,0.21079999714856967,8.544899999833433,0.8968000001914334,9.661500000220258,0,True,on_screen,0.726694797361591,-8.256957858120273,5.290696940557425,False,False,3,3.0
1789487110814,548,1292,2490.790549832527,425.6648152636792,2487.0475745067592,400.8350438912658,0,2,ai_agent,0.7646622589028336,607,15,2.8,-0.00039740896851772796,15.042332569912707,14.987388779351008,0.12460000289138407,0.2322999971511308,7.602800000313437,0.8318000000144821,8.675999997649342,0,True,on_screen,0.726694797361591,-8.22962055371886,5.284258473656409,False,False,3,3.0
1789487110878,549,1293,2595.900516724719,387.98771564760887,2563.2446340593315,391.84191412070595,0,2,ai_agent,0.6690924043078383,671,15,2.8,-0.0004145486796474449,15.103193946412047,14.98809183932094,0.11299999823677354,0.23210000290418975,6.392799998138798,0.824099999590544,7.4581000008038245,0,True,on_screen,0.726694797361591,-8.283162798991242,5.190935072160201,False,False,3,3.0
1789487110942,550,1294,2655.0082726424807,371.7267334719771,2627.479181067536,377.76128766659576,0,2,ai_agent,0.5752889074842995,735,15,2.8,-0.00044942711504077255,15.143430426011484,14.988254582866604,0.10340000153519213,0.2310999989276752,7.092699997883756,1.4133000004221685,8.747099996980978,0,True,on_screen,0.726694797361591,-8.265400934257855,5.209795960882414,False,False,3,3.0
1789487111007,551,1295,2709.863939662451,357.6348071814483,2685.148512083976,363.6727513269925,0,2,ai_agent,0.4838322657758404,800,15,2.8,-0.00046975981189983744,15.189342079444078,14.988628185666618,0.0838999985717237,0.2314000012120232,8.051599997997982,0.9147999990091193,9.220399999321671,0,True,on_screen,0.726694797361591,-8.185813930769797,5.276432869465774,False,False,3,3.0
1789487111070,552,1296,2727.092870200653,320.53315864428777,2707.41494429453,340.771821161645,0,2,ai_agent,0.4521455725201652,863,15,2.8,-0.0004888210577007595,15.24827232661417,14.98936537489412,0.11029999950551428,0.22049999824957922,7.237099998746999,0.8413000032305717,8.30850000056671,0,True,on_screen,0.726694797361591,-7.985678276990541,5.220681296537265,False,False,3,3.0
1789487111150,553,1297,2730.3084354627094,281.68728990313775,2720.1920593356035,307.79607938892855,0,2,ai_agent,0.4341608440354823,944,15,2.8,-0.0004957063965220238,14.97645545132525,14.987203199081517,0.08600000001024455,0.20959999892511405,6.592199999431614,0.886099998751888,7.697799999732524,0,True,on_screen,0.726694797361591,-7.975992287512582,4.753419345746652,False,False,3,3.0
1789487111214,554,1298,2738.8497158946943,266.2243971967616,2727.772724039377,290.9053738025881,0,2,ai_agent,0.42071314978045715,1007,15,2.8,-0.00048032406257689404,15.029385014519102,14.98757252540336,0.12159999823779799,0.23270000019692816,6.708900000376161,0.843699999677483,7.7949000005901325,0,True,on_screen,0.726694797361591,-8.012966166623244,4.466231184934097,False,False,3,3.0
1789487111278,555,1299,2740.4715829842453,254.16591872609027,2732.20721802394,278.0758043711779,0,2,ai_agent,0.4118250521914081,1072,15,2.8,-0.0004926485057797862,15.088812247253403,14.987709870224394,0.13240000043879263,0.27800000316346996,8.034000002226094,1.393300000927411,9.717500000988366,0,True,on_screen,0.726694797361591,-7.9730301344382895,4.68473897036952,False,False,3,3.0
1789487111342,556,1300,2730.3057800426814,271.2093591070912,2731.9790454661893,277.2518309394875,0,2,ai_agent,0.4121295605035644,1135,15,2.8,-0.0005126663653665844,15.153480288785225,14.988414318912245,0.12349999815342017,0.2722999997786246,7.616700000653509,0.9122000010393094,8.811399999103742,0,True,on_screen,0.726694797361591,-7.991569578909036,4.941135734091943,False,False,3,3.0
1789487111406,557,1301,2722.5470437040003,279.87712584881973,2730.8472052547263,277.5668663286074,0,2,ai_agent,0.4141623614012635,1199,15,2.8,-0.0005126027120579395,15.194523424553644,14.988865415908137,0.09240000144927762,0.36299999919719994,7.462900000973605,0.8305000010295771,8.665999997901963,0,True,on_screen,0.726694797361591,-8.079018881398497,4.8854548492495455,False,False,3,3.0
1789487111471,558,1302,2722.7396053391285,266.0256449667552,2729.728770345542,275.9747669403676,0,2,ai_agent,0.41593605460257044,1264,15,2.8,-0.0005170941206124307,15.219243683581011,14.989215259620961,0.09130000034929253,0.24060000214376487,7.524399999965681,0.8211999993363861,8.595100000093225,0,True,on_screen,0.726694797361591,-8.098594766784743,5.1120139085981195,False,False,3,3.0
1789487111550,559,1303,2692.907850455032,269.7807371504245,2717.352504026963,273.89282649744814,0,2,ai_agent,0.4374510804446685,1343,15,2.6,-0.0005263593850655876,14.961251002253363,14.987179434167171,0.11269999959040433,0.2310999989276752,6.8734999986190815,0.8852000028127804,7.999900000868365,0,True,on_screen,0.726694797361591,-8.265313619047845,5.082257434466433,False,False,3,3.0
1789487111614,560,1304,2689.676233502536,262.86348756164307,2709.831097231935,270.895452095315,0,2,ai_agent,0.45022310869375404,1407,15,2.6,-0.0005249814206499219,15.027809028967084,14.987383364381289,0.08509999679517932,0.22460000036517158,8.492699998896569,0.8197999995900318,9.54720000299858,0,True,on_screen,0.726694797361591,-8.220776215686783,5.062160374809872,False,False,3,3.0
1789487111680,561,1305,2685.4498622947963,264.2559520585485,2704.1459382833264,269.3472691117364,0,2,ai_agent,0.4599546255100697,1473,15,2.6,-0.0005347088086811846,15.037731811602125,14.987380711575428,0.08959999831859022,0.25610000011511147,9.051500001078239,0.859900002978975,10.17860000138171,0,True,on_screen,0.726694797361591,-8.243654522749864,4.739786140899596,False,False,3,3.0
1789487111742,562,1306,2701.4729306115873,235.37914435456955,2703.3219279364534,258.87588642185096,0,2,ai_agent,0.45922968233359474,1536,15,2.6,-0.0005219250651621026,15.152490169127546,14.98863515431325,0.10589999874355271,0.21320000087143853,6.774299999960931,0.8275000000139698,7.824000000255182,0,True,on_screen,0.726694797361591,-8.042645227112615,4.647096942527876,False,False,3,3.0
1789487111806,563,1307,2718.8037700832488,223.47241849714385,2708.697661928305,246.5827998403119,0,2,ai_agent,0.44653051020615975,1599,15,2.6,-0.0005256331916135264,15.194039378692942,14.988918693556723,0.08760000127949752,0.4425000006449409,7.332599998335354,0.8723999999347143,8.657399997900939,0,True,on_screen,0.726694797361591,-7.986670386248903,4.676941331679695,False,False,3,3.0
1789487111871,564,1308,2726.32274067485,233.09547432754187,2712.3450757623505,243.79167145064744,0,2,ai_agent,0.43932774390970875,1664,15,2.6,-0.0005402483031289856,15.212562253967363,14.989301283071708,0.13519999993150122,0.36499999987427145,6.815199998527532,0.9320999997726176,8.123600000544684,0,True,on_screen,0.726694797361591,-7.954427395556053,4.673916939876755,False,False,3,3.0
1789487111950,565,1309,2764.88765665019,227.21990705835748,2737.9630656847403,235.7118381797211,0,2,ai_agent,0.39222679443341957,1743,15,2.6,-0.00056626787863788,14.95604338054535,14.987163317154607,0.09750000026542693,0.2553999984229449,7.089300001098309,0.8698999990883749,8.227499998611165,0,True,on_screen,0.726694797361591,-8.061488799277413,4.397055097829694,False,False,3,3.0
1789487112014,566,1310,2788.885653544379,224.5716995033548,2761.5024783232243,230.56221141927978,0,2,ai_agent,0.34967201130971504,1807,15,2.6,-0.0005929834035225331,15.03084998764643,14.987601666694475,0.09270000009564683,0.2220999995188322,7.65039999896544,0.8344999987457413,8.717199998500291,0,True,on_screen,0.726694797361591,-8.037699966719003,4.771598565695903,False,False,3,3.0
1789487112078,567,1311,2803.6175446828306,215.880315433904,2778.2670617080626,224.71784523942674,0,2,ai_agent,0.3186234906005949,1871,15,2.6,-0.0005918162565334284,15.086572563449165,14.98805691946824,0.14229999942472205,0.20080000103916973,7.386400000541471,1.0349000003770925,8.630600001197308,0,True,on_screen,0.726694797361591,-8.074355170260873,4.824818214792708,False,False,3,3.0
1789487112143,568,1312,2826.678490126762,217.06925764789042,2799.359428151587,221.38543350266082,0,2,ai_agent,0.28092642892295394,1936,15,2.6,-0.0005720339179802903,15.11861916228479,14.988552156276514,0.18659999841474928,0.21919999926467426,6.5080999993369915,0.8156000003509689,7.552499999292195,0,True,on_screen,0.726694797361591,-8.060728165173913,5.521318307474955,False,False,3,3.0
1789487112206,569,1313,2793.8267335007963,229.34028212679894,2798.695504793492,222.3400153375574,0,2,ai_agent,0.28240157521640386,2000,15,2.6,-0.0005509195000296639,15.18179603137088,14.988500446888787,0.10729999848990701,0.2663000013853889,9.940399999322835,0.8629999974800739,11.081900000135647,0,True,on_screen,0.726694797361591,-8.102760915345357,5.781795845089436,False,False,3,3.0
1789487112270,570,1314,2787.6574973405527,220.89681754606175,2797.370943899139,222.1668316025779,0,2,ai_agent,0.2846395730518583,2063,15,2.6,-0.0005289104613370611,15.240704492786545,14.989446266264581,0.0794000006862916,0.2058000027318485,7.6616000005742535,0.9833999974944163,8.859999998094281,0,True,on_screen,0.726694797361591,-8.080528216759376,5.657786910271917,False,False,3,3.0
1789487112351,571,1315,2812.532258486758,428.1858204395907,2807.9838641104725,366.38012378848686,0,2,ai_agent,0.26975207678115154,2144,15,2.4,-0.0008768620104823936,14.9453647155775,14.98651852112109,0.3276999996160157,0.7721999973000493,8.335700000316137,2.2101000031398144,11.327399999572663,0,True,on_screen,0.726694797361591,-8.209002883214623,5.698139063581821,False,False,3,3.0
1789487112414,572,1316,2175.8511394900265,1311.8778127538726,2365.4909568761605,1028.2285060642569,1,2,second_file,0.765403207856806,0,8,2.4,-0.00174642131744677,15.051081724238198,14.987721064657439,0.08099999831756577,0.19860000247717835,7.478899999114219,0.8309000004373956,8.518100003129803,0,True,on_screen,0.726694797361591,-8.749376613358805,3.2629025688972577,False,True,3,3.0
1789487112478,573,1317,1783.4954457265187,1980.0000000000002,1958.0940990714112,1694.468551819277,2,2,terminal,0.14704954508852552,0,5,2.6,-0.00181489746465569,15.100772438571099,14.988173375241248,0.1007999999274034,0.2509000005375128,7.146399999328423,0.862000000779517,8.270800000900635,0,True,on_screen,0.726694797361591,-9.276792991719049,-0.5422634917131387,False,True,3,3.0
1789487112542,574,1318,1508.9224563576165,1980.0000000000002,1643.6739491717549,1894.3405655457832,-1,-1,off_screen,0.0,0,12,2.6,-0.001987295535667252,15.157113688433935,14.98860832219447,0.12630000128410757,0.23389999842038378,7.549599999038037,0.8041000000957865,8.598399999755202,0,True,gaze_outside_screen,0.726694797361591,-10.46773008039824,-3.038940494438748,False,True,3,3.0
1789487112609,575,1319,1665.569792011364,1980.0000000000002,1659.001039159481,1954.3021696637352,-1,-1,off_screen,0.0,66,12,2.6,-0.0020540287412825573,15.119815272891868,14.988420802893561,0.11799999992945231,0.26590000197757035,7.612500001414446,0.8878000007825904,8.776599999691825,0,True,gaze_outside_screen,0.726694797361591,-12.413950257765435,-0.8510217598480234,False,True,3,3.0
1789487112670,576,1320,1755.652521165477,1753.3144815906987,1726.6570765636782,1813.6107880126096,-1,-1,off_screen,0.0,128,12,2.4,-0.0019623026439123167,15.258164884503504,14.989524775013642,0.1109000004362315,0.2266000010422431,7.387899997411296,0.7910999993328005,8.414600000833161,0,True,gaze_outside_screen,0.726694797361591,-12.16027823118182,0.3089966054569219,False,True,3,3.0
1789487112750,577,1321,1700.8278758060135,1714.766664571915,1708.5766360333128,1744.4199016041234,2,1,terminal,0.35844461365940194,0,6,2.6,-0.0018819729049606732,14.986575140169872,14.987313256346708,0.08140000136336312,0.19939999765483662,7.392000003164867,0.8003000002645422,8.401799997955095,0,True,on_screen,0.726694797361591,-11.933369988165907,-0.17019438109891064,False,True,3,3.0
1789487112815,578,1322,1810.7487194010362,1655.7442816096197,1780.0970943907191,1682.3469676079708,2,1,terminal,0.31825009846550223,65,6,2.6,-0.0017422907483532982,15.019747519538818,14.987721116743497,0.2830000012181699,0.22280000121099874,6.613800000195624,0.5959000009170268,7.442999998602318,0,True,on_screen,0.726694797361591,-11.91144799335396,0.3172482955348361,False,True,3,3.0
1789487112878,579,1323,1823.7813113365994,1645.2695768581864,1802.2172101890465,1663.5723108961167,2,1,terminal,0.297860394404331,128,6,2.6,-0.0016975243891940075,15.105933978638946,14.988234711568234,0.08779999916441739,0.21530000230995938,7.387499998003477,0.5603999998129439,8.173499998520128,0,True,on_screen,0.726694797361591,-11.404155866494449,1.2874870234968179,False,True,3,3.0
1789487112942,580,1324,2043.571663071964,1517.5978218608625,1971.165327207089,1561.3901685714388,2,2,terminal,0.23466992958111965,191,6,2.6,-0.001534543561905393,15.16398771677084,14.988672887823425,0.10230000043520704,0.267100000201026,7.649700000911253,0.6351000010909047,8.560900001612026,0,True,on_screen,0.726694797361591,-8.792632549200846,3.51793831908936,False,False,4,4.0
1789487113006,581,1325,2133.25274018881,1374.4260615210155,2084.6265162942937,1430.5152936361426,2,2,terminal,0.4294784165665828,256,6,2.6,-0.0013525913961451013,15.20863278384006,14.989264394711698,0.09160000263364054,0.21610000112559646,6.942500000150176,0.5610000007436611,7.729900000413181,0,True,on_screen,0.726694797361591,-8.344477274791217,1.2952945345151952,False,False,4,4.0
1789487113070,582,1326,1495.9960305889263,1326.54842966309,1672.5851763005367,1357.738488855006,2,1,terminal,0.5183316751968945,319,6,2.6,-0.00043728208847042434,15.2331782506108,14.989593085000248,0.10440000187372789,0.23010000222711824,6.70679999893764,0.8488000021316111,7.796599998982856,0,True,on_screen,0.726694797361591,-6.706158906412327,4.46477432065498,False,False,4,4.0
1789487113150,583,1327,1752.9078833851202,1620.185737162177,1728.811071259745,1541.4515626700256,2,1,terminal,0.48453968631185595,400,6,2.4,-0.000552153168575013,14.97291727576625,14.987385297372636,0.12509999942267314,0.24750000011408702,7.36499999766238,0.7538999998359941,8.377800000744173,0,True,on_screen,0.726694797361591,-4.193124243328583,5.33182642755807,False,False,4,4.0
1789487113214,584,1328,1851.1705376279156,1796.6974569763834,1814.4626977174644,1720.123688684476,2,1,terminal,0.23261564632798537,463,6,2.4,-0.0007560898663274921,15.026195847927964,14.987672909893337,0.10090000068885274,0.25290000121458434,7.977799999935087,0.6632000004174188,8.907799998269184,0,True,on_screen,0.726694797361591,-6.049138057299217,4.61005273225745,False,True,4,4.0
1789487113278,585,1329,2166.2034392912005,1980.0000000000002,2060.68121681908,1902.0371066053428,-1,-1,off_screen,0.0,0,13,2.4,-0.0006530624797688976,15.089940778078827,14.988360184965444,0.08340000204043463,0.20629999926313758,7.060899999487447,0.4450000014912803,7.720900001004338,0,True,gaze_outside_screen,0.726694797361591,-8.307899511530053,4.761599044567525,False,True,4,4.0
1789487113343,586,1330,1987.4851109539538,1980.0000000000002,2009.4439427134917,1956.611131981603,-1,-1,off_screen,0.0,64,13,2.4,-0.0007254252095832709,15.131384776574182,14.988771212760145,0.112900001113303,0.21879999985685572,6.73839999944903,0.5406999989645556,7.508300001063617,0,True,gaze_outside_screen,0.726694797361591,6.319465524740934,10.946900887985146,False,True,4,4.0
1789487113406,587,1331,1991.082050442835,1930.7582761877636,2004.1535988281107,1949.1625261651352,-1,-1,off_screen,0.0,127,13,2.2,-0.00022702923293117967,15.194307815755487,14.989175129667604,0.09359999967273325,0.23439999858965166,7.676500001252862,0.46099999963189475,8.382500000152504,0,True,gaze_outside_screen,0.726694797361591,-8.600196341144311,7.824081804750979,False,True,4,4.0
1789487113470,588,1332,1991.7438778494359,1893.7990378382794,1997.9290994901476,1921.3931672061365,-1,-1,off_screen,0.0,191,13,2.2,4.255578546191741e-06,15.238972900752028,14.989602010177036,0.09990000035031699,0.2530999990995042,7.807600002706749,0.558900002943119,8.632000000943663,0,True,gaze_outside_screen,0.726694797361591,-7.972673579329211,9.65602095880819,False,True,4,4.0
1789487113550,589,1333,2001.6235348646342,1797.8882164305028,2000.5152042522882,1834.9397016631929,-1,-1,off_screen,0.0,271,13,2.2,5.46494615593935e-05,14.958565938806137,14.98710126079302,0.25800000003073364,0.5686000004061498,8.648899998661363,0.5321000026015099,9.764700000232551,0,True,gaze_outside_screen,0.726694797361591,-6.320544414809518,8.621977313052732,False,True,4,4.0
1789487113614,590,1334,2027.5400429747665,1561.8603575038267,2019.432591358023,1643.7841607516366,2,2,terminal,0.28127975303720343,0,7,2.4,9.715177958620654e-05,15.033991338200181,14.98797784972404,0.09519999730400741,0.2643999978317879,6.824200001574354,0.5399000001489185,7.640800002263859,0,True,on_screen,0.726694797361591,-3.8876685705154443,10.4290146834125,False,True,4,4.0
1789487113678,591,1335,2146.660322560877,1166.9459340248718,2108.492003200021,1309.9974020429013,2,2,terminal,0.3852674844837737,63,7,2.4,0.0004914277253000188,15.090734926237907,14.988385028896552,0.1260999997612089,0.20149999909335747,7.078599999658763,0.5548000008275267,7.844300002034288,0,True,on_screen,0.726694797361591,-2.8163723627769457,11.906548963356922,False,True,4,4.0
1789487113742,592,1336,2111.215121073582,986.0146818280889,2110.3981857115136,1083.2094978925325,1,2,second_file,0.3945860905635479,0,9,2.6,0.0009259482912819857,15.154245629718556,14.988870875567253,0.12409999908413738,0.22529999841935933,7.266100001288578,0.5825000007462222,8.083900000201538,0,True,on_screen,0.726694797361591,-1.90881311215594,10.346047972271528,False,False,5,5.0
1789487113807,593,1337,2149.874719186791,717.068493865298,2138.0317591442076,826.9107950734683,1,2,second_file,0.5195150731166022,64,9,2.6,0.0010130539838843333,15.179337417002131,14.989090767090852,0.16230000255745836,0.22000000171829015,7.5706999996327795,0.6480999982159119,8.578099997976096,0,True,on_screen,0.726694797361591,-2.41081453392178,7.982079793546029,False,False,5,5.0
1789487113870,594,1338,2030.4991769112867,676.7330655122015,2062.758951581163,721.7863843805815,1,2,second_file,0.32613526010474303,127,9,2.4,0.0012558251341391186,15.237996941118608,14.989533104790809,0.09409999984200113,0.2443999983370304,8.380799998121802,0.5946000019321218,9.231300002284115,0,True,on_screen,0.726694797361591,-1.8206085247614112,6.198884109564557,False,False,5,5.0
1789487113950,595,1339,1778.0419202794658,678.140828765408,1863.4570296699749,691.2344954499599,1,1,main_file,0.16592001264711242,0,12,2.6,0.0013585447786397895,14.965432842149635,14.987425164128872,0.09539999882690609,0.24610000036773272,7.774600002449006,0.5567000007431488,8.587399999669287,0,True,on_screen,0.726694797361591,-0.9533121535709199,7.1112105182514025,False,False,5,5.0
1789487114015,596,1340,1667.3672403786807,1032.1047449367331,1726.1941771660688,929.8436700907012,1,1,main_file,0.4916497771325301,65,12,2.6,0.001659119481242654,15.011133152225309,14.987942938118236,0.29409999842755497,0.2289000003656838,6.576899999345187,0.5653000007441733,7.380600000033155,0,True,on_screen,0.726694797361591,1.6677896505785554,6.278826853140011,False,False,5,5.0
1789487114078,597,1341,1729.6377820470761,1980.0000000000002,1728.6047005827738,1664.9531010272103,2,1,terminal,0.41272812026531647,0,8,2.6,0.0015104995151814984,15.095192763462434,14.988506933596186,0.18389999968349002,0.234800001635449,6.842099999630591,0.5630999985442031,7.649699997273274,0,True,on_screen,0.726694797361591,3.208870581790279,6.939953280637388,False,True,5,5.0
1789487114142,598,1342,2038.5776489331527,1980.0000000000002,1945.585764428039,1885.4859303081632,-1,-1,off_screen,0.0,0,14,2.8,0.0018628833018991594,15.150601570868952,14.988869200951099,0.11770000128308311,0.3465000008873176,7.327499999519205,0.6189000014273915,8.302999998704763,0,True,gaze_outside_screen,0.726694797361591,3.8678048342658258,6.159846595559625,False,True,5,5.0
1789487114206,599,1343,1948.937064200194,1980.0000000000002,1947.9316742685476,1951.6457790924492,-1,-1,off_screen,0.0,64,14,2.8,0.0017905883467180545,15.202092416749979,14.98939685447316,0.07140000161598437,0.19219999740016647,7.151300000259653,0.6777000016882084,8.03040000027977,0,True,gaze_outside_screen,0.726694797361591,2.540545753431644,4.817849809305968,False,True,5,5.0
1789487114287,600,1344,0.0,0.0,0.0,0.0,-1,-1,,0.0,0,0,2.8,0.001411396435574858,14.914988096291186,14.986947205309614,0.10169999950448982,0.2693999995244667,7.560199999716133,0.4622999986167997,8.303900001919828,0,True,eyes_invalid_or_blink,0.726694797361591,1.947041823674624,-2.173896758535666,False,True,5,5.0
1789487114350,601,1345,1604.353842166326,1980.0000000000002,1707.4271917969925,1971.4937337277347,-1,-1,off_screen,0.0,0,15,3.0,0.001388215828070253,15.006702163876106,14.987668965004747,0.10109999857377261,0.21740000011050142,6.73570000071777,0.5817999990540557,7.54400000005262,0,True,gaze_outside_screen,0.726694797361591,1.8938139808304868,-4.818310576471496,False,True,5,5.0
1789487114414,602,1346,1834.2920411884675,1980.0000000000002,1796.2325863710248,1977.4481201183205,-1,-1,off_screen,0.0,64,15,2.8,0.000907947416617658,15.067714504301675,14.988010460179655,0.10069999916595407,0.2144999998563435,7.348900002398295,0.6126000007498078,8.185800001228927,0,True,gaze_outside_screen,0.726694797361591,-0.7756776914624197,-5.086611408013463,False,True,5,5.0
1789487114478,603,1347,0.0,0.0,0.0,0.0,-1,-1,,0.0,0,0,2.6,0.0009476715953219313,15.120820509828027,14.988555603537419,0.10970000221277587,0.21099999867146835,6.862300000648247,0.4466999998840038,7.529299997258931,0,True,eyes_invalid_or_blink,0.726694797361591,-0.8417635178841749,-0.9466498888522504,False,True,5,5.0
1789487114544,604,1348,0.0,0.0,0.0,0.0,-1,-1,,0.0,0,0,2.6,0.0006923061244912179,15.129706524649482,14.988561131544499,0.14000000010128133,0.30559999868273735,7.28030000027502,0.8679999991727527,8.466800001770025,0,True,eyes_invalid_or_blink,0.726694797361591,-1.0417000954882383,-0.31536089892765223,False,True,5,5.0
1789487114606,605,1349,2364.2138926076004,1980.0000000000002,2193.8195007366276,1979.2344360354964,-1,-1,off_screen,0.0,0,16,2.8,0.0004935701413628733,15.217055936212542,14.989049438262693,0.11749999976018444,0.2480000002833549,8.825199998682365,0.6787999991502147,9.764300000824733,0,True,gaze_outside_screen,0.726694797361591,-1.700358300615619,3.420492996893491,False,True,5,5.0
1789487114685,606,1350,2558.6197525439907,1980.0000000000002,2449.179677001782,1979.770330810649,-1,-1,off_screen,0.0,78,16,2.6,-8.05970510691905e-05,14.956759791055823,14.987120801087048,0.08239999806392007,0.20640000002458692,7.980200000019977,0.5964999982097652,8.793500001047505,0,True,gaze_outside_screen,0.726694797361591,-0.49552140974719805,10.60450538299293,False,True,5,5.0
1789487114750,607,1351,2151.9877072742,1980.0000000000002,2241.145298192475,1979.9310992431947,-1,-1,off_screen,0.0,144,16,2.6,-0.00011821715075522286,15.00987459352131,14.987727924125517,0.1201999984914437,0.2424000012979377,6.48910000018077,0.5595000002358574,7.299400000192691,0,True,gaze_outside_screen,0.726694797361591,-0.6575785039668745,10.90844159226772,False,True,5,5.0
1789487114814,608,1352,2172.2403170767584,1980.0000000000002,2199.4325440874327,1979.9728094400448,-1,-1,off_screen,0.0,207,16,2.6,-8.262425147425624e-05,15.083516702589609,14.988145524281553,0.08779999916441739,0.20489999951678328,7.160299999668496,0.6253999999898952,8.000199999514734,0,True,gaze_outside_screen,0.726694797361591,-0.5363361967643243,9.530740477683073,False,True,5,5.0
1789487114878,609,1353,0.0,0.0,0.0,0.0,-1,-1,,0.0,0,0,2.6,-0.0003140441206005481,15.135409990772152,14.988696894058107,0.11789999916800298,0.20869999934802763,6.629100000282051,0.45849999878555536,7.306399998924462,0,True,eyes_invalid_or_blink,0.726694797361591,-1.7054050433459054,9.138742262040964,False,True,5,5.0
1789487114942,610,1354,0.0,0.0,0.0,0.0,-1,-1,,0.0,0,0,2.6,-0.0003457212277197773,15.17952080039425,14.98900701907891,0.12060000153724104,0.26820000130101107,7.213900000351714,0.4633999997167848,7.955099998071091,0,True,eyes_invalid_or_blink,0.726694797361591,-2.4006684357626114,6.804318758459491,False,True,5,5.0
1789487115007,611,1355,0.0,0.0,0.0,0.0,-1,-1,,0.0,0,0,2.6,-0.00027669749272000825,15.206433127625708,14.988976205347749,0.8699999998498242,0.8534999979019631,8.766700000705896,0.4952000017510727,10.126099998160498,0,True,eyes_invalid_or_blink,0.726694797361591,-2.0451936589606703,7.083594044416093,False,True,5,5.0
1789487115086,612,1356,2155.3137515557546,1980.0000000000002,2182.051748189998,1979.9835212829082,-1,-1,off_screen,0.0,0,17,2.8,-0.00012064013743852235,14.95191069905023,14.987278585727513,0.09279999721911736,0.21950000154902227,7.312199999432778,0.5657999972754624,8.10740000088117,0,True,gaze_outside_screen,0.726694797361591,-1.3511826364387503,6.461574068046354,False,True,5,5.0
1789487115150,613,1357,0.0,0.0,0.0,0.0,-1,-1,,0.0,0,0,2.8,-8.73690604960304e-05,15.010600446432155,14.987442715346269,0.11830000221380033,0.23859999782871455,8.747300002141856,0.48750000132713467,9.48419999986072,0,True,eyes_invalid_or_blink,0.726694797361591,-0.9356822542142424,3.1573455041307383,False,True,5,5.0
1789487115214,614,1358,0.0,0.0,0.0,0.0,-1,-1,,0.0,0,0,2.6,-6.8834916303738e-05,15.061985891533027,14.988214534031972,0.09940000018104911,0.20470000163186342,6.485699999757344,0.427700000727782,7.126199998310767,0,True,eyes_invalid_or_blink,0.726694797361591,-0.6416285420977488,2.2630576259653616,False,True,5,5.0
1789487115278,615,1359,0.0,0.0,0.0,0.0,-1,-1,,0.0,0,0,2.6,9.348125913645998e-05,15.133661716257865,14.988715796598692,0.10819999806699343,0.20650000078603625,6.768499999452615,0.45170000157668255,7.436600000801263,0,True,eyes_invalid_or_blink,0.726694797361591,-0.30341081643527446,3.646228327220169,False,True,5,5.0
1789487115342,616,1360,0.0,0.0,0.0,0.0,-1,-1,,0.0,0,0,2.6,-5.615050101623331e-05,15.181595295398768,14.989070234498067,0.10960000145132653,0.20489999951678328,7.30190000103903,0.4427999992913101,7.958700000017416,0,True,eyes_invalid_or_blink,0.726694797361591,-0.764072797889952,8.595537254666379,False,True,5,5.0
1789487115406,617,1361,0.0,0.0,0.0,0.0,-1,-1,,0.0,0,0,2.6,-0.00010046343519643473,15.221660387043478,14.989429847254994,0.11650000305962749,0.2612999996927101,7.590599998366088,0.45739999768557027,8.319900000060443,0,True,eyes_invalid_or_blink,0.726694797361591,0.6939937811138179,9.96245123608165,False,True,5,5.0
1789487115486,618,1362,0.0,0.0,0.0,0.0,-1,-1,,0.0,0,0,2.6,-0.0007606400556248918,14.94469720436123,14.987327768712953,0.13350000153877772,0.23859999782871455,6.770799998776056,0.450699997600168,7.469799998943927,0,True,eyes_invalid_or_blink,0.726694797361591,0.7382730707598739,10.050035501066116,False,True,5,5.0
1789487115550,619,1363,1537.5693702557307,1980.0000000000002,1730.9140836360107,1979.9950563848724,-1,-1,off_screen,0.0,0,18,2.8,-0.0005830902846861892,15.018808185022742,14.987554754579486,0.09870000212686136,0.253100002737483,8.259199999884004,0.539999997272389,9.064099998795427,0,True,gaze_outside_screen,0.726694797361591,1.8663434575738904,19.516421222001696,True,True,5,5.0
1789487115614,620,1364,1390.1150423571505,1980.0000000000002,1492.3547547408084,1979.9985169154618,-1,-1,off_screen,0.0,64,18,2.8,0.00034551885932854534,15.084583485474598,14.988169082142056,0.09230000068782829,0.23499999952036887,7.516999998188112,0.5013000009057578,8.265899999969406,0,True,gaze_outside_screen,0.726694797361591,-1.5278572047539,24.269037375533927,True,False,5,5.0
1789487115678,621,1365,-80.52775358527316,1980.0000000000002,391.3369989125514,1979.9995550746385,-1,-1,off_screen,0.0,128,18,2.8,-0.00107988492188257,15.125921648679999,14.988580809706958,0.18880000061471947,0.2172999993490521,7.27059999917401,0.44859999979962595,7.959200000186684,0,True,gaze_outside_screen,0.726694797361591,-2.425932638105678,25.907658751750365,True,False,5,5.0
1789487115743,622,1366,-288.0,1980.0000000000002,-84.19890032623456,1979.9998665223916,-1,-1,off_screen,0.0,193,18,2.8,-0.001630283911651589,15.163777175593548,14.989085624880639,0.11299999823677354,0.2330999996047467,6.411800000932999,0.4547000025922898,7.109599999239435,0,True,gaze_outside_screen,0.726694797361591,-5.030432944540024,32.51305057698361,True,False,5,5.0
1789487115806,623,1367,101.4310702122391,1980.0000000000002,45.742079050697,1979.9999599567177,-1,-1,off_screen,0.0,256,18,2.8,-0.0013177072256382403,15.241126548217274,14.989589209441652,0.09309999950346537,0.22560000070370734,7.343099998252001,0.4350000017439015,8.014800001546973,0,True,gaze_outside_screen,0.726694797361591,-3.244389285102841,34.79031588667816,True,False,5,5.0
1789487115886,624,1368,513.7666345789157,1672.1758246071074,373.3592679204501,1764.5230652119906,2,0,terminal,0.49613015123629123,0,9,3.0,-0.0009447025964740164,14.96451110209702,14.987388753272073,0.11420000009820797,0.31740000122226775,7.1699999971315265,0.47000000267871656,7.966699999087723,0,True,on_screen,0.726694797361591,-2.0605594924760737,35.9485871737121,True,False,5,5.0
1789487115952,625,1369,309.23245653570297,1158.4408846458778,328.4704999511271,1340.2655388157116,2,0,terminal,0.6110279261100893,65,9,3.0,-0.0008946540176498364,14.977525852295491,14.987426419577469,0.10010000187321566,0.2220999995188322,7.440800000040326,0.5380000002332963,8.211299998947652,0,True,on_screen,0.726694797361591,-3.424662717529003,39.627086035923305,True,False,5,5.0
1789487116014,626,1370,895.1047771447458,1007.2504854831691,725.1144939866601,1107.1550014829318,1,0,sidebar,0.43302963138996087,0,6,3.2,-0.0008034225644058587,15.092705109389026,14.988254306817817,0.0915000018721912,0.22620000163442455,7.147799999074778,0.500300000567222,7.885899998655077,0,True,on_screen,0.726694797361591,-2.407878259416435,38.88557239451629,True,False,5,5.0
1789487116078,627,1371,1360.7138257794625,903.7332101858289,1170.0340262416216,964.7597475749596,1,1,main_file,0.509530748101694,0,13,3.4,-0.0004932748658010664,15.150668133486747,14.988729443002875,0.09510000018053688,0.2468999991833698,7.206199999927776,0.43480000022100285,7.898399999248795,0,True,on_screen,0.726694797361591,-3.055902639230993,36.324965628482246,True,False,5,5.0
1789487116142,628,1372,899.8219776952899,1250.5769515443658,980.8855922591895,1164.831790353544,1,0,sidebar,0.0,0,7,3.6,-0.0005535994787883008,15.200255163928393,14.989321545058132,0.10700000348151661,0.2210000020568259,6.436700001358986,0.420300002588192,7.087499998306157,0,True,on_screen,0.726694797361591,-4.909194170133702,35.01398187981673,True,False,5,5.0
1789487116207,629,1373,-288.0,1980.0000000000002,92.66567767775692,1735.4495371060632,2,0,terminal,0.19920381034454193,0,10,3.8,-0.0003082696559925397,15.217078676760746,14.989485590942756,0.12159999823779799,0.23239999791258015,6.933000000572065,0.5558000011660624,7.731199999398086,0,True,on_screen,0.726694797361591,-4.897193962823451,36.94248011992227,True,False,5,5.0
1789487116286,630,1374,-288.0,1980.0000000000002,-173.80029669667292,1906.634861131819,-1,-1,off_screen,0.0,0,19,4.0,-0.0007599394389275291,14.96313857432924,14.987408057514651,0.09409999984200113,0.32310000096913427,7.416299999022158,0.5224000015005004,8.27220000064699,0,True,gaze_outside_screen,0.726694797361591,-4.014044617757833,41.79450536444288,True,False,5,5.0
1789487116350,631,1375,305.28894997463686,1980.0000000000002,161.5621759732439,1957.9904583395457,-1,-1,off_screen,0.0,63,19,4.0,-0.0013274439597624876,15.025615282440791,14.987738525661927,0.08879999950295314,0.24090000079013407,8.106100001896266,0.46040000233915634,8.819499998935498,0,True,gaze_outside_screen,0.726694797361591,-4.542524733816634,39.48028500713141,True,False,5,5.0
1789487116414,632,1376,152.5324209628052,1980.0000000000002,159.57056973799754,1962.8448913064647,-1,-1,off_screen,0.0,128,19,4.0,-0.0011457510843406685,15.077130174380018,14.988332846430438,0.12649999916902743,0.2390000008745119,6.870500001241453,0.43419999929028563,7.55340000250726,0,True,gaze_outside_screen,0.726694797361591,-3.579237310425839,41.48848475552951,True,False,5,5.0
1789487116478,633,1377,-288.0,1980.0000000000002,-153.7288290786007,1974.8534673919394,-1,-1,off_screen,0.0,191,19,4.0,-0.002361550137232037,15.141501961496083,14.988802466535688,0.11019999874406494,0.21019999985583127,7.095000000845175,0.46930000098655,7.7838000033807475,0,True,gaze_outside_screen,0.726694797361591,1.1439529163531859,48.22247187344594,True,False,5,5.0
1789487116542,634,1378,-288.0,1980.0000000000002,-247.7186487235802,1978.4560402175819,-1,-1,off_screen,0.0,256,19,4.0,-0.0031181138945164336,15.18938071590406,14.989242721952634,0.10990000009769574,0.25459999960730784,7.114300002285745,0.4028000003017951,7.780599997204263,0,True,gaze_outside_screen,0.726694797361591,-2.7223599058791024,49.305863643478766,True,False,5,5.0
1789487116606,635,1379,-288.0,1980.0000000000002,-262.2793734944014,1979.014143973703,-1,-1,off_screen,0.0,319,19,4.0,-0.0025077458910432015,15.234279235981148,14.989705420330976,0.11139999696752056,0.3232000017305836,6.853100003354484,0.5241999970166944,7.710000001679873,0,True,gaze_outside_screen,0.726694797361591,-2.617091846071048,47.69482382641622,True,False,5,5.0
1789487116687,636,1380,-288.0,1980.0000000000002,-268.3800480093927,1979.2479791306255,-1,-1,off_screen,0.0,401,19,4.0,-0.0024368898739653266,14.938098155854803,14.98720950814467,0.407300001825206,0.2722999997786246,7.528099999035476,0.459999999293359,8.271099999547005,0,True,gaze_outside_screen,0.726694797361591,-1.948536308149727,46.4149753313749,True,False,5,5.0
1789487116750,637,1381,-288.0,1980.0000000000002,-272.0120266388727,1979.3871906703785,-1,-1,off_screen,0.0,463,19,4.0,-0.0019984127662322857,15.042963358468183,14.98777464261374,0.09380000119563192,0.2534000013838522,8.27700000081677,0.425300000642892,8.968500002083601,0,True,gaze_outside_screen,0.726694797361591,-0.29990515579345356,44.22871030500685,True,False,5,5.0
1789487116813,638,1382,-288.0,1980.0000000000002,-274.4760163854422,1979.4816339040945,-1,-1,off_screen,0.0,526,19,4.0,-0.0022850822081534137,15.108404986269981,14.988468997715204,0.07469999763998203,0.19659999816212803,7.002199999988079,0.5057999987911899,7.712900001934031,0,True,gaze_outside_screen,0.726694797361591,-1.6040413046683,44.91107711026767,True,False,5,5.0
1789487116878,639,1383,-288.0,1980.0000000000002,-276.2758339259539,1979.5506198196654,-1,-1,off_screen,0.0,592,19,4.0,-0.0026370615429470775,15.157970130660512,14.988953775090677,0.08779999916441739,0.19640000027720816,6.667399997240864,0.48719999904278666,7.360699997661868,0,True,gaze_outside_screen,0.726694797361591,-1.9393484583170277,44.296875956325046,True,False,5,5.0
1789487116943,640,1384,0.0,0.0,0.0,0.0,-1,-1,,0.0,0,0,4.0,-0.0026370615429470775,15.176101308304448,14.989398758558647,0.11929999891435727,0.23399999918183312,5.890300002647564,0.009799998224480078,6.143800001154887,0,False,face_missing,0.726694797361591,0.0,0.0,False,False,5,5.0
1789487117006,641,1385,-288.0,1980.0000000000002,-277.68273385483946,1979.6045454413056,-1,-1,off_screen,0.0,0,20,4.2,-0.0016603449012546814,15.250432135545353,14.989576610988571,0.10620000102790073,0.20909999875584617,8.212900000216905,0.5134000020916574,8.944499997596722,0,True,gaze_outside_screen,0.726694797361591,1.6188642650769793,37.76858812890787,True,False,5,5.0
1789487117085,642,1386,1590.5940376556532,1336.8913095481496,1030.1110062025055,1529.7052803160964,2,1,terminal,0.27396509157685633,0,11,4.4,-0.0019262099761662137,14.97579843112542,14.987645767939787,0.10269999984302558,0.20389999917824753,6.918199997016927,0.46499999734805897,7.595700000820216,0,True,on_screen,0.726694797361591,3.4898906824988956,23.25066867516854,True,False,5,5.0
1789487117152,643,1387,1519.1225907154646,1980.0000000000002,1372.4191153615768,1844.9115840948289,-1,-1,off_screen,0.0,0,21,4.6,-0.0014375567511938966,14.981451289939011,14.9876514394934,0.11649999942164868,0.22249999892665073,7.018699998297961,0.5076000015833415,7.759300002362579,0,True,gaze_outside_screen,0.726694797361591,-2.55898551695293,14.947468939515172,False,False,5,5.0
1789487117213,644,1388,1679.354168371131,1550.3194020933988,1587.2736524682646,1638.6970566938278,2,1,terminal,0.6425991915941291,0,12,4.8,-0.0012278258167100816,15.112052889185652,14.988464227854143,0.09159999899566174,0.2356000004510861,7.270099999004742,0.5444000016723294,8.06190000002971,0,True,on_screen,0.726694797361591,-6.791705882761931,5.6364098966224825,False,False,5,5.0
1789487117278,645,1389,2649.06267452617,1659.7141463447995,2330.5259679087985,1653.409019449508,2,2,terminal,0.7024812955896764,65,12,4.8,-0.0016334929906618532,15.141311742132297,14.988610614487833,0.12729999798466451,0.21550000019487925,7.737600000837119,0.9964000018953811,8.959099999628961,0,True,on_screen,0.726694797361591,-9.674125787533399,1.8363731754799621,False,True,5,5.0
1789487117342,646,1390,2505.3828308886204,1980.0000000000002,2452.925771994674,1882.0227058348523,-1,-1,off_screen,0.0,0,22,5.0,-0.0016745944941361345,15.206774738590784,14.98937292819989,0.14139999984763563,0.20950000180164352,6.928700000571553,0.5046000005677342,7.65289999981178,0,True,gaze_outside_screen,0.726694797361591,-12.34247090274846,-4.938278860380693,False,True,5,5.0
1789487117407,647,1391,1824.3533124094306,1980.0000000000002,2012.9250502850036,1950.6068117504558,-1,-1,off_screen,0.0,65,22,5.0,-0.0014932476624146072,15.224838143850148,14.989575488411672,0.21279999782564119,0.2905000001192093,7.2269999982381705,0.5970999991404824,8.124800002406118,0,True,gaze_outside_screen,0.726694797361591,-12.129450793084374,-5.868960892362261,False,True,5,5.0
1789487117486,648,1392,1785.7112207077562,1829.8367267656424,1853.8753695809305,1866.0677522610865,-1,-1,off_screen,0.0,144,22,4.6,-0.0008268256275385105,14.965950625566514,14.987501005573174,0.16170000162674114,0.26810000053956173,7.786099999066209,0.48659999811206944,8.551999999326654,0,True,gaze_outside_screen,0.726694797361591,-12.940976151708838,-7.421776117493471,False,False,6,6.0
1789487117550,649,1393,1876.478333873362,1944.4866468587848,1869.6974445856326,1920.9609784794752,-1,-1,off_screen,0.0,207,22,4.4,-0.001311956054756933,15.028294362226841,14.987822883459595,0.11140000060549937,0.2659999991010409,8.278100001916755,0.5764000015915371,9.132099999987986,0,True,gaze_outside_screen,0.726694797361591,-13.895550871448961,-2.178744157454679,False,False,6,6.0
1789487117615,650,1394,1717.6562298806064,1980.0000000000002,1763.2685942921141,1962.2882935438427,-1,-1,off_screen,0.0,273,22,4.4,-0.0020485005188060623,15.064006942002983,14.988095774817776,0.11770000128308311,0.2294000005349517,8.461899997200817,0.45989999853190966,9.16269999652286,0,True,gaze_outside_screen,0.726694797361591,-18.28117025768816,-5.493820292606785,True,True,6,6.0
1789487117678,651,1395,2402.430949487126,1980.0000000000002,2210.682242928622,1974.6864880631529,-1,-1,off_screen,0.0,335,22,4.4,-0.0021865422442842,15.143792469306067,14.98879864513465,0.10140000085812062,0.21150000247871503,7.80049999957555,0.45200000022305176,8.473699999740347,0,True,gaze_outside_screen,0.726694797361591,-15.406569491001505,-5.757250101090225,True,True,6,6.0
1789487117742,652,1396,2085.1245288370997,1839.8199759045347,2122.7918430645564,1880.27992955212,-1,-1,off_screen,0.0,400,22,4.4,-0.002034018782641497,15.191925429454342,14.98921626283272,0.09920000229612924,0.1970999983313959,7.90939999933471,0.4797000001417473,8.595699997385964,0,True,gaze_outside_screen,0.726694797361591,-13.71630233897099,-12.601435188278062,True,False,7,7.0
1789487117807,653,1397,1630.3488596112834,1739.1746627250263,1778.0817546472654,1781.5062427731543,2,1,terminal,0.22277857023143965,0,13,4.4,-0.002004009509392687,15.208368854791427,14.989548577491236,0.16850000247359276,0.35909999860450625,7.21970000086003,0.5310999986249954,8.12450000012177,0,True,on_screen,0.726694797361591,-14.371385416517,-14.405357985258826,True,False,7,7.0
1789487117885,654,1398,2369.126187807384,1721.9197075853444,2191.8128578593487,1739.7956681416872,2,2,terminal,0.43897986006170375,78,13,4.4,-0.001937363842559851,14.96586624860864,14.987700356567629,0.07820000246283598,0.20030000086990185,7.337399998505134,0.5646999998134561,8.112100000289502,0,True,on_screen,0.726694797361591,0.10872636651609469,-19.899720831037417,True,False,7,7.0
1789487117950,655,1399,2092.5192290129107,1321.1991228191855,2122.307317666842,1446.778086415936,2,2,terminal,0.5004815117945144,143,13,4.4,-0.0018421680320127188,15.02299868340626,14.987984655513316,0.0866999980644323,0.22079999689594842,7.957499998155981,0.513300001330208,8.700900001713308,0,True,on_screen,0.726694797361591,-13.42427139323999,-11.495966486644901,False,False,7,7.0
1789487118014,656,1400,1929.1658406423194,1074.4770333089104,1987.108283749676,1186.1673492410182,2,2,terminal,0.08376669755197397,207,13,4.4,-0.0014385478295004615,15.086281055113282,14.98844860072538,0.08130000060191378,0.21239999841782264,7.9358000002685,0.4974000003130641,8.655800000269664,0,True,on_screen,0.726694797361591,-12.84959767422518,-13.416907333939193,True,False,7,7.0
1789487118078,657,1401,1649.2123827151513,1248.718597730913,1750.5811530255087,1229.9532231839446,2,1,terminal,0.2729029332647255,271,13,4.4,-0.0010799907503230913,15.126230271622465,14.98894552429086,0.15699999858043157,0.22539999918080866,6.896999999298714,0.5677999979525339,7.6995000017632265,0,True,on_screen,0.726694797361591,-12.686197772312141,-13.101599264506893,True,False,7,7.0
1789487118141,658,1402,1752.868438833524,1465.632575495792,1752.1822530911193,1394.9287698022376,2,1,terminal,0.418078963359383,334,13,4.4,-0.001050195924440873,15.191187929819634,14.989372844704457,0.1052999978128355,0.24930000290623866,7.585700001072837,0.5137999978614971,8.360800002265023,0,True,on_screen,0.726694797361591,-11.171920380389508,-13.321249012272988,True,False,7,7.0
1789487118221,659,1403,2102.799617361099,1223.6059034591094,1997.614408080105,1275.002763362048,2,2,terminal,0.18553587334601496,414,13,4.4,-0.0011839705590433406,14.924251063862139,14.987254643165915,0.11689999882946722,0.22949999765842222,7.679099999222672,0.5238999983703252,8.442700000159675,0,True,on_screen,0.726694797361591,-10.465774521722665,-13.530378332225547,True,False,7,7.0
1789487118286,660,1404,1888.7856070172415,1283.9936884573822,1921.4342473361007,1281.2964109287818,2,2,terminal,0.07043222242445857,479,13,4.2,-0.001132570722277437,14.976611610683761,14.987674479175512,0.1480999999330379,0.33970000004046597,6.897100000060163,0.5620999982056674,7.808199999999488,0,True,on_screen,0.726694797361591,-9.841527953332843,-15.493595620192925,True,False,7,7.0
1789487118350,661,1405,2179.461770027448,1088.2295148801024,2102.053513220044,1146.1495836947063,1,2,second_file,0.317231606193937,0,10,4.4,-0.001390824887748816,15.055817183865942,14.988195846340732,0.0911999995878432,0.22150000222609378,7.064500001433771,0.5553000009967946,7.851999998820247,0,True,on_screen,0.726694797361591,-7.549904082478832,-15.149446666575322,True,False,7,7.0
1789487118413,662,1406,2193.343760729852,764.4573133905691,2165.9566864769095,878.9649944818102,1,2,second_file,0.5848576795110141,63,10,4.4,-0.0013853348329573942,15.117262705151559,14.98863635894841,0.10299999848939478,0.20640000002458692,7.117500001186272,0.6647000009252224,7.99879999976838,0,True,on_screen,0.726694797361591,-7.431834334146259,-15.008683584152486,True,False,7,7.0
1789487118478,663,1407,2173.9138938610317,762.0236717836779,2171.526731645795,797.1060685931175,1,2,second_file,0.557320624418083,128,10,4.4,-0.0012253828316820172,15.154924736118977,14.989032614322685,0.1419000000169035,0.25209999876096845,6.856500000139931,0.5722000023524743,7.692799998039845,0,True,on_screen,0.726694797361591,-7.0803063848510135,-15.679911056946326,True,False,7,7.0
1789487118542,664,1408,2199.7221481542942,749.9905938666691,2185.2290547675684,774.2090328801339,1,2,second_file,0.5602821018219746,192,10,4.4,-0.001044204485149195,15.189497830266701,14.989217738297206,0.08929999967222102,0.21980000019539148,7.883900001615984,0.6207000005815644,8.734799997910159,0,True,on_screen,0.726694797361591,-6.718922171447048,-15.566267292853496,True,False,7,7.0
1789487118621,665,1409,2354.9082948718155,715.4216510114384,2304.0045228405415,733.057865572047,1,2,second_file,0.659786327502979,271,10,4.2,-0.0007453075249102426,14.935243812039937,14.987029066715628,0.08719999823370017,0.2144999998563435,9.19380000050296,0.6887999988975935,10.106699999596458,0,True,on_screen,0.726694797361591,-6.579881072401804,-16.34914089567139,True,False,7,7.0
1789487118685,666,1410,1788.5191138436628,998.4235499409017,1943.1647365427266,918.8138446302453,1,2,second_file,0.1922418574360112,335,10,4.2,0.00022547417079233495,15.007625276028712,14.987900347772106,0.08140000136336312,0.20080000103916973,6.698200002574595,0.5813999996462371,7.501100000808947,0,True,on_screen,0.726694797361591,-5.468982559510948,-15.555271517993532,True,False,7,7.0
1789487118749,667,1411,1488.4162063226688,1212.9761844916477,1624.8407653886861,1124.727482533227,1,1,main_file,0.4859388217427306,0,14,4.2,0.0009645732155367515,15.065957101680825,14.988212838154732,0.09440000212634914,0.2486000012140721,7.2636000004422385,0.5958000001555774,8.119099999021273,0,True,on_screen,0.726694797361591,-4.271295890139811,-16.976604037339577,True,False,7,7.0
1789487118814,668,1412,1981.6720014590153,932.8547511280981,1874.6226306379167,990.4165705496367,1,2,second_file,0.05819034848478821,0,11,4.4,0.0007286747297027205,15.10018394429583,14.988312672124808,0.14339999688672833,0.2616000019770581,7.975500000611646,1.0628999989421573,9.310500001447508,0,True,on_screen,0.726694797361591,-3.7318918049430465,-17.269192759688185,True,False,7,7.0
1789487118878,669,1413,2068.10857378349,888.5601461704626,2010.062790839818,919.1170734842149,1,2,second_file,0.3102849165513665,64,11,4.4,0.0008444281358510452,15.168408523494362,14.989077338412766,0.1274999995075632,0.27430000045569614,6.951600000320468,0.619800001004478,7.858000000851462,0,True,on_screen,0.726694797361591,-2.782364593037272,-18.360282059544318,True,False,7,7.0
1789487118958,670,1414,2154.7733842168946,830.6377923504185,2111.3602062037717,857.1815766905574,1,2,second_file,0.4844903981326195,144,11,4.2,0.0007592373225277383,14.89846601152334,14.986858104680111,0.08679999882588163,0.21179999748710543,7.026999999652617,1.0942000008071773,8.343299999978626,0,True,on_screen,0.726694797361591,-2.6791592400806508,-18.821137193460935,True,False,7,7.0
1789487119022,671,1415,2048.3538663027052,782.4375778680004,2067.2557682730253,804.8607775147675,1,2,second_file,0.38859621166298763,208,11,4.2,0.0011880126388739733,14.967487734352728,14.987309985138342,0.17490000027464703,0.25239999740733765,7.212600001366809,0.5975999993097503,8.072700002230704,0,True,on_screen,0.726694797361591,-2.9242168002691926,-19.100656330075036,True,False,7,7.0
1789487119086,672,1416,1793.8572974951098,939.7559507957822,1875.8768387284845,899.2873988114777,1,2,second_file,0.0740500778282589,272,11,4.0,0.001125487590631094,15.036563892282896,14.98779188781577,0.09439999848837033,0.23330000112764537,7.019599997875048,0.6290000019362196,7.893800000601914,0,True,on_screen,0.726694797361591,-3.059397667565662,-18.75806653074375,True,False,7,7.0
1789487119149,673,1417,1947.4937713821923,1360.4632613465842,1926.00869158608,1222.1105025860522,2,2,terminal,0.029314930346971635,0,14,4.0,0.0010993742376491002,15.107579223354255,14.98824065688262,0.0911999995878432,0.23499999952036887,7.454799997503869,0.576900001760805,8.278699999209493,0,True,on_screen,0.726694797361591,-3.5240316509595004,-19.380190519548183,True,False,7,7.0
1789487119214,674,1418,2498.132925295822,1914.5735913617368,2326.4956551828996,1706.8346647290314,2,2,terminal,0.6122044953394088,65,14,4.0,0.0006672614561891374,15.152529661672904,14.988776070454842,0.081900001532631,0.19830000019283034,6.595099999685772,0.5354999993869569,7.338600000366569,0,True,on_screen,0.726694797361591,-4.753375178728049,-19.670651672296664,True,True,7,7.0
1789487119295,675,1419,1763.7569850261166,1980.0000000000002,1932.5785860731517,1898.0503994187095,-1,-1,off_screen,0.0,0,23,4.2,0.0007187386408975694,14.872212028111743,14.9862434522792,0.26930000240099616,0.2519000008760486,8.185499998944579,0.6315999999060296,9.078499999304768,0,True,gaze_outside_screen,0.726694797361591,-5.600329422941201,-19.681158638616957,True,True,7,7.0
1789487119357,676,1420,1395.7458714358434,1980.0000000000002,1556.7956858270359,1955.415119825613,-1,-1,off_screen,0.0,62,23,4.0,0.0006154854336102352,14.978575690104721,14.987035159162314,0.08520000119460747,0.21600000036414713,7.2583000001031905,0.5662000003212597,8.049399999435991,0,True,gaze_outside_screen,0.726694797361591,-4.750561217141325,-18.002725280504244,True,True,7,7.0
1789487119422,677,1421,1886.285207670281,1980.0000000000002,1787.4383511173073,1972.6245359476839,-1,-1,off_screen,0.0,126,23,4.0,0.0005125333496113858,15.041408695469451,14.987347177364123,0.12599999899975955,0.380000001314329,7.689300000492949,0.6452000015997328,8.725300001970027,0,True,gaze_outside_screen,0.726694797361591,-4.575328534370385,-10.734119010307673,False,True,7,7.0
1789487119486,678,1422,754.5669202426673,1786.9928699640739,1064.4283495050595,1842.682369759157,-1,-1,off_screen,0.0,190,23,4.0,0.0005205806592729362,15.089130293680018,14.987521955204448,0.34899999809567817,0.26050000087707303,8.926099999371218,0.7034000009298325,9.903400001348928,0,True,gaze_outside_screen,0.726694797361591,-3.637260437668971,-1.7240081409648618,False,True,7,7.0
1789487119550,679,1423,1121.1613623833057,1138.652237820309,1104.1414585198318,1349.8612774019634,2,1,terminal,0.35006339522499996,0,15,4.2,0.0006041886439555732,15.138327774861445,14.988125133857649,0.13129999933880754,0.2386999985901639,7.791399999405257,0.5841999991389457,8.624100002634805,0,True,on_screen,0.726694797361591,-2.73081432698109,4.786305497155693,False,True,7,7.0
1789487119630,680,1424,1119.6017156865519,996.8174974888269,1114.9636385365357,1102.7306314627679,1,1,main_file,0.3232311630271626,0,15,4.2,0.0008916712247010478,14.883856777969436,14.986293356134638,0.11319999975967221,0.20909999875584617,6.768899998860434,0.5641999996441882,7.55129999743076,0,True,on_screen,0.726694797361591,-1.7957516743815631,9.309364678159495,False,False,8,8.0
1789487119693,681,1425,976.3367584959194,1391.3309772264838,1017.9248225081042,1304.750873497369,2,1,terminal,0.17841677753733665,0,16,4.4,0.0015600201729121486,14.960102911008574,14.986659333349188,0.100200002634665,0.22920000265003182,7.167299998400267,0.6371999988914467,8.044199999858392,0,True,on_screen,0.726694797361591,-1.6747603325519549,6.288198205364919,False,False,8,8.0
1789487119758,682,1426,436.57661532989937,1978.0463338771917,610.9810774833609,1776.0576957632447,2,0,terminal,0.4601871421495509,64,16,4.4,0.0030609564059400646,15.008863955136583,14.987019538486857,0.15380000331788324,0.2700000004551839,6.837299999460811,0.6303999980445951,7.748699998046504,0,True,on_screen,0.726694797361591,-2.0780742764015088,6.640997174151051,False,False,8,8.0
1789487119821,683,1427,651.2418276018491,1305.3623268157546,639.1636025663026,1446.5709375000015,2,0,terminal,0.7033914277438911,128,16,4.4,0.003943940204183425,15.089082720571621,14.987545575438137,0.0911999995878432,0.21540000307140872,7.085600002028514,0.5729999975301325,7.884300001023803,0,True,on_screen,0.726694797361591,-2.5697168650410447,16.267335894545376,False,False,8,8.0
1789487119886,684,1428,582.8836966768788,1761.2011742305772,599.7676684437059,1666.8121032114045,2,0,terminal,0.6372073389305049,192,16,4.4,0.004456160487932135,15.134279851037586,14.987750159141866,0.12430000060703605,0.19719999909284525,8.161300000210758,0.5925999976170715,8.960200000728946,0,True,on_screen,0.726694797361591,0.9150527631586272,18.972381167421045,True,False,8,8.0
1789487119966,685,1429,328.84795727107513,1246.3400633877786,410.1238706228644,1372.4816753348664,2,0,terminal,0.7431123781566267,273,16,4.4,0.005935241327439221,14.87146466618137,14.985891606280479,0.10580000162008218,0.2082999999402091,6.744100002833875,0.5845000014232937,7.545099997514626,0,True,on_screen,0.726694797361591,2.346418927875419,20.631477613230803,True,False,8,8.0
1789487120029,686,1430,529.5431117300055,747.3935245641717,493.7173393978632,934.9199697953802,1,0,sidebar,0.9337190538046798,0,8,4.6,0.00744498941281087,14.952903821604606,14.986228672398315,0.11010000162059441,0.24869999833754264,7.554700001492165,0.5629000006592833,8.376699999644188,0,True,on_screen,0.726694797361591,4.031256430902545,21.175119985038805,True,False,8,8.0
1789487120093,687,1431,244.11314684470383,359.6052854544759,318.99440461065166,532.1996907567473,0,0,sidebar,0.5008137141462936,63,8,4.4,0.009253563757235414,15.023399142926994,14.986676090908711,0.10299999848939478,0.23320000036619604,7.4308000002929475,0.7131999991543125,8.3881000027759,0,True,on_screen,0.726694797361591,6.102890710646022,22.488983037037084,True,False,8,8.0
1789487120158,688,1432,145.47533125811555,885.8688826312227,197.5310532638764,779.7681250688801,1,0,sidebar,0.45764762613254717,128,8,4.4,0.008973518645063879,15.065632524788935,14.986785809772055,0.11209999865968712,0.28000000020256266,8.740400000533555,0.6384000007528812,9.671600000729086,0,True,on_screen,0.726694797361591,8.734508863183322,22.772123228425805,True,False,8,8.0
1789487120222,689,1433,167.11409406386744,763.5483493071587,188.0510841752422,774.7129526621113,1,0,sidebar,0.43873745163632527,192,8,4.4,0.009155137439858586,15.124384393752836,14.98739216226203,0.11850000009872019,0.26219999926979654,7.736800002021482,0.6348000024445355,8.643700002721744,0,True,on_screen,0.726694797361591,10.07845017368038,20.260896149892243,True,False,8,8.0
1789487120301,690,1434,374.2146547700868,622.2180315880111,318.36558359163337,667.9665079102411,1,0,sidebar,0.5004208199763394,272,8,4.4,0.009163957763413227,14.873427008793888,14.98547174189818,0.1283999990846496,0.2238000015495345,7.608500000060303,0.5147999982000329,8.356199999980163,0,True,on_screen,0.726694797361591,10.674517260760638,20.84977036514781,True,False,8,8.0
1789487120365,691,1435,300.7122572446113,358.5755840445977,306.0082551487179,451.39286120429074,0,0,sidebar,0.5925440301660116,335,8,4.4,0.008872801713721167,14.943823467608945,14.986040811059846,0.07990000085555948,0.20290000247769058,6.521499999507796,0.5220000020926818,7.255500000610482,0,True,on_screen,0.726694797361591,12.45569988877267,19.516306880141855,True,False,8,8.0
1789487120431,692,1436,282.48524265696744,257.2823793772672,289.5421464044926,315.5155239253743,0,0,sidebar,0.662410480365856,401,8,4.4,0.009077588960086211,14.96517826168608,14.986049000669466,0.10540000221226364,0.2275000006193295,7.124100000510225,0.5931999985477887,7.95769999967888,0,True,on_screen,0.726694797361591,12.519694747377969,17.76635359578077,True,False,8,8.0
1789487120493,693,1437,-288.0,836.9416474788746,-114.7373560786522,680.5138104128246,-1,-1,off_screen,0.0,0,24,4.6,0.011688890552265569,15.081339967116252,14.986721389398824,0.09240000144927762,0.22610000087297522,7.564200001070276,0.5739999978686683,8.375900000828551,0,True,gaze_outside_screen,0.726694797361591,15.069905790171248,17.34747854756377,True,False,8,8.0
1789487120557,694,1438,-288.0,1250.215163410916,-236.02120682359566,1079.3047575114886,-1,-1,off_screen,0.0,63,24,4.4,0.01481283177222154,15.141066092229686,14.987248696643743,0.08779999916441739,0.221800000872463,7.176600000093458,0.5350999999791384,7.944200002384605,0,True,gaze_outside_screen,0.726694797361591,14.967782620902227,15.973728587628917,True,False,8,8.0
1789487120622,695,1439,-288.0,1100.3685550222049,-261.8034893888044,1089.752725733347,-1,-1,off_screen,0.0,128,24,4.4,0.013480138627443189,15.170066961983228,14.98761111983106,0.1545999984955415,0.25649999952293,6.790400002500974,0.48440000318805687,7.5413000013213605,0,True,gaze_outside_screen,0.726694797361591,15.815507339877115,27.511923500450564,True,False,8,8.0
1789487120702,696,1440,-288.0,1103.258378923827,-268.85126019932125,1093.3862153131442,-1,-1,off_screen,0.0,208,24,4.4,0.01401169410782046,14.909960648876083,14.985611783386211,0.09239999781129882,0.2190000013797544,6.785699999454664,0.5057999987911899,7.520999999542255,0,True,gaze_outside_screen,0.726694797361591,13.199336572028443,13.367678995600068,True,False,8,8.0
1789487120765,697,1441,-288.0,1413.7344485493013,-282.2553780597964,1317.629978578454,-1,-1,off_screen,0.0,272,24,4.4,0.014215905010930315,14.984963613044366,14.986097181329075,0.08209999941755086,0.2778999987640418,6.482100001448998,0.5113000006531365,7.280099998752121,0,True,gaze_outside_screen,0.726694797361591,10.90314251651418,14.368714171697716,True,False,8,8.0
1789487120830,698,1442,-288.0,1353.4991674585342,-284.1366782650374,1329.3767415690106,-1,-1,off_screen,0.0,336,24,4.4,0.013811610390326837,15.040562993363007,14.986124454411234,0.0870000003487803,0.23489999875891954,8.6617999986629,0.5810999973618891,9.487299997999799,0,True,gaze_outside_screen,0.726694797361591,11.298428498643744,17.365901985384706,True,False,8,8.0
1789487120895,699,1443,0.0,0.0,0.0,0.0,-1,-1,,0.0,0,0,4.2,0.017040791755477444,15.076982701136187,14.986669746727005,0.13949999993201345,0.2995000031660311,7.000099998549558,0.48610000158078037,7.797199999913573,0,True,eyes_invalid_or_blink,0.726694797361591,10.036798050004307,18.654700370193627,True,False,8,8.0
1789487120958,700,1444,0.0,0.0,0.0,0.0,-1,-1,,0.0,0,0,4.2,0.01611638055005838,15.147943486409357,14.987189450722719,0.21570000171777792,0.2600999978312757,7.025599999906262,0.5395000007410999,7.837299999664538,0,True,eyes_invalid_or_blink,0.726694797361591,7.174362187437168,22.345304591564098,True,False,8,8.0
1789487121038,701,1445,-288.0,1554.507664876679,-286.84100347951124,1486.9683878843784,-1,-1,off_screen,0.0,0,25,4.2,0.01440028379380961,14.891263978522,14.985079330584947,0.17279999883612618,0.23810000129742548,7.600700002512895,0.8041000000957865,8.654000001115492,0,True,gaze_outside_screen,0.726694797361591,7.390919075432208,21.311782106174384,True,False,8,8.0
1789487121102,702,1446,-288.0,1980.0000000000002,-287.6523010438534,1832.0905163653135,-1,-1,off_screen,0.0,63,25,4.0,0.013152484082472183,14.953742405522352,14.985545462056413,0.21149999884073623,0.30049999986658804,7.021900000836467,0.6031999982951675,7.9358000002685,0,True,gaze_outside_screen,0.726694797361591,12.023790091919523,13.376110092278303,True,False,8,8.0
1789487121166,703,1447,-288.0,1980.0000000000002,-287.895690313156,1935.627154909594,-1,-1,off_screen,0.0,127,25,3.8,0.011483046831812645,15.027827737209495,14.985949703813688,0.11690000246744603,0.2496999986760784,7.537699999375036,0.549600001249928,8.345899997948436,0,True,gaze_outside_screen,0.726694797361591,11.80357127281593,19.419573080453315,True,False,8,8.0
1789487121229,704,1448,-288.0,1980.0000000000002,-287.93700971367946,1953.2042315371561,-1,-1,off_screen,0.0,190,25,3.6,0.0106067392902178,15.096205988715681,14.986426075631444,0.08959999831859022,0.2189999977417756,7.572299997264054,0.5560999998124316,8.356400001503062,0,True,gaze_outside_screen,0.726694797361591,11.936386864291876,14.024187418566754,True,False,8,8.0
1789487121294,705,1449,-288.0,1980.0000000000002,-287.9525179116578,1959.8013452602038,-1,-1,off_screen,0.0,255,25,3.4,0.008922171551490854,15.144742028215964,14.98651947059631,0.1111999990826007,0.256199997238582,9.44320000053267,0.5935000008321367,10.302599999704398,0,True,gaze_outside_screen,0.726694797361591,13.249586979046683,15.10907587632963,True,False,8,8.0
1789487121374,706,1450,501.63843095747234,1980.0000000000002,264.7611462967332,1973.9404035780613,-1,-1,off_screen,0.0,335,25,3.4,0.0067909514316198075,14.865714266321595,14.984617886704992,0.08749999688006938,0.22219999664230272,7.5728000010713,0.5605000005743932,8.365100002265535,0,True,gaze_outside_screen,0.726694797361591,15.5019439880098,16.493207347992485,True,False,8,8.0
1789487121437,707,1451,898.0125355998805,1980.0000000000002,708.0371188089363,1978.1821210734183,-1,-1,off_screen,0.0,398,25,3.4,0.004926333484182513,14.974968160629917,14.985181823948368,0.08959999831859022,0.21070000002509914,7.835000000341097,0.7383000011031982,8.79250000070897,0,True,gaze_outside_screen,0.726694797361591,13.537233439685167,16.297817642151944,True,False,8,8.0
1789487121501,708,1452,1965.424053436503,1828.1821063259645,1588.2079730482328,1873.1821107502008,-1,-1,off_screen,0.0,462,25,3.4,0.005268644856910089,15.034963035319198,14.98533610554643,0.09030000001075678,0.21109999943291768,9.079200000996934,0.6407000000763219,10.321900001144968,0,True,gaze_outside_screen,0.726694797361591,10.347699898781912,16.458948797709674,True,False,8,8.0
1789487121566,709,1453,2801.158954364101,1675.5574175208692,2437.2736599693408,1734.844825489669,2,2,terminal,0.5799150783389881,0,17,3.6,0.005052007842909443,15.088902631606086,14.986055119882332,0.13780000153928995,0.26699999943957664,7.357200000114972,0.5596999981207773,8.193399997253437,0,True,on_screen,0.726694797361591,9.737233136080476,16.839934870718867,True,False,8,8.0
1789487121631,710,1454,2640.6407919806293,1368.292931517706,2579.6306523772428,1478.258499709295,2,2,terminal,0.6803371386796632,65,17,3.6,0.005127346612908779,15.117558475640218,14.986337613582517,0.08819999857223593,0.28219999876455404,7.208300001366297,0.5535000018426217,8.05440000112867,0,True,on_screen,0.726694797361591,8.321313242245338,18.595730187828014,True,False,8,8.0
1789487121709,711,1455,1954.0308116066742,1775.5579052011524,2141.7107638378448,1686.3680835535952,2,2,terminal,0.437306304441914,143,17,3.6,0.00592725519791599,14.873130163802925,14.984324265028581,0.1396000006934628,0.25129999994533136,7.944000000861706,0.715199999831384,8.920899999793619,0,True,on_screen,0.726694797361591,8.836358230387418,16.198268621966342,False,False,8,8.0
1789487121773,712,1456,2263.0424803392293,1391.8402101773381,2226.642965388814,1480.1985721902151,2,2,terminal,0.691745085422665,207,17,3.6,0.004318089419945196,14.948312264625159,14.984874400544433,0.08520000119460747,0.21389999892562628,7.133500002964865,0.7325000005948823,8.089800001471303,0,True,on_screen,0.726694797361591,6.121917735252083,13.094955465025631,False,False,8,8.0
1789487121839,713,1457,3005.6259019780587,1444.1066637358274,2771.9310210012854,1454.9342362721438,2,2,terminal,0.3381173348449975,273,17,3.6,0.004098600141677315,14.991268316023364,14.98518055122591,0.08090000119409524,0.20700000095530413,6.708000000799075,0.8851999991748016,7.808700000168756,0,True,on_screen,0.726694797361591,5.637623297326627,5.3059484657362,False,False,8,8.0
1789487121901,714,1458,2630.4992820102493,1753.122927358299,2672.9288037075603,1663.6663200324524,2,2,terminal,0.43777685074568107,335,17,3.6,0.0034024557042434695,15.080890598749725,14.985662097771458,0.0976999981503468,0.2563999987614807,7.478100000298582,0.7264000014401972,8.472199999232544,0,True,on_screen,0.726694797361591,3.57451910675087,-12.503060238230644,True,False,8,8.0
1789487121965,715,1459,2139.5862832351368,1615.7824708353942,2299.5890393768636,1630.1476255945117,2,2,terminal,0.7095960159129571,398,17,3.6,0.0035343960840960847,15.140366733845061,14.98603100076959,0.10970000221277587,0.21659999765688553,8.115399999951478,0.6718000004184432,9.0128999981971,0,True,on_screen,0.726694797361591,4.552841561414283,-17.76097790465072,True,False,8,8.0
1789487122046,716,1460,1532.3428002487778,1680.3989081852476,1762.5166719872036,1665.3235234080269,2,1,terminal,0.35972444899368883,480,17,3.4,0.003837410241747623,14.860940639609684,14.984002909154706,0.16200000027311035,0.21860000197193585,7.071500000165543,0.631200000498211,7.93100000009872,0,True,on_screen,0.726694797361591,2.580687113744631,-13.235246945749017,True,False,8,8.0
1789487122110,717,1461,1300.8976332904867,1563.270638991937,1439.383344899502,1593.8865043167639,2,1,terminal,0.8341305964327772,543,17,3.2,0.004211845870057495,14.955344495698478,14.984530226377585,0.08170000000973232,0.2815000007103663,7.080499999574386,0.5944999975326937,7.966199998918455,0,True,on_screen,0.726694797361591,2.703131688088888,-14.169885587454338,True,False,8,8.0
1789487122174,718,1462,1628.4699259221027,1290.4699004105803,1571.7439516153224,1381.4948815824355,2,1,terminal,0.6869468347634684,608,17,3.0,0.004050395909076196,15.02198784702714,14.98499594482121,0.10659999679774046,0.21149999884073623,6.809000002249377,0.6270999983826187,7.656200003111735,0,True,on_screen,0.726694797361591,2.234815712719012,-16.496340893301852,True,False,8,8.0
1789487122237,719,1463,1607.6221705354,1175.9331359619737,1596.8587048593768,1237.6016596481122,2,1,terminal,0.45991648149683506,671,17,2.8,0.00422521614432283,15.08480531499963,14.985400102644146,0.0838999985717237,0.21120000019436702,7.03340000109165,0.6050999982107896,7.859600002120715,0,True,on_screen,0.726694797361591,1.8459468724723251,-16.98038522250846,True,False,8,8.0
1789487122303,720,1464,1820.7551027205832,1064.5666689738894,1753.5861833622212,1116.4771661761563,1,1,main_file,0.32681404375659684,0,16,3.0,0.004047665796839942,15.094674034130469,14.98543125892468,0.09410000347997993,0.24820000180625357,7.738600001175655,0.5302999998093583,8.527099998900667,0,True,on_screen,0.726694797361591,1.89837592436632,-16.85076090604893,True,False,8,8.0
1789487122381,721,1465,1546.806352729619,1260.9347065406378,1608.8403019193995,1217.5974444312933,2,1,terminal,0.4187215139436453,0,18,3.0,0.003802371786697326,14.869850257733598,14.983812184810168,0.100200002634665,0.24610000036773272,7.183500001701759,0.5409000004874542,7.97949999832781,0,True,on_screen,0.726694797361591,1.7927909761311582,-17.840195235693717,True,False,8,8.0
1789487122445,722,1466,1615.7312883168142,1362.3961248074497,1613.66399239759,1318.9565206946027,2,1,terminal,0.5567966325837315,63,18,3.0,0.0036615064479299294,14.94205439122717,14.984281779717548,0.12120000246795826,0.2113999980792869,6.758000003173947,0.5380000002332963,7.516300000133924,0,True,on_screen,0.726694797361591,1.8511039002565326,-17.91592858981042,True,False,8,8.0
1789487122511,723,1467,1612.4793415248146,1163.1041986073417,1612.8347367866472,1209.85989523352,2,1,terminal,0.4033668992503393,129,18,3.0,0.0034032576497481735,14.960580097446543,14.98435871963988,0.08589999924879521,0.20850000146310776,6.886899998789886,0.5396000015025493,7.644400000572205,0,True,on_screen,0.726694797361591,1.8261051330055693,-17.96125604775024,True,False,8,8.0
1789487122574,724,1468,1868.3028810162753,1095.3808583018838,1791.6624377473868,1129.7245693813747,1,1,main_file,0.2579176818044767,0,17,3.2,0.0029569361320604653,15.071613862309654,14.984981521736435,0.07959999857121147,0.19940000129281543,7.30190000103903,0.5741000022680964,8.084900000540074,0,True,on_screen,0.726694797361591,1.194314635433301,-18.769528037865737,True,False,8,8.0
1789487122637,725,1469,1595.6464317683221,1260.0888703554745,1654.4512335620416,1220.9795800632446,2,1,terminal,0.3782908703089418,0,19,3.4,0.0032431015820515146,15.130169535317949,14.985515244772188,0.19579999934649095,0.2182000025641173,6.706099997245474,0.5243999985395931,7.458299998688744,0,True,on_screen,0.726694797361591,0.7360046512928875,-18.336804348979143,True,False,8,8.0
1789487122702,726,1470,1450.5058558592068,1245.9894006409927,1511.6894691700572,1238.4864544676682,2,1,terminal,0.5209484685246142,64,19,3.4,0.0032084754271282188,15.166264862971296,14.98566313961694,0.23780000265105627,0.4183000019111205,7.6845999974466395,0.5541999998968095,8.667999998579035,0,True,on_screen,0.726694797361591,0.6781267612317095,-18.394087766345418,True,False,8,8.0
1789487122782,727,1471,1412.2347300398335,1062.9009142095797,1442.0711517789007,1115.5765762870062,1,1,main_file,0.6191312336150268,0,18,3.6,0.0032272434105326837,14.905088599981124,14.983777697463786,0.20869999934802763,0.37879999945289455,7.151200003136182,0.5536999997275416,8.097599999018712,0,True,on_screen,0.726694797361591,-0.0390585474471834,-17.943595358832628,True,False,8,8.0
1789487122845,728,1472,1862.9146184035244,944.0943948146522,1736.6615784161372,995.5390492563585,1,1,main_file,0.4493908660804026,62,18,3.4,0.0027301339505760806,14.989720242552805,14.984036768644147,0.08030000026337802,0.20539999968605116,8.878100001311395,0.5582000012509525,9.651600001234328,0,True,on_screen,0.726694797361591,-0.9199202053274291,-19.416131996216517,True,False,8,8.0
1789487122909,729,1473,1979.59629975054,1903.308807584223,1906.715883350219,1630.9778800858635,2,2,terminal,0.0983362153452817,0,20,3.6,0.0014533566763833081,15.052833289435767,14.984714035227336,0.09069999941857532,0.21609999748761766,7.178800002293428,0.5243999985395931,7.929200000944547,0,True,on_screen,0.726694797361591,-1.5725318135876591,-20.316713732407457,True,False,8,8.0
1789487122975,730,1474,2290.1043871039797,1980.0000000000002,2175.0878359778517,1875.293364025759,-1,-1,off_screen,0.0,0,26,3.8,0.0010544207736548922,15.077074370122656,14.984990006206143,0.11150000136694871,0.22080000053392723,6.7253999986860435,0.5156000006536487,7.472499997675186,0,True,gaze_outside_screen,0.726694797361591,-3.046581049725347,-17.959386173803168,True,True,8,8.0
1789487123038,731,1475,2177.7641287766714,1980.0000000000002,2176.9612409370257,1948.5880092077277,-1,-1,off_screen,0.0,63,26,3.8,0.0009062816844722845,15.154434330231744,14.985517838086222,0.09819999831961468,0.23769999825162813,6.885300001158612,0.5145000031916425,7.649900002434151,0,True,gaze_outside_screen,0.726694797361591,-3.603408124920634,-17.337496798435083,True,True,8,8.0
1789487123117,732,1476,0.0,0.0,0.0,0.0,-1,-1,,0.0,0,0,3.8,0.00047481196038890415,14.89731629256984,14.983606396650494,0.08860000161803328,0.21080000078654848,6.765400001313537,0.4886999995505903,7.475299997167895,0,True,eyes_invalid_or_blink,0.726694797361591,-4.634142022544012,-16.956737247651482,True,True,8,8.0
1789487123182,733,1477,0.0,0.0,0.0,0.0,-1,-1,,0.0,0,0,3.8,0.0004050510124229238,14.945156775501776,14.983703269841728,0.10159999874304049,0.2468999991833698,7.703100000071572,0.5773000011686236,8.540099999663653,0,True,eyes_invalid_or_blink,0.726694797361591,-3.534472351006684,-17.21133909263303,True,True,8,8.0
1789487123245,734,1478,0.0,0.0,0.0,0.0,-1,-1,,0.0,0,0,3.8,0.0003712325687765545,15.03140384759552,14.984310139727896,0.09619999764254317,0.24510000002919696,7.272499999089632,0.492900002427632,8.023599999432918,0,True,eyes_invalid_or_blink,0.726694797361591,-3.9346747285044614,-16.493569074815856,True,True,8,8.0
1789487123309,735,1479,1905.2178828853878,1886.4617751611788,1986.740890300879,1905.0996453751434,-1,-1,off_screen,0.0,0,27,4.0,0.0008669474361333879,15.088737285061566,14.984663683038072,0.2144999998563435,0.21159999960218556,7.557799999631243,0.5701000009139534,8.348299998033326,0,True,gaze_outside_screen,0.726694797361591,-3.9646222811898895,-16.887615834782498,True,True,8,8.0
1789487123373,736,1480,1622.0510809181123,1772.1696859055144,1731.4580237329424,1812.048673746403,-1,-1,off_screen,0.0,63,27,3.8,0.0009736683709912694,15.150484155873556,14.985220183647037,0.08230000094044954,0.2099999983329326,6.98259999990114,0.5448000010801479,7.746299997961614,0,True,gaze_outside_screen,0.726694797361591,-4.168732411867893,-16.311984230270788,True,True,8,8.0
1789487123454,737,1481,1144.4432997343165,1962.3684970316165,1320.5477169339042,1917.2725500460524,-1,-1,off_screen,0.0,144,27,3.8,0.0013506309927998495,14.875247586470906,14.983081788956202,0.10370000018156134,0.2179000002797693,7.139499997720122,0.5588999993051402,7.926300000690389,0,True,gaze_outside_screen,0.726694797361591,-5.076873941029959,-15.334088291840905,True,True,8,8.0
1789487123517,738,1482,496.1593126121628,1975.9040910644026,743.4758339086852,1958.3146287588975,-1,-1,off_screen,0.0,207,27,3.8,0.001539188276753917,14.963116439896012,14.983616673912426,0.09180000051856041,0.2167999991797842,6.85449999946286,0.5797999983769841,7.661300001927884,0,True,gaze_outside_screen,0.726694797361591,-5.218451425423382,-15.273530484871268,True,False,9,9.0
1789487123581,739,1483,-36.10021403881113,1855.0551179785355,197.7726003454378,1886.032971212644,-1,-1,off_screen,0.0,272,27,3.8,0.0018652386089747456,15.0267284844555,14.98392375022927,0.10130000009667128,0.24560000019846484,7.411300000967458,0.5984999988868367,8.266799999546492,0,True,gaze_outside_screen,0.726694797361591,-5.328691768311614,-15.998803856127909,True,False,9,9.0
1789487123645,740,1484,-288.0,1940.1247787263032,-142.26821989636863,1923.8972364722053,-1,-1,off_screen,0.0,335,27,3.8,0.0018732074982027603,15.094760112685965,14.984454032834796,0.0790999984019436,0.19909999900846742,7.068099999742117,0.5572000009124167,7.834000000002561,0,True,gaze_outside_screen,0.726694797361591,-5.055053809193765,-15.798165945550869,True,False,9,9.0
1789487123710,741,1485,-228.56638143335832,1958.2534107258414,-202.6769329722614,1947.9465584497507,-1,-1,off_screen,0.0,401,27,3.8,0.001862330493912252,15.123083203321567,14.984729606956936,0.13870000111637637,0.21419999757199548,6.923199998709606,0.5733999969379511,7.7199000006658025,0,True,gaze_outside_screen,0.726694797361591,-5.722911950011849,-15.703289238211866,True,False,9,9.0
1789487123789,742,1486,-108.67573497695732,1929.6725826922395,-136.87609437554855,1935.154775419493,-1,-1,off_screen,0.0,480,27,3.6,0.0018632587170737767,14.876011494886463,14.982799428653015,0.07869999899412505,0.2021000000240747,7.389700000203447,0.5913000022701453,8.193099998607067,0,True,gaze_outside_screen,0.726694797361591,-5.994208475367998,-16.054517976435633,True,False,9,9.0
1789487123853,743,1487,4.830040947789583,1980.0000000000002,-37.68179964921186,1966.546432625848,-1,-1,off_screen,0.0,543,27,3.4,0.0019670157738081676,14.946688385786087,14.983130033418918,0.12260000221431255,0.25459999960730784,7.7179999971122015,0.5894999994779937,8.572799997637048,0,True,gaze_outside_screen,0.726694797361591,-5.979263100501527,-16.605554338185954,True,False,9,9.0
1789487123918,744,1488,1395.9987534988204,1980.0000000000002,965.8945875544106,1975.9639297877545,-1,-1,off_screen,0.0,608,27,3.4,0.0010738111808034564,14.99371390019088,14.983349511188944,0.08919999891077168,0.2313999975740444,8.16320000012638,0.5916999980399851,8.996399999887217,0,True,gaze_outside_screen,0.726694797361591,-6.101305190199156,-14.57720215775074,True,True,9,9.0
1789487123982,745,1489,0.0,0.0,0.0,0.0,-1,-1,,0.0,0,0,3.4,0.0008958926288400223,15.065192559920488,14.983884826837366,0.09499999941908754,0.23460000011255033,7.8064999979687855,0.47339999946416356,8.526800000254298,0,True,eyes_invalid_or_blink,0.726694797361591,-6.217056387692594,-15.300384285722958,True,True,9,9.0
1789487124047,746,1490,2176.653594747973,1980.0000000000002,1813.4258925899042,1978.7891789363266,-1,-1,off_screen,0.0,0,28,3.6,0.00105911074274497,15.103482821226967,14.984065100433073,0.14620000001741573,0.4331999989517499,8.32760000048438,0.5624000004900154,9.336099999927683,0,True,gaze_outside_screen,0.726694797361591,-5.593882460223028,-15.284851258458842,True,True,9,9.0
1789487124128,747,1491,2315.571662879418,1980.0000000000002,2164.927931792564,1979.636753680898,-1,-1,off_screen,0.0,81,28,3.6,0.001133661170568026,14.825180548599267,14.982177479007301,0.08150000212481245,0.20260000019334257,6.657199999608565,0.5746999995608348,7.444499999110121,0,True,gaze_outside_screen,0.726694797361591,-4.56719200490781,-14.088682431883742,True,True,9,9.0
1789487124189,748,1492,2302.6955062649417,1934.05936656217,2261.3652339232285,1947.7325826977883,-1,-1,off_screen,0.0,141,28,3.4,0.0011790457514380195,14.967357863396256,14.982802393964246,0.12309999874560162,0.21940000078757294,7.64799999888055,0.610499999311287,8.486899998388253,0,True,gaze_outside_screen,0.726694797361591,-4.789581725017484,-12.455663511189298,True,True,9,9.0
1789487124253,749,1493,2814.41989808562,1764.93235089528,2648.5034988369025,1819.7724204360325,-1,-1,off_screen,0.0,206,28,3.4,0.0014077434504680495,15.033273458944155,14.983068214665149,0.325400000292575,0.22389999867300503,8.547299999918323,0.6869999997434206,9.468500000366475,0,True,gaze_outside_screen,0.726694797361591,-4.509732808445904,-12.03511177169526,False,False,10,10.0
1789487124317,750,1494,3168.0000000000005,1490.0317430703683,3012.1510496510714,1588.9539462800676,-1,-1,off_screen,0.0,269,28,3.2,0.001568179592561102,15.095937785114511,14.983701493744128,0.11349999840604141,0.22700000045006163,7.312800000363495,0.5891000000701752,8.13890000063111,0,True,gaze_outside_screen,0.726694797361591,-4.0459375018864705,-11.655432826181537,False,False,10,10.0
1789487124382,751,1495,3024.2228193510664,1280.274803223996,3020.601288441068,1372.8785461408174,-1,-1,off_screen,0.0,335,28,3.2,0.0020806772947640235,15.134717517585637,14.984016654673228,0.12369999967631884,0.2069000001938548,7.30449999900884,0.675200000841869,8.195499998691957,0,True,gaze_outside_screen,0.726694797361591,-2.5918633517927105,-12.402245864278045,True,False,10,10.0
1789487124462,752,1496,2942.4538005926324,1085.4519483470904,2965.898046947163,1171.6799276852084,-1,-1,off_screen,0.0,414,28,3.2,0.0024390369769168047,14.874337770387603,14.981828509156038,0.2322999971511308,0.4704000020865351,8.64949999959208,0.5780000028607901,9.712600000057137,0,True,gaze_outside_screen,0.726694797361591,-2.1094048153021276,-14.651674835280428,True,False,10,10.0
1789487124526,753,1497,2761.335459143827,1209.4312903963364,2822.7042354848277,1198.105881582998,2,2,terminal,0.08232277454919668,0,21,3.4,0.0024508466815208723,14.93726995723499,14.982333336944139,0.1787999972293619,0.2533000006224029,7.748299998638686,0.5795999968540855,8.592400001361966,0,True,on_screen,0.726694797361591,-1.4593929982283385,-16.33636026105288,True,False,10,10.0
1789487124591,754,1498,2780.451237846532,1144.3522050352292,2797.3176756738594,1165.8094529030466,1,2,second_file,0.15547588795308132,0,12,3.4,0.002466167066089245,14.975386933980232,14.98259444598475,0.3982999987783842,0.2668999986781273,7.492600001569372,0.5438000007416122,8.314300001075026,0,True,on_screen,0.726694797361591,-1.1647473164186124,-17.190725877442258,True,False,10,10.0
1789487124653,755,1499,1903.948883150712,1388.1655855862543,2171.959520907656,1321.458745781292,2,2,terminal,0.48833995306574784,0,22,3.4,0.0025955809361397925,15.087508779281132,14.983362310562853,0.0810999990790151,0.2750999992713332,6.9737000012537464,0.5479999999806751,7.806300000083866,0,True,on_screen,0.726694797361591,-1.1209827171669247,-17.90347189611963,True,False,10,10.0
1789487124718,756,1500,2209.737888204339,1252.456567692291,2197.9748669650344,1273.941722941191,2,2,terminal,0.4643877719694661,64,22,3.2,0.0025393783784428293,15.133791311265174,14.983584419433937,0.09399999908055179,0.3313999986858107,7.867399999668123,0.5473000019264873,8.755599999858532,0,True,on_screen,0.726694797361591,-0.91480633877282,-19.093723825728976,True,False,10,10.0
1789487124783,757,1501,2124.925314680032,1184.655765129225,2146.8401803655324,1211.441552472815,2,2,terminal,0.32183172480740374,129,22,3.2,0.0024718345334326115,15.155213807022925,14.983788259845708,0.13359999866224825,0.2432000001135748,8.195899998099776,0.5285000006551854,8.977500001492444,0,True,on_screen,0.726694797361591,-0.5325091198663756,-20.03418149501718,True,False,10,10.0
1789487124862,758,1502,1909.0550768056373,1501.7723344127348,1980.3906078736059,1414.6730998307587,2,2,terminal,0.24352004099203528,208,22,3.2,0.002866578038413137,14.90700390105464,14.9819590231871,0.11100000119768083,0.2668999986781273,8.120399998006178,0.6493000000773463,9.048399999301182,0,True,on_screen,0.726694797361591,-0.22605354065777306,-18.708283777966436,True,False,10,10.0
1789487124925,759,1503,1741.5348188412474,1559.8324292694044,1813.191555550955,1516.2846304378106,2,1,terminal,0.3400688419669716,271,22,3.2,0.003009358782368356,14.994840459792638,14.982497542068119,0.08719999823370017,0.207199998840224,8.103300002403557,0.5199999977776315,8.839500002068235,0,True,on_screen,0.726694797361591,0.24401249389819668,-18.65213003923785,True,False,10,10.0
1789487124989,760,1504,890.8190709097172,1772.2557877742474,1167.5308163020886,1695.4644405733166,2,1,terminal,0.40758591916112186,335,22,3.2,0.0031263257567873282,15.057124335066934,14.98309640237899,0.08639999941806309,0.21270000070217066,6.771200001821853,0.5480999971041456,7.541999999375548,0,True,on_screen,0.726694797361591,0.5050688075173184,-18.657759754265467,True,False,10,10.0
1789487125055,761,1505,652.7877507437935,1781.8547415014434,807.2106704112821,1755.9376512230053,2,0,terminal,0.2660989086145218,401,22,3.0,0.003442148551670349,15.079517585380664,14.983141834942492,0.1505999971413985,0.271100001555169,7.732199999736622,0.5256000004010275,8.538699999917299,0,True,on_screen,0.726694797361591,0.4535326657155281,-18.649025996062978,True,False,10,10.0
1789487125117,762,1506,207.16652856865448,1980.0000000000002,387.17977112144274,1912.7812953669018,-1,-1,off_screen,0.0,0,29,3.2,0.003570794657467362,15.165877323353309,14.983572139851104,0.10090000068885274,0.24680000205989927,8.715799998753937,0.6959999991522636,9.670999999798369,0,True,gaze_outside_screen,0.726694797361591,0.25989368851674044,-17.240586309783588,True,False,10,10.0
1789487125197,763,1507,296.678819790885,1980.0000000000002,323.8291051900523,1959.8343886100706,-1,-1,off_screen,0.0,79,29,3.2,0.003834275286844409,14.900384298889294,14.981834629897305,0.08910000178730115,0.2167999991797842,7.381400002486771,0.5372999985411298,8.144799998262897,0,True,gaze_outside_screen,0.726694797361591,-0.22560247082589058,-15.167525972395879,True,False,10,10.0
1789487125262,764,1508,437.1524423488603,1980.0000000000002,403.1554412012179,1973.9503165830213,-1,-1,off_screen,0.0,144,29,3.2,0.004207403807017103,14.963444767281683,14.98218232045409,0.13829999807057902,0.2356000004510861,7.371100000455044,0.5520000013348181,8.169100001396146,0,True,gaze_outside_screen,0.726694797361591,0.4430027866422961,-13.042616065412412,True,False,10,10.0
1789487125325,765,1509,709.5545834739479,1980.0000000000002,617.6348407921289,1978.1850949749064,-1,-1,off_screen,0.0,207,29,3.2,0.004330370938085111,15.047538261506935,14.982753168150364,0.10689999908208847,0.2361999977438245,7.030799999483861,0.527299998793751,7.804000000760425,0,True,gaze_outside_screen,0.726694797361591,1.7483617014644324,-14.450502918641192,True,False,10,10.0
1789487125390,766,1510,743.280169459536,1980.0000000000002,705.586570859314,1979.455528492472,-1,-1,off_screen,0.0,273,29,3.2,0.004560740515012018,15.088491774230038,14.982924878344516,0.1281000004382804,0.2413000001979526,7.899199998064432,0.5457999977807049,8.697100001882063,0,True,gaze_outside_screen,0.726694797361591,3.2711193765468636,-15.518210568026456,True,False,10,10.0
1789487125453,767,1511,1001.4076786586012,1974.9340241301293,912.661346318815,1976.290475438832,-1,-1,off_screen,0.0,335,29,3.2,0.004329325578423195,15.15148523646204,14.98330631604878,0.11670000094454736,0.23709999732091092,8.109299997158814,0.8955000012065284,9.252699997887248,0,True,gaze_outside_screen,0.726694797361591,4.296880440030179,-16.768864304376613,True,False,10,10.0
1789487125534,768,1512,726.3395961806838,1959.1501958498534,782.2361212221232,1964.292279726547,-1,-1,off_screen,0.0,416,29,3.0,0.0048624436391791325,14.875515583346457,14.981259187874326,0.10959999781334773,0.24910000138334,7.482100001652725,1.3424000026134308,9.084299999813084,0,True,gaze_outside_screen,0.726694797361591,7.025074800463813,-20.9239541502076,True,False,10,10.0
1789487125597,769,1513,269.22378685861383,1980.0000000000002,423.1274871676667,1975.2876839179642,-1,-1,off_screen,0.0,479,29,3.0,0.0036597381377791328,14.970107322854364,14.982032814476213,0.1019000010273885,0.20980000044801272,6.652599997323705,0.5429000011645257,7.413999999698717,0,True,gaze_outside_screen,0.726694797361591,8.191788776314354,-18.872685069721015,True,True,10,10.0
1789487125661,770,1514,-159.26372931150976,1980.0000000000002,15.453635632243206,1978.5863051753895,-1,-1,off_screen,0.0,543,29,3.0,0.0036336183387485014,15.037400428421597,14.982396337432977,0.08440000237897038,0.20659999790950678,7.056900001771282,0.5087999998067971,7.782699998642784,0,True,gaze_outside_screen,0.726694797361591,6.545870634553609,-13.023629650573445,True,True,10,10.0
1789487125725,771,1515,524.4831888915212,1980.0000000000002,371.7743229137378,1979.575891552617,-1,-1,off_screen,0.0,607,29,3.0,0.003695145761818121,15.097044674834455,14.982766569706186,0.09140000111074187,0.24789999952190556,7.295999999769265,0.5099000009067822,8.065099998930236,0,True,gaze_outside_screen,0.726694797361591,6.506926499009126,-5.7759485988049635,False,True,10,10.0
1789487125791,772,1516,716.5436935782577,1980.0000000000002,613.1128823789018,1979.8727674657853,-1,-1,off_screen,0.0,673,29,3.0,0.0038096613254357137,15.092484791529138,14.982738087004845,0.8376000005227979,0.23890000011306256,7.780599997204263,0.5300999982864596,8.561899998312583,0,True,gaze_outside_screen,0.726694797361591,6.578005020811673,-2.3658866809816015,False,True,10,10.0
1789487125869,773,1517,948.5693565925889,1980.0000000000002,847.9324143284828,1979.9618302397357,-1,-1,off_screen,0.0,751,29,3.0,0.003627992805166831,14.865576943110744,14.981166027663784,0.12720000086119398,0.25749999986146577,7.122299997718073,0.5588999993051402,7.947699999931501,0,True,gaze_outside_screen,0.726694797361591,6.313091575257943,-0.13581215973110206,False,True,10,10.0
1789487125933,774,1518,1203.1634911017984,1980.0000000000002,1096.5941680698038,1979.9885490719207,-1,-1,off_screen,0.0,815,29,3.0,0.0034557238795565066,14.951910159410085,14.981599013854993,0.0869999967108015,0.2303000001120381,7.3892000000341795,0.5610000007436611,8.192500001314329,0,True,gaze_outside_screen,0.726694797361591,6.215399111567507,0.7450352953532763,False,True,10,10.0
1789487125998,775,1519,1366.3522922500117,1980.0000000000002,1285.4248549959493,1979.9965647215763,-1,-1,off_screen,0.0,880,29,3.0,0.0034626857679100013,14.998577514447463,14.981966067389624,0.11190000077476725,0.23080000028130598,6.776499998522922,0.5834000003233086,7.600199998705648,0,True,gaze_outside_screen,0.726694797361591,5.082344427626452,2.30408164272488,False,True,10,10.0
1789487126061,776,1520,1412.5922514616316,1980.0000000000002,1374.4420325219269,1979.9989694164728,-1,-1,off_screen,0.0,944,29,2.8,0.003466378956274581,15.085432000090123,14.982551089363197,0.0911999995878432,0.21550000019487925,6.566600000951439,0.570500000321772,7.362299998931121,0,True,gaze_outside_screen,0.726694797361591,4.8982549804347855,3.2396946203611394,False,True,10,10.0
1789487126125,777,1521,1589.2233963554831,1980.0000000000002,1524.788987205416,1979.9996908249418,-1,-1,off_screen,0.0,1007,29,2.8,0.003649913563309933,15.131124636731588,14.982769386704142,0.08819999857223593,0.2744000012171455,7.434099999954924,0.5682000009983312,8.287200002087047,0,True,gaze_outside_screen,0.726694797361591,3.7423993478040245,2.4903370862076857,False,True,10,10.0
1789487126206,778,1522,1517.7150508006125,1980.0000000000002,1523.9401148368397,1979.9997279259487,-1,-1,off_screen,0.0,1088,29,2.8,0.0032717986769713065,14.8608425950376,14.98085975669901,0.12710000009974465,0.34919999961857684,6.668499998340849,0.49049999870476313,7.517999998526648,0,True,gaze_outside_screen,0.726694797361591,3.877837387871466,0.9652171551125623,False,True,10,10.0
1789487126271,779,1523,1682.9498719345902,1980.0000000000002,1635.246944805265,1979.9999183777848,-1,-1,off_screen,0.0,1153,29,2.8,0.0031749924964155855,14.915049265679887,14.981021681717152,0.14620000001741573,0.25319999986095354,7.391899998765439,0.5912999986321665,8.248300000559539,0,True,gaze_outside_screen,0.726694797361591,4.829346322072411,3.054192485380407,False,True,10,10.0
1789487126333,780,1524,1740.8764716036821,1980.0000000000002,1709.187613564157,1979.9999755133354,-1,-1,off_screen,0.0,1215,29,2.8,0.0035057425045301755,15.02280228345378,14.981558924850756,0.09019999924930744,0.6974999996600673,7.502399999793852,0.6106000000727363,8.822200001304736,0,True,gaze_outside_screen,0.726694797361591,2.758738648287107,6.495697011623507,False,True,10,10.0
1789487126397,781,1525,1562.1634035015593,1980.0000000000002,1606.2706665203386,1979.9999926540008,-1,-1,off_screen,0.0,1279,29,2.8,0.0029047623986440067,15.090370910015423,14.982137539150978,0.08030000026337802,0.20090000180061907,7.073600001604063,0.6552000013471115,7.939599996461766,0,True,gaze_outside_screen,0.726694797361591,0.7719395702642657,5.306800850851968,False,True,10,10.0
1789487126463,782,1526,1407.6780198147246,1980.0000000000002,1467.255813826409,1979.9999977962002,-1,-1,off_screen,0.0,1345,29,2.8,0.0028275568210551234,15.101451050502424,14.982208695899688,0.11760000052163377,0.21040000137872994,7.606400002259761,0.5906000005779788,8.41740000032587,0,True,gaze_outside_screen,0.726694797361591,0.21779557886620182,6.117978777624057,False,True,10,10.0
1789487126541,783,1527,1156.600831445599,1980.0000000000002,1249.797326159842,1979.99999933886,-1,-1,off_screen,0.0,1423,29,2.8,0.002985901543954417,14.868270651443627,14.980580385219197,0.09199999840348028,0.21049999850220047,7.129200002964353,0.581899999815505,7.930700001452351,0,True,gaze_outside_screen,0.726694797361591,-1.6285291096681362,5.370307688946521,False,True,10,10.0
1789487126605,784,1528,1158.8340852311346,1980.0000000000002,1186.1230575097468,1979.999999801658,-1,-1,off_screen,0.0,1487,29,2.6,0.0029275252125733706,14.939456994533142,14.980816422396185,0.11069999891333282,0.22390000231098384,8.09579999986454,0.5634000008285511,8.892599998944206,0,True,gaze_outside_screen,0.726694797361591,-2.79592272840236,7.710246541236265,False,True,10,10.0
1789487126670,785,1529,1413.846216320971,1980.0000000000002,1345.5292686776038,1979.9999999404977,-1,-1,off_screen,0.0,1552,29,2.6,0.002665525918340109,14.981737034265485,14.980987427019624,0.3293999980087392,0.6944000015209895,7.960700000694487,0.718599996616831,9.384900000441121,0,True,gaze_outside_screen,0.726694797361591,-2.8267215167953452,9.133962661554236,False,True,10,10.0
1789487126733,786,1530,1339.8000157255215,1980.0000000000002,1344.841758323354,1979.9999999476381,-1,-1,off_screen,0.0,1615,29,2.6,0.0027936241678675113,15.077480941219738,14.981855210768781,0.09919999865815043,0.2213000007031951,6.602099998417543,0.6507000034616794,7.482100001652725,0,True,gaze_outside_screen,0.726694797361591,-2.3135646234220246,9.311926474708699,False,True,10,10.0
1789487126797,787,1531,1373.534449125723,1980.0000000000002,1352.3701130607283,1979.999999961377,-1,-1,off_screen,0.0,1679,29,2.6,0.00273260950334993,15.124205453374458,14.982201638640904,0.08820000221021473,0.20959999892511405,6.744899998011533,0.5724999973608647,7.5360000009823125,0,True,gaze_outside_screen,0.726694797361591,-2.41117559779849,9.55947579352787,False,True,10,10.0
1789487126862,788,1532,862.3442514079968,1980.0000000000002,1009.3520099038162,1979.999999988413,-1,-1,off_screen,0.0,1744,29,2.6,0.0029326208386635886,15.166083554139403,14.982410615708666,0.15689999781898223,0.3795000011450611,7.412399998429464,0.7160999994084705,8.518000002368353,0,True,gaze_outside_screen,0.726694797361591,-3.7951609363945806,9.290828743737933,False,True,10,10.0
1789487126941,789,1533,1132.1363244131992,1980.0000000000002,1095.3010300603842,1979.999999996524,-1,-1,off_screen,0.0,1823,29,2.6,0.0029533128138128934,14.908383548904009,14.980598044080072,0.12350000179139897,0.22759999774280004,7.389399997919099,0.5825000007462222,8.20910000038566,0,True,gaze_outside_screen,0.726694797361591,-4.062904543314119,10.928776875125557,False,True,10,10.0
1789487127005,790,1534,1158.3912748932717,1980.0000000000002,1130.364678733652,1979.9999999984561,-1,-1,off_screen,0.0,1888,29,2.6,0.0029277299968959152,14.978318588466191,14.981031270168511,0.1277999981539324,0.3983999995398335,6.95330000235117,0.567600000067614,7.929999999760184,0,True,gaze_outside_screen,0.726694797361591,-3.402827431929154,10.028406488990704,False,True,10,10.0
1789487127069,791,1535,1521.4414467815734,1980.0000000000002,1404.118416367197,1979.999999999537,-1,-1,off_screen,0.0,1951,29,2.6,0.0026593161854935547,15.035375065283977,14.981248858942708,0.09060000229510479,0.2282999994349666,8.050899999943795,0.5894999994779937,8.879799999704119,0,True,gaze_outside_screen,0.726694797361591,-2.5178306723512094,8.00515517381496,False,True,10,10.0
1789487127134,792,1536,1847.4882234613224,1980.0000000000002,1714.4772813330846,1979.9999999998613,-1,-1,off_screen,0.0,2016,29,2.6,0.0023207797461959664,15.074933131916463,14.981520674638167,0.1109000004362315,0.24569999732193537,8.003300001291791,0.7067000005918089,8.964900000137277,0,True,gaze_outside_screen,0.726694797361591,-3.229611568197356,8.032920859627996,False,True,10,10.0
1789487127197,793,1537,2266.0131492644014,1980.0000000000002,2100.552388885006,1979.9999999999586,-1,-1,off_screen,0.0,2079,29,2.6,0.0017663545683975854,15.151899438767444,14.98218691570723,0.0853000019560568,0.2789999998640269,6.940999999642372,0.8089000002655666,8.038500000111526,0,True,gaze_outside_screen,0.726694797361591,-5.009915192242374,-1.7955267660735406,False,True,10,10.0
1789487127277,794,1538,2179.4412486766755,1980.0000000000002,2155.026931639465,1979.9999999999873,-1,-1,off_screen,0.0,2159,29,2.6,0.0015570937962342633,14.891159656870517,14.980285505969327,0.0870000003487803,0.2158999996026978,7.21739999789861,0.654499999654945,8.09790000130306,0,True,gaze_outside_screen,0.726694797361591,-4.1483143532848885,-10.813147126685134,False,True,10,10.0
1789487127342,795,1539,2593.340139722227,1980.0000000000002,2461.8461772973983,1979.9999999999964,-1,-1,off_screen,0.0,2224,29,2.4,0.002157205539441742,14.932980088399175,14.980447070778034,0.09990000035031699,0.23050000163493678,7.54140000208281,0.6428999986383133,8.424999999988358,0,True,gaze_outside_screen,0.726694797361591,-6.768493870204992,-15.00980643300235,True,True,10,10.0
1789487127405,796,1540,2383.3875774325106,1852.2246582000325,2406.925157391977,1890.5572607400218,-1,-1,off_screen,0.0,2287,29,2.2,0.0021021494092221555,15.031970309245278,14.98107750800733,0.14489999739453197,0.26199999774689786,7.131200000003446,0.6474000001617242,8.049800002481788,0,True,gaze_outside_screen,0.726694797361591,-7.505551809878597,-15.918402753982006,True,False,10,10.0
1789487127469,797,1541,2337.6442265965243,1950.0384030160735,2358.42850583516,1932.194060333258,-1,-1,off_screen,0.0,2351,29,2.2,0.0021788601694361937,15.094630083810427,14.981381317208813,0.16039999900385737,0.2378999997745268,7.999100002052728,0.6040999978722539,8.851899998262525,0,True,gaze_outside_screen,0.726694797361591,-8.374776942766886,-11.855768917186037,False,False,10,10.0
1789487127533,798,1542,1956.9815921837117,1837.0607595956458,2077.415666279146,1865.6007498169292,-1,-1,off_screen,0.0,2415,29,2.2,0.0023661279651676376,15.150337647716368,14.981730682999522,0.08470000102533959,0.20349999977042899,7.5433999991219025,1.5533000005234499,9.310400000686059,0,True,gaze_outside_screen,0.726694797361591,-9.302026311785681,-12.20959247836954,False,False,10,10.0
1789487127614,799,1543,1990.0188712382742,1980.0000000000002,2016.237909750536,1945.6802249450789,-1,-1,off_screen,0.0,2496,29,2.0,0.0025653763806123154,14.875020434184224,14.97987689935199,0.19289999909233302,0.2037999984167982,7.277699998667231,0.6485000012617093,8.140199999616016,0,True,gaze_outside_screen,0.726694797361591,-9.960312982932209,-9.462605753356796,False,False,10,10.0
1789487127677,800,1544,2116.4811013651374,1980.0000000000002,2086.408143880757,1969.7040674835239,-1,-1,off_screen,0.0,2559,29,1.8,0.0026049043457262323,14.967524363152233,14.980422973950533,0.08489999891025946,0.21010000273236074,6.993899998633424,0.6345000001601875,7.8484000005119015,0,True,gaze_outside_screen,0.726694797361591,-10.811695138706511,-8.705699189265138,False,False,10,10.0
1789487127741,801,1545,1987.6769106939187,1932.2137458520058,2017.2962806499702,1943.460842341461,-1,-1,off_screen,0.0,2623,29,1.8,0.0025207115508269432,15.029224819441671,14.980561034926293,0.13550000221584924,0.2609000002848916,8.420900001510745,0.7928000013635028,9.485599999607075,0,True,gaze_outside_screen,0.726694797361591,-11.546907561805313,-7.29961987306529,False,False,10,10.0
1789487127806,802,1546,1863.063142154873,1849.7328209877542,1909.3330837034023,1877.8512273938663,-1,-1,off_screen,0.0,2688,29,1.6,0.0022857886839245337,15.071257441118076,14.981048406888894,0.09610000051907264,0.35370000114198774,7.191100001364248,0.5992000005790032,8.154600000125356,0,True,gaze_outside_screen,0.726694797361591,-10.59078548297586,-11.281148463152546,False,False,10,10.0
1789487127870,803,1547,2171.8929822103414,1490.1676387667146,2093.1250126582595,1606.4727153548602,2,2,terminal,0.42615067376275373,0,23,1.8,0.002330438612370334,15.125177972721449,14.98144650502813,0.12249999781488441,0.23909999799798243,7.29710000086925,0.5554000017582439,8.101900002657203,0,True,on_screen,0.726694797361591,-10.994557091852101,-12.662032352657285,True,False,10,10.0
1789487127949,804,1548,1860.042623172023,1896.272246308695,1929.967340017894,1809.3323870225445,-1,-1,off_screen,0.0,0,30,1.8,0.0022976713480110534,14.876941816942873,14.9796135732892,0.0911999995878432,0.23610000062035397,7.530799997766735,0.6193999979586806,8.398300000408199,0,True,gaze_outside_screen,0.726694797361591,-9.725199332988012,-15.36836434964125,True,False,10,10.0
1789487128013,805,1549,1809.385046841117,1980.0000000000002,1845.55973479415,1928.7997161067633,-1,-1,off_screen,0.0,64,30,1.6,0.0019206159669617525,14.946579240968903,14.980027407009624,0.07929999992484227,0.19909999900846742,7.322900000872323,0.554599999304628,8.086400001047878,0,True,gaze_outside_screen,0.726694797361591,-6.281896580759593,-19.298516746046367,True,False,10,10.0
1789487128078,806,1550,0.0,0.0,0.0,0.0,-1,-1,,0.0,0,0,1.6,0.0008914730665718976,14.995240750006928,14.980344304735217,0.11180000001331791,0.2282999994349666,7.136500000342494,0.48320000132662244,7.857699998567114,0,True,eyes_invalid_or_blink,0.726694797361591,-2.134604359991016,-14.852954390225387,True,True,10,10.0
1789487128141,807,1551,0.0,0.0,0.0,0.0,-1,-1,,0.0,0,0,1.6,0.0018780536933129342,15.081641276977146,14.980828899965246,0.09920000229612924,0.23409999994328246,7.523700001911493,0.44039999920642003,8.208200000808574,0,True,eyes_invalid_or_blink,0.726694797361591,-1.2601363181618126,-3.4423707147850164,False,True,10,10.0
1789487128205,808,1552,1939.2147005240947,1980.0000000000002,1911.1182108051114,1964.639914832029,-1,-1,off_screen,0.0,0,31,1.8,0.0026457610545969155,15.131446865455107,14.98077449737371,0.08860000161803328,0.36249999902793206,10.003300001699245,0.7717000007687602,11.150199999974575,0,True,gaze_outside_screen,0.726694797361591,-0.6249228128460231,0.9316033103982836,False,True,10,10.0
1789487128286,809,1553,2165.6386323764045,1980.0000000000002,2089.2825059050165,1975.3919744496088,-1,-1,off_screen,0.0,81,31,1.8,0.002628713657691706,14.852454125246853,14.979058615356657,0.11910000102943741,0.28200000087963417,7.8883999995014165,0.5680000031134114,8.750199998758035,0,True,gaze_outside_screen,0.726694797361591,-0.2745340261532476,6.1059703131271545,False,True,10,10.0
1789487128349,810,1554,1920.556962793932,1980.0000000000002,1971.1746257272575,1978.6175923348828,-1,-1,off_screen,0.0,144,31,1.6,0.0029048237777568407,14.960796116970037,14.97962653672316,0.09359999967273325,0.21120000019436702,7.62399999803165,0.9803000029933173,8.825400000205263,0,True,gaze_outside_screen,0.726694797361591,-0.301449092215762,7.005436217949387,False,True,10,10.0
1789487128413,811,1555,1857.0056714429368,1980.0000000000002,1891.256357728233,1979.585277700465,-1,-1,off_screen,0.0,208,31,1.6,0.0028069799814815378,15.033122534301205,14.98017864667453,0.07949999780976214,0.21279999782564119,7.229900002130307,0.5449999989650678,7.997800003067823,0,True,gaze_outside_screen,0.726694797361591,-1.003371520584011,6.969970289806153,False,True,10,10.0
1789487128477,812,1556,1951.5544428602361,1980.0000000000002,1923.3329142126222,1979.8058960374694,-1,-1,off_screen,0.0,272,31,1.6,0.0027460298862293387,15.08412583793254,14.980503822590723,0.09270000009564683,0.22539999918080866,7.383499996649334,0.5433000005723443,8.16080000004149,0,True,gaze_outside_screen,0.726694797361591,-0.9797539023417414,6.396236068817099,False,True,10,10.0
