timestamp_ms,frame_index,capture_frame_id,gaze_x_raw,gaze_y_raw,gaze_x_smooth,gaze_y_smooth,grid_row,grid_col,section,confidence,dwell_time_ms,nrevisit_count,transition_rate,iris_size_delta,fps_actual,capture_fps,capture_age_ms,preprocess_ms,inference_ms,mapping_metrics_ms,total_processing_ms,dropped_frames_total,face_detected,gaze_status,calibration_quality,head_pitch,head_yaw,head_pose_shifted,is_blinking,total_blinks,blink_rate_bpm
1789812457393,1,1393,1490.830526953509,887.6636361477174,1490.830526953509,887.6636361477174,1,1,main_file,0.9075927373222707,0,0,0.2,0.0,0.0,30.002652888806125,42.84949996508658,0.2901999978348613,14.715900004375726,0.7874000002630055,15.80870000179857,0,True,on_screen,0.6577763963274916,-3.222138227281647,-1.8853927749246506,False,False,0,0.0
1789812457408,2,1394,1489.819435582062,887.9653327879392,1490.7091959889353,887.6998397445441,1,1,main_file,0.9078161254363337,15,0,0.2,0.0,62.564910893741754,29.99500568094931,10.406100016552955,0.27789996238425374,10.625900002196431,0.7556999917142093,11.670999985653907,0,True,on_screen,0.6577763963274916,-3.2158825024482383,-1.9021595235998585,False,False,0,0.0
1789812457428,3,1395,1490.5281593693894,886.5269114660518,1490.6874715945899,887.5590883511251,1,1,main_file,0.9077944667610128,35,0,0.2,0.0,61.33602133742197,30.004870984321858,0.11389999417588115,0.3036000416614115,8.78879998344928,0.7220999686978757,9.827799978666008,0,True,on_screen,0.6577763963274916,-3.1913394470390415,-1.935053026827687,False,False,0,0.0
1789812457460,4,1396,1501.9395768605962,880.0904067782361,1492.182186359731,886.5669585799203,1,1,main_file,0.9048060791389538,67,0,0.2,0.0,58.32006351170513,30.00395248343314,0.14380004722625017,0.2766000106930733,11.087300023064017,1.1272999690845609,12.504999991506338,0,True,on_screen,0.6577763963274916,-3.1779421323497274,-2.0161876156271434,False,False,0,0.0
1789812457492,5,1397,1502.359986493096,879.8193566164096,1493.4218722197036,885.7450809017112,1,1,main_file,0.9023193572980419,99,0,0.2,0.0,55.60918501523336,30.006471324077292,0.13179995585232973,0.3165999660268426,8.856800035573542,0.6975999567657709,9.885500010568649,0,True,on_screen,0.6577763963274916,-3.149147400186024,-2.0308304197884204,False,False,0,0.0
1789812457525,6,1398,1511.5962973664489,870.106629564871,1497.4593608273758,882.270964465878,1,1,main_file,0.8937664333386909,132,0,0.2,0.0,53.10321277663604,30.00727541204365,0.16739999409765005,0.3100999747402966,8.218900009524077,0.6867999909445643,9.229200019035488,0,True,on_screen,0.6577763963274916,-3.130658271318339,-2.009073563269673,False,False,0,0.0
1789812457556,7,1399,1518.2494935549164,862.5360973658198,1502.9093795249823,877.0975778358053,1,1,main_file,0.8817244302348859,163,0,0.2,0.0,51.01856267768085,30.009249069360152,0.09869999485090375,0.248699972871691,7.538100006058812,0.6861999863758683,8.486900012940168,0,True,on_screen,0.6577763963274916,-3.1104627773070206,-2.005716628325967,False,False,0,0.0
1789812457588,8,1400,1536.4234039798837,850.3710140470924,1515.7542772247675,866.8541056382254,1,1,main_file,0.8539175660811571,195,0,0.2,0.0,49.03924741223272,30.010197743888803,0.09280000813305378,0.24210003903135657,7.414499996230006,0.6424999446608126,8.310000004712492,0,True,on_screen,0.6577763963274916,-3.115060064678943,-2.0006400864713765,False,False,0,0.0
1789812457620,9,1401,1538.3619999843506,847.257462989262,1521.9225059577611,861.5074116990357,1,1,main_file,0.8400903780487445,226,0,0.2,0.0,47.239023519200984,30.010729767702454,0.16160000814124942,0.29550003819167614,7.660200004465878,0.6176999886520207,8.584799943491817,0,True,on_screen,0.6577763963274916,-3.09528792337818,-2.027038333408774,False,False,0,0.0
1789812457652,10,1402,1543.1163610160152,840.2436243304838,1527.7236486953952,855.6871272190006,1,1,main_file,0.8263713510872193,259,0,0.2,0.0,45.66267536539359,30.01174628068032,0.09509996743872762,0.24560000747442245,7.6858000247739255,0.6111999973654747,8.553100051358342,0,True,on_screen,0.6577763963274916,-3.0912578488257623,-2.010843336694492,False,False,0,0.0
1789812457685,11,1403,1553.2049956636365,836.336323215485,1535.1273883346828,850.0646491439021,1,1,main_file,0.8101945993223538,292,0,0.2,0.0,44.15697335882961,30.01141334264614,0.13110000872984529,0.2806999837048352,8.80390004022047,0.6220000213943422,9.718500019516796,0,True,on_screen,0.6577763963274916,-3.0843830636145526,-2.01494018274039,False,False,0,0.0
1789812457716,12,1404,1557.6234535158962,828.4885845658787,1541.5053155270075,843.947554093411,1,1,main_file,0.7951492902819254,323,0,0.2,0.0,42.93138413762944,30.013594811696162,0.09239994687959552,0.23300002794712782,7.4201999814249575,0.6264999974519014,8.291900041513145,0,True,on_screen,0.6577763963274916,-3.116802974298764,-1.9651625808989723,False,False,0,0.0
1789812457750,13,1405,1574.669306103338,791.1427167389403,1559.729004542779,814.9311746483185,1,1,main_file,0.7405245160616465,357,0,0.2,0.0,41.61421476994968,30.01333158009943,0.22620003437623382,0.23959996178746223,7.543899992015213,0.6225000252015889,8.41829995624721,0,True,on_screen,0.6577763963274916,-3.11475336969346,-1.935837625929555,False,False,0,0.0
1789812457782,14,1406,1558.6993717372063,800.7844440220738,1559.5862670404554,812.9700201622693,1,1,main_file,0.7387064454573606,389,0,0.2,0.0,40.54641239656477,30.013323973335353,0.15059998258948326,0.24690001737326384,8.487799961585552,0.6764000281691551,9.424099989701062,0,True,on_screen,0.6577763963274916,-3.1084626818067136,-1.9302468517577709,False,False,0,0.0
1789812457828,15,1407,1546.0326938275546,799.5321472821179,1557.1406671166833,810.5452971482617,1,1,main_file,0.7396099166836501,435,0,0.2,0.0,38.65558483354439,30.005524471303886,0.1317000132985413,0.26590004563331604,7.841699989512563,0.5944999866187572,8.71329999063164,0,True,on_screen,0.6577763963274916,-3.1566873034277876,-1.84655103062905,False,False,0,0.0
1789812457860,16,1408,1530.5204287827441,812.4818340467219,1550.6106683912383,811.0203335968497,1,1,main_file,0.7492078654712495,467,0,0.2,0.0,37.907165317235055,30.005452915709544,0.11500000255182385,0.2673999988473952,9.108199970796704,0.6845000316388905,10.07189997471869,0,True,on_screen,0.6577763963274916,-3.1996841521741715,-1.8414062019494846,False,False,0,0.0
1789812457892,17,1409,1513.9043062663873,818.7390704915861,1538.2194081863895,813.6260093374781,1,1,main_file,0.7689280367330693,499,0,0.2,0.0,37.270286691812494,30.007570192267455,0.09849999332800508,0.24020002456381917,7.498999999370426,0.6279000081121922,8.37840000167489,0,True,on_screen,0.6577763963274916,-3.220055732889932,-1.8536316116392924,False,False,0,0.0
1789812457924,18,1410,1505.304334368482,820.0796202840332,1528.2218253427895,815.5862209546688,1,1,main_file,0.7842877795627552,531,0,0.2,0.0,36.66679386478343,30.0084929781473,0.19689998589456081,0.23529998725280166,7.345599995460361,0.6532000261358917,8.243400021456182,0,True,on_screen,0.6577763963274916,-3.2207155344269722,-1.8535110364790208,False,False,0,0.0
1789812457957,19,1411,1504.796757418441,817.277050771387,1523.1158886482415,815.9547692992583,1,1,main_file,0.7911758459671991,564,0,0.2,0.0,36.009398117907146,30.007627530608318,0.10649999603629112,0.5508000031113625,8.478799951262772,0.6511000101454556,9.692899999208748,0,True,on_screen,0.6577763963274916,-3.2353256005914943,-1.8631802103236128,False,False,0,0.0
1789812457988,20,1412,1503.702786650366,819.6187919382771,1519.5020846884192,816.6368374985194,1,1,main_file,0.7964883945061074,595,0,0.2,0.0,35.66064947363293,30.009807830056133,0.10710000060498714,0.22880005417391658,7.939300034195185,0.6716999923810363,8.850500045809895,0,True,on_screen,0.6577763963274916,-3.2395461873346676,-1.8743585570686083,False,False,0,0.0
1789812458020,21,1413,1504.7616435102964,822.8072760540726,1517.2328586886474,817.5867493384063,1,1,main_file,0.8004620009512169,627,0,0.2,0.0,35.198796009171424,30.009369167169623,0.11449999874457717,0.24610001128166914,9.545199980493635,0.8448000298812985,10.647200047969818,0,True,on_screen,0.6577763963274916,-3.2632041055790637,-1.8730373527726767,False,False,0,0.0
1789812458053,22,1414,1507.2733987906013,818.5830800887527,1516.037723500882,817.7063090284479,1,1,main_file,0.8020549786215682,660,0,0.2,0.0,34.77268864270554,30.011102834591338,0.10230002226307988,0.25509996339678764,8.06310004554689,0.5953999934718013,8.924899972043931,0,True,on_screen,0.6577763963274916,-3.2640200439150533,-1.837486809677003,False,False,0,0.0
1789812458084,23,1415,1511.935920383742,815.1246596207856,1515.5455071268252,817.3965110995284,1,1,main_file,0.8022405461729741,691,0,0.2,0.0,34.45262325148449,30.011178899047973,0.11070002801716328,0.28330000350251794,9.552799980156124,0.6040000007487833,10.452999966219068,0,True,on_screen,0.6577763963274916,-3.2759222214602914,-1.8404618826140864,False,False,0,0.0
1789812458117,24,1416,1509.9813649867865,811.8980018234423,1514.8778100700206,816.7366899863981,1,1,main_file,0.8021694974841707,724,0,0.2,0.0,34.11901969468746,30.012793334705815,0.09999994654208422,0.27060002321377397,8.14439996611327,0.6703000399284065,9.09850001335144,0,True,on_screen,0.6577763963274916,-3.269964175291733,-1.8313785876935698,False,False,0,0.0
1789812458149,25,1417,1522.6933542017332,796.6068577241609,1516.4552182518405,812.6738939002915,1,1,main_file,0.7949509878291503,756,0,0.2,0.0,33.81945440453813,30.013556638493522,0.1471999567002058,0.2812999882735312,8.177699986845255,0.6154000293463469,9.087000042200089,0,True,on_screen,0.6577763963274916,-3.2605336494693518,-1.878857381968136,False,False,0,0.0
1789812458181,26,1418,1529.345767694032,788.0570726726711,1519.7379187266483,806.4049872804018,1,1,main_file,0.782778281624614,788,0,0.2,0.0,33.50401535489115,30.014441391354286,0.11419999646022916,0.22680003894492984,7.590099994558841,0.5750999553129077,8.401900005992502,0,True,on_screen,0.6577763963274916,-3.263582997929092,-1.9263854937392169,False,False,0,0.0
1789812458228,27,1419,1526.6657017011123,774.0587870971893,1521.814854168027,796.7076613390337,1,1,main_file,0.7672091807921735,835,0,0.2,0.0,32.28486023623222,30.005756410893476,0.12399995466694236,0.25400001322850585,7.57110002450645,0.6460000295192003,8.48240003688261,0,True,on_screen,0.6577763963274916,-3.2543177446763423,-1.9710091526831257,False,False,0,0.0
1789812458260,28,1420,1540.6031718835168,735.7197381867757,1532.3731946934631,762.4347013895763,1,1,main_file,0.7072611015417105,867,0,0.2,0.0,32.188774507037905,30.006631507829706,0.08909997995942831,0.222100003156811,7.666899997275323,0.6057000136934221,8.504900033585727,0,True,on_screen,0.6577763963274916,-3.2441268813007014,-2.0019867675213927,False,False,0,0.0
1789812458293,29,1421,1539.0056420365072,729.7715970716112,1534.3757271692562,752.5727418784263,1,1,main_file,0.6907503023154076,900,0,0.2,0.0,32.04905607403433,30.006065152789006,0.145800004247576,0.29550003819167614,9.24959999974817,0.6889999494887888,10.248499980662018,0,True,on_screen,0.6577763963274916,-3.235664501173119,-2.016750471898465,False,False,0,0.0
1789812458324,30,1422,1546.0359010164143,729.0058514231399,1537.1965184454311,746.8715165044114,1,1,main_file,0.6795782680345055,930,0,0.2,0.0,32.005625991565246,30.00730829895689,0.12620002962648869,0.25969999842345715,9.042499994393438,0.6665000109933317,9.980799979530275,0,True,on_screen,0.6577763963274916,-3.2448947472099974,-2.01270922118962,False,False,0,0.0
1789812458356,31,1423,1550.9869663164254,724.9213960551449,1540.4890166955975,741.6308793731,1,1,main_file,0.6686443460154244,963,0,0.2,0.0,31.936826041966455,30.008792998124928,0.1050999853760004,0.215300009585917,8.117399993352592,0.6849999772384763,9.029100008774549,0,True,on_screen,0.6577763963274916,-3.2407496885029445,-2.022562289922339,False,False,0,0.0
1789812458388,32,1424,1549.531346660456,731.9898164314711,1541.6680305073617,740.3737978009337,1,1,main_file,0.6656526992373233,995,0,0.2,0.0,31.845563638124656,30.008683952595774,0.12340000830590725,0.27190003311261535,9.346199978608638,0.6631999858655035,10.292000020854175,0,True,on_screen,0.6577763963274916,-3.2292087089674055,-2.075667349605376,False,False,0,0.0
1789812458421,33,1425,1534.0028646688475,736.3449427495477,1540.74821060674,739.8903351947674,1,1,main_file,0.6658002519269952,1028,0,0.2,0.0,31.71804549245475,30.010459371683798,0.17219997243955731,0.27489999774843454,7.195000012870878,0.6128999521024525,8.094999997410923,0,True,on_screen,0.6577763963274916,-3.2376050441733355,-2.0921599552322174,False,False,0,0.0
1789812458452,34,1426,1522.2221824338333,747.0596382580865,1537.282312688936,741.2315872066586,1,1,main_file,0.6710434475038312,1059,0,0.2,0.0,31.73555546563668,30.011671551719687,0.22499996703118086,0.21539995213970542,7.3105000192299485,0.6078999722376466,8.14280001213774,0,True,on_screen,0.6577763963274916,-3.2505451650893065,-2.0511497342978413,False,False,0,0.0
1789812458484,35,1427,1506.9889349026325,758.1716770437482,1527.77967008906,746.5454752935934,1,1,main_file,0.6876773330427368,1091,0,0.2,0.0,31.697651335592788,30.012312325064222,0.09739998495206237,0.24149997625499964,7.693899970036,0.6113999988883734,8.556800021324307,0,True,on_screen,0.6577763963274916,-3.2522163865770324,-2.0456168701425055,False,False,0,0.0
1789812458516,36,1428,1495.7862692150284,762.7881858246443,1517.4238607462132,751.8030099374686,1,1,main_file,0.7046088414184095,1123,0,0.2,0.0,31.66902379294518,30.013205432077235,0.12069998774677515,0.24389999452978373,7.746299961581826,0.6236000335775316,8.624900016002357,0,True,on_screen,0.6577763963274916,-3.2484575144425776,-1.9635649454331372,False,False,0,0.0
1789812458548,37,1429,1489.4492959886802,768.012674067072,1509.2156700027006,756.5591881378185,1,1,main_file,0.7186283181433756,1155,0,0.2,0.0,31.611342116567023,30.013931421000134,0.132200017105788,0.2533000078983605,7.732700032647699,0.6312999757938087,8.629499992821366,0,True,on_screen,0.6577763963274916,-3.2300312966872013,-1.9281573222982218,False,False,0,0.0
1789812458581,38,1430,1478.200674814772,784.5612026851733,1497.6143777504337,767.0334620317101,1,1,main_file,0.7439891352543848,1188,0,0.2,0.0,31.547890224430386,30.01477259942657,0.09429996134713292,0.22199994418770075,7.493500015698373,0.604200002271682,8.329900039825588,0,True,on_screen,0.6577763963274916,-3.173688043326564,-1.9090763242705397,False,False,0,0.0
1789812458630,39,1431,1471.5495974331081,793.1210376702428,1488.9559539924765,775.6994581362711,1,1,main_file,0.7639847141280887,1237,0,0.2,0.0,30.432793615121618,30.004240725186694,0.17319998005405068,0.2914000069722533,8.416399999987334,0.6343999993987381,9.354999987408519,0,True,on_screen,0.6577763963274916,-3.138776503196027,-1.7870461784728886,False,False,0,0.0
1789812458660,40,1432,1467.4745724648433,793.8202597197146,1483.427626642305,780.3629255613953,1,1,main_file,0.7751475144684311,1267,0,0.2,0.0,30.67058020633518,30.006467273778853,0.09980000322684646,0.24939997820183635,7.791200012434274,0.6127000087872148,8.664300024975091,0,True,on_screen,0.6577763963274916,-3.1547576167724287,-1.7825083169870148,False,False,0,0.0
1789812458692,41,1433,1462.2305874249487,811.2470833843552,1476.2811134599401,790.775419435884,1,1,main_file,0.7966699807378497,1299,0,0.2,0.0,30.73992103585404,30.007658151216038,0.13100000796839595,0.24810002651065588,7.36499996855855,0.5887000006623566,8.211400010623038,0,True,on_screen,0.6577763963274916,-3.160092362090097,-1.805380324153468,False,False,0,0.0
1789812458725,42,1434,1460.8308210365033,816.4778803214383,1472.0564802254203,797.803342758639,1,1,main_file,0.8107791232805198,1332,0,0.2,0.0,30.73826713600209,30.006355069813985,0.1558999647386372,0.3254999755881727,9.124200034420937,1.5999999595806003,11.06320001417771,0,True,on_screen,0.6577763963274916,-3.1103675743510735,-1.8082892691294694,False,False,0,0.0
1789812458756,43,1435,1465.0668113409295,823.9208664910443,1470.321268426636,804.2871170381418,1,1,main_file,0.8226254792498904,1363,0,0.2,0.0,30.819512199049953,30.00920969052467,0.08949998300522566,0.21630001720041037,7.308400003239512,0.61039999127388,8.145199972204864,0,True,on_screen,0.6577763963274916,-3.0706121465437946,-1.8749703949143566,False,False,0,0.0
1789812458788,44,1436,1454.9832975199784,855.1065573779791,1463.1059960491004,828.1935454932047,1,1,main_file,0.8667362779765428,1395,0,0.2,0.0,30.855069216188866,30.009119261438034,0.13810000382363796,0.24449999909847975,8.459299977403134,0.8220000308938324,9.53559996560216,0,True,on_screen,0.6577763963274916,-3.068822776675063,-1.779109748084341,False,False,0,0.0
1789812458822,45,1437,1450.4980407845997,867.8515672436421,1458.408405453642,842.9697043628264,1,1,main_file,0.8941280186198834,1429,0,0.2,0.0,30.748217254268333,30.009335910666106,0.1582999830134213,0.3034999826923013,7.935600006021559,0.6887000054121017,8.940999978221953,0,True,on_screen,0.6577763963274916,-3.0821003800296296,-1.7648876833526457,False,False,0,0.0
1789812458853,46,1438,1446.8666842326763,874.8108653947094,1454.8705806992834,852.7298125433539,1,1,main_file,0.9124546703376244,1460,0,0.2,0.0,30.916610719422007,30.010846813282292,0.11150003410875797,0.2986000035889447,7.80359999043867,0.894600001629442,9.017799980938435,0,True,on_screen,0.6577763963274916,-3.047374105442117,-1.750018844084139,False,False,0,0.0
1789812458884,47,1439,1436.6261693336562,896.4266676745002,1447.1798802492685,871.1496681740207,1,1,main_file,0.9474765278419515,1491,0,0.2,0.0,31.011581096271197,30.011952160898083,0.12509996304288507,0.2930000191554427,8.16219998523593,0.7246999884955585,9.19200002681464,0,True,on_screen,0.6577763963274916,-3.049007055587623,-1.7812140858402248,False,False,0,0.0
1789812458917,48,1440,1447.7130540434628,899.766622731738,1447.3194519304834,878.6408774239268,1,1,main_file,0.9601114812801622,1524,0,0.2,0.0,30.99312256526114,30.012719765802654,0.1330000231973827,0.2769999555312097,7.88210000609979,0.6739000091329217,8.845900010783225,0,True,on_screen,0.6577763963274916,-3.0270181516983996,-1.7104167547934206,False,False,0,0.0
1789812458948,49,1441,1456.2745285538394,896.6656168007406,1449.014792042381,882.0532506460958,1,1,main_file,0.964518987162566,1555,0,0.2,0.0,31.066650794219,30.01405878511576,0.11790002463385463,0.25370001094415784,7.563699968159199,0.6767999730072916,8.505399979185313,0,True,on_screen,0.6577763963274916,-2.9557545636975817,-1.6808192859411428,False,False,0,0.0
1789812458980,50,1442,1474.8559914769553,874.7137897069921,1455.391752740793,880.2420555398202,1,1,main_file,0.9557528497526657,1587,0,0.2,0.0,31.059338571307197,30.01403374626352,0.11000002268701792,0.3410999779589474,8.537800051271915,0.7090999861247838,9.598599979653955,0,True,on_screen,0.6577763963274916,-2.9400581433956745,-1.692690282244596,False,False,0,0.0
1789812459028,51,1443,1467.685073331058,887.4493248094418,1457.1029037873259,881.2452610010951,1,1,main_file,0.9551584300593441,1635,0,0.2,0.0,30.05084332230054,30.00602472320862,0.09509996743872762,0.22069999249652028,7.228799979202449,0.61039999127388,8.071399992331862,0,True,on_screen,0.6577763963274916,-2.9490708175410134,-1.5709969577155367,False,False,0,0.0
1789812459061,52,1444,1455.4576064737469,892.5148375094006,1456.9054681096964,882.5976101820918,1,1,main_file,0.957137460103116,1668,0,0.2,0.0,30.084949348122848,30.005624828671902,0.18710002768784761,0.39279996417462826,8.07189999613911,0.6596000166609883,9.136100008618087,0,True,on_screen,0.6577763963274916,-2.9355774266250307,-1.5585297581450863,False,False,0,0.0
1789812459092,53,1445,1457.48862601685,891.1717967573848,1456.9754470585547,883.626512571127,1,1,main_file,0.9583330751535619,1699,0,0.2,0.0,30.26145180010042,30.007450465800645,0.1357000437565148,0.25450001703575253,7.213499979116023,0.6552000413648784,8.135999960359186,0,True,on_screen,0.6577763963274916,-2.9425679193826397,-1.404860468835276,False,False,0,0.0
1789812459124,54,1446,1443.102195123258,883.4377333966681,1455.0888416774933,883.6008407381619,1,1,main_file,0.9606305327029353,1731,0,0.2,0.0,30.359018090025135,30.008294429570203,0.1249000197276473,0.26130001060664654,7.228399976156652,0.5926999729126692,8.09259997913614,0,True,on_screen,0.6577763963274916,-2.9652207360349223,-1.4553449903595772,False,False,0,0.0
1789812459156,55,1447,1434.4346447413043,893.9078457953646,1450.6578461518625,885.8120278122572,1,1,main_file,0.9686504026891735,1763,0,0.2,0.0,30.457774946819008,30.008709348718867,0.10360003216192126,0.2690000110305846,7.887099985964596,0.680500001180917,8.848999976180494,0,True,on_screen,0.6577763963274916,-2.986951010783713,-1.4503901369277226,False,False,0,0.0
1789812459189,56,1448,1429.4836660420196,888.8682844584458,1446.4204273151738,886.4236519419817,1,1,main_file,0.9734683242628435,1796,0,0.2,0.0,30.50678459279511,30.009300769347,0.15050004003569484,0.272100034635514,8.026800001971424,0.5980999558232725,8.909099968150258,0,True,on_screen,0.6577763963274916,-3.0018497757956197,-1.409030796187649,False,False,0,0.0
1789812459220,57,1449,1416.3882979692662,884.4115788956206,1438.1802804377326,885.8715839470956,1,1,main_file,0.9748336669758663,1827,0,0.2,0.0,30.608850286221656,30.01099676241688,0.09699998190626502,0.19859999883919954,6.975599972065538,0.6030999938957393,7.784800021909177,0,True,on_screen,0.6577763963274916,-3.0101132467477214,-1.3677984166351818,False,False,0,0.0
1789812459252,58,1450,1408.1946586170066,883.5962939719884,1429.9599618417678,885.2478313831032,1,1,main_file,0.9684746478019461,1859,0,0.2,0.0,30.668761930322432,30.010912174662753,0.09110005339607596,0.22690003970637918,8.304699964355677,0.6561999907717109,9.19909996446222,0,True,on_screen,0.6577763963274916,-3.026427032659285,-1.3307666395179598,False,False,0,0.0
1789812459285,59,1451,1414.226012057783,864.1640204432047,1426.1518030040102,880.1448215180206,1,1,main_file,0.9572335891793715,1892,0,0.2,0.0,30.658951997791252,30.01153880585701,0.20269997185096145,0.3223000094294548,7.790500007104129,0.6752000190317631,8.799800009001046,0,True,on_screen,0.6577763963274916,-3.037391724824289,-1.2946207455246925,False,False,0,0.0
1789812459317,60,1452,1418.0879493013126,862.0140402635706,1424.6446886323683,876.7562232119112,1,1,main_file,0.9507845970434514,1924,0,0.2,0.0,30.768466421995278,30.0125410255206,0.09889999637380242,0.3011999651789665,7.92810000712052,0.7704999879933894,9.01259999955073,0,True,on_screen,0.6577763963274916,-3.051263411047813,-1.2890649578414364,False,False,0,0.0
1789812459348,61,1453,1491.6238914877956,755.6937866038613,1471.5301306311674,792.0125175862763,1,1,main_file,0.8012567144353524,1955,0,0.2,-2.350166855424017e-05,30.828422001797747,30.01401485111564,0.1438999897800386,0.25800004368647933,7.191399985458702,0.6150999688543379,8.07490001898259,0,True,on_screen,0.6577763963274916,-3.040459330495082,-1.2863403277523846,False,False,0,0.0
1789812459380,62,1454,1587.7864917034922,569.2829022264723,1552.9095833817946,636.1017868344135,1,1,main_file,0.49290046294130485,1987,0,0.2,-5.14030439832773e-05,30.905147444560836,30.01499178654538,0.0923000043258071,0.22540002828463912,7.277400000020862,0.6538999732583761,8.166100014932454,0,True,on_screen,0.6577763963274916,-2.996643999327148,-1.3073919032951224,False,False,0,0.0
1789812459428,63,1455,1664.719697652013,416.13870074978536,1631.1766633709476,482.12762657517385,0,1,main_file,0.5335240190962047,2035,0,0.2,-7.340201184445096e-05,29.897245795551722,30.005527141858764,0.11640001321211457,0.248999975156039,7.815700024366379,0.6802999996580184,8.756999974139035,0,True,on_screen,0.6577763963274916,-2.972144944985331,-1.0752141943031357,False,False,0,0.0
1789812459460,64,1456,1687.9836399875735,335.8351271956954,1670.9415470025856,379.72287700953893,0,1,main_file,0.5683780001902069,2067,0,0.2,-7.284817122874161e-05,30.020623328233935,30.006663973104192,0.08760002674534917,0.21889997879043221,7.258699974045157,0.6360000115819275,8.12349998159334,0,True,on_screen,0.6577763963274916,-2.939795715901056,-0.9452505379377978,False,False,0,0.0
1789812459493,65,1457,1688.9700962285715,301.3095881070141,1683.5615314607758,324.83357477777156,0,1,main_file,0.5674779777143681,2100,0,0.2,-6.920875185527538e-05,30.061682021710535,30.006489165896635,0.15520001761615276,0.24809996830299497,7.939700037240982,0.6725999992340803,8.871299971360713,0,True,on_screen,0.6577763963274916,-2.9287876181439856,-0.8669559465760326,False,False,0,0.0
1789812459524,66,1458,1705.6407429280946,237.21251459316264,1699.0169794878989,263.4988326485453,0,1,main_file,0.5378828950040044,2131,0,0.2,-6.77261685366002e-05,30.24936119270271,30.00806154843245,0.15350000467151403,0.2919000107795,7.395399967208505,0.6430000066757202,8.341200009454042,0,True,on_screen,0.6577763963274916,-2.915387968870391,-0.8647545373823182,False,False,0,0.0
1789812459556,67,1459,1708.2033696579585,187.7296525127089,1705.1594242446558,212.8360592812666,0,1,main_file,0.5068918394378019,2163,0,0.2,-6.628060109106944e-05,30.389312543794944,30.009115613400667,0.08550001075491309,0.21490000654011965,7.493099954444915,0.6430000066757202,8.360999985598028,0,True,on_screen,0.6577763963274916,-2.9033371333196953,-0.7020935443883354,False,False,0,0.0
1789812459589,68,1460,1687.5500938284613,97.78085050875802,1692.8328929533195,132.2974131405106,0,1,main_file,0.4640029376882434,2196,0,0.2,-7.614939687065198e-05,30.414548008864188,30.009112719290144,0.36889995681121945,0.6101999897509813,7.721500005573034,0.7042000070214272,9.054000023752451,0,True,on_screen,0.6577763963274916,-2.890012456330396,-0.8227805626012596,False,False,0,0.0
1789812459620,69,1461,1642.0175438791873,34.67030090484181,1657.262148601427,63.95843457554245,0,1,main_file,0.4332384365014208,2226,0,0.2,-5.7888777442454895e-05,30.5323514099747,30.010258208771393,0.0858000130392611,0.21849997574463487,7.971699989866465,0.6658000056631863,8.865599986165762,0,True,on_screen,0.6577763963274916,-2.8769160156796545,-0.8799118797118928,False,False,0,0.0
1789812459652,70,1462,1633.5059632888667,-68.82674793749139,1640.6328188826349,-28.991193183581235,-1,-1,off_screen,0.0,0,0,0.4,-2.2594325854490005e-05,30.61498401288315,30.011336361508274,0.09400001727044582,0.2954999799840152,7.5953000341542065,0.6454999675042927,8.548200014047325,0,True,gaze_outside_screen,0.6577763963274916,-2.8306249404357686,-0.7572584104289349,False,False,0,0.0
1789812459684,71,1463,1606.2590741658546,-112.94821836684325,1616.5711975808886,-87.76111081186464,-1,-1,off_screen,0.0,32,0,0.4,5.22088214561893e-06,30.68979593059239,30.012276190277774,0.12270000297576189,0.2710000262595713,7.5165999587625265,0.6603000219911337,8.457800024189055,0,True,gaze_outside_screen,0.6577763963274916,-2.825696570567942,-0.6466263307836637,False,False,0,0.0
1789812459717,72,1464,1591.5889578499002,-155.8541118431162,1600.6751187655382,-131.08835940214468,-1,-1,off_screen,0.0,65,0,0.4,5.033956730649512e-05,30.648907942929874,30.012336484820114,0.21279999054968357,0.2674999996088445,7.726699986960739,0.6517000147141516,8.655400015413761,0,True,gaze_outside_screen,0.6577763963274916,-2.777903750465441,-0.5979983313098237,False,False,0,0.0
1789812459748,73,1465,1569.7367391875198,-165.77622752370115,1587.8636010294117,-145.45253243671067,-1,-1,off_screen,0.0,95,0,0.4,8.861532307551795e-05,30.79469199793455,30.013167852307998,0.10050000855699182,0.24510000366717577,8.443900034762919,0.77629997394979,9.476799983531237,0,True,gaze_outside_screen,0.6577763963274916,-2.735755303325959,-0.5070124894163258,False,False,0,0.0
1789812459780,74,1466,1551.8798870351961,-168.16010032302518,1574.1693005414645,-154.09433795005046,-1,-1,off_screen,0.0,128,0,0.4,0.00011955872186593906,30.854782508015134,30.014410827683452,0.09940000018104911,0.2694000140763819,7.958000001963228,0.6832000217400491,8.921200002077967,0,True,gaze_outside_screen,0.6577763963274916,-2.7097300896627132,-0.2387565290833041,False,False,0,0.0
1789812459829,75,1467,1544.1186230541693,-163.11137074563575,1565.5972893699636,-156.66646318384016,-1,-1,off_screen,0.0,177,0,0.4,0.00013929492763790734,29.827972177029835,30.004657839657256,0.17669994849711657,0.31720002880319953,8.415099990088493,0.8045000140555203,9.550900023896247,0,True,gaze_outside_screen,0.6577763963274916,-2.715393385314769,-0.1205960817043415,False,False,0,0.0
1789812459860,76,1468,1539.585694978557,-160.4547950787228,1559.3063516879083,-157.5826761429936,-1,-1,off_screen,0.0,207,0,0.4,0.00014221929375080912,30.023915540304955,30.00612807714867,0.10229996405541897,0.24780002422630787,7.977099972777069,0.7867999956943095,9.022600017488003,0,True,gaze_outside_screen,0.6577763963274916,-2.7194741790642922,-0.08540610063130276,False,False,0,0.0
1789812459892,77,1469,1532.6860562410088,-151.8642462435198,1552.6544132967956,-156.1537422132003,-1,-1,off_screen,0.0,240,0,0.4,0.00013879927349951318,30.129353228353708,30.00665882280266,0.11419999646022916,0.23479998344555497,8.356600010301918,0.7040000054985285,9.306299965828657,0,True,gaze_outside_screen,0.6577763963274916,-2.7223020339759216,-0.05573647763528567,False,False,0,0.0
1789812459925,78,1470,1533.2327139045428,-147.98857999314876,1548.821597912432,-154.54237140878337,-1,-1,off_screen,0.0,273,0,0.4,0.0001359566766373204,30.15973341802517,30.007690909970904,0.21249998826533556,0.3201999934390187,7.085799996275455,0.6609000265598297,8.088400005362928,0,True,gaze_outside_screen,0.6577763963274916,-2.7235661187449693,-0.04829567665958068,False,False,0,0.0
1789812459956,79,1471,1535.024348231912,-150.09842863926892,1546.872279041914,-153.91451718415863,-1,-1,off_screen,0.0,304,0,0.4,0.00013374441291113225,30.380917463112254,30.009235235056934,0.08239998714998364,0.21010002819821239,7.138899993151426,0.6404999876394868,7.999100023880601,0,True,gaze_outside_screen,0.6577763963274916,-2.7297164674507712,-0.08793632632933317,False,False,0,0.0
1789812459989,80,1472,1532.620604891804,-148.0873117893979,1544.7491484933516,-153.0464144155959,-1,-1,off_screen,0.0,337,0,0.4,0.00013303945062383485,30.377634976261835,30.008395011614997,0.6315000355243683,0.5846000276505947,8.414199983235449,0.7237999816425145,9.744899987708777,0,True,gaze_outside_screen,0.6577763963274916,-2.751217656918243,-0.052433406061770244,False,False,0,0.0
1789812460020,81,1473,1531.7277640717402,-151.81445832362175,1543.066684366072,-152.88723610828092,-1,-1,off_screen,0.0,368,0,0.4,0.00013218407141725973,30.548341839146254,30.010371119743986,0.09169999975711107,0.22499996703118086,7.7668000012636185,0.6664000102318823,8.6689000017941,0,True,gaze_outside_screen,0.6577763963274916,-2.756724704459117,-0.05357893741881018,False,False,0,0.0
1789812460053,82,1474,1530.7763526904669,-145.969262918853,1541.3713290962942,-151.9329557346961,-1,-1,off_screen,0.0,401,0,0.4,0.00013164844941597822,30.52849192275504,30.010079681346586,0.12929999502375722,0.25949999690055847,8.583899994846433,0.6630999851040542,9.518700011540204,0,True,gaze_outside_screen,0.6577763963274916,-2.768487700506398,-0.019360292172602593,False,False,0,0.0
1789812460084,83,1475,1533.8722451386313,-139.80166645061925,1540.3267556821586,-150.24314637439593,-1,-1,off_screen,0.0,432,0,0.4,0.00013303170179649638,30.660183689835442,30.011950942006997,0.09680003859102726,0.23580004926770926,7.45689996983856,0.6706999847665429,8.374699973501265,0,True,gaze_outside_screen,0.6577763963274916,-2.7966087865494558,-0.08921461984260204,False,False,0,0.0
1789812460116,84,1476,1425.634508442309,116.26810049517117,1460.0421826142638,36.31472643430103,0,1,main_file,0.5328132493472002,0,1,0.6,0.00012825692004287022,30.725878936826447,30.012629643968243,0.13000000035390258,0.24199998006224632,7.773799996357411,0.6264999974519014,8.65120004164055,0,True,on_screen,0.6577763963274916,-2.8575971144474863,-0.032104288805809726,False,False,0,0.0
1789812460149,85,1477,1332.8682078804627,336.4650227981871,1371.020400300603,246.41993388902125,0,1,main_file,0.845692228163098,32,1,0.6,0.0001633657146154089,30.718284223160918,30.013328376589072,0.22409996017813683,0.3074000123888254,7.184999994933605,0.694099988322705,8.198200026527047,0,True,on_screen,0.6577763963274916,-2.920275668522038,0.021388397780313075,False,False,0,0.0
1789812460180,86,1478,1278.9822911658866,499.16827392898455,1306.5937239063014,423.34377191699554,0,1,main_file,0.6790166065610125,64,1,0.6,0.0001867229370751556,30.87417806247293,30.014974060340165,0.08299999171867967,0.20949996542185545,6.964600004721433,0.6522000185213983,7.834999996703118,0,True,on_screen,0.6577763963274916,-2.968737744543205,-0.08855287618748449,False,False,0,0.0
1789812460228,87,1479,1215.355314181001,656.7783324313922,1242.726837098591,586.7479642770732,0,1,main_file,0.3851070761530594,111,1,0.6,0.00026783524167045374,29.85902424430706,30.005161070309228,0.13150001177564263,0.24459999985992908,8.117499994114041,0.6385999731719494,9.010499983560294,0,True,on_screen,0.6577763963274916,-2.987621374718742,-0.22910839375301756,False,False,0,0.0
1789812460260,88,1480,1179.500491768038,739.3161277215169,1198.4683953672038,693.5456786881838,1,1,main_file,0.43865435322022683,144,1,0.6,0.00024011043705025013,30.003756965547385,30.00636765534156,0.08859997615218163,0.23629999486729503,7.525300025008619,0.6414999952539802,8.412400027737021,0,True,on_screen,0.6577763963274916,-3.038884951871921,-0.270682991692667,False,False,0,0.0
1789812460292,89,1481,1190.3883746940294,753.0542609025948,1194.1869726660548,725.0779488532637,1,1,main_file,0.46700101659941595,176,1,0.6,0.0002156195169476082,30.154873501012357,30.00709725597015,0.07909996202215552,0.2161000156775117,7.878999982494861,0.7038000039756298,8.807600010186434,0,True,on_screen,0.6577763963274916,-3.080713346066034,-0.2458088674886787,False,False,0,0.0
1789812460325,90,1482,1193.9472565928859,763.8486520772484,1194.1034688492025,738.5835167463522,1,1,main_file,0.48034756316142724,209,1,0.6,0.0002129659529817498,30.19910887654834,30.00744579490892,0.13480003690347075,0.3037999849766493,7.878999982494861,0.6827000179328024,8.876900014001876,0,True,on_screen,0.6577763963274916,-3.097275398428991,-0.2615432352050721,False,False,0,0.0
1789812460357,91,1483,1201.188606831927,765.8661633638928,1195.931936688455,745.6243735414487,1,1,main_file,0.4898011037117208,241,1,0.6,0.00020561103322413142,30.300471967461764,30.00840478153983,0.1134999911300838,0.22950000129640102,7.674299995414913,0.6699999794363976,8.584099996369332,0,True,on_screen,0.6577763963274916,-3.128333311064921,-0.23685723871382547,False,False,0,0.0
1789812460388,92,1484,1223.7077783622717,745.6896033436697,1203.0025355816215,745.6409783944285,1,1,main_file,0.5003293666229157,272,1,0.6,0.00020368894380587595,30.45012556029572,30.00825265368775,0.13010000111535192,0.27520000003278255,9.690899983979762,0.7324999896809459,10.709399997722358,0,True,on_screen,0.6577763963274916,-3.1505334848330904,-0.23039768908971148,False,False,0,0.0
1789812460420,93,1485,1230.6578575222838,743.2862842849067,1210.0376116766704,745.0419814897245,1,1,main_file,0.5101062322345966,304,1,0.6,0.00019070236601289627,30.522893395151748,30.01066663972926,0.11289998656138778,0.22300001000985503,7.098099973518401,0.6484999903477728,7.978899986483157,0,True,on_screen,0.6577763963274916,-3.189278194918984,-0.2516338803102228,False,False,0,0.0
1789812460452,94,1486,1234.7511585801562,734.965325532142,1216.0995441728996,742.5703003327809,1,1,main_file,0.5164519253454043,335,1,0.6,0.00017421252763854915,30.605341332682503,30.011180659313375,0.09869999485090375,0.2264999784529209,7.672799983993173,0.6437000120058656,8.551599981728941,0,True,on_screen,0.6577763963274916,-3.220134839312351,-0.36258344520737695,False,False,0,0.0
1789812460484,95,1487,1238.1415979860562,731.4892726411472,1221.1267470200644,740.0430143351557,1,1,main_file,0.5210689371507324,368,1,0.6,0.0001719137768250601,30.63930703890972,30.01161187007354,0.15249999705702066,0.2668999950401485,7.855699979700148,0.7098999922163785,8.845400006975979,0,True,on_screen,0.6577763963274916,-3.233666264740009,-0.3813625108571702,False,False,0,0.0
1789812460516,96,1488,1240.7801348093246,733.4595506409328,1224.9480325867323,738.7629655688476,1,1,main_file,0.5251495735843399,400,1,0.6,0.00017065893230800745,30.713980221422595,30.012678904627226,0.116499955765903,0.23530004546046257,7.6515000546351075,0.6444000173360109,8.541700022760779,0,True,on_screen,0.6577763963274916,-3.246857460917795,-0.3808572840659017,False,False,0,0.0
1789812460548,97,1489,1263.4884183086212,692.4717336062358,1245.428974065687,714.1631076521039,1,1,main_file,0.5246617779132685,432,1,0.6,0.00014998793982916488,30.750208622397537,30.013012505428517,0.17740001203492284,0.26899995282292366,8.160300028976053,0.6887000054121017,9.130499965976924,0,True,on_screen,0.6577763963274916,-3.244319409834503,-0.396368475597512,False,False,0,0.0
1789812460581,98,1490,1271.2045556048492,617.4976387588632,1263.4718811431007,646.4972794268355,1,1,main_file,0.4542588962468639,465,1,0.6,0.00013307536566672072,30.710936739160744,30.013245671208008,0.1281000440940261,0.24559994926676154,8.184900041669607,0.6811999483034015,9.123299969360232,0,True,on_screen,0.6577763963274916,-3.237026847852519,-0.4191325036518888,False,False,0,0.0
1789812460628,99,1491,1254.151925898948,581.0115261026518,1258.049247449486,608.3956745237165,0,1,main_file,0.3674113178713263,512,1,0.6,0.00012031841356406267,29.778907952785477,30.00570760481775,0.09220000356435776,0.25729998014867306,7.215799996629357,0.6877999985590577,8.172400004696101,0,True,on_screen,0.6577763963274916,-3.2368596352525003,-0.48716472009417366,False,False,0,0.0
1789812460660,100,1492,1229.1408234595738,566.7230626463227,1245.0334967038903,589.6329661414336,0,1,main_file,0.38318608782081387,544,1,0.6,0.0001225112243534946,29.939788518305853,30.006311662770567,0.13539998326450586,0.2240000176243484,7.772599987220019,0.6319999811239541,8.638800005428493,0,True,on_screen,0.6577763963274916,-3.230361492819071,-0.4743573143671121,False,False,0,0.0
1789812460693,101,1493,1314.4420863901084,403.87741129416486,1293.619509484243,459.6040777483455,0,1,main_file,0.6174013324098735,577,1,0.6,0.00010843013345768725,29.99070976204616,30.006372525497007,0.11279998579993844,0.2346000401303172,7.985500036738813,0.7928999839350581,9.022400015965104,0,True,on_screen,0.6577763963274916,-3.206955387565415,-0.5299825069069607,False,False,0,0.0
1789812460724,102,1494,1448.647719426006,178.8302490276286,1402.139256443477,263.0623976438437,0,1,main_file,0.9065533330809259,608,1,0.6,5.382857775430676e-05,30.173707193731893,30.006330251136227,0.08730002446100116,0.24850002955645323,9.092699969187379,1.6399999731220305,10.992700001224875,0,True,on_screen,0.6577763963274916,-3.1231616175030013,-0.4916527068303038,False,False,0,0.0
1789812460756,103,1495,1521.4308694733254,8.540783879490037,1485.6433855643709,84.89726800879616,0,1,main_file,0.6115248609049274,640,1,0.6,7.02546376693345e-05,30.311368433294433,30.008552939427187,0.08969998452812433,0.22340001305565238,7.992899976670742,0.7065999670885503,8.933299977798015,0,True,on_screen,0.6577763963274916,-3.0978911617456504,-0.5137783202397784,False,False,0,0.0
1789812460789,104,1496,1541.7439015460268,-56.949259301699634,1524.91374675153,-14.395301108550893,-1,-1,off_screen,0.0,0,1,0.8,9.599092878153671e-05,30.316893206249034,30.008439311925915,0.11939997784793377,0.2364999963901937,8.51780001539737,0.750000006519258,9.515399986412376,0,True,gaze_outside_screen,0.6577763963274916,-3.0652254227317712,-0.5040226362295595,False,False,0,0.0
1789812460821,105,1497,1556.3811798267493,-91.5293999863512,1546.9409499041835,-68.3891703230111,-1,-1,off_screen,0.0,32,1,0.8,8.887210056606441e-05,30.44253694811822,30.00964843275047,0.2196000423282385,0.3114999854005873,7.900399970822036,0.9313999908044934,9.156799991615117,0,True,gaze_outside_screen,0.6577763963274916,-3.028031379722222,-0.4332958138333124,False,False,0,0.0
1789812460852,106,1498,1580.401703135346,-149.83667622175705,1570.3634771659972,-125.40242445213326,-1,-1,off_screen,0.0,62,1,0.8,8.730705378210551e-05,30.555536572993336,30.01077565149208,0.11999998241662979,0.2734999870881438,7.9842000268399715,0.6615999736823142,8.931500022299588,0,True,gaze_outside_screen,0.6577763963274916,-2.983693660360416,-0.42858770832832704,False,False,0,0.0
1789812460884,107,1499,1576.8712280692832,-151.07141463744233,1571.9482130341944,-131.65321217458887,-1,-1,off_screen,0.0,95,1,0.8,9.120355321581494e-05,30.61216461531723,30.01151893752229,0.10080001084133983,0.2508999896235764,7.907100021839142,0.7145999697968364,8.883900009095669,0,True,gaze_outside_screen,0.6577763963274916,-2.980584580555643,-0.386642059210833,False,False,0,0.0
1789812460916,108,1500,1565.657946986971,-153.82854443370732,1570.6005115372352,-136.40431940229848,-1,-1,off_screen,0.0,126,1,0.8,0.00010698492266607469,30.70408994570684,30.01279955864367,0.12639997294172645,0.2723999787122011,7.415200001560152,0.658600009046495,8.357300015632063,0,True,gaze_outside_screen,0.6577763963274916,-2.9807050293659927,-0.32813013728414286,False,False,0,0.0
1789812460948,109,1501,1565.6471946076335,-163.7826928419642,1569.3376160483954,-143.3846973591568,-1,-1,off_screen,0.0,158,1,0.8,0.00013401717537805946,30.763992698833544,30.01375197723697,0.1162000116892159,0.21900003775954247,7.278499950189143,0.6364000146277249,8.143600018229336,0,True,gaze_outside_screen,0.6577763963274916,-2.9662120469605497,-0.2839326780692357,False,False,0,0.0
1789812460980,110,1502,1557.2158256377277,-149.45730458990326,1567.7219359404744,-144.19409847677554,-1,-1,off_screen,0.0,190,1,0.8,0.00015045655617457188,30.775013734553827,30.01413837769977,0.12879999121651053,0.2590999938547611,7.430500001646578,0.7265000022016466,8.427900029346347,0,True,gaze_outside_screen,0.6577763963274916,-3.0059900736771397,-0.19514236575180205,False,False,0,0.0
1789812461013,111,1503,1552.7651846900567,-146.6595542084624,1565.5241771080753,-144.55637481737136,-1,-1,off_screen,0.0,223,1,0.8,0.0001518832615916288,30.787737668209235,30.015145186955344,0.14050002209842205,0.2972999936901033,6.784799974411726,0.6127000087872148,7.705700001679361,0,True,gaze_outside_screen,0.6577763963274916,-3.018188371370826,-0.14675850327188775,False,False,0,0.0
1789812461060,112,1504,1551.5792530225829,-138.22512862700478,1563.456507619985,-143.61761570408018,-1,-1,off_screen,0.0,270,1,0.8,0.00015571364651433169,29.81438219458827,30.006561341673134,0.08910003816708922,0.21689996356144547,6.981000013183802,0.6519000162370503,7.859999954234809,0,True,gaze_outside_screen,0.6577763963274916,-3.0023405382746375,-0.12150224915287348,False,False,0,0.0
1789812461092,113,1505,1553.0779051825564,-137.58595015000728,1562.2107198995473,-142.89360927582038,-1,-1,off_screen,0.0,302,1,0.8,0.00016475308053813358,29.972898010933317,30.006850693632074,0.09249994764104486,0.2359000500291586,7.930199964903295,0.678999989759177,8.854900021106005,0,True,gaze_outside_screen,0.6577763963274916,-2.9903878790072724,-0.09721648502874582,False,False,0,0.0
1789812461124,114,1506,1551.9072950698571,-132.61934659020238,1560.750153449465,-141.43717671810393,-1,-1,off_screen,0.0,335,1,0.8,0.0001655325081517927,30.070912631510257,30.006780396678693,0.10080001084133983,0.25809998624026775,9.037000010721385,0.6843999726697803,9.990999998990446,0,True,gaze_outside_screen,0.6577763963274916,-2.981347220549395,-0.10206058340861685,False,False,0,0.0
1789812461156,115,1507,1549.2996502045423,-126.88155348273163,1558.739337283353,-138.88107224972606,-1,-1,off_screen,0.0,366,1,0.8,0.00016598169506910725,30.20874247458432,30.008865220177853,0.11250004172325134,0.2329999697394669,7.160299981478602,0.6276000058278441,8.030499971937388,0,True,gaze_outside_screen,0.6577763963274916,-2.9799711657617536,-0.06046434153570157,False,False,0,0.0
1789812461188,116,1508,1546.175021328559,-120.31976644084243,1556.115598167266,-135.00501371445495,-1,-1,off_screen,0.0,398,1,0.8,0.00016485592304792997,30.333659947456592,30.00986216013059,0.1002000062726438,0.2324000233784318,6.937599973753095,0.716900045517832,7.896099996287376,0,True,gaze_outside_screen,0.6577763963274916,-2.9769766834274094,-0.07354159896977558,False,False,0,0.0
1789812461220,117,1509,1544.1507501117042,-119.92780929191328,1553.9401508512194,-132.2636781168618,-1,-1,off_screen,0.0,430,1,0.8,0.0001600167473346601,30.413085968526328,30.010599170865326,0.11310004629194736,0.2234999556094408,6.939599988982081,0.6847000331617892,7.8578999964520335,0,True,gaze_outside_screen,0.6577763963274916,-2.9776601375826885,-0.10235408344193452,False,False,0,0.0
1789812461253,118,1510,1536.1727664857178,-117.5358463319256,1550.1292622518442,-129.1047367055584,-1,-1,off_screen,0.0,463,1,0.8,0.00016012975723298482,30.410062808660317,30.01073597311863,0.10850001126527786,0.22600003285333514,7.124499999918044,0.6790999905206263,8.036900020670146,0,True,gaze_outside_screen,0.6577763963274916,-2.983171812871319,-0.11334729644156068,False,False,0,0.0
1789812461285,119,1511,1536.9301658500754,-115.10781824526201,1547.7304273011491,-126.56090368983104,-1,-1,off_screen,0.0,496,1,0.8,0.00016067109584523738,30.533984065019908,30.010014466980966,0.11449999874457717,0.31839997973293066,9.839500009547919,0.8022999973036349,10.97269996535033,0,True,gaze_outside_screen,0.6577763963274916,-2.978580320452039,0.035313392572518365,False,False,0,0.0
1789812461316,120,1512,1504.3494554503022,-53.95138207781667,1517.3637470055564,-75.73423856142098,-1,-1,off_screen,0.0,526,1,0.8,0.000164631303748667,30.657296555765846,30.012334354848008,0.1580000389367342,0.27860002592206,7.917199982330203,0.7127000135369599,8.921300002839416,0,True,gaze_outside_screen,0.6577763963274916,-2.980260869933687,0.005427702167371011,False,False,0,0.0
1789812461348,121,1513,1428.044291981155,23.943055654821443,1454.8401284884756,-5.960132610051289,-1,-1,off_screen,0.0,559,1,0.8,0.00018497306644838472,30.691611541893806,30.013154291447425,0.12079998850822449,0.2785000251606107,7.626499980688095,0.6853999802842736,8.606199990026653,0,True,gaze_outside_screen,0.6577763963274916,-3.0062206415423987,-0.053191863626336204,False,False,0,0.0
1789812461380,122,1514,1354.1719344161104,127.60945955241473,1384.37239263782,87.53858190367491,0,1,main_file,0.612000051158903,0,2,1.0,0.0002285466994132214,30.764910683564047,30.014009365973337,0.10499998461455107,0.2725999802350998,7.611199980601668,0.7680000271648169,8.665599976666272,0,True,on_screen,0.6577763963274916,-2.9911576546118965,-0.052607380448986704,False,False,0,0.0
1789812461412,123,1515,1326.615870556966,192.9885387545216,1343.9428271812221,161.3535516992676,0,1,main_file,0.7020156243552103,31,2,1.0,0.00024075022066143321,30.820152841005893,30.01502403516535,0.11850002920255065,0.22419996093958616,7.382600044365972,0.7273999508470297,8.345599984750152,0,True,on_screen,0.6577763963274916,-3.014182883881773,-0.07137125345116144,False,False,0,0.0
1789812461461,124,1516,1298.1341132780283,257.44238713284494,1311.8767274489865,228.61573650277174,0,1,main_file,0.7408883535393815,80,2,1.0,0.00024248574258479115,29.788149651412464,30.005343445005117,0.1469000126235187,0.2945999731309712,8.152200025506318,0.7184999994933605,9.177599975373596,0,True,on_screen,0.6577763963274916,-3.046106141826357,0.03167264685521066,False,False,0,0.0
1789812461492,125,1517,1301.4690199703957,270.3920176400614,1307.8711595895727,244.69398710249152,0,1,main_file,0.7469487973850105,111,2,1.0,0.0002362431376372858,30.008720405495,30.007049104882913,0.0877000275067985,0.22029998945072293,7.513999997172505,0.6307000294327736,8.374999975785613,0,True,on_screen,0.6577763963274916,-3.0338167812867027,0.0739545603381571,False,False,0,0.0
1789812461524,126,1518,1306.4450891182353,276.1060043683548,1307.4635186973496,253.67308245727475,0,1,main_file,0.7519608599491089,143,2,1.0,0.00023816294052651614,30.12220116889917,30.00738857815629,0.0969000393524766,0.2479000249877572,8.08519998099655,0.6735000060871243,9.018899989314377,0,True,on_screen,0.6577763963274916,-3.041974879178582,0.07852661650851145,False,False,0,0.0
1789812461556,127,1519,1315.832713385639,274.47446469546577,1309.2117810982338,258.0183361893142,0,1,main_file,0.7573295526760624,175,2,1.0,0.0002423328073285977,30.23163503142711,30.008262979703876,0.13569998554885387,0.2449000021442771,7.96949997311458,0.610699993558228,8.83469998370856,0,True,on_screen,0.6577763963274916,-3.0493693348399518,0.11630770064726405,False,False,0,0.0
1789812461588,128,1520,1312.669290715424,291.76145629950895,1310.2731084904794,268.3762242757931,0,1,main_file,0.7641049559188913,207,2,1.0,0.00022719971436555193,30.348110095420882,30.009668917922102,0.11019996600225568,0.20929996389895678,6.997200020123273,0.7187000010162592,7.935000001452863,0,True,on_screen,0.6577763963274916,-3.0780066649391244,0.15257248444669014,False,False,0,0.0
1789812461620,129,1521,1312.3119407312065,290.0210058729367,1310.6871576676608,272.7718797061655,0,1,main_file,0.7665384132118728,239,2,1.0,0.00022494609954362178,30.42891329398136,30.00923094601306,0.10070001007989049,0.24279998615384102,8.909499971196055,0.737300026230514,9.900999953970313,0,True,on_screen,0.6577763963274916,-3.0902883116044677,0.17905056580070877,False,False,0,0.0
1789812461652,130,1522,1308.916603149825,293.5854842544159,1310.3404546974539,276.8475172789718,0,1,main_file,0.767312053974908,271,2,1.0,0.00021878441616651062,30.52354263639967,30.01087231597093,0.11610001092776656,0.221800000872463,7.719899993389845,0.6269000004976988,8.577800006605685,0,True,on_screen,0.6577763963274916,-3.0964934905517225,0.1766707872860244,False,False,0,0.0
1789812461686,131,1523,1306.0590516622965,294.3446765652602,1309.6070915036676,279.84461250943923,0,1,main_file,0.766903877725975,305,2,1.0,0.00021114166194280588,30.463748865422524,30.010931072784302,0.3370000049471855,0.27789996238425374,7.433000020682812,0.6611999706365168,8.383399981539696,0,True,on_screen,0.6577763963274916,-3.1053250141221156,0.16187625491245408,False,False,0,0.0
1789812461716,132,1524,1304.7303311804453,293.4491087989612,1308.9198802086648,281.76169739640005,0,1,main_file,0.7661947423136982,335,2,1.0,0.00020693828101962103,30.68825528880487,30.012164379247913,0.10009994730353355,0.24730002041906118,8.104600012302399,0.6800999981351197,9.04530001571402,0,True,on_screen,0.6577763963274916,-3.116718760033649,0.1337244211101305,False,False,0,0.0
1789812461749,133,1525,1303.985015560566,296.90042155959503,1308.1625821926534,284.0848666403925,0,1,main_file,0.7653967396322777,368,2,1.0,0.0002061130976890365,30.703117973309134,30.012308155842597,0.25749998167157173,0.23930001771077514,8.731600013561547,0.7111000013537705,9.692799998447299,0,True,on_screen,0.6577763963274916,-3.126197097926166,0.10766396555725387,False,False,0,0.0
1789812461781,134,1526,1304.3371225735789,298.7684566163937,1307.5999717909253,286.24438243138786,0,1,main_file,0.7648347429120244,400,2,1.0,0.00020687655638317905,30.74022981222442,30.01276417686244,0.11179997818544507,0.278000021353364,9.073499997612089,0.6948999944142997,10.059000051114708,0,True,on_screen,0.6577763963274916,-3.133073356232586,0.0763273037426339,False,False,0,0.0
1789812461813,135,1527,1307.1599613251376,302.74129687219346,1307.5302714592037,288.8575939304553,0,1,main_file,0.7651441978736346,432,2,1.0,0.00021087040176471193,30.807719405852104,30.01406055548334,0.09809999028220773,0.2563000307418406,8.387399953790009,0.6932000396773219,9.348699997644871,0,True,on_screen,0.6577763963274916,-3.135335710945725,0.04681646053865556,False,False,0,0.0
1789812461860,136,1528,1310.3996369131373,308.6424913701171,1308.0701886777256,292.58044031090367,0,1,main_file,0.766556172620596,479,2,1.0,0.0002058337748238482,29.82833080532228,30.004951013301408,0.0955999712459743,0.2457000082358718,9.493199991993606,0.7850999827496707,10.535200010053813,0,True,on_screen,0.6577763963274916,-3.13667907247347,0.0456296111972143,False,False,0,0.0
1789812461893,137,1529,1313.0262476324963,307.6957027714971,1308.8300748710474,294.8979832128468,0,1,main_file,0.7680916988227791,512,2,1.0,0.00020513183090625255,29.899958766306938,30.00630742787071,0.1259999698959291,0.28219999512657523,7.853700022678822,0.6587000098079443,8.820099988952279,0,True,on_screen,0.6577763963274916,-3.140997637918076,0.027495049793657394,False,False,0,0.0
1789812461924,138,1530,1311.9627830166085,309.07379474787774,1309.273276759919,296.90351521796515,0,1,main_file,0.7689851381908555,543,2,1.0,0.00020437087636179276,30.126503628906256,30.007718573606184,0.11339999036863446,0.23250002413988113,7.755099970381707,0.6615000311285257,8.659300045110285,0,True,on_screen,0.6577763963274916,-3.1296352922009874,0.028877015741546226,False,False,0,0.0
1789812461956,139,1531,1310.3498887951175,310.54865342862973,1309.4179667067565,298.7373367411737,0,1,main_file,0.7692947512734933,575,2,1.0,0.00020565383705282124,30.236365011924644,30.008245132884618,0.09650003630667925,0.2410999732092023,8.089400012977421,0.7191000040620565,9.063399978913367,0,True,on_screen,0.6577763963274916,-3.1149198519472634,0.03080046038026364,False,False,0,0.0
1789812461988,140,1532,1303.746309011855,322.93754949247864,1308.1154498274416,304.29500387964106,0,1,main_file,0.7668809060549769,607,2,1.0,0.00020736062417141092,30.31138989072724,30.00932610326675,0.10110001312568784,0.24749996373429894,7.372800027951598,0.6435000104829669,8.276599983219057,0,True,on_screen,0.6577763963274916,-3.1151514573797385,0.021211614110719267,False,False,0,0.0
1789812462020,141,1533,1304.1390060632223,324.9053671881732,1307.3333497913402,308.3487179124437,0,1,main_file,0.7651590893083504,639,2,1.0,0.0002090374474520429,30.42004718946228,30.010210871503237,0.09009998757392168,0.22439996246248484,7.375800050795078,0.6337000522762537,8.244299970101565,0,True,on_screen,0.6577763963274916,-3.12221018935071,0.010874000741788868,False,False,0,0.0
1789812462053,142,1534,1303.1408840815586,338.0009051998348,1306.1884786688795,316.4460847827133,0,1,main_file,0.7618213294473911,672,2,1.0,0.00021025733520296623,30.462976887695778,30.00927394160063,0.12429995695129037,0.2959000412374735,9.694900014437735,0.743500015232712,10.746799991466105,0,True,on_screen,0.6577763963274916,-3.1463065492536657,0.02219827298745138,False,False,0,0.0
1789812462084,143,1535,1306.046036674231,339.30788850463483,1306.1581885807975,321.307614910536,0,1,main_file,0.7605689423041486,703,2,1.0,0.00020960532283434245,30.608813778888127,30.011535261065774,0.09089999366551638,0.22029998945072293,7.978900044690818,0.6779000395908952,8.888399985153228,0,True,on_screen,0.6577763963274916,-3.1796866002350725,0.03207506766313162,False,False,0,0.0
1789812462117,144,1536,1307.74206512956,342.44872655760355,1306.4725463553407,325.5035687012131,0,1,main_file,0.7598376739306119,736,2,1.0,0.00020595560422449234,30.580229395818318,30.012121907763248,0.11059996904805303,0.3234000178053975,7.215099991299212,0.6810000049881637,8.230200037360191,0,True,on_screen,0.6577763963274916,-3.1981203965937084,0.02997302893934944,False,False,0,0.0
1789812462149,145,1537,1306.6971050371283,341.26872985088403,1306.5067080746783,327.90189508174154,0,1,main_file,0.7590659125118049,768,2,1.0,0.00020467856801783223,30.676273149036575,30.011300650828378,0.13010000111535192,0.2807000419124961,10.142599989194423,0.8088999893516302,11.246499954722822,0,True,on_screen,0.6577763963274916,-3.1989252011004226,0.040352742192887404,False,False,0,0.0
1789812462180,146,1538,1307.1650903385696,342.54928391087503,1306.600663709445,329.9921772636802,0,1,main_file,0.758445308004025,799,2,1.0,0.0002028253644785101,30.74975383060513,30.013738583951607,0.1351999817416072,0.2518999972380698,7.576000003609806,0.727499951608479,8.568699995521456,0,True,on_screen,0.6577763963274916,-3.1977291353595945,0.017548399936425187,False,False,0,0.0
1789812462212,147,1539,1311.5660543131612,342.30124788984017,1307.2504177914739,331.60290027091855,0,1,main_file,0.758922033826696,831,2,1.0,0.00020193334154648343,30.81771281549543,30.014843363939917,0.12530002277344465,0.26270002126693726,7.207799993921071,0.6975000142119825,8.182199962902814,0,True,on_screen,0.6577763963274916,-3.211663985905574,0.023236171677717875,False,False,0,0.0
1789812462260,148,1540,1311.5051855240463,342.55774148383205,1307.7609899193824,332.91748121646816,0,1,main_file,0.7592490138791551,879,2,1.0,0.00019979902748533222,29.829651818759316,30.00564934285568,0.11600001016631722,0.22340001305565238,8.534199965652078,0.6903000175952911,9.458099957555532,0,True,on_screen,0.6577763963274916,-3.2202526901325825,0.05089201485022504,False,False,0,0.0
1789812462292,149,1541,1309.6644347161114,344.21596562926703,1307.9894032949899,334.273299346004,0,1,main_file,0.7590498372451978,911,2,1.0,0.00019521960139951,29.96074849564833,30.0069273747325,0.09190000128000975,0.22990000434219837,7.612799992784858,0.6325999856926501,8.485400001518428,0,True,on_screen,0.6577763963274916,-3.222717059883422,0.06455323861004827,False,False,0,0.0
1789812462325,150,1542,1313.3188809098096,342.61569519897193,1308.6289406087683,335.27438684836017,0,1,main_file,0.7596907058707705,944,2,1.0,0.00019510120307721958,29.99867264056831,30.005039620767676,0.1577999792061746,0.31380000291392207,10.096599988173693,1.6601000097580254,12.084299989510328,0,True,on_screen,0.6577763963274916,-3.242069151226133,0.10245015936432152,False,False,0,0.0
1789812462356,151,1543,1661.639000522179,277.1260059474203,1555.7359825481558,294.57052021770227,0,1,main_file,0.7953086356453571,975,2,1.0,0.00017753209965937385,30.212224615682143,30.008245480187366,0.09539996972307563,0.22909999825060368,7.864799990784377,0.6933000404387712,8.798599999863654,0,True,on_screen,0.6577763963274916,-3.284180980972451,0.4020183534305931,False,False,0,0.0
1789812462388,152,1544,1996.7114311078476,185.22571262271117,1864.4187965399399,218.02915490120853,0,1,main_file,0.2363384610881768,1007,2,1.0,0.00016355457353592513,30.32114732892934,30.009374683781935,0.0847000046633184,0.2204999909736216,7.266400032676756,0.7408000528812408,8.239499991759658,0,True,on_screen,0.6577763963274916,-3.3060757123347173,0.757955612283237,False,False,0,0.0
1789812462420,153,1545,2123.8380415747506,153.01469182305996,2046.0122680643071,172.51903074650454,0,2,ai_agent,0.335305557976346,0,0,1.0,0.00013870814133012076,30.42740992787948,30.00951662958294,0.0961000332608819,0.25069998810067773,8.469499996863306,0.7234999793581665,9.455199993681163,0,True,on_screen,0.6577763963274916,-3.3178663829041852,1.0073720169209885,False,False,0,0.0
1789812462453,154,1546,2196.9648469607264,131.08469140539378,2151.6790732918007,143.514993207727,0,2,ai_agent,0.4814585181593447,32,0,1.0,0.0001230949874915111,30.449427282202393,30.01035429047366,0.11389999417588115,0.22159999934956431,7.793600030709058,0.6849999772384763,8.710800029803067,0,True,on_screen,0.6577763963274916,-3.3176065120325973,1.1469369747249454,False,False,0,0.0
1789812462484,155,1547,2222.2172078758663,120.201880410123,2197.62086130733,128.33106337395463,0,2,ai_agent,0.5311596251738588,63,0,1.0,0.0001206275250644779,30.58677573557572,30.01126299228413,0.08830003207549453,0.24209998082369566,8.063599991146475,0.7314999820664525,9.04819997958839,0,True,on_screen,0.6577763963274916,-3.3346421377580953,1.2879756800273463,False,False,0,0.0
1789812462516,156,1548,2235.888940427061,118.5223024283175,2211.190830681702,124.85284892748649,0,2,ai_agent,0.5450184630535176,95,0,1.0,0.00011276134994168442,30.63060499055133,30.01217074954807,0.1765000051818788,0.2586999908089638,7.662100018933415,0.6456999690271914,8.576499996706843,0,True,on_screen,0.6577763963274916,-3.3294008013049847,1.3901958612023715,False,False,0,0.0
1789812462549,157,1549,2239.592777051527,115.4629694736479,2218.9387363490678,122.29133785042984,0,2,ai_agent,0.5517980512261083,128,0,1.0,0.0001019911211904128,30.62733275235817,30.01270097204928,0.3035999834537506,0.25779998395591974,7.328299980144948,0.7054000161588192,8.302600006572902,0,True,on_screen,0.6577763963274916,-3.329012189816865,1.4911455716735424,False,False,0,0.0
1789812462580,158,1550,2239.037682939622,116.20941855556268,2222.8933257632198,121.09468341121102,0,2,ai_agent,0.5552572095052124,159,0,1.0,9.859842998864547e-05,30.743825146609414,30.013535465511303,0.09089999366551638,0.23030000738799572,7.7886999933980405,0.7023999933153391,8.732000016607344,0,True,on_screen,0.6577763963274916,-3.327548407347848,1.5395380155773402,False,False,0,0.0
1789812462612,159,1551,2240.2011320154324,118.70872285037841,2225.7779934571026,120.69701872462875,0,2,ai_agent,0.5583240879419031,191,0,1.0,9.65377935892419e-05,30.835492447530566,30.015044736405503,0.11719996109604836,0.2319000195711851,6.977699988055974,0.6473999819718301,7.866300002206117,0,True,on_screen,0.6577763963274916,-3.331038671508338,1.5063471495923106,False,False,0,0.0
1789812462660,160,1552,2237.7302996745225,131.9147832485991,2227.660012060871,122.46337587301187,0,2,ai_agent,0.5628791125402023,240,0,1.0,9.020679043019071e-05,29.82066617880166,30.00483168655459,0.1708000199869275,0.30049995984882116,9.355399990454316,0.7764000329189003,10.444399958942086,0,True,on_screen,0.6577763963274916,-3.3265345395863903,1.4781191331857815,False,False,0,0.0
1789812462692,161,1553,2231.8066697120407,138.89264048113657,2228.332490177111,125.12776773853506,0,2,ai_agent,0.5670772921304841,271,0,1.0,8.581438741743497e-05,30.00151501026761,30.006693405493813,0.12829998740926385,0.2888999879360199,7.980800000950694,0.6629999843426049,8.944600005634129,0,True,on_screen,0.6577763963274916,-3.3265493403590654,1.3732829819456007,False,False,0,0.0
1789812462724,162,1554,2226.9207667574274,150.66769263411658,2227.999577377189,131.1505961397929,0,2,ai_agent,0.5741855620103811,303,0,1.0,8.330966474384867e-05,30.135668478918443,30.007772766251566,0.10720000136643648,0.22600003285333514,7.585999963339418,0.6799999973736703,8.502600016072392,0,True,on_screen,0.6577763963274916,-3.322436664928887,1.335953663200904,False,False,0,0.0
1789812462758,163,1555,2214.202106972581,172.38254418172278,2222.6392691912315,147.1691808608237,0,2,ai_agent,0.586381606876127,337,0,1.0,8.138235509827507e-05,30.092175167633773,30.006367640683443,0.17820001812651753,0.2836999483406544,9.558100020512938,0.7305999752134085,10.584799980279058,0,True,on_screen,0.6577763963274916,-3.3084278821837643,1.387150314980452,False,False,0,0.0
1789812462788,164,1556,2207.9667491865794,183.7257223348842,2217.4506187348925,160.09668857874914,0,2,ai_agent,0.5936781825819084,368,0,1.0,7.931932760612756e-05,30.348946302001906,30.00873107502863,0.12199999764561653,0.26080000679939985,8.175100025255233,0.7609999738633633,9.20830003451556,0,True,on_screen,0.6577763963274916,-3.30191615561219,1.3721881160997547,False,False,0,0.0
1789812462820,165,1557,2200.4650008216795,192.94684312100767,2211.7930670466253,171.038383384319,0,2,ai_agent,0.596933770881634,399,0,1.0,7.798522699575643e-05,30.419429562077376,30.009325556940126,0.10659999679774046,0.26790000265464187,8.250900020357221,0.7707999902777374,9.301999991293997,0,True,on_screen,0.6577763963274916,-3.302625384657233,1.3318759178029513,False,False,0,0.0
1789812462852,166,1558,2197.4253083410367,200.04876069539324,2207.5722105962464,179.56084264261295,0,2,ai_agent,0.5989478383939579,431,0,1.0,7.805066972636429e-05,30.53833257678486,30.010121038532148,0.1385000068694353,0.27920003049075603,8.600900007877499,0.7200000109151006,9.611700021196157,0,True,on_screen,0.6577763963274916,-3.281733032351383,1.2882522509420233,False,False,0,0.0
1789812462884,167,1559,2186.2838456086834,215.39242846387165,2199.628667685926,192.9310446136085,0,2,ai_agent,0.5986429386421863,463,0,1.0,7.818000747868321e-05,30.609479787193088,30.01159887660225,0.09300000965595245,0.22390001686289907,7.454899954609573,0.6855000392533839,8.37539997883141,0,True,on_screen,0.6577763963274916,-3.26116820566142,1.3901782688101496,False,False,0,0.0
1789812462916,168,1560,2182.6245164110837,217.4413335887224,2195.0020264851155,199.60002273448723,0,2,ai_agent,0.5967349061807807,495,0,1.0,7.772114830754441e-05,30.659909804199874,30.011762186750392,0.09100005263462663,0.2305000089108944,8.27320001553744,0.7600000244565308,9.27319994661957,0,True,on_screen,0.6577763963274916,-3.2637530817688685,1.321586380038143,False,False,0,0.0
1789812462949,169,1561,2178.46828990647,222.28099773819326,2190.752073913525,205.43010642940237,0,2,ai_agent,0.5943279825895322,528,0,1.0,7.628444219787318e-05,30.640098917038213,30.01215061433057,0.3654999891296029,0.32160000409930944,8.025699993595481,0.7261999999172986,9.092100022826344,0,True,on_screen,0.6577763963274916,-3.2631015315978686,1.1752888561659875,False,False,0,0.0
1789812462981,170,1562,2259.3393427645365,189.27728630253972,2233.1843154436137,195.43699288957077,0,2,ai_agent,0.6521831281072514,560,0,1.0,7.091636472919549e-05,30.70679277346114,30.013334259582766,0.09929999941959977,0.35990000469610095,7.33689998742193,0.652400020044297,8.417599950917065,0,True,on_screen,0.6577763963274916,-3.2768387792646934,1.224115763040669,False,False,0,0.0
1789812463013,171,1563,2298.845859806079,176.82578993129698,2272.5657435639505,184.27466403101846,0,2,ai_agent,0.6958883349788391,592,0,1.0,6.696226598114537e-05,30.7808368084563,30.014170144838275,0.2201999886892736,0.27849996695294976,7.483399996999651,0.7130000158213079,8.48670001141727,0,True,on_screen,0.6577763963274916,-3.28031601335519,1.0751254936891674,False,False,0,0.0
1789812463060,172,1564,2354.145977852694,159.8715098196309,2329.6719075660712,167.19245608304715,0,2,ai_agent,0.7345070051858098,639,0,1.0,6.705954912554317e-05,29.812573499218914,30.005789275565515,0.1297999988310039,0.2867000293917954,7.979999994859099,0.6827999604865909,8.961100014857948,0,True,on_screen,0.6577763963274916,-3.294080119593076,1.1401009553557333,False,False,0,0.0
1789812463092,173,1565,2377.717574040934,153.7049256268153,2350.970044686648,161.2135761100723,0,2,ai_agent,0.7399605812665974,671,0,1.0,6.540398150624814e-05,29.981577302800883,30.00707047111482,0.07850001566112041,0.20180002320557833,7.382899988442659,0.7238999824039638,8.31780000589788,0,True,on_screen,0.6577763963274916,-3.304495261935841,1.1006140274678162,False,False,0,0.0
1789812463124,174,1566,2388.806757069548,144.59972560596353,2364.973893998226,155.06457836972513,0,2,ai_agent,0.7365769333137275,703,0,1.0,5.763267251602047e-05,30.0790401989098,30.00768420912536,0.14889996964484453,0.25889999233186245,7.299199991393834,0.7012999849393964,8.272100007161498,0,True,on_screen,0.6577763963274916,-3.3119523887145874,1.1394415554081474,False,False,0,0.0
1789812463156,175,1567,2384.7111874202924,147.01885044028447,2368.910389022418,153.45990202008764,0,2,ai_agent,0.7353507714148817,735,0,1.0,5.585147304502415e-05,30.209937095978077,30.00857728252247,0.12559996685013175,0.28760003624483943,7.223400054499507,0.6609000265598297,8.183600031770766,0,True,on_screen,0.6577763963274916,-3.2997297041684988,1.1634842643559984,False,False,0,0.0
1789812463189,176,1568,2387.1541491681414,147.5728758840119,2372.2153655066077,152.3934287280617,0,2,ai_agent,0.7346492804628322,768,0,1.0,5.2844822989389986e-05,30.205507335921176,30.008210939324016,0.12939999578520656,0.3176999744027853,7.956499990541488,0.7084999815560877,8.995099982712418,0,True,on_screen,0.6577763963274916,-3.3142474889429536,1.2147263556172594,False,False,0,0.0
1789812463220,177,1569,2387.7468651400327,148.17108493855318,2374.6216561063416,151.73926226575344,0,2,ai_agent,0.7342636388328809,799,0,1.0,4.7327052825707136e-05,30.428992445451737,30.00995756788191,0.11660001473501325,0.24940003640949726,7.516499958001077,0.674300012178719,8.450300025288016,0,True,on_screen,0.6577763963274916,-3.3241023215547614,1.2094450110956874,False,False,0,0.0
1789812463252,178,1570,2386.507614965308,147.64994580543708,2376.105732204946,151.2286718379725,0,2,ai_agent,0.733802823656281,832,0,1.0,4.08010515659165e-05,30.489938551310104,30.010485415130123,0.11770002311095595,0.2590999938547611,7.7179999789223075,0.6463999743573368,8.634299971163273,0,True,on_screen,0.6577763963274916,-3.335071532520601,1.233368339124632,False,False,0,0.0
1789812463284,179,1571,2386.020866540062,147.5479502816672,2377.29554832516,150.78698525121587,0,2,ai_agent,0.7333566495664114,863,0,1.0,3.874185829059844e-05,30.573924005990314,30.010894164744585,0.11209998046979308,0.24540000595152378,8.309299999382347,0.7575000054202974,9.324499987997115,0,True,on_screen,0.6577763963274916,-3.3150826823882085,1.2615873429269995,False,False,0,0.0
1789812463316,180,1572,2402.9872858844606,134.62404378427976,2384.400354208398,146.31727737880513,0,2,ai_agent,0.7270992725237359,895,0,1.0,2.8590308106167528e-05,30.630991104939802,30.01180237038942,0.12400001287460327,0.3310000174678862,7.926800055429339,0.6833000225014985,8.952100004535168,0,True,on_screen,0.6577763963274916,-3.306272508558351,1.2533267458246522,False,False,0,0.0
1789812463348,181,1573,2619.739714056695,63.557507591859725,2549.1379061022058,88.38543852794335,0,2,ai_agent,0.542632656838739,927,0,1.0,6.396620536102196e-06,30.72015910551777,30.013204245312988,0.0838999985717237,0.2072000061161816,7.237499987240881,0.6463999743573368,8.100999984890223,0,True,on_screen,0.6577763963274916,-3.2899751392156418,1.294522889182017,False,False,0,0.0
1789812463381,182,1574,2730.105367682365,26.279106452400782,2675.815129208317,44.911006075063554,0,2,ai_agent,0.3362790258013151,960,0,1.0,-3.0240719918021852e-05,30.670332108511396,30.010850218883125,0.1210999907925725,0.32570003531873226,10.380699997767806,1.7268999945372343,12.444899999536574,0,True,on_screen,0.6577763963274916,-3.2476402400568247,1.256282386782,False,False,0,0.0
1789812463413,183,1575,2792.5288621246286,9.781476197947836,2757.5147422497353,20.320335161082554,0,2,ai_agent,0.19808767526524595,993,0,1.0,-5.183307096964969e-05,30.733551852904377,30.01332002576301,0.16959995264187455,0.35740004386752844,8.407700050156564,0.7244999869726598,9.501199994701892,0,True,on_screen,0.6577763963274916,-3.2171211175082703,1.2341214746510079,False,False,0,0.0
1789812463460,184,1576,2894.3041988487767,-13.106663301051132,2853.267361869064,-3.078563762411024,-1,-1,off_screen,0.0,0,2,1.2,-6.630049707406598e-05,29.780358986996177,30.003121105144764,0.14859996736049652,0.29910000739619136,12.326100026257336,0.8659000159241259,13.50330002605915,0,True,gaze_outside_screen,0.6577763963274916,-3.1595101207560106,1.23450443872862,False,False,0,0.0
1789812463492,185,1577,3097.9112916353924,-76.32619934875682,3024.518112705494,-54.35190867285308,-1,-1,off_screen,0.0,32,2,1.2,-8.77857655370868e-05,29.930470787489448,30.006981941594994,0.16039999900385737,0.2609000075608492,7.177199993748218,0.6526000215671957,8.102399995550513,0,True,gaze_outside_screen,0.6577763963274916,-3.12364375853781,1.2288777924045047,False,False,0,0.0
1789812463524,186,1578,3168.0000000000005,-101.80825917779248,3124.9554338116486,-87.57135402631066,-1,-1,off_screen,0.0,63,2,1.2,-9.587381858657505e-05,30.08703992572383,30.007471974644293,0.11000002268701792,0.22300001000985503,7.866200001444668,0.7190000033006072,8.819399983622134,0,True,gaze_outside_screen,0.6577763963274916,-3.0891841104879063,1.2827141902283092,False,False,0,0.0
1789812463556,187,1579,3168.0000000000005,-108.097382142215,3143.223474000217,-96.28256521362391,-1,-1,off_screen,0.0,95,2,1.2,-0.00011215083768807699,30.161083033577835,30.00555927573696,0.11929997708648443,0.26870000874623656,11.9016999960877,0.8757999748922884,13.06030002888292,0,True,gaze_outside_screen,0.6577763963274916,-3.060358275940672,1.296220671944024,False,False,0,0.0
1789812463588,188,1580,3168.0000000000005,-116.58427059359403,3150.429958829801,-102.18750652124366,-1,-1,off_screen,0.0,128,2,1.2,-0.00012015154720834177,30.29327213020817,30.00877042405171,0.15199999324977398,0.28680003015324473,7.998399960342795,0.6925000343471766,8.989299996756017,0,True,gaze_outside_screen,0.6577763963274916,-3.0201072348836533,1.3409234355757076,False,False,0,0.0
1789812463621,189,1581,3168.0000000000005,-114.89543513596314,3153.989635205468,-104.76212275778428,-1,-1,off_screen,0.0,161,2,1.2,-0.00012026376893519049,30.341256208855775,30.009808310081592,0.12019998393952847,0.2525000018067658,7.074000022839755,0.6591000128537416,7.994899991899729,0,True,gaze_outside_screen,0.6577763963274916,-2.9729247946925454,1.354538712050586,False,False,0,0.0
1789812463653,190,1582,3168.0000000000005,-108.04009210589997,3155.95633201515,-105.22226579857723,-1,-1,off_screen,0.0,193,2,1.2,-0.00012160269677184178,30.42357982698274,30.007296230471823,0.13729999773204327,0.3208999987691641,12.15220004087314,1.1547000030986965,13.642799982335418,0,True,gaze_outside_screen,0.6577763963274916,-2.895530066761154,1.311003627868688,False,False,0,0.0
1789812463684,191,1583,3168.0000000000005,-107.42917539189007,3157.4266575274128,-105.49169164810964,-1,-1,off_screen,0.0,223,2,1.2,-0.00011860653808356755,30.588539662573282,30.011732710580453,0.10090001160278916,0.21329999435693026,7.12060002842918,0.6465999758802354,7.990800018887967,0,True,gaze_outside_screen,0.6577763963274916,-2.849785669615528,1.2740352514592996,False,False,0,0.0
1789812463716,192,1584,3168.0000000000005,-109.98631676791628,3158.695458624123,-106.03104666248643,-1,-1,off_screen,0.0,256,2,1.2,-0.00012223547078903975,30.636539723838176,30.011968295514148,0.09900005534291267,0.24009996559470892,7.6698000193573534,0.7896999595686793,8.709999965503812,0,True,gaze_outside_screen,0.6577763963274916,-2.8353373205083017,1.2312182807399406,False,False,0,0.0
1789812463748,193,1585,3168.0000000000005,-112.38338027769684,3159.8120035892284,-106.79332669631168,-1,-1,off_screen,0.0,287,2,1.2,-0.00012442666596925757,30.69782716340433,30.012668110547352,0.12669997522607446,0.27570000384002924,7.816799974534661,0.6914000259712338,8.798199996817857,0,True,gaze_outside_screen,0.6577763963274916,-2.828969226101975,1.2001592099895881,False,False,0,0.0
1789812463780,194,1586,3168.0000000000005,-116.64355357096554,3160.851062125073,-108.04332264167472,-1,-1,off_screen,0.0,319,2,1.2,-0.00012745703955617874,30.745727634694276,30.013103312168468,0.1156999496743083,0.23790000705048442,8.300299989059567,0.7269000052474439,9.276000026147813,0,True,gaze_outside_screen,0.6577763963274916,-2.7963658883782045,1.2099271157127098,False,False,0,0.0
1789812463812,195,1587,3168.0000000000005,-116.31745582866384,3161.708934670064,-109.03621862411342,-1,-1,off_screen,0.0,351,2,1.2,-0.0001330252964616748,30.779486440020783,30.012792030663604,0.2457000082358718,0.361700018402189,9.8658999777399,0.7297000265680254,10.971600015182048,0,True,gaze_outside_screen,0.6577763963274916,-2.794273416335784,1.122634793623494,False,False,0,0.0
1789812463860,196,1588,3168.0000000000005,-121.65654416092222,3162.576622927577,-110.7768631254778,-1,-1,off_screen,0.0,399,2,1.2,-0.00013749148424565573,29.784671496287395,30.005953271857383,0.1642999704927206,0.2539000124670565,7.4183999677188694,0.6627000402659178,8.345099980942905,0,True,gaze_outside_screen,0.6577763963274916,-2.7849208576431295,1.1790291087376283,False,False,0,0.0
1789812463892,197,1589,3168.0000000000005,-117.52320695866086,3163.2274281762675,-111.58642438545976,-1,-1,off_screen,0.0,431,2,1.2,-0.00013687718506487194,29.957756171678707,30.005401519914667,0.09599997429177165,0.22990000434219837,9.881799982395023,0.792600039858371,10.915399994701147,0,True,gaze_outside_screen,0.6577763963274916,-2.7895545811668114,1.2047301662947993,False,False,0,0.0
1789812463924,198,1590,3168.0000000000005,-118.72893652883886,3163.800136795115,-112.44352584266525,-1,-1,off_screen,0.0,463,2,1.2,-0.00013805697581629854,30.075169892499133,30.007679927818536,0.11179997818544507,0.2660999889485538,7.1835999842733145,0.6365000153891742,8.097700017970055,0,True,gaze_outside_screen,0.6577763963274916,-2.791087560994157,1.1838436820014402,False,False,0,0.0
1789812463956,199,1591,3168.0000000000005,-113.9832059631542,3164.304120379701,-112.62828745712393,-1,-1,off_screen,0.0,496,2,1.2,-0.0001353958207456589,30.18138508344674,30.008417351651733,0.166199984960258,0.2597999991849065,7.035399961750954,0.6969000096432865,8.003900002222508,0,True,gaze_outside_screen,0.6577763963274916,-2.7959633219440434,1.043216918571693,False,False,0,0.0
1789812463988,200,1592,3168.0000000000005,-109.563347880281,3164.747625934137,-112.26049470790278,-1,-1,off_screen,0.0,527,2,1.2,-0.00013736422986161158,30.31120701396056,30.00900477491911,0.13379997108131647,0.2408000291325152,7.559699995908886,0.7098999922163785,8.522799995262176,0,True,gaze_outside_screen,0.6577763963274916,-2.8080012945800377,1.0933023823879409,False,False,0,0.0
1789812464020,201,1593,3168.0000000000005,-77.82241407452925,3165.764612927886,-101.49202853993873,-1,-1,off_screen,0.0,559,2,1.2,-0.0001285036511795342,30.395516101843697,30.009920906872484,0.10229996405541897,0.2117999829351902,7.249000016599894,0.65769994398579,8.127300010528415,0,True,gaze_outside_screen,0.6577763963274916,-2.824730765762297,1.1267030007361565,False,False,0,0.0
1789812464052,202,1594,3001.9937198535445,14.777266468299276,3051.1249877758473,-20.10352203417213,-1,-1,off_screen,0.0,592,2,1.2,-0.00010036442114908992,30.480281047255303,30.008834702603192,0.10099995415657759,0.25560002541169524,9.996599983423948,1.0994999902322888,11.365200043655932,0,True,gaze_outside_screen,0.6577763963274916,-2.8869682601293505,1.1056819997680853,False,False,0,0.0
1789812464085,203,1595,2879.2568924821635,76.22353208203994,2930.8173210702685,47.325415847176316,-1,-1,off_screen,0.0,625,2,1.2,-6.154522394617896e-05,30.49428980842256,30.01069545436676,0.17010001465678215,0.2637000288814306,7.748599979095161,0.7123000104911625,8.735199982766062,0,True,gaze_outside_screen,0.6577763963274916,-2.921430469470806,1.1085170832483289,False,False,0,0.0
1789812464116,204,1596,2800.0237441988284,129.34066394911616,2839.2618172602606,104.7360895185342,0,2,ai_agent,0.15075318153408956,0,1,1.4,-5.187534434588324e-05,30.625876523553384,30.011605239528095,0.09739998495206237,0.2592999953776598,8.086799993179739,0.6517000147141516,9.007899963762611,0,True,on_screen,0.6577763963274916,-2.948823542792468,1.1212258788413783,False,False,0,0.0
1789812464148,205,1597,2750.014963945032,163.50368895386796,2776.7890199396006,145.87340912326783,0,2,ai_agent,0.2808032389145295,32,1,1.4,-5.08948638814552e-05,30.665535829708404,30.01231264053294,0.10270002530887723,0.25779998395591974,7.824000029359013,0.7459000335074961,8.839700021781027,0,True,on_screen,0.6577763963274916,-2.9835149414714977,1.1110797122609444,False,False,0,0.0
1789812464180,206,1598,2750.4442418696854,172.0894098419772,2767.9726652242935,154.6466681326811,0,2,ai_agent,0.30103636233150555,64,1,1.4,-5.712115713816211e-05,30.769549239527027,30.01289579760053,0.07589999586343765,0.20180002320557833,8.636599988676608,0.7380999741144478,9.58439998794347,0,True,on_screen,0.6577763963274916,-2.994564974264165,1.1337923892759054,False,False,0,0.0
1789812464212,207,1599,2741.041364554489,185.34394890819948,2758.1169348607114,165.88058980353065,0,2,ai_agent,0.3244141691752924,95,1,1.4,-6.163339223013917e-05,30.77933798624178,30.01386020918831,0.10850001126527786,0.25530002312734723,7.832299976143986,0.6959000020287931,8.79500003065914,0,True,on_screen,0.6577763963274916,-2.981420176144411,1.1258058352262272,False,False,0,0.0
1789812464244,208,1600,2744.598629708217,189.69809545756627,2754.7206303935964,171.86443910533546,0,2,ai_agent,0.3336952115300257,128,1,1.4,-6.554090494610872e-05,30.877207109126765,30.015194648284037,0.08929998148232698,0.2237000153400004,7.373499975074083,0.6467999774031341,8.254699991084635,0,True,on_screen,0.6577763963274916,-2.9904005522008674,1.1083046233597686,False,False,0,0.0
1789812464294,209,1601,2743.390244690299,194.36101191991418,2752.0864026154345,177.09471974832914,0,2,ai_agent,0.34117310299780235,177,1,1.4,-7.694319794281264e-05,29.794318042390962,30.0041816008948,0.14910002937540412,0.28929999098181725,10.199600015766919,0.7687000324949622,11.270200018770993,0,True,on_screen,0.6577763963274916,-3.0022615004724855,1.047831117169355,False,False,0,0.0
1789812464324,210,1602,2739.7816124292926,198.05588466606383,2749.3182880351196,181.810192775615,0,2,ai_agent,0.3485057583984622,207,1,1.4,-7.757858560707154e-05,30.096145980886426,30.00713000878618,0.15360000543296337,0.2555000246502459,7.895599992480129,0.713599962182343,8.876500010956079,0,True,on_screen,0.6577763963274916,-3.0034605976329942,1.0415612142247814,False,False,0,0.0
1789812464356,211,1603,2729.1719794268547,205.97349859348324,2743.5567788174503,188.7204963903377,0,2,ai_agent,0.36200613803923554,240,1,1.4,-7.666964526613536e-05,30.239106560961524,30.007779989646707,0.1173000200651586,0.25320000713691115,8.341900014784187,0.7190000033006072,9.324699989520013,0,True,on_screen,0.6577763963274916,-3.0015445142651913,1.0346967921320016,False,False,0,0.0
1789812464388,212,1604,2735.880561320843,199.87855325223953,2742.5345738092137,190.20636122043976,0,2,ai_agent,0.3645300740780102,272,1,1.4,-7.733814943621485e-05,30.324813018722427,30.00738466024488,0.0990999978967011,0.2519999979995191,10.093199962284416,0.8385000401176512,11.195399973075837,0,True,on_screen,0.6577763963274916,-3.0188728458053617,0.9859403419145591,False,False,0,0.0
1789812464420,213,1605,2740.816622231658,194.5347535716121,2742.3284196199074,190.72576830258043,0,2,ai_agent,0.3651565298735544,304,1,1.4,-8.028509120967808e-05,30.392434021727034,30.00898856150327,0.13180001405999064,0.2694000140763819,8.406099979765713,0.7165999850258231,9.404600015841424,0,True,on_screen,0.6577763963274916,-3.0393625296955236,0.9455432820301723,False,False,0,0.0
1789812464452,214,1606,2744.659039114681,192.67243854779466,2742.6080939592803,190.95936873200614,0,2,ai_agent,0.3648111025560016,335,1,1.4,-8.003267893046291e-05,30.511540824268458,30.010376919363672,0.08769996929913759,0.22300001000985503,7.662899966817349,0.6934000412002206,8.590099983848631,0,True,on_screen,0.6577763963274916,-3.050308792909675,0.950762052082957,False,False,0,0.0
1789812464484,215,1607,2745.2775834533295,188.05411665829158,2742.928432698566,190.6107384831604,0,2,ai_agent,0.36408489835097557,368,1,1.4,-8.032694919367714e-05,30.53965005729146,30.009458338892117,0.12530002277344465,0.27279998175799847,9.88530000904575,0.9032999514602125,11.076199996750802,0,True,on_screen,0.6577763963274916,-3.0513202158916783,0.9590370004709977,False,False,0,0.0
1789812464517,216,1608,2743.728863536919,188.1634787897186,2743.0244843991686,190.31706731994737,0,2,ai_agent,0.3637654107034166,401,1,1.4,-7.987486251395497e-05,30.578739595648624,30.011593377736965,0.15480001457035542,0.37180003710091114,7.211500022094697,0.659200013615191,8.255999942775816,0,True,on_screen,0.6577763963274916,-3.0592436643228496,0.9216754377380166,False,False,0,0.0
1789812464548,217,1609,2736.9440923542784,191.41652951202462,2742.2948373537815,190.44900278299664,0,2,ai_agent,0.36506417826483584,432,1,1.4,-8.01507420024241e-05,30.725470016872862,30.012679153852805,0.11289998656138778,0.22820004960522056,7.551600050646812,0.6416999967768788,8.43180000083521,0,True,on_screen,0.6577763963274916,-3.0506084086614464,0.933438452224996,False,False,0,0.0
1789812464580,218,1610,2726.948045441487,200.34871020226043,2739.6334332528713,192.16578646482486,0,2,ai_agent,0.37046505038746835,463,1,1.4,-7.612682590332244e-05,30.749262517822288,30.01216939409753,0.12770004104822874,0.2967000473290682,9.280899947043508,0.7760000298731029,10.366199945565313,0,True,on_screen,0.6577763963274916,-3.047469322622021,0.8835927703259518,False,False,0,0.0
1789812464612,219,1611,2726.140712131783,197.95308720915958,2737.705706630644,192.99262736782515,0,2,ai_agent,0.37415295329500675,496,1,1.4,-7.823115693323009e-05,30.828223906971676,30.014077943991573,0.125700025819242,0.23669999791309237,7.6499999850057065,0.6677999626845121,8.565599971916527,0,True,on_screen,0.6577763963274916,-3.0490102852569407,0.8450921422921721,False,False,0,0.0
1789812464644,220,1612,2718.476951722095,197.5212981997273,2734.126384267204,193.8356134510311,0,2,ai_agent,0.3806306879753535,528,1,1.4,-8.015773573720984e-05,30.882685947217986,30.01472872268403,0.08079997496679425,0.21249998826533556,7.890400011092424,0.7313999813050032,8.844299998600036,0,True,on_screen,0.6577763963274916,-3.034210838536751,0.8596316861428934,False,False,0,0.0
1789812464692,221,1613,2724.8989877092013,188.70082658713213,2733.0190966802434,193.21943902736322,0,2,ai_agent,0.3821632546290443,575,1,1.2,-8.010870260831589e-05,29.859679640531915,30.00572011712689,0.15839998377487063,0.30289997812360525,8.872799982782453,0.6884000031277537,9.875599993392825,0,True,on_screen,0.6577763963274916,-3.025996892381613,0.9206823147944369,False,False,0,0.0
1789812464724,222,1614,2735.6943930670295,186.6092311788081,2733.3401322466575,192.42621408553663,0,2,ai_agent,0.3811942072161373,608,1,1.2,-8.204076727476826e-05,29.979957713849082,30.00721634512603,0.1493000308983028,0.317899975925684,7.292299997061491,0.706499966327101,8.327399962581694,0,True,on_screen,0.6577763963274916,-3.0185245224141966,0.9492286105719853,False,False,0,0.0
1789812464756,223,1615,2747.398142873919,192.69137740053714,2735.274162330782,192.46269391486774,0,2,ai_agent,0.3779613574666033,640,1,1.2,-8.398020986591717e-05,30.149977660072405,30.00762253071862,0.09240000508725643,0.2484000287950039,8.336599974427372,0.7609999738633633,9.358600014820695,0,True,on_screen,0.6577763963274916,-3.0151200816929418,0.9089661849494269,False,False,0,0.0
1789812464788,224,1616,2762.801998377465,189.9021325873953,2742.2512815224154,191.81370205263184,0,2,ai_agent,0.3658682965061054,672,1,1.2,-9.045571139689769e-05,30.254754271281136,30.00822849395407,0.09980000322684646,0.25260000256821513,8.580399968195707,0.6977000157348812,9.542300016619265,0,True,on_screen,0.6577763963274916,-3.0029491129061228,0.9354085052116992,False,False,0,0.0
1789812464820,225,1617,2774.5135597718936,193.87458171208436,2751.716588021837,192.41833565861276,0,2,ai_agent,0.35021761831660314,703,1,1.2,-8.907061965473563e-05,30.353341623229035,30.009387760507988,0.21030002972111106,0.2571999793872237,7.808600028511137,0.6983000203035772,8.77549999859184,0,True,on_screen,0.6577763963274916,-2.99563639507889,0.9566791427347251,False,False,0,0.0
1789812464852,226,1618,2767.3609426009975,214.56011241659357,2755.6102737785013,197.92914918265797,0,2,ai_agent,0.3463892533583477,736,1,1.2,-9.14571372841854e-05,30.4325833639871,30.008135821392536,0.12310000602155924,0.2853000187315047,11.232500022742897,0.7107999990694225,12.240499956533313,0,True,on_screen,0.6577763963274916,-2.9759736506803733,1.0895654874222813,False,False,0,0.0
1789812464884,227,1619,2779.5554417513763,212.9928930025971,2761.810601862851,201.82973380031524,0,2,ai_agent,0.33769141510210754,768,1,1.2,-9.372708236446772e-05,30.563192672959637,30.010970984067097,0.09440002031624317,0.21949998335912824,8.055799989961088,0.6748000159859657,8.96070001181215,0,True,on_screen,0.6577763963274916,-2.973774190157343,1.026025730939364,False,False,0,0.0
1789812464916,228,1620,2792.3608440356948,198.9510519704427,2770.345634018343,201.02549657547146,0,2,ai_agent,0.3227620883116268,799,1,1.2,-9.437603296888995e-05,30.597356572548847,30.01129575155837,0.12919999426230788,0.3074000123888254,8.349499956239015,0.6712999893352389,9.340199991129339,0,True,on_screen,0.6577763963274916,-2.955671417379591,1.083623944116663,False,False,0,0.0
1789812464951,229,1621,2810.398924631514,187.57271781863042,2785.48709802249,195.93990280317144,0,2,ai_agent,0.29459725741532083,835,1,1.2,-0.00010193092109452885,30.44142373552085,30.011276186243588,0.16489997506141663,0.24480000138282776,7.31469999300316,0.6883000023663044,8.25860002078116,0,True,on_screen,0.6577763963274916,-2.9521201713731955,1.090810251435107,False,False,0,0.0
1789812464980,230,1622,2822.089716848726,182.6420487228903,2798.291094501767,191.28816797419205,0,2,ai_agent,0.27061400648642864,864,1,1.2,-0.00010329427818177306,30.800829898183615,30.013473736711106,0.09460002183914185,0.23359997430816293,7.3355999775230885,0.6614000303670764,8.241200004704297,0,True,on_screen,0.6577763963274916,-2.943647991785383,1.1427773934304404,False,False,0,0.0
1789812465012,231,1623,2826.654085462395,188.28716596021587,2805.6914832150487,190.50515529885067,0,2,ai_agent,0.257634149856077,896,1,1.2,-9.911826577033676e-05,30.835196713658178,30.01404196691191,0.13800000306218863,0.2584999892860651,7.4492000276222825,0.707399973180145,8.42730002477765,0,True,on_screen,0.6577763963274916,-2.9283376871805444,1.1539117784371686,False,False,0,0.0
1789812465044,232,1624,2833.9498434628895,191.1657236283206,2813.0030539874842,190.67607081017508,0,2,ai_agent,0.24523311778177714,927,1,1.2,-9.924923690237362e-05,30.875281181790996,30.01458549911358,0.10040000779554248,0.26599998818710446,7.814200012944639,0.6585000082850456,8.751000044867396,0,True,on_screen,0.6577763963274916,-2.910248387757065,1.2255272214288455,False,False,0,0.0
1789812465092,233,1625,2846.9260696040506,192.49130258300443,2823.4311374915915,191.2340810036182,0,2,ai_agent,0.22765505874714764,976,1,1.2,-9.979168952079127e-05,29.878753397804495,30.006361921178023,0.11630001245066524,0.23710000095888972,8.091900032013655,0.7422999478876591,9.081900003366172,0,True,on_screen,0.6577763963274916,-2.899848873558682,1.2270851885597622,False,False,0,0.0
1789812465124,234,1626,2854.275920522852,188.18092379595825,2832.1300027046345,190.373027677461,0,2,ai_agent,0.2123883423428079,1008,1,1.0,-0.00010057862530149855,29.99593775282649,30.007127800126316,0.12889999197795987,0.25430001551285386,7.840899983420968,0.7121000089682639,8.819499984383583,0,True,on_screen,0.6577763963274916,-2.8975458940001033,1.2370890751103538,False,False,0,0.0
1789812465157,235,1627,2855.140712474258,189.4965786600544,2837.05561066642,190.18541746024226,0,2,ai_agent,0.2038700635984323,1041,1,1.0,-0.00010116456650680235,30.077599771162653,30.007763323780598,0.11760002234950662,0.29659998835995793,7.571799971628934,0.6636999896727502,8.542299969121814,0,True,on_screen,0.6577763963274916,-2.9044993089030413,1.1877298325050671,False,False,0,0.0
1789812465188,236,1628,2859.326579452417,184.70343354700083,2841.80546121753,189.0162449576136,0,2,ai_agent,0.19522830013455594,1072,1,1.0,-0.00010279205709548371,30.239321492432325,30.008321761079245,0.10329997166991234,0.2655999851413071,8.25400004396215,0.7745000184513628,9.306600026320666,0,True,on_screen,0.6577763963274916,-2.909227455112301,1.2071164997032164,False,False,0,0.0
1789812465220,237,1629,2861.2851663381753,185.363314078871,2845.4421981586474,188.3342660165673,0,2,ai_agent,0.18870337737492437,1104,1,1.0,-0.00010790062448877251,30.334161542281233,30.00905859081028,0.10030000703409314,0.24510000366717577,8.278299996163696,0.6980000180192292,9.233899996615946,0,True,on_screen,0.6577763963274916,-2.909164752970355,1.217781701933327,False,False,0,0.0
1789812465252,238,1630,2861.0667350758135,186.94336032442632,2847.8084120678427,188.12362422842529,0,2,ai_agent,0.18455779064403932,1136,1,1.0,-0.00010856056759195147,30.428315861904924,30.01016567667187,0.09439996210858226,0.2440999960526824,7.689799997024238,0.6351000047288835,8.579600020311773,0,True,on_screen,0.6577763963274916,-2.9110246163335773,1.2325251859181932,False,False,0,0.0
1789812465284,239,1631,2843.590935968941,192.04566735849346,2847.302314935974,188.59426940403347,0,2,ai_agent,0.18562655197468858,1167,1,1.0,-0.00011411271583044828,30.472875984872758,30.0101217461789,0.12139999307692051,0.28410000959411263,8.5947000188753,0.6986000225879252,9.591399983037263,0,True,on_screen,0.6577763963274916,-2.923827172771496,1.214980470332622,False,False,0,0.0
1789812465316,240,1632,2834.6828348646977,203.88851852235229,2844.9453541652774,191.450801130027,0,2,ai_agent,0.19087735596793076,1200,1,1.0,-0.00012030991802196127,30.616724684095875,30.012109113685188,0.09109999518841505,0.22330001229420304,7.079500006511807,0.6626000395044684,7.975699962116778,0,True,on_screen,0.6577763963274916,-2.9294670425063885,1.2891195166066027,False,False,0,0.0
1789812465348,241,1633,2830.5416252974514,201.3161432164823,2842.546324933322,193.0939342565825,0,2,ai_agent,0.19568082968879563,1232,1,1.0,-0.00012036030816804655,30.667417955417136,30.012062276047327,0.09750004392117262,0.24480000138282776,8.173500013072044,0.8205000194720924,9.250699949916452,0,True,on_screen,0.6577763963274916,-2.9439462657293802,1.3015501457681942,False,False,0,0.0
1789812465381,242,1634,2826.8162504754287,203.8634842024592,2839.711013353761,195.03512212253577,0,2,ai_agent,0.20135218666070975,1265,1,1.0,-0.000125820803944977,30.589685574517752,30.011597609077207,0.3404999733902514,0.6909999647177756,8.456500014290214,0.7890000124461949,9.957499976735562,0,True,on_screen,0.6577763963274916,-2.936302335981452,1.287187525640055,False,False,0,0.0
1789812465412,243,1635,2820.369527372728,215.0552910748146,2834.777376455274,200.14187784718683,0,2,ai_agent,0.21189592924957756,1296,1,1.0,-0.00013141863217105455,30.774689718325565,30.01375522142469,0.13589998707175255,0.30700000934302807,7.543799991253763,0.674000009894371,8.535300032235682,0,True,on_screen,0.6577763963274916,-2.944795440377362,1.3315738595509856,False,False,0,0.0
1789812465444,244,1636,2825.8510457110756,215.71751065191012,2833.25304172775,202.80170288255616,0,2,ai_agent,0.21556236272774176,1328,1,1.0,-0.0001362918674732861,30.839197235386738,30.014207709568392,0.11870003072544932,0.2986000035889447,8.133299998007715,0.7628999883309007,9.204500005580485,0,True,on_screen,0.6577763963274916,-2.9546487466730866,1.3001565932989134,False,False,0,0.0
1789812465492,245,1637,2820.187899873731,215.37934372334146,2831.0015012501126,204.96923139335462,0,2,ai_agent,0.22027658425447927,1376,1,1.0,-0.00013204837955092634,29.83997023837778,30.00636202697569,0.12420001439750195,0.2641999744810164,7.879799988586456,0.6580000044777989,8.81400000071153,0,True,on_screen,0.6577763963274916,-2.9547922416637675,1.2654278644258252,False,False,0,0.0
1789812465524,246,1638,2814.091653740728,226.90401784512213,2826.7084445194578,210.53801505979413,0,2,ai_agent,0.2297601112738017,1407,1,1.0,-0.00013619515563069624,30.020309874218174,30.007255820422913,0.08060003165155649,0.20920002134516835,7.965700002387166,0.7276000105775893,8.912199991755188,0,True,on_screen,0.6577763963274916,-2.9592294405372,1.2071576430590372,False,False,0,0.0
1789812465556,247,1639,2793.3601363665043,234.80958444219374,2814.3879203508186,219.50514034288489,0,2,ai_agent,0.25423214259345683,1440,1,1.0,-0.00012548195036389022,30.10310862170736,30.007498194579473,0.12179999612271786,0.2565999748185277,8.402600011322647,0.707999977748841,9.379600000102073,0,True,on_screen,0.6577763963274916,-2.951147729977322,1.1812823610533045,False,False,0,0.0
1789812465589,248,1640,2423.8587885150664,359.46315694857867,2541.0175280657922,317.4757519668705,0,2,ai_agent,0.748963788364276,1473,1,1.0,-8.005823428780534e-05,30.15722739337404,30.00842601837786,0.1542000100016594,0.25129999266937375,7.453500002156943,0.666300009470433,8.382100029848516,0,True,on_screen,0.6577763963274916,-2.990539723785929,1.178461706324717,False,False,0,0.0
1789812465620,249,1641,2263.6663679930853,401.9432825810156,2346.871716014897,376.6030233967721,0,2,ai_agent,0.8353053201972471,1503,1,1.0,-3.737269617222656e-05,30.32317821110692,30.00807716498769,0.11710001854225993,0.2788000274449587,9.772799967322499,0.846700044348836,10.912099969573319,0,True,on_screen,0.6577763963274916,-2.9693361594862893,1.1510813190175293,False,False,0,0.0
1789812465652,250,1642,2196.190962898699,406.5484457564808,2241.3951888335587,397.5648190485682,0,2,ai_agent,0.6710286335733813,1536,1,1.0,-1.8718266958836147e-05,30.447157046301975,30.009894072028526,0.11309998808428645,0.24890003260225058,8.243999967817217,0.7374000269919634,9.24069999018684,0,True,on_screen,0.6577763963274916,-2.968994112822287,1.0941570425355054,False,False,0,0.0
1789812465684,251,1643,2134.7131828711726,417.09321416324036,2166.7177846598884,411.2346956288387,0,2,ai_agent,0.5434149806933253,1568,1,1.0,-3.1056719400936184e-06,30.5151945997781,30.009645187648108,0.12100004823878407,0.2698999596759677,9.946400008630008,0.6643999950028956,10.890999983530492,0,True,on_screen,0.6577763963274916,-2.9817695139919635,1.1115718757304822,False,False,0,0.0
1789812465716,252,1644,2077.9226958080426,436.39095893937764,2104.5612224635966,428.84407994621597,0,2,ai_agent,0.43058370281052993,1600,1,1.0,1.7602104298989826e-05,30.596212808342038,30.01080273895816,0.10110001312568784,0.25379995349794626,9.166400006506592,0.7468999829143286,10.177899966947734,0,True,on_screen,0.6577763963274916,-3.005057997700902,1.091651679360673,False,False,0,0.0
1789812465748,253,1645,2044.164357628539,440.97093390459554,2071.7609935140986,435.4299116339742,0,2,ai_agent,0.3726925084426993,1631,1,1.0,2.993487609467306e-05,30.668726925880687,30.01284980553626,0.08919998072087765,0.21680002100765705,6.945899978745729,0.6609999691136181,7.833399984519929,0,True,on_screen,0.6577763963274916,-3.0173726881700134,1.0495182802530283,False,False,0,0.0
1789812465780,254,1646,2008.5918915774685,460.5240719468832,2034.0238085098167,450.421148508061,0,2,ai_agent,0.3009613015554543,1664,1,1.0,5.7538511674528475e-05,30.668473470648596,30.012784881131182,0.11720001930370927,0.24620001204311848,7.682399998884648,0.7211999618448317,8.661900006700307,0,True,on_screen,0.6577763963274916,-3.045330541730408,1.0410065258731274,False,False,0,0.0
1789812465813,255,1647,1982.0133615960708,461.5407295576129,2009.5117615325876,455.6617051505706,0,2,ai_agent,0.257346360465475,1697,1,0.8,7.741826647711218e-05,30.69558979987104,30.01317507317025,0.26160001289099455,0.4102999810129404,7.770399970468134,0.6976000149734318,8.946500020101666,0,True,on_screen,0.6577763963274916,-3.078533977421131,1.0684305137916854,False,False,0,0.0
1789812465844,256,1648,1880.5429449698936,574.7143453862799,1919.2335899387017,538.998553315567,0,2,ai_agent,0.05148672492657258,1728,1,0.8,0.0001116198628720727,30.802903190442656,30.01469091631997,0.09759998647496104,0.22250000620260835,7.133100007195026,0.6494999979622662,8.014700026251376,0,True,on_screen,0.6577763963274916,-3.118087526148372,0.9666471671753587,False,False,0,0.0
1789812465893,257,1649,1737.0476261821693,777.6441473112358,1791.703415309129,706.0504691125351,1,1,main_file,0.2904439659077157,0,3,1.0,0.0001628834525049267,29.78072151040777,30.005650688177575,0.6406999891623855,0.5722999921999872,8.016200037673116,0.6882000016048551,9.295900003053248,0,True,on_screen,0.6577763963274916,-3.141178072468847,0.8878671785746016,False,False,0,0.0
1789812465924,258,1650,1704.649318536205,840.0706927397716,1730.7655475680822,799.8646256516007,1,1,main_file,0.45670671533692797,31,3,1.0,0.0001549784530460955,30.018083440695843,30.007208167880407,0.12809998588636518,0.23740000324323773,7.786499976646155,0.6347000016830862,8.668700000271201,0,True,on_screen,0.6577763963274916,-3.174686350420842,0.8767915914987624,False,False,0,0.0
1789812465956,259,1651,1677.223425624306,896.9416103135329,1693.2860622074386,867.8185149149532,1,1,main_file,0.5489315040387088,63,3,1.0,0.00014922183990480863,30.161957963833803,30.00782737183962,0.11829996947199106,0.22730004275217652,8.150899957399815,0.6810000049881637,9.069200023077428,0,True,on_screen,0.6577763963274916,-3.20496273168186,0.8309409996946743,False,False,0,0.0
1789812465988,260,1652,1653.5421936754478,984.7767263683417,1665.465354235045,949.6892629323252,1,1,main_file,0.5921201830155314,95,3,1.0,0.00014947997327814481,30.257217611078257,30.008933016319624,0.16410002717748284,0.26439997600391507,7.279600016772747,0.6695999763906002,8.226200006902218,0,True,on_screen,0.6577763963274916,-3.2569301352185107,0.7903514461076332,False,False,0,0.0
1789812466020,261,1653,1645.1027254072817,1035.8382577200794,1651.2115140556107,1009.993559283753,1,1,main_file,0.5792934174876738,127,3,1.0,0.00012597044326877367,30.306923798043425,30.009549626903873,0.09099999442696571,0.20740000763908029,7.062099990434945,0.6226000259630382,7.901900040451437,0,True,on_screen,0.6577763963274916,-3.302540893839506,0.8203666837781308,False,False,0,0.0
1789812466052,262,1654,1633.1811924708913,1098.1517260040387,1638.590288946307,1071.704275987953,1,1,main_file,0.5362031080528995,159,3,1.0,0.00011252856305526623,30.45409315937245,30.010086128702458,0.11780002387240529,0.2367999986745417,7.877499971073121,0.6399999838322401,8.771799970418215,0,True,on_screen,0.6577763963274916,-3.3443085387933706,0.8354668190157323,False,False,0,0.0
1789812466084,263,1655,1645.1603046775995,1127.4043686164225,1641.8492113943248,1099.3331721196632,1,1,main_file,0.4988252948890324,191,3,1.0,0.00010298641104007633,30.54803657184103,30.010974859385,0.08929998148232698,0.2193999825976789,7.749099982902408,0.6285000126808882,8.606899995356798,0,True,on_screen,0.6577763963274916,-3.3728411983116757,0.8847330015929464,False,False,0,0.0
1789812466116,264,1656,1652.889169944994,1150.0168600527222,1646.9285388439534,1122.6520139599884,1,1,main_file,0.4630002559983464,223,3,1.0,9.618757881868154e-05,30.6001641706409,30.011408086521012,0.08819997310638428,0.2136999974027276,8.075599966105074,0.6469999789260328,8.945500012487173,0,True,on_screen,0.6577763963274916,-3.398696963635871,0.8877098924507677,False,False,0,0.0
1789812466149,265,1657,1666.835496542952,1169.0522485334295,1655.8528175763815,1143.4532148689686,1,1,main_file,0.4251909433748142,256,3,1.0,9.472159902150501e-05,30.53439281501693,30.010614647570893,0.11639995500445366,0.2888000453822315,9.309699991717935,0.7184999994933605,10.32830000622198,0,True,on_screen,0.6577763963274916,-3.4436242120133898,0.8943914902770971,False,False,0,0.0
1789812466180,266,1658,1674.3054854093484,1201.8466111669154,1665.816979538919,1174.9847670283746,2,1,terminal,0.3008204158726986,0,0,1.2,6.793870985578356e-05,30.749343946430542,30.013172415737113,0.08440000237897038,0.2112000365741551,7.503499975427985,0.62219996470958,8.345599984750152,0,True,on_screen,0.6577763963274916,-3.451251321755848,0.925312324787422,False,False,0,0.0
1789812466212,267,1659,1668.1413395463603,1265.064517009554,1667.444031544128,1238.0405920152002,2,1,terminal,0.38710914298570764,31,0,1.2,4.633588124301237e-05,30.78392997072916,30.013449010244837,0.09950000094249845,0.25859999004751444,7.9950999934226274,0.7289000204764307,8.995999989565462,0,True,on_screen,0.6577763963274916,-3.491004722456438,0.8693353869587026,False,False,0,0.0
1789812466245,268,1660,1635.669795682483,1332.7375059770739,1645.2020664409765,1304.3284317885118,2,1,terminal,0.49907934112714836,64,0,1.2,7.186640987446972e-05,30.743859330713,30.014145739215888,0.13920001219958067,0.24389999452978373,7.251400034874678,0.6101999897509813,8.117199991829693,0,True,on_screen,0.6577763963274916,-3.519548904987005,0.8256721361704353,False,False,0,0.0
1789812466292,269,1661,1637.1052539815391,1364.6730696705347,1640.8543710187819,1336.7313196148016,2,1,terminal,0.5427135198324218,111,0,1.2,8.442265198320593e-05,29.78665965771154,30.00592831154495,0.24580000899732113,0.2251000260002911,8.444500039331615,0.678699987474829,9.358000010251999,0,True,on_screen,0.6577763963274916,-3.5957009433638802,0.6220102870532599,False,False,0,0.0
1789812466324,270,1662,1628.732348936849,1383.284646834241,1635.6666286915545,1356.6542882793697,2,1,terminal,0.5714852223728351,143,0,1.2,8.458852237280476e-05,29.944028618362385,30.007026627367626,0.1275999820791185,0.25530002312734723,7.86579999839887,0.6373999640345573,8.770100015681237,0,True,on_screen,0.6577763963274916,-3.604819735270553,0.5944509775250586,False,False,0,0.0
1789812466356,271,1663,1630.0818112171748,1423.5357284668778,1632.3710737291415,1396.120477302451,2,1,terminal,0.6137604659488018,175,0,1.2,7.397491364361485e-05,30.099380861843656,30.007906190101362,0.11769996490329504,0.24880003184080124,7.8714999835938215,0.5919999675825238,8.722500002477318,0,True,on_screen,0.6577763963274916,-3.6368181391193843,0.3044303091653169,False,False,0,0.0
1789812466388,272,1664,1615.7038361631087,1451.0994910238305,1623.9097714962838,1424.0311643444995,2,1,terminal,0.6484648077445244,207,0,1.0,7.52211671484291e-05,30.21353483453741,30.008758608053256,0.09570003021508455,0.25129999266937375,7.5205999892205,0.6780999829061329,8.462800004053861,0,True,on_screen,0.6577763963274916,-3.6277460066193896,0.09441944328923144,False,False,0,0.0
1789812466420,273,1665,1609.1580099008272,1495.2126421499138,1614.502807751239,1469.422460611142,2,1,terminal,0.687015215834622,240,0,1.0,4.590375836087228e-05,30.304857102306823,30.009181133245914,0.1517999917268753,0.2930000191554427,7.939099974464625,0.6349000032059848,8.878400025423616,0,True,on_screen,0.6577763963274916,-3.6541014636569855,-0.3501553503756682,False,False,0,0.0
1789812466452,274,1666,1561.4949921622845,1502.604180317831,1585.292881314596,1487.7072282610593,2,1,terminal,0.7423993500119005,271,0,1.0,3.4270539915320225e-06,30.356139958330893,30.009943775074355,0.12779998360201716,0.2595999976620078,7.4610000010579824,0.6107999943196774,8.341800014022738,0,True,on_screen,0.6577763963274916,-3.6999001352205596,-0.7041221258963375,False,False,0,0.0
1789812466484,275,1667,1505.5747917144668,1536.8123135086246,1529.4902185945054,1522.0807879343552,2,1,terminal,0.8371594568019576,303,0,1.0,-7.776693397489737e-07,30.433473018801624,30.01060726444526,0.2264999784529209,0.2579999854788184,7.402700022794306,0.6375000230036676,8.312000019941479,0,True,on_screen,0.6577763963274916,-3.7251340933740664,-0.8354808080473838,False,False,0,0.0
1789812466516,276,1668,1459.0742584899317,1546.869838459026,1483.4111581925577,1538.3023399054834,2,1,terminal,0.8977225948887058,335,0,1.0,2.0957304966342377e-06,30.58530993430825,30.011953501993908,0.08520000847056508,0.20569999469444156,7.033700007013977,0.5929999751970172,7.843300001695752,0,True,on_screen,0.6577763963274916,-3.7423357095151175,-0.893395053667984,False,False,0,0.0
1789812466548,277,1669,1428.1884989507646,1581.4421628883968,1449.4298669199275,1564.8484517798395,2,1,terminal,0.8842297131082565,368,0,1.0,3.919943199403794e-06,30.625545944002766,30.012189372513255,0.09889999637380242,0.25839998852461576,7.5249000219628215,0.6596999592147768,8.455700008198619,0,True,on_screen,0.6577763963274916,-3.7406304563432684,-0.9237941244110572,False,False,0,0.0
1789812466580,278,1670,1391.7517170233848,1631.552997671445,1409.0551619923476,1611.5416339039632,2,1,terminal,0.7955006792156367,399,0,1.0,-1.0239884028073395e-05,30.710763514844697,30.013250598541063,0.14399999054148793,0.24179997853934765,7.200099993497133,0.5872999900020659,8.039100037422031,0,True,on_screen,0.6577763963274916,-3.7693118615124774,-0.9933674784378868,False,False,0,0.0
1789812466612,279,1671,1354.8122628234375,1652.7909077926067,1376.5697849078213,1636.2452953465936,2,1,terminal,0.7344935545645039,431,0,1.0,-2.044012135065873e-05,30.73974140985057,30.01381055588532,0.0950000248849392,0.21319999359548092,7.218699960503727,0.6187999970279634,8.061599975917488,0,True,on_screen,0.6577763963274916,-3.7584019873254135,-1.1064846421863384,False,False,0,0.0
1789812466644,280,1672,1098.6257480316845,1692.9872414399858,1182.0089590945254,1675.964657611968,2,1,terminal,0.4482947275918445,463,0,1.0,-2.1874313592613534e-05,30.80187104032845,30.014364206941003,0.11769996490329504,0.2395000192336738,7.586900028400123,0.6287999567575753,8.465400023851544,0,True,on_screen,0.6577763963274916,-3.72831707143564,-1.282291729273089,False,False,0,0.0
1789812466693,281,1673,898.9033624260144,1718.059856291082,983.8350414265676,1705.4312966873479,2,0,terminal,0.03874729531743892,513,0,1.0,-2.107120006476608e-05,29.77950881538972,30.00625507560979,0.18159998580813408,0.2992000081576407,7.2957000229507685,0.6451999652199447,8.251300023403019,0,True,on_screen,0.6577763963274916,-3.67894016271984,-1.4850991880648168,False,False,0,0.0
1789812466724,282,1674,807.1276480852487,1732.4013293211806,860.1398660876444,1724.310319531031,2,0,terminal,0.22021995395103777,543,0,1.0,-1.5848324762019958e-05,30.021672051890334,30.00723373308392,0.09729998419061303,0.25179999647662044,7.752600009553134,0.6888000061735511,8.703699975740165,0,True,on_screen,0.6577763963274916,-3.6790563486030976,-1.618468436824918,False,False,0,0.0
1789812466756,283,1675,777.5559327430134,1733.0497355832997,802.3311127464027,1730.4279107676189,2,0,terminal,0.30000363763861193,575,0,1.0,-1.4573463440316e-05,30.120837799283848,30.007124443785244,0.16039999900385737,0.2618000144138932,9.047400031704456,0.6671000155620277,9.987799974624068,0,True,on_screen,0.6577763963274916,-3.677920623328447,-1.7203286618901412,False,False,0,0.0
1789812466788,284,1676,764.2341667468477,1730.5130921213008,789.279388184593,1730.4570932529045,2,0,terminal,0.3185986666353263,608,0,1.0,-1.7524051661634704e-05,30.246067978462495,30.008528348560066,0.09250000584870577,0.23100001271814108,7.935700006783009,0.6479999865405262,8.825800032354891,0,True,on_screen,0.6577763963274916,-3.6872660631664758,-1.782583891753837,False,False,0,0.0
1789812466820,285,1677,748.3596167603581,1731.6984778743124,774.2688207509723,1730.9124693931453,2,0,terminal,0.33917657344469454,639,0,1.0,-1.7943940336488662e-05,30.303049307410014,30.007206346039844,0.11909997556358576,0.30519999563694,11.080099968239665,0.7591000176034868,12.16099999146536,0,True,on_screen,0.6577763963274916,-3.6767939221306563,-1.8651554218248836,False,False,0,0.0
1789812466852,286,1678,736.9565800255399,1732.1463535215519,761.7292030575287,1731.3271439060504,2,0,terminal,0.3559947247756958,671,0,1.0,-1.3077148993267604e-05,30.409162901090106,30.008615942213936,0.1154000055976212,0.22909999825060368,10.003999981563538,0.7310000364668667,10.976199992001057,0,True,on_screen,0.6577763963274916,-3.666500479204956,-1.912451317919331,False,False,0,0.0
1789812466884,287,1679,737.4438308365077,1739.0748941930244,756.020369038438,1733.1484303993007,2,0,terminal,0.36168567536499063,703,0,1.0,-6.3969108077942954e-06,30.493178251944308,30.010202020918435,0.1145999995060265,0.22899999748915434,8.453499991446733,0.6481999880634248,9.342100005596876,0,True,on_screen,0.6577763963274916,-3.6626793269370523,-1.9412924271601084,False,False,0,0.0
1789812466916,288,1680,747.5052636938385,1732.448692145971,754.9985563970861,1733.0644618089011,2,0,terminal,0.36315959833948774,735,0,1.0,7.461440536716754e-06,30.529984903359704,30.008854487644047,0.12209999840706587,0.2906000008806586,11.722799972631037,0.749099999666214,12.774900009389967,0,True,on_screen,0.6577763963274916,-3.690393714314837,-1.9363587383496623,False,False,0,0.0
1789812466948,289,1681,768.9267850195721,1720.9395328458377,757.4381544547649,1730.9407205960358,2,0,terminal,0.3622724244621529,767,0,1.0,1.861505121318434e-05,30.63066517904673,30.011685346965628,0.11480000102892518,0.24820002727210522,8.225600002333522,0.6220999639481306,9.105500008445233,0,True,on_screen,0.6577763963274916,-3.7104793670276877,-1.9116622733482063,False,False,0,0.0
1789812466980,290,1682,876.6904839688517,1555.1880673589396,840.9147851146256,1607.9138633300686,2,0,terminal,0.334493321883361,799,0,1.0,2.3017009003511654e-05,30.722879497269783,30.012783875702517,0.10959996143355966,0.23040000814944506,7.82140000956133,0.6184999947436154,8.681499981321394,0,True,on_screen,0.6577763963274916,-3.74377794107221,-1.8964259030969253,False,False,0,0.0
1789812467012,291,1683,1027.18789113701,1378.1102454242573,971.3059593302946,1447.0513307960007,2,0,terminal,0.12700183111091556,832,0,1.0,6.362970119459278e-05,30.741829434687716,30.013338013036623,0.09059999138116837,0.228899996727705,7.7479000319726765,0.6289000157266855,8.615800004918128,0,True,on_screen,0.6577763963274916,-3.6921928354607303,-1.9479581536949975,False,False,0,0.0
1789812467044,292,1684,1066.2364112439382,1314.4959838798948,1037.757275669845,1354.2625879547265,2,1,terminal,0.24416831831216046,863,0,1.0,8.194479838557513e-05,30.764801131072346,30.014030329402996,0.14860002556815743,0.32539997482672334,7.3865000158548355,0.624299980700016,8.352399978321046,0,True,on_screen,0.6577763963274916,-3.763829529743333,-1.8540950316561269,False,False,0,0.0
1789812467076,293,1685,1142.0739801929844,1241.021536409622,1110.7789688360426,1274.9938518731533,2,1,terminal,0.29551496115168574,895,0,1.0,0.00011252471212746563,30.82808773660226,30.014865677182176,0.24229998234659433,0.21849997574463487,7.377300004009157,0.6549999816343188,8.258200017735362,0,True,on_screen,0.6577763963274916,-3.7209107307006093,-1.8538640740011478,False,False,0,0.0
1789812467124,294,1686,1215.8638948814896,1192.1144427112374,1184.3384170678555,1216.978265459812,2,1,terminal,0.3261988794220564,944,0,1.0,0.0001362799582818701,29.831872597927212,30.006905005325223,0.24180003674700856,0.2717999741435051,7.668900012504309,0.6017999839968979,8.552399987820536,0,True,on_screen,0.6577763963274916,-3.7652680518667694,-1.7687811759342271,False,False,0,0.0
1789812467156,295,1687,1262.4745439109986,1143.2265042044942,1239.0337058580558,1165.3520325810896,1,1,main_file,0.41193955842404184,0,4,1.2,0.00011086447027537812,30.01956399127614,30.007638838488734,0.11299998732283711,0.25100004859268665,7.9842000268399715,0.7198000093922019,8.966299996245652,0,True,on_screen,0.6577763963274916,-3.77962673487977,-1.6429198824913926,False,False,0,0.0
1789812467188,296,1688,1284.0302493248673,1096.6762778219968,1270.5312862848239,1117.2790042497245,1,1,main_file,0.5131895362253013,32,4,1.2,0.00012868925493196223,30.148291737636832,30.008295498200518,0.10320002911612391,0.2313000150024891,8.192700042854995,0.6832999642938375,9.118099987972528,0,True,on_screen,0.6577763963274916,-3.749188243926511,-1.6522484375534319,False,False,0,0.0
1789812467220,297,1689,1288.0676103459145,1078.903029117979,1277.1517292084209,1102.7910219273167,1,1,main_file,0.5405189451055608,64,4,1.2,0.00015410893386015936,30.251670715439168,30.009210588974373,0.15390000771731138,0.24259998463094234,7.755099970381707,0.6476999842561781,8.655999961774796,0,True,on_screen,0.6577763963274916,-3.79286723142431,-1.631857167403286,False,False,0,0.0
1789812467252,298,1690,1265.5724864576841,1076.4946947445635,1274.1096164063156,1095.8824187230255,1,1,main_file,0.5465159793648531,96,4,1.2,0.00015966538788473282,30.346394822279297,30.009623837793512,0.09860005229711533,0.25670003378763795,8.136299962643534,0.7453000289388001,9.151499951258302,0,True,on_screen,0.6577763963274916,-3.77704993857526,-1.6276259222651013,False,False,0,0.0
1789812467284,299,1691,1262.519659711129,1071.2232019699406,1271.2115624207177,1089.7164128204597,1,1,main_file,0.5513863289825919,128,4,1.2,0.00016307725378296965,30.423278559391537,30.009562615475755,0.12199999764561653,0.28899998869746923,9.405500022694468,0.7431000121869147,10.450400004629046,0,True,on_screen,0.6577763963274916,-3.774052024247851,-1.6311306528833072,False,False,0,0.0
1789812467316,300,1692,1268.1290809605698,1070.7582470814787,1270.652176629445,1086.276026015191,1,1,main_file,0.5552447293452879,160,4,1.2,0.00015282846853145564,30.512203419431543,30.01097747281859,0.09250000584870577,0.23790000705048442,8.24360002297908,0.6862999871373177,9.178899985272437,0,True,on_screen,0.6577763963274916,-3.771284026254534,-1.6301752942187002,False,False,0,0.0
1789812467349,301,1693,1282.005157744034,1067.4880335939135,1272.9782035396534,1082.4266955600806,1,1,main_file,0.5630381685398933,193,4,1.2,0.00014699386319355807,30.489377303608823,30.010508393116805,0.16769999638199806,0.2797000342980027,9.240399987902492,0.8243999909609556,10.361199965700507,0,True,on_screen,0.6577763963274916,-3.7730647075240142,-1.6408439127856977,False,False,0,0.0
1789812467380,302,1694,1301.2575540743414,1067.8190007266,1281.15468407222,1078.203135606498,1,1,main_file,0.5782586484839289,224,4,1.2,0.00014359463307352972,30.633002182228186,30.0111934842581,0.29639998683705926,0.5178999854251742,9.8407999612391,0.6951999966986477,11.071300017647445,0,True,on_screen,0.6577763963274916,-3.771244622235969,-1.5323434129101505,False,False,0,0.0
1789812467412,303,1695,1326.2370639401304,1065.750187434158,1299.9348080383627,1073.0155676230484,1,1,main_file,0.6067333078768202,256,4,1.2,0.00014042133482121584,30.69425280576523,30.012904327123437,0.15860004350543022,0.28689997270703316,8.147599990479648,0.7224000291898847,9.168399963527918,0,True,on_screen,0.6577763963274916,-3.7732539754424863,-1.4395991858729236,False,False,0,0.0
1789812467444,304,1696,1345.418489232226,1061.9079863819736,1318.901364871958,1068.383740001298,1,1,main_file,0.6335804231988871,288,4,1.0,0.00013985749739905788,30.742500992826923,30.012102575040085,0.3790000337176025,0.5246999789960682,10.52090001758188,0.8590000215917826,11.921499972231686,0,True,on_screen,0.6577763963274916,-3.7769614469528676,-1.4289419838165995,False,False,0,0.0
1789812467476,305,1697,1375.740954136737,1054.099778478768,1348.3175329250855,1060.991367571339,1,1,main_file,0.6726954595842636,320,4,1.0,0.00013676552589463042,30.825773375133046,30.01290024136351,0.10280002607032657,0.24349999148398638,10.870099999010563,0.9420999558642507,12.068199983332306,0,True,on_screen,0.6577763963274916,-3.773553448503833,-1.3583731217765744,False,False,0,0.0
1789812467524,306,1698,1397.885180537008,1055.4645056063166,1370.278476937095,1058.5426916300025,1,1,main_file,0.694020902652792,368,4,1.0,0.00013810968193647861,29.830826412055906,30.004127581953068,0.15729997539892793,0.30200002947822213,12.886599986813962,0.8256000000983477,14.02790000429377,0,True,on_screen,0.6577763963274916,-3.7958486422881776,-1.2596485584721349,False,False,0,0.0
1789812467557,307,1699,1415.778632524295,1056.5532755925713,1388.7564270205658,1057.7347750468502,1,1,main_file,0.7069992360733379,401,4,1.0,0.0001351941819237642,29.86131689951994,30.00662265059473,0.11180003639310598,0.26890001026913524,8.446799998637289,0.7357000140473247,9.464899951126426,0,True,on_screen,0.6577763963274916,-3.8003143605093612,-1.1965109755992729,False,False,0,0.0
1789812467588,308,1700,1432.4623885695512,1068.787424212632,1406.3335932310324,1062.1798037012406,1,1,main_file,0.707374685799495,432,4,1.0,0.00013151351992625286,30.124269784649368,30.007490540418,0.14509999891743064,0.2769000129774213,9.331799985375255,0.7534000324085355,10.37430000724271,0,True,on_screen,0.6577763963274916,-3.7816904427605493,-1.139825651322409,False,False,0,0.0
1789812467620,309,1701,1437.2887582906283,1084.3805835151738,1416.9376009138616,1069.7849073813054,1,1,main_file,0.6972927551058912,463,4,1.0,0.00013070773744230067,30.214705818012582,30.0085982837507,0.12129999231547117,0.250800047069788,8.420199970714748,0.6964000058360398,9.378400049172342,0,True,on_screen,0.6577763963274916,-3.7549464559234593,-1.1440868223340632,False,False,0,0.0
1789812467652,310,1702,1446.7942932053654,1100.8315210745188,1428.4335464113024,1081.7390172141231,1,1,main_file,0.6782787920209998,496,4,1.0,0.00014622282056848956,30.337147835844263,30.009272142200796,0.10609999299049377,0.25510002160444856,8.669700007885695,0.6850999779999256,9.621100034564734,0,True,on_screen,0.6577763963274916,-3.7364670189672324,-1.2209391249481971,False,False,0,0.0
1789812467684,311,1703,1440.9209898064692,1132.2382389260088,1434.194619576622,1105.0367973815573,1,1,main_file,0.6376238826243157,528,4,1.0,0.00013140903942846817,30.445508265169746,30.01036122261228,0.09869999485090375,0.242199981585145,8.11490003252402,0.6892999517731369,9.05860000057146,0,True,on_screen,0.6577763963274916,-3.7323609417880164,-1.0844821343908961,False,False,0,0.0
1789812467716,312,1704,1426.3881347594743,1162.4084219680585,1430.20158274787,1134.3825292013416,1,1,main_file,0.5855633496818624,560,4,1.0,0.0001271794013424695,30.50692369054299,30.010757377135047,0.13939995551481843,0.3095000283792615,8.364899957086891,0.7489999989047647,9.43480001296848,0,True,on_screen,0.6577763963274916,-3.7050953281523675,-0.9511513628819928,False,False,0,0.0
1789812467748,313,1705,1417.0853564274491,1204.1186303148431,1422.0316905527766,1177.820055688393,2,1,terminal,0.42993206085008306,0,1,1.2,0.00011567911889156894,30.545492429016075,30.010380581852722,0.16300001880154014,0.3551999689079821,9.927599981892854,0.805300020147115,11.099600000306964,0,True,on_screen,0.6577763963274916,-3.6915476919693617,-0.9132274421208859,False,False,0,0.0
1789812467781,314,1706,1417.945721400127,1223.869180735604,1420.3484259215143,1196.7905521842592,2,1,terminal,0.46320716580511867,32,1,1.2,0.00011787910759106061,30.58562497477483,30.011402397841984,0.2500000409781933,0.5799999926239252,8.794399967882782,0.7804000051692128,10.172099980991334,0,True,on_screen,0.6577763963274916,-3.6873415137874304,-0.9446689677125257,False,False,0,0.0
1789812467813,315,1707,1416.2550390691915,1235.0744630995646,1418.9319194745499,1210.0386053448751,2,1,terminal,0.48638549699126377,65,1,1.2,0.00011432392205138787,30.65215037042694,30.01181748280549,0.16470003174617887,0.33089995849877596,9.132100036367774,1.2256999616511166,10.70749998325482,0,True,on_screen,0.6577763963274916,-3.6919391341183143,-0.9967075013489383,False,False,0,0.0
1789812467844,316,1708,1414.8966558359493,1245.5866652762436,1417.6293429791897,1221.5134608857416,2,1,terminal,0.5064232849206951,96,1,1.2,8.939497583273885e-05,30.790985253481292,30.0125652841012,0.14000001829117537,0.28089998522773385,10.35779999801889,0.74819999281317,11.398800008464605,0,True,on_screen,0.6577763963274916,-3.708787495229302,-1.0263758351024814,False,False,0,0.0
1789812467876,317,1709,1403.601602779054,1259.5504360122059,1412.5311059219525,1235.337605998799,2,1,terminal,0.5299191142584406,128,1,1.2,5.33237207802021e-05,30.787012039459306,30.013138413810506,0.3932000254280865,0.5439000087790191,9.86739998916164,0.6759000243619084,11.111799976788461,0,True,on_screen,0.6577763963274916,-3.721536771203091,-1.0241826447198736,False,False,0,0.0
1789812467924,318,1710,1391.948861968311,1271.6124300636286,1404.846003668949,1248.882083111005,2,1,terminal,0.5520332672673334,176,1,1.2,6.631127115620111e-06,29.821778699063476,30.006999685448452,0.13780000153928995,0.2598999999463558,7.823200023267418,0.6753000197932124,8.770700020249933,0,True,on_screen,0.6577763963274916,-3.7354921098641967,-1.0917454171780434,False,False,0,0.0
1789812467956,319,1711,1395.2304073772198,1331.6803217278018,1398.1150862647385,1306.8408501427627,2,1,terminal,0.6508222465081024,208,1,1.2,-3.7472095442711226e-05,29.952421913887722,30.007396674224175,0.10080001084133983,0.23669999791309237,8.287599950563163,0.6807000027038157,9.216699982061982,0,True,on_screen,0.6577763963274916,-3.720190250351891,-1.0911548974447747,False,False,0,0.0
1789812467988,320,1712,1381.88681560037,1394.3642883617736,1386.7552967996805,1368.1072568960703,2,1,terminal,0.7487192972382708,240,1,1.2,-6.159303209238472e-05,30.016911815588635,30.007840810440236,0.1338999718427658,0.33219996839761734,7.991300022695214,0.6767999730072916,9.014900017064065,0,True,on_screen,0.6577763963274916,-3.7118171516011103,-1.1093470783184778,False,False,0,0.0
1789812468020,321,1713,1360.0968846983915,1464.7326152460794,1368.0944083287782,1435.7450077410767,2,1,terminal,0.8296372550460757,272,1,1.2,-7.157752270823582e-05,30.20246146935044,30.00925556918002,0.09679998038336635,0.24019996635615826,7.351400039624423,0.6702999817207456,8.273000014014542,0,True,on_screen,0.6577763963274916,-3.6759084919873715,-1.1202975962360928,False,False,0,0.0
1789812468052,322,1714,1361.1710851051066,1487.3265591076304,1364.898930087829,1459.5526099143601,2,1,terminal,0.849302888434708,304,1,1.2,-6.464274489176476e-05,30.324952146299925,30.008404506727185,0.10009994730353355,0.2666999935172498,9.530100040137768,1.5865000314079225,11.396400048397481,0,True,on_screen,0.6577763963274916,-3.6991253486533253,-1.146835631103651,False,False,0,0.0
1789812468084,323,1715,1339.5583350434458,1555.6072692207115,1347.1605135567606,1526.790871428806,2,1,terminal,0.8292913258795187,336,1,1.2,-3.764015579771525e-05,30.371322057357528,30.00889194090243,0.1173000200651586,0.2805000403895974,10.250799998175353,0.769199978094548,11.312999995425344,0,True,on_screen,0.6577763963274916,-3.706705632310701,-1.1559221114941571,False,False,0,0.0
1789812468116,324,1716,1337.4666376815064,1600.5157404469167,1340.8411785184285,1574.851332897257,2,1,terminal,0.7805125002911699,368,1,1.2,-1.2970638199357246e-05,30.490994660432754,30.010171821822855,0.10470004053786397,0.24689995916560292,9.612100024241954,0.6492999964393675,10.519899951759726,0,True,on_screen,0.6577763963274916,-3.7256063953021794,-1.1584379745117659,False,False,0,0.0
1789812468148,325,1717,1347.4619423147378,1612.3209972391787,1343.1067512288096,1587.6731540061023,2,1,terminal,0.7691485418572497,400,1,1.2,-2.441363644813989e-05,30.553515227611115,30.011646301655915,0.09210000280290842,0.22499996703118086,7.954400032758713,0.7027999963611364,8.893399965018034,0,True,on_screen,0.6577763963274916,-3.743650815157906,-1.1535023425265716,False,False,0,0.0
1789812468180,326,1718,1348.5956179300306,1611.2366523029318,1344.336315282194,1592.9516262399638,2,1,terminal,0.7643537229282876,432,1,1.2,-2.5569957434129834e-05,30.648692840889318,30.01148681797114,0.1194999786093831,0.2569000353105366,9.877600008621812,0.6323999841697514,10.77730004908517,0,True,on_screen,0.6577763963274916,-3.716374669790582,-1.2104681739816836,False,False,0,0.0
1789812468212,327,1719,1344.6565512575653,1620.873328843231,1344.4182375435794,1600.0945120957438,2,1,terminal,0.755492388429354,463,1,1.2,-2.0911458660597543e-05,30.642619733080913,30.012481787884308,0.14240003656595945,0.3102999762631953,8.548400015570223,0.6370999617502093,9.506299975328147,0,True,on_screen,0.6577763963274916,-3.715933925623318,-1.2026807459845652,False,False,0,0.0
1789812468245,328,1720,1345.2085732030564,1618.0981777208103,1344.5536660063467,1603.179541513996,2,1,terminal,0.7516846997733039,496,1,1.2,-2.1674449725646652e-05,30.68405391635779,30.01119412306881,0.13080000644549727,0.3423999878577888,11.828100017737597,0.9011999936774373,13.085999991744757,0,True,on_screen,0.6577763963274916,-3.721848107513125,-1.2109695684507054,False,False,0,0.0
1789812468276,329,1721,1343.2965333362672,1623.5456492232456,1344.3126880069108,1607.0834921541175,2,1,terminal,0.7462950195014159,528,1,1.2,-2.0873630665130607e-05,30.805532764036993,30.013742492211566,0.1466000103391707,0.248699972871691,9.247199981473386,0.6819000118412077,10.188599990215153,0,True,on_screen,0.6577763963274916,-3.7360503758763457,-1.1372407976314374,False,False,0,0.0
1789812468324,330,1722,1339.8130478085,1627.5633985917177,1343.4285308412404,1611.107693030324,2,1,terminal,0.7399284160173163,575,1,1.2,-2.0282129258928153e-05,29.826941460174652,30.006840409535375,0.11189997894689441,0.24170003598555923,8.133800001814961,0.7428000099025667,9.129200014285743,0,True,on_screen,0.6577763963274916,-3.737909463792306,-1.1383564556353702,False,False,0,0.0
1789812468356,331,1723,1343.5080061102674,1623.7619181076386,1343.4385115270277,1612.6968395148137,2,1,terminal,0.737814461032327,608,1,1.2,-2.5262882888206842e-05,29.927564718660776,30.007123304463935,0.10899995686486363,0.2601000014692545,8.521899988409132,0.6867999909445643,9.481000015512109,0,True,on_screen,0.6577763963274916,-3.7350895231861045,-1.1604208411107344,False,False,0,0.0
1789812468388,332,1724,1344.0460120485948,1619.9824991392102,1343.5114115896158,1613.5711186697413,2,1,terminal,0.7367230498817621,640,1,1.2,-2.8788336282290286e-05,30.08316511901819,30.007990393315776,0.12199999764561653,0.24159997701644897,8.454399998299778,0.6749000167474151,9.383600030560046,0,True,on_screen,0.6577763963274916,-3.741860713224895,-1.1703783033735566,False,False,0,0.0
1789812468421,333,1725,1342.0209480299325,1622.3352270262785,1343.3325559624539,1614.6228116725258,2,1,terminal,0.7351007558956577,673,1,1.2,-2.7559730309335492e-05,30.118386414624187,30.00881053459656,0.29499997617676854,0.24990004021674395,7.343700039200485,0.6769999745301902,8.280400012154132,0,True,on_screen,0.6577763963274916,-3.734929529078613,-1.127694820748772,False,False,0,0.0
1789812468452,334,1726,1334.327456044907,1638.7489099788543,1341.1956850807292,1620.3478294327358,2,1,terminal,0.7249112463285785,703,1,1.2,-3.2247879925216896e-05,30.282855058937717,30.008750819493944,0.18910004291683435,0.2775000175461173,9.177899977657944,0.7666000165045261,10.235399997327477,0,True,on_screen,0.6577763963274916,-3.7446913212039874,-1.1021687873873578,False,False,0,0.0
1789812468484,335,1727,1341.3737979998505,1633.299449100337,1341.2185061906312,1622.007284217381,2,1,terminal,0.7226644917272378,736,1,1.0,-3.8740087570725626e-05,30.430695252987746,30.010239660605336,0.13699999544769526,0.27009996119886637,8.26600001892075,0.6717999931424856,9.218899998813868,0,True,on_screen,0.6577763963274916,-3.7547763893831245,-1.0973845134819484,False,False,0,0.0
1789812468516,336,1728,1335.344730245444,1637.8076474405655,1340.2703265987789,1624.557872134231,2,1,terminal,0.71810415730678,768,1,1.0,-3.242126509008826e-05,30.46353612070947,30.01077584840602,0.16029999824240804,0.41689997306093574,7.867200009059161,0.7037000032141805,9.001699974760413,0,True,on_screen,0.6577763963274916,-3.7568579609137487,-1.0409885156985874,False,False,0,0.0
1789812468548,337,1729,1338.9030769959656,1649.42098206856,1339.9558111071303,1630.2772617971118,2,1,terminal,0.7098097578638445,800,1,1.0,-2.8210516294447166e-05,30.565638506247574,30.011179225021618,0.1357999863103032,0.27359998784959316,8.716700016520917,0.7837999728508294,9.787000017240644,0,True,on_screen,0.6577763963274916,-3.7725916423096066,-1.0160412503994898,False,False,0,0.0
1789812468580,338,1730,1340.5872686127618,1649.7455691315117,1340.0718651619902,1633.8552951362824,2,1,terminal,0.7048938902603079,832,1,1.0,-3.2286791102930854e-05,30.636420164911698,30.01247578717974,0.1249000197276473,0.24020002456381917,7.732099969871342,0.6584000075235963,8.641400025226176,0,True,on_screen,0.6577763963274916,-3.7884447156077385,-1.0376143695592075,False,False,0,0.0
1789812468612,339,1731,1356.685948929336,1654.473378326773,1344.117339055596,1638.8757295130044,2,1,terminal,0.7018578494410512,864,1,1.0,-3.107222327369645e-05,30.683894791574573,30.012153101521122,0.10659999679774046,0.2835000050254166,9.415299980901182,0.7274000090546906,10.438200028147548,0,True,on_screen,0.6577763963274916,-3.7884800521046884,-0.9601324527898636,False,False,0,0.0
1789812468645,340,1732,1389.296164862443,1649.0253752053222,1362.7581415209388,1643.0634775800434,2,1,terminal,0.7127693504115025,897,1,1.0,-3.170275768616532e-05,30.681419400542215,30.012589033469183,0.17899996601045132,0.46259997179731727,9.101899981033057,0.7272000075317919,10.30310004716739,0,True,on_screen,0.6577763963274916,-3.7998801439127305,-0.9738035313478842,False,False,0,0.0
1789812468676,341,1733,1401.3387349275874,1644.4987915953075,1376.1434652114556,1643.5614518462592,2,1,terminal,0.7224170924346577,928,1,1.0,-3.2741274337630064e-05,30.823004212780894,30.01438678062956,0.13110000872984529,0.2587999915704131,8.075900026597083,0.6633000448346138,9.008599969092757,0,True,on_screen,0.6577763963274916,-3.8029785001940297,-0.9404972672014497,False,False,0,0.0
1789812468724,342,1734,1401.4002321307714,1606.4474647049437,1386.2601938715634,1628.6952522806978,2,1,terminal,0.7536126523117381,976,1,1.0,-4.8863711465792214e-05,29.80802828133865,30.00606787065918,0.2739999908953905,0.25209999876096845,9.051300003193319,0.6570999976247549,9.97120002284646,0,True,on_screen,0.6577763963274916,-3.8078701409502855,-1.1869730831712186,False,False,0,0.0
1789812468756,343,1735,1378.855631913536,1525.4393099163535,1381.0770005009442,1556.4160926256568,2,1,terminal,0.8558821294817229,1008,1,1.0,-3.0803108738214e-05,29.961088407816202,30.006962341658152,0.09940000018104911,0.24620001204311848,8.738899952732027,0.6692000315524638,9.664700017310679,0,True,on_screen,0.6577763963274916,-3.7792083562499386,-1.1774564071602165,False,False,0,0.0
1789812468788,344,1736,1315.5589383081435,1485.6365956153436,1335.2143569659838,1506.8704447184375,2,1,terminal,0.8144815780480955,1040,1,1.0,-8.386083464437602e-06,30.10263805672746,30.007807855314134,0.11399999493733048,0.23829995188862085,8.452500042039901,0.7871999987401068,9.489199961535633,0,True,on_screen,0.6577763963274916,-3.7693058145896714,-1.6084655407977217,False,False,0,0.0
1789812468820,345,1737,1282.037608510241,1476.6498688885958,1306.5339542678853,1490.571247987941,2,1,terminal,0.7636228050303449,1072,1,1.0,1.773836770431296e-05,30.202387876946396,30.007804257679936,0.14079996617510915,0.29039999935775995,9.630099986679852,0.7341000018641353,10.666800022590905,0,True,on_screen,0.6577763963274916,-3.7555016549850677,-1.7357963780108832,False,False,0,0.0
1789812468853,346,1738,1236.9145930738707,1470.3606170575868,1262.2577809712102,1477.71779196421,2,1,terminal,0.6835315364011,1105,1,1.0,3.410147681790106e-05,30.20240290983469,30.007548037869945,0.2618000144138932,0.36349997390061617,10.20230003632605,0.7977000204846263,11.376100010238588,0,True,on_screen,0.6577763963274916,-3.7335181195198572,-1.8702812306647019,False,False,0,0.0
1789812468884,347,1739,1204.43612632897,1442.4192601219,1227.826801180185,1456.6986245945584,2,1,terminal,0.6174349197800038,1136,1,1.0,5.386243394145569e-05,30.436904776678304,30.010141736713173,0.11720001930370927,0.24209998082369566,8.00959998741746,0.7051000138744712,8.967900008428842,0,True,on_screen,0.6577763963274916,-3.7162099197143164,-1.9333556966087093,False,False,0,0.0
1789812468916,348,1740,1185.4067000715722,1410.7524899886748,1204.4522203572385,1431.381107455752,2,1,terminal,0.5665683311351,1167,1,1.0,8.011900447708713e-05,30.514566218928415,30.0100924458501,0.12909999350085855,0.29579998226836324,9.316799987573177,0.7225999725051224,10.347899980843067,0,True,on_screen,0.6577763963274916,-3.717473603708555,-1.9848529003361333,False,False,0,0.0
1789812468948,349,1741,1159.9795678353782,1410.3646587710648,1185.0089555499667,1422.1928006219298,2,1,terminal,0.5290114752307126,1200,1,1.0,0.00011290167809374987,30.573055518592387,30.010908560203085,0.172999978531152,0.29960001120343804,8.922700013499707,0.7028999971225858,9.937399998307228,0,True,on_screen,0.6577763963274916,-3.7147773889767848,-2.027113665320415,False,False,0,0.0
1789812468980,350,1742,1142.472726243104,1402.955716574528,1167.320938806948,1414.1933641353862,2,1,terminal,0.49497948407105863,1232,1,1.0,0.00011083495652007211,30.66486034269349,30.011508586614134,0.10219996329396963,0.228599994443357,8.471200009807944,1.6309000202454627,10.344000009354204,0,True,on_screen,0.6577763963274916,-3.719281453623296,-1.9900085454871763,False,False,0,0.0
1789812469013,351,1743,1124.0823791031464,1393.782642465376,1148.9241578926537,1405.5091809100877,2,1,terminal,0.4593501022322741,1265,1,1.0,0.00012475770551930755,30.650337024070442,30.01056221996695,0.14000001829117537,0.31370000215247273,11.471599980723113,0.9301999816671014,12.729500012937933,0,True,on_screen,0.6577763963274916,-3.6987486869199984,-2.0158313596043818,False,False,0,0.0
1789812469044,352,1744,1107.6482190586485,1399.7784598838844,1133.5247841001797,1403.3711431651973,2,1,terminal,0.432287278743433,1296,1,1.0,0.00012672100213012398,30.757529845237606,30.012708609557723,0.15949999215081334,0.24850002955645323,9.44369996432215,0.6680000224150717,10.37140004336834,0,True,on_screen,0.6577763963274916,-3.6776044507341226,-2.012961610162758,False,False,0,0.0
1789812469077,353,1745,1096.733543595209,1386.8622554023934,1120.2211049478763,1397.4015443437588,2,1,terminal,0.4066931137700961,1328,1,1.0,0.00012675655671017666,30.747258614376968,30.013961325234167,0.16250001499429345,0.2607000060379505,7.749400043394417,0.6200000061653554,8.642399974633008,0,True,on_screen,0.6577763963274916,-3.6439016273359073,-2.0276180051917727,False,False,0,0.0
1789812469124,354,1746,1073.5424732135289,1382.8980774925808,1099.936256499575,1391.0988611647522,2,1,terminal,0.3691681381205054,1376,1,0.8,0.00016187606089396005,29.802000108919852,30.00610629419251,0.0990999978967011,0.26929995510727167,9.248699992895126,0.6987000233493745,10.22890000604093,0,True,on_screen,0.6577763963274916,-3.6263232036621957,-2.0983147265577426,False,False,0,0.0
1789812469156,355,1747,1052.2238275545676,1391.9529568251887,1079.6741615760843,1391.461571002171,2,1,terminal,0.33517271444624464,1407,1,0.8,0.00017076331471467705,29.957225386008652,30.00777489939292,0.1029000268317759,0.23519998649135232,7.531799958087504,0.6475000409409404,8.42439994448796,0,True,on_screen,0.6577763963274916,-3.637178211462242,-1.9596748168958706,False,False,0,0.0
1789812469188,356,1748,1032.313332393015,1402.3765310791584,1059.204992606455,1396.1789749405395,2,1,terminal,0.30270801387017865,1440,1,0.8,0.00017136199423121827,30.07346179639336,30.00855417185797,0.23370003327727318,0.21999998716637492,7.195700018201023,0.6770999752916396,8.102199994027615,0,True,on_screen,0.6577763963274916,-3.629225006389049,-1.9172029572725793,False,False,0,0.0
1789812469220,357,1749,1026.7514119333014,1398.8027945192239,1049.6194959808831,1396.9539468603066,2,1,terminal,0.2867067746716805,1472,1,0.8,0.00016795223842534616,30.16387469826139,30.008664937670385,0.12199999764561653,0.2579999854788184,7.9545999760739505,0.7052000146359205,8.92960000783205,0,True,on_screen,0.6577763963274916,-3.650918963808266,-1.7927018666761423,False,False,0,0.0
1789812469252,358,1750,1003.167318582642,1398.0618558258648,1030.3897121330622,1397.4125873616567,2,1,terminal,0.25400619461520413,1504,1,0.8,0.00017000201838263639,30.287204656795645,30.009886302623812,0.08849997539073229,0.21729996660724282,7.196600025054067,0.6058999570086598,8.029700024053454,0,True,on_screen,0.6577763963274916,-3.6447707225385386,-1.6486408862878563,False,False,0,0.0
1789812469285,359,1751,984.3243204040132,1399.8553052962586,1011.4517793283877,1398.4168125808485,2,1,terminal,0.22192031616036068,1537,1,0.8,0.00017275970039410532,30.30262421990908,30.008684797897484,0.3519000019878149,0.3136000013910234,9.757499967236072,0.7534000324085355,10.838399990461767,0,True,on_screen,0.6577763963274916,-3.6776691704632753,-1.6685170631546429,False,False,0,0.0
1789812469317,360,1752,839.1364892387043,1404.4823918812642,890.8310762656092,1402.6627180911394,2,0,terminal,0.25410670804696434,1569,1,0.8,0.00019134741219426453,30.41336126516002,30.01066951246589,0.24209998082369566,0.26050000451505184,7.571200025267899,0.6210999563336372,8.464100013952702,0,True,on_screen,0.6577763963274916,-3.6511249738614424,-1.7684021239889245,False,False,0,0.0
1789812469348,361,1753,741.5548529327014,1400.9425884945654,786.3377199325737,1401.4586273735376,2,0,terminal,0.4314934013369275,1600,1,0.8,0.0001819658652531097,30.589600820032334,30.01137672572321,0.11910003377124667,0.2413999754935503,8.413000032305717,0.6642000516876578,9.32959996862337,0,True,on_screen,0.6577763963274916,-3.6426840419211146,-1.91857478358512,False,False,0,0.0
1789812469381,362,1754,665.503219441567,1411.7660884897991,701.753569588869,1408.6738501549207,2,0,terminal,0.5763134002553819,1633,1,0.8,0.00018960620044399489,30.55792566110147,30.01046949621197,0.34169998252764344,0.3019000287167728,10.274800006300211,0.7958000060170889,11.384400015231222,0,True,on_screen,0.6577763963274916,-3.5769432457738333,-2.005830922211679,False,False,0,0.0
1789812469412,363,1755,608.256536902244,1407.8835208780488,636.3056467082315,1408.1206196611104,2,0,terminal,0.6796865040013083,1664,1,0.8,0.00019186146949560882,30.65214616251116,30.01242406619308,0.1352000399492681,0.2958999830298126,8.138199977111071,0.7057000184431672,9.151599952019751,0,True,on_screen,0.6577763963274916,-3.5280891384523727,-2.058173370536061,False,False,0,0.0
1789812469444,364,1756,560.5104642013396,1416.0257544109047,585.7015987842924,1413.3984197071413,2,0,terminal,0.7585891080073042,1696,1,0.8,0.00019897711139237918,30.771563786540426,30.013671535051966,0.11020002420991659,0.3304000128991902,7.666999998036772,0.6300999666564167,8.638400002382696,0,True,on_screen,0.6577763963274916,-3.4913903996373676,-2.081933365029746,False,False,0,0.0
1789812469476,365,1757,530.7213610810675,1417.5296637123593,558.875743020985,1415.4141286315953,2,0,terminal,0.7956760143499116,1728,1,0.8,0.0002109752183748325,30.79361618017594,30.013942731962356,0.13010000111535192,0.23970002075657248,8.275200030766428,0.6349000032059848,9.161399968434125,0,True,on_screen,0.6577763963274916,-3.470318433726902,-2.124967098816431,False,False,0,0.0
1789812469524,366,1758,524.4256865336927,1389.2306933438742,545.5531083194707,1405.2883878015991,2,0,terminal,0.7965075567605281,1776,1,0.8,0.0001978016905953301,29.786333913830124,30.00668534612763,0.14840002404525876,0.3501999890431762,7.3853000067174435,0.6385999731719494,8.384999993722886,0,True,on_screen,0.6577763963274916,-3.4500612572164187,-2.1428561544975593,False,False,0,0.0
1789812469556,367,1759,514.4921814741854,1369.1625337545333,532.3828374627018,1389.9705164096135,2,0,terminal,0.7847101587864698,1808,1,0.8,0.00020098380308831813,29.997350749757835,30.0072898949298,0.10219996329396963,0.22039999021217227,8.242700016126037,0.7065000245347619,9.178500040434301,0,True,on_screen,0.6577763963274916,-3.450081218663314,-2.146361044453845,False,False,0,0.0
1789812469588,368,1760,511.80304110511037,1347.6284416481474,523.7558189188201,1372.2207846918432,2,0,terminal,0.761388617483376,1840,1,0.8,0.00020428030535902218,30.107687329676924,30.008170781601212,0.10720000136643648,0.2606000052765012,7.6629999675787985,0.6924000335857272,8.628399984445423,0,True,on_screen,0.6577763963274916,-3.44740949439219,-2.1973891929809866,False,False,0,0.0
1789812469620,369,1761,502.1940600317735,1351.511740308777,517.8771605548416,1366.5746127997322,2,0,terminal,0.7549681334818693,1871,1,0.8,0.00021917353867275703,30.227514533362296,30.008910499299372,0.11800002539530396,0.2503999858163297,7.640099967829883,0.6612000288441777,8.563199953641742,0,True,on_screen,0.6577763963274916,-3.435583168849462,-2.2241909600406027,False,False,0,0.0
1789812469652,370,1762,530.6929113906092,1355.2339324487882,519.9739559989457,1364.7191548404112,2,0,terminal,0.7507888586702962,1904,1,0.8,0.00022136164641271307,30.2920022893034,30.009496796520928,0.1382000045850873,0.27820002287626266,7.386199955362827,0.6708000437356532,8.348100003786385,0,True,on_screen,0.6577763963274916,-3.4438899470121953,-2.238158468167537,False,False,0,0.0
1789812469684,371,1763,572.0356714506222,1351.732630486365,544.7193879610904,1358.5465354397681,2,0,terminal,0.7251848776361247,1936,1,0.8,0.00021873522763784375,30.419985597529106,30.01011146703428,0.1438999897800386,0.2736999886110425,7.848899986129254,0.6600000197067857,8.793699962552637,0,True,on_screen,0.6577763963274916,-3.4715716770713527,-2.2017507817513775,False,False,0,0.0
1789812469716,372,1764,583.5838594802871,1351.5099660717203,558.4979142466248,1356.0518776660288,2,0,terminal,0.7103373584765553,1968,1,0.8,0.00023192964052177502,30.49476653099615,30.01058577479909,0.12710003647953272,0.25859999004751444,8.071299991570413,0.7605999708175659,9.102699987124652,0,True,on_screen,0.6577763963274916,-3.474715956355226,-2.204152249927135,False,False,0,0.0
1789812469749,373,1765,609.2511120681496,1344.5900282531002,581.917664889595,1350.7628778260182,2,0,terminal,0.6807324967803502,2001,1,0.8,0.0002303978542855644,30.46290976000784,30.009652702563468,0.271500030066818,0.36450003972277045,9.915599948726594,0.820400018710643,11.113999993540347,0,True,on_screen,0.6577763963274916,-3.4796564852432823,-2.180013990072232,False,False,0,0.0
1789812469780,374,1766,615.8330897650436,1341.9167254141867,592.6554209920637,1347.9621513898214,2,0,terminal,0.6657001312070223,2032,1,0.8,0.00022619287457730473,30.6252023864792,30.011704955813745,0.15020003775134683,0.2899999963119626,8.254799991846085,0.6884000031277537,9.246099973097444,0,True,on_screen,0.6577763963274916,-3.4759171559998094,-2.085518616821449,False,False,0,0.0
1789812469812,375,1767,614.7446802322544,1339.3597319221255,597.5114918969291,1346.0710078963123,2,0,terminal,0.6578730818164802,2064,1,0.8,0.00022255326947415513,30.709186541644936,30.012547333969525,0.13760000001639128,0.27059996500611305,8.10740003362298,0.741399999242276,9.13249998120591,0,True,on_screen,0.6577763963274916,-3.484827733981888,-2.083436609492337,False,False,0,0.0
1789812469844,376,1768,620.0596449904724,1342.8332919119384,602.2903952369583,1345.3847995107476,2,0,terminal,0.6517351688706273,2096,1,0.8,0.00023008415319850616,30.765329791922714,30.01309757659395,0.10990002192556858,0.26670005172491074,8.38140002451837,0.7320999866351485,9.393099986482412,0,True,on_screen,0.6577763963274916,-3.4681382968761625,-2.1254201723009807,False,False,0,0.0
1789812469876,377,1769,617.957273272441,1342.1944050294294,604.703390650424,1344.8934184434327,2,0,terminal,0.6483985838892288,2128,1,0.8,0.00022937618337865416,30.822826736157918,30.01396568998233,0.09899999713525176,0.24779996601864696,8.139399986248463,0.7013000431470573,9.099399961996824,0,True,on_screen,0.6577763963274916,-3.4751098042826243,-2.135133754281614,False,False,0,0.0
1789812469924,378,1770,426.9698910780617,1329.5142756316063,480.2899409497704,1334.1280184751542,2,0,terminal,0.7069596377034856,2176,1,0.8,0.00021459432868827823,29.83679115269443,30.00697875865193,0.21580001339316368,0.25810004444792867,7.462999958079308,0.7131000165827572,8.444399980362505,0,True,on_screen,0.6577763963274916,-3.4803933700895016,-2.1986880920224876,False,False,0,0.0
1789812469957,379,1771,379.6529412666797,1313.8345639398574,409.84404117160693,1319.9226003004464,2,0,terminal,0.6585733077986171,2209,1,0.8,0.00021181360484891394,29.859392154362475,30.005118032810778,0.23040000814944506,0.33629999961704016,11.052400048356503,0.7640999974682927,12.166299973614514,0,True,on_screen,0.6577763963274916,-3.4851535171964088,-2.321313517634772,False,False,0,0.0
1789812469988,380,1772,369.03866669518465,1293.8386995347657,392.2681452970005,1308.687611533806,2,0,terminal,0.6281717222501495,2240,1,0.8,0.0002075302612161694,30.116352610581835,30.007924920255974,0.10010000551119447,0.23030000738799572,8.251699968241155,0.6401999853551388,9.132899984251708,0,True,on_screen,0.6577763963274916,-3.486994314319986,-2.3065477677097026,False,False,0,0.0
1789812470019,381,1773,360.97483967349035,1292.8134313771266,382.3500969195831,1303.6564752058016,2,0,terminal,0.6125957760010389,2271,1,0.8,0.00020434459717161464,30.251489075548285,30.008733810959153,0.09899999713525176,0.2673999988473952,8.088999951723963,0.7194000063464046,9.086399979423732,0,True,on_screen,0.6577763963274916,-3.4905616532451234,-2.35837586767886,False,False,0,0.0
1789812470052,382,1774,365.64336545560343,1290.6686319099786,379.0398224100547,1301.08306180722,2,0,terminal,0.605907758730855,2304,1,0.8,0.0002047206803553539,30.307311167177247,30.008182507389453,0.112100038677454,0.2660999889485538,9.997199987992644,0.7636999944224954,11.038900003768504,0,True,on_screen,0.6577763963274916,-3.5042029260269487,-2.37397801012775,False,False,0,0.0
1789812470084,383,1775,349.556301670756,1288.6893688432913,370.4766538303932,1297.4834482090641,2,0,terminal,0.5932516924159773,2336,1,0.8,0.00020768213402872805,30.415144533720596,30.00905783259285,0.24590000975877047,0.49920001765713096,9.543099964503199,0.7181999972090125,10.775799979455769,0,True,on_screen,0.6577763963274916,-3.4994641060421827,-2.3677052689117546,False,False,0,0.0
1789812470116,384,1776,343.6849036197209,1286.0239984630616,363.3449366570453,1294.4330482199612,2,0,terminal,0.5824310314066641,2368,1,0.8,0.00020755943206091608,30.507974346288588,30.010940153678177,0.14459999511018395,0.23629999486729503,7.6098000281490386,0.6258999928832054,8.482599980197847,0,True,on_screen,0.6577763963274916,-3.489366141749855,-2.32993678257183,False,False,0,0.0
1789812470148,385,1777,348.32861983724445,1283.2913963462947,360.6850588757527,1292.459499538131,2,0,terminal,0.5770728211765845,2400,1,0.8,0.00020645538677771004,30.548883099573402,30.01040376427697,0.15279999934136868,0.2662999904714525,9.491699980571866,0.7467999821528792,10.517499991692603,0,True,on_screen,0.6577763963274916,-3.4947908511504124,-2.408610452577286,False,False,0,0.0
1789812470181,386,1778,352.5553512091555,1280.03790916111,359.5121842698059,1290.6674341261678,2,0,terminal,0.5732953080689573,2433,1,0.8,0.0002068328135578553,30.557861084468964,30.011613008868004,0.10409997776150703,0.23990002227947116,7.895599992480129,0.6681000231765211,8.813599997665733,0,True,on_screen,0.6577763963274916,-3.4945617672607625,-2.407447171998138,False,False,0,0.0
1789812470212,387,1779,355.4232672825006,1274.1382356147428,358.846177018072,1287.9751402722854,2,0,terminal,0.5685839376318896,2463,1,0.8,0.00020618883093121744,30.735223803802292,30.012936790444005,0.09899999713525176,0.264400034211576,7.635899994056672,0.6797999958507717,8.589999983087182,0,True,on_screen,0.6577763963274916,-3.4993391861899283,-2.4130308459754186,False,False,0,0.0
1789812470244,388,1780,359.0307349444493,1271.9971576769137,358.8745876701223,1285.51550652535,2,0,terminal,0.564830440966124,2496,1,0.8,0.00020521067215222358,30.71703970745956,30.01172229210826,0.14910002937540412,0.33740000799298286,10.478799988050014,0.7502000080421567,11.579599988181144,0,True,on_screen,0.6577763963274916,-3.5126374739664357,-2.415821192809856,False,False,0,0.0
1789812470276,389,1781,362.891376870584,1267.3952385240539,359.5813582584965,1282.3271708080306,2,0,terminal,0.560522846938832,2528,1,0.8,0.00020345474188948783,30.785427804256074,30.013724259927088,0.15600002370774746,0.29039999935775995,8.13099998049438,0.6568999961018562,9.095299988985062,0,True,on_screen,0.6577763963274916,-3.525763312914421,-2.4396602575692143,False,False,0,0.0
1789812470308,390,1782,372.01118621167757,1265.4880251541247,362.01966949089456,1279.0239007912162,2,0,terminal,0.5574524902298394,2560,1,0.8,0.0002059006723624246,30.852557995673088,30.014392659240986,0.12209999840706587,0.2361999941058457,8.3710000035353,0.6838000263087451,9.3013999867253,0,True,on_screen,0.6577763963274916,-3.5262313873916185,-2.417993869279403,False,False,0,0.0
1789812470356,391,1783,412.6883360365438,1276.2565767461551,384.84413384939427,1277.7773179750293,2,0,terminal,0.5729292962706232,2608,1,0.8,0.0001957113307592337,29.860889745742675,30.00740763909492,0.1303000026382506,0.2547000185586512,7.735799998044968,0.6772999768145382,8.68209998589009,0,True,on_screen,0.6577763963274916,-3.5621790464442427,-2.3796410654320828,False,False,0,0.0
1789812470389,392,1784,447.0722514175304,1269.253773741111,419.27944220748066,1273.0606258193106,2,0,terminal,0.5849715136494971,2641,1,0.8,0.00018388263889473032,29.925292513915345,30.0075027840115,0.13289996422827244,0.32569997711107135,8.068200026173145,0.631399976555258,9.036800009198487,0,True,on_screen,0.6577763963274916,-3.577235558356989,-2.3654825440765923,False,False,0,0.0
1789812470420,393,1785,465.906028290435,1280.1971517835557,438.86147823057513,1276.0577937497048,2,0,terminal,0.5977494270348904,2672,1,0.8,0.0001764752096299789,30.120654373792387,30.008150415390194,0.10579999070614576,0.27109996881335974,8.744599996134639,0.6809000042267144,9.709400008432567,0,True,on_screen,0.6577763963274916,-3.5880158489055702,-2.3646642024506983,False,False,0,0.0
1789812470452,394,1786,681.7663505239602,1274.7950006928345,608.8948888359447,1275.1738386098955,2,0,terminal,0.5421625249064909,2703,1,0.8,0.00014485833985665268,30.25787782798264,30.009345138610783,0.1218999968841672,0.25179999647662044,7.972299994435161,0.6768999737687409,8.911099983379245,0,True,on_screen,0.6577763963274916,-3.612363621205816,-2.2797197203059953,False,False,0,0.0
1789812470484,395,1787,877.9320864045807,1268.7171235376293,797.2209271339899,1270.6541380593092,2,0,terminal,0.3084497841789937,2736,1,0.8,0.0001002085229715715,30.337805492733292,30.009535559339607,0.1200000406242907,0.25889999233186245,8.69109999621287,0.6953999982215464,9.657399961724877,0,True,on_screen,0.6577763963274916,-3.629288889334333,-2.170561299249256,False,False,0,0.0
1789812470516,396,1788,1023.478260483039,1248.3764441369688,955.6010604783241,1255.059752313671,2,0,terminal,0.054889556446342636,2768,1,0.8,7.96136848263667e-05,30.411564457889362,30.00945962617458,0.13110000872984529,0.26840000646188855,9.852099989075214,0.817699998151511,10.951100033707917,0,True,on_screen,0.6577763963274916,-3.646471314491748,-2.0498102437861867,False,False,0,0.0
1789812470548,397,1789,1082.5842805733453,1241.8543385366613,1044.489314544839,1245.8159626697643,2,1,terminal,0.1694085798739643,2800,1,0.8,7.279328708240974e-05,30.53024521751942,30.010971853647543,0.13429997488856316,0.2818999928422272,8.618400024715811,0.7104999967850745,9.62289999006316,0,True,on_screen,0.6577763963274916,-3.645161062446249,-1.9973374172047011,False,False,0,0.0
1789812470580,398,1790,1264.5052505353897,1208.7045468807498,1198.5004697382246,1219.8379716174543,2,1,terminal,0.3465428887792288,2832,1,0.8,5.2328942940433124e-05,30.61270497065753,30.012235267365583,0.11369999265298247,0.22529996931552887,7.6639000326395035,0.6393999792635441,8.540200011339039,0,True,on_screen,0.6577763963274916,-3.6708149925940177,-1.884229501476462,False,False,0,0.0
1789812470613,399,1791,1489.1785497220237,1191.431106984117,1401.975125726884,1199.9531663741182,2,1,terminal,0.4656786030092379,2865,1,0.8,1.7685699438951125e-05,30.520767207352694,30.0110725776927,0.3651999868452549,0.41009997949004173,9.352599969133735,0.7137000211514533,10.49420004710555,0,True,on_screen,0.6577763963274916,-3.6903054208960384,-1.7149940811406739,False,False,0,0.0
1789812470644,400,1792,1623.9099622369786,1189.9768922293556,1557.32951128395,1192.9697744727844,2,1,terminal,0.4193244774928948,2896,1,0.8,-6.6716053856615e-07,30.703020960332786,30.013281496760765,0.15460001304745674,0.28710003243759274,7.552199997007847,0.6486999918706715,8.502200013026595,0,True,on_screen,0.6577763963274916,-3.7002244051322464,-1.6084084709934923,False,False,0,0.0
1789812470676,401,1793,1690.2882135254201,1193.325784824527,1650.4006028529793,1193.2189817190042,2,1,terminal,0.3428036726618636,2928,1,0.8,-1.4670226493157176e-05,30.763863736699626,30.013394326760203,0.19729998894035816,0.26619998971000314,8.678100013639778,0.7041000062599778,9.659199975430965,0,True,on_screen,0.6577763963274916,-3.703450113967534,-1.5202502794912471,False,False,0,0.0
1789812470708,402,1794,1734.3662876235546,1184.0376627701758,1709.1765821923818,1186.7920584548242,2,1,terminal,0.2703975415748605,2960,1,0.8,-3.237573227619396e-05,30.84789377832588,30.014875432500528,0.11580000864341855,0.25349995121359825,7.512400043196976,0.6081999745219946,8.386600005906075,0,True,on_screen,0.6577763963274916,-3.718828810871628,-1.4295746181452282,False,False,0,0.0
1789812470756,403,1795,1959.9983219279318,1148.750289606566,1884.7518000072669,1160.1628202610434,1,2,second_file,0.0,0,0,1.0,-8.47716529915974e-05,29.839615530062474,30.00594721217079,0.12149999383836985,0.24429999757558107,9.965399978682399,1.1192000238224864,11.340599972754717,0,True,on_screen,0.6577763963274916,-3.7537048517716016,-1.164291072987089,False,False,0,0.0
1789812470788,404,1796,2073.624039378927,1133.2205353065629,2016.9623675674288,1141.303220792907,1,2,second_file,0.200216414601755,32,0,1.0,-0.00010537128029649429,29.988505688821142,30.006933188811367,0.14129996998235583,0.3073000116273761,9.586400003172457,0.873599958140403,10.780600016005337,0,True,on_screen,0.6577763963274916,-3.7327848219081545,-1.0224732869384014,False,False,0,0.0
1789812470821,405,1797,2149.139237056524,1136.2694814290608,2109.4861762097953,1137.7796032382146,1,2,second_file,0.33676580848981597,65,0,1.0,-0.0001146753012386554,30.02035305741342,30.006488965860395,0.4091000300832093,0.3021999727934599,10.989500035066158,0.6929999799467623,11.997000023256987,0,True,on_screen,0.6577763963274916,-3.708221924494069,-0.8376892294521269,False,False,0,0.0
1789812470852,406,1798,2188.9612487044483,1154.4391367679802,2165.1187269560523,1149.4412767090505,1,2,second_file,0.3947014981163386,95,0,1.0,-0.0001231434755199299,30.250609639590387,30.009130887285856,0.13120000949129462,0.27379998937249184,8.147499989718199,0.6761999684385955,9.110099985264242,0,True,on_screen,0.6577763963274916,-3.7218241233153435,-0.744600307725786,False,False,0,0.0
1789812470884,407,1799,2207.326508792916,1170.587713249125,2182.8590863569607,1158.3293387664075,1,2,second_file,0.4038088443931822,128,0,1.0,-0.00013441034167738404,30.357811613706474,30.009501118154738,0.10169995948672295,0.22829999215900898,8.937900012824684,0.5933000356890261,9.767800045665354,0,True,on_screen,0.6577763963274916,-3.7159231858469752,-0.584559461416162,False,False,0,0.0
1789812470916,408,1800,2201.5768700042568,1216.0445945190677,2192.8762010527594,1189.2165606440508,2,2,terminal,0.3401882994080936,0,2,1.0,-0.00012641850728910796,30.382652186139435,30.009262158718947,0.39989996002987027,0.5264999927021563,9.543600026518106,0.7991999736987054,10.895100014749914,0,True,on_screen,0.6577763963274916,-3.7097057610220077,-0.41974191229744345,False,False,0,0.0
1789812470948,409,1801,2189.6422383689714,1232.9857056733474,2191.6085207580777,1206.373617819405,2,2,terminal,0.36389464089579415,32,2,1.0,-0.0001355504093529577,30.498393972180434,30.010793854418374,0.11270004324615002,0.24149997625499964,8.555000007618219,0.6416999967768788,9.449300006963313,0,True,on_screen,0.6577763963274916,-3.712094977849773,-0.2933856086923112,False,False,0,0.0
1789812470980,410,1802,1955.5714856503519,1253.0884425803529,2026.3825961826697,1239.0739951520686,2,2,terminal,0.19491250845504382,64,2,1.0,-0.00012467533531892658,30.586331208812794,30.01113644659766,0.12150005204603076,0.2497999812476337,9.12960001733154,0.8254999993368983,10.21569996373728,0,True,on_screen,0.6577763963274916,-3.713227423738971,-0.4755125415076885,False,False,0,0.0
1789812471012,411,1803,1689.5025105387008,1303.430236740761,1790.5665362318914,1284.1233642641532,2,1,terminal,0.2726589345172237,96,2,1.0,-0.00011848795495801416,30.640306018863647,30.01106734261584,0.12480001896619797,0.2704999642446637,10.581100010313094,0.6843000301159918,11.547599977348,0,True,on_screen,0.6577763963274916,-3.6785092126225436,-0.6574485899304087,False,False,0,0.0
1789812471044,412,1804,1569.6323966645086,1313.2024021814943,1635.9126385347236,1304.478690806292,2,1,terminal,0.5110128423519152,128,2,1.0,-0.0001159420742738327,30.660534288270977,30.012851872519935,0.10149995796382427,0.2300000051036477,7.955700042657554,0.6759999669156969,8.871700032614172,0,True,on_screen,0.6577763963274916,-3.6925693353159943,-0.7747976906710362,False,False,0,0.0
1789812471076,413,1805,1506.4860425421464,1314.686060558588,1545.3140213399195,1311.6238496328992,2,1,terminal,0.6187255375404417,160,2,1.0,-0.00011273938202372921,30.79607909752722,30.013273898325046,0.09980000322684646,0.23970002075657248,9.099500020965934,0.7606999715790153,10.110900038853288,0,True,on_screen,0.6577763963274916,-3.668458216033798,-0.8283214801577392,False,False,0,0.0
1789812471108,414,1806,1448.2683905338668,1317.4153271775301,1477.3820797756825,1315.677883914141,2,1,terminal,0.6677355040379462,192,2,1.0,-0.00010741052510512133,30.81500774412814,30.013390908113603,0.10930001735687256,0.4229999613016844,9.74449998466298,0.741700001526624,10.921599983703345,0,True,on_screen,0.6577763963274916,-3.6625755095818135,-0.9499443885497116,False,False,0,0.0
1789812471156,415,1807,1404.8965844253105,1313.4198694730328,1431.2664015499868,1314.2413224766867,2,1,terminal,0.6714644816463503,240,2,1.0,-9.967123961246264e-05,29.835818041598987,30.007602285730183,0.09679998038336635,0.22490002447739244,7.42879998870194,0.622799969278276,8.287300006486475,0,True,on_screen,0.6577763963274916,-3.6241525514019486,-1.0561495065955373,False,False,0,0.0
1789812471188,416,1808,1406.3292829107938,1294.479379209697,1424.0586488317567,1308.529387494901,2,1,terminal,0.6605655630530725,272,2,0.8,-9.725721564712679e-05,29.96737487463008,30.008111683896487,0.12510002125054598,0.24209998082369566,7.595999981276691,0.6377000245265663,8.487899962347,0,True,on_screen,0.6577763963274916,-3.6346292034959617,-1.068874958007823,False,False,0,0.0
1789812471220,417,1809,1367.1460334701812,1284.6262852997365,1393.0893872638758,1295.522404430376,2,1,terminal,0.6293723788297425,304,2,0.8,-9.18925584744313e-05,30.06292676698426,30.007824577583484,0.13110000872984529,0.2726000384427607,9.025000035762787,0.741399999242276,10.050700046122074,0,True,on_screen,0.6577763963274916,-3.65264781422934,-1.088413132089389,False,False,0,0.0
1789812471253,418,1810,1350.9528192421699,1283.9071508582776,1376.6370769342057,1290.987204595697,2,1,terminal,0.614150059157451,337,2,0.8,-7.306494627728165e-05,30.111617684738974,30.008459716398583,0.1306000049225986,0.25400001322850585,8.447900007013232,0.652099959552288,9.365400008391589,0,True,on_screen,0.6577763963274916,-3.6466798310381137,-1.139052297660428,False,False,0,0.0
1789812471284,419,1811,1339.8083429528428,1290.531453161848,1364.417356503949,1290.8359869320611,2,1,terminal,0.6070918935024554,368,2,0.8,-6.81823182386073e-05,30.277479677086788,30.008241396501234,0.14680001186206937,0.3125000512227416,10.501299984753132,0.825099996291101,11.652299959678203,0,True,on_screen,0.6577763963274916,-3.63021734895122,-1.1654001576570792,False,False,0,0.0
1789812471316,420,1812,1336.2563098858225,1283.1810213758238,1356.9107413610263,1288.7954775311778,2,1,terminal,0.5990368368339063,400,2,0.8,-5.989788303613179e-05,30.409129657203316,30.01026415625801,0.10629999451339245,0.2536000101827085,8.316899999044836,0.6720999954268336,9.254999982658774,0,True,on_screen,0.6577763963274916,-3.6137280450824107,-1.184266626488217,False,False,0,0.0
1789812471348,421,1813,1343.2809618538176,1278.7385119689425,1354.7010451560218,1287.1650154518038,2,1,terminal,0.5949189661025502,432,2,0.8,-6.330913732840136e-05,30.49995972513963,30.01115314101849,0.11550000635907054,0.24480000138282776,7.982200011610985,0.6190999993123114,8.856100030243397,0,True,on_screen,0.6577763963274916,-3.6318943651665734,-1.229003760653137,False,False,0,0.0
1789812471380,422,1814,1419.5874219760913,1263.7724068548807,1394.0194244874224,1272.990091477927,2,1,terminal,0.5908059141292823,464,2,0.8,-7.667185512921781e-05,30.56092553756079,30.01178235444891,0.1401000190526247,0.2699000178836286,7.847199973184615,0.6371000199578702,8.765499980654567,0,True,on_screen,0.6577763963274916,-3.6522287506790008,-1.207650145857106,False,False,0,0.0
1789812471412,423,1815,1488.4199896382925,1262.4622818076566,1460.0998200930317,1265.6206247087378,2,1,terminal,0.584410777596347,496,2,0.8,-8.52449869826917e-05,30.615049734758777,30.011802128794873,0.10549998842179775,0.2541000139899552,8.87479999801144,0.7528000278398395,9.893900016322732,0,True,on_screen,0.6577763963274916,-3.650689319871759,-1.1850389081128847,False,False,0,0.0
1789812471444,424,1816,1550.15613852226,1271.4194370085409,1523.1392429934915,1269.6797933185999,2,1,terminal,0.5674036397556355,528,2,0.8,-9.654162495406453e-05,30.70938321903061,30.013212540060998,0.1218999968841672,0.2511999919079244,7.788199989590794,0.6329999887384474,8.682999992743134,0,True,on_screen,0.6577763963274916,-3.6600813350679005,-1.180268554847411,False,False,0,0.0
1789812471476,425,1817,1587.1064572000562,1282.7629218726795,1559.8912652944337,1277.1966351625001,2,1,terminal,0.5530123893384377,560,2,0.8,-0.00010768988116140708,30.693512490852704,30.013195564903338,0.1029000268317759,0.27730001602321863,8.27309995656833,0.741700001526624,9.303600003477186,0,True,on_screen,0.6577763963274916,-3.678638404860749,-1.1689476304987374,False,False,0,0.0
1789812471508,426,1818,1603.9012900804018,1304.4247283828322,1580.0944931809283,1289.69595491795,2,1,terminal,0.553574823520866,592,2,0.8,-0.00010905557689225819,30.807536381367974,30.014338830343117,0.10330002987757325,0.2595999976620078,7.951000006869435,0.6785999867133796,8.901799970772117,0,True,on_screen,0.6577763963274916,-3.6824744114410635,-1.1831232949474857,False,False,0,0.0
1789812471555,427,1819,1625.4293969287464,1301.0060788750475,1598.9619265320123,1294.402990608156,2,1,terminal,0.5408747924885784,639,2,0.8,-0.00010859968841096627,29.830106416611738,30.007204418002278,0.10920001659542322,0.22340001305565238,8.210200001485646,0.6416999967768788,9.084400022402406,0,True,on_screen,0.6577763963274916,-3.7040634940211703,-1.135989071673714,False,False,0,0.0
1789812471588,428,1820,1633.7375990589896,1320.7449554880843,1612.5158491703864,1304.669850403559,2,1,terminal,0.5395966542122327,672,2,0.8,-0.00010045285436719072,29.963914126208483,30.00732242971365,0.12630003038793802,0.2830000012181699,9.130799968261272,0.6621000356972218,10.087199974805117,0,True,on_screen,0.6577763963274916,-3.714800591850576,-1.1305143204662735,False,False,0,0.0
1789812471620,429,1821,1631.7478574010224,1325.362016735314,1617.489225799943,1310.0208223465365,2,1,terminal,0.5406862266652588,703,2,0.8,-0.00010025813271908636,30.09362662111244,30.00888124460761,0.11779996566474438,0.24359999224543571,7.403300027363002,0.6137000164017081,8.271600003354251,0,True,on_screen,0.6577763963274916,-3.726563306605385,-1.1240668201341777,False,False,0,0.0
1789812471652,430,1822,1637.3228192343342,1325.2048129702353,1622.0648138222691,1313.523752153923,2,1,terminal,0.5395783447390459,736,2,0.8,-9.964084338432745e-05,30.19677500892984,30.00786902840545,0.13269996270537376,0.41340000461786985,10.274200001731515,0.813600025139749,11.514600017108023,0,True,on_screen,0.6577763963274916,-3.7395755762380816,-1.1980651787861252,False,False,0,0.0
1789812471684,431,1823,1640.5428893236738,1333.8420180480118,1626.719419035824,1318.6418991359415,2,1,terminal,0.5401416172436304,768,2,0.8,-9.981372836366346e-05,30.241179721648436,30.00977979710065,0.15089998487383127,0.31779997516423464,7.375599991064519,0.6296000210568309,8.334800018928945,0,True,on_screen,0.6577763963274916,-3.7479514672401706,-1.2230445174207467,False,False,0,0.0
1789812471715,432,1824,1663.0131502847403,1334.8744209578442,1639.667670433523,1324.4330582737857,2,1,terminal,0.5302837415721284,799,2,0.8,-0.00010282973972067753,30.426654581845515,30.010204999849492,0.08629995863884687,0.22149999858811498,8.540599956177175,0.8682000334374607,9.639700001571327,0,True,on_screen,0.6577763963274916,-3.7644150776802974,-1.2296297231099875,False,False,0,0.0
1789812471748,433,1825,1672.020636523012,1334.6172912928198,1649.5983465777058,1327.5590875722796,2,1,terminal,0.5204971130184559,832,2,0.8,-0.00010296599846182537,30.495270314931574,30.01107050013649,0.1286999904550612,0.26489997981116176,8.104800013825297,0.6855999818071723,9.066600003279746,0,True,on_screen,0.6577763963274916,-3.754452542878198,-1.167621097044116,False,False,0,0.0
1789812471779,434,1826,1680.383544557134,1344.24658573976,1659.3364058702014,1332.837723321412,2,1,terminal,0.5127990027215192,863,2,0.8,-9.743488865133522e-05,30.58688088009329,30.01189766295844,0.12159999459981918,0.2582999877631664,7.929700019303709,0.6758999661542475,8.875300001818687,0,True,on_screen,0.6577763963274916,-3.762232792714798,-1.17285516598215,False,False,0,0.0
1789812471812,435,1827,1693.010504240619,1344.7897844366098,1670.1936924321715,1336.6913365973026,2,1,terminal,0.5013787562186083,896,2,0.8,-9.688274259589229e-05,30.607949241583615,30.012515859800086,0.16140000661835074,0.3062000032514334,7.525300025008619,0.6260999944061041,8.471199951600283,0,True,on_screen,0.6577763963274916,-3.752556731598361,-1.161118637856664,False,False,0,0.0
1789812471844,436,1828,1703.7458565268435,1349.067415819572,1681.0201442130683,1340.6847906278203,2,1,terminal,0.4895840052628754,928,2,0.8,-9.824406431358304e-05,30.675644542508763,30.01313729857977,0.15169999096542597,0.2452000044286251,7.675200002267957,0.6338999955914915,8.56530002783984,0,True,on_screen,0.6577763963274916,-3.7738062834578727,-1.0946714769603754,False,False,0,0.0
1789812471876,437,1829,1697.372193854076,1349.4062087405337,1683.8934965567169,1342.2173023143832,2,1,terminal,0.4868172999610534,960,2,0.8,-0.00010307507552446797,30.706827881052902,30.01358737582159,0.11870003072544932,0.2540999557822943,7.820700004231185,0.6147000240162015,8.699099998921156,0,True,on_screen,0.6577763963274916,-3.782285148020776,-1.0967017390750369,False,False,0,0.0
1789812471909,438,1830,1688.3898271104547,1351.0105741581801,1684.4330562231653,1343.2724949356389,2,1,terminal,0.4870253033697006,993,2,0.8,-0.00010270604837148666,30.70870041670371,30.013847552827894,0.31889998354017735,0.35149999894201756,7.863999984692782,0.714799971319735,8.942599990405142,0,True,on_screen,0.6577763963274916,-3.7748524057197415,-1.1323331896578102,False,False,0,0.0
1789812471956,439,1831,1689.424334889271,1350.6166166744301,1685.032009663098,1344.1537895442939,2,1,terminal,0.48697146837615857,1040,2,0.8,-0.0001030428108287993,29.772516245029685,30.00738104548701,0.09350001346319914,0.242199981585145,7.660900009796023,0.6474999827332795,8.561599999666214,0,True,on_screen,0.6577763963274916,-3.776660416197217,-1.2271278815135838,False,False,0,0.0
1789812471988,440,1832,1685.039541898197,1351.004128198397,1685.03291353131,1344.9758301827862,2,1,terminal,0.48774804443160813,1072,2,0.8,-0.00010221941506235836,29.916353509658883,30.007931954736033,0.12399995466694236,0.32890000147745013,7.752300007268786,0.6322999834083021,8.725700026843697,0,True,on_screen,0.6577763963274916,-3.7839980363863503,-1.257564072874479,False,False,0,0.0
1789812472020,441,1833,1686.1350130817323,1347.9533528998804,1685.1651654773607,1345.3331329088376,2,1,terminal,0.487887663321118,1104,2,0.8,-0.00010822808427066351,30.032219040480218,30.008373662339146,0.1289999927394092,0.2541999565437436,8.082600019406527,0.6231999723240733,8.97109997458756,0,True,on_screen,0.6577763963274916,-3.76690753594184,-1.2587503340424981,False,False,0,0.0
1789812472052,442,1834,1689.8363628216719,1345.524930867996,1685.725709158678,1345.3561486639367,2,1,terminal,0.4870715003552927,1136,2,0.8,-0.000109387420132806,30.119212894007333,30.00889862020197,0.1700000138953328,0.25289994664490223,8.004900009837002,0.5973000079393387,8.865699986927211,0,True,on_screen,0.6577763963274916,-3.753733095206286,-1.2717307689516266,False,False,0,0.0
1789812472084,443,1835,1680.6900952312983,1354.272319957637,1685.1214354873923,1346.4260892191808,2,1,terminal,0.4889807735148929,1168,2,0.8,-0.00010258887217245126,30.282701234458962,30.009450605627453,0.10409997776150703,0.25240000104531646,8.660599996801466,0.6473999819718301,9.572400012984872,0,True,on_screen,0.6577763963274916,-3.749082892378965,-1.2235452648988363,False,False,0,0.0
1789812472116,444,1836,1676.1129866433905,1358.7739400033608,1683.7880371070328,1348.2537739317945,2,1,terminal,0.4926891410356907,1200,2,0.8,-0.00010017743166064637,30.350808969270727,30.01048277933172,0.14070002362132072,0.23710000095888972,7.642799988389015,0.6053000106476247,8.495200017932802,0,True,on_screen,0.6577763963274916,-3.750993269638087,-1.2163719228457053,False,False,0,0.0
1789812472149,445,1837,1674.633266973301,1360.3151807899255,1682.4441037040724,1350.0244057801694,2,1,terminal,0.49635590650088135,1233,2,0.8,-9.883324478488463e-05,30.316253165438795,30.009596732534213,0.19259995315223932,0.46770001063123345,9.125699987635016,0.6775000365450978,10.296899999957532,0,True,on_screen,0.6577763963274916,-3.7526274485037163,-1.19801939693278,False,False,0,0.0
1789812472180,446,1838,1673.9078180557487,1367.3387378590112,1680.8879302936361,1353.1808258334097,2,1,terminal,0.501616643298002,1264,2,0.6,-0.00010034731137418748,30.5630369011222,30.011392295126893,0.09849999332800508,0.24620001204311848,8.54730000719428,0.6496999994851649,9.452400030568242,0,True,on_screen,0.6577763963274916,-3.764104122325051,-1.1378041036493334,False,False,0,0.0
1789812472212,447,1839,1620.3678567853601,1371.375002202621,1647.1982247098422,1363.308976869686,2,1,terminal,0.5614704369420602,1296,2,0.6,-0.00010056866702652136,30.637476165150062,30.012651336237788,0.11500000255182385,0.21739996736869216,7.415100000798702,0.618399993982166,8.261199982371181,0,True,on_screen,0.6577763963274916,-3.7709894686979624,-1.058337464962553,False,False,0,0.0
1789812472244,448,1840,1409.8624526195279,1356.3738935750205,1481.0631842466223,1358.45441856342,2,1,terminal,0.7396263565145584,1328,2,0.6,-8.614833594865548e-05,30.705246022797844,30.012247117276374,0.09029998909682035,0.24060002760961652,9.43340000230819,0.7888000109232962,10.473000002093613,0,True,on_screen,0.6577763963274916,-3.7475552778239773,-1.1764046602391347,False,False,0,0.0
1789812472276,449,1841,1296.9381562811166,1347.8635440156324,1352.1756646707684,1351.0408063799687,2,1,terminal,0.6945053986801839,1360,2,0.6,-6.469014145811351e-05,30.71245891195394,30.01316952122227,0.1010000123642385,0.23850001161918044,8.44789994880557,0.7186000002548099,9.416099986992776,0,True,on_screen,0.6577763963274916,-3.7599259730200174,-1.3508874278143108,False,False,0,0.0
1789812472308,450,1842,1228.6312323670975,1329.815294299116,1265.6945620581987,1336.1829479233718,2,1,terminal,0.577407633898203,1392,2,0.6,-4.3046856042368645e-05,30.778428554815253,30.013571609172025,0.0990999978967011,0.24070002837106586,9.040400036610663,0.7445999654009938,10.037100000772625,0,True,on_screen,0.6577763963274916,-3.7430342695934655,-1.4354008984852566,False,False,0,0.0
1789812472356,451,1843,1186.0014142929222,1287.6781472185219,1209.9093586225051,1302.2295874299768,2,1,terminal,0.463984857826501,1440,2,0.6,-1.0544936705240635e-05,29.766530662516026,30.00640774382812,0.1466000103391707,0.31259999377653,8.625700022093952,0.6618999759666622,9.611600020434707,0,True,on_screen,0.6577763963274916,-3.7425644033100127,-1.5171165563139517,False,False,0,0.0
1789812472387,452,1844,1166.1960776441306,1281.1482599291367,1191.0431747488162,1293.1311122748161,2,1,terminal,0.4281514807873261,1471,2,0.6,-9.997243908174344e-06,30.002068500280178,30.007822114921343,0.14400004874914885,0.2586999908089638,7.998599961865693,0.6422000005841255,8.909899974241853,0,True,on_screen,0.6577763963274916,-3.744867208448227,-1.5583489240382076,False,False,0,0.0
1789812472419,453,1845,1249.0687636040107,1265.7424089289996,1223.8238197497365,1277.6582945209925,2,1,terminal,0.45214077136221986,1503,2,0.6,-1.5030735799127434e-05,30.142012880428933,30.00878217990603,0.0990999978967011,0.22439996246248484,7.536600052844733,0.6516000139527023,8.421899983659387,0,True,on_screen,0.6577763963274916,-3.738991354907398,-1.4269104617127328,False,False,0,0.0
1789812472452,454,1846,1326.344851813982,1260.9328763581823,1295.5885421947082,1265.9505018070254,2,1,terminal,0.5141392545047387,1536,2,0.6,-2.1974126999618412e-05,30.182309953572073,30.008503281677857,0.24389999452978373,0.2882999833673239,8.569199999328703,0.7088999846018851,9.57870000274852,0,True,on_screen,0.6577763963274916,-3.7390848412233595,-1.3274736017466777,False,False,0,0.0
1789812472484,455,1847,1400.9891825838445,1247.5622854015917,1369.3689904671037,1253.0787503232218,2,1,terminal,0.5462775579036742,1568,2,0.6,-3.082508530251847e-05,30.31512432033801,30.009799442503947,0.09180000051856041,0.21719996584579349,7.65839999075979,0.624600041192025,8.508400002028793,0,True,on_screen,0.6577763963274916,-3.753089528416382,-1.3197479282847915,False,False,0,0.0
1789812472516,456,1848,1465.8651890158521,1242.7896541434698,1436.9163294512277,1245.8763829973955,2,1,terminal,0.5510161224580874,1600,2,0.6,-3.957979333348363e-05,30.409647383437466,30.010451821927496,0.09470002260059118,0.23770000552758574,7.618100033141673,0.6349000032059848,8.502999960910529,0,True,on_screen,0.6577763963274916,-3.761004837436417,-1.2707587614234879,False,False,0,0.0
1789812472547,457,1849,1527.2906492616678,1236.571131607128,1500.1783533185358,1239.3627070242082,2,1,terminal,0.5274275755923918,1631,2,0.6,-3.996683828719032e-05,30.52461073991723,30.011316587404576,0.11370005086064339,0.24050002684816718,7.52210000064224,0.5880999960936606,8.363000000827014,0,True,on_screen,0.6577763963274916,-3.7622090070154286,-1.2235960029316335,False,False,0,0.0
1789812472580,458,1850,1571.4572315632083,1234.2005907952173,1544.8849095978176,1236.1249955815647,2,1,terminal,0.4983458628296671,1664,2,0.6,-3.9981767580387836e-05,30.5186360009329,30.011488917089707,0.1857000170275569,0.27009996119886637,7.543999992776662,0.6807000027038157,8.505099976900965,0,True,on_screen,0.6577763963274916,-3.7584356600887645,-1.2081780273212988,False,False,0,0.0
1789812472612,459,1851,1614.0646355216654,1227.4974563589449,1587.2422973738921,1230.8425227251664,2,1,terminal,0.45798832160561376,1696,2,0.6,-4.0947425674396284e-05,30.591596633185546,30.01081362088487,0.26890001026913524,0.43429998913779855,10.004799987655133,0.7557999924756587,11.211800039745867,0,True,on_screen,0.6577763963274916,-3.756875225899904,-1.1849176036833338,False,False,0,0.0
1789812472644,460,1852,1643.223168268329,1228.5029181875911,1614.9834933354725,1229.6831369043944,2,1,terminal,0.4311168337462784,1728,2,0.6,-3.627013751948162e-05,30.735881309613617,30.01292553959517,0.1314000110141933,0.2953999792225659,7.987399992998689,0.6793999928049743,8.97419999819249,0,True,on_screen,0.6577763963274916,-3.763646414118284,-1.1480361455199881,False,False,0,0.0
1789812472675,461,1853,1670.7620348291102,1229.0662143284474,1642.5065392089027,1229.3787261416983,2,1,terminal,0.4028658426327596,1759,2,0.6,-3.379588589089329e-05,30.805178162570524,30.01385924372398,0.09250000584870577,0.22200000239536166,7.643099990673363,0.6789000472053885,8.554600004572421,0,True,on_screen,0.6577763963274916,-3.7448839126369364,-1.143765048302087,False,False,0,0.0
1789812472708,462,1854,1687.5383661786277,1234.3395144635444,1660.7023532961707,1231.3832102611477,2,1,terminal,0.3858094339409486,1792,2,0.6,-3.4622078493804984e-05,30.804378856392464,30.013277572913122,0.10490004206076264,0.26810000417754054,9.565600019413978,0.7535999757237732,10.599099972750992,0,True,on_screen,0.6577763963274916,-3.7319312454969236,-1.126752290272041,False,False,0,0.0
1789812472755,463,1855,1716.4283199320266,1231.0853882034119,1688.1732243188662,1231.2363948386492,2,1,terminal,0.3537203735371284,1839,2,0.4,-4.007071494385034e-05,29.822735423446733,30.00736790075338,0.09660003706812859,0.228899996727705,7.579399971291423,0.6245000404305756,8.44349997350946,0,True,on_screen,0.6577763963274916,-3.73504994433938,-1.065630065052352,False,False,0,0.0
1789812472789,464,1856,1712.6681162605303,1244.7294151585397,1694.4482063148694,1234.6929710007591,2,1,terminal,0.35056994801141206,1873,2,0.4,-3.687011303495254e-05,29.85625256268237,30.007528316528287,0.16689999029040337,0.27630000840872526,7.3636999586597085,0.6270000012591481,8.279000001493841,0,True,on_screen,0.6577763963274916,-3.7466729227722055,-1.0539824584065274,False,False,0,0.0
1789812472819,465,1857,1724.3767159012652,1248.4113780977643,1703.3806431638893,1238.7873548092616,2,1,terminal,0.34466224792752376,1903,2,0.4,-3.8748483689803395e-05,30.122395455843417,30.008309926392872,0.11939997784793377,0.26569998590275645,8.251700026448816,0.7113000028766692,9.239799983333796,0,True,on_screen,0.6577763963274916,-3.7556510542643764,-1.005962890166017,False,False,0,0.0
1789812472852,466,1858,1742.183518982266,1245.4412793145275,1717.0952715553908,1241.1391418871567,2,1,terminal,0.330085781244445,1936,2,0.4,-4.2831251710220494e-05,30.199455192685633,30.008568544600486,0.1287000486627221,0.285400019492954,8.61099996836856,0.7479999912902713,9.660899988375604,0,True,on_screen,0.6577763963274916,-3.7564656848638265,-0.9800360194791572,False,False,0,0.0
1789812472884,467,1859,1756.6753851594758,1243.7200124794995,1731.1841726474288,1242.057826226231,2,1,terminal,0.3127648906367446,1968,2,0.4,-4.34908707081013e-05,30.31344138345615,30.00872240081113,0.15169999096542597,0.24119997397065163,8.813299995381385,1.693100028205663,10.757800017017871,0,True,on_screen,0.6577763963274916,-3.7530216128282348,-0.9741528441199144,False,False,0,0.0
1789812472915,468,1860,1765.3993757973644,1241.606368189333,1741.7740523649977,1241.9180963439524,2,1,terminal,0.29849046375035326,1999,2,0.4,-4.787401536360779e-05,30.422988184879102,30.0101405233065,0.09870005305856466,0.22749998606741428,8.369899995159358,0.7056999602355063,9.314599970821291,0,True,on_screen,0.6577763963274916,-3.7626510946566043,-0.997740739663416,False,False,0,0.0
1789812472947,469,1861,1766.6532113665598,1244.6561133938092,1747.5244432755403,1242.5509420263734,2,1,terminal,0.29145728879181987,2031,2,0.4,-5.376067117868026e-05,30.511893064753664,30.01111252959144,0.11640001321211457,0.2440999960526824,7.826399989426136,0.6096999859437346,8.691399998497218,0,True,on_screen,0.6577763963274916,-3.765517574796121,-0.9815279801852019,False,False,0,0.0
1789812472979,470,1862,1766.498942166023,1246.4918077429506,1750.9956786365883,1243.2718924191865,2,1,terminal,0.28755569823097615,2063,2,0.4,-5.4849292677105685e-05,30.58044893656873,30.01104427384734,0.10130001464858651,0.23329997202381492,9.128500008955598,0.7264000014401972,10.099799954332411,0,True,on_screen,0.6577763963274916,-3.7709680048660914,-0.9581184355812128,False,False,0,0.0
1789812473012,471,1863,1766.1691451641225,1248.4569245472705,1753.3386969082896,1244.0725416968853,2,1,terminal,0.28525428839871536,2096,2,0.4,-5.532621325900211e-05,30.5542321759418,30.011820404355884,0.14150002971291542,0.3051000530831516,7.895200047641993,0.6185999955050647,8.831999963149428,0,True,on_screen,0.6577763963274916,-3.774764622684046,-0.9807914379647623,False,False,0,0.0
1789812473043,472,1864,1698.5037400022545,1259.8200670047186,1725.687536367444,1252.0134132681733,2,1,terminal,0.3316624038481062,2127,2,0.4,-5.413733957084811e-05,30.727552527460865,30.01306130106659,0.0955999712459743,0.20439998479560018,7.73239997215569,0.667500018607825,8.612400037236512,0,True,on_screen,0.6577763963274916,-3.7675645545782857,-0.9949611668296973,False,False,0,0.0
1789812473076,473,1865,1565.590418615128,1255.2697462841757,1613.6195539408227,1254.2928463793749,2,1,terminal,0.46848462095481447,2160,2,0.4,-4.942510024881497e-05,30.765120438050353,30.013483118775774,0.12989999959245324,0.2820999943651259,8.029000018723309,0.5851999740116298,8.907000010367483,0,True,on_screen,0.6577763963274916,-3.7701085891484354,-1.1002741032398606,False,False,0,0.0
1789812473108,474,1866,1463.9199324998979,1239.8318399472605,1508.8298189321754,1244.1701418768948,2,1,terminal,0.5319627527655896,2192,2,0.4,-4.01195733451213e-05,30.815709413539302,30.01448227725178,0.1029000268317759,0.2270000404678285,7.341499964240938,0.6002000300213695,8.177099982276559,0,True,on_screen,0.6577763963274916,-3.7604059028690813,-1.20682441788938,False,False,0,0.0
1789812473155,475,1867,1384.6528411741117,1208.7871547372683,1421.9059345015307,1219.4020508791564,2,1,terminal,0.5032483663122678,2239,2,0.4,-2.429112361234699e-05,29.829524641252398,30.00711473995881,0.15769997844472528,0.24510000366717577,8.140599995385855,0.6465999758802354,9.042999998200685,0,True,on_screen,0.6577763963274916,-3.725882611122131,-1.3527470826338537,False,False,0,0.0
1789812473187,476,1868,1358.7698448088527,1180.8289167311289,1380.9488407705953,1194.3792235471697,2,1,terminal,0.4500848482029902,2271,2,0.4,-1.6672500032049314e-05,29.961012276932852,30.008170527658343,0.07609999738633633,0.2264999784529209,7.2481000097468495,0.5863999831490219,8.069599978625774,0,True,on_screen,0.6577763963274916,-3.740410217931128,-1.3078911906819373,False,False,0,0.0
1789812473220,477,1869,1354.4115771418953,1159.7081109112173,1370.5979124531955,1180.85566638617,2,1,terminal,0.4230018828486325,2304,2,0.4,-4.5768687876295705e-06,29.99708852048607,30.008146706096266,0.15739997616037726,0.36120001459494233,7.4958999757654965,0.5948999896645546,8.463700010906905,0,True,on_screen,0.6577763963274916,-3.740254826723202,-1.2656141297255143,False,False,0,0.0
1789812473252,478,1870,1354.4761164579488,1131.9967139083346,1363.2385402543014,1158.5522445689926,1,1,main_file,0.5235195065322303,0,5,0.6,-4.741150511558892e-06,30.207704066601327,30.0093936142122,0.09190000128000975,0.21679996279999614,7.247900008223951,0.5747000104747713,8.049299998674542,0,True,on_screen,0.6577763963274916,-3.732288478033439,-1.252768431170315,False,False,0,0.0
1789812473284,479,1871,1327.401273604657,1121.690909564489,1346.8913452428897,1141.7379200394298,1,1,main_file,0.5423474801906425,31,5,0.6,1.8795942616781774e-05,30.287699239919203,30.010062914652945,0.18259999342262745,0.20860001677647233,6.939199985936284,0.5750000127591193,7.7315999660640955,0,True,on_screen,0.6577763963274916,-3.70893334502162,-1.3101939260777686,False,False,0,0.0
1789812473316,480,1872,1324.1004743010005,1119.733648554983,1340.3308245849864,1135.4038278494515,1,1,main_file,0.5483802673262229,63,5,0.6,2.4349374669161913e-05,30.398558025689326,30.010043409300483,0.09310001041740179,0.2188000362366438,8.209999999962747,0.8047999581322074,9.243600012268871,0,True,on_screen,0.6577763963274916,-3.6930599977021643,-1.358865369009304,False,False,0,0.0
1789812473348,481,1873,1313.781108143095,1115.7200056795284,1332.3778837064897,1129.5075587001043,1,1,main_file,0.5521718403235734,95,5,0.6,3.2946657236380614e-05,30.48489408083165,30.0110574162858,0.11790002463385463,0.23809995036572218,7.5119000393897295,0.707699975464493,8.468999993056059,0,True,on_screen,0.6577763963274916,-3.689465586502507,-1.3611386368373155,False,False,0,0.0
1789812473380,482,1874,1309.5464601290225,1107.6513403821891,1325.8199784602102,1123.2297631748029,1,1,main_file,0.557033731391939,128,5,0.6,3.728262555096999e-05,30.559023679709476,30.011202009466817,0.19539997447282076,0.30499999411404133,8.485500002279878,0.6633999873884022,9.464900009334087,0,True,on_screen,0.6577763963274916,-3.7026268768113084,-1.321201460529633,False,False,0,0.0
1789812473412,483,1875,1312.188388421411,1099.6378900424004,1322.4114323094902,1117.3306723039034,1,1,main_file,0.5634529555464418,159,5,0.6,3.649829698751904e-05,30.60505071044644,30.011990102181617,0.14159997226670384,0.26350002735853195,7.97839998267591,0.6547999801114202,8.907200011890382,0,True,on_screen,0.6577763963274916,-3.729423749557043,-1.3311820077887,False,False,0,0.0
1789812473445,484,1876,1310.5842153256597,1083.8040611121407,1318.6162989694926,1106.5726080792472,1,1,main_file,0.5767145722771805,192,5,0.6,3.737105728438862e-05,30.609501242860702,30.01243956427142,0.14150002971291542,0.2739999908953905,7.728399999905378,0.6189999985508621,8.664300024975091,0,True,on_screen,0.6577763963274916,-3.7442364969103608,-1.3363540851766673,False,False,0,0.0
1789812473475,485,1877,1300.8670817507946,1080.2024181269462,1313.4908117393772,1098.9576203200209,1,1,main_file,0.5834692753681671,222,5,0.6,4.363851453069098e-05,30.78511130349689,30.013666308027293,0.10030000703409314,0.2332000294700265,7.591899950057268,0.6947999936528504,8.530599996447563,0,True,on_screen,0.6577763963274916,-3.760912266759476,-1.3254989235870656,False,False,0,0.0
1789812473508,486,1878,1294.5571424355662,1081.376956835728,1308.9841513226118,1094.7730072398087,1,1,main_file,0.5852979765294323,255,5,0.6,4.9690062893556486e-05,30.796978280855676,30.01421820505431,0.11520000407472253,0.2460000105202198,7.409899961203337,0.6712999893352389,8.339599997270852,0,True,on_screen,0.6577763963274916,-3.786887929511721,-1.3895069416554164,False,False,0,0.0
1789812473540,487,1879,1300.9274462111032,1050.793655746847,1305.7694653341414,1077.2249149279176,1,1,main_file,0.6072341628481241,287,5,0.6,5.239777952016807e-05,30.847033767014644,30.014372651509458,0.11019996600225568,0.22610003361478448,8.534199965652078,0.6132000125944614,9.383500029798597,0,True,on_screen,0.6577763963274916,-3.8006115714572957,-1.3784940011855764,False,False,0,0.0
1789812473588,488,1880,1301.2998483118122,998.6274805321016,1302.6893626476308,1023.0618473483075,1,1,main_file,0.6742509381135724,335,5,0.6,6.843313096499028e-05,29.850858937017094,30.00779902699338,0.12280000373721123,0.242499983869493,7.641299976967275,0.6467000348493457,8.541799965314567,0,True,on_screen,0.6577763963274916,-3.7943227021992243,-1.4307405268823419,False,False,0,0.0
1789812473619,489,1881,1285.7137945969278,981.0984545350045,1295.8355200604904,1006.1192338283547,1,1,main_file,0.6837490948109143,366,5,0.6,0.0001117351811462542,30.01409026713231,30.008796501973443,0.09410001803189516,0.22330001229420304,7.15909997234121,0.6269000004976988,8.019800006877631,0,True,on_screen,0.6577763963274916,-3.7616141203739346,-1.5976236918179278,False,False,0,0.0
1789812473652,490,1882,1273.0509024306466,978.9711674841755,1288.5456046485451,997.4332374047094,1,1,main_file,0.681845258528628,399,5,0.6,0.00011871403758475889,30.05666374615342,30.008869741744867,0.17529999604448676,0.32049999572336674,7.28070002514869,0.7264000014401972,8.338699990417808,0,True,on_screen,0.6577763963274916,-3.7590448936636847,-1.5117242348548792,False,False,0,0.0
1789812473684,491,1883,1265.945206071011,956.2776666638362,1279.0957849370748,980.225013297967,1,1,main_file,0.6823629141597155,431,5,0.6,0.0001216364998919018,30.241807838739064,30.00939246174714,0.12769998284056783,0.27860002592206,8.239799994044006,0.6982999620959163,9.229100018274039,0,True,on_screen,0.6577763963274916,-3.7621722146355694,-1.4364967352636304,False,False,0,0.0
1789812473716,492,1884,1257.058946466238,952.1037786285457,1271.9915873966206,971.159338725935,1,1,main_file,0.6776603254760263,463,5,0.6,0.00011777698119018118,30.345481220128633,30.01014878242853,0.12290000449866056,0.24540000595152378,8.027100004255772,0.714799971319735,8.999000012408942,0,True,on_screen,0.6577763963274916,-3.786946538801118,-1.3942131392237749,False,False,0,0.0
1789812473748,493,1885,1243.9233488442783,949.2082355335319,1262.9656404251662,964.1004884525173,1,1,main_file,0.6673694811379886,495,5,0.6,0.00011665636823119697,30.404695761097123,30.00972311847235,0.16520003555342555,0.2845999551936984,9.79650003137067,0.7958000060170889,10.889199969824404,0,True,on_screen,0.6577763963274916,-3.7829606366384496,-1.345677928392411,False,False,0,0.0
1789812473780,494,1886,1231.8472529612757,948.0412934906996,1253.1219932942613,959.0205000182202,1,1,main_file,0.6537754511275681,527,5,0.6,0.00011959584937928751,30.47966568027352,30.01121046012055,0.13950001448392868,0.2954000374302268,8.033699996303767,0.6562999915331602,8.998800010886043,0,True,on_screen,0.6577763963274916,-3.7739321008541253,-1.3184714809412355,False,False,0,0.0
1789812473812,495,1887,1227.4425079456626,941.6983394348982,1245.8841930605868,954.138223904982,1,1,main_file,0.6439751048866573,559,5,0.6,0.00011853102976277716,30.58001633606309,30.01238409261848,0.1010000123642385,0.24279998615384102,7.2484000120311975,0.596199999563396,8.097699959762394,0,True,on_screen,0.6577763963274916,-3.7852242169226997,-1.2733088836425164,False,False,0,0.0
1789812473844,496,1888,1216.6254733980727,938.7931502164702,1237.1227800402517,949.5431995852822,1,1,main_file,0.6310519771265608,592,5,0.6,0.00012162737690022025,30.655317955971427,30.01304448305139,0.09859999408945441,0.24089997168630362,7.214099983684719,0.652100017759949,8.117999997921288,0,True,on_screen,0.6577763963274916,-3.7862929768584763,-1.301537911303487,False,False,0,0.0
1789812473876,497,1889,1219.4794873857304,931.5472068238207,1233.0188545921133,945.3572341816335,1,1,main_file,0.6256571582188528,623,5,0.6,0.00011484146640639188,30.655897659125788,30.01334392637433,0.1401000190526247,0.3635000321082771,7.223500055260956,0.5960999988019466,8.194199996069074,0,True,on_screen,0.6577763963274916,-3.8004326374754385,-1.4030942550429313,False,False,0,0.0
1789812473907,498,1890,1209.5037477486483,927.4339173510118,1226.6736346961034,940.5208799471744,1,1,main_file,0.6163855458207308,654,5,0.6,0.00010996603440031026,30.79417303571391,30.014194760835153,0.10529998689889908,0.21510000806301832,7.642399985343218,0.6466999766416848,8.515399997122586,0,True,on_screen,0.6577763963274916,-3.81460255157063,-1.4357263008484986,False,False,0,0.0
1789812473940,499,1891,1206.1787490182064,924.9754200256257,1221.8152418151628,936.8357678172126,1,1,main_file,0.6090862584217045,687,5,0.6,0.0001065634038643435,30.747006753183168,30.014141581051703,0.12640003114938736,0.24779996601864696,8.027200005017221,0.6794999935664237,8.965699991676956,0,True,on_screen,0.6577763963274916,-3.826445305365951,-1.5551195344016924,False,False,0,0.0
1789812473987,500,1892,1189.4062725620297,923.8238903260077,1211.5894375613875,932.7302095330256,1,1,main_file,0.592353625127962,734,5,0.6,0.00011763167792751099,29.799155640221556,30.00791921994254,0.09029998909682035,0.21840003319084644,7.447499956469983,0.6605000235140324,8.336500031873584,0,True,on_screen,0.6577763963274916,-3.8146428340976968,-1.749664306718792,False,False,0,0.0
1789812474020,501,1893,1191.8311428681964,920.9777108495693,1207.3664395879628,930.2183136992209,1,1,main_file,0.5855620658940779,767,5,0.6,0.00011799237010616005,29.904745601578167,30.007223228458695,0.1431000418961048,0.30210003023967147,9.68229997670278,0.7177999941632152,10.71499998215586,0,True,on_screen,0.6577763963274916,-3.820848394014291,-1.691103118957165,False,False,0,0.0
1789812474051,502,1894,1197.459290552488,916.5321594948825,1205.763890161158,928.0044842214583,1,1,main_file,0.5832366917732624,799,5,0.6,0.00011750392494133503,30.08244734956883,30.008924597136964,0.18719997024163604,0.22929999977350235,8.024700044188648,0.6327999872155488,8.897600055206567,0,True,on_screen,0.6577763963274916,-3.822052515530771,-1.6860208412794366,False,False,0,0.0
1789812474084,503,1895,1198.731728471542,915.2079465064244,1204.7639945754163,926.184958144159,1,1,main_file,0.5818504653394337,832,5,0.6,0.00012523618975371527,30.153437484520275,30.009515170036156,0.12639997294172645,0.2495000371709466,7.637000002432615,0.6069999653846025,8.502800017595291,0,True,on_screen,0.6577763963274916,-3.8178717193406158,-1.6498281065084046,False,False,0,0.0
1789812474116,504,1896,1205.5575285779926,911.7494566251851,1204.8758505628316,924.1501401388874,1,1,main_file,0.5824294638319715,863,5,0.6,0.00012302273647765184,30.24491880601403,30.00959993808173,0.1444000517949462,0.29910000739619136,8.460999990347773,0.687899999320507,9.45999997202307,0,True,on_screen,0.6577763963274916,-3.8216180143789984,-1.690814083049363,False,False,0,0.0
1789812474148,505,1897,1207.3467956595189,899.1552054180925,1205.4488092734764,918.3543555261593,1,1,main_file,0.5843602788813742,895,5,0.6,0.00011583622864217401,30.399703133467163,30.010220133136418,0.11329998960718513,0.23609999334439635,9.154099971055984,0.6219000206328928,10.022500006016344,0,True,on_screen,0.6577763963274916,-3.8028346245875753,-1.7209160290161092,False,False,0,0.0
1789812474180,506,1898,1203.6876141580408,896.4735617089527,1205.0879739536408,913.8713978083625,1,1,main_file,0.5842666796006457,927,5,0.6,0.00011751991435347484,30.466915071239406,30.010773171870206,0.11359999189153314,0.2606000052765012,9.046400024089962,0.6759999669156969,9.995599975809455,0,True,on_screen,0.6577763963274916,-3.792052099384648,-1.7382270089042462,False,False,0,0.0
1789812474212,507,1899,1203.9634004467864,893.2212377781007,1204.8697597263579,909.8644043243386,1,1,main_file,0.584238675093737,959,5,0.6,0.0001169157429246042,30.523404326941776,30.011853923729827,0.13890000991523266,0.2560000284574926,7.876299961935729,0.6697000353597105,8.813299995381385,0,True,on_screen,0.6577763963274916,-3.7886495475998743,-1.7481705749471508,False,False,0,0.0
1789812474244,508,1900,1223.793572533805,882.1851723218385,1210.6157280016068,901.4599675130088,1,1,main_file,0.5947470552016896,991,5,0.6,0.00010474113115406698,30.634059378501405,30.012830121575064,0.13239996042102575,0.2601000014692545,7.600200013257563,0.5872999900020659,8.45860003028065,0,True,on_screen,0.6577763963274916,-3.7863624360923893,-1.7854707330841875,False,False,0,0.0
1789812474275,509,1901,1312.2349768752174,852.7783026664628,1281.7492022131341,867.3828021204265,1,1,main_file,0.7145474900294524,1023,5,0.6,8.741743377037835e-05,30.71232393026141,30.013004867092178,0.12589996913447976,0.24360005045309663,8.6318000103347,0.6916000274941325,9.578900004271418,0,True,on_screen,0.6577763963274916,-3.7791633114560454,-1.6599930385059531,False,False,0,0.0
1789812474308,510,1902,1570.134469800735,820.4647512510985,1483.6188895244545,834.5401665118969,1,1,main_file,0.8610320126450772,1055,5,0.6,6.794512195662343e-05,30.717342569152557,30.014039374634585,0.11710001854225993,0.27570000384002924,7.33250001212582,0.5879999953322113,8.206100028473884,0,True,on_screen,0.6577763963274916,-3.777442186661574,-1.4701493892697755,False,False,0,0.0
1789812474339,511,1903,1736.2245675229133,768.6835142857709,1660.4428641233758,788.4405099536087,1,1,main_file,0.5635212967002489,1086,5,0.6,2.8721045190681707e-05,30.829236820863304,30.014869536710087,0.07449998520314693,0.20519999088719487,7.471600023563951,0.672800000756979,8.359599974937737,0,True,on_screen,0.6577763963274916,-3.798183614857919,-1.4335703792407275,False,False,0,0.0
1789812474387,512,1904,1834.5546180787069,749.6722684646394,1782.3210918921075,761.3027409113303,1,1,main_file,0.34748001299878783,1134,5,0.6,4.585863436707208e-06,29.82300107007203,30.00794808733727,0.14680001186206937,0.2627999638207257,7.242300023790449,0.6389999762177467,8.154499984811991,0,True,on_screen,0.6577763963274916,-3.7983852515989724,-1.2284032980071211,False,False,0,0.0
1789812474419,513,1905,1870.109188753777,738.4428756010578,1843.7727596952761,745.3008351941396,1,1,main_file,0.23610607025335217,1166,5,0.6,-1.8677985476145062e-05,29.974907696397008,30.00828152960097,0.08849997539073229,0.22689998149871826,7.864799990784377,0.7649000035598874,8.86739999987185,0,True,on_screen,0.6577763963274916,-3.7781465584338605,-1.149283099876899,False,False,0,0.0
1789812474452,514,1906,1885.3766527190098,738.9106674320623,1859.443498554735,742.8938813494472,1,1,main_file,0.20871006204482412,1199,5,0.6,-4.636868934994841e-05,30.033408812001795,30.006723521230757,0.12929999502375722,0.29689999064430594,11.621100013144314,0.8367999689653516,12.76690000668168,0,True,on_screen,0.6577763963274916,-3.8148461563849594,-1.0860769233071954,False,False,0,0.0
1789812474484,515,1907,1890.0815710794182,746.6153593511525,1868.0495039927434,743.9392166881602,1,1,main_file,0.19508891559606845,1231,5,0.6,-6.169839405125062e-05,30.179852799498672,30.008853933758285,0.1427999814040959,0.28249999741092324,8.893600024748594,0.6468999781645834,9.832700015977025,0,True,on_screen,0.6577763963274916,-3.8537378551313566,-0.997435913390583,False,False,0,0.0
1789812474516,516,1908,1888.6614435593183,743.3493846755866,1872.038465594516,743.8250684178311,1,2,second_file,0.02731758357172953,0,1,0.8,-6.986595617192691e-05,30.249955220411792,30.00988495414209,0.10810000821948051,0.23940001847222447,7.670800026971847,0.6564000505022705,8.589299977757037,0,True,on_screen,0.6577763963274916,-3.833593088408378,-0.906057188350256,False,False,0,0.0
1789812474547,517,1909,1885.773015294918,756.3374685258455,1874.4573849931267,746.0287436750962,1,2,second_file,0.032516508151605006,30,1,0.8,-6.41492876530883e-05,30.424642287440875,30.01032471503487,0.11220003943890333,0.2834000042639673,8.6453000549227,0.7857000455260277,9.726499964017421,0,True,on_screen,0.6577763963274916,-3.8143854200340286,-0.8597392993308266,False,False,0,0.0
1789812474579,518,1910,1891.8236181556645,781.4208777922255,1880.6033612525644,758.5541551456702,1,2,second_file,0.048984058295848176,62,1,0.8,-6.116266960201622e-05,30.527900507986583,30.011782830213466,0.0858000130392611,0.208500016015023,7.3373999912291765,0.6101999897509813,8.167000021785498,0,True,on_screen,0.6577763963274916,-3.7988876412632635,-0.8210083220652674,False,False,0,0.0
1789812474612,519,1911,1878.5054931696675,795.8646619301683,1879.8976669793747,771.1049018691101,1,2,second_file,0.05335802253064936,95,1,0.8,-6.309280801502538e-05,30.56609035860557,30.011675154131808,0.11670001549646258,0.2779999631457031,8.380500017665327,0.693499983754009,9.3637999962084,0,True,on_screen,0.6577763963274916,-3.832793600521626,-0.8218399699075204,False,False,0,0.0
1789812474644,520,1912,1882.888925837094,810.2606183390183,1880.9523711371462,784.911027960391,1,2,second_file,0.06074658351510831,128,1,0.8,-6.678776976198723e-05,30.616576684398314,30.012648981606624,0.15480001457035542,0.2658000448718667,7.510899973567575,0.6436000112444162,8.432300004642457,0,True,on_screen,0.6577763963274916,-3.8229425843114484,-0.8104450782072429,False,False,0,0.0
1789812474675,521,1913,1869.389517867537,809.3409734891617,1878.0826857371515,790.9740866511762,1,2,second_file,0.05804488407633579,158,1,0.8,-7.297693995216535e-05,30.723356312618712,30.013707085883752,0.08319999324157834,0.21109997760504484,7.109900005161762,0.6120000034570694,7.943000004161149,0,True,on_screen,0.6577763963274916,-3.812155658801629,-0.8067503451102958,False,False,0,0.0
1789812474708,522,1914,1868.0642792362721,804.1831515648971,1876.48923593141,793.0750177642182,1,2,second_file,0.056038853316742854,191,1,0.8,-7.276406979430695e-05,30.74002413854441,30.013720880717855,0.14720001490786672,0.28769997879862785,7.903399993665516,0.6552999839186668,8.859199995640665,0,True,on_screen,0.6577763963274916,-3.8216092054005344,-0.8743319172420594,False,False,0,0.0
1789812474740,523,1915,1866.377938314833,796.4568889819665,1875.2758802174205,793.480842310348,1,2,second_file,0.05408141858784399,223,1,0.8,-7.43053950340699e-05,30.75147965426031,30.014524961213933,0.1145999995060265,0.3024000325240195,7.150799967348576,0.5944999866187572,8.057600003667176,0,True,on_screen,0.6577763963274916,-3.822319715992876,-0.8682714621116078,False,False,0,0.0
1789812474788,524,1916,1866.3520462717647,789.7186682487892,1874.205020143942,793.0293814229609,1,2,second_file,0.05206862635504639,272,1,0.8,-6.628856506312418e-05,29.76880214379125,30.006460096454983,0.16089994460344315,0.3288000007160008,9.61559999268502,0.7820000173524022,10.741900012362748,0,True,on_screen,0.6577763963274916,-3.819989389561556,-0.8879699521848444,False,False,0,0.0
1789812474819,525,1917,1987.9462545070958,767.1031298631545,1953.8238841981497,774.8810053310964,1,2,second_file,0.18135055126786037,302,1,0.8,-6.671017543457246e-05,29.967694593806577,30.008225071364862,0.0944999628700316,0.25720003759488463,7.899599964730442,0.6531000253744423,8.822000003419816,0,True,on_screen,0.6577763963274916,-3.8271359436959926,-0.8384141424171644,False,False,0,0.0
1789812474851,526,1918,2070.292854276234,759.4606825414364,2035.3521632528086,764.0867793783345,1,2,second_file,0.31249685420272577,335,1,0.8,-6.647917780576267e-05,30.11959922408535,30.00908098575129,0.0990999978967011,0.24689995916560292,7.62140000006184,0.6851000362075865,8.56369995744899,0,True,on_screen,0.6577763963274916,-3.8002921302958157,-0.7075494878915793,False,False,0,0.0
1789812474884,527,1919,2108.591512229087,752.9395856363855,2082.9233042012843,756.8463446654321,1,2,second_file,0.38538756958543496,368,1,0.8,-6.651872930686469e-05,30.17439960889928,30.008056701927725,0.12729997979477048,0.31510001281276345,10.237300011795014,0.8956000092439353,11.462200025562197,0,True,on_screen,0.6577763963274916,-3.790273941744232,-0.6040976263956924,False,False,0,0.0
1789812474916,528,1920,2152.4723145118055,744.4174640131417,2126.0615791535874,749.137241853846,1,2,second_file,0.4475064181704629,399,1,0.8,-7.205721767693761e-05,30.29657850045885,30.010124290568925,0.1066999975591898,0.25450001703575253,7.6222000061534345,0.6387999746948481,8.527200028765947,0,True,on_screen,0.6577763963274916,-3.7952210483014994,-0.5363358583579594,False,False,0,0.0
1789812474947,529,1921,2175.8708350643824,748.1087274948366,2148.1062231780243,748.6820406567233,1,2,second_file,0.4808667082542367,430,1,0.8,-8.637408362731185e-05,30.425360629140215,30.011241342386267,0.07770000956952572,0.2164000179618597,6.945899978745729,0.6350000039674342,7.805500004906207,0,True,on_screen,0.6577763963274916,-3.802337409001268,-0.5021166865902306,False,False,0,0.0
1789812474981,530,1922,2179.1345845582578,750.5078985642837,2156.8797574353634,749.1983175784952,1,2,second_file,0.49457191181350735,464,1,0.8,-8.728759366810786e-05,30.37397972341705,30.01028790767939,0.27959997532889247,0.31380000291392207,8.642799977678806,0.7605000282637775,9.729299985338002,0,True,on_screen,0.6577763963274916,-3.7949134051062288,-0.542547269401778,False,False,0,0.0
1789812475012,531,1923,2107.3985652248557,774.5189934240793,2132.5477976977563,761.6495467765037,1,2,second_file,0.4680274604410686,496,1,0.8,-8.136564533939294e-05,30.55171603262088,30.01180241051448,0.11899997480213642,0.2460000105202198,7.795699988491833,0.6614000303670764,8.714499999769032,0,True,on_screen,0.6577763963274916,-3.772305972115987,-0.6488352511487905,False,False,0,0.0
1789812475043,532,1924,2011.5681400018334,810.3235854787816,2047.8620373106103,795.7213738680982,1,2,second_file,0.3511866766367773,526,1,0.8,-7.693247336462532e-05,30.661251611390565,30.012671134510548,0.09520002640783787,0.23830001009628177,7.687799981795251,0.6449000211432576,8.580799971241504,0,True,on_screen,0.6577763963274916,-3.7467171804627526,-0.7305162264600181,False,False,0,0.0
1789812475076,533,1925,1970.3954882881653,830.6766613544041,1993.6354529948987,820.1900751085124,1,2,second_file,0.26837582308403796,559,1,0.8,-6.717296136807445e-05,30.70239559569596,30.012262199638585,0.13150001177564263,0.24769996525719762,9.691500046756119,0.6404000450856984,10.591199970804155,0,True,on_screen,0.6577763963274916,-3.7394366516105038,-0.7965277345504709,False,False,0,0.0
1789812475108,534,1926,1937.7552936585928,842.315114872876,1964.0037818336928,831.9223591698478,1,2,second_file,0.2204084357948839,592,1,0.8,-6.639642016755508e-05,30.75267029614232,30.01365714901662,0.10440003825351596,0.2581999870017171,7.954399974551052,0.659800018183887,8.88229999691248,0,True,on_screen,0.6577763963274916,-3.732206469772109,-0.8264761309519167,False,False,0,0.0
1789812475139,535,1927,1884.2254976916836,863.9508350626725,1908.1589829342865,854.342292294825,1,2,second_file,0.12734671325466462,622,1,0.8,-5.574883582663316e-05,30.844796849534518,30.01461852106587,0.07539999205619097,0.20629999926313758,7.6496999827213585,0.7072000298649073,8.57259996701032,0,True,on_screen,0.6577763963274916,-3.722843149241271,-0.8575698564366919,False,False,0,0.0
1789812475188,536,1928,1840.2907626354245,873.6579200274185,1866.1138688987305,866.3085375729388,1,1,main_file,0.24485091734003095,0,6,1.0,-4.081409449453906e-05,29.803785830848987,30.007012567255824,0.18289999570697546,0.3242000238969922,8.265399956144392,0.6351000047288835,9.235000004991889,0,True,on_screen,0.6577763963274916,-3.7377491052985476,-0.856243621905632,False,False,0,0.0
1789812475219,537,1929,1926.0724056144188,883.8826897626795,1899.1254409459461,875.9843973079974,1,2,second_file,0.11410682360917745,0,2,1.2,-5.7952493211456055e-05,30.025518077402708,30.00781794662747,0.14600000577047467,0.23659999715164304,8.55919998139143,0.8015999919734895,9.605899977032095,0,True,on_screen,0.6577763963274916,-3.747199385504615,-0.8363113802579198,False,False,0,0.0
1789812475252,538,1930,1972.3808564471876,883.3207577938507,1946.4190058439528,880.720738483306,1,2,second_file,0.19795165442482288,32,2,1.2,-8.03858990287374e-05,30.12560786275598,30.008193698434876,0.10559998918324709,0.25800004368647933,8.898899948690087,0.7263000006787479,9.894500020891428,0,True,on_screen,0.6577763963274916,-3.7250537071467704,-0.8115144592473916,False,False,0,0.0
1789812475283,539,1931,2008.7675693282317,882.8824312143846,1980.6959494972048,881.9091575229445,1,2,second_file,0.2585418477903888,63,2,1.2,-0.00010009840559359155,30.259937633964626,30.009503144032177,0.10139995720237494,0.25450001703575253,7.702000031713396,0.666600011754781,8.633500023279339,0,True,on_screen,0.6577763963274916,-3.7116205711481314,-0.7770771552612171,False,False,0,0.0
1789812475316,540,1932,2050.1161571531725,885.6045054269699,2023.0838525068907,884.1655329189839,1,2,second_file,0.33352879131956503,96,2,1.2,-0.00011883969379934169,30.332682061081933,30.009974075855936,0.18089998047798872,0.249299977440387,7.76659999974072,0.6491999956779182,8.674599986989051,0,True,on_screen,0.6577763963274916,-3.692278070309243,-0.7258253583171423,False,False,0,0.0
1789812475348,541,1933,2080.3694831119287,873.6676325247755,2052.551378642424,878.7654500191833,1,2,second_file,0.38503004296717147,128,2,1.2,-0.000149093178236687,30.436334150929923,30.010350652229892,0.11449999874457717,0.2315999590791762,8.402500010561198,0.6667000125162303,9.31029999628663,0,True,on_screen,0.6577763963274916,-3.710390073457887,-0.7106533011303303,False,False,0,0.0
1789812475379,542,1934,2098.9642940270337,865.2737601495357,2072.5046821475894,872.9652588324019,1,2,second_file,0.41945809560122693,159,2,1.2,-0.00015335902295537766,30.536465078536068,30.01137854884813,0.10960001964122057,0.2334999735467136,7.727299991529435,0.6441000150516629,8.615999948233366,0,True,on_screen,0.6577763963274916,-3.6645620885529695,-0.6409175783400913,False,False,0,0.0
1789812475413,543,1935,2110.405710206327,874.6145260857988,2085.437515716794,873.5280324560161,1,2,second_file,0.44230969001791454,194,2,1.2,-0.0001545317562451163,30.435458233195998,30.009540800721076,0.208800018299371,0.3225000109523535,10.801299999002367,0.8442999678663909,12.01720000244677,0,True,on_screen,0.6577763963274916,-3.6218653305577106,-0.6430429179821118,False,False,0,0.0
1789812475444,544,1936,2125.954944016158,881.3122901561109,2100.4110171626257,876.4047598007505,1,2,second_file,0.46908820452521516,224,2,1.2,-0.00015068686450698913,30.680823514122945,30.011739008016864,0.09840005077421665,0.24690001737326384,9.262499981559813,0.686699990183115,10.209499974735081,0,True,on_screen,0.6577763963274916,-3.629643627006061,-0.6322758561461486,False,False,0,0.0
1789812475475,545,1937,2130.0979339444534,888.6271469179665,2109.0641499392045,879.9673371929828,1,2,second_file,0.48479736108595184,255,2,1.2,-0.0001517637500989006,30.76306186844229,30.013232519698317,0.08480000542476773,0.22029998945072293,7.6902000000700355,0.6554000428877771,8.575199986808002,0,True,on_screen,0.6577763963274916,-3.627528394288504,-0.5970609768313664,False,False,0,0.0
1789812475508,546,1938,2136.7278281022586,887.5314007601503,2116.3193205889797,881.951114319874,1,2,second_file,0.4978184602847169,288,2,1.2,-0.00015158855569445857,30.7474804611149,30.01211509179807,0.13080000644549727,0.32519997330382466,10.419700003694743,0.8664000197313726,11.625999992247671,0,True,on_screen,0.6577763963274916,-3.627974086334575,-0.6036152161957702,False,False,0,0.0
1789812475540,547,1939,2127.1641277653875,909.4919988171906,2119.248616512798,889.39019547494,1,2,second_file,0.5036528335737732,320,2,1.2,-0.0001470836497285688,30.808885357621257,30.01390772353477,0.1561000244691968,0.25669997557997704,8.261799986939877,0.671599991619587,9.200899978168309,0,True,on_screen,0.6577763963274916,-3.6164382079841744,-0.6256427929925781,False,False,0,0.0
1789812475587,548,1940,2127.1827088750897,909.1620782376286,2120.830365106731,893.3319378105749,1,2,second_file,0.5066606308579729,367,2,1.2,-0.00015210751661174152,29.844286966846166,30.00807088723332,0.09799998952075839,0.21549995290115476,6.92950002849102,0.6850999779999256,7.8387000248767436,0,True,on_screen,0.6577763963274916,-3.6377994691096376,-0.6139674915594088,False,False,0,0.0
1789812475620,549,1941,2130.911807417726,908.063474785412,2122.543247557451,895.8348922865248,1,2,second_file,0.5097721567254988,400,2,1.2,-0.00016169045311590496,29.876831763027287,30.00764605953815,0.3133999998681247,0.2720000338740647,7.954499975312501,0.6964000058360398,8.932900032959878,0,True,on_screen,0.6577763963274916,-3.6312449235113036,-0.6141966594168004,False,False,0,0.0
1789812475651,550,1942,2130.8837867710868,905.9974420644463,2123.625705400893,897.1538156120689,1,2,second_file,0.5117138322149601,431,2,1.2,-0.00016756846256118195,30.1165791631451,30.00917503485325,0.10979996295645833,0.23020000662654638,7.08210002630949,0.6536999717354774,7.976000022608787,0,True,on_screen,0.6577763963274916,-3.6034824780886083,-0.6051277503992356,False,False,0,0.0
1789812475684,551,1943,2134.8258351874915,902.7275829168728,2125.018478534278,897.8469319867702,1,2,second_file,0.5141853924967639,464,2,1.2,-0.00016556043866306283,30.176362980991527,30.008842785870648,0.11239998275414109,0.2759000053629279,8.430499990936369,0.7388999802060425,9.458000015001744,0,True,on_screen,0.6577763963274916,-3.5963738733965442,-0.6076641632164584,False,False,0,0.0
1789812475715,552,1944,2134.002126952787,900.9110246238333,2126.0965163444994,898.2146231032177,1,2,second_file,0.5160945336085735,495,2,1.2,-0.00016529047303352924,30.348753384714716,30.010198790073527,0.09629997657611966,0.23689999943599105,7.55620002746582,0.7019999902695417,8.506999991368502,0,True,on_screen,0.6577763963274916,-3.564481587334882,-0.5881873835127517,False,False,0,0.0
1789812475747,553,1945,2130.8075182442085,902.914828612893,2126.6618365724644,898.7786477643788,1,2,second_file,0.5170987231135701,527,2,1.2,-0.0001617341174996595,30.436380042028855,30.010796588539346,0.13830000534653664,0.22819999139755964,7.6203999924473464,0.6537000299431384,8.512099971994758,0,True,on_screen,0.6577763963274916,-3.569828675740382,-0.5780457513979944,False,False,0,0.0
1789812475779,554,1946,2126.2569469476452,903.6572023681906,2126.613249817486,899.3640743168362,1,2,second_file,0.5170164006603771,559,2,1.0,-0.00016413886084999142,30.509045604354085,30.011357602436476,0.13339996803551912,0.2570999786257744,7.574499992188066,0.6899000145494938,8.532000007107854,0,True,on_screen,0.6577763963274916,-3.5950947613682445,-0.5881946137687663,False,False,0,0.0
1789812475811,555,1947,2121.103326876043,908.0415152771399,2125.952059064513,900.4053672320726,1,2,second_file,0.5158490763240294,592,2,1.0,-0.00016927009891232019,30.579600139548454,30.01168356230374,0.16569998115301132,0.2758000046014786,8.135200012475252,0.6888999487273395,9.11179999820888,0,True,on_screen,0.6577763963274916,-3.603137860746102,-0.5938816472039444,False,False,0,0.0
1789812475844,556,1948,2122.2010240344166,905.4566159324525,2125.5019348609017,901.0115170761183,1,2,second_file,0.515051095616897,625,2,1.0,-0.00017518815065980554,30.589736526545188,30.0124106864798,0.20589999621734023,0.32650004141032696,7.282299979124218,0.6463999743573368,8.266200020443648,0,True,on_screen,0.6577763963274916,-3.599903880590773,-0.6001271166886728,False,False,0,0.0
1789812475876,557,1949,2120.0176992755687,911.4757945176643,2124.8438265906616,902.2672303691037,1,2,second_file,0.5138752308359426,656,2,1.0,-0.00017729723606138038,30.627351668771038,30.01142098563136,0.13689999468624592,0.3256000345572829,10.219499992672354,0.8727000094950199,11.434099986217916,0,True,on_screen,0.6577763963274916,-3.577244102510889,-0.6426968130321408,False,False,0,0.0
1789812475907,558,1950,2122.2711115388247,909.8537967527238,2124.535100784441,903.1776183351382,1,2,second_file,0.5133139402877528,687,2,1.0,-0.00017612718565639292,30.787917100571793,30.014085148414292,0.08999998681247234,0.2163999597541988,7.069899991620332,0.6664000102318823,7.962800038512796,0,True,on_screen,0.6577763963274916,-3.5666705407982704,-0.6000125196398521,False,False,0,0.0
1789812475939,559,1951,2115.935357644463,905.9879152678,2123.503131607644,903.5148539670575,1,2,second_file,0.5114837094491619,719,2,0.8,-0.00017095797347597454,30.814416492208455,30.014199978009852,0.12149999383836985,0.242499983869493,7.818099984433502,0.7563999970443547,8.828599995467812,0,True,on_screen,0.6577763963274916,-3.577248907536955,-0.6852590931412053,False,False,0,0.0
1789812475987,560,1952,2106.80361511107,921.6696143970996,2119.6949155539687,907.6549289287789,1,2,second_file,0.5046107146723069,767,2,0.8,-0.00016218082218845756,29.81746333114605,30.00706803269441,0.10409997776150703,0.25350000942125916,8.65999999223277,0.7058000192046165,9.63029998820275,0,True,on_screen,0.6577763963274916,-3.5887773292989493,-0.6789055244823834,False,False,0,0.0
1789812476019,561,1953,2117.1242750014044,912.5638676815296,2119.386438687661,908.244001579109,1,2,second_file,0.5040364730320475,799,2,0.8,-0.00016221820684180453,29.97510914937472,30.007634154163295,0.083099992480129,0.2136999974027276,9.028600004967302,0.6220000213943422,9.874499985016882,0,True,on_screen,0.6577763963274916,-3.577040047885532,-0.6403254829975797,False,False,0,0.0
1789812476053,562,1954,2110.472449969778,909.4041715097145,2118.3167600415154,908.3832219707816,1,2,second_file,0.5021402671225048,833,2,0.8,-0.0001618689036427621,29.94915449648367,30.006483627172013,0.2395000192336738,0.4322999739088118,10.77719999011606,0.8225000347010791,12.04399997368455,0,True,on_screen,0.6577763963274916,-3.5846248285639035,-0.6482532851261835,False,False,0,0.0
1789812476084,563,1955,2099.5391175216164,905.7835803381616,2114.9492358266543,907.9170102970568,1,2,second_file,0.49621712782522387,865,2,0.8,-0.00016261781778650897,30.173700042932314,30.008992459399213,0.13940001372247934,0.23329997202381492,7.9975000116974115,0.6216000183485448,8.861799957230687,0,True,on_screen,0.6577763963274916,-3.5981142382419193,-0.7728766453971234,False,False,0,0.0
1789812476115,564,1956,2098.972956138148,904.2141674593114,2112.4325328042605,907.3337108091348,1,2,second_file,0.491799976024888,895,2,0.8,-0.00016186857000712734,30.35182056378501,30.010005344999307,0.09410001803189516,0.20980002591386437,7.820300001185387,0.6523999618366361,8.69109999621287,0,True,on_screen,0.6577763963274916,-3.6205386197973155,-0.8626534022385178,False,False,0,0.0
1789812476148,565,1957,2099.555261719893,900.9646207181818,2110.6273608391484,906.4408739029195,1,2,second_file,0.48864940665727885,928,2,0.8,-0.0001719573557434819,30.414819872999246,30.01042220407827,0.24560000747442245,0.31999999191612005,7.813700009137392,0.665100000333041,8.830399950966239,0,True,on_screen,0.6577763963274916,-3.6217819104186333,-0.8766426681879594,False,False,0,0.0
1789812476179,566,1958,2101.1231126145176,898.9596625884078,2109.4791155266744,905.5370395732086,1,2,second_file,0.4866542539975398,959,2,0.8,-0.00017165137702288523,30.512601921852223,30.01061675381442,0.15919998986646533,0.27550000231713057,8.950999996159226,0.6363000138662755,9.874800045508891,0,True,on_screen,0.6577763963274916,-3.6175388336488368,-0.8871402903027753,False,False,0,0.0
1789812476211,567,1959,2104.827262922347,901.5120642346113,2108.920893214155,905.0540425325769,1,2,second_file,0.4856837631483102,991,2,0.8,-0.0001719319995255441,30.604009411234035,30.011831049881387,0.13559998478740454,0.23120001424103975,7.857799995690584,0.6371999625116587,8.734999981243163,0,True,on_screen,0.6577763963274916,-3.618285462188595,-0.8558729779211476,False,False,0,0.0
1789812476244,568,1960,2102.8279995898197,909.2555526722423,2108.189745979235,905.5582237493368,1,2,second_file,0.48437607276119266,1024,2,0.8,-0.000168137195920166,30.641425129794563,30.011787573634553,0.11249998351559043,0.23750000400468707,8.912299992516637,0.7086999830789864,9.869200002867728,0,True,on_screen,0.6577763963274916,-3.6348479462628234,-0.8248480722465917,False,False,0,0.0
1789812476276,569,1961,2090.339360990446,908.8825912315941,2105.1102301330857,906.1317375613057,1,2,second_file,0.47891650329138225,1056,2,0.8,-0.00016801321259278523,30.63760462617072,30.012781986256794,0.10819995077326894,0.30670000705868006,7.403500028885901,0.6280000088736415,8.348000003024936,0,True,on_screen,0.6577763963274916,-3.645830492732017,-0.9358447979221051,False,False,0,0.0
1789812476307,570,1962,2087.282390260942,908.1177601692891,2102.0679329120926,906.4706496843912,1,2,second_file,0.4735302781753131,1087,2,0.8,-0.00016840278964161924,30.781378016689413,30.01319451624025,0.11570000788196921,0.2508999896235764,8.6066999938339,0.7243000436574221,9.592199989128858,0,True,on_screen,0.6577763963274916,-3.664931104149616,-0.85514721502181,False,False,0,0.0
1789812476342,571,1963,2090.140486365501,910.4720033062547,2100.5775591006127,906.970632025557,1,2,second_file,0.4708780863980834,1122,2,0.8,-0.00016874894756204774,30.610343723059817,30.0127105281602,0.10830000974237919,0.2809999859891832,8.54439998511225,0.729600025806576,9.567700035404414,0,True,on_screen,0.6577763963274916,-3.7178144231113777,-0.8120306273743404,False,False,0,0.0
1789812476387,572,1964,2089.569609586334,910.366291291514,2099.256605158899,907.3781111374718,1,2,second_file,0.46852786698983284,1167,2,0.8,-0.00016972821746324453,29.738384116809403,30.007382304977373,0.11560000712051988,0.24050002684816718,7.9132000100798905,0.6605999660678208,8.8244000216946,0,True,on_screen,0.6577763963274916,-3.7184146330848478,-0.7644833765545362,False,False,0,0.0
1789812476420,573,1965,2099.737290963385,909.0450961529215,2099.3142874554374,907.5781493393258,1,2,second_file,0.46862095508452495,1200,2,0.8,-0.00017020388023612602,29.833395342976797,30.00605325169783,0.16160000814124942,0.3347999881953001,11.31349999923259,0.8020999957807362,12.46459997491911,0,True,on_screen,0.6577763963274916,-3.713006831403277,-0.7598449612954067,False,False,0,0.0
1789812476452,574,1966,2101.420132052556,905.093308366111,2099.5669888070915,907.27996842254,1,2,second_file,0.46908027368667815,1232,2,0.8,-0.00017057182714173315,30.019627920860714,30.008345555976245,0.1078000059351325,0.26490003801882267,8.238299982622266,0.7213999633677304,9.236100013367832,0,True,on_screen,0.6577763963274916,-3.7069110356261206,-0.7592445833130411,False,False,0,0.0
1789812476484,575,1967,2111.528524525948,898.7019733898387,2101.2798181179883,906.0516444291939,1,2,second_file,0.4721537841943704,1264,2,0.8,-0.00016803681725837023,30.079805135694276,30.008898988733755,0.1145999995060265,0.2671999973244965,7.7757000108249485,0.6404999876394868,8.694300020579249,0,True,on_screen,0.6577763963274916,-3.7037617902531395,-0.8557335038867289,False,False,0,0.0
1789812476516,576,1968,2102.910816260842,907.2805809812114,2101.475537895131,906.1991168154359,1,2,second_file,0.47249413939539964,1296,2,0.8,-0.00016239180986906722,30.225503388147843,30.008474329129523,0.11640001321211457,0.2785000251606107,10.146499960683286,0.7996000349521637,11.236899998039007,0,True,on_screen,0.6577763963274916,-3.699809839358977,-0.8497757932743812,False,False,0,0.0
1789812476548,577,1969,2078.710473566948,948.9398461397377,2091.6709178207416,924.6069985892775,1,2,second_file,0.4535544223422726,1328,2,0.8,-0.0001451749298103499,30.369835065432248,30.010206808169812,0.10619999375194311,0.2665999927558005,8.280400012154132,0.6373000214807689,9.196099999826401,0,True,on_screen,0.6577763963274916,-3.7086041850583342,-0.8874925472532803,False,False,0,0.0
1789812476580,578,1970,2039.125436973824,1011.228088469423,2054.889081227899,985.2417615053794,1,2,second_file,0.37198243024901856,1360,2,0.8,-0.000133694922592369,30.461733322598977,30.010851238290595,0.1145999995060265,0.23989996407181025,8.231499989051372,0.666000007186085,9.148199984338135,0,True,on_screen,0.6577763963274916,-3.725506283495605,-0.9695814903009872,False,False,0,0.0
1789812476612,579,1971,2002.8433541206691,1074.4829932266323,2018.457072252838,1047.7106237102564,1,2,second_file,0.27719199146689644,1392,2,0.8,-0.00010840862003692192,30.47631287443651,30.009870735248867,0.12240000069141388,0.2894999925047159,10.83499996457249,0.8068999741226435,11.943799967411906,0,True,on_screen,0.6577763963274916,-3.7372459383175283,-1.0723495381178605,False,False,0,0.0
1789812476644,580,1972,1995.7455583653582,1104.1335294925627,2006.274029125188,1077.9773288686522,1,2,second_file,0.2366541761065314,1424,2,0.8,-0.00010859210371496654,30.6004452814652,30.011638763102543,0.13870000839233398,0.2598999999463558,8.960400009527802,0.6349000032059848,9.866499982308596,0,True,on_screen,0.6577763963274916,-3.7439619590023483,-1.1813145523887711,False,False,0,0.0
1789812476676,581,1973,1976.364753043546,1144.9216888179742,1987.0411568317863,1121.0252556106536,1,2,second_file,0.17251646887447347,1457,2,0.8,-9.678322581897596e-05,30.685114176331037,30.013059499073922,0.11399999493733048,0.2376000047661364,7.404200034216046,0.6231999723240733,8.275400032289326,0,True,on_screen,0.6577763963274916,-3.750183441618958,-1.1957258355499218,False,False,0,0.0
1789812476709,582,1974,1972.19682288521,1163.3593763407177,1981.099160574092,1137.9710605121154,1,2,second_file,0.14886405691506355,1490,2,0.8,-9.149144825766793e-05,30.587417473018697,30.011630419020005,0.36449998151510954,0.28659997042268515,10.05280000390485,0.7143000257201493,11.065499973483384,0,True,on_screen,0.6577763963274916,-3.759114786838751,-1.2273304011122192,False,False,0,0.0
1789812476740,583,1975,1968.8218536262486,1176.0288215580879,1976.6949188970464,1151.623531534122,1,2,second_file,0.13001644276791813,1520,2,0.8,-8.77691675358061e-05,30.818506527357993,30.013963711683264,0.09550002869218588,0.23469998268410563,7.975200016517192,0.6529000238515437,8.8732999865897,0,True,on_screen,0.6577763963274916,-3.8066618324999695,-1.2643138217724617,False,False,0,0.0
1789812476772,584,1976,1969.4926583936438,1190.9300509106126,1974.1129791697388,1165.714533084594,1,2,second_file,0.11317035725931668,1552,2,0.8,-8.923723765481839e-05,30.868899190528605,30.01463266508082,0.11329998960718513,0.23720000172033906,7.896099996287376,0.653600029181689,8.797899994533509,0,True,on_screen,0.6577763963274916,-3.828633260710035,-1.2651267798200025,False,False,0,0.0
1789812476820,585,1977,1968.5486665519118,1206.0244905631707,1972.0835213698024,1180.416682880762,2,2,terminal,0.05645300711045742,0,3,1.0,-8.95556186990918e-05,29.850882046003033,30.00727373583993,0.13319996651262045,0.25209999876096845,8.993699972052127,0.6747000152245164,9.932900022249669,0,True,on_screen,0.6577763963274916,-3.862862050919574,-1.270924559415056,False,False,0,0.0
1789812476851,586,1978,1963.9024395643537,1219.0443014631462,1969.1839306232941,1194.1073277202418,2,2,terminal,0.06655161793277797,31,3,1.0,-8.382812194088728e-05,30.06529216220551,30.008824839868122,0.09239994687959552,0.22190000163391232,7.757199986372143,0.6066999631002545,8.595700026489794,0,True,on_screen,0.6577763963274916,-3.8681781843892225,-1.2769429809495834,False,False,0,0.0
1789812476883,587,1979,1946.9285910610392,1249.1276500671747,1957.5248967283655,1222.9311432975492,2,2,terminal,0.07768785027614633,62,3,1.0,-6.316377530825312e-05,30.1569923063255,30.00919198687781,0.1306000049225986,0.25809998624026775,7.9070000210776925,0.6580000044777989,8.836099994368851,0,True,on_screen,0.6577763963274916,-3.872421540901911,-1.313817373441757,False,False,0,0.0
1789812476917,588,1980,1936.9676718771668,1264.0785894685923,1949.0969837948455,1239.8004968351222,2,2,terminal,0.08028713249953534,97,3,1.0,-6.037768132876632e-05,30.14467488033564,30.009027488435898,0.15130004612728953,0.2924000145867467,8.332299999892712,0.5890000029467046,9.224899986293167,0,True,on_screen,0.6577763963274916,-3.8720554165018655,-1.3044999638906218,False,False,0,0.0
1789812476947,589,1981,1921.0947504051755,1289.2557353614695,1935.0287793166635,1264.646601016319,2,2,terminal,0.07931683740657391,127,3,1.0,-5.182340025600314e-05,30.39025486043477,30.010236247708246,0.11140003334730864,0.2277999883517623,8.305599971208721,0.6709000444971025,9.21539997216314,0,True,on_screen,0.6577763963274916,-3.8919948140223255,-1.291587064646477,False,False,0,0.0
1789812476979,590,1982,1917.3620083316202,1299.7062138048443,1928.8011428497687,1277.0053123678094,2,2,terminal,0.07903629951281399,159,3,1.0,-6.155547741003645e-05,30.498951997687975,30.01028385201184,0.08239998714998364,0.21660001948475838,9.733699960634112,0.7036000024527311,10.663499997463077,0,True,on_screen,0.6577763963274916,-3.886402345926143,-1.178817140373795,False,False,0,0.0
1789812477011,591,1983,1913.0978546543759,1310.5439646481757,1923.563848585722,1288.1909818292756,2,2,terminal,0.07886776072866952,190,3,1.0,-5.9516549720696824e-05,30.552170153580526,30.011909779189835,0.152900000102818,0.23280002642422915,7.31770001584664,0.6190999993123114,8.179600001312792,0,True,on_screen,0.6577763963274916,-3.8822506249875914,-1.1319197148526516,False,False,0,0.0
1789812477043,592,1984,1903.022110808946,1317.0544357326542,1916.9942458538308,1297.4220131897207,2,2,terminal,0.07467925849912271,223,3,1.0,-5.747374027725502e-05,30.615764245056372,30.010773126371266,0.2725999802350998,0.42669998947530985,10.47199999447912,1.0238999966531992,11.94029999896884,0,True,on_screen,0.6577763963274916,-3.8559609812531903,-1.1588150439180578,False,False,0,0.0
1789812477076,593,1985,1895.4705478356195,1322.5584367427148,1910.5391580065161,1304.9605793814876,2,2,terminal,0.06916417045024492,256,3,1.0,-5.6373680122666706e-05,30.647759072140808,30.011523094401667,0.11679995805025101,0.278300023637712,10.25999995181337,0.7326999912038445,11.283600004389882,0,True,on_screen,0.6577763963274916,-3.847865760463577,-1.1431412726627324,False,False,0,0.0
1789812477107,594,1986,1891.8931555084696,1325.1426584407066,1905.8401722596973,1310.0466723309216,2,2,terminal,0.064708778345682,287,3,1.0,-5.655914163907837e-05,30.73164734039336,30.013458724026624,0.12410001363605261,0.22339995484799147,7.723800023086369,0.6181999924592674,8.576799998991191,0,True,on_screen,0.6577763963274916,-3.851770824877917,-1.0874914430383107,False,False,0,0.0
1789812477140,595,1987,1892.4173937902465,1330.5118650428515,1902.801267404123,1314.6799733754178,2,2,terminal,0.0625856810471106,320,3,1.0,-5.365348270027458e-05,30.71198299122331,30.013511578429437,0.13949995627626777,0.2946000313386321,8.03909997921437,0.6845000316388905,9.029300010297447,0,True,on_screen,0.6577763963274916,-3.8422437173140054,-1.1058561277029886,False,False,0,0.0
1789812477172,596,1988,1894.000423091136,1327.8129885692817,1901.4592242420235,1316.6826304628366,2,2,terminal,0.06159057747684393,351,3,1.0,-5.756030443449835e-05,30.77384252323948,30.01413786674918,0.1917000045068562,0.25759998243302107,8.113000018056482,0.6631999858655035,9.047900035511702,0,True,on_screen,0.6577763963274916,-3.850703524400302,-1.1507484672744401,False,False,0,0.0
1789812477220,597,1989,1894.053234996873,1336.962787418725,1899.964709578546,1320.775127892272,2,2,terminal,0.061576137360975114,400,3,1.0,-4.6386136967516145e-05,29.803899857032306,30.007973249766994,0.12520002201199532,0.21510000806301832,7.663199969101697,0.6389999762177467,8.528199978172779,0,True,on_screen,0.6577763963274916,-3.8361877776780773,-1.221757685834054,False,False,0,0.0
1789812477252,598,1990,1893.6476624586437,1347.309430660012,1898.3835882078272,1327.4165146615771,2,2,terminal,0.06282877759922212,432,3,1.0,-3.5260985760751304e-05,29.91434647150937,30.00729522584828,0.24129997473210096,0.3077000146731734,9.884600003715605,0.7933999877423048,10.997700039297342,0,True,on_screen,0.6577763963274916,-3.8262411644857366,-1.2376732911634254,False,False,0,0.0
1789812477283,599,1991,1903.0742283654486,1344.6745484222786,1899.1818793576786,1330.3536266872388,2,2,terminal,0.06583991615966966,463,3,1.0,-3.0193436226245637e-05,30.129509716666494,30.009236122420646,0.20160002168267965,0.2364999963901937,7.888199994340539,0.7086999830789864,8.845600008498877,0,True,on_screen,0.6577763963274916,-3.828770173003363,-1.224477325546189,False,False,0,0.0
1789812477315,600,1992,1904.2692785536897,1350.1833383128917,1900.1599848013225,1334.166095129296,2,2,terminal,0.0696192287451074,495,3,1.0,-2.572894977552996e-05,30.22444594021661,30.009713927467324,0.15360000543296337,0.25040004402399063,7.946699974127114,0.7264000014401972,8.93559999531135,0,True,on_screen,0.6577763963274916,-3.827248617001885,-1.3083914956120244,False,False,0,0.0
1789812477348,601,1993,1908.7309373938672,1348.017719904753,1901.5020409993454,1336.3350091072775,2,2,terminal,0.07307166216459116,528,3,1.0,-2.5138546667564585e-05,30.25698494064809,30.009626690747083,0.14350004494190216,0.3019999712705612,7.892100024037063,1.512100046966225,9.717999957501888,0,True,on_screen,0.6577763963274916,-3.8129263013982495,-1.3663155877068878,False,False,0,0.0
1789812477379,602,1994,1916.724468140807,1340.1823965811927,1903.8092775378027,1336.9181508674533,2,2,terminal,0.07726570194184057,559,3,1.0,-2.6103882414535082e-05,30.429618201908895,30.010679256582854,0.11369999265298247,0.22440002067014575,8.554200001526624,0.6543999770656228,9.44390002405271,0,True,on_screen,0.6577763963274916,-3.8160813376632348,-1.3357541368135066,False,False,0,0.0
1789812477411,603,1995,1916.758696453554,1340.2811603835196,1905.5155181580437,1337.3612675416377,2,2,terminal,0.08037375949981007,591,3,1.0,-2.759673775463295e-05,30.49948715620765,30.011200811977446,0.11139997513964772,0.25620002998039126,8.516500005498528,0.7014000439085066,9.48509998852387,0,True,on_screen,0.6577763963274916,-3.8072256400134563,-1.3039317662999779,False,False,0,0.0
1789812477444,604,1996,1913.9092863479304,1335.4353485549555,1906.52277034083,1337.1301572632358,2,2,terminal,0.08193609744895647,624,3,1.0,-3.3211649899307985e-05,30.54328196080609,30.010866670195675,0.1357000437565148,0.28499995823949575,10.179500037338585,0.7468000403605402,11.222899949643761,0,True,on_screen,0.6577763963274916,-3.8073083867232924,-1.2717085483996302,False,False,0,0.0
1789812477476,605,1997,1910.2686621155276,1325.9714158965248,1906.9722773537937,1335.7911082992305,2,2,terminal,0.08194538951894081,656,3,1.0,-4.762720650562137e-05,30.637707175946044,30.012524901433988,0.09079999290406704,0.2245000214315951,8.221899974159896,0.652100017759949,9.109099977649748,0,True,on_screen,0.6577763963274916,-3.783671714416016,-1.220596176654577,False,False,0,0.0
1789812477507,606,1998,1895.4805448518791,1327.527035393146,1905.382073152013,1334.6475415257357,2,2,terminal,0.07864100352602355,687,3,1.0,-5.055336969851491e-05,30.70828072429149,30.012773589669113,0.10139995720237494,0.22499996703118086,8.895800041500479,0.8425000123679638,9.972400031983852,0,True,on_screen,0.6577763963274916,-3.767498682083641,-1.2378631562827556,False,False,0,0.0
1789812477540,607,1999,1882.1869857211846,1335.229450481924,1900.3823776279548,1334.7729718614628,2,2,terminal,0.07032931841815726,720,3,1.0,-4.713630610436899e-05,30.726217577095316,30.012828539916207,0.11069996980950236,0.2701000194065273,9.711199963930994,0.8015999919734895,10.794200003147125,0,True,on_screen,0.6577763963274916,-3.76049006145098,-1.3374928722193389,False,False,0,0.0
1789812477572,608,2000,1878.9684571167086,1335.7537815700693,1896.089171597872,1334.9696111528594,2,2,terminal,0.06323338760807085,752,3,1.0,-4.767269080638466e-05,30.72509415754682,30.014182766869926,0.1765000051818788,0.2663999912329018,7.569000008516014,0.6988000241108239,8.549200021661818,0,True,on_screen,0.6577763963274916,-3.7691037906438964,-1.4483179726663098,False,False,0,0.0
1789812477620,609,2001,1860.2826361145605,1344.3437957247515,1884.1531126408322,1338.094482582446,2,2,terminal,0.04483889664648055,799,3,1.0,-4.280237467643548e-05,29.75539093660697,30.006042821141985,0.12909999350085855,0.3111999831162393,11.196599982213229,0.8747000247240067,12.396899983286858,0,True,on_screen,0.6577763963274916,-3.7637913214963987,-1.8277834826659836,False,False,0,0.0
1789812477651,610,2002,1848.9263894624714,1344.818844088204,1872.7560176619254,1340.2700521455188,2,2,terminal,0.026730747784842968,831,3,1.0,-4.611820110583982e-05,29.966036547695165,30.00848061847336,0.14659995213150978,0.25350000942125916,7.967100013047457,0.6853999802842736,8.91780003439635,0,True,on_screen,0.6577763963274916,-3.778819288271592,-1.965446971858422,False,False,0,0.0
1789812477683,611,2003,1834.5905602459186,1348.3299055497846,1859.3845314265361,1343.0938678718617,2,1,terminal,0.2089314905130938,863,3,1.0,-4.9336133365053894e-05,30.113612384526036,30.009554709627817,0.10880001354962587,0.2389000146649778,7.17379996785894,0.6256999913603067,8.047899988014251,0,True,on_screen,0.6577763963274916,-3.806491613603555,-1.8353883239972837,False,False,0,0.0
1789812477716,612,2004,1826.9495700461994,1349.4256076656961,1849.6696032382715,1344.9903522450838,2,1,terminal,0.22617497809441944,896,3,1.0,-5.044573318184649e-05,30.168362644824935,30.0086947497673,0.11939997784793377,0.28470001416280866,9.632200002670288,0.7396999862976372,10.669600043911487,0,True,on_screen,0.6577763963274916,-3.8062811860458226,-1.8131526754390912,False,False,0,0.0
1789812477747,613,2005,1821.24249230684,1345.9182240977243,1842.271654563713,1345.2318241399576,2,1,terminal,0.2385381192933792,927,3,1.0,-5.29372823503977e-05,30.30282991606168,30.010312621094467,0.1078000059351325,0.2702000201679766,7.724899973254651,0.651500013191253,8.658400038257241,0,True,on_screen,0.6577763963274916,-3.803655341470744,-1.7404964555677798,False,False,0,0.0
1789812477779,614,2006,1816.2283653178283,1345.885069672527,1836.025149125349,1345.388505645633,2,1,terminal,0.24892787216007395,959,3,1.0,-5.4049752894313324e-05,30.40840482892697,30.01030650569324,0.11040002573281527,0.2886000438593328,9.091299958527088,0.7121000089682639,10.104699991643429,0,True,on_screen,0.6577763963274916,-3.791317103230881,-1.6859839594408235,False,False,0,0.0
1789812477813,615,2007,1820.2068497652913,1341.167307675577,1833.537101258189,1344.7245567363857,2,1,terminal,0.25259100623841035,993,3,1.0,-5.506425648870057e-05,30.368737805756517,30.01055932073818,0.15520001761615276,0.2893999917432666,8.567399985622615,0.6741000106558204,9.543099964503199,0,True,on_screen,0.6577763963274916,-3.798104267695493,-1.6635097809042645,False,False,0,0.0
1789812477844,616,2008,1824.8738953247664,1338.3292270114516,1832.4975165461785,1343.9571171693935,2,1,terminal,0.25379929898492215,1024,3,1.0,-5.437156769335684e-05,30.54769104013346,30.01180797247296,0.15969999367371202,0.2779999631457031,8.084100030828267,0.6114999996498227,8.98460001917556,0,True,on_screen,0.6577763963274916,-3.7969682217861873,-1.6922931693271774,False,False,0,0.0
1789812477875,617,2009,1827.6608522653996,1335.325307676942,1831.9171168324851,1342.9213000302993,2,1,terminal,0.25407318195058304,1055,3,1.0,-5.465068535983643e-05,30.663297941554482,30.01264495925652,0.1238000113517046,0.26489997981116176,7.967600016854703,0.6525999633595347,8.895899984054267,0,True,on_screen,0.6577763963274916,-3.8120988253451173,-1.7072271481749361,False,False,0,0.0
1789812477907,618,2010,1829.3423013301092,1332.0208082989946,1831.6081389722,1341.6132410225428,2,1,terminal,0.2537164490931759,1087,3,1.0,-5.817390741349841e-05,30.73317027416407,30.013251925850724,0.1305999467149377,0.2597999991849065,8.025400049518794,0.6791999912820756,8.975300006568432,0,True,on_screen,0.6577763963274916,-3.8173615015007556,-1.7105425320347243,False,False,0,0.0
1789812477940,619,2011,1831.7174563573387,1326.7733441712996,1831.6239053905558,1339.472940814881,2,1,terminal,0.2522647176661653,1120,3,1.0,-6.149730991326409e-05,30.740919167876307,30.01301659008987,0.11140003334730864,0.2559999702498317,9.325399994850159,0.7698999834246933,10.362999979406595,0,True,on_screen,0.6577763963274916,-3.8306307370756656,-1.6618069359108092,False,False,0,0.0
1789812477972,620,2012,1833.2404950033285,1322.2316037667988,1831.8912093425763,1336.6220765666785,2,1,terminal,0.2499041554679131,1151,3,1.0,-6.337133872114965e-05,30.80316707991584,30.014046737990288,0.10200001997873187,0.242199981585145,8.525600016582757,0.7168999873101711,9.49689996195957,0,True,on_screen,0.6577763963274916,-3.836573496095724,-1.6282824833600087,False,False,0,0.0
1789812478020,621,2013,1829.947199360261,1322.6172885378971,1831.6224596876543,1334.6859846822601,2,1,terminal,0.2490187970781459,1200,3,1.0,-5.272366905157734e-05,29.782205095490465,30.00780001555915,0.172699976246804,0.24100003065541387,7.347600010689348,0.6171000422909856,8.217099995817989,0,True,on_screen,0.6577763963274916,-3.839615244964648,-1.6133288952987752,False,False,0,0.0
1789812478052,622,2014,1830.400753912477,1321.2265321053494,1831.460070275322,1332.896951153333,2,1,terminal,0.24804786814922997,1232,3,1.0,-3.413121347573857e-05,29.98728878944158,30.00820848170717,0.1297999988310039,0.2625000197440386,8.272099948953837,0.6685000262223184,9.21420002123341,0,True,on_screen,0.6577763963274916,-3.8458386274029692,-1.6797373102821855,False,False,0,0.0
1789812478084,623,2015,1833.387916588964,1323.6011748419512,1831.6914118329591,1331.7814579959672,2,1,terminal,0.24689647538886894,1264,3,1.0,-3.715553772339758e-05,30.085820076368613,30.007827873262627,0.11779996566474438,0.27080002473667264,10.0467000156641,0.7742000161670148,11.103800032287836,0,True,on_screen,0.6577763963274916,-3.876299086038756,-1.681483850424614,False,False,0,0.0
1789812478116,624,2016,1833.228151009784,1320.8755022473774,1831.875820534178,1330.4727433061366,2,1,terminal,0.24568211423256925,1296,3,1.0,-3.3241422067007906e-05,30.220113169130272,30.00910798757926,0.1294999965466559,0.26190001517534256,8.79629998235032,0.6745000137016177,9.74439998390153,0,True,on_screen,0.6577763963274916,-3.879747303277611,-1.658250150068824,False,False,0,0.0
1789812478147,625,2017,1833.5090264405692,1314.411113641339,1832.1295386340448,1327.9775734421466,2,1,terminal,0.24351061674376184,1327,3,1.0,-3.196090746006644e-05,30.365385082025043,30.01029147672993,0.10000000474974513,0.2437999937683344,7.944500015582889,0.6464999751187861,8.844199997838587,0,True,on_screen,0.6577763963274916,-3.901035868857292,-1.6490411763995654,False,False,0,0.0
1789812478179,626,2018,1831.8616263096396,1318.8439323883256,1832.0973891551162,1326.8815365156881,2,1,terminal,0.24278261519089517,1358,3,1.0,-2.785199505828638e-05,30.433694170793075,30.0107701783698,0.09790004696696997,0.2508999896235764,7.961599971167743,0.6617999752052128,8.885799965355545,0,True,on_screen,0.6577763963274916,-3.9208289820548714,-1.7005525361523257,False,False,0,0.0
1789812478212,627,2019,1827.084270198275,1320.9068962752704,1831.4958148802953,1326.1645796868381,2,1,terminal,0.24324159009493151,1391,3,1.0,-3.0767633499963545e-05,30.488151009968558,30.011138680964606,0.12580002658069134,0.25290000485256314,8.201999997254461,0.6328000454232097,9.100499970372766,0,True,on_screen,0.6577763963274916,-3.910335193084734,-1.7179660807453063,False,False,0,0.0
1789812478244,628,2020,1892.5301967292494,1328.3531679041903,1864.3670418445545,1327.3432854891173,2,1,terminal,0.19061041004220058,1424,3,1.0,-3.5315869024873936e-05,30.5197090050959,30.011713542094625,0.32490002922713757,0.27730001602321863,7.767600007355213,0.6092999828979373,8.668499998748302,0,True,on_screen,0.6577763963274916,-3.919085577927774,-1.6539495389545382,False,False,0,0.0
1789812478275,629,2021,1963.8011825827348,1324.1258045539732,1933.9709403612808,1325.0910488345164,2,2,terminal,0.12060586905929715,1455,3,0.8,-5.525016353170702e-05,30.66201396031502,30.01211506371324,0.10820000898092985,0.25669997557997704,8.822100004181266,0.6921999738551676,9.781899978406727,0,True,on_screen,0.6577763963274916,-3.913521619321301,-1.578896911543432,False,False,0,0.0
1789812478307,630,2022,1992.7695048007472,1322.1145225007037,1964.5348114418455,1323.54383134712,2,2,terminal,0.1699188743871114,1486,3,0.8,-6.965891699151593e-05,30.72761444638062,30.013172843913434,0.0999000039882958,0.278300023637712,7.859700010158122,0.6460999720729887,8.796899986919016,0,True,on_screen,0.6577763963274916,-3.9189632078962404,-1.5510598099487218,False,False,0,0.0
1789812478339,631,2023,2020.4452920691951,1317.2262265400113,1992.3539269214525,1320.4004103693094,2,2,terminal,0.21302874102097646,1519,3,0.8,-7.333936842289848e-05,30.797056570895982,30.013731898048196,0.15279999934136868,0.215600011870265,8.065100002568215,0.7463000365532935,9.035199997015297,0,True,on_screen,0.6577763963274916,-3.952406296153015,-1.680975860596576,False,False,0,0.0
1789812478372,632,2024,2048.41836377075,1324.5859983322546,2020.227736378316,1322.4813780540055,2,2,terminal,0.2593912284205676,1552,3,0.8,-8.126094090418583e-05,30.81075947403096,30.014387628051132,0.12130005052313209,0.24429999757558107,7.635700050741434,0.6608000257983804,8.553099993150681,0,True,on_screen,0.6577763963274916,-3.953094556603361,-1.578786234888889,False,False,0,0.0
1789812478419,633,2025,2062.3217196975493,1331.9180400602222,2036.4589846078916,1326.1201119395564,2,2,terminal,0.2880626269314289,1598,3,0.8,-9.703787741292304e-05,29.842218253049833,30.0084607855061,0.09839999256655574,0.1990000018849969,7.057000009808689,0.5951999919489026,7.859100005589426,0,True,on_screen,0.6577763963274916,-3.9792485086720433,-1.6199563164833604,False,False,0,0.0
1789812478452,634,2026,2060.2232644322276,1334.3242384369821,2041.9742320541989,1328.0241371424481,2,2,terminal,0.29830295794933015,1631,3,0.8,-0.00011195908934271033,29.85776544621615,30.00812215891696,0.14859996736049652,0.27540000155568123,7.641000032890588,0.6812999490648508,8.609100012108684,0,True,on_screen,0.6577763963274916,-4.000818137978058,-1.6412729697751707,False,False,0,0.0
1789812478483,635,2027,2056.6916505552526,1341.2435277175136,2044.7172901199465,1330.487990157065,2,2,terminal,0.304553499795709,1663,3,0.8,-0.0001141962458000613,30.095622000387948,30.00906177435161,0.1078000059351325,0.22149999858811498,7.948000042233616,0.6176999886520207,8.797499991487712,0,True,on_screen,0.6577763963274916,-4.001206790247949,-1.5919636732262266,False,False,0,0.0
1789812478515,636,2028,2061.1782301392323,1358.18789896999,2049.531793577513,1338.5896724788433,2,2,terminal,0.3183306604644719,1695,3,0.8,-0.00011305059846805458,30.206788304108006,30.0094754919028,0.10039994958788157,0.23860001238062978,8.19780002348125,0.6966999499127269,9.145500021986663,0,True,on_screen,0.6577763963274916,-4.003337620695987,-1.6593960015181486,False,False,0,0.0
1789812478547,637,2029,2051.5510301171594,1366.3601342281236,2050.0469777303188,1345.674975031778,2,2,terminal,0.32430428157904967,1726,3,0.8,-0.00011413503012029126,30.309947792522625,30.010491454848577,0.10140001541003585,0.2389999572187662,7.3179000173695385,0.5992000224068761,8.167299965862185,0,True,on_screen,0.6577763963274916,-3.980657873485683,-1.6034048146923825,False,False,0,0.0
1789812478579,638,2030,2055.241436452201,1354.9755628304256,2050.6703127769447,1346.7910455676158,2,2,terminal,0.3261060893663732,1759,3,0.8,-0.0001252210956386602,30.418601437843186,30.011098118887876,0.09099999442696571,0.2164000179618597,7.3500999715179205,0.6942999898456037,8.270899998024106,0,True,on_screen,0.6577763963274916,-3.9319441978013288,-1.6834075185797899,False,False,0,0.0
1789812478611,639,2031,2043.7387544502649,1362.6071476446305,2049.527050340475,1349.3996877435638,2,2,terminal,0.3260886559260108,1791,3,0.8,-0.00013129203416079212,30.4721606917888,30.010769300308063,0.11319998884573579,0.27650000993162394,9.09559999126941,0.6447000196203589,10.027699987404048,0,True,on_screen,0.6577763963274916,-3.887634164448258,-1.746118984343048,False,False,0,0.0
1789812478644,640,2032,2044.4261752122318,1375.6651529674982,2048.2729410067473,1355.8573571167362,2,2,terminal,0.3284610963294875,1824,3,0.8,-0.0001282984756153377,30.537368484791713,30.01215413964419,0.09849999332800508,0.228899996727705,7.246399996802211,0.6098999874666333,8.09540000045672,0,True,on_screen,0.6577763963274916,-3.8985529398030963,-1.7722348496110356,False,False,0,0.0
1789812478676,641,2033,2156.5412075429676,1393.0110404070776,2124.0607275821017,1381.8649354199752,2,2,terminal,0.46971147835773774,1856,3,0.8,-0.00015088562939702226,30.52762340258168,30.01182922229803,0.2555000246502459,0.2701000194065273,8.382099971640855,0.6315000355243683,9.29699995322153,0,True,on_screen,0.6577763963274916,-3.935951030018032,-1.6548555187441172,False,False,0,0.0
1789812478707,642,2034,2188.0769709066944,1416.604050038713,2164.9596642620286,1404.0591907420876,2,2,terminal,0.551502027135935,1887,3,0.8,-0.00018170652134527274,30.708961417089892,30.01332122229499,0.09460002183914185,0.23040000814944506,7.426900032442063,0.6590000120922923,8.327699964866042,0,True,on_screen,0.6577763963274916,-3.953131177416509,-1.6130297030675356,False,False,0,0.0
1789812478740,643,2035,2166.182719658929,1461.8508484166885,2165.584261870332,1433.5725972933408,2,2,terminal,0.5695597218399339,1920,3,0.8,-0.00016751082059433993,30.745884864436036,30.0137633679809,0.11119997361674905,0.2209999947808683,7.598900003358722,0.6412999937310815,8.47040000371635,0,True,on_screen,0.6577763963274916,-3.9478109067329115,-1.5946563207313242,False,False,0,0.0
1789812478772,644,2036,2174.9665910986937,1497.3351983261061,2170.907426673457,1469.7489907359513,2,2,terminal,0.5917573259899591,1952,3,0.8,-0.0001540037847163854,30.771427509665646,30.01323073429525,0.1493000308983028,0.3060000017285347,9.638499992433935,0.777500041294843,10.735899966675788,0,True,on_screen,0.6577763963274916,-3.976548374670699,-1.5845587273333024,False,False,0,0.0
1789812478819,645,2037,2175.563355639794,1531.8455656250753,2173.4625121253835,1503.8264125052308,2,2,terminal,0.5997274849762944,1999,3,0.8,-0.00014376537823460392,29.810046549501674,30.00814657097162,0.11220003943890333,0.24690001737326384,7.407600001897663,0.6242000381462276,8.288899960462004,0,True,on_screen,0.6577763963274916,-3.9194393177721736,-1.6175034001209607,False,False,0,0.0
1789812478851,646,2038,2172.199816833454,1559.9424920368929,2172.8357034100163,1531.6827353627887,2,2,terminal,0.5947927374669586,2031,3,0.8,-0.00014720276995969402,29.934699469927523,30.008690799586958,0.105600047390908,0.22340001305565238,7.31009995797649,0.6395999807864428,8.182199962902814,0,True,on_screen,0.6577763963274916,-3.917021115592405,-1.592831175657122,False,False,0,0.0
1789812478885,647,2039,2159.3870243829533,1592.0416497852195,2165.5048607358112,1564.5842348131246,2,2,terminal,0.5703008422364875,2065,3,0.8,-0.00015357950583681605,29.90267447471143,30.0084239930522,0.1547999563626945,0.26539998361840844,7.376599998679012,0.687599997036159,8.342700020875782,0,True,on_screen,0.6577763963274916,-3.9155611974165936,-1.6281912807405527,False,False,0,0.0
1789812478915,648,2040,2145.9777874800684,1622.5865458384342,2154.9669498311187,1595.885555694441,2,2,terminal,0.5351451857482674,2095,3,0.8,-0.00014624301266320978,30.230058925742128,30.009775861034285,0.09589997353032231,0.22690003970637918,7.568700006231666,0.65769994398579,8.462500001769513,0,True,on_screen,0.6577763963274916,-3.89541206341093,-1.6278652334954309,False,False,0,0.0
1789812478947,649,2041,2117.7284489982962,1648.4479810236228,2133.8495980213565,1625.6928573533828,2,2,terminal,0.48000428893823344,2127,3,0.8,-0.0001267060961680968,30.304764134496462,30.010126337087993,0.10539998766034842,0.278000021353364,7.757299987133592,0.6608999683521688,8.70890001533553,0,True,on_screen,0.6577763963274916,-3.853874077495618,-1.668203755630594,False,False,0,0.0
1789812478979,650,2042,2110.325050361479,1666.3808817411052,2124.004054397122,1642.7216956921734,2,2,terminal,0.45107287592222023,2159,3,0.8,-0.0001230684606916676,30.420703006533643,30.011006014727254,0.09810004848986864,0.24590000975877047,7.3720000218600035,0.6259999936446548,8.254199987277389,0,True,on_screen,0.6577763963274916,-3.8266793756514517,-1.6309091265262203,False,False,0,0.0
1789812479011,651,2043,2109.9053351581983,1669.0823946515904,2120.1603686192248,1649.9083232126382,2,2,terminal,0.4391499099292997,2190,3,0.8,-0.00012198111486139487,30.496160380908606,30.011349269888942,0.11960003757849336,0.24590000975877047,7.841200043912977,0.6228000274859369,8.719999983441085,0,True,on_screen,0.6577763963274916,-3.8145837388924804,-1.6816040972939725,False,False,0,0.0
1789812479043,652,2044,2099.390870151448,1677.5497634370101,2113.6688552592664,1658.5476641569267,2,2,terminal,0.42177764381662697,2223,3,0.8,-0.00012239989639503505,30.552780736996446,30.011613055358527,0.16190001042559743,0.27489999774843454,8.257700013928115,0.7049000123515725,9.248799993656576,0,True,on_screen,0.6577763963274916,-3.827929611455147,-1.555940378755559,False,False,0,0.0
1789812479075,653,2045,2096.692504871855,1676.7579804307816,2109.7643708503056,1662.7359551824368,2,2,terminal,0.4121504107097007,2255,3,0.8,-0.00012426225208604993,30.636884958812892,30.01247732423095,0.09360001422464848,0.21820003166794777,7.901899982243776,0.623099971562624,8.753700007218868,0,True,on_screen,0.6577763963274916,-3.8008996049036625,-1.3891321723543286,False,False,0,0.0
1789812479108,654,2046,2095.4399755947475,1673.868749688958,2107.295038054829,1664.655098998968,2,2,terminal,0.4066865077863905,2288,3,0.8,-0.00012452868094189884,30.633481004725997,30.01250923145927,0.4067000118084252,0.324699969496578,8.233700005803257,0.7416000007651746,9.323999984189868,0,True,on_screen,0.6577763963274916,-3.777682492054481,-1.265818732263619,False,False,0,0.0
1789812479140,655,2047,2099.0646436837233,1676.7621633536517,2106.122083675335,1666.3805368719695,2,2,terminal,0.4033836755876168,2320,3,0.8,-0.00013328684393582903,30.729081737527398,30.013615140613542,0.13239996042102575,0.2557000261731446,7.587499974761158,0.6182999932207167,8.474300033412874,0,True,on_screen,0.6577763963274916,-3.7582559496667898,-1.1636682233439686,False,False,0,0.0
1789812479171,656,2048,2100.5699799187646,1676.6180775100026,2105.4558312245467,1667.6090417485334,2,2,terminal,0.4012886856435186,2351,3,0.8,-0.0001324009614668241,30.829940471354544,30.01467043228241,0.10200001997873187,0.2049999893642962,7.096400018781424,0.574899953790009,7.8847999684512615,0,True,on_screen,0.6577763963274916,-3.738116806100919,-1.1604349112333687,False,False,0,0.0
1789812479220,657,2049,2111.3054862989966,1667.7716370705778,2106.157789833481,1667.6285531871786,2,2,terminal,0.40234912550245805,2400,3,0.8,-0.00013220801593313673,29.77424604152278,30.00666275320851,0.1412000274285674,0.2573999809101224,9.170700039248914,0.6547999801114202,10.093200020492077,0,True,on_screen,0.6577763963274916,-3.7425479710500156,-1.193314007437517,False,False,0,0.0
1789812479251,658,2050,2113.975176193561,1667.4732985007995,2107.0958761966904,1667.609922624813,2,2,terminal,0.4038044253403952,2430,3,0.8,-0.00013109828537337907,30.06643009810833,30.00879726190333,0.11870003072544932,0.27550000231713057,7.140100002288818,0.5508000031113625,7.974900014232844,0,True,on_screen,0.6577763963274916,-3.746182846875996,-1.2294263441914965,False,False,0,0.0
1789812479284,659,2051,2119.498597744633,1665.98082977674,2108.638075744265,1667.407355289608,2,2,terminal,0.4063459985982111,2463,3,0.8,-0.00013014587099483693,30.112560379365675,30.008262426124304,0.18179998733103275,0.29090000316500664,8.74000001931563,0.713899964466691,9.759799984749407,0,True,on_screen,0.6577763963274916,-3.751869719674289,-1.1711100287988476,False,False,0,0.0
1789812479316,660,2052,2113.836928826215,1670.420003448932,2109.261938114099,1667.7688730687269,2,2,terminal,0.4069824321068013,2496,3,0.8,-0.00013264579183502705,30.229090029063293,30.009404043449923,0.19120000069960952,0.3075999557040632,7.548200024757534,0.6382999708876014,8.510800020303577,0,True,on_screen,0.6577763963274916,-3.753360993633663,-1.15423601945562,False,False,0,0.0
1789812479347,661,2053,2110.645903831765,1674.1507192428587,2109.428014000219,1668.5346946096226,2,2,terminal,0.40655888720616773,2526,3,0.8,-0.00013313339478662582,30.40134482511439,30.010209961680257,0.10539998766034842,0.20840001525357366,7.889000000432134,0.5917999660596251,8.699300000444055,0,True,on_screen,0.6577763963274916,-3.7361693031677987,-1.1451978572897037,False,False,0,0.0
1789812479379,662,2054,2103.6988624117325,1677.3374240554915,2108.7405158096003,1669.591022143127,2,2,terminal,0.40457109028501936,2559,3,0.8,-0.0001335245264649388,30.475049175874545,30.010860834126017,0.16240001423284411,0.23980002151802182,7.556199969258159,0.6147000240162015,8.422099985182285,0,True,on_screen,0.6577763963274916,-3.740802755169767,-1.122371638187031,False,False,0,0.0
1789812479412,663,2055,2101.787186007793,1676.2577626335246,2107.9061162333837,1670.3910310019746,2,2,terminal,0.40258583538577297,2592,3,0.8,-0.00013378437937125974,30.525034669935216,30.011257025360386,0.0961000332608819,0.23850001161918044,7.693100022152066,0.6119000026956201,8.555300009902567,0,True,on_screen,0.6577763963274916,-3.737658790868977,-1.1394867346176607,False,False,0,0.0
1789812479443,664,2056,2110.671135764686,1676.8644795498817,2108.23791857714,1671.1678448277235,2,2,terminal,0.4023988255280664,2623,3,0.8,-0.00013991047730235913,30.630053684530512,30.011225585096895,0.09370001498609781,0.361400016117841,9.278999990783632,0.6267999997362494,10.277399967890233,0,True,on_screen,0.6577763963274916,-3.7618565518608875,-1.1209656295663888,False,False,0,0.0
1789812479476,665,2057,2118.763145759735,1664.5443819195784,2109.540074928829,1670.348405575117,2,2,terminal,0.4051155774966664,2656,3,0.8,-0.00013229298557368603,30.65579416034549,30.01035325091427,0.2373000024817884,0.5280000041238964,11.831599986180663,0.838999985717237,13.215199986007065,0,True,on_screen,0.6577763963274916,-3.7564761107087747,-1.15588532823971,False,False,0,0.0
1789812479508,666,2058,2129.8221009638983,1658.9692105910733,2113.921154772168,1667.8904084454507,2,2,terminal,0.41398877124990785,2687,3,0.8,-0.00012377834263340402,30.65686219460194,30.010524375931592,0.15879998682066798,0.3195000463165343,12.330999947153032,0.8716000011190772,13.53729999391362,0,True,on_screen,0.6577763963274916,-3.773574635933329,-1.1557267842909926,False,False,0,0.0
1789812479541,667,2059,2152.089252232435,1611.8376253390811,2136.671604337533,1634.4796256211998,2,2,terminal,0.477633190313544,2720,3,0.6,-0.00011916062060122155,30.680074473730564,30.01244878185676,0.2615000121295452,0.35499996738508344,8.9861000305973,0.7257999968715012,10.085499961860478,0,True,on_screen,0.6577763963274916,-3.787166830571607,-1.3078608207903126,False,False,0,0.0
1789812479571,668,2060,2285.759346467876,1324.9146754291623,2241.0330238287734,1417.7841604867735,2,2,terminal,0.6838218642201547,2751,3,0.6,-0.00017405351447489538,30.84774752280523,30.01297258289908,0.11610001092776656,0.26020000223070383,10.145900014322251,0.8795000030659139,11.301799968350679,0,True,on_screen,0.6577763963274916,-3.785665360940044,-1.4632420130449266,False,False,0,0.0
1789812479619,669,2061,2317.19531134048,1137.2248502406908,2294.3466250869683,1221.3926433145157,2,2,terminal,0.47359161375724745,2799,3,0.6,-0.0002063129730335428,29.86235324290692,30.008028217707576,0.1134999911300838,0.22679998073726892,7.428999990224838,0.6361000123433769,8.301900001242757,0,True,on_screen,0.6577763963274916,-3.7361917755784475,-1.584785731670657,False,False,0,0.0
1789812479651,670,2062,2302.48730249744,1048.0472319325438,2300.0450992742985,1100.0508553471354,1,2,second_file,0.6049173710209592,0,3,0.8,-0.00018952758998941333,29.99018947486647,30.008676305858305,0.12009998317807913,0.24089997168630362,7.173400023020804,0.6052000098861754,8.03009996889159,0,True,on_screen,0.6577763963274916,-3.7375847961962165,-1.629087765054436,False,False,0,0.0
1789812479684,671,2063,2249.4479193539873,1012.8942273767718,2264.6270733300807,1039.0412157678809,1,2,second_file,0.6571658798348592,32,3,0.8,-0.00016078772574419815,30.048077913368253,30.006737799902925,0.1360000460408628,0.3197999903932214,11.790900025516748,0.9558000019751489,13.083099969662726,0,True,on_screen,0.6577763963274916,-3.724631160576564,-1.6662009815897711,False,False,0,0.0
1789812479715,672,2064,2209.561004103047,1007.1666653466846,2233.77141745635,1021.1806680162088,1,2,second_file,0.6365793324075374,63,3,0.8,-0.00015041415497778036,30.22602722222144,30.00913363750227,0.1134999911300838,0.2818999928422272,8.536499983165413,0.6646999972872436,9.49720002245158,0,True,on_screen,0.6577763963274916,-3.755878171875338,-1.721859442372443,False,False,0,0.0
1789812479748,673,2065,2175.6321927417835,1010.5729969856768,2203.4386264418004,1015.6463618726389,1,2,second_file,0.5970983266427394,96,3,0.8,-0.00013099729239680717,30.271191471274328,30.009581863319315,0.13319996651262045,0.25809998624026775,8.257600013166666,0.6690999725833535,9.195499995257705,0,True,on_screen,0.6577763963274916,-3.798814760781511,-1.7416374334197489,False,False,0,0.0
1789812479780,674,2066,2132.3005931154357,1041.2826047200451,2156.301833606051,1032.6332001598494,1,2,second_file,0.5098333932239969,128,3,0.8,-0.00010223708112178098,30.39093317292485,30.009156206097277,0.1756999990902841,0.311399984639138,10.574800020549446,0.8175999973900616,11.717199988197535,0,True,on_screen,0.6577763963274916,-3.8385372158184907,-1.776218241759683,False,False,0,0.0
1789812479812,675,2067,2111.4472274420773,1046.031678574188,2137.600413151355,1038.2194843725279,1,2,second_file,0.4760475970140836,161,3,0.8,-0.00010062992467057587,30.432943754912746,30.010542934583615,0.23689999943599105,0.40039996383711696,8.334700018167496,0.6510000093840063,9.401799994520843,0,True,on_screen,0.6577763963274916,-3.874707712786858,-1.8716022508741152,False,False,0,0.0
1789812479843,676,2068,2091.9757902589554,1060.2731533059057,2117.074978706956,1048.140906342811,1,2,second_file,0.435794350989849,191,3,0.8,-0.00010433566651220534,30.610365018174697,30.012003756617208,0.12370001059025526,0.24730002041906118,7.402900024317205,0.6573000573553145,8.320199965965003,0,True,on_screen,0.6577763963274916,-3.9138931210035537,-1.9320837968333926,False,False,0,0.0
1789812479875,677,2069,2061.0320967870707,1077.4270699940557,2085.8595312228817,1064.453070745282,1,2,second_file,0.37357142890433437,223,3,0.8,-0.00010139900792687125,30.65493787218403,30.01184934248675,0.09919999865815043,0.2696000155992806,8.761700009927154,0.7507999544031918,9.79500001994893,0,True,on_screen,0.6577763963274916,-3.969103428192909,-1.9854164614124536,False,False,0,0.0
1789812479907,678,2070,2047.4897884681116,1089.822248124406,2070.128533192965,1074.8540390791654,1,2,second_file,0.3404189285997905,256,3,0.8,-0.00010759074490500516,30.719412907815673,30.012473140348863,0.09809999028220773,0.24049996864050627,8.804000040981919,0.6768999737687409,9.73260001046583,0,True,on_screen,0.6577763963274916,-3.9778173179869896,-2.050762015630774,False,False,0,0.0
1789812479939,679,2071,2040.18037658019,1098.264048917193,2059.890216410902,1082.8571726172975,1,2,second_file,0.31780397359145174,287,3,0.8,-0.00010904461158933905,30.780745417833504,30.01340792118762,0.1105000264942646,0.2367999986745417,8.102199994027615,0.6374000222422183,8.98739998228848,0,True,on_screen,0.6577763963274916,-4.013114823879363,-2.052191304791873,False,False,0,0.0
1789812479973,680,2072,2028.720932506199,1107.9576819847348,2048.700761594575,1091.8679993110527,1,2,second_file,0.2928391857730782,322,3,0.8,-0.00010974792799294322,30.683323460966967,30.012035405584427,0.1501999795436859,0.5025999853387475,10.615199978929013,0.7811000104993582,11.91360002849251,0,True,on_screen,0.6577763963274916,-3.9980450712781987,-2.073538609067844,False,False,0,0.0
1789812480004,681,2073,2015.6444154695814,1106.4135669345424,2037.9347380705894,1096.6053021760479,1,2,second_file,0.2721328621590505,352,3,0.8,-0.00011356936128457257,30.84342196834167,30.014431381674743,0.10080001084133983,0.2408000291325152,7.844400010071695,0.6484999903477728,8.74439999461174,0,True,on_screen,0.6577763963274916,-4.009010737406271,-2.078368178562086,False,False,0,0.0
1789812480051,682,2074,2005.506560273802,1107.6137612175767,2027.890325721784,1100.0150991319842,1,2,second_file,0.2536571696681912,400,3,0.8,-0.00011817811929895616,29.872569969195727,30.00859912758927,0.10649999603629112,0.2264999784529209,7.261199993081391,0.6780999829061329,8.176600036676973,0,True,on_screen,0.6577763963274916,-4.077116388857945,-2.090767592915565,False,False,0,0.0
1789812480084,683,2075,1995.2102052194414,1112.822093444806,2017.5297688068292,1104.0752920397179,1,2,second_file,0.23413532712367013,433,3,0.8,-0.00011777673381609295,29.961440985011063,30.00758063794598,0.1170000177808106,0.2921000123023987,10.242700052913278,0.7916000322438776,11.339200020302087,0,True,on_screen,0.6577763963274916,-4.085551108031325,-2.094928441902463,False,False,0,0.0
1789812480115,684,2076,1994.9120925362806,1108.2096617228592,2012.6950358998388,1104.9590509598495,1,2,second_file,0.22586009269045537,463,3,0.8,-0.0001182166469918932,30.134698221407763,30.00958563409706,0.12149999383836985,0.25260000256821513,7.564700033981353,0.6608000257983804,8.4896000334993,0,True,on_screen,0.6577763963274916,-4.087873375587549,-2.0662479768446946,False,False,0,0.0
1789812480147,685,2077,1999.8193036594462,1105.4586523994988,2011.052708918241,1105.022776184098,1,2,second_file,0.22324192804095233,496,3,0.8,-0.0001151517387244453,30.256221184385637,30.010168173220574,0.1002000062726438,0.29339996399357915,7.659399998374283,0.6090000388212502,8.57089995406568,0,True,on_screen,0.6577763963274916,-4.093702450248458,-1.9976360395969854,False,False,0,0.0
1789812480180,686,2078,2001.627989769228,1102.9949980002086,2009.9217426203595,1104.779442802031,1,2,second_file,0.221673770223356,529,3,0.8,-0.00011244585013138464,30.278366732898412,30.010685204840378,0.2364999963901937,0.3475999692454934,6.912100012414157,0.6138000171631575,7.889200001955032,0,True,on_screen,0.6577763963274916,-4.087667053028326,-1.9645920323809394,False,False,0,0.0
1789812480211,687,2079,2001.020027631572,1104.3341878148383,2008.8535368217051,1104.726012203568,1,2,second_file,0.22004614614867746,559,3,0.6,-0.00010859487382083519,30.43244659020143,30.01095837370914,0.0999000039882958,0.2376000047661364,8.209699997678399,0.6941999890841544,9.152500017080456,0,True,on_screen,0.6577763963274916,-4.081448048554876,-1.952730986198452,False,False,0,0.0
1789812480243,688,2080,2004.3323744500503,1100.6593098589085,2008.3109973371065,1104.238007922209,1,2,second_file,0.21959580503898612,592,3,0.4,-0.000113278489859139,30.542184653065956,30.012072139584237,0.07559999357908964,0.21049997303634882,7.318000018130988,0.6476999842561781,8.185499988030642,0,True,on_screen,0.6577763963274916,-4.074589334623738,-1.877137985334942,False,False,0,0.0
1789812480275,689,2081,1997.5015311287293,1095.3819949147746,2006.8318589692929,1103.0261748517655,1,2,second_file,0.21826241348436415,624,3,0.4,-0.00012133618038429571,30.582351113922265,30.01218589934173,0.12740003876388073,0.24339999072253704,8.021799963898957,0.6489999941550195,8.925999980419874,0,True,on_screen,0.6577763963274916,-4.074031818077998,-1.9034818109699114,False,False,0,0.0
1789812480307,690,2082,1974.6363879902206,1093.7184094132592,1997.0604986177784,1100.2012579488219,1,2,second_file,0.2051178342132839,655,3,0.4,-0.00012482027848505738,30.653830135543508,30.012610788759766,0.12069998774677515,0.25270000332966447,8.386900008190423,0.6608000257983804,9.31200000923127,0,True,on_screen,0.6577763963274916,-4.0511195464438,-1.9493709575854956,False,False,0,0.0
1789812480339,691,2083,1962.1010035566596,1100.760748121692,1986.0178718853758,1100.377983646051,1,2,second_file,0.18746451392508812,687,3,0.4,-0.0001261002644026652,30.692966993998695,30.012885657134213,0.1020999625325203,0.26220001745969057,8.793799963314086,0.7155000348575413,9.78459999896586,0,True,on_screen,0.6577763963274916,-4.040094662676893,-1.986561237607986,False,False,0,0.0
1789812480371,692,2084,1887.5689879865513,1112.054619254022,1917.1036531561988,1108.5516285716308,1,2,second_file,0.07072400153661262,720,3,0.4,-0.00012494009619257347,30.767256747433457,30.01393576996343,0.10200001997873187,0.23110001347959042,7.921499956864864,0.6996000302024186,8.863299968652427,0,True,on_screen,0.6577763963274916,-4.001067467812788,-2.0637384822629063,False,False,0,0.0
1789812480404,693,2085,1228.3441124396402,1218.223742866762,1434.971974654608,1185.3221085782225,2,1,terminal,0.44399920853112673,0,4,0.6,-8.50530369493601e-05,30.78824217401866,30.014096692725346,0.19789999350905418,0.3377000102773309,8.525999961420894,0.6522000185213983,9.52680001500994,0,True,on_screen,0.6577763963274916,-3.9213251404173093,-2.6205469678560425,False,False,0,0.0
1789812480451,694,2086,582.4002354122181,1259.4921616378929,838.1717571849351,1237.241145719992,2,0,terminal,0.21521724829308653,46,4,0.6,-6.066774198821255e-05,29.801406893700523,30.00767264254763,0.14340004418045282,0.2738999901339412,8.935199992265552,0.7012999849393964,9.922099998220801,0,True,on_screen,0.6577763963274916,-3.891164293853052,-3.3919707924130704,False,False,0,0.0
1789812480483,695,2087,481.01363670532885,1253.8465243014057,588.1610728492108,1248.8649107269816,2,0,terminal,0.5169293922622595,78,4,0.6,-2.5567688018049428e-05,29.959929197303588,30.008554019564407,0.09390001650899649,0.24189997930079699,8.45999998273328,0.6311000324785709,9.343200013972819,0,True,on_screen,0.6577763963274916,-3.8553814686020758,-3.636075074713712,False,False,0,0.0
1789812480515,696,2088,439.86129993233527,1227.129823378036,484.35123180739794,1233.6503495827196,2,0,terminal,0.5293871054112391,111,4,0.6,8.200277495666944e-06,30.08473295596523,30.0087043351358,0.10990002192556858,0.26459997752681375,9.182100009638816,0.8152999798767269,10.275600012391806,0,True,on_screen,0.6577763963274916,-3.8336792338058387,-3.9193570942046305,False,False,0,0.0
1789812480548,697,2089,436.2535141991361,1220.8239495724538,463.0810233429761,1227.9781427580956,2,0,terminal,0.5185003704857118,144,4,0.6,2.8180676384053846e-05,30.163527457718494,30.00955124000246,0.1066999975591898,0.26510003954172134,8.328499970957637,0.6370000191964209,9.243400010745972,0,True,on_screen,0.6577763963274916,-3.815088299780058,-3.9912034889917316,False,False,0,0.0
1789812480579,698,2090,430.71697218769805,1215.2924676578543,452.9141237015303,1223.9930425921941,2,0,terminal,0.5100463561368902,174,4,0.6,4.7627998985786194e-05,30.31417708323653,30.010489082363648,0.09159999899566174,0.23030000738799572,7.973700005095452,0.5996999680064619,8.81420000223443,0,True,on_screen,0.6577763963274916,-3.792360404658268,-4.1357011003378386,False,False,0,0.0
1789812480612,699,2091,435.04953566025324,1207.6294590615696,448.9074078634378,1220.322975913432,2,0,terminal,0.5028609092471343,207,4,0.6,6.406010616444129e-05,30.365658531740177,30.009299869123623,0.14220003504306078,0.34359999699518085,11.26010000007227,0.8424000116065145,12.460199999623,0,True,on_screen,0.6577763963274916,-3.7902413964696393,-4.019278029883528,False,False,0,0.0
1789812480645,700,2092,464.7588738961517,1195.1110085382581,453.21365022792406,1213.473840207059,2,0,terminal,0.49159760161018085,240,4,0.6,7.416079901497764e-05,30.33951778368687,30.010753532966085,0.17479999223724008,0.30150002567097545,8.181999961379915,0.6921000313013792,9.188399999402463,0,True,on_screen,0.6577763963274916,-3.79240537373326,-4.075521483502624,False,False,0,0.0
1789812480675,701,2093,436.2748113744945,1185.7565176774963,448.2215755420631,1205.3052198336702,2,0,terminal,0.47635532020141,270,4,0.6,8.917014780210168e-05,30.61221468285786,30.012247735896462,0.09349995525553823,0.2316000172868371,7.9483999870717525,0.6049000076018274,8.795400033704937,0,True,on_screen,0.6577763963274916,-3.766412741198252,-3.9851153848772776,False,False,0,0.0
1789812480707,702,2094,415.452918583604,1186.4947318695395,437.08281843334447,1198.9111385384085,2,0,terminal,0.46270087814338823,302,4,0.6,0.00010332118647886704,30.675231680693734,30.01306953082614,0.1558999647386372,0.2196999848820269,7.2889000293798745,0.6770999752916396,8.196900016628206,0,True,on_screen,0.6577763963274916,-3.743718122408694,-4.000640171700299,False,False,0,0.0
1789812480739,703,2095,448.5265212175057,1169.5484547115664,440.36077600112884,1190.5004314905225,2,0,terminal,0.44875226372322696,335,4,0.6,0.00010581942752538494,30.73300151043722,30.013092455902285,0.09729998419061303,0.2384000108577311,8.5578000289388,0.6580999470315874,9.465500013902783,0,True,on_screen,0.6577763963274916,-3.735285816290542,-3.8956992189743933,False,False,0,0.0
1789812480771,704,2096,465.36279906983276,1154.531029337734,450.14356728673636,1176.426324248806,2,0,terminal,0.42592600152721083,366,4,0.6,0.00010729461012830462,30.7768694709433,30.013731439663058,0.0990999978967011,0.2416999777778983,8.319000015035272,0.6457999697886407,9.21709998510778,0,True,on_screen,0.6577763963274916,-3.7452829834995214,-3.854946457145808,False,False,0,0.0
1789812480803,705,2097,481.32207381611283,1140.202287177607,463.4038792356092,1161.0201330908349,1,0,sidebar,0.5379341930687477,0,0,0.8,0.00011013862497894801,30.828338436593736,30.01397603586434,0.16200001118704677,0.26190001517534256,9.074100002180785,0.6606999668292701,10.00830001430586,0,True,on_screen,0.6577763963274916,-3.754062117082924,-3.873895697952079,False,False,0,0.0
1789812480852,706,2098,495.22674880005303,1127.349933717837,476.5405596026877,1147.120863379687,1,0,sidebar,0.5633779047342726,49,0,0.8,0.0001123675461759243,29.8148482990376,30.00734852504998,0.2747999969869852,0.3114999854005873,9.432099992409348,0.6551999831572175,10.440299985930324,0,True,on_screen,0.6577763963274916,-3.769136265123734,-3.8142803191988572,False,False,0,0.0
1789812480883,707,2099,487.87857717302717,1123.7867967594786,479.24948359070936,1141.5457959207215,1,0,sidebar,0.5732678874446628,79,0,0.8,0.0001179338517283135,29.995348821454613,30.007920103728967,0.1734999823383987,0.2549999626353383,9.746600000653416,0.7959000067785382,10.807400045450777,0,True,on_screen,0.6577763963274916,-3.774991154397867,-3.7614759373883953,False,False,0,0.0
1789812480915,708,2100,480.065032574134,1119.3719284643557,479.418224740303,1136.957912223274,1,0,sidebar,0.5813739306027618,111,0,0.8,0.00011823171544239966,30.10214681864854,30.008715988706104,0.10409997776150703,0.25350000942125916,9.108699974603951,0.7090999861247838,10.083400004077703,0,True,on_screen,0.6577763963274916,-3.76934075025693,-3.637994447144853,False,False,0,0.0
1789812480947,709,2101,474.68414498830896,1115.8447469284438,478.46098724053263,1132.6888008821418,1,0,sidebar,0.5889082825262233,144,0,0.8,0.00012231058899258955,30.216287738580704,30.009206098839343,0.19290001364424825,0.2867000293917954,9.203000052366406,0.7542000385001302,10.25699998717755,0,True,on_screen,0.6577763963274916,-3.7670095265916075,-3.6156965255387106,False,False,0,0.0
1789812480979,710,2102,571.9177141480702,1016.8377162240112,543.8806960758089,1051.5930416214503,1,0,sidebar,0.7093788476733156,176,0,0.8,0.00010097927091988652,30.327265324839395,30.009938514986064,0.10519998613744974,0.2704000216908753,8.938199956901371,0.7274000090546906,9.948400023858994,0,True,on_screen,0.6577763963274916,-3.78006346367971,-3.4879069048043014,False,False,0,0.0
1789812481011,711,2103,653.7247813482013,928.7953021552524,620.7715557664835,965.6346239951118,1,0,sidebar,0.7256005605477481,207,0,0.8,8.727019366095053e-05,30.40949306136906,30.010662518694446,0.0926000066101551,0.23639999562874436,8.476899995002896,0.7523999665863812,9.476899984292686,0,True,on_screen,0.6577763963274916,-3.7810053675752613,-3.405992703390034,False,False,0,0.0
1789812481044,712,2104,740.81802505238,774.2283741282716,704.804084266611,831.6502490883237,1,0,sidebar,0.5848959460178058,240,0,0.8,5.7151229307715254e-05,30.451176819052545,30.009868226002986,0.18630002159625292,0.30509999487549067,11.047100007999688,0.8497000089846551,12.214099988341331,0,True,on_screen,0.6577763963274916,-3.770975760590119,-3.3324909328781214,False,False,0,0.0
1789812481076,713,2105,786.13888338947,641.7484505000741,761.7384436526123,698.7189900765491,1,0,sidebar,0.38828897897397996,273,0,0.8,6.787758573602483e-05,30.526174208884377,30.011691371601508,0.19589997828006744,0.5583000020124018,7.967600016854703,0.6568999961018562,9.225200046785176,0,True,on_screen,0.6577763963274916,-3.7546378173548476,-3.2606634089386723,False,False,0,0.0
1789812481108,714,2106,869.5574174466673,551.8715896427937,837.2117253084508,595.9258097729203,0,0,sidebar,0.18050382856751224,305,0,0.8,6.146587167434221e-05,30.631767345357286,30.01150218610652,0.1621000119484961,0.3409999771974981,10.130200011190027,0.8397999918088317,11.324700026307255,0,True,on_screen,0.6577763963274916,-3.7385727314787687,-3.2358539893574756,False,False,0,0.0
1789812481139,715,2107,945.1979017017903,414.67207405594297,912.8020487837885,469.04819477103615,0,0,sidebar,0.1791289423167337,335,0,0.8,6.743772349365046e-05,30.737047979908176,30.013108492219168,0.098800053820014,0.24069997016340494,8.40649998281151,0.667500018607825,9.326300001703203,0,True,on_screen,0.6577763963274916,-3.707188672611011,-3.1631563078792464,False,False,0,0.0
1789812481171,716,2108,1009.2626612063939,300.87957746848764,980.3244774796123,351.3301626592522,0,0,sidebar,0.1114556076280816,368,0,0.8,3.626406349665698e-05,30.778326565892886,30.01364280954746,0.11840002844110131,0.2373000024817884,8.392299991101027,0.6512000109069049,9.291999973356724,0,True,on_screen,0.6577763963274916,-3.648263489561714,-3.0819447416415504,False,False,0,0.0
1789812481203,717,2109,1047.1043986884454,216.94607363650184,1027.0704223257953,257.261300343327,0,1,main_file,0.26659552488732763,0,7,1.0,6.863422618211268e-05,30.817895241765836,30.014361466375508,0.11080002877861261,0.2532999496906996,7.9552000388503075,0.6299999658949673,8.84959998074919,0,True,on_screen,0.6577763963274916,-3.5924960750238313,-3.060293047208996,False,False,0,0.0
1789812481251,718,2110,1050.7242110777113,149.27868417620942,1043.6280744521364,181.67346902634472,0,1,main_file,0.2692079457786587,47,7,1.0,4.5605591840346474e-05,29.82545899987424,30.00837721538623,0.10260002454742789,0.2315999590791762,7.476500002667308,0.6051000091247261,8.324399997945875,0,True,on_screen,0.6577763963274916,-3.523202003607935,-3.1548796313632668,False,False,0,0.0
1789812481285,719,2111,786.1364032225491,97.84391131027671,863.3839045914253,122.99277862509712,0,0,sidebar,0.2539852558443634,0,1,1.2,2.5417632723718706e-05,29.788247692598578,30.006876436088337,0.23790000705048442,0.33189996611326933,10.019800043664873,0.8487999439239502,11.21570001123473,0,True,on_screen,0.6577763963274916,-3.4636305348010694,-3.24581821430643,False,False,0,0.0
1789812481317,720,2112,600.5332919347187,52.171907301159166,679.3884757317308,73.41816869834057,0,0,sidebar,0.46678638243589954,31,1,1.2,4.315528348089112e-05,29.980723917889357,30.008431602024565,0.13419997412711382,0.285400019492954,8.379300008527935,0.6839000270701945,9.360100026242435,0,True,on_screen,0.6577763963274916,-3.4174546294038635,-3.3898381297558777,False,False,0,0.0
1789812481347,721,2113,489.7461661973049,11.135252626602181,546.6388590576327,29.8201274481237,0,0,sidebar,0.5083788789309562,61,1,1.2,6.182722139822308e-05,30.28379867636047,30.010062858399582,0.11769996490329504,0.2270000404678285,7.728900003712624,0.5977999535389245,8.564100018702447,0,True,on_screen,0.6577763963274916,-3.3795143386663256,-3.4822335293770696,False,False,0,0.0
1789812481379,722,2114,412.20870267046195,-27.199279965041757,452.53774958661313,-10.093457741092116,-1,-1,off_screen,0.0,0,3,1.4,5.3134395578897584e-05,30.352419982727547,30.010588769195504,0.09269994916394353,0.28010003734380007,7.42139999056235,0.6491999956779182,8.362699998542666,0,True,gaze_outside_screen,0.6577763963274916,-3.3476427443106616,-3.5436086726799316,False,False,0,0.0
1789812481412,723,2115,382.7406663355627,-97.7971755784994,403.6797913108779,-71.4860602272772,-1,-1,off_screen,0.0,32,3,1.4,9.371939932273018e-05,30.38694142609307,30.010697983762352,0.11319998884573579,0.25069998810067773,7.937200018204749,0.6518999580293894,8.851899998262525,0,True,gaze_outside_screen,0.6577763963274916,-3.3035690387770273,-3.658524103063962,False,False,0,0.0
1789812481443,724,2116,338.97256634105565,-103.25575196596786,362.7527890576773,-91.58023434738944,-1,-1,off_screen,0.0,64,3,1.4,0.00012819932955557278,30.550204316631934,30.01166205534103,0.1140000531449914,0.23129995679482818,7.779500039760023,0.6561000482179224,8.677299949340522,0,True,gaze_outside_screen,0.6577763963274916,-3.2818181467121406,-3.7681619732378095,False,False,0,0.0
1789812481476,725,2117,282.4709195295951,-116.74100172482342,306.55548038801976,-109.19277151159322,-1,-1,off_screen,0.0,97,3,1.4,0.0001363160594420338,30.538906967612874,30.0098030700411,0.1621000119484961,0.394799979403615,12.247100006788969,0.8582999580539763,13.513299985788763,0,True,gaze_outside_screen,0.6577763963274916,-3.265546303471581,-3.814862610128727,False,False,0,0.0
1789812481508,726,2118,251.8755795530371,-158.47826712912837,271.258119398973,-141.00789743119333,-1,-1,off_screen,0.0,128,3,1.4,0.00015107952805920068,30.584724592392455,30.01237946889622,0.2305000089108944,0.26950001483783126,7.592000009026378,0.6120000034570694,8.515599998645484,0,True,gaze_outside_screen,0.6577763963274916,-3.231871105942986,-3.7881518140663792,False,False,0,0.0
1789812481539,727,2119,235.79613032499103,-180.0,254.69029966312064,-159.22498404565587,-1,-1,off_screen,0.0,160,3,1.4,0.00015235133955563383,30.742616996377574,30.013008847640556,0.10389997623860836,0.24820002727210522,8.392799994908273,0.6126000080257654,9.263699990697205,0,True,gaze_outside_screen,0.6577763963274916,-3.2075345029645916,-3.736215696401894,False,False,0,0.0
1789812481572,728,2120,225.22965388570245,-180.0,245.11193999437657,-165.97943798526137,-1,-1,off_screen,0.0,193,3,1.4,0.000148980083675471,30.73868425369933,30.012130223533294,0.17439998919144273,0.34410000080242753,10.911400022450835,0.8118999539874494,12.080600019544363,0,True,gaze_outside_screen,0.6577763963274916,-3.20363770350005,-3.728123493648318,False,False,0,0.0
1789812481603,729,2121,252.87453915113406,-180.0,246.31001793365036,-168.1433686104123,-1,-1,off_screen,0.0,223,3,1.4,0.00015086081680650877,30.857877937729942,30.014573412685994,0.09940000018104911,0.23689999943599105,7.4183999677188694,0.6643999950028956,8.329999982379377,0,True,gaze_outside_screen,0.6577763963274916,-3.1793678909783694,-3.77449361031039,False,False,0,0.0
1789812481651,730,2122,264.2426881118689,-180.0,249.91469322454373,-170.52668943093292,-1,-1,off_screen,0.0,272,3,1.4,0.00015322254637861916,29.84301518527671,30.0065655553469,0.12700003571808338,0.30910002533346415,11.064400023315102,0.8392000454477966,12.227099970914423,0,True,gaze_outside_screen,0.6577763963274916,-3.1971947264198946,-3.7583634790704363,False,False,0,0.0
1789812481683,731,2123,273.08281517259763,-180.0,255.2697501566299,-172.7163411233071,-1,-1,off_screen,0.0,304,3,1.4,0.00015481421153092263,29.987615016231338,30.008031339340135,0.13529998250305653,0.2750999992713332,9.168699965812266,0.6820000126026571,10.136800003238022,0,True,gaze_outside_screen,0.6577763963274916,-3.194240618088145,-3.71887179958387,False,False,0,0.0
1789812481716,732,2124,275.1844754147969,-180.0,259.2230704514197,-174.1622378697735,-1,-1,off_screen,0.0,337,3,1.4,0.0001584895565548139,30.06288227784516,30.009017964222846,0.13939995551481843,0.2778000198304653,7.7188999857753515,0.5964000010862947,8.603600028436631,0,True,gaze_outside_screen,0.6577763963274916,-3.186221431022119,-3.7281690454764487,False,False,0,0.0
1789812481748,733,2125,286.38753220422666,-180.0,266.1400628209152,-175.64872990768527,-1,-1,off_screen,0.0,368,3,1.4,0.00016199819155664034,30.18712138327829,30.007542512328722,0.13840000610798597,0.3415000392124057,12.125599954742938,0.9818000253289938,13.465599971823394,0,True,gaze_outside_screen,0.6577763963274916,-3.1731939495634833,-3.752926710728584,False,False,0,0.0
1789812481779,734,2126,285.6073721332286,-176.52483956809263,269.7193188476607,-175.80981127397965,-1,-1,off_screen,0.0,400,3,1.4,0.00016699721702241772,30.331804964506865,30.009853903509097,0.13329996727406979,0.25320000713691115,8.720999991055578,0.7368000224232674,9.721700043883175,0,True,gaze_outside_screen,0.6577763963274916,-3.165580572773706,-3.7607763182908154,False,False,0,0.0
1789812481812,735,2127,285.29991100686544,-169.78332757704243,272.21431778283073,-174.8447599939617,-1,-1,off_screen,0.0,433,3,1.4,0.0001656747472452754,30.396575479556606,30.010361744052663,0.30800001695752144,0.32540003303438425,8.49999999627471,0.7268000044859946,9.565399959683418,0,True,gaze_outside_screen,0.6577763963274916,-3.1270379801806314,-3.807467051106146,False,False,0,0.0
1789812481843,736,2128,293.97628134625234,-161.5905743670159,277.3279622206883,-171.7302803463859,-1,-1,off_screen,0.0,463,3,1.2,0.000163835504118642,30.50411551189978,30.010370430441572,0.11169997742399573,0.27299998328089714,8.765999984461814,2.0378000335767865,11.093000008258969,0,True,gaze_outside_screen,0.6577763963274916,-3.112688191907637,-3.86096752753445,False,False,0,0.0
1789812481875,737,2129,337.085474606388,94.35954128656033,319.1582208906781,14.532594796676442,0,0,sidebar,0.42113342767647166,0,2,1.4,0.00023395466609042563,30.60371703400534,30.011970660053755,0.10919995838776231,0.29420002829283476,7.935200002975762,0.6431000074371696,8.885600022040308,0,True,on_screen,0.6577763963274916,-3.142229911858209,-3.622132617854149,False,False,0,0.0
1789812481907,738,2130,364.0351686338276,314.56283608739324,350.5720843108827,224.55376370017817,0,0,sidebar,0.7353321639178221,32,2,1.4,0.00025776518775126427,30.665808326505708,30.01132365285067,0.13270002091303468,0.3513999981805682,10.619400010909885,0.7250999915413558,11.709799990057945,0,True,on_screen,0.6577763963274916,-3.2011571217797723,-3.509521075162413,False,False,0,0.0
1789812481940,739,2131,360.0548530339922,444.5484672911863,357.21002241705935,378.55005621388386,0,0,sidebar,0.7424820168817594,65,2,1.4,0.000297894362528384,30.632950356873888,30.01176299151306,0.17170002683997154,0.2995000104419887,9.933000023011118,0.782499962951988,11.028399982023984,0,True,on_screen,0.6577763963274916,-3.259085872289887,-3.446394506942939,False,False,0,0.0
1789812481971,740,2132,342.7701324855494,546.2369887708804,347.1020994650024,495.93090900378144,0,0,sidebar,0.5817417175307651,95,2,1.4,0.0003144743583704448,30.80276233618372,30.013787928751942,0.08340005297213793,0.22230000467970967,7.79009994585067,0.6036999984644353,8.62579996464774,0,True,on_screen,0.6577763963274916,-3.2941949947048954,-3.386538741071518,False,False,0,0.0
1789812482003,741,2133,359.96003594555754,595.6250558977658,356.102655001391,565.7168118295706,0,0,sidebar,0.48204529229477333,128,2,1.4,0.000327218669237404,30.842523294708883,30.014327852313194,0.07430004188790917,0.20260002929717302,7.736699946690351,0.6667000125162303,8.614699996542186,0,True,on_screen,0.6577763963274916,-3.3045063652864144,-3.3089206299820417,False,False,0,0.0
1789812482051,742,2134,373.4267769231881,638.3722241585034,367.44524486381806,613.2863537118483,0,0,sidebar,0.41189243086223915,176,2,1.4,0.0003214541555196706,29.84788620618539,30.00773496476681,0.1240999554283917,0.2720000338740647,8.770500018727034,0.6441000150516629,9.69720003195107,0,True,on_screen,0.6577763963274916,-3.37271372355616,-3.2935127288741737,False,False,0,0.0
1789812482083,743,2135,381.5387660075056,643.0533708511405,371.6530310049302,622.1736460289327,0,0,sidebar,0.3995036284219652,207,2,1.4,0.0003358843139832212,29.989621765699344,30.008707768011075,0.09119999594986439,0.22410001838579774,7.852100010495633,0.64439995912835,8.7311000097543,0,True,on_screen,0.6577763963274916,-3.3777279045801265,-3.2455743739711864,False,False,0,0.0
1789812482116,744,2136,388.6443393832821,648.2673146154365,376.46560030211793,629.5643416418965,0,0,sidebar,0.38971561856334325,240,2,1.4,0.00033078798038978403,30.04711849817435,30.007876772647737,0.11639995500445366,0.272100034635514,10.23189997067675,0.7918999763205647,11.308400018606335,0,True,on_screen,0.6577763963274916,-3.4008717253832685,-3.2001407797990766,False,False,0,0.0
1789812482148,745,2137,388.160117224952,651.4413419585865,379.1463616523291,634.5792573750149,1,0,sidebar,0.4983808146962496,273,2,1.4,0.0003315578744266731,30.162414630988998,30.009148394911,0.18940004520118237,0.5135999526828527,8.421700040344149,0.6179999909363687,9.563999949023128,0,True,on_screen,0.6577763963274916,-3.4128600302383347,-3.1827347534370443,False,False,0,0.0
1789812482179,746,2138,382.1209863552289,661.9012525012515,379.89615949809485,641.4661675347077,1,0,sidebar,0.5102150800310052,303,2,1.4,0.000335845765856416,30.347146265159022,30.010249468737985,0.08720002369955182,0.2237000153400004,8.164500002749264,0.6343000568449497,9.032699977979064,0,True,on_screen,0.6577763963274916,-3.4216989146430308,-3.1648401729924935,False,False,0,0.0
1789812482212,747,2139,380.19471580613765,672.7359945901155,379.9810606856891,650.3584447412226,1,0,sidebar,0.5248868512004345,336,2,1.4,0.0003353612010627647,30.33179177810558,30.00934165975105,0.1243999577127397,0.2894999925047159,10.33580000512302,0.7536999764852226,11.391100008040667,0,True,on_screen,0.6577763963274916,-3.43068009624821,-3.142727260670477,False,False,0,0.0
1789812482243,748,2140,377.51682316530804,682.3652857544912,379.2628475546294,659.6869828019184,1,0,sidebar,0.5396551795929996,368,2,1.4,0.0003417722450241769,30.527429139040223,30.011068881573262,0.10390003444626927,0.30809995951130986,8.62010003766045,0.6995999719947577,9.638999996241182,0,True,on_screen,0.6577763963274916,-3.444077275566684,-3.1030737858829047,False,False,0,0.0
1789812482275,749,2141,377.7124881030236,684.5762937139606,378.9057227305305,665.4202279356182,1,0,sidebar,0.5487300401652784,400,2,1.4,0.00034401315708213094,30.587865871133012,30.01181565604571,0.0906999921426177,0.23040000814944506,8.156399999279529,0.665400002617389,9.063299978151917,0,True,on_screen,0.6577763963274916,-3.4492666603049997,-3.078754974186497,False,False,0,0.0
1789812482308,750,2142,377.81186666375476,681.0877896962627,378.73988601119316,667.7955468841702,1,0,sidebar,0.5524636773546581,433,2,1.4,0.0003429888110716931,30.59380006033017,30.010587726964346,0.13449997641146183,0.3244000254198909,11.506299953907728,0.8297000313177705,12.674500001594424,0,True,on_screen,0.6577763963274916,-3.435097187542624,-3.0726280219167927,False,False,0,0.0
1789812482339,751,2143,380.3949991804663,678.0901987147131,378.93849959150594,669.0309051038354,1,0,sidebar,0.5546041133734225,463,2,1.4,0.0003418227135779401,30.708015738135735,30.012357066355563,0.12059998698532581,0.25049998657777905,9.285600041039288,0.7282999577000737,10.276300017721951,0,True,on_screen,0.6577763963274916,-3.4547651841227207,-3.106381601925857,False,False,0,0.0
1789812482372,752,2144,384.3635517715606,674.5627316543948,379.58950585311254,669.6947242899025,1,0,sidebar,0.5561391604034436,496,2,1.4,0.00034116253662367334,30.718033291719372,30.013417495491492,0.1621000119484961,0.298099999781698,7.65990000218153,0.645000021904707,8.612899982836097,0,True,on_screen,0.6577763963274916,-3.4498083726403763,-3.1111334077980666,False,False,0,0.0
1789812482404,753,2145,384.4560693953051,674.8254691662027,380.17349347817566,670.3104136750585,1,0,sidebar,0.5575482651484552,529,2,1.4,0.0003390005843305951,30.791388461188408,30.01353938047414,0.11820002691820264,0.29769999673590064,8.833999978378415,0.7010999834164977,9.846100001595914,0,True,on_screen,0.6577763963274916,-3.4499684998829423,-3.1030467064551543,False,False,0,0.0
1789812482451,754,2146,385.13172902556806,674.8933369570898,380.7684817438627,670.8603644689023,1,0,sidebar,0.5588579301389196,575,2,1.4,0.00033903119234188726,29.825525424515348,30.00820542635813,0.09220000356435776,0.21719996584579349,7.708200020715594,0.6175999878905714,8.553899999242276,0,True,on_screen,0.6577763963274916,-3.4790739940624746,-3.1131063985142786,False,False,0,0.0
1789812482483,755,2147,388.71862334814523,674.5276368491308,381.7224987363766,671.3004371545297,1,0,sidebar,0.5602394062234145,608,2,1.4,0.0003443499248362708,29.97515733293914,30.00885722533252,0.1509999856352806,0.24860003031790257,7.516400015447289,0.6228000274859369,8.397400029934943,0,True,on_screen,0.6577763963274916,-3.478311411929809,-3.109877950192022,False,False,0,0.0
1789812482515,756,2148,391.5262521969688,671.0311666151135,382.8989491516477,671.2681246897997,1,0,sidebar,0.5610032830000298,640,2,1.4,0.0003441834996084133,30.083578910505675,30.00917484417479,0.12039998546242714,0.23710000095888972,7.870200031902641,0.6489999941550195,8.767000050283968,0,True,on_screen,0.6577763963274916,-3.478254919166943,-3.091432182114415,False,False,0,0.0
1789812482547,757,2149,391.161956980412,666.3463976709372,383.89051009109943,670.6775174475362,1,0,sidebar,0.5607227198176092,671,2,1.4,0.0003467481002799831,30.21607250437754,30.009968071346144,0.10539998766034842,0.2209999947808683,7.524500018917024,0.60299999313429,8.358800027053803,0,True,on_screen,0.6577763963274916,-3.483641896359501,-3.1106745267710996,False,False,0,0.0
1789812482581,758,2150,388.07814304636554,666.6202216308096,384.3930260457314,670.190641949529,1,0,sidebar,0.5602710710566894,706,2,1.4,0.00034595038267102446,30.13218558308181,30.008959921731808,0.28330000350251794,0.35799999022856355,8.914400008507073,0.7605999708175659,10.047900024801493,0,True,on_screen,0.6577763963274916,-3.484194259603072,-3.062533361199588,False,False,0,0.0
1789812482611,759,2151,348.60220181882767,639.766175395225,369.4212082129897,657.4636489073575,1,0,sidebar,0.5290871655916422,736,2,1.4,0.0003383987241215424,30.433364097034435,30.01111131051448,0.09680003859102726,0.24310004664584994,7.160099979955703,0.6473999819718301,8.061499975156039,0,True,on_screen,0.6577763963274916,-3.5054322736391157,-3.1614741101440886,False,False,0,0.0
1789812482643,760,2152,334.6328396957254,610.9016889191993,351.56088117520846,633.5587672370403,1,0,sidebar,0.47745121379928,767,2,1.4,0.00032865757017050586,30.534849896382447,30.011680428887463,0.08460000390186906,0.21299999207258224,7.374599983450025,0.6287000142037868,8.22429999243468,0,True,on_screen,0.6577763963274916,-3.4785820500381703,-3.250282317140701,False,False,0,0.0
1789812482675,761,2153,337.19428609395646,585.6004861795728,345.1725904826725,612.2335027065985,0,0,sidebar,0.3991573993619252,799,2,1.4,0.00032784820775138244,30.56591869517991,30.011020944582082,0.11660001473501325,0.2978999982587993,9.6186000155285,0.7716999971307814,10.70169999729842,0,True,on_screen,0.6577763963274916,-3.4659879594730683,-3.3213503591499363,False,False,0,0.0
1789812482707,762,2154,338.6104351461286,573.3388099664429,342.8490336081451,598.4614985305105,0,0,sidebar,0.4197119250231358,832,2,1.4,0.0003254134607573282,30.661176649492994,30.012478293961017,0.12270000297576189,0.24990004021674395,7.895900052972138,0.6531999679282308,8.810000028461218,0,True,on_screen,0.6577763963274916,-3.4535402606132948,-3.3195667474763373,False,False,0,0.0
1789812482739,763,2155,342.62527111810135,564.1207676065964,342.77954203862174,587.7966579219948,0,0,sidebar,0.4367242610991201,864,2,1.4,0.00032295493837556505,30.729796261589623,30.013391473902274,0.0811999780125916,0.2066000015474856,7.197100028861314,0.6311999750323594,8.044200018048286,0,True,on_screen,0.6577763963274916,-3.4431483354915144,-3.348809674173999,False,False,0,0.0
1789812482772,764,2156,342.9528428635183,557.6792333876311,342.8271192198738,579.5283639495191,0,0,sidebar,0.4499106148169614,897,2,1.4,0.00032378003836049975,30.695896156544926,30.011756980517518,0.13639999087899923,0.3418000414967537,11.185699957422912,0.8280000183731318,12.370499956887215,0,True,on_screen,0.6577763963274916,-3.438021424350808,-3.3564919598663407,False,False,0,0.0
1789812482804,765,2157,346.68957930628636,550.0548399082114,343.8745734212283,571.5354874161422,0,0,sidebar,0.46338308123784144,928,2,1.4,0.000321682405846466,30.738129914711337,30.0132500359002,0.18720002844929695,0.30049995984882116,9.009300032630563,0.6578000029549003,9.979599970392883,0,True,on_screen,0.6577763963274916,-3.4393739759007644,-3.3913118624252774,False,False,0,0.0
1789812482851,766,2158,347.9194245817495,548.8205453789085,344.74195092967244,566.6644973483221,0,0,sidebar,0.471756810156008,976,2,1.4,0.0003213079080966793,29.788221253508485,30.007839819320658,0.19350001821294427,0.2948000328615308,8.219100011046976,0.6515999557450414,9.17849998222664,0,True,on_screen,0.6577763963274916,-3.4486757168787108,-3.3496588578760473,False,False,0,0.0
1789812482884,767,2159,347.9010018903271,546.6672937708335,345.3432024470738,562.8584970195852,0,0,sidebar,0.4782297413447951,1009,2,1.4,0.00032195985078889607,29.86657753603615,30.007904017989425,0.15030003851279616,0.2742999931797385,8.383899985346943,0.9679999784566462,9.63939999928698,0,True,on_screen,0.6577763963274916,-3.46188696585412,-3.3474219992616656,False,False,0,0.0
1789812482915,768,2160,350.9916317800109,542.2001484780801,346.47468637932946,558.7202511349553,0,0,sidebar,0.4856455698738811,1039,2,1.4,0.0003208241154314447,30.09705036395386,30.00927340733066,0.123299949336797,0.26320002507418394,7.672199979424477,0.6499000010080636,8.595500024966896,0,True,on_screen,0.6577763963274916,-3.4750668597674235,-3.350589877238427,False,False,0,0.0
1789812482947,769,2161,353.7515766186458,544.1826836238739,347.61214249593297,556.4478731627449,0,0,sidebar,0.4901346030108972,1072,2,1.4,0.00031643183592194694,30.195454690870015,30.009734582981796,0.13719999697059393,0.28609996661543846,7.6431999914348125,0.6982000195421278,8.638100000098348,0,True,on_screen,0.6577763963274916,-3.510386882499489,-3.3350503770237867,False,False,0,0.0
1789812482979,770,2162,356.01735995139836,543.0595517884123,348.89377451089126,554.406414819661,0,0,sidebar,0.49437784377361005,1104,2,1.4,0.00031397885582638667,30.286629077244037,30.00970559964689,0.10609999299049377,0.26110000908374786,8.90000001527369,0.7093000458553433,9.883299993816763,0,True,on_screen,0.6577763963274916,-3.53721576007851,-3.3864074710521894,False,False,0,0.0
1789812483012,771,2163,356.4641336019838,549.8102024253644,349.80221760182235,553.8548693323454,0,0,sidebar,0.4959782307293603,1137,2,1.4,0.00031552358884481303,30.324782902848213,30.010559179866945,0.14160003047436476,0.2747999969869852,7.639399962499738,0.6239000358618796,8.54869995964691,0,True,on_screen,0.6577763963274916,-3.6096703089404514,-3.433284686814971,False,False,0,0.0
1789812483044,772,2164,361.9889814748397,557.5041737646559,351.33961838560793,554.3152412204829,0,0,sidebar,0.49648632929569647,1168,2,1.4,0.00031267215115356704,30.40518384239352,30.009815844662135,0.30049995984882116,0.39350002771243453,10.225199977867305,0.8842999814078212,11.531900032423437,0,True,on_screen,0.6577763963274916,-3.6136269936687597,-3.722660729486364,False,False,0,0.0
1789812483075,773,2165,366.7599145524214,565.535770826045,354.12001527485745,556.3383881998632,0,0,sidebar,0.4954788063007499,1200,2,1.4,0.00029812389006462874,30.544194377265157,30.011460843217343,0.2251000260002911,0.2665999927558005,8.491899992804974,0.6794999935664237,9.448700002394617,0,True,on_screen,0.6577763963274916,-3.564885663973257,-4.5384018941411925,False,False,0,0.0
1789812483107,774,2166,362.1013472363498,577.0590395777608,355.77246842109366,560.628387128196,0,0,sidebar,0.4899278043706359,1232,2,1.4,0.00028059778177860414,30.664448664720453,30.012328707161267,0.11049996828660369,0.2351000439375639,8.16639995900914,0.77039998723194,9.18300001649186,0,True,on_screen,0.6577763963274916,-3.7528642144472997,-5.025616915783466,False,False,0,0.0
1789812483139,775,2167,359.9243418547027,582.9423060588024,356.6495027743803,565.3419396416654,0,0,sidebar,0.4830534462984374,1263,2,1.4,0.00026599090076288336,30.66849301694411,30.010954607802073,0.13920001219958067,0.3005999606102705,11.802199995145202,1.1233999975956976,13.24100000783801,0,True,on_screen,0.6577763963274916,-4.073967896490672,-5.190031928908291,False,False,0,0.0
1789812483171,776,2168,475.122012934048,574.2282192600406,439.5802598861477,571.5623353745281,0,0,sidebar,0.5149557037071494,1296,2,1.4,0.0002469259535848676,30.761780488482238,30.01286803101149,0.1088999561034143,0.24940003640949726,9.268599969800562,0.7824000203981996,10.312200000043958,0,True,on_screen,0.6577763963274916,-4.344603168095006,-4.931369334424802,False,False,0,0.0
1789812483203,777,2169,586.8494843488904,575.0285026078337,542.6687170100677,573.988652437842,0,0,sidebar,0.5034540347367601,1328,2,1.4,0.00023150261495657846,30.827894867219154,30.01443993460901,0.11219998123124242,0.21540001034736633,7.10290001006797,0.6932999822311103,8.022200025152415,0,True,on_screen,0.6577763963274916,-4.417220545533155,-4.790466496625854,False,False,0,0.0
1789812483236,778,2170,662.0327915912426,585.8617417646055,626.2235692168902,582.2998149665765,0,0,sidebar,0.43833859090500704,1361,2,1.4,0.00021737901421661592,30.75399061514483,30.01213837480655,0.22420001914724708,0.39140001172199845,12.377900013234466,0.86240004748106,13.649299973621964,0,True,on_screen,0.6577763963274916,-4.440882411832064,-4.634981193811388,False,False,0,0.0
1789812483283,779,2171,702.3123843793524,601.1068983814408,678.4335011082196,595.2046885944292,0,0,sidebar,0.3715999783792906,1407,2,1.4,0.00021278011608774454,29.802920000318167,30.00818450771497,0.10030000703409314,0.26000000070780516,8.430599991697818,0.7242999854497612,9.426700009498745,0,True,on_screen,0.6577763963274916,-4.461360809181542,-4.628070522442119,False,False,0,0.0
1789812483315,780,2172,717.3253073632328,603.967238148776,692.3445820287172,598.338935821753,0,0,sidebar,0.3530626697167619,1440,2,1.4,0.00021267348568682932,29.965562373986934,30.009188738998375,0.1134999911300838,0.23629999486729503,7.589199987705797,0.6751999608241022,8.511000021826476,0,True,on_screen,0.6577763963274916,-4.427476883411629,-4.409072455228687,False,False,0,0.0
1789812483347,781,2173,727.4477723604981,605.1085030915405,703.6679357986313,600.5226178273067,0,0,sidebar,0.33817019310833674,1471,2,1.4,0.00021486856724171714,30.088663721381323,30.00935186972374,0.19509997218847275,0.2730999840423465,8.323600050061941,0.7779000443406403,9.385799989104271,0,True,on_screen,0.6577763963274916,-4.249893815493209,-4.403903993331847,False,False,0,0.0
1789812483379,782,2174,726.428576339321,609.3455160071702,708.8085942326214,602.515334414499,0,0,sidebar,0.32990371787961525,1503,2,1.4,0.00021331562441034325,30.19099142165404,30.010109224188636,0.10810000821948051,0.2688000095076859,7.710100035183132,0.7472000434063375,8.738599950447679,0,True,on_screen,0.6577763963274916,-3.7832990256034122,-4.613300841187904,False,False,0,0.0
1789812483411,783,2175,723.2549447983627,605.0523061227955,710.8708330401214,602.8774910357556,0,0,sidebar,0.32719094621038347,1536,2,1.4,0.00021865908985764515,30.315211941021598,30.010342557504522,0.14509999891743064,0.2834000042639673,8.56520002707839,0.8223999757319689,9.683499985840172,0,True,on_screen,0.6577763963274916,-3.3069062318111264,-5.416900868885221,False,False,0,0.0
1789812483443,784,2176,558.3934667902126,610.4821934564377,604.1366766651853,608.2007827302331,0,0,sidebar,0.4130060365414989,1568,2,1.4,0.00021262638053879714,30.387266376350283,30.010886807788516,0.1197000383399427,0.28520001797005534,8.370199997443706,0.7994999759830534,9.469799988437444,0,True,on_screen,0.6577763963274916,-2.8085466565542276,-5.926865806052175,False,False,0,0.0
1789812483476,785,2177,258.67229300996166,578.352437665549,362.31160810652875,587.3069411849542,0,0,sidebar,0.4514921044468333,1601,2,1.4,0.00020872111449863305,30.426893068464963,30.011731195599534,0.21799997193738818,0.2327000256627798,7.297299976926297,0.7238999824039638,8.264900010544807,0,True,on_screen,0.6577763963274916,-2.3795407119386027,-6.6565216647823995,False,False,0,0.0
1789812483507,786,2178,123.26720735554397,555.8067851771057,194.9805275808394,565.2568319794602,0,0,sidebar,0.3121409425418574,1631,2,1.4,0.0001947075577649459,30.56881571810858,30.011496346004563,0.1050999853760004,0.2326999674551189,9.648000006563962,0.8612999808974564,10.752500034868717,0,True,on_screen,0.6577763963274916,-2.0434155806067906,-6.74358373795913,False,False,0,0.0
1789812483540,787,2179,28.204618171180172,543.9162434463688,78.23739099407794,550.3184200062962,0,0,sidebar,0.16372708470456687,1664,2,1.4,0.00019097762205287118,30.602207201972107,30.012390516958373,0.1503999810665846,0.291300006210804,8.529899991117418,0.7168999873101711,9.550100017804652,0,True,on_screen,0.6577763963274916,-1.7736500921967604,-6.597146171065042,False,False,0,0.0
1789812483571,788,2180,-19.045710119712492,492.35005937004115,10.139220214424643,509.74056756091767,0,0,sidebar,0.09096596441891458,1696,2,1.4,0.00018005560991241933,30.706994155770257,30.013257723301415,0.11309998808428645,0.2408000291325152,8.23759997729212,0.6867999909445643,9.175300016067922,0,True,on_screen,0.6577763963274916,-1.5730756414070584,-6.638517469102293,False,False,0,0.0
1789812483604,789,2181,-41.53378769943662,474.3658608463307,-18.372540041240207,490.2217665915201,-1,-1,off_screen,0.0,0,4,1.6,0.00018603024951351944,30.67533731745795,30.012473175602167,0.14150002971291542,0.30910002533346415,10.302799986675382,0.8629999938420951,11.488499992992729,0,True,gaze_outside_screen,0.6577763963274916,-1.5196283590136943,-6.569177222089082,False,False,0,0.0
1789812483635,790,2182,-42.43382397323458,458.93505683179484,-26.8973227187357,479.13705464724654,-1,-1,off_screen,0.0,30,4,1.6,0.0001939713122240793,30.83083407363464,30.014205495133663,0.10260002454742789,0.23770000552758574,8.660299994517118,0.6754999631084502,9.584899991750717,0,True,gaze_outside_screen,0.6577763963274916,-1.5395867081346637,-6.656432824532693,False,False,0,0.0
1789812483684,791,2183,-24.176432474097986,469.70580593910285,-26.570815889379173,478.00530480226934,-1,-1,off_screen,0.0,79,4,1.6,0.00021257544670272473,29.797981318319458,30.008452843682583,0.17409998690709472,0.24940003640949726,7.173399964813143,0.6381000275723636,8.07030004216358,0,True,gaze_outside_screen,0.6577763963274916,-1.5790555868444187,-6.629084209285791,False,False,0,0.0
1789812483717,792,2184,4.970618940203385,457.11428639778825,-15.836133802539669,470.89534159818305,-1,-1,off_screen,0.0,112,4,1.6,0.00022385080853166463,29.845532257251236,30.006717217984914,0.15410000924021006,0.32839999767020345,11.353900015819818,0.8757000323385,12.571900035254657,0,True,gaze_outside_screen,0.6577763963274916,-1.6415359897306132,-6.413961726840435,False,False,0,0.0
1789812483747,793,2185,28.22124608836378,433.0119883551927,6.77628446035511,451.45173803272553,0,0,sidebar,0.12220072540100757,0,3,1.8,0.0002193899762915289,30.198751600689782,30.00986387830063,0.08880003588274121,0.21769996965304017,7.41100002778694,0.6627999828197062,8.302300004288554,0,True,on_screen,0.6577763963274916,-1.72184970641689,-6.3736239655652165,False,False,0,0.0
1789812483780,794,2186,182.3491682308581,447.4201381173697,129.6773030997072,448.62961809197645,0,0,sidebar,0.32769993588433377,32,3,1.8,0.0002317955821226573,30.232544660128095,30.00966348231474,0.11289998656138778,0.28989999555051327,8.376499987207353,0.6850999779999256,9.36369999544695,0,True,on_screen,0.6577763963274916,-1.8476996140960296,-6.04467901624259,False,False,0,0.0
1789812483812,795,2187,394.2673795134499,444.19152025336757,314.8903565893271,445.52294960495027,0,0,sidebar,0.6111810706407109,65,3,1.8,0.0002470177090965458,30.3342413657448,30.01015705910322,0.12179999612271786,0.25260000256821513,8.493300003465265,0.729300023522228,9.487200004514307,0,True,on_screen,0.6577763963274916,-1.9529778702473095,-5.803864587836869,False,False,0,0.0
1789812483843,796,2188,498.15490893019,453.1447491890984,443.17554322793114,450.85820931385393,0,0,sidebar,0.7256591150737162,95,3,1.8,0.00025828387243388186,30.46397279539141,30.01093299113752,0.12879999121651053,0.25460001779720187,8.38740001199767,0.6567000527866185,9.310199995525181,0,True,on_screen,0.6577763963274916,-2.027311048514889,-5.403064150391999,False,False,0,0.0
1789812483876,797,2189,587.0338939814596,466.2797619347926,543.8763887554011,461.653296148511,0,0,sidebar,0.6929257858081133,128,3,1.8,0.00027293319073817997,30.5000375405819,30.00982549655617,0.11089997133240104,0.2826999989338219,11.619600001722574,0.9666000260040164,12.882000009994954,0,True,on_screen,0.6577763963274916,-2.1371099215670313,-5.21295174848764,False,False,0,0.0
1789812483908,798,2190,645.4649388576946,465.53250796454836,614.9883738270066,464.36874441973714,0,0,sidebar,0.6242404894472388,161,3,1.8,0.0002761265682565302,30.519241346684783,30.01166594567294,0.14730001566931605,0.30200002947822213,8.091199968475848,0.7434000144712627,9.147000033408403,0,True,on_screen,0.6577763963274916,-2.232280188137196,-4.857261384685068,False,False,0,0.0
1789812483939,799,2191,696.1429795144334,467.25193045028743,671.7965978082053,466.3869746411224,0,0,sidebar,0.5514256169882809,191,3,1.8,0.0002774677142556147,30.716750187129648,30.01319909538632,0.08299999171867967,0.20549999317154288,7.115099986549467,0.6342999986372888,7.963400043081492,0,True,on_screen,0.6577763963274916,-2.354212774373309,-4.658491690494384,False,False,0,0.0
1789812483971,800,2192,737.9658678286152,474.050577987043,710.5588662758078,470.87634939517613,0,0,sidebar,0.4930073318614778,223,3,1.8,0.00028276227536385735,30.770788220813873,30.013229864591192,0.09469996439293027,0.24720001965761185,8.3205999690108,0.6346000009216368,9.214700025040656,0,True,on_screen,0.6577763963274916,-2.455842184393532,-4.365768544534902,False,False,0,0.0
1789812484003,801,2193,760.6326465358674,476.3705660318576,732.9573783238932,473.3339684703163,0,0,sidebar,0.4582588645999479,256,3,1.8,0.00028621730661304405,30.823511690895444,30.013983313651433,0.11259998427703977,0.24850002955645323,7.742399990092963,0.7458999752998352,8.748100022785366,0,True,on_screen,0.6577763963274916,-2.5661957625761147,-4.154405689762074,False,False,0,0.0
1789812484035,802,2194,780.7365601652017,478.04478266877345,753.3663223388667,475.34619931094846,0,0,sidebar,0.4262411326754434,288,3,1.8,0.00029346938568826364,30.854718194549672,30.014817497330007,0.08939998224377632,0.22410001838579774,6.998299970291555,0.6838000263087451,7.916699978522956,0,True,on_screen,0.6577763963274916,-2.5927962532911977,-3.978003306164496,False,False,0,0.0
1789812484083,803,2195,764.0308661773533,492.1132073376924,755.3620510045678,478.48392363031894,0,0,sidebar,0.4202739407530276,335,3,1.8,0.0003058317903589739,29.838358869864074,30.006413621430937,0.11710001854225993,0.28039998142048717,12.2618000023067,0.8313999860547483,13.385500002186745,0,True,on_screen,0.6577763963274916,-2.633960292649107,-3.9548937942357028,False,False,0,0.0
1789812484116,804,2196,435.32637564332646,543.048487125811,531.3370782516988,523.6791180771634,0,0,sidebar,0.5945600736020209,368,3,1.8,0.00032816122752691267,29.9671309138098,30.008397185840696,0.2810999867506325,0.4008000250905752,8.608400006778538,0.7219999679364264,9.746600000653416,0,True,on_screen,0.6577763963274916,-2.628668001763515,-4.113313260807653,False,False,0,0.0
1789812484147,805,2197,270.2744838945672,546.6419689658154,348.5932622017067,539.7531136992197,0,0,sidebar,0.5169887219569373,400,3,1.8,0.00034294538502824615,30.14174898894625,30.009845114206964,0.07589999586343765,0.20100001711398363,7.154499995522201,0.6418999982997775,8.005600015167147,0,True,on_screen,0.6577763963274916,-2.646080154482803,-4.2349881194703745,False,False,0,0.0
1789812484179,806,2198,145.8236014681391,573.3356411930372,206.65449968820937,563.2608829448919,0,0,sidebar,0.3295424842936533,431,3,1.8,0.00034153684612277593,30.24228580825163,30.01004031092005,0.09819999104365706,0.23220002185553312,7.828799949493259,0.6752000190317631,8.746200008317828,0,True,on_screen,0.6577763963274916,-2.6487379653714527,-4.288566867596872,False,False,0,0.0
1789812484211,807,2199,63.81905059684357,591.580369238894,106.66968532425332,583.0845233506934,0,0,sidebar,0.17228038542548885,463,3,1.8,0.0003382171699931411,30.350300537622154,30.010691339501754,0.08780002826824784,0.21929998183622956,7.643299992196262,0.6814000080339611,8.552599989343435,0,True,on_screen,0.6577763963274916,-2.69902327576321,-4.287467227363281,False,False,0,0.0
1789812484243,808,2200,32.91621978602053,605.5135295150648,56.873819027820396,598.2278360611169,0,0,sidebar,0.08546279479400798,496,3,1.8,0.00035128544992239774,30.423708341699975,30.010177678942497,0.12559996685013175,0.285400019492954,9.79629997164011,0.8641000022180378,10.958400031086057,0,True,on_screen,0.6577763963274916,-2.7110756335755752,-4.3306259549916515,False,False,0,0.0
1789812484275,809,2201,24.339660611442895,605.9575787547677,47.02023415806944,600.5689347512518,0,0,sidebar,0.06882747091625929,528,3,1.8,0.00035034096809656405,30.499759586286146,30.011002216139094,0.12260000221431255,0.2646999782882631,9.106200013775378,0.8142999722622335,10.19800000358373,0,True,on_screen,0.6577763963274916,-2.7288796360697347,-4.295044679684677,False,False,0,0.0
1789812484307,810,2202,4.949759801138489,607.5934804434689,30.97240444707098,603.2484555978538,0,0,sidebar,0.04275968961257548,559,3,1.8,0.0003517874915610914,30.584717450078326,30.012218612076342,0.11229998199269176,0.24700001813471317,7.679499976802617,0.7088999846018851,8.64670000737533,0,True,on_screen,0.6577763963274916,-2.737888344519291,-4.330242917718224,False,False,0,0.0
1789812484341,811,2203,-6.395421322140975,607.5416787886326,18.324542199574186,604.701579893875,0,0,sidebar,0.02275055236026835,594,3,1.8,0.0003504002621896405,30.48340824490365,30.01086011700712,0.16490003326907754,0.354600022546947,10.177800024393946,0.9278000215999782,11.472999991383404,0,True,on_screen,0.6577763963274916,-2.7539969292128035,-4.334753233095377,False,False,0,0.0
1789812484371,812,2204,-21.781617621369502,608.5333069982254,3.83472028160352,606.0859319143171,0,0,sidebar,0.0,624,3,1.8,0.00035047149160419115,30.736999382061107,30.013029263361474,0.11760002234950662,0.2392000169493258,8.233500004280359,0.7183999987319112,9.200899978168309,0,True,on_screen,0.6577763963274916,-2.758345097657866,-4.316978298925128,False,False,0,0.0
1789812484403,813,2205,-25.493827442930442,606.0606615589024,-4.019535530253995,606.079164452193,-1,-1,off_screen,0.0,0,5,2.0,0.0003506238991122703,30.824015536803813,30.01425432066692,0.10659999679774046,0.21600001491606236,6.975199969019741,0.6818000110797584,7.882800011429936,0,True,gaze_outside_screen,0.6577763963274916,-2.77761474168895,-4.347594380326102,False,False,0,0.0
1789812484436,814,2206,-31.29146236677597,606.1330776234902,-10.84463540207968,606.0926568167301,-1,-1,off_screen,0.0,32,5,2.0,0.00035484037692483546,30.805630477445497,30.01310795961453,0.125700025819242,0.3158000181429088,10.244900011457503,0.7965999539010227,11.370799969881773,0,True,gaze_outside_screen,0.6577763963274916,-2.7898092920791555,-4.339017168908414,False,False,0,0.0
1789812484483,815,2207,-28.27538731611578,608.1935312709809,-13.76249272211632,606.444337107692,-1,-1,off_screen,0.0,79,5,2.0,0.00035684341262875487,29.83710689995247,30.008415368578856,0.09059999138116837,0.22739998530596495,7.9064000165089965,0.6965999491512775,8.840899972710758,0,True,gaze_outside_screen,0.6577763963274916,-2.808707284595556,-4.382712060782364,False,False,0,0.0
1789812484515,816,2208,-29.814965466370584,613.4904527345853,-16.446059002378966,607.6222689194705,-1,-1,off_screen,0.0,111,5,2.0,0.0003526966795691488,29.945245785319678,30.00853559361523,0.1086000120267272,0.2937000244855881,8.436999982222915,0.7833000272512436,9.526999958325177,0,True,gaze_outside_screen,0.6577763963274916,-2.822860410022315,-4.408125304201514,False,False,0,0.0
1789812484548,817,2209,-43.6333406701273,616.6909804335261,-23.57182211582364,609.9991703980021,-1,-1,off_screen,0.0,144,5,2.0,0.00035440738770980106,30.03363937241138,30.009381117294453,0.10760000441223383,0.2736999886110425,7.252899988088757,0.743200012948364,8.3398999995552,0,True,gaze_outside_screen,0.6577763963274916,-2.8447824580970007,-4.461034691476925,False,False,0,0.0
1789812484579,818,2210,-45.26368211512403,616.5594513495861,-28.147547796777843,611.3830095904644,-1,-1,off_screen,0.0,175,5,2.0,0.000359177281167947,30.203840909800128,30.00974127066007,0.12049998622387648,0.24390005273744464,8.290900033898652,0.7230999763123691,9.268700028769672,0,True,gaze_outside_screen,0.6577763963274916,-2.8607420096375336,-4.490949199050007,False,False,0,0.0
1789812484612,819,2211,-41.99038969076121,614.6351820123663,-30.070775957732177,611.8348438044201,-1,-1,off_screen,0.0,208,5,2.0,0.0003595184308697874,30.2566636758129,30.0090943028674,0.14240003656595945,0.4135000053793192,10.39939996553585,0.8099999977275729,11.640399985481054,0,True,gaze_outside_screen,0.6577763963274916,-2.895971496614152,-4.427709089127794,False,False,0,0.0
1789812484643,820,2212,-51.1500913366754,618.0173672714519,-34.39235149103343,613.1023537623514,-1,-1,off_screen,0.0,239,5,2.0,0.00036224475116248926,30.44207423982469,30.01104584220583,0.09889999637380242,0.26220001745969057,8.066300011705607,0.6886000046506524,9.028200001921505,0,True,gaze_outside_screen,0.6577763963274916,-2.920834872557492,-4.439223752751293,False,False,0,0.0
1789812484675,821,2213,-53.391929662343664,614.9061932970075,-37.82046461896849,613.427822356111,-1,-1,off_screen,0.0,271,5,1.8,0.0003640016905348247,30.525779683484437,30.011531493632106,0.11140003334730864,0.2096000243909657,8.239599992521107,0.728099956177175,9.18599998112768,0,True,gaze_outside_screen,0.6577763963274916,-2.944107987199459,-4.444997890972695,False,False,0,0.0
1789812484707,822,2214,-57.91651013650703,616.479824121248,-41.659210638719934,614.010815642923,-1,-1,off_screen,0.0,303,5,1.8,0.00037190064191397997,30.57323674652037,30.0119603762234,0.12320000678300858,0.263199966866523,8.146499982103705,0.7714999956078827,9.194399986881763,0,True,gaze_outside_screen,0.6577763963274916,-2.9662470897285402,-4.474127091618837,False,False,0,0.0
1789812484739,823,2215,-58.002986250181706,617.3038979169962,-44.27178619968623,614.537219484607,-1,-1,off_screen,0.0,335,5,1.8,0.000372509992058909,30.63118757326136,30.012183605156,0.1094000181183219,0.24510000366717577,8.88360000681132,0.7267000037245452,9.86599997850135,0,True,gaze_outside_screen,0.6577763963274916,-2.9757660118021647,-4.457330463896896,False,False,0,0.0
1789812484771,824,2216,-52.936143288632834,616.7710287834778,-45.31150905035983,614.8052766004715,-1,-1,off_screen,0.0,367,5,1.8,0.00038065177850988945,30.683877184303213,30.013077372304416,0.13100000796839595,0.3109000390395522,7.844399951864034,0.7265000022016466,8.892400015611202,0,True,gaze_outside_screen,0.6577763963274916,-2.9712142281181286,-4.430375900708788,False,False,0,0.0
1789812484803,825,2217,318.07141103918974,580.6842147721769,209.05653501232484,590.9205333206653,0,0,sidebar,0.29766503680824763,0,4,2.0,0.000377091926866727,30.77845493656166,30.01371013283779,0.10369997471570969,0.2565000322647393,8.038299973122776,0.7318999851122499,9.038200019858778,0,True,on_screen,0.6577763963274916,-2.988897478374156,-4.19423648743171,False,False,0,0.0
1789812484835,826,2218,636.3721544287275,578.0301804213965,508.1774686038067,581.8972862911771,0,0,sidebar,0.49950071821099273,32,4,2.0,0.0003662933197606435,30.823452729243634,30.014351975422517,0.11969998013228178,0.271800032351166,7.761399960145354,0.7082000374794006,8.753600006457418,0,True,on_screen,0.6577763963274916,-3.0603489139545843,-3.871426376455446,False,False,0,0.0
1789812484883,827,2219,789.3608087177015,594.2979910189298,705.005806683533,590.577779600604,0,0,sidebar,0.3507349323376997,79,4,2.0,0.0003574170447409441,29.83378371686712,30.008774246450226,0.08729996625334024,0.21740002557635307,7.120699970982969,0.6782999844290316,8.027000003494322,0,True,on_screen,0.6577763963274916,-3.080253350218584,-3.6681153242751385,False,False,0,0.0
1789812484915,828,2220,839.9778905153971,597.9155115387193,799.4862653658379,595.7141919572847,0,0,sidebar,0.23090606293682037,111,4,2.0,0.00035081578552201807,29.9736582729969,30.009180092068366,0.09360001422464848,0.23449998116120696,7.42430001264438,0.6621999782510102,8.332099998369813,0,True,on_screen,0.6577763963274916,-3.1107864443779647,-3.5083320339290016,False,False,0,0.0
1789812484947,829,2221,867.4384945846977,588.9991228327904,840.2618652735055,591.6847292726857,0,0,sidebar,0.18108237892709889,144,4,2.0,0.0003518520621243193,30.06146479800809,30.009426959538768,0.10900001507252455,0.22170000011101365,7.691399950999767,0.7099000504240394,8.63329996354878,0,True,on_screen,0.6577763963274916,-3.1259602097467223,-3.373446799844269,False,False,0,0.0
1789812484979,830,2222,880.9100123450454,583.0974453441498,855.3831454199892,588.4902238564301,0,0,sidebar,0.16360279507062903,176,4,2.0,0.0003605667478024984,30.154238967831425,30.01016459943468,0.10720000136643648,0.2267000381834805,6.9756999728269875,0.6556999869644642,7.866800006013364,0,True,on_screen,0.6577763963274916,-3.1457082601407933,-3.24521814278969,False,False,0,0.0
1789812485011,831,2223,905.1458914264942,570.4771887684033,878.7241426642079,580.0412889384357,0,0,sidebar,0.13920879264237662,207,4,2.0,0.0003556191652413238,30.31607100064223,30.010403728145185,0.10240002302452922,0.25540002388879657,8.133600000292063,0.7248000474646688,9.12519998382777,0,True,on_screen,0.6577763963274916,-3.1722256567019826,-3.118127070199445,False,False,0,0.0
1789812485043,832,2224,918.5553002625915,560.7309389508698,894.4655534193339,572.4097720730597,0,0,sidebar,0.12378356555711656,240,4,2.0,0.0003397532710658225,30.403936587581796,30.011218514644415,0.1191999763250351,0.24009996559470892,7.426700030919164,0.7011000416241586,8.378099999390543,0,True,on_screen,0.6577763963274916,-3.185732982992846,-3.054107964990363,False,False,0,0.0
1789812485075,833,2225,914.7542908188603,575.8493650554776,898.3846736325795,573.0741888929573,0,0,sidebar,0.11734842263605827,272,4,2.0,0.00033935676129955884,30.489754332956984,30.011850405071765,0.08329999400302768,0.2096000243909657,7.250699971336871,0.6814000080339611,8.15040001180023,0,True,on_screen,0.6577763963274916,-3.202841467508364,-2.956814867273179,False,False,0,0.0
1789812485107,834,2226,925.6169390287753,575.820230210168,905.2227007586421,573.7637204006444,0,0,sidebar,0.1065487950057904,304,4,2.0,0.00033590076697883643,30.567811468606923,30.012040693205158,0.12800004333257675,0.26729999808594584,8.034099999349564,0.7063000230118632,9.020999947097152,0,True,on_screen,0.6577763963274916,-3.217869282015954,-2.8433376739314116,False,False,0,0.0
1789812485139,835,2227,910.489185219373,597.7043046242419,906.4167632761475,579.1917349484388,0,0,sidebar,0.0995574661525438,335,4,2.0,0.0003428777544895196,30.61992237591427,30.012840630663067,0.145800004247576,0.25340000865980983,7.25239998428151,0.680500001180917,8.19749996298924,0,True,on_screen,0.6577763963274916,-3.2288296957478053,-2.8417496495413808,False,False,0,0.0
1789812485171,836,2228,903.8502057311557,598.7506797012436,905.9396311847205,582.8278116980991,0,0,sidebar,0.09672509330477586,368,4,2.0,0.0003453267796204706,30.669947194566838,30.013078751379226,0.1762000028975308,0.3288000007160008,7.692199957091361,0.7587000145576894,8.794000023044646,0,True,on_screen,0.6577763963274916,-3.2382570872867973,-2.8083867427791103,False,False,0,0.0
1789812485204,837,2229,900.7790760913223,598.5919368456779,905.1184470900831,585.3363109976467,0,0,sidebar,0.09547105597409611,401,4,2.0,0.00034969146571869024,30.659289942821918,30.012919168101792,0.16200001118704677,0.31289999606087804,8.742299978621304,0.721300020813942,9.788800030946732,0,True,on_screen,0.6577763963274916,-3.2307470089407104,-2.8310542117120936,False,False,0,0.0
1789812485235,838,2230,903.9475380431819,596.2600799869167,904.977938004455,586.647163276359,0,0,sidebar,0.09438420808705172,431,4,2.0,0.0003450110331250783,30.817191505327536,30.014506468606402,0.08679996244609356,0.2123000449500978,7.262599945534021,0.674600014463067,8.159400022123009,0,True,on_screen,0.6577763963274916,-3.247741717483507,-2.85584323963417,False,False,0,0.0
1789812485283,839,2231,886.3344277977279,621.67555122989,898.3389613699195,599.1208147824486,0,0,sidebar,0.09144592855618228,480,4,2.0,0.00034606605067792444,29.827150612547843,30.00805232661181,0.08590001380071044,0.21920003928244114,8.71940003708005,0.7056999602355063,9.655200003180653,0,True,on_screen,0.6577763963274916,-3.2595226017408834,-2.7822943340297193,False,False,0,0.0
1789812485315,840,2232,875.9633699953322,635.6027351146156,889.7762313927207,613.081779103991,0,0,sidebar,0.08894848821798784,512,4,2.0,0.00034559872089234486,29.920866398177317,30.008783457989566,0.1097000204026699,0.2502999850548804,7.686699973419309,0.7113000028766692,8.662300009746104,0,True,on_screen,0.6577763963274916,-3.272900757613229,-2.9312963577076308,False,False,0,0.0
1789812485347,841,2233,867.7487371284719,642.608489563707,882.4663325073096,622.8803183881273,0,0,sidebar,0.08844488011272433,543,4,2.0,0.0003448735157117709,30.089146232905104,30.009586524126778,0.10110001312568784,0.25489996187388897,7.3646000237204134,0.7210999610833824,8.352699980605394,0,True,on_screen,0.6577763963274916,-3.2933517221879924,-2.9619213190847797,False,False,0,0.0
1789812485379,842,2234,858.5897934814093,650.5392673532024,874.603688517305,631.9885257633331,1,0,sidebar,0.1572772018848133,575,4,2.0,0.0003486225496795569,30.191822596348505,30.009713744046856,0.18070003716275096,0.3063000040128827,8.150900015607476,0.7518999627791345,9.221999964211136,0,True,on_screen,0.6577763963274916,-3.2977620107761823,-2.9330884409598745,False,False,0,0.0
1789812485412,843,2235,848.4816764072677,653.3468641458359,866.6247607040848,638.5123968742741,1,0,sidebar,0.175412045965622,608,4,1.8,0.0003461609803524727,30.25689920800735,30.01042662927266,0.10800000745803118,0.26709999656304717,7.3726000264286995,0.7025999948382378,8.352599979843944,0,True,on_screen,0.6577763963274916,-3.3230129810591507,-2.896271953251592,False,False,0,0.0
1789812485443,844,2236,832.4682614491276,663.0336488965296,853.7722148283319,647.7393528979128,1,0,sidebar,0.2033522508356872,640,4,1.8,0.0003383329529738979,30.420391581656897,30.010954347310395,0.09019998833537102,0.25130005087703466,8.042900008149445,0.7034000009298325,9.00820002425462,0,True,on_screen,0.6577763963274916,-3.3413103262583945,-2.973465650242434,False,False,0,0.0
1789812485475,845,2237,827.9421617414663,666.3477586465912,846.3026670365632,653.1205410666299,1,0,sidebar,0.21960845817245667,671,4,1.8,0.00034152637714478414,30.461660315571827,30.011543859178303,0.13130001025274396,0.24399999529123306,7.469899952411652,0.7070000283420086,8.432599948719144,0,True,on_screen,0.6577763963274916,-3.351063753930873,-3.033414405584033,False,False,0,0.0
1789812485507,846,2238,953.4481205251471,650.3472561369481,921.304484478572,651.1792416158527,1,0,sidebar,0.10497731944890054,703,4,1.8,0.00032654816194055414,30.571860677852268,30.01216941170679,0.08590001380071044,0.22079999325796962,7.611799985170364,0.6744000129401684,8.516600006259978,0,True,on_screen,0.6577763963274916,-3.3760526533991992,-2.9263471545513395,False,False,0,0.0
1789812485539,847,2239,1041.1113326647842,620.281623779987,1005.1692782089206,629.5509091307467,0,0,sidebar,0.0,736,4,1.8,0.00031882576367384813,30.643634701241332,30.012588089093445,0.09960000170394778,0.26459997752681375,7.860700017772615,0.6980000180192292,8.8363999966532,0,True,on_screen,0.6577763963274916,-3.398060772931217,-2.832823964941108,False,False,0,0.0
1789812485571,848,2240,1101.6522324706364,596.1227913730387,1072.7073461921218,606.1512267003511,0,1,main_file,0.1552607033830199,0,8,2.0,0.0003139689704822774,30.69547768645296,30.013109351016954,0.13050000416114926,0.3029999788850546,7.778200029861182,0.6755999638698995,8.769000007305294,0,True,on_screen,0.6577763963274916,-3.4102557470246495,-2.779317491147358,False,False,0,0.0
1789812485603,849,2241,1140.1852461751566,579.9451024652119,1115.5608354102872,589.5083871537323,0,1,main_file,0.23180441136577368,31,8,2.0,0.0003038747836299274,30.749046284631607,30.013556766015775,0.0906999921426177,0.21470000501722097,7.939399976748973,0.7906999671831727,8.955499972216785,0,True,on_screen,0.6577763963274916,-3.414894631408316,-2.776163963681321,False,False,0,0.0
1789812485638,850,2242,1172.8933943435209,566.3996275107236,1146.800699198719,576.9166850389199,0,1,main_file,0.2875095978408795,66,8,2.0,0.00029948979130755594,30.563555136925558,30.013220944325308,0.12390001211315393,0.24890003260225058,7.530100003350526,0.7106000557541847,8.500500000081956,0,True,on_screen,0.6577763963274916,-3.4225480969145394,-2.752844814892905,False,False,0,0.0
1789812485683,851,2243,1199.065660746233,556.1637799223018,1172.7917263186716,566.5963996367491,0,1,main_file,0.333160364613182,111,8,2.0,0.0002941443702813764,29.721470154349294,30.008735779790136,0.08579995483160019,0.2060999977402389,6.964800006244332,0.6464000325649977,7.82729999627918,0,True,on_screen,0.6577763963274916,-3.3958834330038883,-2.806874427494204,False,False,0,0.0
1789812485715,852,2244,1218.7488199686413,546.9624036203245,1193.1924697428776,557.880702378482,0,1,main_file,0.36938189554470424,143,8,2.0,0.0002885405458203042,29.843621889858383,30.00849440983384,0.23940001847222447,0.2698999596759677,8.411600021645427,0.741700001526624,9.434999956283718,0,True,on_screen,0.6577763963274916,-3.3974465799884968,-2.776824160269145,False,False,0,0.0
1789812485747,853,2245,1246.9732521112908,535.1255534754988,1220.9291648815447,546.1450488576119,0,1,main_file,0.4178599259781288,175,8,2.0,0.00028455482137123775,29.983517688996823,30.00948664704814,0.2066000015474856,0.22849999368190765,7.3914999957196414,0.6477999850176275,8.277499990072101,0,True,on_screen,0.6577763963274916,-3.40369962985244,-2.7604740013353655,False,False,0,0.0
1789812485779,854,2246,1262.1937894509122,520.704684671795,1238.719334719413,535.1770973900764,0,1,main_file,0.4531266566563571,207,8,2.0,0.00028799640205574677,30.111220965385428,30.00990529971248,0.11870003072544932,0.2644999767653644,7.504699984565377,0.7848000386729836,8.567199984099716,0,True,on_screen,0.6577763963274916,-3.3957078908509573,-2.7670141852652246,False,False,0,0.0
1789812485811,855,2247,1277.6860584725896,512.3271439616929,1254.4205548430746,525.9699556537836,0,1,main_file,0.4834144339266754,240,8,1.8,0.0002806151842364834,30.221470274710462,30.0103326496887,0.13719999697059393,0.31370000215247273,7.7470000251196325,0.7084999815560877,8.78600002033636,0,True,on_screen,0.6577763963274916,-3.387849762795611,-2.748963235232371,False,False,0,0.0
1789812485844,856,2248,1234.022060709154,569.9497368839837,1245.6256673776893,544.9320037408861,0,1,main_file,0.4475876656539771,273,8,1.8,0.00028751065220875525,30.27758181659241,30.010402101999873,0.25569996796548367,0.2503000432625413,8.496699971146882,0.6913999677635729,9.448600001633167,0,True,on_screen,0.6577763963274916,-3.394006021728927,-2.7155564841341335,False,False,0,0.0
1789812485875,857,2249,1181.736626367943,654.9293493273512,1200.903338670867,621.9301456514116,0,1,main_file,0.2915565581551339,303,8,1.8,0.0002979882446599875,30.444783263949038,30.011715925377203,0.09940000018104911,0.2470999606885016,7.230299990624189,0.7005000370554626,8.190399967133999,0,True,on_screen,0.6577763963274916,-3.4269950893773,-2.7443491191535188,False,False,0,0.0
1789812485907,858,2250,1133.1151498014062,720.8926824351386,1153.4516064622444,691.2039214000205,1,1,main_file,0.3736293823304234,335,8,1.8,0.00031299801526612527,30.541324136825494,30.012094834223042,0.13160001253709197,0.2738999901339412,7.645400008186698,0.797300017438829,8.727499982342124,0,True,on_screen,0.6577763963274916,-3.415315325509141,-2.764345213728369,False,False,0,0.0
1789812485939,859,2251,1088.3129301073998,793.2906276053952,1107.8545330138531,762.6646157437827,1,1,main_file,0.36502868278663825,367,8,1.8,0.0003042974712996159,30.588957555808783,30.012571414208608,0.11930003529414535,0.24279998615384102,7.657999987713993,0.7026999955996871,8.616599952802062,0,True,on_screen,0.6577763963274916,-3.429887401471092,-2.7720580281571707,False,False,0,0.0
1789812485972,860,2252,1073.4004679534482,813.2290476379973,1089.2653295267512,789.9459397919998,1,1,main_file,0.3505819727185988,400,8,1.8,0.0003090682452222115,30.608585713394607,30.011747226900514,0.1303000026382506,0.32130000181496143,10.335300001315773,0.8419999503530562,11.51360000949353,0,True,on_screen,0.6577763963274916,-3.4313924287062605,-2.8284858634895262,False,False,0,0.0
1789812486003,861,2253,1061.3038629257321,833.2355344767204,1076.481113772479,809.7383035567924,1,1,main_file,0.3382834656644462,431,8,1.8,0.00031955403852636927,30.745056729916023,30.013863367525992,0.0934000127017498,0.21979998564347625,7.332300010602921,0.7021999917924404,8.264800009783357,0,True,on_screen,0.6577763963274916,-3.4428176479879653,-2.809924918011771,False,False,0,0.0
1789812486035,862,2254,1061.45349305694,838.7152267892416,1072.0319915856035,818.3172978301554,1,1,main_file,0.33410034982602244,463,8,1.8,0.00031029312779206654,30.72863633015622,30.013965815217,0.13599998783320189,0.2308000111952424,7.702299975790083,0.6826000171713531,8.626300026662648,0,True,on_screen,0.6577763963274916,-3.4791885666769815,-2.809729530793007,False,False,0,0.0
1789812486084,863,2255,1044.3260873827276,844.4742645690371,1062.5388581423078,827.2797043232188,1,1,main_file,0.3208905667004196,513,8,1.8,0.0003073870231249821,29.729153800403846,30.007968479640194,0.2598999999463558,0.3417999832890928,7.684400014113635,0.687299994751811,8.729299996048212,0,True,on_screen,0.6577763963274916,-3.5108910621791267,-2.791152092944303,False,False,0,0.0
1789812486115,864,2256,1035.9570294792045,847.5406252151524,1054.4918529920787,833.4132076586036,1,1,main_file,0.3088522719169775,543,8,1.8,0.00031302123211392717,29.973337946136162,30.008887339498575,0.14290004037320614,0.23879995569586754,7.681599992793053,0.73640001937747,8.667899994179606,0,True,on_screen,0.6577763963274916,-3.5146986376065,-2.8105871300233356,False,False,0,0.0
1789812486147,865,2257,1041.98103021073,851.3712875791858,1051.9355798055192,837.082491364829,1,1,main_file,0.3054685537586146,575,8,1.8,0.00028754419457179686,30.100662394472042,30.009354994274116,0.10930001735687256,0.248699972871691,7.8931000316515565,0.6625999812968075,8.815800014417619,0,True,on_screen,0.6577763963274916,-3.519735131863939,-2.7754265133177327,False,False,0,0.0
1789812486179,866,2258,1024.032113083162,867.4313701392853,1041.6311552269474,848.2899780720284,1,1,main_file,0.29031212823990704,607,8,1.8,0.00029890085840443385,30.191861780693767,30.0098080106746,0.15029998030513525,0.28440001187846065,7.753499958198518,0.7090999861247838,8.758299984037876,0,True,on_screen,0.6577763963274916,-3.515744486874439,-2.8565109914953544,False,False,0,0.0
1789812486211,867,2259,1046.6090673483955,876.0017685109353,1042.9144386305043,855.4339532739743,1,1,main_file,0.2940791787349756,639,8,1.6,0.0002726874945371844,30.272460786597158,30.0103372260587,0.1349000376649201,0.242499983869493,7.556900032795966,0.6840000278316438,8.492699998896569,0,True,on_screen,0.6577763963274916,-3.5332731979374046,-2.838759972623763,False,False,0,0.0
1789812486243,868,2260,1049.548959959417,866.0725566848943,1043.7410152576947,856.7593873918951,1,1,main_file,0.2957881891391262,671,8,1.6,0.00026508337828189295,30.390650209697245,30.010508365418946,0.20130001939833164,0.26979995891451836,8.576799998991191,0.7351000094786286,9.592999995220453,0,True,on_screen,0.6577763963274916,-3.5558943640657787,-2.8656260403469247,False,False,0,0.0
1789812486275,869,2261,1050.3556522550114,883.4349308709171,1045.408329850477,863.4833426038008,1,1,main_file,0.29991071458759255,703,8,1.6,0.0002568240945039265,30.473073515374264,30.011557715019887,0.2340999781154096,0.248699972871691,7.3096000123769045,0.6733000045642257,8.244499971624464,0,True,on_screen,0.6577763963274916,-3.546556989032581,-2.85984120113865,False,False,0,0.0
1789812486308,870,2262,1066.4616603298962,883.092214647523,1050.9462783605272,868.6413352465541,1,1,main_file,0.31044405317823265,736,8,1.4,0.00023580339338550096,30.50751573546904,30.01180152400114,0.18039997667074203,0.3378000110387802,7.402300019748509,0.7179999956861138,8.503500022925436,0,True,on_screen,0.6577763963274916,-3.5392244729228253,-2.9011413361666247,False,False,0,0.0
1789812486339,871,2263,1067.0100082845292,869.4425125079115,1053.4334502723623,868.7653827492373,1,1,main_file,0.3148414376472184,767,8,1.4,0.00023868886353387887,30.630188634631477,30.012224351653373,0.10400003520771861,0.2680000034160912,8.23609996587038,0.7331999950110912,9.249800001271069,0,True,on_screen,0.6577763963274916,-3.5116210191007724,-2.940579250421894,False,False,0,0.0
1789812486371,872,2264,1087.6423972195391,875.2599137550673,1064.196987653715,870.8088284993667,1,1,main_file,0.3340827513185177,799,8,1.4,0.00023088162319807523,30.70202497248168,30.012992284993373,0.09220000356435776,0.22689998149871826,7.833899988327175,0.6686000269837677,8.739800017792732,0,True,on_screen,0.6577763963274916,-3.459505374437242,-2.9768500635128388,False,False,0,0.0
1789812486403,873,2265,1089.1027323293038,901.4647116229847,1073.0270801269546,881.6775773103867,1,1,main_file,0.3508748923281394,832,8,1.2,0.0002302420191108382,30.746786452939208,30.013192765982666,0.1669999910518527,0.3030999796465039,8.301900001242757,0.8316999883390963,9.451700025238097,0,True,on_screen,0.6577763963274916,-3.484570178113472,-2.955776542313533,False,False,0,0.0
1789812486435,874,2266,1103.9326513737692,898.3676569448642,1082.8314482321648,886.9722758983817,1,1,main_file,0.36858387967897865,863,8,1.2,0.0002091011148388517,30.80774939181122,30.014255897364396,0.10309997014701366,0.24620001204311848,7.265299966093153,0.6796999950893223,8.204600017052144,0,True,on_screen,0.6577763963274916,-3.5003854379120583,-2.981292269606191,False,False,0,0.0
1789812486467,875,2267,1106.5665555661217,889.3476262450274,1088.0793953169366,887.4974773542502,1,1,main_file,0.37788261493338415,895,8,1.2,0.0001906909446933308,30.83496790087937,30.014678912414947,0.11279998579993844,0.23610005155205727,7.41260003997013,0.62369997613132,8.282500028144568,0,True,on_screen,0.6577763963274916,-3.5250284432440253,-2.999625143107318,False,False,0,0.0
1789812486516,876,2268,1102.129388654821,890.9650373879208,1090.061582745283,887.9866842699037,1,1,main_file,0.3814125076250372,944,8,1.2,0.00020345534483740511,29.793325030714676,30.0072128448789,0.1784000196494162,0.3357999958097935,10.232299973722547,0.845799979288131,11.425199976656586,0,True,on_screen,0.6577763963274916,-3.5069548091210834,-3.1560176623645897,False,False,0,0.0
1789812486547,877,2269,1104.218629102038,886.2768989662009,1092.0333165734944,887.7485525694532,1,1,main_file,0.38487917526468785,975,8,1.2,0.00020504209855261822,30.05798627591738,30.00896381901317,0.12129999231547117,0.2384000108577311,8.5384999983944,0.7258999976329505,9.512400021776557,0,True,on_screen,0.6577763963274916,-3.5079234185621715,-3.213906358054001,False,False,0,0.0
1789812486579,878,2270,1107.8235991450088,883.143708256666,1094.5272189551397,887.0212677886549,1,1,main_file,0.3892354264250266,1007,8,1.2,0.0002044459518329312,30.184058189731942,30.009764913103872,0.0947999651543796,0.2400000230409205,7.917799986898899,0.7188000017777085,8.88670003041625,0,True,on_screen,0.6577763963274916,-3.5104492183412503,-3.206444640174482,False,False,0,0.0
1789812486612,879,2271,1110.5417404031462,872.4069935178719,1097.7712572416265,884.0608755335658,1,1,main_file,0.3947417054020922,1040,8,1.2,0.00020093197871046305,30.212909230619406,30.00868927960294,0.14540000120177865,0.477899971883744,10.652600030880421,0.9595999727025628,12.105300032999367,0,True,on_screen,0.6577763963274916,-3.510672840500291,-3.2131990510791706,False,False,0,0.0
1789812486643,880,2272,1110.4601684808447,869.3439754987403,1100.0982646192115,881.3619572173612,1,1,main_file,0.39860605547654104,1071,8,1.2,0.0001984173964006252,30.373625962789017,30.010921399642292,0.15769997844472528,0.25480001932010055,7.429299992509186,0.6762999692000449,8.370900002773851,0,True,on_screen,0.6577763963274916,-3.51884437206931,-3.201726176986541,False,False,0,0.0
1789812486675,881,2273,1106.340877768854,863.8167270806606,1101.2000097969615,878.2654378219972,1,1,main_file,0.40022417693286716,1103,8,1.2,0.00020668058622817786,30.49374596850607,30.01137684688248,0.09819999104365706,0.23070001043379307,7.952900021336973,0.6780000403523445,8.87200003489852,0,True,on_screen,0.6577763963274916,-3.5073668171515635,-3.2967881023816563,False,False,0,0.0
1789812486707,882,2274,1103.7827546818821,859.6936975924987,1101.6586472643962,874.9675139912517,1,1,main_file,0.400631063435547,1135,8,1.2,0.00020511447893180497,30.53928302846795,30.011090325253498,0.10649999603629112,0.27300004148855805,9.546699991915375,0.7745999610051513,10.605200019199401,0,True,on_screen,0.6577763963274916,-3.5317340276041023,-3.302352579965391,False,False,0,0.0
1789812486740,883,2275,1096.9135286863768,861.4937706747545,1100.9967567667356,873.0880788364764,1,1,main_file,0.39921126949675656,1168,8,1.2,0.00021027714961422035,30.57216509414305,30.012363867043135,0.11789996642619371,0.2639000304043293,7.3515999829396605,0.6861999863758683,8.313500031363219,0,True,on_screen,0.6577763963274916,-3.528115842453417,-3.3745363278960974,False,False,0,0.0
1789812486771,884,2276,1099.4201277559607,859.0541070572468,1100.7790217811573,871.1499649098174,1,1,main_file,0.39854733544169396,1199,8,1.2,0.00020466748398626118,30.711889751947552,30.012906697123633,0.08439994417130947,0.2136999974027276,7.998899964150041,0.7595000206492841,8.98170005530119,0,True,on_screen,0.6577763963274916,-3.5370301909385375,-3.388204560183791,False,False,0,0.0
1789812486803,885,2277,1098.550546216208,856.0734971712914,1100.4500149081452,868.9241107946827,1,1,main_file,0.39762252330865566,1231,8,1.2,0.0002122450444321678,30.70843951449012,30.013210003986472,0.15029998030513525,0.27030002092942595,7.915399968624115,0.7389999809674919,8.936600002925843,0,True,on_screen,0.6577763963274916,-3.53654006925251,-3.3991652253366134,False,False,0,0.0
1789812486835,886,2278,1099.2803034128508,857.2762034024903,1100.30964952871,867.5263619076196,1,1,main_file,0.3971455969676412,1263,8,1.2,0.00021110050945925309,30.804908888413205,30.014112271955938,0.15249999705702066,0.24199998006224632,7.47030001366511,0.6762999692000449,8.401099999900907,0,True,on_screen,0.6577763963274916,-3.5421014697950852,-3.3567972461305646,False,False,0,0.0
1789812486867,887,2279,1096.663662527199,858.1509838196135,1099.8721310885287,866.4013165370588,1,1,main_file,0.3961840066109932,1296,8,1.2,0.0002183771755259415,30.849320344993384,30.014551460195733,0.10030000703409314,0.2530000056140125,7.624900026712567,0.7167999865487218,8.60659999307245,0,True,on_screen,0.6577763963274916,-3.540417193274237,-3.352558364458585,False,False,0,0.0
1789812486915,888,2280,1098.4905769720524,860.4633467800479,1099.7063445945516,865.6887601662175,1,1,main_file,0.3957675469417785,1343,8,1.0,0.000219184994811222,29.85196202942885,30.008745930558785,0.15300000086426735,0.27810002211481333,7.77239998569712,0.6546999793499708,8.717200020328164,0,True,on_screen,0.6577763963274916,-3.542390381561063,-3.247363961613382,False,False,0,0.0
1789812486949,889,2281,1102.478125177824,858.4749779736376,1100.0389582645444,864.823106303108,1,1,main_file,0.3961967094363935,1377,8,1.0,0.00022451997728288597,29.821988292562345,30.0084871526939,0.27980003505945206,0.4236000240780413,7.702199975028634,0.7168999873101711,8.857999986503273,0,True,on_screen,0.6577763963274916,-3.542096288824183,-3.2940104979184657,False,False,0,0.0
1789812486979,890,2282,1111.260248175253,855.6319285983388,1101.625269344777,863.5237844649344,1,1,main_file,0.3987425456927497,1407,8,1.0,0.00022748873173235838,30.139585869887664,30.009705772711452,0.16119994688779116,0.2932000206783414,7.782400003634393,0.7026999955996871,8.78900004317984,0,True,on_screen,0.6577763963274916,-3.550573972075995,-3.374174181970764,False,False,0,0.0
1789812487011,891,2283,1115.3394033187644,843.5507160775826,1104.7013292698134,859.0438548271695,1,1,main_file,0.40323749953377863,1439,8,1.0,0.00024731772735322316,30.240940604812145,30.010274989742776,0.13840000610798597,0.23390003480017185,7.6608999515883625,0.6639000494033098,8.568999997805804,0,True,on_screen,0.6577763963274916,-3.5481600842602745,-3.5442108908042536,False,False,0,0.0
1789812487043,892,2284,1123.6388536004536,853.0966732152614,1108.2417143992334,857.932024528069,1,1,main_file,0.40920165889407156,1471,8,1.0,0.00024490742064761477,30.348609193888663,30.010492109546114,0.09980000322684646,0.24909997591748834,8.434600022155792,0.7130000158213079,9.409399994183332,0,True,on_screen,0.6577763963274916,-3.577708128030565,-3.7095742633188085,False,False,0,0.0
1789812487075,893,2285,1124.3170622759858,855.6788954910098,1110.7510852505075,857.580309817252,1,1,main_file,0.4135203152211503,1503,8,1.0,0.00023925759740760395,30.456959253919614,30.011555670428553,0.10189996100962162,0.25699997786432505,7.285400002729148,0.6633000448346138,8.218300004955381,0,True,on_screen,0.6577763963274916,-3.6072828348335975,-3.7251306846571035,False,False,0,0.0
1789812487107,894,2286,1124.0218702091177,851.592255555164,1112.6332612500964,856.7310328489724,1,1,main_file,0.4166233692952849,1536,8,1.0,0.00023954289082836477,30.542878864816657,30.011814532851663,0.09609997505322099,0.24229998234659433,7.964599994011223,0.7317000417970121,8.949299983214587,0,True,on_screen,0.6577763963274916,-3.6144699604300854,-3.739522676119402,False,False,0,0.0
1789812487139,895,2287,1127.0287565207138,850.5334472968269,1114.811700280338,855.7931656894026,1,1,main_file,0.4202176716241621,1567,8,1.0,0.00024002624635255723,30.55222260745884,30.011053935944467,0.11480000102892518,0.2829000004567206,10.446899977978319,0.8173999958671629,11.560000013560057,0,True,on_screen,0.6577763963274916,-3.61339588771267,-3.763713194543535,False,False,0,0.0
1789812487171,896,2288,1129.146147330244,848.9986855951992,1117.004166600556,854.7539439658115,1,1,main_file,0.42380365464352787,1599,8,1.0,0.00023857822939295746,30.63197348116634,30.01291893503294,0.12559996685013175,0.29880000511184335,7.231199997477233,0.7046000100672245,8.24520003516227,0,True,on_screen,0.6577763963274916,-3.6525787178991322,-3.7355962116865133,False,False,0,0.0
1789812487203,897,2289,1121.3078978844053,848.5641724776301,1117.520614354618,854.0111713872298,1,1,main_file,0.4245234116352574,1631,8,1.0,0.00023671579105119002,30.74102277708956,30.013526974681586,0.11040002573281527,0.2558000269345939,7.536999997682869,0.6907999631948769,8.495699963532388,0,True,on_screen,0.6577763963274916,-3.690591967332466,-3.713674749688153,False,False,0,0.0
1789812487235,898,2290,1075.1253284229986,880.8028108169117,1098.6374110521806,865.9443843150133,1,1,main_file,0.39393359610294054,1663,8,1.0,0.00023698361610657165,30.77962531734751,30.01067769429464,0.2989000058732927,0.5976999527774751,14.883099996950477,1.4137999969534576,16.93169999634847,0,True,on_screen,0.6577763963274916,-3.901970413370435,-3.7971132615388608,False,False,0,0.0
1789812487268,899,2291,1034.304773530344,923.6314384434407,1053.604564786895,906.3253222049125,1,1,main_file,0.3172779703948011,1696,8,1.0,0.0002199816337597211,30.71455495185179,30.01048945859374,0.5630999803543091,0.500700029078871,15.032999974209815,1.9908000249415636,17.5419999868609,0,True,on_screen,0.6577763963274916,-4.696990457668875,-3.955789060670685,False,False,0,0.0
1789812487315,900,2292,981.4949844074437,971.6788526355087,1003.127858521279,952.0727935063298,1,0,sidebar,0.0712419321259643,0,5,1.2,0.0001730052796035421,29.77832773509457,30.006409746177496,0.13859994942322373,0.2950999769382179,11.748299992177635,2.350499969907105,14.414400036912411,0,True,on_screen,0.6577763963274916,-5.402063234344354,-4.530827653758345,False,False,0,0.0
1789812487349,901,2293,930.9653560637253,1012.7043519566903,952.6141068009914,994.5148844215821,1,0,sidebar,0.14851756405916228,33,5,1.2,0.00013491745585234548,29.737602669589766,30.003773736760337,0.2846000134013593,0.5675999564118683,19.002499990165234,0.8163999882526696,20.40619996841997,0,True,on_screen,0.6577763963274916,-5.921378524196967,-4.999397621159086,False,False,0,0.0
1789812487380,902,2294,914.3229089474362,1026.3303655945303,935.678875625917,1008.5860694148214,1,0,sidebar,0.17242783191338884,65,5,1.2,9.801417274122627e-05,29.99090845273055,30.00845008653057,0.3719999804161489,0.4689000197686255,9.522999986074865,0.8165999897755682,10.832900006789714,0,True,on_screen,0.6577763963274916,-6.275629904369026,-5.284393244643013,False,False,0,0.0
1789812487413,903,2295,909.195959335407,1017.5239090684408,928.8979702442233,1010.8745879579874,1,0,sidebar,0.18311635928202719,98,5,1.2,7.192137160045436e-05,30.036550830801396,30.007274979440776,0.13979995856061578,0.28490001568570733,13.172099948860705,0.8363000233657658,14.30790004087612,0,True,on_screen,0.6577763963274916,-6.4445017997501,-5.646728619747876,False,False,0,0.0
1789812487445,904,2296,883.2728373638824,1044.1477245373426,906.1175742835596,1027.487695214439,1,0,sidebar,0.214223469978698,129,5,1.2,5.296036912335288e-05,30.183156901225114,30.00837364323573,0.3296000068075955,0.24679995840415359,10.450900008436292,2.376799995545298,13.089300016872585,0,True,on_screen,0.6577763963274916,-6.599326111812786,-5.886986457638403,False,False,0,0.0
1789812487475,905,2297,870.7682983352299,1046.7517094866796,893.3557567308259,1034.4424016088485,1,0,sidebar,0.23208508030813868,159,5,1.2,3.590532658600751e-05,30.40718361130659,30.007272393763504,0.11779996566474438,0.22739998530596495,17.102600017096847,1.0375999845564365,18.379800021648407,0,True,on_screen,0.6577763963274916,-6.652320755411438,-6.050169836026327,False,False,0,0.0
1789812487509,906,2298,849.7645311088178,1064.6814203571143,872.8610925630135,1048.659449309774,1,0,sidebar,0.2579184766735848,194,5,1.2,2.6538711699004847e-05,30.385570146275413,30.005592987697046,0.22109999554231763,0.4820000031031668,20.041200041305274,2.326600020751357,22.869800042826682,0,True,on_screen,0.6577763963274916,-6.705386889969333,-6.142475766710259,False,False,0,0.0
1789812487539,907,2299,821.8715185642036,1081.1823928293156,845.6584010150675,1066.0102826549203,1,0,sidebar,0.290545654233631,223,5,1.2,1.6794089188022082e-05,30.58909273154699,30.009124496859013,0.2397999633103609,0.5536999669857323,14.940200024284422,0.824499991722405,16.335299995262176,0,True,on_screen,0.6577763963274916,-6.766254845350829,-6.311993182077658,False,False,0,0.0
1789812487573,908,2300,788.9716652487656,1110.7481008074055,809.7422635203616,1094.3557078457811,1,0,sidebar,0.32379459476119477,257,5,1.2,1.3175685177386001e-05,30.49950737004327,30.00663457129353,0.2823999966494739,0.5598999559879303,19.541900022886693,2.2160999942570925,22.34119997592643,0,True,on_screen,0.6577763963274916,-6.907172627766414,-6.536683194299997,False,False,0,0.0
1789812487606,909,2301,787.6565355778123,1108.490034753669,804.4129851160978,1097.7663159699487,1,0,sidebar,0.3287719235609463,290,5,1.2,8.403689558090024e-06,30.535338280755646,30.011563334070207,0.2120999852195382,0.5256000440567732,9.288000001106411,0.8329999982379377,10.666300018783659,0,True,on_screen,0.6577763963274916,-6.991519006626362,-6.5031433240769845,False,False,0,0.0
1789812487637,910,2302,786.7446378625498,1111.7956851125357,800.701251106882,1100.713580126981,1,0,sidebar,0.33161449644412744,322,5,1.2,3.681947941539497e-05,30.65978738502075,30.009373770766548,0.2562999725341797,0.5283000064082444,16.34370000101626,1.198299985844642,18.116499995812774,0,True,on_screen,0.6577763963274916,-6.266303544088231,-6.376769117321468,False,False,0,0.0
1789812487667,911,2303,771.7209131726989,1124.7499193295648,790.883036518688,1108.8568232023913,1,0,sidebar,0.33833940654756833,351,5,1.2,7.21339717731067e-05,30.932539594006506,30.01368360717755,0.11969998013228178,0.23170001804828644,8.854999963659793,1.3689000043086708,10.468100022990257,0,True,on_screen,0.6577763963274916,-4.762408472804395,-6.051636917837392,False,False,0,0.0
1789812487717,912,2304,876.4162666422618,992.758863451817,850.7562976051896,1027.5882513769893,1,0,sidebar,0.30729908086624813,401,5,1.2,8.301181982230642e-05,29.84974808173853,30.002644178362214,0.2647999790497124,0.5082000279799104,20.81919996999204,0.9451999794691801,22.29200000874698,0,True,on_screen,0.6577763963274916,-3.750693975573995,-5.524768083341058,False,False,0,0.0
1789812487749,913,2305,930.1352170168814,918.778751883981,906.3215411933738,951.4216017318835,1,0,sidebar,0.2413745312873128,434,5,1.2,7.9616185572862e-05,30.002835453465284,30.008028872717254,0.2937000244855881,0.5413999897427857,8.705199987161905,0.7038000039756298,9.96969995321706,0,True,on_screen,0.6577763963274916,-3.80565416647957,-4.7872177992374665,False,False,0,0.0
1789812487779,914,2306,952.0315546479985,878.4538938016437,938.318550611611,900.3442061807157,1,0,sidebar,0.1903052849607496,463,5,1.2,7.243786756015898e-05,30.236987001039786,30.00936482181138,0.10469998233020306,0.256099971011281,7.972599996719509,0.7133000181056559,8.955700031947345,0,True,on_screen,0.6577763963274916,-4.336221757755567,-4.74191812256811,False,False,0,0.0
1789812487812,915,2307,988.8973901698787,837.5518455255475,973.7237383023984,856.3895537220978,1,0,sidebar,0.12436040713584595,496,5,1.2,3.7932732053999954e-05,30.2678053222984,30.008312966082816,0.27819996466860175,0.5052000051364303,10.941100015770644,0.7769999792799354,12.234900030307472,0,True,on_screen,0.6577763963274916,-5.144536447744741,-4.8336563722585,False,False,0,0.0
1789812487843,916,2308,1021.3901857681196,787.0401792899902,1007.0902515284033,807.8449916196225,1,0,sidebar,0.05468386605884057,527,5,1.2,4.646090375684878e-06,30.48310438996768,30.00765395400404,0.15249999705702066,0.24180003674700856,15.01599996117875,1.1335000162944198,16.404100053478032,0,True,on_screen,0.6577763963274916,-5.191400683979339,-4.845697417385802,False,False,0,0.0
1789812487877,917,2309,1042.1996768661638,750.5647235877033,1027.8289592276792,774.0102385804569,1,1,main_file,0.2385735452137544,0,9,1.4,-2.1108483738147346e-05,30.404003246675064,30.010199763771993,0.17590000061318278,0.2566000330261886,8.51040001725778,0.7427000091411173,9.52209997922182,0,True,on_screen,0.6577763963274916,-5.112133608085372,-4.407578673881894,False,False,0,0.0
1789812487909,918,2310,1316.9238277097666,676.1638453600958,1230.1953671651404,705.5177633262042,1,1,main_file,0.4945943757652136,31,9,1.4,-6.0267916610987765e-05,30.46310948312025,30.009795080209532,0.28909998945891857,0.5052000051364303,10.346499970182776,0.7529999711550772,11.61879999563098,0,True,on_screen,0.6577763963274916,-4.92438667454357,-3.9553415905648577,False,False,0,0.0
1789812487940,919,2311,1589.4054216813886,580.6102913146764,1481.642405326514,618.0825329181347,0,1,main_file,0.4332601180009512,62,9,1.4,-0.00012554570333565655,30.600031805369316,30.010948490097373,0.28170004952698946,0.506600015796721,9.269799978937954,0.7743000169284642,10.567099961917847,0,True,on_screen,0.6577763963274916,-5.052883510514619,-3.774671484316781,False,False,0,0.0
1789812487973,920,2312,1807.6709876611426,427.9321793506777,1709.8624129607542,484.9772854209148,0,1,main_file,0.42199512816190343,95,9,1.4,-0.00024042101365625256,30.621977651680286,30.008791109109932,0.21510000806301832,0.4773000255227089,14.476999989710748,2.005699963774532,16.980300017166883,0,True,on_screen,0.6577763963274916,-5.234232467675696,-3.5208506800228236,False,False,0,0.0
1789812488005,921,2313,1915.7379010379698,385.8460389133692,1853.9752546148052,415.585412865633,0,1,main_file,0.24067285538508665,128,9,1.4,-0.0002639596477252981,30.71587730970608,30.011748762754202,0.22549997083842754,0.5227000219747424,8.087099995464087,2.390199981164187,11.023500002920628,0,True,on_screen,0.6577763963274916,-4.970038589998865,-3.3562573389242787,False,False,0,0.0
1789812488036,922,2314,2006.1978476829613,351.2379372905182,1960.5310697625146,370.5421799630526,0,2,ai_agent,0.213667904658848,0,2,1.6,-0.0002439606016557353,30.838412389658203,30.01337435651089,0.26699999580159783,0.30780001543462276,7.78729998273775,0.7510000141337514,8.859199995640665,0,True,on_screen,0.6577763963274916,-4.263416876230224,-3.1756157094442092,False,False,0,0.0
1789812488068,923,2315,2055.4385084584433,344.5591048630188,2026.9662768496646,352.3540273930289,0,2,ai_agent,0.3345162583046104,32,2,1.6,-0.00023076434990306448,30.87417034821786,30.012730570586935,0.19039999460801482,0.30989997321739793,10.488500003702939,0.9636000031605363,11.777000036090612,0,True,on_screen,0.6577763963274916,-4.138610326440158,-2.581444166986991,False,False,0,0.0
1789812488115,924,2316,2074.8292309616195,365.14138473252166,2048.0359569576312,357.98313101958666,0,2,ai_agent,0.3698167956628765,78,2,1.6,-0.00026520891472286805,29.890351305656903,30.00671843431489,0.1789000234566629,0.3402000293135643,9.556800010614097,3.1081000342965126,13.02029995713383,0,True,on_screen,0.6577763963274916,-4.4348300283654964,-2.351199568041802,False,False,0,0.0
1789812488147,925,2317,2106.2510518309605,361.65021179270616,2078.0267281311485,359.8723073677612,0,2,ai_agent,0.4214306869325646,111,2,1.6,-0.0002576357030473816,30.04508052354316,30.008573398926917,0.1072999439202249,0.37130003329366446,8.570000005420297,0.8096000528894365,9.763600013684481,0,True,on_screen,0.6577763963274916,-5.095127133737236,-2.6762784112031173,False,False,0,0.0
1789812488179,926,2318,2133.8319999710025,351.4269023005871,2105.8765206948374,355.6576019916797,0,2,ai_agent,0.47116129117052596,142,2,1.6,-0.00026683994215453456,30.204578732978035,30.00920144516736,0.18470000941306353,0.3393999650143087,8.677100006025285,0.8353000157512724,9.865199972409755,0,True,on_screen,0.6577763963274916,-5.884368486196649,-2.8852389845620316,False,False,0,0.0
1789812488211,927,2319,2173.418140362376,325.6322474057787,2149.650008994023,336.19827433394346,0,2,ai_agent,0.5531165171345522,174,2,1.6,-0.0002867467488322766,30.29302257916172,30.008706251637125,0.10299996938556433,0.2710000262595713,11.08249998651445,0.9323999984189868,12.297899986151606,0,True,on_screen,0.6577763963274916,-6.214031221441218,-3.253691170503123,False,False,0,0.0
1789812488244,928,2320,2175.7331031604317,320.562156125844,2156.875891701812,331.8665506720184,0,2,ai_agent,0.5668078266234942,207,2,1.6,-0.00030133904206323253,30.276975629497816,30.008211889465624,0.1637000241316855,0.2541999565437436,12.260800052899867,1.1813000310212374,13.708500016946346,0,True,on_screen,0.6577763963274916,-6.404453657358573,-3.244855630860271,False,False,0,0.0
1789812488275,929,2321,2173.0223300540647,323.08346980072446,2159.692211324004,330.3345742409642,0,2,ai_agent,0.5720880047309315,239,2,1.6,-0.0003163100011033763,30.499101767755562,30.008301283933623,0.13369997031986713,0.38649997441098094,14.777700009290129,0.8430000161752105,16.03120000800118,0,True,on_screen,0.6577763963274916,-6.487095361809423,-3.2852107398298056,False,False,0,0.0
1789812488307,930,2322,2181.2730588433046,326.52479386377206,2164.106903025534,329.5552255244321,0,2,ai_agent,0.5799981252791198,270,2,1.6,-0.0003163568926112404,30.56333102567362,30.01071297151301,0.15550001990050077,0.33279997296631336,9.82009997824207,0.8592000231146812,11.025599960703403,0,True,on_screen,0.6577763963274916,-6.4650829602000215,-3.2438097139509106,False,False,0,0.0
1789812488339,931,2323,2133.9836686299195,367.3496719614815,2151.1576142004824,345.8021927812931,0,2,ai_agent,0.5529945180927983,302,2,1.6,-0.00026314365809052345,30.63282822177898,30.011295603134815,0.21410000044852495,0.26780000189319253,9.779499960131943,0.7947999984025955,10.85279998369515,0,True,on_screen,0.6577763963274916,-5.132661032848972,-3.587547976785261,False,False,0,0.0
1789812488371,932,2324,1931.848398635174,473.6578951195275,1997.6411633047665,435.3011844180572,0,2,ai_agent,0.2500540094942659,335,2,1.6,-0.00016777261107677605,30.7293426669361,30.012066464985434,0.08890003664419055,0.222400005441159,9.41409997176379,0.889600021764636,10.53709996631369,0,True,on_screen,0.6577763963274916,-4.262749741230294,-3.9093216957461885,False,False,0,0.0
1789812488403,933,2325,1350.33361969847,854.4750519766346,1544.525882780359,728.7228917090613,1,1,main_file,0.6455142635953388,0,10,1.8,7.40777850788809e-05,30.76590948092271,30.0125302895012,0.1485000248067081,0.2682000049389899,9.3949000001885,0.824799994006753,10.500299977138638,0,True,on_screen,0.6577763963274916,-3.7291661203918522,-4.348947762895632,False,False,0,0.0
1789812488435,934,2326,962.2999818447748,1171.553385210634,1136.9677521254503,1038.7042371601622,1,1,main_file,0.41122811154427463,31,10,1.8,0.0002162155010493865,30.769378531350096,30.012124846827902,0.1501000369898975,0.33160002203658223,10.973399970680475,1.0788000072352588,12.400199950207025,0,True,on_screen,0.6577763963274916,-3.541567157879882,-4.432988845010219,False,False,0,0.0
1789812488468,935,2327,811.1629793752447,1306.7306808884773,908.9044112003064,1226.3227477699827,2,0,terminal,0.101155144946666,0,5,2.0,0.0003014226660513382,30.76356170126899,30.01360508852074,0.31939998734742403,0.3513999981805682,8.173000009264797,0.796699954662472,9.334300004411489,0,True,on_screen,0.6577763963274916,-3.520972552871541,-4.174270741320132,False,False,0,0.0
1789812488515,936,2328,724.0630690282738,1441.3193239998582,779.5154716798836,1376.8203511308955,2,0,terminal,0.4278554490006379,47,5,2.0,0.0003080100057289495,29.821331052600936,30.008564351468426,0.09819999104365706,0.24399999529123306,7.856499985791743,0.7111000013537705,8.823800017125905,0,True,on_screen,0.6577763963274916,-3.504903705112639,-3.9873189550991754,False,False,0,0.0
1789812488547,937,2329,709.3085541614067,1520.854175037264,730.3706294169498,1477.6440278653533,2,0,terminal,0.555919634889788,78,5,2.0,0.0003074701784101779,29.948631346000106,30.008929363751907,0.11439999798312783,0.2510999911464751,8.073800010606647,0.706199964042753,9.043500002007931,0,True,on_screen,0.6577763963274916,-3.4546137171981,-3.8067379511264985,False,False,0,0.0
1789812488579,938,2330,650.6849516360749,1663.8040702618907,674.5906549703374,1607.9560575429296,2,0,terminal,0.6068627362852894,111,5,2.0,0.0002427295514102045,30.10945728533623,30.009846591299176,0.09879999561235309,0.23010000586509705,7.4186999700032175,0.6447000196203589,8.304899965878576,0,True,on_screen,0.6577763963274916,-3.508302747969765,-3.7740452557629536,False,False,0,0.0
1789812488611,939,2331,508.0057267158915,1980.0000000000002,557.9812051922253,1868.386817262879,-1,-1,off_screen,0.0,0,6,2.0,0.00015564288085806455,30.18643715363581,30.00927101088717,0.13599998783320189,0.32210000790655613,9.715699998196214,0.6824000156484544,10.733400005847216,0,True,gaze_outside_screen,0.6577763963274916,-3.6590291361081597,-3.9316708099114246,False,False,0,0.0
1789812488643,940,2332,259.303762030642,1980.0000000000002,348.90699497911703,1946.5160451788638,-1,-1,off_screen,0.0,31,6,2.0,-3.813229911412905e-06,30.284728363802717,30.010438703860657,0.12720003724098206,0.25459995958954096,8.086999994702637,0.5972000071778893,8.949499984737486,0,True,gaze_outside_screen,0.6577763963274916,-3.8999414231491585,-4.094526466168288,False,False,0,0.0
1789812488675,941,2333,279.9480756530011,1980.0000000000002,302.60122006855147,1969.000453145447,-1,-1,off_screen,0.0,63,6,2.0,-0.00016269416497619905,30.37149121491162,30.010649188190722,0.09509996743872762,0.23870001314207911,8.710800029803067,0.6661000079475343,9.625700011383742,0,True,gaze_outside_screen,0.6577763963274916,-4.064069155762837,-4.155354120360418,False,False,0,0.0
1789812488709,942,2334,301.99627341914703,1980.0000000000002,302.52862647062295,1970.3203987679935,-1,-1,off_screen,0.0,98,6,2.0,-0.00022984137215026346,30.337083593514777,30.00982300968822,0.14700001338496804,0.2960000419989228,10.364899993874133,1.110199955292046,11.785499984398484,0,True,gaze_outside_screen,0.6577763963274916,-4.338624764181873,-4.340451624646368,False,False,0,0.0
1789812488739,943,2335,319.39004490718787,1980.0000000000002,305.62232984761516,1972.0963949649954,-1,-1,off_screen,0.0,128,6,2.0,-0.00025684354297159616,30.561043788203754,30.01173856135491,0.1194999786093831,0.2565000322647393,8.548500016331673,0.6290000164881349,9.444700030144304,0,True,gaze_outside_screen,0.6577763963274916,-4.492187191241555,-4.368923021322028,False,False,0,0.0
1789812488771,944,2336,344.29992534254495,1980.0000000000002,319.328182503711,1974.8971286888886,-1,-1,off_screen,0.0,159,6,1.8,-0.00028659009766762375,30.658329774583528,30.012492687236325,0.11090002954006195,0.22789998911321163,8.224799996241927,0.6350000039674342,9.097400004975498,0,True,gaze_outside_screen,0.6577763963274916,-4.675420683108399,-4.502006835186807,False,False,0,0.0
1789812488803,945,2337,385.7556952636263,1980.0000000000002,358.2483249338594,1977.886921170642,-1,-1,off_screen,0.0,191,6,1.8,-0.00030481436075479977,30.693945174075235,30.012051244800944,0.11720001930370927,0.2766999532468617,10.23040001746267,0.7985999691300094,11.319199984427541,0,True,gaze_outside_screen,0.6577763963274916,-4.81975594913132,-4.5237217359762925,False,False,0,0.0
1789812488835,946,2338,385.0476875444825,1980.0000000000002,364.86614101453006,1978.4087233963078,-1,-1,off_screen,0.0,223,6,1.8,-0.0002704936077338616,30.776122346522044,30.013279117334797,0.1469000126235187,0.2654999843798578,8.718000026419759,0.7266999455168843,9.721799986436963,0,True,gaze_outside_screen,0.6577763963274916,-4.946152918683055,-4.567006158822222,False,False,0,0.0
1789812488867,947,2339,811.8748163609232,1980.0000000000002,677.7722137570051,1979.5226170188926,-1,-1,off_screen,0.0,256,6,1.8,-0.0004032775738570492,30.801190205670462,30.013579393137334,0.13000000035390258,0.30969997169449925,8.786400023382157,0.9215999743901193,10.03189996117726,0,True,gaze_outside_screen,0.6577763963274916,-4.969243350918276,-4.471039960961382,False,False,0,0.0
1789812488916,948,2340,1432.9351242696787,1471.9091254489122,1206.3862511158766,1624.1931729199064,2,1,terminal,0.5325871139146068,0,6,2.0,-0.000487329169437346,29.777766036585362,30.00778694378724,0.13449997641146183,0.3036000416614115,8.733000024221838,0.7297000265680254,9.776899998541921,0,True,on_screen,0.6577763963274916,-4.824493117757385,-3.949014153756653,False,False,0,0.0
1789812488947,949,2341,1812.2309801083268,716.8460083102892,1630.4775614105918,989.0501576931745,1,1,main_file,0.6285314766003286,0,11,2.2,-0.0004352618560443961,30.02073619124537,30.009268800445756,0.09109999518841505,0.22569997236132622,7.274799980223179,0.6896000122651458,8.200499985832721,0,True,on_screen,0.6577763963274916,-4.721149962545297,-3.652709733797691,False,False,0,0.0
1789812488979,950,2342,1968.8618677936975,321.31599471059764,1867.3465758787656,521.6362436053707,0,1,main_file,0.14952513742678497,32,11,2.2,-0.0003022594787518394,30.087578142236232,30.008170576519596,0.13280002167448401,0.2969999914057553,10.534400003962219,0.9499999578110874,11.79509999928996,0,True,on_screen,0.6577763963274916,-4.769839221215051,-3.5282460374540245,False,False,0,0.0
1789812489011,951,2343,2048.8135296855044,143.79820028664335,1994.3734435434826,257.1496132822616,0,2,ai_agent,0.27940702098880754,0,3,2.4,-0.000278739621520337,30.252859226473277,30.009779191851468,0.12050004443153739,0.25919999461621046,8.404899970628321,0.7540999795310199,9.428299963474274,0,True,on_screen,0.6577763963274916,-4.865341847004572,-3.3295715537140405,False,False,0,0.0
1789812489042,952,2344,2024.4032812382588,107.216802909048,2015.3943299298257,152.1966460210121,0,2,ai_agent,0.2720847219697161,31,3,2.4,-0.0002642003923149141,30.390378717609902,30.010937194164015,0.08469994645565748,0.20790001144632697,7.1764999884180725,0.7248000474646688,8.119500009343028,0,True,on_screen,0.6577763963274916,-4.9017771249316695,-3.125756180275496,False,False,0,0.0
1789812489075,953,2345,1952.5639624319015,155.90547024634193,1980.5557714320105,154.25313709177556,0,2,ai_agent,0.21552277136759823,64,3,2.4,-0.00022486894274307938,30.401758140430474,30.009535955571977,0.13080000644549727,0.3062000032514334,11.004200030583888,0.9817999671213329,12.306799995712936,0,True,on_screen,0.6577763963274916,-4.9305409001906355,-2.936678329972608,False,False,0,0.0
1789812489107,954,2346,1910.2274760503972,184.99503738247748,1933.2732747861432,174.92125921098048,0,2,ai_agent,0.146355160902508,96,3,2.4,-0.00020581938604687273,30.5133030104815,30.01102260342724,0.12469995999708772,0.271500030066818,8.954299963079393,0.7921000360511243,10.028300050180405,0,True,on_screen,0.6577763963274916,-4.945785758198582,-2.7752509096776867,False,False,0,0.0
1789812489140,955,2347,1830.024538348363,253.48955564878517,1860.999159279697,229.91906671744377,0,1,main_file,0.2460018566752158,0,12,2.6,-0.00017873331792480317,30.520581776500435,30.011747828243994,0.14259997988119721,0.2531000063754618,7.769400021061301,0.7320999866351485,8.76530003733933,0,True,on_screen,0.6577763963274916,-4.909402230318278,-2.7228654724738033,False,False,0,0.0
1789812489172,956,2348,1794.6938957684933,296.27403723922777,1814.5854748218544,276.36754608269257,0,1,main_file,0.3369179450733456,31,12,2.6,-0.00017506405457204215,30.61163578287067,30.010991679095085,0.1764999469742179,0.32869999995455146,10.948300012387335,0.9509999654255807,12.24110001930967,0,True,on_screen,0.6577763963274916,-4.899146284570861,-2.734849950515197,False,False,0,0.0
1789812489203,957,2349,1768.3463016269422,335.0277422714013,1784.3110032215332,314.7745140468116,0,1,main_file,0.39115868727171565,62,12,2.6,-0.00017784708924941696,30.72770794424163,30.012799941726847,0.09739998495206237,0.2345999819226563,8.40079999761656,0.7256999961100519,9.372400003485382,0,True,on_screen,0.6577763963274916,-4.90296444685805,-2.7028770558496196,False,False,0,0.0
1789812489235,958,2350,1442.0722477141192,656.094573188576,1544.7438743663433,553.6985554460466,0,1,main_file,0.5151025043238586,94,12,2.6,-8.67885889314704e-05,30.77733189826428,30.01370890842286,0.09050004882737994,0.21919998107478023,7.327499974053353,0.7360000163316727,8.293299993965775,0,True,on_screen,0.6577763963274916,-4.990938633359633,-2.7682451529008723,False,False,0,0.0
1789812489268,959,2351,1054.2009550199668,1106.9512893971232,1201.3638308238799,940.9754692118001,1,1,main_file,0.572240506233431,127,12,2.6,3.0275485506254737e-05,30.768834534662748,30.01287091310615,0.1183999702334404,0.29280001763254404,10.052199999336153,0.8579000132158399,11.21720002265647,0,True,on_screen,0.6577763963274916,-5.0810105812061295,-2.707664145634005,False,False,0,0.0
1789812489315,960,2352,790.9454777218315,1401.7889166424327,914.070983652446,1263.544882413243,2,0,terminal,0.12674529065288886,0,7,2.8,8.79297621754517e-05,29.807095300399162,30.008316628884113,0.11650001397356391,0.23150001652538776,8.169500040821731,0.7411999977193773,9.15179995354265,0,True,on_screen,0.6577763963274916,-5.2114379007991545,-2.763555681255691,False,False,0,0.0
1789812489347,961,2353,699.9986638761073,1515.4658535416336,764.220359809009,1439.8895622031164,2,0,terminal,0.4867715047528718,31,7,2.8,0.00011466906766501375,29.911653309216018,30.008952998321288,0.1341000315733254,0.31239999225363135,7.358899980317801,0.7202000124379992,8.40069999685511,0,True,on_screen,0.6577763963274916,-5.2909280977706885,-2.679680522874373,False,False,0,0.0
1789812489380,962,2354,631.2781324401896,1609.6861897731635,671.1608006508354,1558.7472015021494,2,0,terminal,0.646695263904588,65,7,2.8,0.00010560574133656846,29.969221992414056,30.008672735886183,0.12129999231547117,0.2858999650925398,8.576299995183945,0.7812000112608075,9.656200010795146,0,True,on_screen,0.6577763963274916,-5.384581676841236,-2.7578018320059385,False,False,0,0.0
1789812489411,963,2355,606.5645813636356,1666.5437961072546,625.9434471497956,1634.2048177257232,2,0,terminal,0.649726240170502,95,7,2.6,0.00011965127694045681,30.2423682067035,30.010001014432245,0.10519998613744974,0.24120003217831254,7.994999992661178,0.678999989759177,8.926100039388984,0,True,on_screen,0.6577763963274916,-5.458827259754571,-2.787463260967502,False,False,0,0.0
1789812489443,964,2356,748.8707025620797,1579.9570306746493,711.9925259383945,1596.2313667899716,2,0,terminal,0.5562860746124341,128,7,2.6,9.904511239349108e-05,30.355976941417605,30.00987621715492,0.07809995440766215,0.21249998826533556,9.512499964330345,0.970900000538677,10.70610003080219,0,True,on_screen,0.6577763963274916,-5.3274342331383195,-2.81684536404539,False,False,0,0.0
1789812489475,965,2357,884.1036391984494,1470.4030997135862,832.4703052204329,1508.1515798365017,2,0,terminal,0.3771372013796549,159,7,2.6,5.4307802533702654e-05,30.38712073895851,30.01041813513703,0.12450001668184996,0.285100017208606,8.881499990820885,0.8203000179491937,10.002099967096001,0,True,on_screen,0.6577763963274916,-5.224404578161938,-2.5999693127138173,False,False,0,0.0
1789812489507,966,2358,1032.0171415032357,1345.1251766999496,972.1530906183948,1394.0330976409152,2,0,terminal,0.11060547289377964,191,7,2.6,2.4151765530989328e-06,30.504535971619806,30.01144203410838,0.09580003097653389,0.24349999148398638,7.982200011610985,0.7223999709822237,8.958799997344613,0,True,on_screen,0.6577763963274916,-5.242710416517838,-2.2081140452119263,False,False,0,0.0
1789812489539,967,2359,1157.5072135849948,1239.2878574976005,1101.9009766950148,1285.711429540595,2,1,terminal,0.29282581958910137,223,7,2.6,-2.948381167279003e-05,30.587788203915373,30.011334335746447,0.09379995753988624,0.23689999943599105,9.426600008737296,0.9747000294737518,10.650600015651435,0,True,on_screen,0.6577763963274916,-5.235770442897206,-2.167099459268255,False,False,0,0.0
1789812489572,968,2360,1284.1740050532594,1123.9398015745257,1229.4920965457861,1172.4712899643466,2,1,terminal,0.3121605745065693,256,7,2.6,-5.313439446390407e-05,30.54117551769462,30.011652227464552,0.1577000366523862,0.42970001231878996,8.66460002725944,0.8326000533998013,9.939499956090003,0,True,on_screen,0.6577763963274916,-5.201544580172083,-1.670740556128425,False,False,0,0.0
1789812489603,969,2361,1359.8173424162783,1047.7607688603168,1320.7197686551306,1085.1739251915258,1,1,main_file,0.6108639961853937,0,13,2.8,-6.755669147361261e-05,30.746765380025227,30.01324877091481,0.08539995178580284,0.21239998750388622,7.439599954523146,0.7360000163316727,8.397400029934943,0,True,on_screen,0.6577763963274916,-5.2505030612732355,-1.1564076354233033,False,False,0,0.0
1789812489635,970,2362,1420.0351498090888,942.0751474668688,1390.2405354629013,985.0047807842659,1,1,main_file,0.825987563878057,32,13,2.8,-8.832483659797392e-05,30.714904297358135,30.01215562188901,0.13609998859465122,0.3228000132367015,10.410699993371964,0.9711000020615757,11.718399997334927,0,True,on_screen,0.6577763963274916,-5.279452241611949,-0.8261413566366168,False,False,0,0.0
1789812489667,971,2363,1461.3057820987588,846.7983776930475,1439.9862081080016,888.2602986204131,1,1,main_file,0.9792598880637582,64,13,2.8,-8.397030303144114e-05,30.819005001435233,30.01321950861063,0.10120001388713717,0.27029996272176504,9.66139999218285,0.812400016002357,10.757000010926276,0,True,on_screen,0.6577763963274916,-5.273808972156388,-0.9301051644623929,False,False,0,0.0
1789812489699,972,2364,1504.4084084728386,768.912181041046,1485.0817483633875,804.7166163148561,1,1,main_file,0.8137758787051764,95,13,2.8,-0.00010793684021210594,30.875846306486924,30.014213748952,0.11239998275414109,0.22909999825060368,8.568999997805804,0.798200024291873,9.606499981600791,0,True,on_screen,0.6577763963274916,-5.3446562631814345,-1.0374659857299213,False,False,0,0.0
1789812489747,973,2365,1550.3411574886725,696.384725969549,1530.763334751087,728.8842930731411,1,1,main_file,0.6578024673540288,144,13,2.8,-0.00010163363888721078,29.867479890807623,30.007736108570004,0.14949997421354055,0.28440001187846065,10.584099974948913,0.9568000095896423,11.838600039482117,0,True,on_screen,0.6577763963274916,-5.3027534250518045,-0.9577186129542777,False,False,0,0.0
1789812489780,974,2366,1654.645675141093,692.8035385082131,1617.4809730240913,703.6277648776916,1,1,main_file,0.5323794175934626,177,13,2.8,-0.00012308083038671362,29.880401937954822,30.005620296189125,0.2376000047661364,0.521100009791553,16.069800010882318,0.7767999777570367,17.386100022122264,0,True,on_screen,0.6577763963274916,-5.294229111234927,-0.7909121046873716,False,False,0,0.0
1789812489813,975,2367,2087.497330565641,613.7030137840516,1946.492423303176,640.6804391121436,1,2,second_file,0.07707151214358454,0,4,2.8,-0.00020655855975117848,29.959065616403528,30.006436551792913,0.1218999968841672,0.255799968726933,13.573999982327223,2.1147000370547175,15.959599986672401,0,True,on_screen,0.6577763963274916,-5.290168429376166,-0.3143032586398953,False,False,0,0.0
1789812489845,976,2368,2287.1367763365756,585.4126155589223,2184.943470426556,601.9929626248887,0,2,ai_agent,0.34502513512520006,0,4,3.0,-0.00025685457072944715,30.097994601415827,30.0083246235388,0.27570000384002924,0.5244999774731696,11.11790002323687,0.7610999746248126,12.419999984558672,0,True,on_screen,0.6577763963274916,-5.244386012238323,-0.09852866063462944,False,False,0,0.0
1789812489875,977,2369,2413.625495368451,596.9611644506235,2345.0208878858825,598.4707039029031,0,2,ai_agent,0.4638316691980924,29,4,3.0,-0.00030215687694563377,30.37832901676857,30.00907932360778,0.1154000055976212,0.2777999616228044,12.024299998302013,1.0506000253371894,13.364899961743504,0,True,on_screen,0.6577763963274916,-5.144378484647376,0.12185247508738895,False,False,0,0.0
1789812489907,978,2370,2533.7260730584776,594.955498498712,2477.114517506699,596.0100601199694,0,2,ai_agent,0.4595956671004564,62,4,3.0,-0.00034216881514454074,30.453976240888142,30.010479051490556,0.13780000153928995,0.2738999901339412,9.752599988132715,0.8468999876640737,10.886200005188584,0,True,on_screen,0.6577763963274916,-5.124610643307648,0.10863320290942441,False,False,0,0.0
1789812489939,979,2371,2708.9176276335356,574.4644305327644,2639.376694595485,580.9281194089259,0,2,ai_agent,0.3479557494209784,93,4,3.0,-0.0003745037507391618,30.575932070480178,30.011875639709988,0.10409997776150703,0.2223999472334981,7.9641000484116375,0.7589999586343765,8.95920000039041,0,True,on_screen,0.6577763963274916,-5.261019655674488,0.11578641986430609,False,False,0,0.0
1789812489971,980,2372,2879.4346289294035,537.973201737447,2807.4172486292277,550.8596770388906,0,2,ai_agent,0.15473081202530015,125,4,3.0,-0.0004003246486308752,30.600772383491936,30.011574687498197,0.10569998994469643,0.2411000314168632,9.541800012812018,0.8383000385947526,10.630000033415854,0,True,on_screen,0.6577763963274916,-5.358729500200951,0.1950520819000665,False,False,0,0.0
1789812490004,981,2373,3036.0243645889204,506.04900482740993,2967.4422298010127,519.4922064908542,-1,-1,off_screen,0.0,0,7,3.2,-0.0004239573850752052,30.621343434675964,30.010885187093972,0.10820000898092985,0.2668999950401485,12.313199986238033,0.7154999766498804,13.306499982718378,0,True,gaze_outside_screen,0.6577763963274916,-5.536307306783215,0.113668499907756,False,False,0,0.0
1789812490035,982,2374,3144.3174069322663,490.60506825416803,3091.25485379289,499.2712097251739,-1,-1,off_screen,0.0,31,7,3.2,-0.00044657440130789657,30.75568019001393,30.013138712933078,0.12799998512491584,0.25510002160444856,8.354899997357279,0.7819999591447413,9.403600008226931,0,True,gaze_outside_screen,0.6577763963274916,-5.6839370639957565,-0.0483501370454154,False,False,0,0.0
1789812490067,983,2375,3159.5517111661784,498.00173766542474,3132.2520708868124,498.5091714172654,-1,-1,off_screen,0.0,62,7,3.2,-0.0004696781274441692,30.8004803726143,30.01390265455544,0.11239998275414109,0.32049999572336674,7.568399945739657,0.7588000153191388,8.660799998324364,0,True,gaze_outside_screen,0.6577763963274916,-5.870514930040713,-0.06500622690561454,False,False,0,0.0
1789812490099,984,2376,2858.7009999164006,535.2677705056699,2940.766321207524,524.2401907791485,-1,-1,off_screen,0.0,95,7,3.2,-0.0004219915968325851,30.814855568727427,30.012986642075912,0.13479997869580984,0.31209998996928334,10.722100036218762,1.0306000476703048,12.078800005838275,0,True,gaze_outside_screen,0.6577763963274916,-5.977167349301453,-0.43313853034578315,False,False,0,0.0
1789812490147,985,2377,2173.620942274829,698.3506666014794,2403.7645559546377,646.1175238547801,1,2,second_file,0.5514258837714785,0,5,3.4,-0.0003153427990674352,29.84623503464975,30.008948082551353,0.08460000390186906,0.21379999816417694,7.772699987981468,0.7309000357054174,8.726799977011979,0,True,on_screen,0.6577763963274916,-5.9784811604052095,-1.051438754854675,False,False,0,0.0
1789812490179,986,2378,1873.5329820407103,766.6684338048282,2032.6024542148884,730.5031608198137,1,2,second_file,0.2851885017935458,31,5,3.4,-0.00022737342155321888,29.962732894738945,30.004663264711784,0.10060000931844115,0.21920003928244114,18.868499959353358,2.016899990849197,21.120899997185916,0,True,on_screen,0.6577763963274916,-5.979124277954355,-1.8221730888702143,False,False,0,0.0
1789812490213,987,2379,1723.3660521309037,785.4821686630667,1816.136972756099,768.9884663100908,1,1,main_file,0.296337731936278,0,14,3.6,-0.00018072552947483514,29.941826544277603,30.006663749716775,0.22230000467970967,0.25749998167157173,14.410600007977337,0.8726000087335706,15.553199977148324,0,True,on_screen,0.6577763963274916,-6.000730624600777,-1.8175020298021116,False,False,0,0.0
1789812490243,988,2380,1635.4015749323237,777.5955286716863,1689.6221942794564,775.0134099632076,1,1,main_file,0.5068101497820139,29,14,3.6,-0.00015306156367764397,30.22956052939592,30.009317413936294,0.22569997236132622,0.5933000356890261,10.078699968289584,0.7069000275805593,11.395199981052428,0,True,on_screen,0.6577763963274916,-5.991859992648102,-2.119347704785677,False,False,0,0.0
1789812490275,989,2381,1600.6237202842553,764.0859007747673,1627.3232624828156,767.3641535312994,1,1,main_file,0.5945045399128446,62,14,3.6,-0.00012720068519586798,30.36939988103499,30.00950996455996,0.09759998647496104,0.2240000176243484,11.638599971774966,0.7187000010162592,12.591700011398643,0,True,on_screen,0.6577763963274916,-5.965426268134479,-2.1838237199808614,False,False,0,0.0
1789812490307,990,2382,1611.1446302309585,746.4891630112643,1623.3932639360185,762.2933489582663,1,1,main_file,0.5948358827375122,93,14,3.6,-0.00012261785411744018,30.4228857539257,30.011032115899148,0.18710002768784761,0.25209999876096845,8.487900020554662,0.779000052716583,9.530399984214455,0,True,on_screen,0.6577763963274916,-5.98716808873948,-2.0668561269118815,False,False,0,0.0
1789812490339,991,2383,1637.143525645361,726.7580766337566,1628.1046775749962,750.1174813105453,1,1,main_file,0.5750885414464121,125,14,3.6,-0.00013131132592439539,30.53508175161359,30.011534340690908,0.0850000069476664,0.21020002895966172,8.841000031679869,0.7599999662488699,9.821699990425259,0,True,on_screen,0.6577763963274916,-5.955277975691843,-1.9969640290274653,False,False,0,0.0
1789812490371,992,2384,1651.5458001329469,711.4023454603372,1637.5673187347222,734.4890728546408,1,1,main_file,0.544671194670274,157,14,3.6,-0.0001339075497539758,30.54663251766334,30.011474126774417,0.48400001833215356,0.6876999977976084,9.231499978341162,0.7379000307992101,10.675999976228923,0,True,on_screen,0.6577763963274916,-5.932856278665213,-1.9300706117627908,False,False,0,0.0
1789812490403,993,2385,1662.0727085765577,709.60274063741,1645.2999335987618,726.6362525707596,1,1,main_file,0.5252865649934979,190,14,3.6,-0.00014091977668555418,30.64207164564567,30.011759513392374,0.12689997674897313,0.2617000136524439,9.25399997504428,1.9665000145323575,11.496499995701015,0,True,on_screen,0.6577763963274916,-5.916267322312791,-1.9062734938086068,False,False,0,0.0
1789812490438,994,2386,1667.587301077813,713.5145951566983,1650.609784418882,723.5100850928427,1,1,main_file,0.5145526942787366,224,14,3.6,-0.00014625068853416426,30.483599530380303,30.01570330557304,0.2777999616228044,0.522000016644597,30.01729998504743,2.70979997003451,33.27230003196746,0,True,on_screen,0.6577763963274916,-5.882127809870042,-1.871460167092651,False,False,0,0.0
1789812490471,995,2387,1676.1630961774504,700.625839049177,1658.5371135991413,716.4107723640589,1,1,main_file,0.49576241863079995,257,14,3.6,-0.00014782576665205854,30.391117189017027,30.014535858731463,2.558700041845441,1.2302999966777861,32.499700027983636,2.104799961671233,35.85159999784082,0,True,on_screen,0.6577763963274916,-5.859245985969096,-1.8434728417354431,False,False,0,0.0
1789812490507,996,2388,1674.3124831530909,713.1037064263529,1660.984291638531,715.8977587633384,1,1,main_file,0.4918648928910656,293,14,3.6,-0.00015070957496475003,30.119681233303098,30.002060719445556,6.07160001527518,0.46579999616369605,29.908500029705465,2.4154999991878867,32.80270000686869,0,True,on_screen,0.6577763963274916,-5.8510227360687,-1.834841788091181,False,False,0,0.0
1789812490549,997,2389,1682.5434621918678,709.9177465001904,1665.4788822065614,714.6510639218947,1,1,main_file,0.4843432776900516,335,14,3.6,-0.0001651493939441584,29.52323039418226,30.008003913095344,0.46229996951296926,0.6260999944061041,39.264800027012825,2.3739999742247164,42.288700002245605,0,True,on_screen,0.6577763963274916,-5.826410283191791,-1.7038002816252065,False,False,0,0.0
1789812490592,998,2390,1684.4766769869325,696.1011290798201,1670.1166470134287,710.1226312287935,1,1,main_file,0.47293274134686425,378,14,3.4,-0.00017071209718003306,28.910904217782306,30.00794453742835,10.267000005114824,0.7069999701343477,30.216299986932427,2.0955000072717667,33.03559997584671,0,True,on_screen,0.6577763963274916,-5.7862886289918265,-1.6550501844644405,False,False,0,0.0
1789812490625,999,2391,1269.1523625031434,809.0834435262423,1389.441647856229,779.3951998370077,1,1,main_file,0.768967572616636,411,14,3.4,-0.00016366437148605285,29.019690802554884,30.00818863502778,12.208900006953627,0.4507999983616173,29.72410002257675,2.1879999549128115,32.37710002576932,0,True,on_screen,0.6577763963274916,-5.799922752251689,-2.0627942624501925,False,False,0,0.0
1789812490658,1000,2392,834.3737147817444,944.5240616566876,1000.8940947040899,894.9854031107836,1,0,sidebar,0.07971296463316502,0,6,3.6,-0.00012561728131941542,29.176031453523247,30.00924342385259,11.364899983163923,0.5036999937146902,27.746399980969727,1.937400025781244,30.200499983038753,0,True,on_screen,0.6577763963274916,-5.8196913083424135,-2.5098008808597623,False,False,0,0.0
1789812490688,1001,2393,668.9183931512124,1010.621588773793,768.5111036170756,975.9307330748902,1,0,sidebar,0.4729414855049522,29,6,3.6,-0.00010496670996396583,29.53848262445113,30.00962586955713,11.058200034312904,0.4600000102072954,29.265200020745397,2.28020001668483,32.01939997961745,0,True,on_screen,0.6577763963274916,-5.786676094554281,-2.728968379325998,False,False,0,0.0
1789812490720,1002,2394,568.0682238818547,1093.5377104569484,628.201087802421,1058.255617242331,1,0,sidebar,0.6169623236955641,62,6,3.6,-7.675783773940584e-05,29.678636329503693,30.01026844878176,11.39200001489371,0.4830999532714486,28.969000035431236,1.84599997010082,31.312899955082685,0,True,on_screen,0.6577763963274916,-5.755774209870026,-2.885226839860612,False,False,0,0.0
1789812490752,1003,2395,512.7392857323633,1185.1156793423252,547.3778263533807,1147.057660712327,1,0,sidebar,0.5475918948169574,94,6,3.6,-3.987423848604392e-05,29.874999221763055,30.010287478966077,11.072299967054278,0.45200000749900937,30.53720004390925,1.9788999925367534,32.98080002423376,0,True,on_screen,0.6577763963274916,-5.765043174996151,-2.953086110811397,False,False,0,0.0
1789812490785,1004,2396,481.52206922308244,1248.9136966069125,501.27879636217193,1218.356885838537,2,0,terminal,0.5010134148711565,0,8,3.8,-1.5449926361665173e-05,29.885982063434813,30.00990548482358,11.3878000411205,0.6021999870426953,30.91519995359704,2.4352000327780843,33.969499985687435,0,True,on_screen,0.6577763963274916,-5.736993303934554,-3.0137804256958467,False,False,0,0.0
1789812490820,1005,2397,484.25756394199954,1262.7847235589395,494.0711645993637,1237.1698299545553,2,0,terminal,0.5350026648241295,34,8,3.8,-4.927841912678518e-06,29.80343978951984,30.005956019615994,14.546699996571988,0.5534000229090452,41.110699996352196,1.7212999518960714,43.39820001041517,0,True,on_screen,0.6577763963274916,-5.725963489232981,-2.9410137670173597,False,False,0,0.0
1789812490864,1006,2398,475.2648356648003,1276.5248981119494,486.74271515853354,1252.5057112015236,2,0,terminal,0.5625987281164374,78,8,3.8,2.1371667774088693e-06,29.11236827884822,30.004928437712483,23.840099980589002,0.5571999936364591,33.056700020097196,2.1544000483117998,35.78089998336509,0,True,on_screen,0.6577763963274916,-5.64002030562915,-3.0290471164248216,False,False,0,0.0
1789812490900,1007,2399,449.8579798139145,1296.7921323810351,467.95960457812737,1275.058041818871,2,0,terminal,0.6020344509218849,115,8,3.8,4.803152780721506e-06,28.973964344426,30.004001896286393,30.42029996868223,0.4713000380434096,32.69340004771948,2.3356000310741365,35.514899995177984,0,True,on_screen,0.6577763963274916,-5.604088390461868,-3.1766682092066385,False,False,0,0.0
1789812490935,1008,2400,420.83152653775574,1312.251557959461,442.9946662392942,1294.7603907298285,2,0,terminal,0.6315641425071417,149,8,3.8,-3.045776471701303e-06,28.86295252099553,30.00496781544246,34.87699996912852,0.5678000161424279,28.02909997990355,1.7672000103630126,30.37870000116527,0,True,on_screen,0.6577763963274916,-5.6270846970613775,-3.3768853884827084,False,False,0,0.0
1789812490966,1009,2401,410.8548941949471,1283.3839943786606,433.0812456172447,1291.251373863229,2,0,terminal,0.6220110444461933,180,8,3.8,-1.0803546774521694e-05,29.23810822334798,30.005701233138883,17.708899977151304,0.43559999903663993,28.877700038719922,1.7630999791435897,31.08859999338165,0,True,on_screen,0.6577763963274916,-5.627247240791462,-3.500804374562461,False,False,0,0.0
1789812490998,1010,2402,385.3920461207644,1282.1969550148506,412.4950377327134,1287.3428127916577,2,0,terminal,0.6058321586588529,212,8,3.8,-1.5865780793636666e-05,29.49528274046223,30.00535013000596,16.69469999615103,0.47480000648647547,31.64840000681579,1.77800003439188,33.915899985004216,0,True,on_screen,0.6577763963274916,-5.728119699054474,-3.3953919292255472,False,False,0,0.0
1789812491032,1011,2403,369.49649402851827,1265.8729366937516,394.1098704574572,1278.1627980880314,2,0,terminal,0.5797388804953394,246,8,3.8,-1.9913782657253118e-05,29.46700628084517,30.006059089575427,18.33330001682043,0.491199956741184,28.686500038020313,1.9259999971836805,31.11829998670146,0,True,on_screen,0.6577763963274916,-5.861791275258582,-3.6694575630653987,False,False,0,0.0
1789812491063,1012,2404,363.88315999387225,1271.9316146420247,385.6196608714991,1276.412556245179,2,0,terminal,0.5712464956708945,277,8,3.8,-2.029777884369685e-05,29.6993797161853,30.006330924094915,18.136100028641522,0.46120001934468746,30.038799974136055,1.749299990478903,32.26319997338578,0,True,on_screen,0.6577763963274916,-5.956298175171582,-3.833119348090383,False,False,0,0.0
1789812491096,1013,2405,393.0992257979315,1257.3973832164606,387.0552233871256,1272.762949630801,2,0,terminal,0.566265640187747,310,8,3.8,-2.8066066096784498e-05,29.800543904024227,30.005206763879958,18.050799961201847,0.4572000470943749,33.29729998949915,2.263000002130866,36.03230003500357,0,True,on_screen,0.6577763963274916,-6.084283569510177,-3.920261211288326,False,False,0,0.0
1789812491132,1014,2406,437.5315060883048,1265.8671395085064,409.8795453487911,1269.6448081592998,2,0,terminal,0.5746030987161472,346,8,3.8,-4.471521002044794e-05,29.555607056041968,30.005106203412886,23.12469994649291,0.6514000124298036,30.71389999240637,1.6781999729573727,33.06700004031882,0,True,on_screen,0.6577763963274916,-6.385787037492179,-4.177208722721517,False,False,0,0.0
1789812491166,1015,2407,485.8539955010283,1287.5364063084926,461.79978612491004,1281.8717618511562,2,0,terminal,0.6133017897446871,380,8,3.8,-6.394981539178425e-05,29.592965100231527,30.005465829558634,24.007600033655763,0.48670003889128566,29.726399981882423,1.7920999671332538,32.02039998723194,0,True,on_screen,0.6577763963274916,-6.760641338085605,-4.504548990804327,False,False,0,0.0
1789812491198,1016,2408,503.2538090690164,1306.318092448917,479.5474493968035,1292.3379413162334,2,0,terminal,0.6331302255641709,412,8,3.8,-7.454659779799165e-05,29.728139701964018,30.00546742215075,24.337999988347292,0.4616000223904848,30.80110001610592,1.7520000110380352,33.02780003286898,0,True,on_screen,0.6577763963274916,-6.8980202661739725,-4.758310730260573,False,False,0,0.0
1789812491231,1017,2409,531.5589664578056,1307.0406358116375,504.44322879406013,1299.3755179797545,2,0,terminal,0.6429432013111629,445,8,3.8,-8.908342602308855e-05,29.756895551458413,30.00542433330922,26.083300006575882,0.5710999830625951,30.795700033195317,1.7733999993652105,33.154500008095056,0,True,on_screen,0.6577763963274916,-6.922401436011995,-4.818819507458665,False,False,0,0.0
1789812491265,1018,2410,556.8879041296053,1307.9033332776037,529.1365136903325,1303.3907925780863,2,0,terminal,0.6419745795510889,480,8,3.8,-9.318825550027991e-05,29.723351642885667,30.00488183535728,27.298900007735938,0.4675000091083348,31.18749998975545,2.2217000368982553,33.948900003451854,0,True,on_screen,0.6577763963274916,-6.892053379928626,-4.806316933265781,False,False,0,0.0
1789812491300,1019,2411,595.1512854620344,1298.2338439859186,567.5854746283993,1300.3872327738416,2,0,terminal,0.6148979406089714,514,8,3.8,-9.476479890132596e-05,29.635346206521042,30.0043334617073,30.73599998606369,0.6410999922081828,31.606299977283925,1.8054000101983547,34.07280001556501,0,True,on_screen,0.6577763963274916,-6.757936443195405,-4.711373558940468,False,False,0,0.0
1789812491334,1020,2412,646.4615417196037,1278.7389312783155,622.7987215922424,1285.2334217269733,2,0,terminal,0.5443647407338565,549,8,3.8,-9.21488553118268e-05,29.58036097280834,30.00459343841855,31.152600015047938,0.47749996883794665,29.936500010080636,1.8952999962493777,32.32309996383265,0,True,on_screen,0.6577763963274916,-6.5557131987667105,-4.675379688162689,False,False,0,0.0
1789812491367,1021,2413,687.9558499818785,1257.0408529717502,663.4040955829195,1267.6640501730576,2,0,terminal,0.47706456161668087,582,8,3.8,-7.844353832453001e-05,29.66647417660181,30.0046765035272,18.261899997014552,0.5193999968469143,30.216899991501123,1.8266999977640808,32.57860004669055,0,True,on_screen,0.6577763963274916,-6.396513222060889,-4.44783339592896,False,False,0,0.0
1789812491400,1022,2414,693.708257527666,1248.5056951653123,673.2058487857265,1261.4673611539033,2,0,terminal,0.4576996797640507,615,8,3.8,-7.439309585318375e-05,29.73167327083619,30.00494697711363,19.047000037971884,0.5162000306881964,29.85299995634705,1.8114999984391034,32.19810000155121,0,True,on_screen,0.6577763963274916,-6.293638750129304,-4.341751802997242,False,False,0,0.0
1789812491433,1023,2415,704.9584504386547,1234.7609753090417,685.0030937570391,1251.5449686660686,2,0,terminal,0.4309365211487899,648,8,3.8,-7.956907801039831e-05,29.822494278992387,30.005210337729046,20.277899981010705,0.679899996612221,29.66479997849092,1.820000004954636,32.18209999613464,0,True,on_screen,0.6577763963274916,-6.204582454236146,-4.26589132230081,False,False,0,0.0
1789812491465,1024,2416,710.566731282464,1225.109698719427,693.4725104519046,1242.7867738905134,2,0,terminal,0.40947674337277007,679,8,3.8,-8.088249563547624e-05,29.920665391801407,30.00532105946704,20.627599966246635,0.46909996308386326,30.485900002531707,1.7814000020734966,32.74910000618547,0,True,on_screen,0.6577763963274916,-6.251397815313169,-4.260006694633681,False,False,0,0.0
1789812491498,1025,2417,850.6861698158799,1204.3017728027462,803.5220720066873,1215.8472731290765,2,0,terminal,0.2392893310878571,712,8,3.8,-0.00010696751610834998,29.953814020047087,30.005940766781453,20.787899964489043,0.47560001257807016,29.014699975959957,1.8523000180721283,31.35689999908209,0,True,on_screen,0.6577763963274916,-6.654972617739446,-4.364484082769282,False,False,0,0.0
1789812491530,1026,2418,1474.6178014364389,1103.4931377989828,1273.2890826075131,1137.1993783980108,1,1,main_file,0.4878015028025183,0,15,4.0,-0.00016894401076584901,30.115347051077382,30.004903451199745,20.414699974935502,0.4798000445589423,33.45769998850301,1.8431000062264502,35.79420002643019,0,True,on_screen,0.6577763963274916,-6.689046863998243,-4.433745211605629,False,False,0,0.0
1789812491566,1027,2419,1864.8280647714928,1044.7845104424594,1687.3663701222988,1072.5089708291248,1,1,main_file,0.46721275006303,36,15,4.0,-0.00022329980209333418,29.877060484815814,30.00364650931427,24.10989999771118,1.3617999502457678,32.69630001159385,2.367899985983968,36.442300013732165,0,True,on_screen,0.6577763963274916,-4.652887642747345,-4.290746769261303,False,False,0,0.0
1789812491603,1028,2420,2073.940073987327,978.9231813089707,1957.9679628278186,1006.9989181650169,1,2,second_file,0.19652539360711307,0,6,4.2,-0.0002752874600641837,29.600417470123315,30.00365107627096,29.53130000969395,0.6695999763906002,30.170399986673146,2.016599988564849,32.873200019821525,0,True,on_screen,0.6577763963274916,-3.721431887371949,-3.9351147407846767,False,False,0,0.0
1789812491636,1029,2421,2171.913933345425,916.21999501019,2107.730142190143,943.4536719566381,1,2,second_file,0.4779820097752202,32,6,4.2,-0.0003083485867344665,29.65021186613841,30.014462114925884,29.887299984693527,0.6739000091329217,34.56870000809431,1.9612000323832035,37.21899999072775,0,True,on_screen,0.6577763963274916,-3.6211170139412445,-3.348002151157403,False,False,0,0.0
1789812491674,1030,2423,2217.436006326654,926.5411984474858,2184.5242470857006,931.6149405002316,1,2,second_file,0.615251332272084,71,6,4.2,-0.0003679691739542461,29.35009495680684,30.014957887413377,2.4717000196687877,0.5819000070914626,29.135999968275428,1.9476000452414155,31.677499995566905,1,True,on_screen,0.6577763963274916,-4.490347849155569,-3.0985147831053657,False,False,0,0.0
1789812491706,1031,2424,2216.720798898794,986.2433265725656,2202.506035743313,962.124918673102,1,2,second_file,0.6342394092695824,103,6,4.2,-0.00042116336814898743,29.542342949612838,30.003338168438525,4.45080001372844,0.4493999877013266,28.40670000296086,2.108899992890656,30.97750002052635,1,True,on_screen,0.6577763963274916,-4.985864626362712,-3.573811184802666,False,False,0,0.0
1789812491750,1032,2425,2234.727789557634,1039.4331636534903,2225.0612634133377,1016.2406901593738,1,2,second_file,0.6289357193191358,147,6,4.2,-0.0005192929633464072,28.87520827008707,30.011453724110986,0.22659997921437025,0.5138000124134123,29.11350002977997,2.4009000044316053,32.04820002429187,1,True,on_screen,0.6577763963274916,-5.184405567175503,-3.439126550669691,False,False,0,0.0
1789812491782,1033,2426,2209.670078140584,1061.30154401151,2218.5386144902345,1035.3370836238228,1,2,second_file,0.6000766278339864,179,6,4.2,-0.0005562727653028194,29.07707262247774,30.011864368875557,1.277900009881705,0.5658000009134412,29.13109998917207,2.181299962103367,31.89330000896007,1,True,on_screen,0.6577763963274916,-5.6941752859681,-3.241399637607383,False,False,0,0.0
1789812491814,1034,2427,2209.648269873344,1045.670136505476,2217.348078545411,1036.720817484037,1,2,second_file,0.5969285124860837,210,6,4.2,-0.0005812007089525759,29.27785153111835,30.011643442292296,1.3880999758839607,0.47470000572502613,30.932000023312867,2.2183999535627663,33.639100030995905,1,True,on_screen,0.6577763963274916,-6.242467623362671,-3.071378381940855,False,False,0,0.0
1789812491848,1035,2428,2229.761634422146,1084.4337684351067,2222.787183349147,1057.6266516620406,1,2,second_file,0.5809970230504098,245,6,4.2,-0.0005566255473858778,29.29604305514546,30.01227613296061,2.2791000083088875,0.4878999898210168,28.894699993543327,1.9114000024273992,31.308299978263676,1,True,on_screen,0.6577763963274916,-5.99576808224063,-2.930105500971856,False,False,0,0.0
1789812491880,1036,2429,2227.7291930994793,1105.1478753317713,2224.888333590105,1077.830826807095,1,2,second_file,0.5590842767399513,277,6,4.2,-0.000459875567600276,29.534203577109682,30.01289843217478,1.9375999690964818,0.4428999964147806,28.776599967386574,2.148800005670637,31.381400011014193,1,True,on_screen,0.6577763963274916,-5.3607991002161555,-2.7641823623347257,False,False,0,0.0
1789812491911,1037,2430,2268.9072928695055,1048.7509780633025,2245.473080898224,1064.2321105278254,1,2,second_file,0.6016154858092033,308,6,4.2,-0.0004305811964478729,29.7376079593205,30.01244294156623,1.8410999909974635,0.5574999959208071,31.802300014533103,1.8779999809339643,34.25230004359037,1,True,on_screen,0.6577763963274916,-5.033490331910514,-2.5736441193443538,False,False,0,0.0
1789812491946,1038,2431,2279.941212543706,1069.3825212162033,2256.3272317697533,1065.8539952077663,1,2,second_file,0.6123415629070957,343,6,4.2,-0.00042719827381373053,29.66069336298201,30.01343957891523,4.647399997338653,0.4401999758556485,27.838899986818433,2.069499983917922,30.360699980519712,1,True,on_screen,0.6577763963274916,-5.655829998687437,-2.5384357159800084,False,False,0,0.0
1789812491976,1039,2432,2294.0155049472387,1093.4459593181004,2272.0073096304504,1077.3335380231706,1,2,second_file,0.6136322974838619,373,6,4.2,-0.00045841329561733396,29.955883529986636,30.013657953758916,2.150599961169064,0.49669999862089753,29.84690002631396,2.069299982395023,32.42630005115643,1,True,on_screen,0.6577763963274916,-6.421269386516116,-2.958586506045565,False,False,0,0.0
1789812492009,1040,2433,2187.828536464312,1129.848276798037,2213.082168414154,1114.0938551655772,1,2,second_file,0.49789937335510426,406,6,4.2,-0.00046300372627141977,30.0176231293167,30.012556790141108,2.521999995224178,0.4596999497152865,33.270000014454126,2.2677999804727733,36.01179999532178,1,True,on_screen,0.6577763963274916,-7.233777319279,-3.2793212530020943,False,False,0,0.0
1789812492045,1041,2434,1459.2382678315118,1286.4612073882465,1685.3914380063043,1234.7510017214456,2,1,terminal,0.3616158699116795,0,9,4.4,-0.0003969372384675599,29.770628632050315,30.012913835773205,8.149300003424287,0.4656999954022467,29.41730001475662,2.168599981814623,32.065399980638176,1,True,on_screen,0.6577763963274916,-7.527057825910532,-3.937417856689277,False,False,0,0.0
1789812492078,1042,2435,1153.9891860272073,1353.5787163934986,1313.4098616209365,1317.9304019918827,2,1,terminal,0.6082371157563882,32,9,4.4,-0.0003745832245713194,29.8847176559629,30.012851784049943,7.92499998351559,0.9902999736368656,29.870400030631572,2.3257999564521015,33.20160001749173,1,True,on_screen,0.6577763963274916,-7.1475423054927205,-3.8565945207637293,False,False,0,0.0
1789812492111,1043,2436,1019.6158560947977,1360.0875115853194,1107.7540577526393,1347.4403787072883,2,1,terminal,0.35411171747881554,65,9,4.4,-0.00029218639020255587,29.87682740211834,30.000692048001564,9.394699998665601,0.8676000288687646,29.72699998645112,1.9401999888941646,32.548399991355836,1,True,on_screen,0.6577763963274916,-5.483657466310461,-4.090779918579106,False,False,0,0.0
1789812492150,1044,2437,1025.5566999489115,1310.8969289023657,1050.21590729003,1321.8599638438425,2,1,terminal,0.24287505955655864,105,9,4.4,-0.0002016745976003466,29.453608880819413,30.01013520307128,0.4540000227279961,0.6670000148005784,31.938400003127754,2.0161999855190516,34.647899970877916,1,True,on_screen,0.6577763963274916,-4.378024431089443,-4.08918148479745,False,False,0,0.0
1789812492185,1045,2438,1005.740974841822,1297.9509134664615,1030.2763398730822,1311.1407542659492,2,1,terminal,0.20296019667342313,139,9,4.4,-0.00017354968974941064,29.369052681311675,30.010209524966253,4.082900006324053,0.4886999959126115,30.370199994649738,1.9409999949857593,32.81340003013611,1,True,on_screen,0.6577763963274916,-4.04645200018544,-4.079465125010487,False,False,0,0.0
1789812492218,1046,2439,1006.605527165906,1276.686913889567,1021.4189539224743,1298.2484651219547,2,1,terminal,0.17909307263314844,172,9,4.4,-0.00015801530586914692,29.44923923926613,30.010914526833055,5.161699955351651,0.5265999934636056,28.62480003386736,1.9150999723933637,31.080900051165372,1,True,on_screen,0.6577763963274916,-3.738194034864108,-4.041122347201142,False,False,0,0.0
1789812492250,1047,2440,1007.7858464523975,1264.0291624337879,1016.8950999350548,1286.8935242728226,2,1,terminal,0.1630562732940979,204,9,4.4,-0.000145073505624883,29.690804598800476,30.011574631983915,4.735899972729385,0.6250999867916107,28.5876999842003,2.003000001423061,31.23080002842471,1,True,on_screen,0.6577763963274916,-3.555965138433521,-3.978832135617695,False,False,0,0.0
1789812492281,1048,2441,997.6180214571438,1247.815080159228,1009.3903159253921,1271.6798453513898,2,1,terminal,0.1389355782988143,235,9,4.4,-0.00012080108011278991,29.88341956341045,30.01060734871806,4.828500037547201,0.549500051420182,32.653799979016185,2.327199967112392,35.54529999382794,1,True,on_screen,0.6577763963274916,-3.418428008616047,-3.8963195802221278,False,False,0,0.0
1789812492317,1049,2442,975.818096219707,1235.2199034112944,994.6056374670377,1255.6234593596319,2,0,terminal,0.0,271,9,4.2,-0.00010382066641389555,29.682277671963963,30.01148026955939,7.941799995023757,0.5350999999791384,28.303699975367635,1.7681000172160566,30.620699981227517,1,True,on_screen,0.6577763963274916,-3.3759422660811254,-3.8308170908939276,False,False,0,0.0
1789812492348,1050,2443,952.5746461524436,1231.6828686983083,976.5229192438276,1245.3236557745659,2,0,terminal,0.014152820257935739,302,9,4.2,-8.735093020755501e-05,29.94200137855471,30.011355257992765,7.324000005610287,0.47450000420212746,30.98800004227087,1.8237000331282616,33.301099960226566,1,True,on_screen,0.6577763963274916,-3.347429429298927,-3.8582258398062605,False,False,0,0.0
1789812492382,1051,2444,951.276921893221,1201.3260985116274,965.1543552259463,1225.5110478816123,2,0,terminal,0.015223662043896247,336,9,4.2,-7.816706286821982e-05,29.924080300300986,30.012158164634556,9.215199970640242,0.519599998369813,28.511599986813962,1.7977000097744167,30.843399988953024,1,True,on_screen,0.6577763963274916,-3.3332126265382556,-3.856316963986537,False,False,0,0.0
1789812492413,1052,2445,943.5687023942206,1181.3966607333582,955.7312200142684,1206.2530787982155,2,0,terminal,0.012235516523130818,368,9,4.2,-6.74796179114881e-05,30.14231619433198,30.01277304848832,7.844800013117492,0.4755000118166208,28.948300052434206,1.9091000431217253,31.346799980383366,1,True,on_screen,0.6577763963274916,-3.295425211010212,-3.8386573324905933,False,False,0,0.0
1789812492445,1053,2446,947.3183290057437,1144.1021894646688,951.0823225736638,1171.908985898253,2,0,terminal,0.0,399,9,4.2,-7.143843886525669e-05,30.282330351481164,30.01283965717374,7.388399972114712,0.5260000471025705,30.246400041505694,1.9941000500693917,32.78200002387166,1,True,on_screen,0.6577763963274916,-3.365149747789559,-3.780091081962423,False,False,0,0.0
1789812492478,1054,2447,951.6186739627918,1141.0973460209434,951.2327648672863,1163.2665662693062,1,0,sidebar,0.04637886471514319,0,7,4.4,-7.963750447178945e-05,30.271061707027883,30.012807193092037,8.51329998113215,0.5502999993041158,30.558700032997876,1.9196999492123723,33.04320003371686,1,True,on_screen,0.6577763963274916,-5.4987301832109665,-4.482783295956586,False,False,0,0.0
1789812492511,1055,2448,912.4688551553868,1184.3802377902532,935.9542095022769,1171.5883893694252,2,0,terminal,0.0072855484096018275,0,10,4.6,-6.605952445142178e-05,30.23831714951606,30.01328940414657,10.162600025068969,0.48429996240884066,29.072500008624047,2.0841999794356525,31.655300001148134,1,True,on_screen,0.6577763963274916,-6.761998377935612,-6.0532773255235695,False,False,0,0.0
1789812492543,1056,2449,823.9948803230266,1306.4116419352292,857.5826790768017,1265.964666165488,2,0,terminal,0.21519339870164922,32,10,4.6,4.351339777171857e-05,30.34192875055618,30.001450592803884,9.957100031897426,0.48940000124275684,28.878299985080957,2.496599976439029,31.879100017249584,1,True,on_screen,0.6577763963274916,-6.007826976815636,-6.938839177443487,False,False,0,0.0
1789812492581,1057,2450,787.1546025020989,1333.0498408865126,808.2830254745097,1312.9242884702053,2,0,terminal,0.3324746479046644,70,10,4.6,0.0001487114628140416,29.9751351867989,30.01154110896295,0.23820000933483243,0.49489998491480947,30.9154000133276,2.1572000114247203,33.58489996753633,1,True,on_screen,0.6577763963274916,-4.918742817038208,-6.952286844503728,False,False,0,0.0
1789812492615,1058,2451,924.1812310316861,1340.6544905815758,889.4117693645331,1332.3354299481646,2,0,terminal,0.2184049789171666,104,10,4.6,0.00013102518527864822,29.929398491336595,30.011296107443382,1.636300003156066,0.5034999921917915,31.21599997393787,1.9611000316217542,33.694599987939,1,True,on_screen,0.6577763963274916,-4.728346454311776,-6.704978282241648,False,False,0,0.0
1789812492649,1059,2452,975.3997681596019,1309.1721313159735,949.6033685210812,1316.1211209056307,2,0,terminal,0.10903626730279559,138,10,4.6,4.0581377190594334e-05,29.87708158587474,30.012216525974047,2.3996999952942133,0.4797999863512814,27.91370003251359,2.0948000019416213,30.502300010994077,1,True,on_screen,0.6577763963274916,-5.233102805360488,-6.9690803420263085,False,False,0,0.0
1789812492679,1060,2453,991.3345199266541,1298.413121303914,966.4756539834711,1308.9616150165084,2,0,terminal,0.07666837968535523,167,10,4.6,-4.544706154404471e-06,30.133861852909707,30.012399193455384,2.1802999544888735,0.49430003855377436,29.740499972831458,2.254099992569536,32.5029999949038,1,True,on_screen,0.6577763963274916,-6.011461154239015,-6.946212533443344,False,False,0,0.0
1789812492712,1061,2454,1005.1980558591558,1289.8955165488924,981.4144382490285,1301.6060709903916,2,0,terminal,0.04734979369027825,200,10,4.6,-6.220343227272655e-05,30.162263748942507,30.01177131352995,2.348800015170127,0.4998999647796154,31.924700015224516,2.2193999611772597,34.658399992622435,1,True,on_screen,0.6577763963274916,-6.540154764784461,-6.851130539150958,False,False,0,0.0
1789812492747,1062,2455,1023.9054363917203,1285.980491332743,998.5722623399005,1295.296476986892,2,0,terminal,0.015062370710611006,236,10,4.6,-0.00011015103946804793,30.005974798207525,30.012673132299977,6.0125000309199095,0.484699965454638,27.844600030221045,2.211200015153736,30.55379999568686,1,True,on_screen,0.6577763963274916,-6.858194693926663,-6.8621550734546615,False,False,0,0.0
1789812492778,1063,2456,1051.7070475949918,1247.1919946553246,1031.9937811901673,1265.0389939593726,2,1,terminal,0.16821164012999468,267,10,4.6,-0.00017212704522032683,30.246091055370425,30.013173254477824,5.063400021754205,0.4901000065729022,28.93249999033287,2.2149999858811498,31.65159997297451,1,True,on_screen,0.6577763963274916,-7.0847034639983235,-6.9018494873723615,False,False,0,0.0
1789812492810,1064,2457,1049.884409216958,1244.7025628054193,1036.4427098451345,1259.9818583929127,2,1,terminal,0.17048215285518598,299,10,4.6,-0.00018634565931403488,30.349463306369042,30.01305338268874,4.660699982196093,0.46959996689110994,30.55359999416396,2.291700046043843,33.327899989672005,1,True,on_screen,0.6577763963274916,-7.37364814877148,-6.825621703627775,False,False,0,0.0
1789812492844,1065,2458,1054.4296330228815,1223.814691059567,1042.9571323322687,1246.8829973012178,2,1,terminal,0.16814502702055478,333,10,4.6,-0.00023237244712906446,30.279931351030584,30.0111023504131,6.104799977038056,0.5635000416077673,34.19350000331178,3.47880000481382,38.251400052104145,1,True,on_screen,0.6577763963274916,-7.468168267245346,-6.4932858577857635,False,False,0,0.0
1789812492883,1066,2459,1036.2140335441093,1211.2467527664573,1040.7521600829791,1235.2300566078345,2,1,terminal,0.15365594817202177,371,10,4.4,-0.0002583595255892541,29.82794324332001,30.009440018318312,13.145499979145825,0.7422000053338706,33.47500000381842,3.056999994441867,37.292600027285516,1,True,on_screen,0.6577763963274916,-7.509342738362761,-5.815782795085545,False,False,0,0.0
1789812492920,1067,2460,1033.2833748020455,1216.8887001651542,1039.3587737169605,1231.8082691229592,2,1,terminal,0.14825544983232986,409,10,4.4,-0.000262218804067774,29.50131840390417,30.009671162235183,19.197899964638054,0.5097000394016504,29.67349998652935,2.13939999230206,32.33560000080615,1,True,on_screen,0.6577763963274916,-7.090936159732394,-5.309139086282049,False,False,0,0.0
1789812492953,1068,2461,1048.019765834604,1199.5053400443176,1041.982218909629,1222.0235974768736,2,1,terminal,0.1423236498117194,442,10,4.4,-0.000258990085758826,29.61663072863804,30.01008458298375,20.33369999844581,0.45330001739785075,29.605899995658547,1.8359999521635473,31.90639999229461,1,True,on_screen,0.6577763963274916,-6.745791448941588,-5.109591863695957,False,False,0,0.0
1789812492985,1069,2462,1078.1090821493033,1186.4381606004263,1058.2454836677812,1206.0040671452002,2,1,terminal,0.14875042412081696,473,10,4.4,-0.00026105462763428323,29.76221749094857,30.010441001614513,4.817100008949637,0.44490001164376736,29.820900002960116,1.7930000321939588,32.07089996431023,1,True,on_screen,0.6577763963274916,-6.470535290896095,-4.8855234085880985,False,False,0,0.0
1789812493017,1070,2463,1096.4057332408138,1146.0990783832567,1082.037034783696,1168.6554486698303,1,1,main_file,0.2093057725527102,0,16,4.6,-0.00025006300377624323,29.878667656477745,30.011015650489902,5.103200033772737,0.43830001959577203,29.234399960841984,1.801299978978932,31.486199994105846,1,True,on_screen,0.6577763963274916,-6.315089043762697,-4.473487419013991,False,False,0,0.0
1789812493049,1071,2464,1084.345610140821,1129.7843204823453,1082.8445262521473,1155.059139463985,1,1,main_file,0.2246478045402528,32,16,4.4,-0.0002294854903989816,30.038919887592307,30.0106797599973,4.462600045371801,0.7424999494105577,31.323600036557764,1.881800009869039,33.96149998297915,1,True,on_screen,0.6577763963274916,-6.103937231072422,-3.9958162416112777,False,False,0,0.0
1789812493083,1072,2465,1078.1891397707907,1131.0175927753376,1081.7900047875726,1149.6133344537498,1,1,main_file,0.22867152271377889,65,16,4.4,-0.00021450215895220566,29.95542659469888,30.010163734200724,5.819900019560009,0.4618000239133835,32.012699986808,1.9669999601319432,34.45430001011118,1,True,on_screen,0.6577763963274916,-5.658041072579607,-3.71062018981659,False,False,0,0.0
1789812493118,1073,2466,1082.0077434646282,1117.7327964053477,1081.8530566037168,1140.3815073351595,1,1,main_file,0.2379709920849833,101,16,4.4,-0.00018643470930009183,29.837333362857905,30.010376510419697,9.454399987589568,0.6265999982133508,29.767900006845593,2.031700045336038,32.440299983136356,1,True,on_screen,0.6577763963274916,-5.065062880966508,-3.646231701867958,False,False,0,0.0
1789812493151,1074,2467,1087.9455088718014,1111.6746456039016,1083.485548901599,1132.689410850769,1,1,main_file,0.24787667242142686,134,16,4.4,-0.00015392941218192457,29.91004959363341,30.01038563627751,9.940800024196506,0.4417999880388379,30.633400019723922,1.9313999800942838,33.01939996890724,1,True,on_screen,0.6577763963274916,-4.665591627016028,-3.3936603212915823,False,False,0,0.0
1789812493184,1075,2468,1078.6524928061754,1108.1781891314506,1082.3703756221294,1127.0337224066761,1,1,main_file,0.25162836083440976,167,16,4.4,-0.00012634838453076322,29.922083709182118,30.010168050243603,10.817900008987635,0.46499999007210135,29.854899970814586,3.3050000201910734,33.63829996669665,1,True,on_screen,0.6577763963274916,-4.312832674974317,-3.750960283193007,False,False,0,0.0
1789812493218,1076,2469,1075.3937974093467,1103.2055951867135,1080.7698146691969,1121.5670926568798,1,1,main_file,0.2543545000375098,200,16,4.4,-9.10470036808008e-05,29.876806992732703,30.010561858825177,13.084900041576475,0.46799995470792055,29.532400018069893,1.9314999808557332,31.94640000583604,1,True,on_screen,0.6577763963274916,-3.9915316941380183,-4.043327220473774,False,False,0,0.0
1789812493250,1077,2470,1320.700497457093,1070.4298295932106,1248.721292620724,1085.7710085123113,1,1,main_file,0.5289319003630893,233,16,4.4,-8.452924328646548e-05,29.98769165867509,30.01073560892947,13.359799981117249,0.4884999943897128,30.08669998962432,1.928500016219914,32.51859999727458,1,True,on_screen,0.6577763963274916,-3.722065042699228,-3.9358892911861516,False,False,0,0.0
1789812493283,1078,2471,2166.4912794466936,852.0491940547405,1891.1602833989027,922.1657383920117,1,2,second_file,0.10019911838346673,0,7,4.6,-0.0001476090583640826,30.03343324110488,30.011466674837784,13.957999995909631,0.4963999963365495,28.514600009657443,1.9614999764598906,30.98759998101741,1,True,on_screen,0.6577763963274916,-3.5995323423570937,-3.352336126021312,False,False,0,0.0
1789812493315,1079,2472,3117.256264541228,611.5628494888778,2749.4274701985305,704.743716159818,1,2,second_file,0.29283898882986215,32,7,4.6,-0.0002933882735844436,30.222805415367596,30.011896300659714,13.140700000803918,0.5116999964229763,29.380699968896806,1.9007999799214303,31.80699999211356,1,True,on_screen,0.6577763963274916,-3.5930890983802897,-3.119426696375048,False,False,0,0.0
1789812493347,1080,2473,3168.0000000000005,503.23399257615887,3042.4282410595597,563.6869096512567,-1,-1,off_screen,0.0,0,8,4.8,-0.0004670998799292652,30.3099582724901,30.000308482750434,13.140199996996671,0.48019998939707875,28.96979998331517,2.009799994993955,31.47489996626973,1,True,gaze_outside_screen,0.6577763963274916,-3.578058945813666,-2.784605272180796,False,False,0,0.0
1789812493383,1081,2474,3168.0000000000005,538.7210611219729,3130.3284723178685,546.2108156807581,-1,-1,off_screen,0.0,36,8,4.8,-0.0005693194660044438,30.06092089150443,30.01089588318477,0.34509995020926,0.6189999985508621,30.548900016583502,1.8979000160470605,33.09030004311353,1,True,gaze_outside_screen,0.6577763963274916,-3.545991983085912,-2.4677070497593623,False,False,0,0.0
1789812493416,1082,2475,3168.0000000000005,559.930547746672,3143.875490283517,551.1445539233137,-1,-1,off_screen,0.0,69,8,4.6,-0.0005840753922929844,30.051379769300993,30.01155684934297,1.9641999970190227,0.46690000453963876,28.837099962402135,1.9044000073336065,31.222599965985864,1,True,gaze_outside_screen,0.6577763963274916,-3.545760237380108,-1.873391859390206,False,False,0,0.0
1789812493448,1083,2476,3168.0000000000005,577.9923012684319,3151.7282501961517,559.8837538728254,-1,-1,off_screen,0.0,101,8,4.6,-0.0005950647479400061,30.218901082322013,30.011775023621436,1.9659000099636614,0.484099960885942,30.00420000171289,1.922600029502064,32.423999975435436,1,True,gaze_outside_screen,0.6577763963274916,-3.5392333099126745,-1.5599933292708472,False,False,0,0.0
1789812493480,1084,2477,3168.0000000000005,601.9771434633963,3158.278777717638,576.8293135274162,-1,-1,off_screen,0.0,133,8,4.4,-0.0006090211006356348,30.25375016920134,30.0116339772131,2.3805000237189233,0.8484999998472631,30.640500015579164,1.9147000275552273,33.41759997420013,1,True,gaze_outside_screen,0.6577763963274916,-3.538594227763525,-1.254054850161566,False,False,0,0.0
1789812493514,1085,2478,3168.0000000000005,621.1006399834878,3162.208598962981,594.726075293911,-1,-1,off_screen,0.0,167,8,4.4,-0.0006097246234570367,30.195056353091072,30.012621293969215,4.9103000201284885,0.4618999664671719,27.99799997592345,1.8400000408291817,30.312999966554344,1,True,gaze_outside_screen,0.6577763963274916,-3.484383531226456,-1.0062121981610899,False,False,0,0.0
1789812493545,1086,2479,3168.0000000000005,630.7940338037523,3164.1152794963677,606.6005895833067,-1,-1,off_screen,0.0,198,8,4.4,-0.0006145135853430472,30.44494559027825,30.013117269222626,1.888600003439933,0.4399000317789614,29.03179998975247,2.195000008214265,31.680000014603138,1,True,gaze_outside_screen,0.6577763963274916,-3.4334940619752956,-0.8199350748445775,False,False,0,0.0
1789812493577,1087,2480,3168.0000000000005,657.4519370249313,3165.8736707559347,629.6180923341366,-1,-1,off_screen,0.0,230,8,4.4,-0.0006108995238671543,30.52697521138292,30.01322632439353,2.267999981995672,0.49479998415336013,30.499999993480742,1.7039999947883189,32.71400002995506,1,True,gaze_outside_screen,0.6577763963274916,-3.396420305529631,-0.7246670063454097,False,False,0,0.0
1789812493610,1088,2481,3168.0000000000005,716.2130583833833,3167.362101226781,690.2345685686093,-1,-1,off_screen,0.0,263,8,4.4,-0.0005884423501073179,30.50524202193057,30.01315480688549,4.367399960756302,0.4419999895617366,30.79650003928691,1.984999980777502,33.23709999676794,1,True,gaze_outside_screen,0.6577763963274916,-3.315435982281201,-0.8089902400508621,False,False,0,0.0
1789812493643,1089,2482,3031.2222184693937,1039.9440438542758,3072.06418329661,935.0312012685758,-1,-1,off_screen,0.0,296,8,4.2,-0.0005327683688420761,30.432813919775178,30.006669517060296,6.109100009780377,0.7480999920517206,46.93469998892397,3.1588999554514885,50.858400005381554,1,True,gaze_outside_screen,0.6577763963274916,-3.3553773652041627,-0.9085784136454932,False,False,0,0.0
1789812493694,1090,2483,1260.140496395413,1531.933703423054,1803.7176024657722,1352.8629527767107,2,1,terminal,0.3068468322147476,0,11,4.4,-0.00046521837500350036,29.339287347553373,30.005300429085654,21.092499955557287,0.6725999992340803,33.94019999541342,2.0417000050656497,36.67250002035871,1,True,on_screen,0.6577763963274916,-3.6326491352849075,-1.9091222383245918,False,False,0,0.0
1789812493731,1091,2484,727.1868281493241,1611.813576703981,1050.1460604442586,1534.1283895258,2,1,terminal,0.30862536926707573,36,11,4.4,-0.0004274235733577481,29.10574773743276,30.005402071173357,29.43220001179725,0.5442000110633671,28.727600001730025,3.4008000511676073,32.68750000279397,1,True,on_screen,0.6577763963274916,-3.7770213684694625,-2.711081520494453,False,False,0,0.0
1789812493765,1092,2485,618.3797221280604,1618.3906457272908,747.9096236229199,1593.1119688668434,2,0,terminal,0.4989231160584412,71,11,4.4,-0.00037651655194630845,29.21844002714356,30.00430572651143,31.46780002862215,0.5552999791689217,33.32400001818314,2.0701000466942787,35.965399991255254,1,True,on_screen,0.6577763963274916,-3.835210417677615,-3.148097691093037,False,False,0,0.0
1789812493801,1093,2486,586.6754524767667,1613.8487479878427,635.0457038206127,1607.627714251543,2,0,terminal,0.6665594968711143,107,11,4.4,-0.000330376400556498,29.05144731946267,30.004716350521527,20.19859995925799,0.5555000388994813,29.42320000147447,1.8659000052139163,31.860000046435744,1,True,on_screen,0.6577763963274916,-3.8633698061958057,-3.512209723761658,False,False,0,0.0
1789812493833,1094,2487,596.4329118484305,1601.084298257197,621.4660882808332,1605.3264801531623,2,0,terminal,0.6884139003624958,138,11,4.4,-0.0002804804661790672,29.25358138818592,30.005282799076344,19.78069997858256,0.515200023073703,29.23629997530952,1.6744000022299588,31.44000004976988,1,True,on_screen,0.6577763963274916,-3.8958551490310356,-3.7876871309672704,False,False,0,0.0
1789812493865,1095,2488,621.5425570911718,1581.8884074587231,621.4827249190041,1600.2272673745888,2,0,terminal,0.6936845227789563,171,11,4.4,-0.00023084352061765977,29.47454943733643,30.006116280876483,19.885200017597526,0.4756999551318586,28.444399998988956,1.7467000288888812,30.680299969390035,1,True,on_screen,0.6577763963274916,-3.9303092310393595,-4.027456828823519,False,False,0,0.0
1789812493896,1096,2489,676.3137698877649,1540.0933981153842,659.8644563971367,1558.1335588931456,2,0,terminal,0.666055180046955,201,11,4.4,-0.00021807089513651255,29.75480633699419,30.00573066075249,18.919699999969453,0.4898000042885542,31.444299966096878,2.1433000219985843,34.0915999840945,1,True,on_screen,0.6577763963274916,-3.9856397705433153,-4.161209574037749,False,False,0,0.0
1789812493930,1097,2490,681.0353195373779,1520.1251080400707,668.0943134058159,1543.3583410113747,2,0,terminal,0.6589863439985496,236,11,4.2,-0.0002137385643258237,29.684942550355952,30.006706637467104,21.036400052253157,0.49269996816292405,28.115199995227158,1.6798999859020114,30.302300001494586,1,True,on_screen,0.6577763963274916,-4.033042762664735,-4.2443891383573495,False,False,0,0.0
1789812493961,1098,2491,673.9313003381257,1480.8566639834182,671.3225716465518,1508.7905826344568,2,0,terminal,0.66164088046595,266,11,4.0,-0.00020808938593467642,29.982191629328593,30.007512209697893,19.995299982838333,0.4553999751806259,28.60250003868714,1.705800008494407,30.777700012549758,1,True,on_screen,0.6577763963274916,-4.0482686574696345,-4.382191957712439,False,False,0,0.0
1789812493992,1099,2492,698.9940850691729,1453.7334697003269,686.3545016966548,1478.8820388643173,2,0,terminal,0.633537047341692,298,11,4.0,-0.00020068275458242323,30.2026459206107,30.008386639909208,19.277700048405677,0.4972000024281442,28.059399977792054,2.0436999620869756,30.61309998156503,1,True,on_screen,0.6577763963274916,-4.052190356937615,-4.418517602627804,False,False,0,0.0
1789812494023,1100,2493,710.4862922622486,1437.0478973693782,696.7209831493979,1460.9110204800859,2,0,terminal,0.6109491171558776,328,11,3.8,-0.0001995150946853732,30.417433770542477,30.006381698081235,17.90969999274239,0.5933999782428145,36.3198000122793,1.6513000009581447,38.57909998623654,1,True,on_screen,0.6577763963274916,-4.083183414531618,-4.4360813249295,False,False,0,0.0
1789812494062,1101,2494,706.2201280706373,1424.081963373403,699.9702402435635,1448.3133523670595,2,0,terminal,0.6008028651336981,368,11,3.8,-0.00019014411809977622,29.949057079745188,30.006853854070133,23.43169995583594,0.46740000834688544,29.480400029569864,1.7438000068068504,31.73730004345998,1,True,on_screen,0.6577763963274916,-4.1005741646096965,-4.482584260449301,False,False,0,0.0
1789812494094,1102,2495,722.1695965000287,1408.430091855571,709.0047991605871,1432.0819057101726,2,0,terminal,0.5780075736484439,400,11,3.8,-0.00018370737844277014,30.070639460586758,30.007521861435865,24.360099982004613,0.4684000159613788,28.998600027989596,1.642799994442612,31.12389997113496,1,True,on_screen,0.6577763963274916,-4.145105750635736,-4.493601338470924,False,False,0,0.0
1789812494125,1103,2496,713.3864190401611,1404.7310710626462,710.1173283111083,1425.1373049294637,2,0,terminal,0.5724879341042235,430,11,3.8,-0.00018108006784163,30.234293303063225,30.007763141721526,23.802199983038008,0.4488999838940799,29.887700045946985,1.8905000179074705,32.24129998125136,1,True,on_screen,0.6577763963274916,-4.1553661192163815,-4.63748950117004,False,False,0,0.0
1789812494158,1104,2497,714.9966409017384,1406.671223635907,710.9983245515202,1421.8031163747055,2,0,terminal,0.569155162628262,463,11,3.6,-0.00017172292288067555,30.283164419618718,30.008590133131708,24.54740001121536,0.45950000640004873,28.44959998037666,1.8004000303335488,30.722900002729148,1,True,on_screen,0.6577763963274916,-4.218591452765196,-4.713063420508953,False,False,0,0.0
1789812494189,1105,2498,713.6357475658882,1411.1278465146675,711.3148153132444,1420.522083991501,2,0,terminal,0.5678954221994117,494,11,3.6,-0.00016598709165482027,30.48046713203542,30.009360218466533,8.945700014010072,0.44440000783652067,28.65709998877719,1.7946999869309366,30.9078999562189,1,True,on_screen,0.6577763963274916,-4.229121394693351,-4.698597637772577,False,False,0,0.0
1789812494220,1106,2499,711.1179155069143,1413.5093836470778,711.2911873364848,1419.6805599501704,2,0,terminal,0.5674494761910029,526,11,3.6,-0.0001565896523073821,30.63853512555793,30.00954012884242,7.219199964310974,0.5371000152081251,30.244500027038157,1.7457999638281763,32.54090005066246,1,True,on_screen,0.6577763963274916,-4.244508176566029,-4.628105877478088,False,False,0,0.0
1789812494253,1107,2500,711.5125517041371,1417.150419366265,711.317751060603,1419.376943080102,2,0,terminal,0.5672289038425723,559,11,3.6,-0.0001523672965828924,30.620490574728912,30.00980185404128,7.632200024090707,0.4610999603755772,30.16680001746863,1.6633999766781926,32.30489999987185,1,True,on_screen,0.6577763963274916,-4.289186327746506,-4.535302152158607,False,False,0,0.0
1789812494286,1108,2501,709.042177738414,1414.014594051463,711.0446822619402,1418.7334611966653,2,0,terminal,0.5673085439219938,592,11,3.6,-0.0001462826664434206,30.622289037527665,30.008732289231315,7.104800024535507,0.5245999782346189,33.62220001872629,1.7983999568969011,35.960300010629,1,True,on_screen,0.6577763963274916,-4.336307597787254,-4.393036348080523,False,False,0,0.0
1789812494322,1109,2502,702.0930089355503,1423.1505300986466,709.9704814627735,1419.263509464903,2,0,terminal,0.5694094173833442,628,11,3.4,-0.00012592081876209964,30.303800291490376,30.009482169111546,11.661899974569678,0.609499984420836,28.50910002598539,1.6198999946936965,30.752899998333305,1,True,on_screen,0.6577763963274916,-4.330797703689967,-4.550667308415161,False,False,0,0.0
1789812494353,1110,2503,700.2125345093061,1425.0025784855025,708.7995278283573,1419.952197747375,2,0,terminal,0.5717640830550803,658,11,3.4,-0.00012198857871840475,30.4917622387215,30.010287452241688,12.255299952812493,0.43569999979808927,28.69150001788512,1.6246999730356038,30.765000032261014,1,True,on_screen,0.6577763963274916,-4.335210816009493,-4.479866388969586,False,False,0,0.0
1789812494384,1111,2504,697.8796368870504,1426.5335492203253,707.4193014171557,1420.7840517625107,2,0,terminal,0.5745505970357687,690,11,3.4,-0.00011952751503364369,30.658516443329162,30.01062225076548,10.966200032271445,0.4382999613881111,29.99650000128895,1.6135000041685998,32.06019999925047,1,True,on_screen,0.6577763963274916,-4.330102941138733,-4.443615163693874,False,False,0,0.0
1789812494416,1112,2505,708.2070885603745,1411.4291699285639,707.5138358743419,1419.661465942437,2,0,terminal,0.5737366373537313,721,11,3.4,-0.00012223157827367763,30.683348553237227,30.009158529349094,11.75960002001375,0.42500003473833203,34.42629997152835,2.234599960502237,37.100100016687065,1,True,on_screen,0.6577763963274916,-4.337891982132362,-4.336325550786525,False,False,0,0.0
1789812494454,1113,2506,886.164775290856,1107.3441942370455,832.5694934659018,1201.039375748663,2,0,terminal,0.18334536702370496,759,11,3.4,-0.0001574863888739661,30.28280439151817,30.009142134931764,16.541200049687177,0.6897000130265951,30.524700006935745,1.754899974912405,32.983999990392476,1,True,on_screen,0.6577763963274916,-4.338581558196921,-4.257321155981371,False,False,0,0.0
1789812494487,1114,2507,966.5031186277557,914.8291616717129,926.3230310791996,1000.692225894798,1,0,sidebar,0.19168033057733158,0,8,3.6,-0.00016604973021445806,30.255814509096556,30.00905717138784,18.13470001798123,0.5126000032760203,30.90909996535629,1.7512000049464405,33.22499996284023,1,True,on_screen,0.6577763963274916,-4.338840142573332,-4.1464321827888835,False,False,0,0.0
1789812494521,1115,2508,988.067913323549,836.0810565856202,969.5444486502441,885.4644073783736,1,0,sidebar,0.13475871561552966,33,8,3.6,-0.00015752464708156284,30.21260129553861,30.009321476543825,19.835400045849383,0.7121000089682639,29.575399996247143,1.9783999887295067,32.28159999707714,1,True,on_screen,0.6577763963274916,-4.327394330119944,-4.132672922823304,False,False,0,0.0
1789812494553,1116,2509,1007.7412785052704,785.6334874339708,996.2822295487625,815.5827634172917,1,0,sidebar,0.07579097086973252,65,8,3.6,-0.00015268421256519303,30.257762932803068,30.007551561760035,20.36319999024272,0.49700000090524554,35.67890002159402,1.736900012474507,37.92660002363846,1,True,on_screen,0.6577763963274916,-4.313382932320053,-4.148643903177231,False,False,0,0.0
1789812494592,1117,2510,997.762506575517,785.9720129249012,996.6826811025198,807.5723229198147,1,0,sidebar,0.07270568563773305,105,8,3.6,-0.0001562420578983554,29.84778133101265,30.00869470558509,10.723999992478639,0.45849999878555536,27.390599949285388,1.9737000111490488,29.834500048309565,1,True,on_screen,0.6577763963274916,-4.986383432618851,-4.3884863435218415,False,False,0,0.0
1789812494622,1118,2511,966.3063234894306,824.0763868014508,987.1897176569022,812.7300339636497,1,0,sidebar,0.09079911774961702,134,8,3.4,-0.00016580808438469187,30.171993391135793,30.007798073462254,9.484799986239523,0.6658000056631863,32.179499976336956,2.577300008852035,35.439200000837445,1,True,on_screen,0.6577763963274916,-5.732032968433174,-5.276971340897113,False,False,0,0.0
1789812494658,1119,2512,961.4145204190623,832.0575807920455,979.652110743921,818.3821129464175,1,0,sidebar,0.10558378133230717,171,8,3.4,-0.0001623268525022311,29.947037200651728,30.007514058260007,11.833900003693998,0.6155999726615846,30.587200017180294,2.522599999792874,33.74380001332611,1,True,on_screen,0.6577763963274916,-5.091972569301333,-5.5539412718006345,False,False,0,0.0
1789812494692,1120,2513,973.9927555901122,830.7476286817921,978.8958002185436,820.0346280206993,1,0,sidebar,0.1073691198271789,204,8,3.4,-0.0001475475975026095,29.885031002076726,30.007930007311092,15.311400056816638,0.5862000398337841,29.114199976902455,2.0924999844282866,31.807799998205155,1,True,on_screen,0.6577763963274916,-4.712698641894718,-5.640958081073263,False,False,0,0.0
1789812494724,1121,2514,926.2119986778688,880.238532782595,942.0171391400713,862.1773613540263,1,0,sidebar,0.1810408450083154,236,8,3.4,-0.000146423844671938,30.001144158041125,30.007891061177332,15.68870001938194,0.5791999865323305,30.139799986500293,2.2964999661780894,33.03109999978915,1,True,on_screen,0.6577763963274916,-4.8831588911644985,-5.642840572762782,False,False,0,0.0
1789812494757,1122,2515,878.5048660361235,946.2559606589582,897.558547967308,921.0323808674787,1,0,sidebar,0.2613794996580806,269,8,3.4,-0.00015800671132770207,30.003563881821332,30.008119748767598,15.700399992056191,0.5213000113144517,29.89559998968616,1.9822000176645815,32.41129999514669,1,True,on_screen,0.6577763963274916,-5.8771162546728135,-5.296318421397573,False,False,0,0.0
1789812494790,1123,2516,828.8831821847192,1014.5944616492421,849.4857919194958,986.5258374147131,1,0,sidebar,0.329583413999222,302,8,3.4,-0.00016473850425128937,30.060413941007834,30.00780889743144,16.764800006058067,0.521400012075901,30.453299987129867,2.9066000133752823,33.89620000962168,1,True,on_screen,0.6577763963274916,-7.0042365964851285,-5.472366917614273,False,False,0,0.0
1789812494824,1124,2517,800.1225179642504,1066.549789509256,814.9315001508239,1042.5426038808932,1,0,sidebar,0.35693097035662247,336,8,3.2,-0.0001677615133811438,29.963852796378287,30.00700502688438,18.409600015729666,0.7353999535553157,32.24410000257194,2.1013999939896166,35.0975000183098,1,True,on_screen,0.6577763963274916,-7.632791250807969,-5.590400947222005,False,False,0,0.0
1789812494860,1125,2518,767.845528367179,1116.238743853316,781.9713199022724,1094.1299018615891,1,0,sidebar,0.3657873814177064,372,8,3.0,-0.00017582395888537418,29.78198253402078,30.007026492508732,19.157700007781386,0.5564999883063138,30.302099999971688,1.957800006493926,32.833000004757196,1,True,on_screen,0.6577763963274916,-8.01669028005918,-5.781178671464762,False,False,0,0.0
1789812494893,1126,2519,745.4108177412697,1142.3464880836354,762.4565944454055,1119.8662399033087,1,0,sidebar,0.3676360385352341,405,8,3.0,-0.0001807254592557147,29.82196884122011,30.006944392829432,24.626900034490973,0.45870000030845404,30.690699990373105,2.093799994327128,33.25559996301308,1,True,on_screen,0.6577763963274916,-8.06810189930448,-5.674818706807525,False,False,0,0.0
1789812494927,1127,2520,742.6935528706989,1153.665532366713,755.5078993974087,1131.7500876034946,1,0,sidebar,0.3639700967145618,440,8,3.0,-0.00018151804132405906,29.814572425079678,30.006836321490013,25.065299996640533,0.4925000248476863,30.45449999626726,2.3074999917298555,33.26830000150949,1,True,on_screen,0.6577763963274916,-7.856515381019733,-5.463567831021045,False,False,0,0.0
1789812494960,1128,2521,733.4028166903087,1170.3054497051587,746.7384403185101,1147.045649927451,1,0,sidebar,0.35769962055161586,473,8,3.0,-0.00017860220543607433,29.808969104294114,30.007605916748926,27.75749994907528,0.5363000091165304,28.59370002988726,1.6914000152610242,30.834400036837906,1,True,on_screen,0.6577763963274916,-7.473445912626488,-5.218810443773441,False,False,0,0.0
1789812494991,1129,2522,748.858996258852,1168.1762740101265,747.1599732089643,1151.2460828786486,1,0,sidebar,0.352091992610873,503,8,3.0,-0.0001793819440560323,30.043123774183314,30.00794782442653,10.964200017042458,0.4507999983616173,29.724299965891987,1.9106999970972538,32.09739999147132,1,True,on_screen,0.6577763963274916,-7.153063761946129,-4.964872095311403,False,False,0,0.0
1789812495024,1130,2523,751.9597979849265,1165.5965584305636,747.8641712649805,1153.3514882753575,1,0,sidebar,0.3486348943888825,536,8,2.8,-0.00018765986718324683,30.125516961212732,30.008417265929477,11.263399966992438,0.5275000003166497,29.243200027849525,1.9240999827161431,31.709900009445846,1,True,on_screen,0.6577763963274916,-6.792512678344451,-4.750805000887179,False,False,0,0.0
1789812495056,1131,2524,922.604124777635,1093.6930940549046,870.1821387238385,1111.5906123210405,1,0,sidebar,0.21584693341166306,569,8,2.8,-0.00022160685949028543,30.225098536724865,30.008350105675028,11.188099975697696,0.617499987129122,30.207899981178343,2.246399992145598,33.08959997957572,1,True,on_screen,0.6577763963274916,-6.513411709527446,-4.4039044255686886,False,False,0,0.0
1789812495089,1132,2525,1033.848331803914,1022.253459644311,984.7484738798914,1049.0546054473298,1,0,sidebar,0.07021088719769297,601,8,2.8,-0.00023056005394523314,30.190347831741423,30.005761747726726,11.35210000211373,0.6792000494897366,37.667600030545145,1.8418999970890582,40.20479996688664,1,True,on_screen,0.6577763963274916,-6.23186990504837,-4.171450935826532,False,False,0,0.0
1789812495130,1133,2526,1117.2288239393874,944.1054523613583,1077.4847189215386,975.5901982871496,1,1,main_file,0.3457828937299562,0,17,3.0,-0.000234236370668146,29.640357407630972,30.006227758735143,20.682499976828694,0.4412999842315912,29.422399995382875,1.8460999708622694,31.722400046419352,1,True,on_screen,0.6577763963274916,-5.8096196175159776,-3.9275243150392996,False,False,0,0.0
1789812495162,1134,2527,1142.0621273197332,903.5769442292033,1122.688904800275,925.1809204465872,1,1,main_file,0.4376558063157677,31,17,2.8,-0.0002163295923484406,29.79708912152627,30.006838947927868,20.928900048602372,0.48809999134391546,28.963599994312972,1.8241999787278473,31.289299950003624,1,True,on_screen,0.6577763963274916,-5.183666527571148,-4.214772749910939,False,False,0,0.0
1789812495194,1135,2528,1145.8628090890757,891.107202855239,1131.2428971525983,912.6035698172211,1,1,main_file,0.4540759402076989,63,17,2.8,-0.0001899442477444977,29.98290887130641,30.00625044791326,20.672600017860532,0.4729999927803874,31.510500004515052,2.680499979760498,34.677800023928285,1,True,on_screen,0.6577763963274916,-4.668953879772914,-4.3849909812910495,False,False,0,0.0
1789812495229,1136,2529,1154.0984836924968,884.4408331517071,1138.716888175195,903.3940909599467,1,1,main_file,0.4677004596680686,98,17,2.6,-0.00017547159839018805,29.834887621570697,30.004081978279203,23.51919998181984,0.5273999995552003,35.6000000028871,2.8712000348605216,39.01350003434345,1,True,on_screen,0.6577763963274916,-4.208459236493127,-4.393485201605039,False,False,0,0.0
1789812495268,1137,2530,1162.9321737525402,870.721188573992,1147.543904004615,891.4840837195725,1,1,main_file,0.4831096022799686,137,17,2.6,-0.00016921546685521802,29.390945956003527,30.014948191021283,30.284699983894825,0.5768000264652073,33.26080000260845,1.891799969598651,35.742900043260306,1,True,on_screen,0.6577763963274916,-4.039786780638309,-4.296467112520204,False,False,0,0.0
1789812495304,1138,2532,1172.946540243994,859.6035990032639,1156.8243849639975,879.8370157303478,1,1,main_file,0.4984575138276477,173,17,2.6,-0.00015115094909330315,29.2255225623108,30.01535160220363,1.9468999817036092,0.5884999991394579,29.272600018884987,1.9972000154666603,31.87210002215579,2,True,on_screen,0.6577763963274916,-3.9313502575480754,-4.334044478967408,False,False,0,0.0
1789812495336,1139,2533,1196.5525320553716,845.7022093524708,1175.2743403197767,863.984636501548,1,1,main_file,0.5280106207782062,205,17,2.6,-0.00013578820157946793,29.411843029801155,30.003578231721523,1.8300999654456973,0.4805999924428761,30.38900002138689,1.9368999637663364,32.82050002599135,2,True,on_screen,0.6577763963274916,-3.8806473422542638,-4.525146690986288,False,False,0,0.0
1789812495381,1140,2534,1225.5832630334799,835.4770459522425,1200.9749480027067,849.4213669824863,1,1,main_file,0.5683727998019849,250,17,2.6,-0.00012461106674814017,28.683767857558834,30.011289998691648,0.37460000021383166,0.5350999999791384,29.55949999159202,2.466499980073422,32.58390002883971,2,True,on_screen,0.6577763963274916,-3.8821629842381924,-4.705259814846624,False,False,0,0.0
1789812495414,1141,2535,1251.4580519755527,848.4922079987632,1223.6070872296739,849.0048146346965,1,1,main_file,0.6072345811509664,283,17,2.6,-0.00011625530267091351,28.846520775176387,30.011057761208924,1.4719999744556844,0.4455000162124634,31.268200022168458,1.8405999871902168,33.56700000585988,2,True,on_screen,0.6577763963274916,-3.885792293500458,-4.712629955619035,False,False,0,0.0
1789812495448,1142,2536,1237.6277742279376,859.3178574450812,1225.9359593870151,850.7178375601457,1,1,main_file,0.6119282237101431,317,17,2.6,-0.00010125467809240889,28.91531936042354,30.0104977596661,3.971499972976744,0.4754000110551715,31.835999980103225,2.281600027345121,34.606800007168204,2,True,on_screen,0.6577763963274916,-3.879199536628363,-4.725159424237055,False,False,0,0.0
1789812495483,1143,2537,1239.1270362905086,858.5641689859704,1227.8956097206076,851.8834790091787,1,1,main_file,0.6157620510693699,352,17,2.6,-9.68987076373131e-05,28.880228409913435,30.011284278375754,5.763300054240972,0.5371000152081251,28.297899989411235,1.8514000112190843,30.703499971423298,2,True,on_screen,0.6577763963274916,-3.8993717533296604,-4.765811479675366,False,False,0,0.0
1789812495514,1144,2538,1239.32926178917,850.5479133349561,1229.2676479688353,851.723211128272,1,1,main_file,0.6180624150759336,383,17,2.6,-9.164939316023794e-05,29.219396592276517,30.011733701364356,5.319499992765486,0.46030001249164343,29.359899985138327,1.9380999729037285,31.770800007507205,2,True,on_screen,0.6577763963274916,-3.909845263083213,-4.801322339135458,False,False,0,0.0
1789812495546,1145,2539,1244.6941285968849,845.3017999159231,1231.7385095574487,850.6946927842737,1,1,main_file,0.6219016398928721,415,17,2.6,-8.537344696572628e-05,29.415373418675063,30.01185462350267,5.312599998433143,0.4813999985344708,30.170400044880807,2.0117000094614923,32.677700044587255,2,True,on_screen,0.6577763963274916,-3.915007765416476,-4.728695825957103,False,False,0,0.0
1789812495579,1146,2540,1265.0974094011365,838.0084043525654,1242.4820640103335,846.6089516114619,1,1,main_file,0.6385287248076897,448,17,2.6,-9.124535917709974e-05,29.49402604472226,30.011855285214526,5.485299974679947,0.570200034417212,30.328999971970916,1.9686000305227935,32.88519999478012,2,True,on_screen,0.6577763963274916,-3.9070722975927197,-4.628474376112257,False,False,0,0.0
1789812495613,1147,2541,1263.3825843736774,830.0036478935258,1247.6096073397282,842.5351576182364,1,1,main_file,0.6452732615345759,482,17,2.6,-8.917381362390751e-05,29.555139170106845,30.009523419567834,7.682399998884648,0.555099977646023,33.43790001235902,5.5605000234209,39.5703999674879,2,True,on_screen,0.6577763963274916,-3.914796064586426,-4.618413084876166,False,False,0,0.0
1789812495653,1148,2542,1268.0800202208006,820.3299637294308,1253.2439852857378,836.4232899455702,1,1,main_file,0.6514708671129917,523,17,2.6,-9.035404286180347e-05,29.096049125405905,30.00869028305539,15.512600017245859,0.6907000206410885,32.212199992500246,2.2667000303044915,35.18829995300621,2,True,on_screen,0.6577763963274916,-3.9047223788405745,-4.518876552959948,False,False,0,0.0
1789812495689,1149,2543,1275.0523585462713,805.2453350032214,1260.7062943547396,825.7549318273487,1,1,main_file,0.6571646322748992,558,17,2.4,-8.476651362072062e-05,28.9701295923983,30.009090418795576,19.69779998762533,0.48320001224055886,28.800499974749982,2.1592999692074955,31.45760000916198,2,True,on_screen,0.6577763963274916,-3.9258697434598275,-4.50785525857623,False,False,0,0.0
1789812495720,1150,2544,1273.6526786286156,806.7106464772706,1263.477639549886,821.6782500617353,1,1,main_file,0.65882610554802,589,17,2.4,-8.027460829316928e-05,29.222266677505182,30.009320222753324,19.314999983180314,0.9290000307373703,28.80679996451363,2.627599984407425,32.377000025007874,2,True,on_screen,0.6577763963274916,-3.9280442767405077,-4.447188393334896,False,False,0,0.0
1789812495753,1151,2545,1277.9097360286319,810.5483153338176,1265.9758063301383,819.7516808176472,1,1,main_file,0.6614444065311675,622,17,2.4,-7.772333571672528e-05,29.35996871269489,30.010348820090616,20.676599990110844,0.5221000174060464,27.632499986793846,1.9436999573372304,30.111500003840774,2,True,on_screen,0.6577763963274916,-3.9207730198427555,-4.385861545554181,False,False,0,0.0
1789812495783,1152,2546,1289.2750399558208,803.734066771923,1272.005823250609,815.6062018172213,1,1,main_file,0.667865655455644,652,17,2.4,-7.946063833153515e-05,29.71086142536557,30.01098964265379,19.233500002883375,0.47690002247691154,28.700999973807484,2.0060999668203294,31.197400006931275,2,True,on_screen,0.6577763963274916,-3.9227374658420615,-4.3256396733535025,False,False,0,0.0
1789812495815,1153,2547,1283.0145502059725,798.4701929267333,1274.1125612795092,812.3268869845851,1,1,main_file,0.6685200539191851,684,17,2.2,-8.172236754478042e-05,29.904542558688732,30.011156423619905,2.1268000127747655,0.8838000358082354,29.631099954713136,1.9190000020898879,32.44859998812899,2,True,on_screen,0.6577763963274916,-3.925855044105191,-4.370773835131503,False,False,0,0.0
1789812495848,1154,2548,1193.8415836779063,813.8333840475112,1217.9228769583872,813.3814349286334,1,1,main_file,0.5788776648014671,717,17,2.2,-8.05248985047257e-05,29.971864998062877,30.011243219553553,1.9326999899931252,0.4472000291571021,30.615099996794015,1.7455999623052776,32.82050002599135,2,True,on_screen,0.6577763963274916,-3.9536315759183083,-4.421702311437019,False,False,0,0.0
1789812495881,1155,2549,1096.7941027560364,848.8231088439827,1133.1327350167417,838.1906066693779,1,1,main_file,0.44698104847712417,750,17,2.2,-6.607308157644161e-05,29.994622202596787,30.01155384801544,3.765700035728514,0.5457999650388956,29.668100003618747,1.9194000051356852,32.148699974641204,2,True,on_screen,0.6577763963274916,-3.9629521399125736,-4.495646848873879,False,False,0,0.0
1789812495913,1156,2550,1030.0111224111859,866.8896085259465,1060.9476061928526,858.279907968976,1,1,main_file,0.32629816113012766,782,17,2.2,-6.050362467894914e-05,30.07101360862454,30.011082465714626,4.749800020363182,0.5200000014156103,31.933399965055287,1.8257999909110367,34.29290000349283,2,True,on_screen,0.6577763963274916,-3.9701726241839026,-4.535932393203717,False,False,0,0.0
1789812495948,1157,2551,989.0745974860363,875.7151100410933,1014.3407450417385,869.5859609189998,1,1,main_file,0.2460863345621287,817,17,2.2,-5.76434330189831e-05,29.953601259467916,30.01216419358229,6.693800038192421,0.47939998330548406,27.546899975277483,1.9023999921046197,29.94320000289008,2,True,on_screen,0.6577763963274916,-3.9625602249122664,-4.536490970127277,False,False,0,0.0
1789812495978,1158,2552,958.4812070821054,878.6002312492643,986.3964571570369,874.095439056135,1,0,sidebar,0.10419827492589961,0,9,2.4,-5.50223394059305e-05,30.262289588764588,30.012275867257486,5.255899974144995,0.49700000090524554,30.34180001122877,1.8279000069014728,32.680700009223074,2,True,on_screen,0.6577763963274916,-3.9725718393691523,-4.544916181797877,False,False,0,0.0
1789812496011,1159,2553,927.7836763995408,886.8885545811096,955.3698200540291,880.8674663798766,1,0,sidebar,0.15950173868038875,32,9,2.4,-5.412683527105354e-05,30.266455486077195,30.012521614162562,6.479900039266795,0.477299967315048,29.127400019206107,2.686199964955449,32.30449999682605,2,True,on_screen,0.6577763963274916,-3.9838092354701473,-4.570479061801741,False,False,0,0.0
1789812496044,1160,2554,901.695115166285,888.8064933022919,929.5822640812464,884.6817044191799,1,0,sidebar,0.20527868569982377,65,9,2.4,-5.188613235689206e-05,30.309111701589647,30.013197678168066,6.514800013974309,0.48940000124275684,28.857700002845377,1.7667000065557659,31.12549998331815,2,True,on_screen,0.6577763963274916,-3.9986668766545677,-4.534807753936282,False,False,0,0.0
1789812496075,1161,2555,891.9213330952272,896.8283104657047,916.2063535224037,888.9957750440439,1,0,sidebar,0.22912513864229356,97,9,2.4,-4.9712201316056207e-05,30.452844021010446,30.01339982054635,6.312399986200035,0.6587000098079443,29.81129998806864,1.8866999889723957,32.37119998084381,2,True,on_screen,0.6577763963274916,-4.027610790155933,-4.403720839901355,False,False,0,0.0
1789812496108,1162,2556,857.783671583794,898.4155236857722,885.6867069518021,893.9165932911683,1,0,sidebar,0.28320767577840833,130,9,2.4,-4.8573880906717035e-05,30.46501844483631,30.014096507191137,6.868399970699102,0.49730000318959355,28.730500023812056,1.7652999958954751,31.005199998617172,2,True,on_screen,0.6577763963274916,-4.045135975579939,-4.415192219779125,False,False,0,0.0
1789812496139,1163,2557,850.8132271217534,897.5367203800757,874.6424260672667,895.0630719506671,1,0,sidebar,0.3027452222716659,161,9,2.4,-4.614281343402228e-05,30.606346736424836,30.01387854416918,6.828900019172579,0.4621999687515199,31.109700037632138,1.9868999952450395,33.572499989531934,2,True,on_screen,0.6577763963274916,-4.039062413096389,-4.416639214685402,False,False,0,0.0
1789812496173,1164,2558,833.7730176091733,885.5238584684702,859.2915243334503,891.4800612268086,1,0,sidebar,0.329750615226002,195,9,2.4,-2.679009359161759e-05,30.49386004013924,30.01136389266439,8.29259998863563,0.48700004117563367,37.82859997591004,1.7840999644249678,40.11470003752038,2,True,on_screen,0.6577763963274916,-4.0618235232161055,-4.431603502403496,False,False,0,0.0
1789812496214,1165,2559,817.2924833651215,890.755069851875,843.5029281284178,891.2075170018204,1,0,sidebar,0.3576249434960145,236,9,2.4,-1.8470324051602857e-05,29.919378502320786,30.011667844794573,1.3431000406853855,0.4613999626599252,29.743999999482185,1.947099983226508,32.16589998919517,2,True,on_screen,0.6577763963274916,-4.056218137827102,-4.414800142858801,False,False,0,0.0
1789812496246,1166,2560,815.5440906800796,897.4704997500995,836.1768893649208,892.8486029187077,1,0,sidebar,0.3706285981897326,268,9,2.4,-1.6294483929008008e-05,30.00398507715185,30.011996255472553,1.1183000169694424,0.49179996130988,29.66469997772947,1.876500027719885,32.04849996836856,2,True,on_screen,0.6577763963274916,-4.040167837031447,-4.402969850754526,False,False,0,0.0
1789812496279,1167,2561,809.9934895558254,903.3888585357457,829.411301968368,895.5721232055693,1,0,sidebar,0.38265837111491985,301,9,2.4,-4.4369592891654874e-06,30.09554130404811,30.012277059633753,1.9311999785713851,0.4721999866887927,29.928200005088,1.8144999630749226,32.22769999410957,2,True,on_screen,0.6577763963274916,-4.045207967511828,-4.3871207106304295,False,False,0,0.0
1789812496311,1168,2562,802.9411905151651,910.7013947296809,822.0606088935111,899.77348939991,1,0,sidebar,0.3956940004042019,333,9,2.4,7.216095834499184e-06,30.159505736434177,30.012438018519646,2.1855999948456883,0.49049995141103864,30.228000017814338,1.8212000140920281,32.55359997274354,2,True,on_screen,0.6577763963274916,-4.066895658601823,-4.382196350814145,False,False,0,0.0
1789812496344,1169,2563,803.5228938347367,914.3402730783114,818.0057000221493,902.9598033645752,1,0,sidebar,0.4028348971510374,366,9,2.4,2.8136505967493383e-05,30.1887983420402,30.012675966078906,2.2830999805592,0.4667000030167401,29.76519998628646,2.111900015734136,32.357699994463474,2,True,on_screen,0.6577763963274916,-4.09080487501609,-4.429836024499924,False,False,0,0.0
1789812496377,1170,2564,803.166701269601,915.0804118474142,815.3187956587478,905.1544875452737,1,0,sidebar,0.407534659789739,399,9,2.4,3.633722557670922e-05,30.21965669096756,30.012866533453003,2.723399957176298,0.5307000246830285,30.01859999494627,1.7803999944590032,32.34450001036748,2,True,on_screen,0.6577763963274916,-4.10882437539351,-4.387351499024159,False,False,0,0.0
1789812496409,1171,2565,800.8077556289309,916.5560782473395,812.7786000517245,907.1503658941,1,0,sidebar,0.411956617308207,430,9,2.4,3.818544916791254e-05,30.261923461588143,30.013173748102506,4.572999954689294,0.49180001951754093,29.53880000859499,2.109499997459352,32.15400001499802,2,True,on_screen,0.6577763963274916,-4.115332579298496,-4.402169635743263,False,False,0,0.0
1789812496442,1172,2566,797.1717617669118,919.5216142932561,809.8521105482281,909.4701393116607,1,0,sidebar,0.41702231716110194,463,9,2.4,3.98731131271788e-05,30.31517459818067,30.013208348824627,4.557200009003282,0.8222000324167311,30.20979999564588,1.8544000340625644,32.90049999486655,2,True,on_screen,0.6577763963274916,-4.117801111283484,-4.394236501715528,False,False,0,0.0
1789812496475,1173,2567,796.8146538279682,921.6192358707757,807.6403479642579,911.5311944526327,1,0,sidebar,0.4208114989171008,496,9,2.4,3.821196613667567e-05,30.294843694663264,30.01382936275912,6.605100003071129,0.4695000243373215,28.89849996427074,1.858100004028529,31.239299976732582,2,True,on_screen,0.6577763963274916,-4.122880836099313,-4.404732995793775,False,False,0,0.0
1789812496507,1174,2568,797.6383361175295,918.2763071614957,806.4346583228383,912.3442821241839,1,0,sidebar,0.42288772749176595,529,9,2.4,5.420589014182471e-05,30.43555441646565,30.013730925580916,5.8099000016227365,0.4780999734066427,30.993300024420023,1.8104000482708216,33.29419996589422,2,True,on_screen,0.6577763963274916,-4.117746051045998,-4.432818134579148,False,False,0,0.0
1789812496540,1175,2569,795.4773006299727,927.7083122103005,804.4776068973848,915.0883923215104,1,0,sidebar,0.426137946948679,562,9,2.2,5.7267109168574956e-05,30.367516420333633,30.013933413870994,7.061799988150597,0.5213000113144517,29.748299974016845,2.1422000136226416,32.42770000360906,2,True,on_screen,0.6577763963274916,-4.106287887541384,-4.409772220232482,False,False,0,0.0
1789812496573,1176,2570,797.2057665023752,929.902358188244,803.3257192512469,917.4349818154038,1,0,sidebar,0.4279624997007949,595,9,2.2,5.5341318486765156e-05,30.3745341832531,30.002250542358855,8.790499996393919,0.8394999895244837,29.967800015583634,2.091200032737106,32.916199997998774,2,True,on_screen,0.6577763963274916,-4.11055588478834,-4.323513820140089,False,False,0,0.0
1789812496613,1177,2571,796.708249986148,933.1410564936365,802.2469673148559,919.9953198832518,1,0,sidebar,0.4296032636562219,634,9,2.0,4.728686904463368e-05,29.87158165680376,30.000374322070627,0.3266999847255647,0.5419999943114817,29.583600000478327,2.0050000166520476,32.15089999139309,2,True,on_screen,0.6577763963274916,-4.114396331621293,-4.29426476816636,False,False,0,0.0
1789812496646,1178,2572,793.1077735781764,933.0341650767425,800.844472245718,921.9962530747355,1,0,sidebar,0.43184539225488905,667,9,2.0,4.998274578263927e-05,29.9035648479183,30.012190758260672,0.22639997769147158,0.4935999750159681,29.72699998645112,1.6902000061236322,31.92699997453019,2,True,on_screen,0.6577763963274916,-4.104024151440427,-4.27682559085672,False,False,0,0.0
1789812496678,1179,2573,791.6099283127301,935.8142908558774,799.3724539679351,924.1988961423885,1,0,sidebar,0.43415914180396165,700,9,2.0,5.686154234555048e-05,29.98654745122075,30.011648927104385,1.2184000224806368,0.6218000198714435,31.873099971562624,1.7456000205129385,34.25709996372461,2,True,on_screen,0.6577763963274916,-4.088693059282406,-4.262467189105284,False,False,0,0.0
1789812496713,1180,2574,792.2452570003848,930.1004927535157,798.517190331829,924.9070877357238,1,0,sidebar,0.43556961541761585,735,9,2.0,5.203542174317573e-05,29.882139811796684,30.011523387688854,4.068700014613569,0.7493000011891127,30.831700016278774,1.7899000085890293,33.38539996184409,2,True,on_screen,0.6577763963274916,-4.092849096362471,-4.267427999839664,False,False,0,0.0
1789812496746,1181,2575,794.6042868458833,925.312842517719,798.0476419135155,924.9557783095632,1,0,sidebar,0.4363898985690279,768,9,2.0,4.678148138899385e-05,29.86125846800364,30.01221833992071,5.155699967872351,0.4917000187560916,28.499000007286668,1.9851999823004007,31.017800036352128,2,True,on_screen,0.6577763963274916,-4.098250403941648,-4.293280902806837,False,False,0,0.0
1789812496778,1182,2576,790.7871443192945,922.9046373480547,797.1763822022089,924.7096413941822,1,0,sidebar,0.43795833264346407,800,9,2.0,4.786129373953764e-05,30.059420072186008,30.013130552464204,5.058599985204637,0.47119997907429934,28.065300022717565,1.7729999963194132,30.323699989821762,2,True,on_screen,0.6577763963274916,-4.09486292125942,-4.276628761773877,False,False,0,0.0
1789812496808,1183,2577,789.4986126692951,919.8067287215362,796.2550498582592,924.1212918734648,1,0,sidebar,0.4396610919337026,830,9,2.0,4.6375944632181046e-05,30.31956271357949,30.014255653766504,2.8402000316418707,0.44510001316666603,27.522899967152625,1.8248999840579927,29.804799996782094,2,True,on_screen,0.6577763963274916,-4.104654609027904,-4.272131931913463,False,False,0,0.0
1789812496839,1184,2578,786.8199636962386,922.2753267762012,795.1228395188167,923.8997760617931,1,0,sidebar,0.44168524464301384,861,9,2.0,4.8618032664218824e-05,30.609490348981822,30.013022730863927,1.8872999935410917,0.532599980942905,33.7569999974221,2.243999973870814,36.548899952322245,2,True,on_screen,0.6577763963274916,-4.100982227908759,-4.314911478649129,False,False,0,0.0
1789812496876,1185,2579,791.4297178645145,923.041721490974,794.6796649203004,923.7968095132948,1,0,sidebar,0.4424796861962028,898,9,2.0,4.903906227673484e-05,30.251200192987312,30.01207137857517,5.72779995854944,0.519599998369813,33.16600003745407,1.8908000201918185,35.59230000246316,2,True,on_screen,0.6577763963274916,-4.136844195954978,-4.273739681931613,False,False,0,0.0
1789812496911,1186,2580,794.5479236622033,923.3216777986275,794.6638559693288,923.7397937075347,1,0,sidebar,0.44251512267320325,933,9,2.0,4.942998126434249e-05,30.009912786800747,30.01276245920057,10.937799990642816,0.4379000165499747,28.668600018136203,1.8901000148616731,31.01000003516674,2,True,on_screen,0.6577763963274916,-4.134116843261609,-4.286426174803207,False,False,0,0.0
1789812496943,1187,2581,797.05565271628,924.9791683427827,794.950871578963,923.8885186637644,1,0,sidebar,0.44198968807408234,965,9,2.0,5.1574622563024114e-05,30.205290429192342,30.011866624660833,10.951300035230815,0.49840001156553626,32.4487000470981,2.6502000400796533,35.6119999778457,2,True,on_screen,0.6577763963274916,-4.1239681192449495,-4.306696229516549,False,False,0,0.0
1789812496979,1188,2582,796.9048440343694,932.3306737125027,795.1853482736117,924.901577269613,1,0,sidebar,0.4414385218848479,1001,9,2.0,5.210331833413115e-05,29.959841170020574,30.007756848328448,13.386100006755441,0.6237000343389809,41.78829997545108,2.2554000024683774,44.68399996403605,2,True,on_screen,0.6577763963274916,-4.1044201108502705,-4.289027356847519,False,False,0,0.0
1789812497024,1189,2583,802.8668167458441,937.7846534134472,796.3036329946343,926.777123236312,1,0,sidebar,0.43919922329216776,1046,9,2.0,5.1947761109736104e-05,29.186518869632845,30.00879807093826,10.752399975899607,0.4710000357590616,27.58460002951324,1.9607999711297452,30.029900022782385,2,True,on_screen,0.6577763963274916,-4.098183631775129,-4.324811312951505,False,False,0,0.0
1789812497054,1190,2584,807.6898813674125,940.0466910514642,798.2026829683086,928.9902817398875,1,0,sidebar,0.43551481840891726,1075,9,1.8,4.997121943957697e-05,29.56343312510415,30.009650639284235,9.488700015936047,0.4792999825440347,28.284600004553795,1.7847999697551131,30.56230000220239,2,True,on_screen,0.6577763963274916,-4.104008691683902,-4.303711491600605,False,False,0,0.0
1789812497085,1191,2585,804.9933229371584,939.0094982697304,799.0235611504222,930.2014424388713,1,0,sidebar,0.43387291691483754,1107,9,1.8,4.5627780019203215e-05,29.845305945586254,30.00936811008384,8.408699999563396,0.5082999705336988,31.132200034335256,2.160599979106337,33.81489997263998,2,True,on_screen,0.6577763963274916,-4.108345625367178,-4.268817279281246,False,False,0,0.0
1789812497119,1192,2586,816.8651511216302,935.1410124005807,802.1556500190138,931.0685833224846,1,0,sidebar,0.42821893865529015,1141,9,1.8,4.01757435477771e-05,29.79339547254469,30.01005105864796,10.548299993388355,0.5984000163152814,28.60989997861907,1.8555999849922955,31.077200022991747,2,True,on_screen,0.6577763963274916,-4.113834947367508,-4.247649606154048,False,False,0,0.0
1789812497151,1193,2587,820.652575541176,929.5553252694327,805.4100370161082,930.8023375982858,1,0,sidebar,0.42254033602192453,1173,9,1.8,3.593514492369193e-05,29.996833279752508,30.011146810194912,9.827099973335862,0.4653999931178987,27.506500016897917,1.8454999662935734,29.831400024704635,2,True,on_screen,0.6577763963274916,-4.113453931564322,-4.23791490696144,False,False,0,0.0
1789812497181,1194,2588,815.5116003984831,930.03613234665,806.6222246219932,930.7103929680895,1,0,sidebar,0.4204235320609142,1203,9,1.8,3.1177682804514606e-05,30.316409623331694,30.011251889517762,8.109699992928654,0.49429998034611344,30.47050000168383,1.7448000144213438,32.72319998359308,2,True,on_screen,0.6577763963274916,-4.113014682953235,-4.256506080778822,False,False,0,0.0
1789812497214,1195,2589,806.3131678950793,925.8760896618048,806.5851378147635,930.1302765713355,1,0,sidebar,0.4205838160213262,1236,9,1.8,2.9526165719434908e-05,30.27782178650194,30.010509471863365,8.579399960581213,0.4879999905824661,32.24450000561774,2.0195000106468797,34.768200013786554,2,True,on_screen,0.6577763963274916,-4.109597699894806,-4.27153051003088,False,False,0,0.0
1789812497249,1196,2590,801.788161731241,930.4893971970309,806.0095006847408,930.173371046419,1,0,sidebar,0.42158945334858633,1271,9,1.8,3.168096874241362e-05,30.081056226789027,30.01066667818575,11.0765999997966,0.6143000209704041,29.877499968279153,1.8065000185742974,32.314700016286224,2,True,on_screen,0.6577763963274916,-4.112114523427351,-4.2942148185364495,False,False,0,0.0
1789812497282,1197,2591,799.264121623384,939.9612677974217,805.2000551973781,931.3479186565393,1,0,sidebar,0.4228179656075115,1304,9,1.8,3.265220834829628e-05,30.138930487481147,30.011492386937974,13.148099998943508,0.4681000136770308,28.277400007937104,1.8829000182449818,30.64409998478368,2,True,on_screen,0.6577763963274916,-4.114332472872235,-4.231376635799995,False,False,0,0.0
1789812497313,1198,2592,798.3745417978981,944.2144509195108,804.2316732818109,933.1733809229341,1,0,sidebar,0.4242015499680102,1335,9,1.8,2.7281863267223858e-05,30.355940379790898,30.012469411357262,12.380100029986352,0.4854000289924443,27.835600019898266,1.8660000059753656,30.200599983800203,2,True,on_screen,0.6577763963274916,-4.110920244137418,-4.2195083390642925,False,False,0,0.0
1789812497344,1199,2593,795.3181015248418,940.192823937689,803.1620446709746,934.0157140847048,1,0,sidebar,0.4259275083059809,1366,9,1.8,2.329011916087781e-05,30.591869696272305,30.013028442769063,10.772500012535602,0.5124000017531216,28.85740000056103,1.957800006493926,31.34360001422465,2,True,on_screen,0.6577763963274916,-4.089277353193438,-4.252272917693263,False,False,0,0.0
1789812497375,1200,2594,767.4803488877944,941.7995289608158,791.4174760532576,936.5777433244469,1,0,sidebar,0.4460482008226999,1397,9,1.8,2.331845777880058e-05,30.693199028177865,30.001915022015215,10.401799983810633,0.4684000159613788,29.18459998909384,2.0520000252872705,31.718500016722828,2,True,on_screen,0.6577763963274916,-4.090300332731829,-4.265071084348706,False,False,0,0.0
1789812497413,1201,2595,714.9757621377311,948.7841477087561,739.5968633293245,944.8525885882516,1,0,sidebar,0.5345847230648167,1435,9,1.8,2.270668861076991e-05,30.24231078965944,30.011779241854853,0.26050000451505184,0.5324000376276672,29.22919997945428,1.9694999791681767,31.749900022987276,2,True,on_screen,0.6577763963274916,-4.0804662621346495,-4.306731490374116,False,False,0,0.0
1789812497445,1202,2596,704.7301477474042,944.7798546440259,728.6124434905705,944.829674466099,1,0,sidebar,0.5537021242295062,1467,9,1.8,2.2153231433310466e-05,30.341264356520934,30.011098802342048,1.0551000013947487,0.49459998263046145,32.36289997585118,2.1422000136226416,35.014099965337664,2,True,on_screen,0.6577763963274916,-4.085346971053042,-4.314899788356615,False,False,0,0.0
1789812497481,1203,2597,700.7284916646901,943.177773385762,721.4770028916337,944.4069566925327,1,0,sidebar,0.5662378931729581,1503,9,1.6,1.9707731065240347e-05,30.137561579700353,30.01074086496714,2.2413000115193427,0.4955999902449548,31.532699998933822,1.9956000032834709,34.03709997655824,2,True,on_screen,0.6577763963274916,-4.076711850283658,-4.249242689587532,False,False,0,0.0
1789812497515,1204,2598,691.1543351020006,938.2183144691649,712.9377395210676,942.6641533805625,1,0,sidebar,0.5816318617338225,1537,9,1.4,1.7539436826259636e-05,30.02629343430864,30.007775477625195,5.849900015164167,0.7531999726779759,38.50369999418035,2.1914999815635383,41.463300003670156,2,True,on_screen,0.6577763963274916,-4.076890816048035,-4.282257100160321,False,False,0,0.0
1789812497557,1205,2599,693.0957197571042,928.2975904791512,708.4416924100326,939.4088021412847,1,0,sidebar,0.590459208939627,1578,9,1.4,1.2190718648290647e-05,29.41989529763415,30.008353483074377,15.668600040953606,0.42310002027079463,29.078899999149144,1.8724999972619116,31.386899994686246,2,True,on_screen,0.6577763963274916,-4.07676311305741,-4.351191504617394,False,False,0,0.0
1789812497589,1206,2600,693.7732234953228,918.1443226757821,704.9507867328622,934.3481313569088,1,0,sidebar,0.597981642693705,1611,9,1.4,1.253374328058672e-05,29.626659179091295,30.00889443556758,16.535600007046014,0.4825000069104135,29.123099986463785,1.7689999658614397,31.39100002590567,2,True,on_screen,0.6577763963274916,-4.078692190269237,-4.364462040382333,False,False,0,0.0
1789812497620,1207,2601,692.3062964390169,915.3804282206779,702.2691003044295,930.3253964821206,1,0,sidebar,0.6036874766382714,1641,9,1.4,1.236811024401055e-05,29.823011943428092,30.009616455882043,15.38799999980256,0.4591000033542514,28.63640000578016,1.8628999823704362,30.972199980169535,2,True,on_screen,0.6577763963274916,-4.075727867240232,-4.380359289996063,False,False,0,0.0
1789812497652,1208,2602,693.1008199442404,914.6140531728628,700.6847891551192,927.610421001704,1,0,sidebar,0.6070847794843109,1674,9,1.4,1.2012534054760965e-05,30.024400072278908,30.008240553383576,15.036400000099093,0.6779999821446836,34.2413000180386,1.9243000424467027,36.861500004306436,2,True,on_screen,0.6577763963274916,-4.076065585152435,-4.409141829862418,False,False,0,0.0
1789812497689,1209,2603,691.0203641335326,922.7491868544159,699.5250581525289,927.0270729040294,1,0,sidebar,0.6092449695257648,1710,9,1.4,1.1041371894728383e-05,29.709525236597475,30.005814421639176,20.47119999770075,0.6133000133559108,36.942899983841926,2.419400028884411,39.99389999080449,2,True,on_screen,0.6577763963274916,-4.0599349032343355,-4.434357798081433,False,False,0,0.0
1789812497729,1210,2604,701.9838982808652,922.0967700968839,699.8201189679293,926.4354365671719,1,0,sidebar,0.6088537723042566,1751,9,1.4,1.1605731107302772e-05,29.215592167879258,30.005834597111093,29.02589994482696,0.4920000210404396,30.372300010640174,2.011299948208034,32.890900038182735,2,True,on_screen,0.6577763963274916,-4.078379628079347,-4.42030969005785,False,False,0,0.0
1789812497763,1211,2605,761.6899595622253,928.7657476433546,733.5846309326982,927.7071679221847,1,0,sidebar,0.5493351692926108,1785,9,1.4,1.7177477622341147e-06,29.29597220009061,30.00669460180932,29.014000028837472,0.46359997941181064,27.986300003249198,1.9525999668985605,30.416599998716265,2,True,on_screen,0.6577763963274916,-4.087230043920272,-4.367586272963754,False,False,0,0.0
1789812497794,1212,2606,802.9163046552061,927.5899785626956,775.8080568181363,927.6357988643027,1,0,sidebar,0.47513112077503583,1815,9,1.4,-6.43021889864745e-07,29.587339598235744,30.006636646227815,28.837199963163584,0.48779998905956745,29.75039999000728,2.610200026538223,32.8637000056915,2,True,on_screen,0.6577763963274916,-4.095798619112088,-4.329770052699649,False,False,0,0.0
1789812497827,1213,2607,853.9412595959958,921.2676457123339,829.4298705533864,923.2654171314143,1,0,sidebar,0.3813083302333674,1848,9,1.4,-1.9199183390068014e-06,29.63058994662715,30.006503886706273,14.153100026305765,1.4339000335894525,30.001600040122867,1.8081000307574868,33.26289996039122,2,True,on_screen,0.6577763963274916,-4.088527537407742,-4.309945986078285,False,False,0,0.0
1789812497861,1214,2608,878.4723114622619,919.314357602791,850.8764021057551,921.5375968746014,1,0,sidebar,0.3436824496021892,1883,9,1.4,-5.466655927259534e-06,29.64077473235923,30.007179559887145,15.177200024481863,0.48669998068362474,28.620700002647936,1.876200025435537,30.99790000123903,2,True,on_screen,0.6577763963274916,-4.09339356364319,-4.265811668700058,False,False,0,0.0
1789812497892,1215,2609,890.9715146071504,920.1512891771957,865.3041928663631,921.038749106378,1,0,sidebar,0.31828329074751693,1914,9,1.4,-3.830412013468287e-06,29.86890316928448,30.007997338244614,15.476599975954741,0.48069999320432544,28.30320002976805,1.8291000160388649,30.626799969468266,2,True,on_screen,0.6577763963274916,-4.099423940637564,-4.250395380950382,False,False,0,0.0
1789812497923,1216,2610,913.5258048255099,919.6750235233335,885.9967368676548,920.4535560676894,1,0,sidebar,0.28183090526250487,1945,9,1.4,-5.641817528321755e-06,30.091842638195715,30.007435281630034,14.520199969410896,0.49240002408623695,32.004799984861165,1.9123999518342316,34.42660003202036,2,True,on_screen,0.6577763963274916,-4.098860848386295,-4.2271834302851214,False,False,0,0.0
1789812497958,1217,2611,926.3674967858586,928.6340068409917,900.8929046940063,923.4720121943815,1,0,sidebar,0.2552686669952975,1980,9,1.4,-5.745931957009537e-06,29.9596690406713,30.00792973330827,16.687900002580136,0.5024000420235097,29.181299963966012,1.861100026872009,31.558999966364354,2,True,on_screen,0.6577763963274916,-4.100299798336863,-4.219313964372363,False,False,0,0.0
1789812497990,1218,2612,940.2365485741612,928.6328127830154,914.9031722414188,925.309772754279,1,0,sidebar,0.23037260782123092,2012,9,1.4,-8.6129319863959e-06,30.085005348393313,30.008106081777377,16.73459995072335,0.5209000082686543,29.79190001497045,2.0047000143676996,32.333900046069175,2,True,on_screen,0.6577763963274916,-4.1042883489890585,-4.215749041871592,False,False,0,0.0
1789812498023,1219,2613,940.8062930430495,944.2862990632991,922.454714360721,930.8420033607003,1,0,sidebar,0.2164348031588078,2045,9,1.2,-1.3326171390687369e-05,30.14140405390311,30.008074054615413,17.613600008189678,0.45300001511350274,30.09559999918565,2.5624000118114054,33.12380000716075,2,True,on_screen,0.6577763963274916,-4.0991021928483065,-4.227236471206052,False,False,0,0.0
1789812498056,1220,2614,940.9178035007252,948.550816096352,926.8093195405047,935.0187089532332,1,0,sidebar,0.20821777306067046,2078,9,1.2,-1.316872773047921e-05,30.107054705013603,30.0073039843581,18.584100005682558,0.5167999770492315,32.646400039084256,1.9464000361040235,35.125099995639175,2,True,on_screen,0.6577763963274916,-4.103129818222129,-4.213585983959848,False,False,0,0.0
1789812498092,1221,2615,938.0925526307072,956.4833706953759,929.3422008493885,939.8371364459165,1,0,sidebar,0.20305003449601666,2114,9,1.2,-9.57672869397741e-06,29.915720571556044,30.007588065601887,22.432399971876293,0.5252999835647643,29.3894000351429,2.226299955509603,32.1564000332728,2,True,on_screen,0.6577763963274916,-4.1003646926719455,-4.228954763688157,False,False,0,0.0
1789812498124,1222,2616,944.6043379199597,956.7922109222792,932.5811887414417,943.4354058549687,1,0,sidebar,0.1967676744535527,2146,9,1.2,-7.73168930742231e-06,29.993761187134492,30.00836381375994,23.620599997229874,0.5382000235840678,28.308199951425195,1.7841000226326287,30.648899963125587,2,True,on_screen,0.6577763963274916,-4.112752910129245,-4.2148187193802205,False,False,0,0.0
1789812498156,1223,2617,946.8196904547137,962.0952608379132,935.68301296029,947.5004115186155,1,0,sidebar,0.1905996705938161,2177,9,1.2,-8.016258639857374e-06,30.16994595502443,30.007545659843338,22.54989999346435,1.184099994134158,31.631199992261827,2.0305999787524343,34.861300024203956,2,True,on_screen,0.6577763963274916,-4.120716723296056,-4.2126886259642555,False,False,0,0.0
1789812498191,1224,2618,947.6902588748277,965.4671306292141,938.1080522654745,951.129053785004,1,0,sidebar,0.18565228784608612,2213,9,1.2,-6.9666414582812e-06,29.977810117111794,30.00790087749993,25.47299995785579,0.5024999845772982,29.481699981261045,1.7528000171296299,31.752899987623096,2,True,on_screen,0.6577763963274916,-4.132320187676754,-4.193588533675349,False,False,0,0.0
1789812498223,1225,2619,948.4765816903733,973.4099302181127,940.4644006252905,956.192597947047,1,0,sidebar,0.18047950991566997,2245,9,1.2,-7.275560938423478e-06,30.09253046756061,30.0084967340554,10.731499991379678,0.47720002476125956,28.782200010027736,1.9396999850869179,31.215400027576834,2,True,on_screen,0.6577763963274916,-4.107527026385668,-4.2353185816357515,False,False,0,0.0
1789812498255,1226,2620,950.7151643810612,980.0876125202506,942.9186379308745,961.9135410475078,1,0,sidebar,0.17489653372895753,2277,9,1.2,-2.71178056105055e-06,30.251935586586427,30.008270661798615,10.218299983534962,0.5114999949000776,31.22309996979311,1.8887000042013824,33.63800002261996,2,True,on_screen,0.6577763963274916,-4.089797423619473,-4.291029158769897,False,False,0,0.0
1789812498289,1227,2621,947.5022943673273,1000.4356327867051,944.5162055245285,975.339862643708,1,0,sidebar,0.16863265596333232,2311,9,1.0,4.851218482065933e-07,30.172163368764117,30.008758540314943,11.49730000179261,0.5222999607212842,29.107899987138808,1.9466999801807106,31.5907999756746,2,True,on_screen,0.6577763963274916,-4.095718943990931,-4.264252641126723,False,False,0,0.0
1789812498321,1228,2622,946.8400668355855,1009.4680740846319,945.2352423262429,985.8996322332075,1,0,sidebar,0.16419359937462985,2343,9,1.0,2.129947730730719e-06,30.29101146295713,30.008716725653976,10.650600015651435,0.5300000193528831,30.75079998234287,1.8549999804235995,33.1494000274688,2,True,on_screen,0.6577763963274916,-4.098908045254149,-4.2671294098178185,False,False,0,0.0
1789812498354,1229,2623,944.4901137903605,1015.0099133952403,945.0370217724579,993.6436062925825,1,0,sidebar,0.16194491885440454,2376,9,0.8,6.012997989178828e-06,30.250062294991718,30.009277384131245,13.252299977466464,0.49130001571029425,28.932299988809973,1.9361000158824027,31.374000012874603,2,True,on_screen,0.6577763963274916,-4.122187952877113,-4.225785118410812,False,False,0,0.0
1789812498386,1230,2624,943.9972163919397,1017.8786727213395,944.8035354574658,999.0855442360257,1,0,sidebar,0.16039760381617596,2407,9,0.8,7.708341512877373e-06,30.3782475643046,30.009875649894465,13.342900027055293,0.49050000961869955,28.86749996105209,1.868200022727251,31.239299976732582,2,True,on_screen,0.6577763963274916,-4.133096998569869,-4.20810366369562,False,False,0,0.0
1789812498417,1231,2625,941.9232333086921,1023.5903453048048,944.1465458308655,1004.6750273084693,1,0,sidebar,0.1594156709781549,2439,9,0.8,1.1242744105533983e-05,30.50751545156061,30.010401049596,12.560000002849847,0.5025999853387475,28.74200005317107,2.195600012782961,31.454699987079948,2,True,on_screen,0.6577763963274916,-4.141570165331444,-4.183844951840839,False,False,0,0.0
1789812498449,1232,2626,938.9465549318927,1027.4109593228025,943.0203392769952,1009.5991427810461,1,0,sidebar,0.159395380856297,2470,9,0.8,1.1352435508303962e-05,30.601645450711015,30.010850710400778,12.30190001660958,0.5350999999791384,29.310900019481778,1.8070999649353325,31.667299976106733,2,True,on_screen,0.6577763963274916,-4.1700188706784616,-4.085473557674816,False,False,0,0.0
1789812498481,1233,2627,939.6467711518882,1031.6744031399096,942.3182254109149,1014.193490907571,1,0,sidebar,0.15869302580964362,2503,9,0.8,9.294482262859824e-06,30.66884597577996,30.01155417428288,12.695700046606362,0.48449996393173933,28.152899991255254,2.3092000046744943,30.960000003688037,2,True,on_screen,0.6577763963274916,-4.2350705335067005,-4.0448986516502625,False,False,0,0.0
1789812498512,1234,2628,935.1725605118756,1040.8010814032652,940.5129750511362,1020.9155192973515,1,0,sidebar,0.15885169483748762,2534,9,0.8,3.428087370716329e-06,30.799669261606414,30.011442144863476,11.357600043993443,0.4699999699369073,30.973699991591275,1.8783999839797616,33.335199987050146,2,True,on_screen,0.6577763963274916,-4.247539552550251,-4.038579764620634,False,False,0,0.0
1789812498546,1235,2629,923.9551865134489,1055.89652218668,934.7549904518628,1033.0801918588736,1,0,sidebar,0.1629065378116874,2568,9,0.8,2.8143834897922937e-06,30.689043886236895,30.01224560102651,12.59519997984171,0.5392999737523496,28.1669000396505,1.9114999449811876,30.63220001058653,2,True,on_screen,0.6577763963274916,-4.26792793179618,-4.0425551709603695,False,False,0,0.0
1789812498577,1236,2630,912.6720320734494,1070.9238241258467,926.1124392840618,1047.8909578186772,1,0,sidebar,0.16969079829347966,2598,9,0.8,8.208002731541555e-06,30.85097980700542,30.00082055095995,12.228299980051816,2.147599996533245,28.908599982969463,1.9830000237561762,33.052499988116324,2,True,on_screen,0.6577763963274916,-4.274436717042761,-4.054873988442354,False,False,0,0.0
1789812498612,1237,2631,910.003891233224,1084.9010535903653,920.2823349316307,1061.2858783143943,1,0,sidebar,0.17162209519291327,2634,9,0.8,4.738406228138592e-06,30.613197375492504,30.001081920441486,0.2707000239752233,0.4757000133395195,28.016299998853356,1.991799974348396,30.50019999500364,2,True,on_screen,0.6577763963274916,-4.283041763494396,-4.055017002410486,False,False,0,0.0
1789812498644,1238,2632,900.0759153232439,1103.3895759576765,911.8768174171805,1078.8002809063719,1,0,sidebar,0.17421560409363435,2666,9,0.8,8.010307093809718e-06,30.644109644866408,30.001462206535635,0.24939997820183635,0.5055000074207783,27.939699997659773,1.9190000020898879,30.381200020201504,2,True,on_screen,0.6577763963274916,-4.293670314733646,-4.0478458532278685,False,False,0,0.0
1789812498676,1239,2633,897.8114476216402,1119.3022035574786,906.484955298231,1094.3264125091378,1,0,sidebar,0.17201685317228277,2698,9,0.8,6.416607477062117e-06,30.70464008664561,30.001667285987477,0.2654999843798578,0.5515999509952962,28.75370002584532,1.7896000063046813,31.11229999922216,2,True,on_screen,0.6577763963274916,-4.305027213220569,-4.056004378698693,False,False,0,0.0
1789812498709,1240,2634,886.5873879082084,1147.1069018288808,896.5608182538408,1120.651279213284,1,0,sidebar,0.16721009793440578,2731,9,0.6,2.5512662520930582e-05,30.752043956978834,30.012915702336905,0.26760000037029386,0.46060001477599144,30.261099978815764,2.0465999841690063,32.78520004823804,2,True,on_screen,0.6577763963274916,-4.325596638907115,-4.05851646479891,False,False,0,0.0
1789812498742,1241,2635,884.1763908009777,1155.5742296067929,892.4282034943269,1132.304874084044,1,0,sidebar,0.16374561099897633,2764,9,0.6,2.91201865970786e-05,30.696564403686146,30.013474729390317,0.9287999710068107,0.5606000195257366,28.831499977968633,1.9468999817036092,31.352800026070327,2,True,on_screen,0.6577763963274916,-4.3295524701699435,-4.048300485408555,False,False,0,0.0
1789812498773,1242,2636,878.1171558007974,1174.849597787497,886.696509196662,1149.3443917677885,1,0,sidebar,0.15721710407029665,2795,9,0.6,2.9264102099111483e-05,30.786874968669945,30.00268920159273,0.8866999996826053,0.5281999474391341,28.30000000540167,2.43719998979941,31.27959999255836,2,True,on_screen,0.6577763963274916,-4.320619237964934,-4.059816304480903,False,False,0,0.0
1789812498805,1243,2637,875.2901965116197,1192.9366802166335,882.1113857599905,1166.867672861691,1,0,sidebar,0.1473916033993593,2827,9,0.6,2.6552812363167186e-05,30.831167295252797,30.013185208680095,0.3013000241480768,0.5333999870344996,30.02040000865236,4.59739996585995,35.17069999361411,2,True,on_screen,0.6577763963274916,-4.329684728604491,-4.026833989691537,False,False,0,0.0
1789812498841,1244,2638,858.8329111984848,1226.3211824768994,869.0233982226327,1200.2945535982312,2,0,terminal,0.1324216856046132,0,12,0.8,2.1023851063771762e-05,30.56453941968884,30.013783616884105,0.63109997427091,0.5038999952375889,28.736000007484108,1.976999978069216,31.231400032993406,2,True,on_screen,0.6577763963274916,-4.341366098079362,-3.9605568791850394,False,False,0,0.0
1789812498872,1245,2639,856.7544080266476,1234.518683524692,865.0022435035544,1211.511493163899,2,0,terminal,0.15006729707675182,30,12,0.8,8.238235889234183e-06,30.663684928157288,30.013105563617493,1.8820000113919377,0.5188999930396676,32.27130003506318,2.0400999928824604,34.846599970478565,2,True,on_screen,0.6577763963274916,-4.354725460600633,-3.9531544164981893,False,False,0,0.0
1789812498908,1246,2640,850.7773040357366,1242.902614497314,860.5697134029635,1221.2930525523557,2,0,terminal,0.16664631239240224,66,12,0.8,1.8521995269471514e-06,30.43572579177755,30.01254411841299,6.265899981372058,0.6306999712251127,32.058400043752044,1.8782000406645238,34.58049998153001,2,True,on_screen,0.6577763963274916,-4.372278659604035,-3.9924714159185606,False,False,0,0.0
1789812498943,1247,2641,847.9721071219703,1256.7187466046194,856.3073913149206,1233.2791167994205,2,0,terminal,0.18513482673263615,101,12,0.8,4.305782047521814e-06,30.25800005766565,30.01015632518101,9.515399986412376,0.486200035084039,36.39120003208518,3.1157999765127897,40.01120000611991,2,True,on_screen,0.6577763963274916,-4.394738693185985,-3.9980929150720703,False,False,0,0.0
1789812498983,1248,2642,846.7924782838793,1265.728178672037,853.3951451252657,1243.2108583180354,2,0,terminal,0.19939824892586833,141,12,0.8,1.9487861634658044e-07,29.698242642932062,30.00906007928693,16.651500016450882,0.76299998909235,33.30969996750355,1.9064000225625932,35.999099956825376,2,True,on_screen,0.6577763963274916,-4.4333659763786954,-3.96809439162536,False,False,0,0.0
1789812499020,1249,2643,840.6371390928928,1263.9917502824835,850.5165057011981,1247.8997332663898,2,0,terminal,0.2082726704019039,178,12,0.8,-3.0423871037309896e-06,29.477423240342176,30.009358913445467,22.660600021481514,0.5186999915167689,29.748599976301193,1.7870999872684479,32.070200017187744,2,True,on_screen,0.6577763963274916,-4.449113696073965,-3.877499808496887,False,False,0,0.0
1789812499052,1250,2644,829.2885192607129,1277.1844728507883,843.5929869855557,1257.4509661712975,2,0,terminal,0.22784513223465397,210,12,0.8,-2.076386729343155e-06,29.618798881920352,30.00985313678554,7.74590001674369,0.4640000406652689,29.23810004722327,1.8529000226408243,31.567600031848997,2,True,on_screen,0.6577763963274916,-4.464191052102365,-3.7853335264075882,False,False,0,0.0
1789812499084,1251,2645,827.2592105473459,1282.006074981114,839.1960686456723,1264.0609995993996,2,0,terminal,0.24076836832326476,243,12,0.8,-3.030551091420114e-06,29.793721210002953,30.00940277608116,7.383899996057153,0.4932999727316201,30.45309998560697,3.3736000186763704,34.333899966441095,2,True,on_screen,0.6577763963274916,-4.468346554649287,-3.788976454674674,False,False,0,0.0
1789812499119,1252,2646,815.0273818579743,1301.035671708254,829.6635383667121,1278.6444225436567,2,0,terminal,0.2688855459040519,277,12,0.8,-4.9568644959318425e-06,29.694558307920452,30.007702411517254,9.847600013017654,3.9747999981045723,31.929099990520626,2.013100020121783,37.93509997194633,2,True,on_screen,0.6577763963274916,-4.478862391013166,-3.7931404446213763,False,False,0,0.0
1789812499157,1253,2647,822.9977401380639,1308.64186380824,827.798791641774,1287.0361602524652,2,0,terminal,0.27951847903062843,315,12,0.8,-6.4393907787813065e-06,29.334195165739562,30.00831923990346,15.169800026342273,0.554199970792979,28.472400037571788,2.0771000417880714,31.118399987462908,2,True,on_screen,0.6577763963274916,-4.461685255248909,-3.8183725769721466,False,False,0,0.0
1789812499188,1254,2648,830.4494510568105,1311.2688520874103,828.3967021909466,1292.5023404794572,2,0,terminal,0.2836065741599375,346,12,0.8,-6.920516129379356e-06,29.571402958532108,30.009261952579514,15.887100016698241,0.5333999870344996,27.84240001346916,1.7395999748259783,30.12980002677068,2,True,on_screen,0.6577763963274916,-4.467724389324104,-3.7608529885164774,False,False,0,0.0
1789812499219,1255,2649,898.7365435516876,1305.233268914528,872.5245457766098,1300.4891145155532,2,0,terminal,0.22210607872357857,378,12,0.8,-9.496703073246654e-06,29.89970519733473,30.009907051715903,14.254999987315387,0.46629999997094274,28.75769999809563,1.8810000037774444,31.117500038817525,2,True,on_screen,0.6577763963274916,-4.452620988644952,-3.6481169207512623,False,False,0,0.0
1789812499250,1256,2650,1344.4838834064308,1246.5602208280347,1202.8960821174844,1262.7388889342903,2,1,terminal,0.4074139318838266,408,12,0.8,-1.8369302909089155e-05,30.09181321116028,30.01048371137232,13.966700003948063,0.4838000168092549,28.529200004413724,2.2888999665156007,31.31680004298687,2,True,on_screen,0.6577763963274916,-4.457641901718887,-3.2572733341870865,False,False,0,0.0
1789812499282,1257,2651,1614.8647417821521,1200.2396619109375,1491.2741438827518,1218.9894300179433,2,1,terminal,0.4953525034917421,440,12,0.8,-3.6297419820788615e-05,30.224174072702635,30.01013222181278,13.785099959932268,0.6612999713979661,30.951699998695403,2.2122000227682292,33.84150000056252,2,True,on_screen,0.6577763963274916,-4.456792309873265,-2.873603669333885,False,False,0,0.0
1789812499316,1258,2652,1712.114081802999,1197.0030958024033,1645.8621004269248,1203.5989960670654,2,1,terminal,0.3624505612065385,474,12,0.8,-4.624809650115823e-05,30.132236883334304,30.011277928298714,15.437599970027804,0.41910004802048206,27.35759998904541,1.8747999565675855,29.66470003593713,2,True,on_screen,0.6577763963274916,-4.4578536161207865,-2.7351921575944953,False,False,0,0.0
1789812499346,1259,2653,1762.890850795863,1191.638743922,1727.7822256851816,1195.2268195655197,2,1,terminal,0.25946399584682944,504,12,0.8,-5.5721080187020114e-05,30.447475876504605,30.010284198745364,13.705099991057068,0.5253999843262136,31.368600029964,3.9607000071555376,35.87000002153218,2,True,on_screen,0.6577763963274916,-4.443536072868625,-2.626358444187452,False,False,0,0.0
1789812499382,1260,2654,1786.5442165136267,1187.506319913899,1758.5241331815423,1191.187765020742,2,1,terminal,0.216225281951829,540,12,0.8,-6.141043095641945e-05,30.163679601896895,30.011145698682803,17.24309998098761,0.5426999996416271,28.09440001146868,1.7824999522417784,30.432800005655736,2,True,on_screen,0.6577763963274916,-4.466580941042167,-2.543044781195229,False,False,0,0.0
1789812499413,1261,2655,1798.9893277349154,1186.5007009137555,1773.2979336952653,1189.4765227821729,2,1,terminal,0.19522270954534549,572,12,0.8,-6.731673954134092e-05,30.387279886532866,30.01112608262789,16.428500006441027,0.4534000181593001,30.174900020938367,2.303500019479543,32.947099942248315,2,True,on_screen,0.6577763963274916,-4.459981433133748,-2.5088787752081454,False,False,0,0.0
1789812499447,1262,2656,1796.6412228655229,1190.0213118166714,1778.358894172475,1189.594636204489,2,1,terminal,0.1887990916756943,605,12,0.8,-7.081782027210277e-05,30.350716461731228,30.011485938972093,1.711699995212257,0.5058000097051263,29.557099973317236,1.8198000034317374,31.89719998044893,2,True,on_screen,0.6577763963274916,-4.45820952415616,-2.4882489291483805,False,False,0,0.0
1789812499479,1263,2657,1788.4043198558008,1197.7095303833055,1779.642627321609,1190.6316613129775,2,1,terminal,0.18836126359129512,638,12,0.8,-7.18337819370831e-05,30.422305808384248,30.012247605315757,1.9141999655403197,0.6158000323921442,28.238600003533065,1.9139000214636326,30.781100038439035,2,True,on_screen,0.6577763963274916,-4.454646983011202,-2.517369582756325,False,False,0,0.0
1789812499510,1264,2658,1779.5630964586726,1209.8430757559809,1779.6281916327412,1194.1187352785964,2,1,terminal,0.19251578120326207,668,12,0.6,-7.394177768658798e-05,30.600230822975213,30.01241472169659,1.318100024946034,0.48450002213940024,30.060599965509027,1.9952000002376735,32.553099968936294,2,True,on_screen,0.6577763963274916,-4.446651412736003,-2.539568196197916,False,False,0,0.0
1789812499543,1265,2659,1773.6740060583295,1213.7045730662426,1778.483489243815,1197.8841461856719,2,1,terminal,0.19846226593624827,701,12,0.6,-8.152829413498631e-05,30.58740888648655,30.01224779525089,1.8228000262752175,0.4655999946407974,31.252200016751885,1.8166000372730196,33.548699982929975,2,True,on_screen,0.6577763963274916,-4.451602570686362,-2.4652638259321744,False,False,0,0.0
1789812499577,1266,2660,1766.9347764247102,1217.2106129682431,1776.0619648224306,1201.93650353719,2,1,terminal,0.20641717775166757,735,12,0.6,-8.25539492285178e-05,30.484126284701542,30.01234986204552,1.8639000481925905,0.46069995732977986,30.361899989657104,1.8949999939650297,32.73129998706281,2,True,on_screen,0.6577763963274916,-4.430823312530606,-2.4155145420798463,False,False,0,0.0
1789812499610,1267,2661,1982.3143947241908,1190.7981152786572,1920.4386657536627,1194.139631756217,2,2,terminal,0.0,768,12,0.6,-0.0001301111512235411,30.460928828984333,30.012767016187183,5.009599961340427,0.500700029078871,29.25000002142042,1.9987000268884003,31.76240000175312,2,True,on_screen,0.6577763963274916,-4.425511846774327,-2.2114738067261936,False,False,0,0.0
1789812499642,1268,2662,3013.608009817366,1104.5258315474016,2685.657206598255,1131.4099716100463,1,2,second_file,0.35052452104848264,0,8,0.8,-0.00045853551738228755,30.527027331487957,30.01267804043454,4.711700021289289,0.5543999723158777,30.78470000764355,1.8592000124044716,33.21299998788163,2,True,on_screen,0.6577763963274916,-4.466058770063086,-2.0500559311922735,False,False,0,0.0
1789812499676,1269,2663,3168.0000000000005,1124.8182762617462,3023.297161979477,1126.7957848662363,-1,-1,off_screen,0.0,0,9,1.0,-0.0006271149337377779,30.433394740911332,30.012986294715176,6.600599968805909,0.5297000170685351,29.49260000605136,1.7846999689936638,31.82640002341941,2,True,gaze_outside_screen,0.6577763963274916,-4.473037555791592,-1.7810343247829477,False,False,0,0.0
1789812499708,1270,2664,3168.0000000000005,1185.3450915329354,3124.5891485938437,1167.7802995329257,-1,-1,off_screen,0.0,31,9,1.0,-0.0007307821947813934,30.506232589978463,30.012432117897074,6.873500009533018,0.4320000298321247,32.09699998842552,2.1506999619305134,34.69440003391355,2,True,gaze_outside_screen,0.6577763963274916,-4.469186217822283,-1.7435806290032128,False,False,0,0.0
1789812499743,1271,2665,3168.0000000000005,1222.6019721190073,3151.2473754051603,1201.4458125241829,-1,-1,off_screen,0.0,66,9,1.0,-0.0007721007804303553,30.298181972790953,30.01264086052864,10.114000004250556,0.5271999980323017,29.877400025725365,1.7965000006370246,32.21650002524257,2,True,gaze_outside_screen,0.6577763963274916,-4.477192386902601,-1.615061889516652,False,False,0,0.0
1789812499775,1272,2666,3168.0000000000005,1257.979609822783,3159.968338346117,1230.8757772656177,-1,-1,off_screen,0.0,98,9,1.0,-0.0007850064025610899,30.34512591001698,30.01333854884975,10.345900023821741,0.49649999709799886,28.601999976672232,1.8566999933682382,30.968099948950112,2,True,gaze_outside_screen,0.6577763963274916,-4.483637638352434,-1.4691291152452823,False,False,0,0.0
1789812499807,1273,2667,3168.0000000000005,1277.6440821547567,3163.3608540871946,1250.6303706931435,-1,-1,off_screen,0.0,130,9,1.0,-0.0007997311523678888,30.51165814203889,30.002987609095847,10.23489999352023,0.4496999899856746,28.097699978388846,1.824400038458407,30.385599995497614,2,True,gaze_outside_screen,0.6577763963274916,-4.4871517350439944,-1.4310291395251655,False,False,0,0.0
1789812499844,1274,2668,3168.0000000000005,1288.2358255456472,3164.9420186019133,1263.4474736448988,-1,-1,off_screen,0.0,167,9,1.0,-0.0008092892292169539,30.099752914455692,30.000995846403942,0.25509996339678764,0.4699999699369073,29.45999999064952,1.7809999990276992,31.729300040751696,2,True,gaze_outside_screen,0.6577763963274916,-4.476835746956084,-1.3196340454938202,False,False,0,0.0
1789812499877,1275,2669,3168.0000000000005,1309.2043666527052,3166.192112343568,1282.1527560322975,-1,-1,off_screen,0.0,200,9,1.0,-0.0008208896765947108,30.17813235944292,30.011353429893987,0.24990004021674395,0.4430999979376793,32.579799997620285,2.259699977003038,35.29969998635352,2,True,gaze_outside_screen,0.6577763963274916,-4.4675792067791065,-1.2428813403348755,False,False,0,0.0
1789812499912,1276,2670,3168.0000000000005,1313.76845416085,3166.7123336356412,1291.2502014801437,-1,-1,off_screen,0.0,235,9,1.0,-0.0008237279609033827,29.968172127084063,30.01244984064338,2.2584000253118575,0.5224999622441828,27.462300029583275,1.755200035404414,29.754199960734695,2,True,gaze_outside_screen,0.6577763963274916,-4.461232240024884,-1.1949770583653654,False,False,0,0.0
1789812499942,1277,2671,3168.0000000000005,1313.0842765985078,3166.975278271859,1295.7087732795292,-1,-1,off_screen,0.0,265,9,1.0,-0.0008217570002875627,30.30223450380963,30.012998762309966,1.611499988939613,0.44540001545101404,28.72080000815913,2.2435999708250165,31.42360004130751,2,True,gaze_outside_screen,0.6577763963274916,-4.4542488977193955,-1.146196098402473,False,False,0,0.0
1789812499974,1278,2672,3168.0000000000005,1318.6088398746563,3167.193714730219,1300.590302875201,-1,-1,off_screen,0.0,297,9,1.0,-0.0008179908671034665,30.421359454698905,30.01300981449726,1.4729999820701778,0.5730999982915819,30.64270003233105,1.727399998344481,32.95670001534745,2,True,gaze_outside_screen,0.6577763963274916,-4.470812221664289,-1.146200804303424,False,False,0,0.0
1789812500007,1279,2673,3168.0000000000005,1340.1944009695849,3167.4803626217818,1314.6702217841455,-1,-1,off_screen,0.0,330,9,1.0,-0.0008144279428284728,30.389639546373555,30.013340581952818,2.1991999819874763,0.444200006313622,29.920200002379715,1.6985999536700547,32.07560000009835,2,True,gaze_outside_screen,0.6577763963274916,-4.474951836662285,-1.1455443399343126,False,False,0,0.0
1789812500040,1280,2674,3168.0000000000005,1349.3989380606135,3167.643474579656,1325.5714177791951,-1,-1,off_screen,0.0,363,9,1.0,-0.0008118505585869799,30.443108407536698,30.012595080049778,1.7619000282138586,0.4477999755181372,30.557500023860484,4.252699960488826,35.271400003694,2,True,gaze_outside_screen,0.6577763963274916,-4.470546264811162,-1.1002640826880143,False,False,0,0.0
1789812500075,1281,2675,3168.0000000000005,1347.4279544039694,3167.716239727987,1330.0322333024346,-1,-1,off_screen,0.0,398,9,1.0,-0.0008120177047324581,30.205980586486653,30.012357083341406,6.687099987175316,0.519900000654161,30.812599987257272,2.326899964828044,33.674800011795014,2,True,gaze_outside_screen,0.6577763963274916,-4.474695780044243,-1.028270150430313,False,False,0,0.0
1789812500109,1282,2676,3168.0000000000005,1334.24469598987,3167.7502909606287,1330.537728824927,-1,-1,off_screen,0.0,432,9,1.0,-0.0008128153911427603,30.123845242430356,30.010932454682763,8.26740002958104,0.6609999691136181,34.01350002968684,2.506400051061064,37.19830000773072,2,True,gaze_outside_screen,0.6577763963274916,-4.478514448836421,-1.022317090897914,False,False,0,0.0
1789812500149,1283,2677,2732.8135467785064,1545.2665845908966,2863.294570033143,1480.8479278611057,2,2,terminal,0.18081550613694564,0,13,1.0,-0.0007041966751959519,29.609668252847342,30.008540085376822,15.515100036282092,0.651199952699244,35.15160002280027,1.7798999906517565,37.603899952955544,2,True,on_screen,0.6577763963274916,-4.522434805938985,-1.2197825910236282,False,False,0,0.0
1789812500187,1284,2678,1633.5908598350684,1480.2511183181439,2002.5019728944908,1480.4301611810324,2,2,terminal,0.2969043389660031,38,13,1.0,-0.0004468593025404883,29.288184936994185,30.009306615211504,21.88169996952638,0.45779999345541,28.440199967008084,1.8497999990358949,30.76090000104159,2,True,on_screen,0.6577763963274916,-4.496760022330903,-1.8113043868751673,False,False,0,0.0
1789812500218,1285,2679,1175.815099263269,1315.5931785891016,1423.8211613526355,1365.044273366681,2,1,terminal,0.7598715298387665,69,13,1.0,-0.0003261913008228822,29.570577418697827,30.009821318706365,21.36040001641959,0.4802999901585281,29.102100001182407,1.815499970689416,31.41140000661835,2,True,on_screen,0.6577763963274916,-4.460456273558208,-2.4182226829476425,False,False,0,0.0
1789812500250,1286,2680,1038.9562161873373,1183.5254244696757,1154.4156997369269,1237.9810791387772,2,1,terminal,0.31529026114291825,101,13,1.0,-0.00021379838893832714,29.768750734376287,30.00985606058675,5.1693000132218,0.4667000030167401,30.681699980050325,1.774700009264052,32.936899980995804,2,True,on_screen,0.6577763963274916,-4.4163922251705685,-2.868587998740944,False,False,0,0.0
1789812500283,1287,2681,965.2695612341851,1071.5587109520266,1022.0134027850077,1121.485421408052,1,1,main_file,0.16429441148624035,0,18,1.2,-0.00014731121258179658,29.80185675786815,30.00966119755023,6.578800035640597,0.6841999711468816,30.907000007573515,2.0115000079385936,33.61709997989237,2,True,on_screen,0.6577763963274916,-4.393939865246011,-3.219367800930105,False,False,0,0.0
1789812500317,1288,2682,925.3998685145397,1032.005508103634,954.38392879568,1058.8494820949593,1,0,sidebar,0.11618578939435353,0,10,1.4,-0.00010321781805821759,29.762389149450673,30.010052081158605,7.694499974604696,0.6125000072643161,29.16539995931089,1.9765000324696302,31.76979999989271,2,True,on_screen,0.6577763963274916,-4.380758440954736,-3.426225722061898,False,False,0,0.0
1789812500349,1289,2683,925.6158184870351,993.4787838309344,936.3513703791959,1017.8735221683124,1,0,sidebar,0.16732096758616477,32,10,1.4,-9.811124891629698e-05,29.90450424233554,30.01025457332471,8.684900007210672,0.5872999900020659,29.593900020699948,2.2253000061027706,32.42020000470802,2,True,on_screen,0.6577763963274916,-4.378770339093194,-3.569689417259295,False,False,0,0.0
1789812500382,1290,2684,896.288719050725,974.9386343429999,915.5780092156272,995.6108435452755,1,0,sidebar,0.21216007571103257,65,10,1.4,-8.042217004086173e-05,29.956008454358397,30.00922611025169,10.006299999076873,0.6615999736823142,33.25440001208335,2.002799999900162,35.93489999184385,2,True,on_screen,0.6577763963274916,-4.372094465062588,-3.623330550535117,False,False,0,0.0
1789812500419,1291,2685,887.289017794854,945.4394296840646,901.1812515015139,970.077742036257,1,0,sidebar,0.245685451117582,101,10,1.4,-8.596132266337243e-05,29.718107798765818,30.009985694267183,14.106600021477789,0.5042999982833862,28.394200024195015,1.8175000441260636,30.73020000010729,2,True,on_screen,0.6577763963274916,-4.371383324206391,-3.7252579720083854,False,False,0,0.0
1789812500450,1292,2686,908.8385853497226,916.1553186189419,904.8735249851717,944.077003645453,1,0,sidebar,0.2453632830670499,133,10,1.4,-5.814918108074628e-05,29.96888088451085,30.010637324567675,12.882100010756403,0.5170999793335795,28.721600014250726,1.8236000323668122,31.077199964784086,2,True,on_screen,0.6577763963274916,-4.4037731596483525,-3.767824390758195,False,False,0,0.0
1789812500481,1293,2687,936.9588003765996,916.724845290259,916.9780546898294,933.758095384332,1,0,sidebar,0.22570673905387562,164,10,1.4,-6.500204914659628e-05,30.159558739146792,30.0117871629207,11.709699989296496,0.48320001224055886,27.355599973816425,1.7433000029996037,29.595299973152578,2,True,on_screen,0.6577763963274916,-4.450929722130525,-3.7502959140546883,False,False,0,0.0
1789812500511,1294,2688,949.656560079191,897.0604528022028,931.2510580245738,917.7296519561176,1,0,sidebar,0.20217630224133276,194,10,1.4,-7.796673427554537e-05,30.489304141127153,30.01153532257071,10.285500029567629,0.4746000049635768,30.18750000046566,3.102899994701147,33.77859998727217,2,True,on_screen,0.6577763963274916,-4.458768047098118,-3.7656892271517703,False,False,0,0.0
1789812500545,1295,2689,945.737716914299,893.0075711362791,935.0472545269137,911.2512860711172,1,0,sidebar,0.19583909145929113,228,10,1.4,-8.448145307377898e-05,30.372314585132415,30.011162903071227,12.164300016593188,0.5002000252716243,31.805000035092235,1.784199965186417,34.104200021829456,2,True,on_screen,0.6577763963274916,-4.513424310871272,-3.7931633219279624,False,False,0,0.0
1789812500580,1296,2690,970.7566438416973,874.594775329244,951.2642454987899,894.6041712599058,1,0,sidebar,0.16738026048598265,263,10,1.4,-8.371873850568541e-05,30.220095198790542,30.011504610846416,14.690599986352026,0.5465000285767019,29.11499998299405,2.063599997200072,31.742199964355677,2,True,on_screen,0.6577763963274916,-4.571233199912882,-3.8485965569814544,False,False,0,0.0
1789812500612,1297,2691,978.5329515346112,870.4832838656766,960.2129933073998,886.6884403877741,1,0,sidebar,0.15129952360772603,295,10,1.4,-8.963112801217872e-05,30.308379819966337,30.00069747442104,14.646399999037385,0.5141000146977603,29.55049998126924,1.811099995393306,31.890999991446733,2,True,on_screen,0.6577763963274916,-4.588000509062198,-3.928260233726976,False,False,0,0.0
1789812500644,1298,2692,985.8044792939036,866.8909102361631,967.7271361502953,880.8755122297848,1,0,sidebar,0.13768829450484477,327,10,1.4,-9.22656474474353e-05,30.352515853256996,30.01064909998518,0.24459999985992908,0.6210000137798488,30.313200026284903,5.3193000494502485,36.26949997851625,2,True,on_screen,0.6577763963274916,-4.598071119301636,-3.940754637604427,False,False,0,0.0
1789812500681,1299,2693,992.5585603608951,862.0124025861269,974.7699431858252,875.5254670538171,1,0,sidebar,0.12483941291154788,364,10,1.4,-9.665549865777064e-05,30.051746083883494,30.011356992639058,0.5927000311203301,0.5022999830543995,28.4514999948442,1.9357000128366053,30.90349998092279,2,True,on_screen,0.6577763963274916,-4.597812466077954,-3.9693274231526794,False,False,0,0.0
1789812500712,1300,2694,1004.9084106252407,850.9394378255198,985.3002100833336,866.935201133881,1,0,sidebar,0.10539558949604588,394,10,1.4,-0.00010250415171752549,30.25062139559219,30.01200366559298,1.952500024344772,0.4915000172331929,28.77150004496798,1.79870001738891,31.078699976205826,2,True,on_screen,0.6577763963274916,-4.606872283309258,-3.9858021261031356,False,False,0,0.0
1789812500744,1301,2695,1001.0934276939624,854.8045404864879,988.2615043196952,864.6606516187646,1,0,sidebar,0.09990528602596449,427,10,1.4,-0.00010124304355641454,30.401069722118283,30.011965813076582,1.9824999617412686,0.5103000439703465,30.639100004918873,1.8579000025056303,33.02110004005954,2,True,on_screen,0.6577763963274916,-4.610309537127762,-3.9892788435103252,False,False,0,0.0
1789812500777,1302,2696,996.3554429525487,865.7059673379891,989.2327769556376,864.7860895050715,1,0,sidebar,0.09820881421820837,460,10,1.4,-9.974033338009357e-05,30.36543641097531,30.01076485133817,4.2548999772407115,0.6143000209704041,34.08129996387288,1.9431000109761953,36.65369999362156,2,True,on_screen,0.6577763963274916,-4.607113646598151,-3.982881487842729,False,False,0,0.0
1789812500814,1303,2697,985.0518288006447,870.9506163527885,988.7310631770385,865.5258327267975,1,0,sidebar,0.09918236119368518,496,10,1.4,-9.870126388031829e-05,30.028130233572995,30.009708474381476,9.130200021900237,0.616599980276078,33.00719999242574,2.452499989885837,36.09229996800423,2,True,on_screen,0.6577763963274916,-4.586306410687399,-4.026067721038938,False,False,0,0.0
1789812500850,1304,2698,958.1355055911575,886.2875742047466,978.5421119636956,872.4399205132049,1,0,sidebar,0.11789924985652334,532,10,1.4,-0.00010026058115594413,29.76863585970439,30.00937362077313,13.924499973654747,0.5301000201143324,31.503700010944158,1.9193000043742359,33.96590001648292,2,True,on_screen,0.6577763963274916,-4.590980293202307,-4.056191805383895,False,False,0,0.0
1789812500885,1305,2699,935.4098790078418,902.733410942832,958.3902412083638,886.593384454906,1,0,sidebar,0.1545137836595113,568,10,1.4,-9.886486703867929e-05,29.698782820279312,30.00932046148019,16.0399999585934,0.8374000317417085,30.3058999706991,1.8910000217147171,33.04870001738891,2,True,on_screen,0.6577763963274916,-4.591957213655718,-4.082758130623337,False,False,0,0.0
1789812500918,1306,2700,935.3544473511374,912.7380395382942,951.1372726228326,894.8251980913121,1,0,sidebar,0.16760894428793327,601,10,1.4,-9.961990504421363e-05,29.71181543901922,30.00891275820219,17.359099991153926,0.5253000417724252,31.622999988030642,1.9048999529331923,34.070299996528774,2,True,on_screen,0.6577763963274916,-4.559336199535096,-4.139499455360969,False,False,0,0.0
1789812500953,1307,2701,924.2365972742133,930.2760221098226,940.4517607238031,908.9070081935123,1,0,sidebar,0.186384667853705,636,10,1.4,-9.614345441651302e-05,29.645853995617,30.009506227464822,20.352500025182962,0.5728999967686832,28.70179997989908,1.9032999989576638,31.19230002630502,2,True,on_screen,0.6577763963274916,-4.567594204825184,-4.12454851014359,False,False,0,0.0
1789812500984,1308,2702,918.5571073297641,936.8146833434907,933.4411691348009,917.8429483590832,1,0,sidebar,0.19830223714121276,667,10,1.2,-9.009431956472948e-05,29.851061735606486,30.01006392989689,19.668599998112768,0.5164999747648835,28.853200026787817,1.9085999811068177,31.293299980461597,2,True,on_screen,0.6577763963274916,-4.544021532946488,-4.109313028054305,False,False,0,0.0
1789812501016,1309,2703,915.0652543096693,941.7888112614293,928.3859642790268,924.4304431081384,1,0,sidebar,0.20667811610704934,699,10,1.2,-8.807648035629931e-05,30.030162056742945,30.01097690326842,19.855700025800616,0.48940000124275684,27.998499979730695,1.768799964338541,30.27079999446869,2,True,on_screen,0.6577763963274916,-4.5518955162064,-4.124657834523099,False,False,0,0.0
1789812501046,1310,2704,913.3816899604798,950.1371264693579,924.3119145226642,931.4104745885818,1,0,sidebar,0.21309148146437618,729,10,1.2,-8.677511980348905e-05,30.302290774952084,30.011817932731002,1.7967000021599233,0.4412999842315912,28.216100006829947,1.8636999884620309,30.533099954482168,2,True,on_screen,0.6577763963274916,-4.560587007006063,-4.107308762667248,False,False,0,0.0
1789812501077,1311,2705,914.2906334463163,958.3273267835135,921.6800525561146,938.4795747376912,1,0,sidebar,0.21674447255091567,759,10,1.2,-8.283531509676971e-05,30.51529793134619,30.00165454967244,1.4884999836795032,0.4901000065729022,27.856400003656745,1.8731000018306077,30.232699995394796,2,True,on_screen,0.6577763963274916,-4.599967455077376,-4.010001554122552,False,False,0,0.0
1789812501108,1312,2706,920.1549276143736,947.6971422731601,921.4970375631057,939.5856828419476,1,0,sidebar,0.21689448594752359,791,10,1.2,-7.58896823074267e-05,30.68283531821556,30.001908414083843,0.22529996931552887,0.5112999933771789,28.84699997957796,2.36169999698177,31.736400036606938,2,True,on_screen,0.6577763963274916,-4.598806604782908,-4.007707541626169,False,False,0,0.0
1789812501141,1313,2707,919.8438011672288,949.1553655182692,921.2986491956004,940.7340447631062,1,0,sidebar,0.21705970457881762,824,10,1.2,-7.712914986528728e-05,30.68738090842618,30.002384552292806,0.36890001501888037,0.5640999879688025,28.53850001702085,1.972600002773106,31.091900018509477,2,True,on_screen,0.6577763963274916,-4.586571737956092,-3.9390575987996677,False,False,0,0.0
1789812501173,1314,2708,919.6573245825379,947.8598327721926,921.101690242033,941.5891393241966,1,0,sidebar,0.21726583269477928,856,10,1.2,-7.500756110056551e-05,30.72383749882174,30.013330871272263,0.22559997159987688,0.4878999898210168,30.31050000572577,1.8029999919235706,32.618099998217076,2,True,on_screen,0.6577763963274916,-4.5884473661259335,-3.945724863346753,False,False,0,0.0
1789812501206,1315,2709,917.5769263770068,950.4034908649352,920.6787185782298,942.6468615090853,1,0,sidebar,0.21783199317544755,889,10,1.2,-7.707143922756551e-05,30.68996074667712,30.013679205001008,0.9961000178009272,0.4700000281445682,29.463699960615486,2.0312999840825796,31.977800012100488,2,True,on_screen,0.6577763963274916,-4.610738487051037,-3.9847020406650593,False,False,0,0.0
1789812501238,1316,2710,913.8368127237536,950.4710468831767,919.8576898756927,943.5857637539763,1,0,sidebar,0.21911389894302413,921,10,1.2,-7.974377994997978e-05,30.718714157362104,30.014280797032164,1.0431999689899385,0.5014999769628048,28.78160000545904,1.9067000248469412,31.20409999974072,2,True,on_screen,0.6577763963274916,-4.65217925569371,-3.9863674456229976,False,False,0,0.0
1789812501270,1317,2711,907.3297888602646,953.0168059825804,917.961009258595,945.0135907277042,1,0,sidebar,0.22219444029708146,953,10,1.2,-8.141589971717711e-05,30.81948190001752,30.00367055233276,1.5025000320747495,0.48559997230768204,28.970299987122416,2.155900001525879,31.625900010112673,2,True,on_screen,0.6577763963274916,-4.668036634627754,-3.9929692272403696,False,False,0,0.0
1789812501302,1318,2712,911.2183120051886,949.784191246496,917.1518855881862,945.5860627899593,1,0,sidebar,0.2235121402360568,985,10,1.2,-8.848192778220833e-05,30.851857422085143,30.01517316236518,0.29289996018633246,0.5668000085279346,29.256200010422617,1.6835000133141875,31.522300036158413,2,True,on_screen,0.6577763963274916,-4.635247122660303,-3.975913321385583,False,False,0,0.0
1789812501334,1319,2713,916.1875939435694,939.1288535065544,917.0361705908322,944.8111976759507,1,0,sidebar,0.22385629105518123,1017,10,1.2,-9.777967448459414e-05,30.912819693708887,30.014948594578467,1.1220999876968563,0.48369995784014463,31.35830000974238,1.8764999695122242,33.73050002846867,2,True,on_screen,0.6577763963274916,-4.628081238632802,-4.089764817455741,False,False,0,0.0
1789812501368,1320,2714,918.9287350243752,928.9185901452661,917.3279272412086,942.3612023908661,1,0,sidebar,0.22377279432991792,1051,10,1.2,-8.756803888003081e-05,30.759534242946366,30.01558090564214,1.6867999802343547,0.45980000868439674,28.73249998083338,1.8989999662153423,31.10480000032112,2,True,on_screen,0.6577763963274916,-4.621677567054121,-4.105977160745387,False,False,0,0.0
1789812501399,1321,2715,931.9097477539748,913.9354247358505,921.5587255964725,934.1136908236617,1,0,sidebar,0.21758988970833149,1082,10,1.2,-9.570419632911123e-05,30.860705524124203,30.005058388694025,1.9962999504059553,0.4980000085197389,28.979299997445196,1.8586000078357756,31.35090001160279,2,True,on_screen,0.6577763963274916,-4.596684014839838,-4.018883663933031,False,False,0,0.0
1789812501445,1322,2716,943.9385051260876,921.7859338987356,926.8309049611383,931.2095448920093,1,0,sidebar,0.20867710337753753,1128,10,1.2,-0.00010145565033270292,29.96727602940537,30.010826121115688,0.27759996009990573,0.5330000421963632,32.485100033227354,1.9563999958336353,34.996400005184114,2,True,on_screen,0.6577763963274916,-4.59562730422212,-3.9192126095927886,False,False,0,0.0
1789812501480,1323,2717,939.9580785749004,913.3354189508394,929.5456236978333,927.5131494589763,1,0,sidebar,0.2043183004644782,1163,10,1.2,-0.00010757941664547681,29.80294423415343,30.011439525992536,2.0409999997355044,0.5075999652035534,28.799200023058802,1.839799981098622,31.16099996259436,2,True,on_screen,0.6577763963274916,-4.623935771493819,-4.007014722069022,False,False,0,0.0
1789812501512,1324,2718,942.177664444615,898.5127561988163,933.1767097297711,919.176972826986,1,0,sidebar,0.19867290448378527,1195,10,1.2,-0.00012078424551089338,30.00041057213714,30.012194023973063,1.9078999757766724,0.48450002213940024,28.475300001446158,1.7627999768592417,30.735099979210645,2,True,on_screen,0.6577763963274916,-4.625083458867579,-4.05971274676123,False,False,0,0.0
1789812501543,1325,2719,935.0740691252009,893.5741687876412,933.6256681272334,913.1187669331872,1,0,sidebar,0.19826119670617748,1226,10,1.2,-0.00013116432994553402,30.223794789326256,30.01273592656651,1.8501000013202429,0.47229998745024204,28.967300022486597,1.9426000071689487,31.395600002724677,2,True,on_screen,0.6577763963274916,-4.616966377666984,-4.125298671632554,False,False,0,0.0
1789812501574,1326,2720,935.4312860669054,889.9008064291351,934.0161881679052,908.0971736707704,1,0,sidebar,0.1977787871512786,1256,10,1.2,-0.00014330352888797943,30.343381932973184,30.01297781677436,1.2916999985463917,0.49840001156553626,29.693899967242032,1.9474999862723053,32.1570000378415,2,True,on_screen,0.6577763963274916,-4.604609482270803,-4.182614390367249,False,False,0,0.0
1789812501607,1327,2721,931.4121208344486,884.4455857873271,933.4417302764364,902.8796275916623,1,0,sidebar,0.19890505835578387,1290,10,1.2,-0.00014278462428635348,30.388155351643682,30.013279100800776,1.5204999945126474,0.46389998169615865,29.734899988397956,1.8760000239126384,32.08839998114854,2,True,on_screen,0.6577763963274916,-4.584758259627222,-4.184478807461933,False,False,0,0.0
1789812501639,1328,2722,920.0003715211367,886.353741728699,930.7623223870844,899.5853483624662,1,0,sidebar,0.20365448620581017,1322,10,1.2,-0.0001432023531203197,30.43945053861563,30.01358718288192,2.3245999473147094,0.4657000536099076,29.710400034673512,1.9245999865233898,32.114600006025285,2,True,on_screen,0.6577763963274916,-4.600679649120906,-4.187106362606175,False,False,0,0.0
1789812501672,1329,2723,916.3770467955717,886.6329822600396,928.1333800029917,897.218273501485,1,0,sidebar,0.20828402622459163,1355,10,1.2,-0.0001448752073745837,30.483946065641383,30.01362456587903,1.7133000073954463,0.443900004029274,30.482099973596632,2.0007999846711755,32.94100001221523,2,True,on_screen,0.6577763963274916,-4.627371588479377,-4.211046197884606,False,False,0,0.0
1789812501705,1330,2724,901.8113981497416,892.9055426412565,921.6805027032168,896.161000412279,1,0,sidebar,0.21966986486071516,1388,10,1.2,-0.0001377990347828182,30.442265452494254,30.013065012116225,2.0650000078603625,0.5383999668993056,32.30620000977069,1.8343999981880188,34.69300002325326,2,True,on_screen,0.6577763963274916,-4.604639340163288,-4.230732837671041,False,False,0,0.0
1789812501740,1331,2725,902.7741140295069,896.3711977604478,918.2978208206281,896.1986083750523,1,0,sidebar,0.22564627584039942,1423,10,1.2,-0.0001344359071261264,30.255704310236023,30.01350676067695,6.900899985339493,0.5041999975219369,29.440000012982637,1.7242999747395515,31.68140002526343,2,True,on_screen,0.6577763963274916,-4.6181382197078165,-4.180167616959941,False,False,0,0.0
1789812501772,1332,2726,896.338196675498,896.6354181462365,913.7963880263303,896.2881486065191,1,0,sidebar,0.23359985884715107,1455,10,1.2,-0.00013284283873650667,30.352830889035864,30.01318929438791,7.541499973740429,0.4794999840669334,31.19070001412183,2.2535999887622893,33.937100030016154,2,True,on_screen,0.6577763963274916,-4.620870037055482,-4.042805064476995,False,False,0,0.0
1789812501806,1333,2727,893.7556768835332,897.4377797269141,910.0114280649589,896.5052720274415,1,0,sidebar,0.2402895752774149,1489,10,1.2,-0.00012353975863630372,30.24013148081313,30.002506678079026,9.644399979151785,0.46449998626485467,28.39490002952516,3.1994999735616148,32.07229997497052,2,True,on_screen,0.6577763963274916,-4.600705468348764,-4.051582944479511,False,False,0,0.0
1789812501845,1334,2728,874.7865182833382,917.9034786757343,897.0068528768511,904.4052095708894,1,0,sidebar,0.26324826101397203,1528,10,1.2,-0.00012286849069492907,29.812138633227203,30.000895122015002,0.5076000234112144,0.5180999869480729,29.2454999871552,1.9820000161416829,31.766599975526333,2,True,on_screen,0.6577763963274916,-4.595205146748242,-4.0696491206560035,False,False,0,0.0
1789812501877,1335,2729,877.5079646141901,918.9075147203749,892.6212088755822,907.6670338721858,1,0,sidebar,0.27091149071127574,1560,10,1.2,-0.0001234872282516921,29.91765891254231,30.011925617921754,0.2324000233784318,0.5087999743409455,29.867000004742295,2.1992999827489257,32.58950001327321,2,True,on_screen,0.6577763963274916,-4.595486805768246,-4.100667879148054,False,False,0,0.0
1789812501910,1336,2730,865.7073804503501,924.4705145305169,884.8626437578673,912.5110455390544,1,0,sidebar,0.2844026648302629,1593,10,1.2,-0.00012103803662243291,29.970598433473043,30.01249418704398,1.5415999805554748,0.6200000061653554,28.401800023857504,2.306200040038675,31.34180000051856,2,True,on_screen,0.6577763963274916,-4.589702055403052,-4.095439480781104,False,False,0,0.0
1789812501941,1337,2731,855.7920861071423,926.5158824069354,876.3485954348675,916.6127163525791,1,0,sidebar,0.2991707438921978,1624,10,1.2,-0.00012155745866469087,30.137564874065333,30.012774950853977,0.6114999996498227,0.4361000028438866,29.970099974889308,1.7870000447146595,32.20439999131486,2,True,on_screen,0.6577763963274916,-4.576588875502495,-4.176984945275349,False,False,0,0.0
1789812501974,1338,2732,857.92080012365,925.8925419188705,872.7804234940421,918.4095679369484,1,0,sidebar,0.3053275381967119,1657,10,1.2,-0.0001190760848611954,30.172486632699396,30.012625959249668,1.3956999755464494,0.4859999753534794,30.775399995036423,1.8980000168085098,33.17459998652339,2,True,on_screen,0.6577763963274916,-4.577232623724285,-4.127647823014969,False,False,0,0.0
1789812502008,1339,2733,860.7454675167656,927.6032963401634,871.0134121541629,919.7594210128487,1,0,sidebar,0.3083295582360044,1690,10,1.2,-0.00011432373434671315,30.13089707687832,30.013074009002576,2.100599987898022,0.5053000058978796,29.02600000379607,1.9791999948211014,31.528099963907152,2,True,on_screen,0.6577763963274916,-4.6063237249569795,-4.176188046789559,False,False,0,0.0
1789812502040,1340,2734,873.5091631360351,922.3134765833153,871.3129022719875,920.0659076813047,1,0,sidebar,0.3077736163537378,1723,10,1.2,-0.00010794995128293565,30.25491464282447,30.01344361947611,2.080800011754036,0.5271999980323017,29.55039998050779,1.756099984049797,31.848100014030933,2,True,on_screen,0.6577763963274916,-4.574648287068783,-4.092852449686232,False,False,0,0.0
1789812502072,1341,2735,869.4250155713507,924.8261662483644,871.086355867911,920.6371387093519,1,0,sidebar,0.3081208772662095,1755,10,1.2,-0.00010405633862838569,30.339843086725132,30.013624540068044,2.253799990285188,0.49020000733435154,30.09259997634217,1.8699999782256782,32.467200013343245,2,True,on_screen,0.6577763963274916,-4.577963344947307,-4.115216109998656,False,False,0,0.0
1789812502105,1342,2736,869.8316035561173,920.254230260795,870.9357855904958,920.5911896955251,1,0,sidebar,0.30839078901979855,1788,10,1.2,-9.866962512261081e-05,30.351983191224605,30.014138808736718,1.9795999978668988,0.5635000416077673,28.90159998787567,1.9135999609716237,31.394299992825836,2,True,on_screen,0.6577763963274916,-4.588140753291867,-4.101545370461917,False,False,0,0.0
1789812502137,1343,2737,864.0651708693299,924.4675063779384,870.1113118239559,921.0563476974148,1,0,sidebar,0.3098015325701934,1820,10,1.2,-9.544845295052229e-05,30.461646641579378,30.014629950617703,1.679499982856214,0.5327999824658036,28.60379999037832,2.2701999987475574,31.421300023794174,2,True,on_screen,0.6577763963274916,-4.573497849823724,-4.093812905591686,False,False,0,0.0
1789812502168,1344,2738,855.5738845065475,931.6469572584627,867.6245767218019,922.8679502577337,1,0,sidebar,0.3140072858754861,1851,10,1.2,-8.757361150472757e-05,30.57321384340111,30.01505641363499,2.273599966429174,0.4635000368580222,29.265299963299185,2.031399984844029,31.773400027304888,2,True,on_screen,0.6577763963274916,-4.5740611471593695,-4.099080569203997,False,False,0,0.0
1789812502200,1345,2739,852.7492066602223,937.0285547964835,864.7562777775859,925.5984266680559,1,0,sidebar,0.31876252548562967,1883,10,1.2,-8.895285533609687e-05,30.62259205803095,30.01546817576834,2.215099986642599,0.5384000251069665,29.34609999647364,1.7497999942861497,31.649200012907386,2,True,on_screen,0.6577763963274916,-4.5703142875125025,-4.095902935386768,False,False,0,0.0
1789812502232,1346,2740,847.9308582569976,939.5970130637057,861.3182876682222,928.4588012051917,1,0,sidebar,0.3244654868068,1915,10,1.2,-9.155494873169974e-05,30.69231128720715,30.004495067592497,1.7482000403106213,0.4828000091947615,30.344200029503554,2.2634000051766634,33.105499984230846,2,True,on_screen,0.6577763963274916,-4.571401382439234,-4.100710894792233,False,False,0,0.0
1789812502277,1347,2741,846.9021120750924,940.2807241432882,858.7714390641593,930.5473334749137,1,0,sidebar,0.3286658181285983,1960,10,1.2,-9.412577092779255e-05,29.878812540560464,30.011857047713885,0.23720000172033906,0.5148999625816941,30.677400005515665,1.8002999713644385,33.0132000381127,2,True,on_screen,0.6577763963274916,-4.5574773325609215,-4.094592538945697,False,False,0,0.0
1789812502310,1348,2742,834.6564498260547,941.7131299502843,852.8798457513573,933.2752771284177,1,0,sidebar,0.33862912526813016,1993,10,1.2,-8.80717597251477e-05,29.892356961278093,30.012377310117895,1.5381000121124089,0.5185999907553196,28.713100007735193,2.185199991799891,31.431799987331033,2,True,on_screen,0.6577763963274916,-4.561406181180985,-4.081835607760975,False,False,0,0.0
1789812502342,1349,2743,830.1783828993407,947.5587290965034,847.2858515161195,936.7949422922716,1,0,sidebar,0.34788167011331717,2025,10,1.2,-8.86859245718425e-05,30.04732053450931,30.01269824794045,1.04599999031052,0.5902000120840967,29.248700011521578,2.1132000256329775,31.968900002539158,2,True,on_screen,0.6577763963274916,-4.5450318072812195,-4.099744509464139,False,False,0,0.0
1789812502374,1350,2744,828.3064544655764,943.1586858762018,843.7103677936823,937.9937928952445,1,0,sidebar,0.3539499640130831,2057,10,1.2,-7.934447917796843e-05,30.140309178303784,30.01343289731497,1.9968999549746513,0.520200002938509,28.381300042383373,1.8530000234022737,30.767400050535798,2,True,on_screen,0.6577763963274916,-4.5413823445615265,-4.168319917817746,False,False,0,0.0
1789812502405,1351,2745,814.1015232926618,958.573317603944,834.0814800934999,944.686317905343,1,0,sidebar,0.36949537293717594,2088,10,1.2,-7.975316008051493e-05,30.346133169033028,30.013602468495044,1.1348000261932611,0.4450000124052167,30.12580005452037,1.9286000169813633,32.511600002180785,2,True,on_screen,0.6577763963274916,-4.509726944788412,-4.225741344697895,False,False,0,0.0
1789812502438,1352,2746,792.2262611171037,954.2738864193627,818.0135224819556,948.3669256825458,1,0,sidebar,0.39676149461094457,2121,10,1.2,-8.041481907261096e-05,30.36477783391826,30.00362198130194,0.6636999896727502,0.42990001384168863,27.769299980718642,1.9830000237561762,30.194099992513657,2,True,on_screen,0.6577763963274916,-4.520688182392149,-4.264217467737158,False,False,0,0.0
1789812502468,1353,2747,761.6451454761693,960.9156811508933,789.2540373576837,954.7693762300047,1,0,sidebar,0.4451503555481445,2151,10,1.2,-7.443382099536593e-05,30.59125151983717,30.004426138929816,0.2530000056140125,0.47799997264519334,28.160099987871945,1.7695000278763473,30.422199983149767,2,True,on_screen,0.6577763963274916,-4.516954381761224,-4.2956528562970275,False,False,0,0.0
1789812502500,1354,2748,751.5497260925634,962.7070340782316,776.197335941089,957.5181236542087,1,0,sidebar,0.46694413711449123,2183,10,1.2,-7.357862521641285e-05,30.694701714023523,30.004650229453134,0.26790000265464187,0.4455999587662518,28.95970002282411,2.0267999498173594,31.44689998589456,2,True,on_screen,0.6577763963274916,-4.507134803057767,-4.357747240477313,False,False,0,0.0
1789812502533,1355,2749,736.504679117485,962.9097754850053,761.9353213401045,959.4554043324956,1,0,sidebar,0.4909603957082713,2216,10,1.2,-7.402819749754118e-05,30.66953838401804,30.01423999969363,0.29530003666877747,0.5507000023499131,33.643500006292015,1.7590999486856163,35.97139997873455,2,True,on_screen,0.6577763963274916,-4.510771677192537,-4.379746394923017,False,False,0,0.0
1789812502569,1356,2750,720.7939628482839,968.0334165052369,746.461849450629,962.6816378621658,1,0,sidebar,0.5164022906383944,2252,10,1.2,-7.379494862304152e-05,30.356570940659548,30.01474994204425,4.1745000053197145,0.507200020365417,29.260499984957278,1.6392000252380967,31.420599960256368,2,True,on_screen,0.6577763963274916,-4.517526365362414,-4.4269205377967005,False,False,0,0.0
1789812502601,1357,2751,718.8262952777626,968.9548756688705,739.2943248638862,964.30865738697,1,0,sidebar,0.5280358519352678,2284,10,1.2,-7.342417933088076e-05,30.46894365509338,30.014865451080464,1.7407999839633703,0.46579999616369605,30.391399981454015,1.7479000380262733,32.61870000278577,2,True,on_screen,0.6577763963274916,-4.52007092234382,-4.373010057859213,False,False,0,0.0
1789812502634,1358,2752,711.7390489276121,967.3085480830113,732.2934641593943,965.0708278308537,1,0,sidebar,0.5396962522011786,2317,10,1.2,-7.382149437086712e-05,30.460417804707205,30.005139819410743,5.2578000468201935,0.4746999475173652,27.161300007719547,1.7754000145941973,29.425599961541593,2,True,on_screen,0.6577763963274916,-4.521486193142806,-4.418537383105576,False,False,0,0.0
1789812502677,1359,2753,704.5379050677217,962.5844385383272,725.2065358981251,964.4359689729389,1,0,sidebar,0.552095183608931,2360,10,1.2,-7.793294178612582e-05,29.755375349898184,30.001564691136743,0.24240004131570458,0.5373999592848122,28.588599991053343,1.823800033889711,30.96979996189475,2,True,on_screen,0.6577763963274916,-4.5171599656935655,-4.487649010212913,False,False,0,0.0
1789812502709,1360,2754,694.9021607855283,961.7186911742431,716.8072977422254,963.6828413046671,1,0,sidebar,0.5667775979622323,2392,10,1.2,-7.47107288871264e-05,29.91705334896507,30.012498653329374,0.19690004410222173,0.458399998024106,30.145300028380007,1.6830999520607293,32.30309998616576,2,True,on_screen,0.6577763963274916,-4.537339539052823,-4.511598365435576,False,False,0,0.0
1789812502742,1361,2755,700.1699660673792,959.9251685620259,714.093280607891,963.0698591024689,1,0,sidebar,0.5716890329475444,2425,10,1.2,-7.297891215902325e-05,29.932251867829024,30.01222893789057,1.4202999882400036,0.5084999720565975,30.67529998952523,1.9874999998137355,33.19109999574721,2,True,on_screen,0.6577763963274916,-4.535724967806573,-4.532456883870011,False,False,0,0.0
1789812502775,1362,2756,699.3849455418299,959.2881005622477,711.9284939330765,962.5132563015082,1,0,sidebar,0.5756376101420184,2458,10,1.2,-7.261458234616644e-05,29.922257937922573,30.01276339301295,2.0954000065103173,0.6185999955050647,29.0720000048168,1.6488999826833606,31.354699982330203,2,True,on_screen,0.6577763963274916,-4.541067065165379,-4.576613332712757,False,False,0,0.0
1789812502807,1363,2757,696.9264342343241,963.9111453622367,709.7357913549004,962.7175719094323,1,0,sidebar,0.579281766933678,2490,10,1.2,-7.036227827520412e-05,30.093017623799152,30.013165071367563,1.6940999776124954,0.45089999912306666,29.275600041728467,2.0880000083707273,31.82790003484115,2,True,on_screen,0.6577763963274916,-4.54316314776014,-4.57213010684019,False,False,0,0.0
1789812502839,1364,2758,684.9226373056925,968.1901536227166,703.9202085811089,964.0002082029412,1,0,sidebar,0.5885673819545658,2522,10,1.2,-6.902886831435667e-05,30.195461769021087,30.0128026740529,1.7721999902278185,0.5026000435464084,32.04449999611825,1.559700001962483,34.12020002724603,2,True,on_screen,0.6577763963274916,-4.53876432271602,-4.5841440246303735,False,False,0,0.0
1789812502874,1365,2759,676.8818931578959,970.5761632467852,697.0256903765246,965.6770153949819,1,0,sidebar,0.5994166993530834,2557,10,1.2,-6.703349926011001e-05,30.062734949895756,30.011138111988966,4.673600022215396,0.5114000523462892,35.48410005168989,1.8872000509873033,37.89969999343157,2,True,on_screen,0.6577763963274916,-4.5438954281088115,-4.596386118113878,False,False,0,0.0
1789812502912,1366,2760,676.3521540687678,969.5482754979298,692.9520714385558,966.4398282120255,1,0,sidebar,0.6059001172933937,2595,10,1.2,-6.649544586777474e-05,29.675812169393197,30.010512570614143,9.991700004320592,0.45300001511350274,32.19769999850541,2.2972000297158957,34.96129997074604,2,True,on_screen,0.6577763963274916,-4.556522146231316,-4.599076086411621,False,False,0,0.0
1789812502947,1367,2761,681.5204205714593,967.9004552895178,691.5802733345042,966.6151034613247,1,0,sidebar,0.6081200912256961,2630,10,1.2,-6.447235661327308e-05,29.53426323156469,30.009444489366345,13.745200005359948,0.8899999666027725,33.57789997244254,1.6901000053621829,36.17300000041723,2,True,on_screen,0.6577763963274916,-4.561426910245302,-4.61347096254324,False,False,0,0.0
1789812502984,1368,2762,678.1873588908411,967.5853050180399,689.8099967788867,966.7433447845483,1,0,sidebar,0.6110334572837415,2667,10,1.2,-6.341260665567415e-05,29.32429102996786,30.01001751328629,18.635099986568093,0.48290000995621085,28.913900023326278,1.8774999771267176,31.28740005195141,2,True,on_screen,0.6577763963274916,-4.563780720322512,-4.613063746735898,False,False,0,0.0
1789812503016,1369,2763,679.54338970135,965.8503809015373,688.5780039295822,966.6361891185869,1,0,sidebar,0.6131646474777976,2699,10,1.2,-6.402466803785527e-05,29.5312146553769,30.0107840886336,18.851100001484156,0.6301000248640776,28.006099979393184,1.750800001900643,30.403300013858825,2,True,on_screen,0.6577763963274916,-4.568569164924185,-4.595443282211569,False,False,0,0.0
1789812503046,1370,2764,681.4256025716685,961.3805703041725,687.7197157666326,966.0055148608571,1,0,sidebar,0.6149476408067609,2729,10,1.2,-6.400726537994332e-05,29.83414945065925,30.010917103338784,17.950700013898313,0.48369995784014463,30.29750002315268,1.8084999755956233,32.60410000802949,2,True,on_screen,0.6577763963274916,-4.584603241271424,-4.592837430642179,False,False,0,0.0
1789812503079,1371,2765,1098.9856518970475,838.0058109106939,975.6058710579231,876.4057220957428,1,0,sidebar,0.1234397371345266,2762,10,1.2,-0.00010877744580003491,29.888466173982174,30.011606875040275,1.8785999855026603,0.4640999832190573,28.561999963130802,1.8488999921828508,30.887800035998225,2,True,on_screen,0.6577763963274916,-4.602616797106037,-4.383621653180931,False,False,0,0.0
1789812503110,1372,2766,1385.8050332316134,700.1783599219766,1262.7452845795062,753.0465685741065,1,1,main_file,0.5932277983278611,0,19,1.4,-0.00016716352806124025,30.107143121400963,30.012530008934192,1.892399974167347,0.5548999761231244,27.892799989786,1.734199991915375,30.195800005458295,2,True,on_screen,0.6577763963274916,-4.617586464447072,-4.279011830510904,False,False,0,0.0
1789812503141,1373,2767,1541.6559307342563,632.4626163043853,1457.9827368878314,668.6378019853016,1,1,main_file,0.5900281460584772,31,19,1.4,-0.0002101831297850118,30.380026582152702,30.002432224648626,0.7150999736040831,0.47309999354183674,28.348200023174286,1.9372999668121338,30.771000019740313,2,True,on_screen,0.6577763963274916,-4.600165812528843,-4.16174699371467,False,False,0,0.0
1789812503172,1374,2768,1651.3996903470993,566.4499678777432,1593.374604309319,597.1063181100108,0,1,main_file,0.40930030087692437,62,19,1.4,-0.00023221979604817929,30.510260451893327,30.013046635620842,0.21309999283403158,0.4792999825440347,30.846600013319403,1.8851000349968672,33.228799991775304,2,True,on_screen,0.6577763963274916,-4.592929349659386,-4.09221450869137,False,False,0,0.0
1789812503206,1375,2769,1710.6938433763492,540.5554554699302,1675.49807165624,557.5207142619544,0,1,main_file,0.3834971874034685,96,19,1.4,-0.0002373909033370463,30.444317942591905,30.012964636412516,1.2376999948173761,0.6897000130265951,30.5995000526309,1.9966000108979642,33.30010001081973,2,True,on_screen,0.6577763963274916,-4.593222953106135,-3.957549106575351,False,False,0,0.0
1789812503240,1376,2770,1713.9087699277231,543.4741728891174,1689.5751001964645,552.3728369075957,0,1,main_file,0.37294711815855164,130,19,1.4,-0.00025381907180539905,30.37612977513833,30.013048386706902,2.38389999140054,1.16610003169626,29.76539998780936,1.8158999737352133,32.761900045443326,2,True,on_screen,0.6577763963274916,-4.607475842162955,-3.849317072752032,False,False,0,0.0
1789812503273,1377,2771,1725.106378821705,519.7125737565726,1704.828272079491,538.3521591593558,0,1,main_file,0.3705476552817242,163,19,1.4,-0.0002575783940950583,30.36228665109523,30.013064485587304,3.8716999697498977,0.4751000087708235,30.640500015579164,1.8304000259377062,32.95980003895238,2,True,on_screen,0.6577763963274916,-4.612460306867945,-3.8144201547453194,False,False,0,0.0
1789812503306,1378,2772,1717.867700501153,520.8059266672516,1707.4897144789768,534.7708451940791,0,1,main_file,0.3712364324137378,196,19,1.4,-0.00025551842829090766,30.332021818849316,30.013500858475396,4.577799991238862,0.47880003694444895,29.404499975498766,1.7714999848976731,31.66800003964454,2,True,on_screen,0.6577763963274916,-4.62486117204088,-3.750142374838069,False,False,0,0.0
1789812503338,1379,2773,1615.2004313390933,559.2018074353754,1642.8872162810583,551.8725187629865,0,1,main_file,0.42861900369283057,228,19,1.4,-0.0002443311173826023,30.42489422127573,30.014033280904826,5.370400031097233,0.47479994827881455,29.0544000454247,1.8147000228054821,31.357800005935133,2,True,on_screen,0.6577763963274916,-4.666972399110108,-3.7457477987002226,False,False,0,0.0
1789812503370,1380,2774,1521.5065474412115,605.2091002245573,1557.9207480931655,589.2081257860862,0,1,main_file,0.44822768006650127,259,19,1.4,-0.00021972156650203363,30.538571951070033,30.01476632402901,4.932600015308708,0.47879997873678803,28.392300009727478,1.8481999868527055,30.733599967788905,2,True,on_screen,0.6577763963274916,-4.698762842685113,-3.7251201714028075,False,False,0,0.0
1789812503401,1381,2775,1452.2520279890953,657.6125614201623,1483.9526440203163,637.0912307299394,1,1,main_file,0.5290828407275472,291,19,1.4,-0.00018767926090471586,30.702124805950575,30.01535990632685,2.34990002354607,0.4765000194311142,28.955400048289448,1.6944000381045043,31.14049998112023,2,True,on_screen,0.6577763963274916,-4.715421530174439,-3.7149074802646753,False,False,0,0.0
1789812503432,1382,2776,1393.6473299844295,702.0252585533734,1420.7389241951955,682.5450502063431,1,1,main_file,0.6143262934011787,322,19,1.4,-0.00016791415380940956,30.81328222359098,30.003590519734868,3.6165000055916607,0.44510001316666603,33.02229999098927,2.5050999829545617,35.98709998186678,2,True,on_screen,0.6577763963274916,-4.717998005862455,-3.7019300655911915,False,False,0,0.0
1789812503477,1383,2777,1323.8985101047738,743.8655424334108,1352.9506343319003,725.4693947652906,1,1,main_file,0.6554394309752918,367,19,1.4,-0.0001508811902614319,29.934786401619697,30.011157117610807,0.25810004444792867,0.5293000140227377,31.005900003947318,2.3516000364907086,33.90509996097535,2,True,on_screen,0.6577763963274916,-4.731478470959786,-3.7210070119995726,False,False,0,0.0
1789812503512,1384,2778,1290.6194040545558,756.3372647443374,1314.8714250924131,744.3271018004209,1,1,main_file,0.6471481820841012,402,19,1.4,-0.00014425749727968278,29.870852220271374,30.011035367656508,2.71869997959584,0.44159998651593924,30.458500026725233,2.55430000834167,33.46669999882579,2,True,on_screen,0.6577763963274916,-4.715640071688824,-3.847095952973981,False,False,0,0.0
1789812503545,1385,2779,1244.5489753054167,781.744987618563,1265.8510401403005,770.410367847826,1,1,main_file,0.6165025063213911,435,19,1.4,-0.00012806330775860277,29.84529087902641,30.011441311444166,4.835500032640994,0.4851999692618847,29.212100023869425,2.0579000120051205,31.76839998923242,2,True,on_screen,0.6577763963274916,-4.712959093691552,-3.899122713656429,False,False,0,0.0
1789812503577,1386,2780,1211.2086805203712,805.5086125035498,1234.6186713840452,790.4717511301287,1,1,main_file,0.5887887952091367,467,19,1.4,-0.00011043645143868526,29.972836956796208,30.011696435482595,4.920999985188246,0.5381000228226185,29.478899959940463,2.134700014721602,32.1684000082314,2,True,on_screen,0.6577763963274916,-4.725376779276161,-3.9514611483988062,False,False,0,0.0
1789812503610,1387,2781,1185.5293704408557,833.3760596490176,1206.454571277694,815.0873235033876,1,1,main_file,0.5609793062995734,500,19,1.4,-9.861839143653767e-05,30.056154099049984,30.012425931880763,5.928699974901974,0.47480000648647547,28.545100009068847,1.7415000475011766,30.77439998742193,2,True,on_screen,0.6577763963274916,-4.726637096855939,-3.9646988211431604,False,False,0,0.0
1789812503641,1388,2782,1159.636735082847,858.0649213653727,1180.249843802207,839.1426052305758,1,1,main_file,0.5286823324265764,531,19,1.4,-9.502926926585435e-05,30.26383401939173,30.01328237110785,4.769699997268617,0.48829999286681414,27.98740001162514,1.8361000111326575,30.327300017233938,2,True,on_screen,0.6577763963274916,-4.728631344546756,-3.98832690729493,False,False,0,0.0
1789812503672,1389,2783,1137.7356949348434,873.3191910633691,1159.7193360223107,855.6468204159606,1,1,main_file,0.49867698401988403,562,19,1.4,-9.063387179425973e-05,30.49926327488689,30.014014992567983,1.9406999927014112,0.48859999515116215,28.368800005409867,1.8515000119805336,30.72390001034364,2,True,on_screen,0.6577763963274916,-4.732950626994636,-3.9931361967357284,False,False,0,0.0
1789812503703,1390,2784,1122.7819929082664,889.6858296671105,1143.2424463111709,870.8308307974331,1,1,main_file,0.473202837886873,593,19,1.4,-8.781307537401861e-05,30.67308436102957,30.013794835851513,1.900999981444329,0.47150003956630826,30.89120000367984,2.3259000154212117,33.7023000465706,2,True,on_screen,0.6577763963274916,-4.732160634424673,-3.988854592590693,False,False,0,0.0
1789812503737,1391,2785,1111.5212799239348,894.6430005404419,1131.9509900018875,879.3070031739513,1,1,main_file,0.45455468754046224,627,19,1.4,-8.399345066805071e-05,30.545508463388547,30.01350383594822,2.09060002816841,0.4759999574162066,31.595900014508516,1.8182999920099974,33.90369995031506,2,True,on_screen,0.6577763963274916,-4.727104991898614,-4.006961560639723,False,False,0,0.0
1789812503771,1392,2786,1095.8860646162016,911.1830826014842,1116.5083045184513,892.956061470348,1,1,main_file,0.42836367854548973,661,19,1.4,-8.823355610461901e-05,30.414122239293107,30.014248012316006,6.780299998354167,0.48020004760473967,28.39960000710562,1.8162000342272222,30.710300023201853,2,True,on_screen,0.6577763963274916,-4.728507469876433,-4.034971252238857,False,False,0,0.0
1789812503802,1393,2787,1088.651254498445,913.8641332459335,1107.7408381925143,899.5364716394458,1,1,main_file,0.41300941690449344,692,19,1.4,-8.599158928616901e-05,30.597029118768344,30.014964774587146,5.308899970259517,0.49020000733435154,28.408900019712746,1.8816000083461404,30.79530003014952,2,True,on_screen,0.6577763963274916,-4.715411446300294,-4.071742760051988,False,False,0,0.0
1789812503833,1394,2788,1077.6140889579272,920.0148992594332,1097.8485680558983,906.2606666865995,1,1,main_file,0.395432495544897,723,19,1.4,-8.426574198769875e-05,30.746445237235548,30.004235160213433,4.5543999876827,0.5117999971844256,30.536999984178692,1.7873999895527959,32.850799965672195,2,True,on_screen,0.6577763963274916,-4.713548397463455,-4.070204431282355,False,False,0,0.0
1789812503877,1395,2789,1068.4481633367695,922.1744826907326,1088.9463011851103,911.079275081784,1,1,main_file,0.3794975813721998,767,19,1.2,-7.93213095863065e-05,29.970149350819945,30.00147959251636,0.2646999782882631,0.4993000184185803,28.612099995370954,2.076399978250265,31.207400024868548,2,True,on_screen,0.6577763963274916,-4.70922564617598,-4.048099557803874,False,False,0,0.0
1789812503909,1396,2790,1064.286277298622,923.9694134815386,1082.6583809999067,914.3660586553513,1,1,main_file,0.36818777108558964,799,19,1.2,-8.057059334846788e-05,30.102153250809906,30.00189415184584,0.3250999725423753,0.5734000005759299,28.715999971609563,1.9870999967679381,31.295299995690584,2,True,on_screen,0.6577763963274916,-4.713182306993133,-4.051065503117655,False,False,0,0.0
1789812503941,1397,2791,1051.8541817797438,920.3813649302848,1073.8683598018629,916.0825346880988,1,1,main_file,0.35254501437164076,831,19,1.2,-8.093298206338258e-05,30.196457792128374,30.00203719316413,0.27250003768131137,0.5052000051364303,29.439100006129593,2.011000004131347,31.97169996565208,2,True,on_screen,0.6577763963274916,-4.699515248365486,-4.057719579783769,False,False,0,0.0
1789812503973,1398,2792,1007.1414002744584,916.093578159738,1034.7137286120324,916.0890148733515,1,1,main_file,0.28343172399300365,863,19,1.2,-7.813139347525623e-05,30.270948007113702,30.002592387336783,0.17690000822767615,0.47109997831285,28.77299999818206,2.002699999138713,31.262099975720048,2,True,on_screen,0.6577763963274916,-4.7070112994452415,-4.064274514119461,False,False,0,0.0
1789812504005,1399,2793,922.5422805765763,929.18689123856,956.1937149872131,925.2575283289974,1,0,sidebar,0.1575435771639614,0,11,1.4,-7.847742858293691e-05,30.388843554137445,30.003085161508814,0.298099999781698,0.5780999781563878,28.828100010287017,1.841000048443675,31.266900012269616,2,True,on_screen,0.6577763963274916,-4.7059429823695496,-4.107047408165881,False,False,0,0.0
1789812504037,1400,2794,862.7582463180593,929.9920754060664,890.7888869188055,928.5717112829458,1,0,sidebar,0.27252112981930143,31,11,1.4,-7.952638766972782e-05,30.486948378599585,30.003482293946117,0.20100001711398363,0.4697999684140086,29.130999988410622,1.868500025011599,31.485999992582947,2,True,on_screen,0.6577763963274916,-4.7035570833035365,-4.153348428886489,False,False,0,0.0
1789812504069,1401,2795,819.150936635512,936.3445364483999,845.4948753825356,933.4861795406396,1,0,sidebar,0.3515893142070784,63,11,1.4,-7.98973097244221e-05,30.505267800956005,30.013641103271905,0.7068000268191099,0.5610000225715339,29.729000001680106,3.688999975565821,33.99839997291565,2,True,on_screen,0.6577763963274916,-4.692030892743048,-4.201939220627859,False,False,0,0.0
1789812504104,1402,2796,795.0129744236838,937.9642745433957,822.7821209582771,935.5009585040746,1,0,sidebar,0.39118035316684574,98,11,1.4,-8.173815326441292e-05,30.36720403458711,30.012917078796608,1.184099994134158,4.461100033950061,28.965899953618646,1.7875999910756946,35.229100030846894,2,True,on_screen,0.6577763963274916,-4.6708678771096,-4.234769484399974,False,False,0,0.0
1789812504139,1403,2797,771.6489131782063,934.7313350682988,799.5762021870039,935.1516782670142,1,0,sidebar,0.43201137484449226,133,11,1.4,-8.573346733674846e-05,30.141509596283722,30.013180742077004,6.516600027680397,0.49350003246217966,29.890200006775558,1.7554000369273126,32.1548999636434,2,True,on_screen,0.6577763963274916,-4.669828232685944,-4.260529121265477,False,False,0,0.0
1789812504172,1404,2798,745.8108325158153,931.1101719755184,773.901742607205,933.2217465924605,1,0,sidebar,0.47746799477325386,166,11,1.4,-9.240416464031433e-05,30.21159848261597,30.013843072854733,7.1017000009305775,0.4490000428631902,28.672299988102168,1.8587999511510134,30.992800020612776,2,True,on_screen,0.6577763963274916,-4.680785735950906,-4.229767624653554,False,False,0,0.0
1789812504203,1405,2799,739.7892023600638,931.920857211305,763.3671606359846,932.8200079437997,1,0,sidebar,0.4960390949847353,197,11,1.4,-9.260753773356577e-05,30.384592053065052,30.01366942560991,6.44650001777336,0.4831000114791095,30.98460001638159,2.0619999850168824,33.54330000001937,2,True,on_screen,0.6577763963274916,-4.6820973926504905,-4.24395090771798,False,False,0,0.0
1789812504237,1406,2800,724.1760449259438,932.9521572628752,749.5747832450623,932.8665147412619,1,0,sidebar,0.5202256448986449,231,11,1.4,-9.596301577848368e-05,30.2953763689319,30.003243768566485,7.902499986812472,0.4859999753534794,29.681799991521984,1.869400031864643,32.053900009486824,2,True,on_screen,0.6577763963274916,-4.689025056423702,-4.291947359664537,False,False,0,0.0
1789812504277,1407,2801,727.119984784659,928.4556389469243,744.7956513306311,931.9277328895128,1,0,sidebar,0.5288070062459409,271,11,1.4,-8.692767108857413e-05,29.776994540277062,30.011900586173013,0.3798000398091972,0.5573999951593578,29.433100018650293,1.9415999995544553,31.95249999407679,2,True,on_screen,0.6577763963274916,-4.675112127698554,-4.315545470416045,False,False,0,0.0
1789812504309,1408,2802,722.3097612656545,926.6922015999803,739.9708846877505,930.8043521093657,1,0,sidebar,0.5375060516163048,303,11,1.4,-8.870396317796174e-05,29.877534704223077,30.01214015160586,1.040700008161366,0.6682999664917588,29.38490000087768,1.9697999814525247,32.04130002995953,2,True,on_screen,0.6577763963274916,-4.661633928896578,-4.306821744208565,False,False,0,0.0
1789812504342,1409,2803,719.4941466095853,923.5100214352219,735.8130372598741,929.3232219647208,1,0,sidebar,0.5451051301349186,336,11,1.4,-8.718032451751796e-05,29.980675149544943,30.01138359394219,1.296800037380308,0.5196999991312623,32.76239999104291,2.0666999625973403,35.36320000421256,2,True,on_screen,0.6577763963274916,-4.64518644612923,-4.303155216775966,False,False,0,0.0
1789812504377,1410,2804,709.2000467181223,923.8211516926482,729.1746759411869,927.9507820501038,1,0,sidebar,0.557031403213387,371,11,1.4,-8.418513654929495e-05,29.782473240018053,30.01177119443571,2.1874000085517764,0.5382000235840678,29.27669999189675,1.9292999641038477,31.760699988808483,2,True,on_screen,0.6577763963274916,-4.625499353821596,-4.304061345109064,False,False,0,0.0
1789812504409,1411,2805,696.9907721501422,929.549021699655,719.7610418179213,928.4182593145106,1,0,sidebar,0.5734580200473485,403,11,1.4,-8.326449203162854e-05,29.91978188810276,30.012387629051407,4.944799991790205,0.5149999633431435,28.727800003252923,1.806700020097196,31.063599977642298,2,True,on_screen,0.6577763963274916,-4.612035524562486,-4.29025360738024,False,False,0,0.0
1789812504441,1412,2806,684.9759880327376,932.0482711483531,708.7705561729081,929.5651769877575,1,0,sidebar,0.592478384334473,435,11,1.4,-8.313628359893875e-05,30.11584726467376,30.012450162969934,4.449400003068149,0.48180000158026814,30.11809999588877,2.2074999869801104,32.821300032082945,2,True,on_screen,0.6577763963274916,-4.608739118725055,-4.305913939119225,False,False,0,0.0
1789812504474,1413,2807,691.2818989716161,930.7375996782894,705.8473299330063,929.7611472520134,1,0,sidebar,0.5975545169804707,468,11,1.4,-8.38896986744761e-05,30.121636575672763,30.01267756664155,5.648699996527284,0.6989999674260616,29.61590001359582,1.9598999642767012,32.29030000511557,2,True,on_screen,0.6577763963274916,-4.6089880765499345,-4.310047075134949,False,False,0,0.0
1789812504507,1414,2808,701.8527240748683,928.1535881865576,705.3679772300297,929.5682401641587,1,0,sidebar,0.5984385735210216,501,11,1.4,-8.450232372145781e-05,30.176825855047856,30.013014450825562,6.085500004701316,0.4895000020042062,29.613299993798137,1.8408999894745648,31.957500032149255,2,True,on_screen,0.6577763963274916,-4.601447404457559,-4.335617283265196,False,False,0,0.0
1789812504539,1415,2809,718.7984089521344,921.7967715860345,707.3824956268849,928.4025467043241,1,0,sidebar,0.5951699853622936,533,11,1.4,-8.477942454979126e-05,30.260735939035097,30.01344297839519,6.175799993798137,0.46040001325309277,29.477200005203485,1.747499976772815,31.698200036771595,2,True,on_screen,0.6577763963274916,-4.59183684674025,-4.241531316872029,False,False,0,0.0
1789812504571,1416,2810,734.1264256429387,914.1427481990718,714.768022945794,924.4646014823818,1,0,sidebar,0.5829981074225976,565,11,1.4,-8.096490053051235e-05,30.360922616389615,30.013730496929952,6.020899978466332,0.479700043797493,29.650500044226646,1.9901999621652067,32.132400025147945,2,True,on_screen,0.6577763963274916,-4.59016350260589,-4.181526673886357,False,False,0,0.0
1789812504603,1417,2811,746.8341998321503,909.7024116194793,724.9889239970869,919.7592422365988,1,0,sidebar,0.5657816566405967,597,11,1.4,-8.068516974233005e-05,30.405412212453424,30.013311896457434,6.266800046432763,0.4980000085197389,31.94920002715662,1.8339999951422215,34.29569996660575,2,True,on_screen,0.6577763963274916,-4.5664833458303065,-4.1425642767238315,False,False,0,0.0
1789812504638,1418,2812,760.4406607248536,907.3059031530875,736.9766872193035,915.5482304769919,1,0,sidebar,0.545178537020093,632,11,1.4,-8.002792966746788e-05,30.24639151280041,30.0034597126002,8.08210001559928,0.5022000405006111,27.839900052640587,1.9975000177510083,30.357000010553747,2,True,on_screen,0.6577763963274916,-4.5610499305241206,-4.093196629525244,False,False,0,0.0
1789812504676,1419,2813,791.6245035778965,900.8100363372249,764.3232547299255,908.1730223189368,1,0,sidebar,0.4974891027509257,671,11,1.2,-7.928287943103317e-05,29.819742039946348,30.001620076820714,0.3665999975055456,0.47149998135864735,28.523100016172975,1.9306999747641385,30.944199999794364,2,True,on_screen,0.6577763963274916,-4.56721473271503,-4.112714512826277,False,False,0,0.0
1789812504708,1420,2814,798.5153908655177,898.6940550041888,775.2744941240035,905.1370482031111,1,0,sidebar,0.4782704979018,702,11,1.0,-7.941361901066084e-05,29.97809656166814,30.001834653779884,0.24500000290572643,0.5239000311121345,29.233899957034737,1.9862999906763434,31.761599995661527,2,True,on_screen,0.6577763963274916,-4.577988545496396,-4.075682687196574,False,False,0,0.0
1789812504741,1421,2815,810.8032845063706,892.2672595094481,787.3527100952142,900.7618897563137,1,0,sidebar,0.45700962985620663,735,11,1.0,-7.982410147083958e-05,29.995559262902084,30.0123726112717,0.255199964158237,0.47339999582618475,29.54159997170791,2.271600009407848,32.302900042850524,2,True,on_screen,0.6577763963274916,-4.576785055255016,-4.094232390646305,False,False,0,0.0
1789812504774,1422,2816,823.6800199607744,885.3677588859564,800.2187610463685,895.3097471985592,1,0,sidebar,0.434220640168007,768,11,1.0,-8.280363572619152e-05,30.04823619804107,30.01240157820082,1.565599988680333,0.514600018505007,30.48539999872446,1.7532999627292156,32.76880003977567,2,True,on_screen,0.6577763963274916,-4.5763094442741306,-4.105039176909239,False,False,0,0.0
1789812504807,1423,2817,833.8102457115364,877.118283308954,811.7567375576633,889.0613576094566,1,0,sidebar,0.4135791000072102,801,11,1.0,-8.38794774531363e-05,30.059894632455112,30.01238030924968,1.9283000146970153,0.4615000216290355,30.620699981227517,1.9057000172324479,33.00379996653646,2,True,on_screen,0.6577763963274916,-4.580745738618759,-4.10150589784659,False,False,0,0.0
1789812504841,1424,2818,843.0142208290258,874.0501122625349,821.5530173183097,884.3567447109231,1,0,sidebar,0.39595832992560054,835,11,1.0,-8.461081314960033e-05,30.05551102729303,30.01251881888571,4.641100007575005,0.48590003279969096,29.933399986475706,2.140800002962351,32.57419995497912,2,True,on_screen,0.6577763963274916,-4.578734003025033,-4.067959820586841,False,False,0,0.0
1789812504874,1425,2819,849.8643683021089,874.8808206089398,829.2620090559858,881.7765138822763,1,0,sidebar,0.3821323406305246,868,11,1.0,-8.404342944360634e-05,30.0869351002775,30.012421438821065,5.1167000201530755,0.46339997788891196,30.677800008561462,2.115999988745898,33.27120002359152,2,True,on_screen,0.6577763963274916,-4.5791040513247765,-4.0692087148816745,False,False,0,0.0
1789812504907,1426,2820,856.6209552291256,872.320631908423,836.4997491638384,879.2749841894232,1,0,sidebar,0.36912165782246276,901,11,1.0,-8.67483395698334e-05,30.054228354511928,30.012764478738763,7.050699961837381,0.4915000172331929,29.516200011130422,1.892099971882999,31.91410005092621,2,True,on_screen,0.6577763963274916,-4.582942209031842,-4.081537156685198,False,False,0,0.0
1789812504939,1427,2821,869.5983164021549,858.839368989835,848.0654594056184,872.1341190785812,1,0,sidebar,0.34789142131170914,933,11,1.0,-9.040072656584831e-05,30.147927847248113,30.01309266395074,7.071500003803521,0.4668000037781894,29.64850002899766,1.8102999893017113,31.93769999779761,2,True,on_screen,0.6577763963274916,-4.582574374474262,-4.071758975082361,False,False,0,0.0
1789812504972,1428,2822,883.1966943986492,844.1286295183639,862.1479953642342,860.9079747700011,1,0,sidebar,0.32135002927599854,966,11,1.0,-9.015389623724841e-05,30.234285277426707,30.013824252630812,6.738699972629547,0.4474000306800008,28.42170000076294,1.8361000111326575,30.717800022102892,2,True,on_screen,0.6577763963274916,-4.5892975625868075,-4.061068981745138,False,False,0,0.0
1789812505003,1429,2823,881.2865774670972,852.1720897463357,865.920009837743,859.1862231495795,1,0,sidebar,0.3144071831396855,997,11,1.0,-8.514661624073501e-05,30.433056417503856,30.013694640948987,5.954399995971471,0.48420001985505223,31.049099983647466,1.8591000116430223,33.40750001370907,2,True,on_screen,0.6577763963274916,-4.571863465340357,-4.117281684436573,False,False,0,0.0
1789812505036,1430,2824,884.6542327537284,868.8424012654897,869.6184451561884,861.0925071916365,1,0,sidebar,0.30825194332358163,1030,11,1.0,-8.919423175326145e-05,30.354426660059946,30.003531587790253,7.696599990595132,0.4993999609723687,29.164800012949854,1.8694999744184315,31.548200000543147,2,True,on_screen,0.6577763963274916,-4.55030827668665,-4.128314406265727,False,False,0,0.0
1789812505076,1431,2825,888.1889037839968,876.8084877832135,873.7996026386904,864.6309760664401,1,0,sidebar,0.30148835128930784,1070,11,1.0,-9.226760719879129e-05,29.823655206298056,30.011758811003382,0.29200001154094934,0.5262999911792576,29.868100013118237,2.045000030193478,32.461199967656285,2,True,on_screen,0.6577763963274916,-4.5260406005101,-4.156883969234613,False,False,0,0.0
1789812505109,1432,2826,884.7038884397228,882.9805258832258,875.9772695682251,868.2955175629661,1,0,sidebar,0.2982028326421906,1103,11,1.0,-7.686637565650946e-05,29.89206992297253,30.011754692397467,1.0023000068031251,0.528200005646795,30.45719995861873,2.015499980188906,33.01590000046417,2,True,on_screen,0.6577763963274916,-4.5240528022840465,-4.131147022123984,False,False,0,0.0
1789812505143,1433,2827,892.8083553284386,879.6311304859715,879.1874509236972,870.4575511819914,1,0,sidebar,0.2928416282577816,1137,11,1.0,-7.367036205960069e-05,29.90203815888859,30.011208284263887,1.3631000183522701,0.4974000039510429,32.120599993504584,2.076699980534613,34.70930003095418,2,True,on_screen,0.6577763963274916,-4.526538722176809,-4.114245637548476,False,False,0,0.0
1789812505178,1434,2828,894.2868588760784,885.6991372753458,882.2170236140857,873.5156507533293,1,0,sidebar,0.28787924905948703,1172,11,0.8,-7.390506486144172e-05,29.764868829755105,30.011924249912145,5.256599979475141,0.4884999943897128,28.406099998392165,1.8217999604530632,30.731000006198883,2,True,on_screen,0.6577763963274916,-4.538460467601084,-4.141326684330077,False,False,0,0.0
1789812505209,1435,2829,893.9147346704594,888.6088947239142,884.3287109058747,876.2403044339472,1,0,sidebar,0.28445512935195316,1203,11,0.8,-7.36026045099706e-05,30.01206700585794,30.012760853242973,4.551700025331229,0.47149998135864735,28.16220000386238,1.755199977196753,30.402200005482882,2,True,on_screen,0.6577763963274916,-4.543873005939304,-4.1378389254215895,False,False,0,0.0
1789812505239,1436,2830,893.2747358768587,892.0731184100041,885.8742079427451,878.9755491001181,1,0,sidebar,0.28199563002141803,1233,11,0.8,-7.429616863019288e-05,30.27146051642248,30.013509026352192,1.7742000054568052,0.43760001426562667,28.47780002048239,1.7740000039339066,30.700700008310378,2,True,on_screen,0.6577763963274916,-4.544510996244895,-4.159787573740683,False,False,0,0.0
1789812505270,1437,2831,896.403327432135,889.6027844113976,887.4035282415712,880.519120402383,1,0,sidebar,0.2794328347628463,1264,11,0.8,-7.754034920401907e-05,30.474194732019026,30.013664801919123,1.7586000030860305,0.44189998880028725,29.72109999973327,2.3929000017233193,32.56839996902272,2,True,on_screen,0.6577763963274916,-4.544477283299159,-4.156301328651983,False,False,0,0.0
1789812505303,1438,2832,897.1643480182446,890.6042549623337,888.7442554801249,881.9043948894009,1,0,sidebar,0.2771792896044135,1297,11,0.6,-7.569796649464083e-05,30.462349152284236,30.0140694155363,2.506399992853403,0.5238000303506851,29.194100003223866,1.9388000364415348,31.671400007326156,2,True,on_screen,0.6577763963274916,-4.591739644632526,-4.088791897946881,False,False,0,0.0
1789812505335,1439,2833,903.3515435765034,887.395687508012,890.9463271308216,882.7322158867919,1,0,sidebar,0.2733556248683945,1329,11,0.4,-7.47646344177507e-05,30.543097914730154,30.01458882707844,1.9958000048063695,0.47750002704560757,29.00130004854873,1.8841000273823738,31.375300022773445,2,True,on_screen,0.6577763963274916,-4.591947294370129,-3.998969076167265,False,False,0,0.0
1789812505367,1440,2834,896.5651111261741,888.5368929960864,891.6205812102639,883.4287771399072,1,0,sidebar,0.27221603372307646,1361,11,0.4,-7.684198684601053e-05,30.646809178962208,30.014841974113114,1.944500021636486,0.5587000050581992,29.753999959211797,1.9049000111408532,32.23069995874539,2,True,on_screen,0.6577763963274916,-4.59826646731284,-4.017854436263625,False,False,0,0.0
1789812505399,1441,2835,899.7339029722064,886.3459053657152,892.594179821697,883.7788325270042,1,0,sidebar,0.2705219584103703,1393,11,0.4,-7.488837518280708e-05,30.648644055434712,30.014825694048177,2.3842999944463372,0.48340001376345754,30.450500024016947,2.0387000404298306,32.988399965688586,2,True,on_screen,0.6577763963274916,-4.598766410921826,-4.051235938884812,False,False,0,0.0
1789812505433,1442,2836,904.6748788497964,883.3884586948838,894.0528287706512,883.7316979714128,1,0,sidebar,0.2679437348431444,1427,11,0.4,-7.453853465566075e-05,30.588154023257786,30.015557178622533,4.061299958266318,0.48970000352710485,28.356000024359673,1.8569999956525862,30.717000016011298,2,True,on_screen,0.6577763963274916,-4.596356779648687,-3.964215957548263,False,False,0,0.0
1789812505464,1443,2837,900.7888802017403,883.1429193501106,894.8611549423819,883.6610445368565,1,0,sidebar,0.26651189208691495,1458,11,0.4,-7.248347302988081e-05,30.75216136215358,30.005331017669317,1.9192000036127865,0.4941000370308757,29.21989996684715,2.173100016079843,31.901100010145456,2,True,on_screen,0.6577763963274916,-4.559111180784356,-3.9394304998010683,False,False,0,0.0
1789812505508,1444,2838,921.4253375410096,889.2800197118113,901.4819391919041,885.0615025482662,1,0,sidebar,0.2549158528717992,1502,11,0.4,-6.739556230468506e-05,29.92216851217989,30.001888660128003,0.2500999835319817,0.48450002213940024,29.128799971658736,1.908999984152615,31.5417000092566,2,True,on_screen,0.6577763963274916,-4.5663149148115565,-3.9260778836078827,False,False,0,0.0
1789812505541,1445,2839,1110.8074132474844,876.6919729342659,1048.0097710308103,879.2028318184659,1,1,main_file,0.30651133030684163,0,20,0.6,-7.795170676846465e-05,30.00099723102037,30.012311620891836,0.23770000552758574,0.46880001900717616,30.413999978918582,1.8689999706111848,32.76730002835393,2,True,on_screen,0.6577763963274916,-4.591266254545616,-3.7964844479180226,False,False,0,0.0
1789812505574,1446,2840,1225.4401114359553,893.9204769983273,1172.2110093144117,889.5051834443689,1,1,main_file,0.5265438892060481,32,20,0.6,-0.0001049992369402137,30.0290441307662,30.012904598205587,1.5940999728627503,0.6030000513419509,28.625599981751293,1.9525999668985605,31.193300033919513,2,True,on_screen,0.6577763963274916,-4.60951120391789,-3.661398692169357,False,False,0,0.0
1789812505605,1447,2841,1313.8596233453502,883.3881325724863,1271.3650391360686,885.2232478340511,1,1,main_file,0.7009372608601958,64,20,0.6,-0.00012171797852516923,30.2010150224037,30.01349499458556,1.4999000122770667,0.4930999712087214,28.447200020309538,2.198499976657331,31.15240001352504,2,True,on_screen,0.6577763963274916,-4.628317367656109,-3.5680905536648955,False,False,0,0.0
1789812505637,1448,2842,1373.976732024266,877.5009741186205,1343.1932241578068,879.8176562332496,1,1,main_file,0.8252978381757478,96,20,0.6,-0.00012911756282169007,30.359896626890713,30.003104001640956,0.5412999889813364,0.47660002019256353,28.85140001308173,3.146299975924194,32.49000001233071,2,True,on_screen,0.6577763963274916,-4.639823404710768,-3.4046737499378463,False,False,0,0.0
1789812505670,1449,2843,1442.0317413588048,870.1898965981363,1412.3801861985053,873.0782244886702,1,1,main_file,0.9318600042306673,129,20,0.6,-0.000143446603410537,30.346899846123588,30.01406817630497,0.34090003464370966,0.6628000410273671,28.962100041098893,1.8016999820247293,31.442999956198037,2,True,on_screen,0.6577763963274916,-4.642414082396357,-3.322611970508704,False,False,0,0.0
1789812505702,1450,2844,1482.4817647464902,860.1806505718624,1456.236294056081,865.0093991567356,1,1,main_file,0.9318526008190212,161,20,0.6,-0.00015574465344967738,30.46458628187313,30.004300932983945,1.2570000253617764,0.46229996951296926,28.246200003195554,1.8455000245012343,30.566499975975603,2,True,on_screen,0.6577763963274916,-4.6323838670267605,-3.303955867998169,False,False,0,0.0
1789812505733,1451,2845,1523.2361461805765,850.5910379096574,1496.5835571783025,856.3266723061429,1,1,main_file,0.8737230208947352,192,20,0.6,-0.00016968822570772278,30.612730054023093,30.004632419944983,0.27740001678466797,0.5107000470161438,28.870999987702817,2.1453999797813594,31.54479997465387,2,True,on_screen,0.6577763963274916,-4.646447471100402,-3.3228511709057695,False,False,0,0.0
1789812505765,1452,2846,1547.884479552069,848.7869742940845,1520.177583130533,852.8590576447064,1,1,main_file,0.8356840563211774,224,20,0.6,-0.00017932016513674993,30.64805543804751,30.01498203047204,0.2759000053629279,0.6356000085361302,30.671900021843612,1.8671000143513083,33.18950004177168,2,True,on_screen,0.6577763963274916,-4.646623659408647,-3.248588132705026,False,False,0,0.0
1789812505799,1453,2847,1342.8581213006742,879.6242953370063,1396.0539598496318,871.5947240293164,1,1,main_file,0.9075558314077865,258,20,0.6,-0.00017434412956050457,30.571803731822733,30.01483354574188,1.5647999825887382,0.443900004029274,31.01580002112314,2.0424999529495835,33.514700015075505,2,True,on_screen,0.6577763963274916,-4.6604254402821255,-3.3403641303374503,False,False,0,0.0
1789812505832,1454,2848,1128.6599378829433,909.564774843587,1208.8781444729498,898.1737595993059,1,1,main_file,0.5916727920039498,291,20,0.6,-0.00017117195029486484,30.47350963321994,30.014916033156254,2.063599997200072,0.47179998364299536,30.397400027140975,1.8927999772131443,32.77410002192482,2,True,on_screen,0.6577763963274916,-4.652010713775297,-3.510109865303144,False,False,0,0.0
1789812505866,1455,2849,1015.3943417849453,920.1583574141569,1073.4394825913466,913.5629780697016,1,1,main_file,0.3519679091166351,325,20,0.6,-0.00016380049038076765,30.44685953476794,30.00465148979899,5.482699954882264,0.45760005014017224,29.911200050264597,1.7585000023245811,32.141200033947825,2,True,on_screen,0.6577763963274916,-4.652639286167101,-3.5840760338418427,False,False,0,0.0
1789812505909,1456,2850,945.634705425224,924.1357889486615,983.9761385750608,920.9639456849735,1,0,sidebar,0.10887396894711177,0,12,0.8,-0.00016089659108326979,29.716431258091202,30.01111175361105,0.3733999910764396,0.6296999636106193,30.308499990496784,4.171199980191886,35.13319999910891,2,True,on_screen,0.6577763963274916,-4.658320413740597,-3.6609576996950937,False,False,0,0.0
1789812505944,1457,2851,897.2923270647487,937.7771321742356,923.2974705178424,932.7331762274571,1,0,sidebar,0.21471057008029348,35,12,0.8,-0.00016206255156739867,29.562951761016308,30.011305749258764,0.8885000133886933,0.513100007083267,30.030999972950667,1.79870001738891,32.35569997923449,2,True,on_screen,0.6577763963274916,-4.664008974884723,-3.750582328371951,False,False,0,0.0
1789812505977,1458,2852,863.9049967745025,944.6535179661705,891.5621499047555,939.1026005509902,1,0,sidebar,0.269633989870973,68,12,0.8,-0.0001595129597112676,29.660427382434218,30.011965622376987,4.811599967069924,0.4830000107176602,28.289399982895702,2.051499963272363,30.840000021271408,2,True,on_screen,0.6577763963274916,-4.667076402561548,-3.785732833683532,False,False,0,0.0
1789812506008,1459,2853,846.0915053182406,953.098410340013,872.3080084630333,945.0290021606388,1,0,sidebar,0.30237341784679617,98,12,0.8,-0.00015813625594680684,29.89939984838194,30.012577594046164,4.485500045120716,0.4856999730691314,28.69120001560077,1.8301999662071466,31.019699992612004,2,True,on_screen,0.6577763963274916,-4.660281081899882,-3.82929819036868,False,False,0,0.0
1789812506040,1460,2854,827.3441990044549,957.9078858820586,853.576814848695,950.3941361968173,1,0,sidebar,0.33403781239709074,131,12,0.8,-0.00015742110739948127,30.100667452773163,30.01333243739352,2.2526999819092453,0.48099999548867345,28.238400002010167,1.879099989309907,30.610500019975007,2,True,on_screen,0.6577763963274916,-4.692093706411242,-3.9045207310018317,False,False,0,0.0
1789812506070,1461,2855,818.8097163549417,958.9376334250005,842.3466175957068,953.1537901012147,1,0,sidebar,0.35300464769151485,161,12,0.8,-0.0001549383036885555,30.32925731148054,30.01349137965873,1.8905000179074705,0.457199988886714,30.296700017061085,1.7826000112108886,32.54799998831004,2,True,on_screen,0.6577763963274916,-4.706986810922075,-3.9247440875971575,False,False,0,0.0
1789812506103,1462,2856,812.2327272162494,962.2648762154474,833.7340592325174,955.759556407796,1,0,sidebar,0.3673547183379914,194,12,0.8,-0.00015360836457262335,30.346209279039222,30.01372336268328,2.266600029543042,0.4327999777160585,30.182500020600855,1.7164999735541642,32.34239999437705,2,True,on_screen,0.6577763963274916,-4.704869237637496,-3.9303049497960316,False,False,0,0.0
1789812506136,1463,2857,800.8189106965485,963.0892080336183,823.6860350850128,957.99708289043,1,0,sidebar,0.38423805526399335,226,12,0.8,-0.0001427884182431654,30.36984196885525,30.014087602452395,3.7400999572128057,0.4901000065729022,29.550300037954003,1.7532000201754272,31.806700048036873,2,True,on_screen,0.6577763963274916,-4.71756515443758,-3.9752623110225858,False,False,0,0.0
1789812506168,1464,2858,796.8974939615005,959.9710540553297,817.0757738319437,958.4841741824064,1,0,sidebar,0.39560371550737117,259,12,0.8,-0.00013872741864932002,30.446987508755278,30.01364027043354,4.03150002239272,0.44919998617842793,32.0435999892652,1.9277000101283193,34.4321999582462,2,True,on_screen,0.6577763963274916,-4.72157229310946,-3.9971851955326234,False,False,0,0.0
1789812506203,1465,2859,785.4209838876657,963.4855531555418,807.8644509729172,959.9395405438004,1,0,sidebar,0.41117394259313034,294,12,0.8,-0.0001383480960554847,30.284075007134362,30.01377598737391,5.8726000133901834,0.43210003059357405,30.3254000027664,1.8491999944671988,32.61900000507012,2,True,on_screen,0.6577763963274916,-4.720520836267411,-4.142478169643657,False,False,0,0.0
1789812506236,1466,2860,776.5711357621136,966.8614120253449,798.7577135780969,961.9538897886308,1,0,sidebar,0.42632456088584836,327,12,0.8,-0.00013572553389033792,30.29100183454113,30.01471098515035,7.190599979367107,0.47799997264519334,27.686199988238513,1.8453000229783356,30.022300023119897,2,True,on_screen,0.6577763963274916,-4.710651387855705,-4.198926742167149,False,False,0,0.0
1789812506266,1467,2861,768.9481305679905,972.8302963763412,790.1635901926105,965.0895653253806,1,0,sidebar,0.44010962762846684,357,12,0.8,-0.00013492087213311417,30.557793650905342,30.004834847580593,5.574299953877926,0.4911000141873956,28.79220002796501,1.7588000046089292,31.05620003771037,2,True,on_screen,0.6577763963274916,-4.7103377866284575,-4.200324610667818,False,False,0,0.0
1789812506308,1468,2862,762.0485512082563,972.8540189128512,782.6729412653757,967.1582373968622,1,0,sidebar,0.45227419952052395,399,12,0.8,-0.00013623390907445583,29.87960407535347,30.011927943591534,0.26519998209550977,0.5247999797575176,30.560100043658167,1.9931000424548984,33.101500011980534,2,True,on_screen,0.6577763963274916,-4.718253941981601,-4.28809641394957,False,False,0,0.0
1789812506341,1469,2863,753.4287704691468,968.4144590614367,774.8556041214185,967.4940413541003,1,0,sidebar,0.4656164574019779,432,12,0.8,-0.00013672193204519213,29.887350815384984,30.012402268950385,1.1867000139318407,0.5878999945707619,28.75930001027882,2.1726000122725964,31.532099994365126,2,True,on_screen,0.6577763963274916,-4.715720311287498,-4.305331265993242,False,False,0,0.0
1789812506373,1470,2864,750.3829783808626,966.4774123138028,769.3109834611696,967.2637096177186,1,0,sidebar,0.47525271588978923,463,12,0.8,-0.00013273015109793902,30.039773064266395,30.01248535104172,1.7584000015631318,0.4705000319518149,29.55809998093173,2.710999979171902,32.75239997310564,2,True,on_screen,0.6577763963274916,-4.727149957931829,-4.27956713903267,False,False,0,0.0
1789812506406,1471,2865,748.9000883491221,964.1975388833561,765.3575281464368,966.6698126367633,1,0,sidebar,0.48229299258456415,496,12,0.8,-0.0001319124167832291,30.057445879430176,30.01265618842208,2.212700026575476,0.5517999525181949,30.068000021856278,1.7991999629884958,32.43339998880401,2,True,on_screen,0.6577763963274916,-4.727376204342704,-4.255230107084605,False,False,0,0.0
1789812506439,1472,2866,749.909706736672,965.0943641455525,763.0389439876955,966.4333514674022,1,0,sidebar,0.48637650473903926,529,12,0.8,-0.00012748239216740266,30.10885166038988,30.012020541762073,1.8551000393927097,0.4427999956533313,30.478400003630668,4.1297999559901655,35.06639995612204,2,True,on_screen,0.6577763963274916,-4.734291809108697,-4.211043226639244,False,False,0,0.0
1789812506475,1473,2867,739.9565345569072,968.1339575741782,758.0748399204584,966.7990838974038,1,0,sidebar,0.4947598740068134,565,12,0.8,-0.00012789534240432478,29.90866852702534,30.011523546049325,6.943099957425147,4.235500004142523,28.351299988571554,1.7843999667093158,34.38980004284531,2,True,on_screen,0.6577763963274916,-4.732904113873303,-4.326047595496679,False,False,0,0.0
1789812506509,1474,2868,662.8798402090225,985.7560005633978,691.4383401224533,980.0689255635996,1,0,sidebar,0.600573114560051,600,12,0.8,-0.00012972202495189523,29.801000409443485,30.00959355138686,9.40659997286275,0.4627000307664275,36.658599972724915,2.0406999974511564,39.17480004020035,2,True,on_screen,0.6577763963274916,-4.699793677136711,-4.4257394931007195,False,False,0,0.0
1789812506549,1475,2869,586.8651953403025,980.1304157226509,618.2371387749478,980.1119686749355,1,0,sidebar,0.717734806620725,640,12,0.8,-0.00012711475151530767,29.34818237721818,30.00856488357153,16.584599972702563,0.5462999688461423,33.544400008395314,2.100299985613674,36.208200035616755,2,True,on_screen,0.6577763963274916,-4.675532683738595,-4.463984109224827,False,False,0,0.0
1789812506585,1476,2870,531.3551069366093,963.8214816815283,557.4197164881109,968.7086277795505,1,0,sidebar,0.8171295592399603,676,12,0.8,-0.0001283498553978999,29.146216856032378,30.008940343791433,20.409899996593595,0.7205000147223473,29.170499998144805,1.837999967392534,31.742800027132034,2,True,on_screen,0.6577763963274916,-4.646387852057586,-4.462678984630361,False,False,0,0.0
1789812506618,1477,2871,530.3322008477644,926.4413898313254,545.3429747301166,949.8641340909487,1,0,sidebar,0.8547878535960719,709,12,0.8,-0.00014169166111712046,29.351612887615527,30.00885668774876,21.317100035957992,0.4909999552182853,30.849000031594187,1.9282999564893544,33.281799987889826,2,True,on_screen,0.6577763963274916,-4.6404918089018,-4.566486159856438,False,False,0,0.0
1789812506651,1478,2872,538.4532858276226,889.7406320314151,541.6651127987016,917.7689346505117,1,0,sidebar,0.8866258999420342,742,12,0.8,-0.00015975885535391386,29.388687942977924,30.009017140389975,22.87169999908656,0.5139000131748617,30.029700021259487,1.8915000255219638,32.44869998889044,2,True,on_screen,0.6577763963274916,-4.638229114912548,-4.6182801548217185,False,False,0,0.0
1789812506684,1479,2873,530.0176782953934,873.3565820931686,536.898181996914,899.5923472376087,1,0,sidebar,0.8994774996254568,775,12,0.8,-0.00016173985300461415,29.48961000862718,30.009188105461373,24.112100014463067,0.49159995978698134,29.883300012443215,1.9380999729037285,32.329400011803955,2,True,on_screen,0.6577763963274916,-4.6144209556006786,-4.659853591288237,False,False,0,0.0
1789812506717,1480,2874,514.4761983087785,876.4565072873978,530.3408872822504,892.8262857180341,1,0,sidebar,0.9101661418899737,808,12,0.8,-0.00016126326879050724,29.60292029513162,30.008127912811794,9.009999979753047,0.47470000572502613,33.78080000402406,2.112099959049374,36.3818000187166,2,True,on_screen,0.6577763963274916,-4.5828057708357335,-4.660854294742373,False,False,0,0.0
1789812506753,1481,2875,496.32213480428686,872.477259604546,518.2385106861415,885.5869968126278,1,0,sidebar,0.9278059566079713,844,12,0.8,-0.00015969450787097113,29.36688944646553,30.00901136386831,13.908699969761074,0.46960002509877086,27.789399959146976,1.9054000149480999,30.17719998024404,2,True,on_screen,0.6577763963274916,-4.558639955450275,-4.645470290781473,False,False,0,0.0
1789812506784,1482,2876,489.2618239136823,869.9455577472456,509.5886804879583,880.9178711450454,1,0,sidebar,0.9377989633559121,875,12,0.8,-0.0001565983207301811,29.699061010457093,30.009439642926914,12.486099964007735,0.532599980942905,29.15820002090186,1.8362000118941069,31.540700001642108,2,True,on_screen,0.6577763963274916,-4.54574868093502,-4.674315360121057,False,False,0,0.0
1789812506816,1483,2877,475.7096129712907,870.7005873112776,498.7653129559659,877.6537488944213,1,0,sidebar,0.9484481792053489,907,12,0.8,-0.00014869946631253066,29.867069389357688,30.008348410120263,11.272999981883913,0.4805000498890877,33.265800040680915,2.722199948038906,36.48350003641099,2,True,on_screen,0.6577763963274916,-4.516158463147804,-4.703278633763909,False,False,0,0.0
1789812506853,1484,2878,464.23427030037095,868.7783868766767,487.65496409169185,874.7981047918854,1,0,sidebar,0.953468159005253,944,12,0.8,-0.0001448585688776597,29.592888894716754,30.007774108530302,14.78950004093349,0.8145000319927931,31.887699966318905,2.058900019619614,34.77709996514022,2,True,on_screen,0.6577763963274916,-4.504373085795237,-4.719546428364434,False,False,0,0.0
1789812506888,1485,2879,454.08612497351464,874.5897318440476,477.45087534075526,874.734764619604,1,0,sidebar,0.9551382288318382,979,12,0.8,-0.00014306897223765637,29.471743522513144,30.00725000166443,19.85179999610409,0.5255000432953238,32.218300038948655,1.7852999735623598,34.54350004903972,2,True,on_screen,0.6577763963274916,-4.487729353769765,-4.7431661250356205,False,False,0,0.0
1789812506923,1486,2880,446.20093114229326,881.2963988445774,468.3882951397044,876.6376587827465,1,0,sidebar,0.9539097030708473,1014,12,0.8,-0.00014149520905333904,29.393202953683783,30.005548547726416,22.842500009573996,0.46300003305077553,35.46669997740537,2.5105999666266143,38.45370002090931,2,True,on_screen,0.6577763963274916,-4.49171564200708,-4.77126023400561,False,False,0,0.0
1789812506962,1487,2881,436.77878747781426,875.1832175824089,459.29920814136483,876.2194446572612,1,0,sidebar,0.9443000056038684,1052,12,0.8,-0.00013428939562101262,29.00286777958011,30.005272192854125,29.653800011146814,0.6271000020205975,30.87690001120791,1.908699981868267,33.4339999826625,2,True,on_screen,0.6577763963274916,-4.472114561681735,-4.775139258940905,False,False,0,0.0
1789812506996,1488,2882,508.46304034237664,871.0878901236041,480.895093866629,873.9653391422819,1,0,sidebar,0.9539783487756202,1087,12,0.8,-0.0001343160968281954,29.056825659995837,30.005325398866255,31.895200023427606,0.541199988219887,28.84400001494214,3.342400013934821,32.74150000652298,2,True,on_screen,0.6577763963274916,-4.45691487456358,-4.7641278277891,False,False,0,0.0
1789812507029,1489,2883,627.009800799558,854.2126072494482,583.1753887196793,860.1384268172983,1,0,sidebar,0.8045931142968542,1120,12,0.8,-0.0001342431459614244,29.165524710112027,30.01613885073148,33.04449998540804,0.6084000342525542,28.989699960220605,1.9703999860212207,31.583900039549917,2,True,on_screen,0.6577763963274916,-4.457536631974335,-4.803410024809767,False,False,0,0.0
1789812507061,1490,2885,700.2067253922615,848.1283863451027,665.0973243904868,851.7313984867615,1,0,sidebar,0.6620595656512923,1152,12,0.8,-0.0001358023570385055,29.38369968952494,30.006302530036024,0.9121999610215425,0.48670003889128566,28.764999995473772,1.9237000378780067,31.190300011076033,3,True,on_screen,0.6577763963274916,-4.471505026039239,-4.751558454411754,False,False,0,0.0
1789812507108,1491,2886,750.9476940758009,842.6654259262145,725.1925831702067,845.3852176943785,1,0,sidebar,0.5562116282772742,1199,12,0.8,-0.00013925546197121087,28.58973389695495,30.00212441239741,0.2861000248230994,0.5296000163070858,28.745100018568337,1.9807000062428415,31.277499976567924,3,True,on_screen,0.6577763963274916,-4.473032925459307,-4.6807692556813665,False,False,0,0.0
1789812507140,1492,2887,773.6640545598316,840.0025006455938,746.2108600632478,843.0511553248077,1,0,sidebar,0.5190540917278879,1231,12,0.8,-0.0001396272988969799,28.81839053631627,30.002531321992507,0.21389999892562628,0.4632999771274626,28.549299982842058,1.8863999866880476,30.916100018657744,3,True,on_screen,0.6577763963274916,-4.492333940529591,-4.662712819381372,False,False,0,0.0
1789812507172,1493,2888,818.8045258763257,831.167814007842,793.0388167737777,835.3855747740172,1,0,sidebar,0.43530767839032203,1263,12,0.8,-0.0001421054311070251,29.079940309475578,30.002164758002028,0.18259999342262745,0.44319999869912863,30.372400011401623,2.776299952529371,33.61040004529059,3,True,on_screen,0.6577763963274916,-4.519743321028301,-4.613125356582912,False,False,0,0.0
1789812507206,1494,2889,847.8209269030151,822.8007119038223,820.2697586167271,829.1299254733367,1,0,sidebar,0.38595791822438985,1297,12,0.8,-0.00014038800912426035,29.068381344056235,30.012412219829447,0.3744999994523823,0.7360999588854611,30.213800026103854,1.8831999623216689,32.856800011359155,3,True,on_screen,0.6577763963274916,-4.524360600171889,-4.581360061185344,False,False,0,0.0
1789812507240,1495,2890,859.270354313107,822.8001805565601,834.1013937105372,826.8850694560764,1,0,sidebar,0.3612258391927998,1331,12,0.8,-0.00014058545271724773,29.17665192107416,30.012786620221146,1.9433999550528824,0.4799999878741801,29.472600028384477,1.8419999978505075,31.808300002012402,3,True,on_screen,0.6577763963274916,-4.520480861949125,-4.546791869609585,False,False,0,0.0
1789812507272,1496,2891,868.5794945657399,819.649122350504,845.0699682755314,824.5830857792739,1,0,sidebar,0.3414260083182896,1363,12,0.8,-0.00014148173695730654,29.373620837076956,30.01290539365284,1.9039000035263598,0.49080001190304756,30.27509996900335,1.8598000169731677,32.63989998959005,3,True,on_screen,0.6577763963274916,-4.5078039172487365,-4.552612667055123,False,False,0,0.0
1789812507305,1497,2892,871.7514803775034,818.6506394228453,851.7612142648335,823.0953343453411,1,0,sidebar,0.32931750705768337,1396,12,0.8,-0.00014156238853106455,29.470966704700967,30.013605884443336,4.717700008768588,0.49190002027899027,28.39659998426214,1.8350000027567148,30.756899970583618,3,True,on_screen,0.6577763963274916,-4.505193700064126,-4.526048318128331,False,False,0,0.0
1789812507336,1498,2893,872.9474912650065,820.0887183445294,856.0019469475343,822.4935176722715,1,0,sidebar,0.3217653475436262,1427,12,0.8,-0.0001369446958610597,29.73741319188201,30.013858676273863,1.914900029078126,0.47829997492954135,29.724300024099648,1.9285999587737024,32.14480000315234,3,True,on_screen,0.6577763963274916,-4.499007895404901,-4.539978486254731,False,False,0,0.0
1789812507368,1499,2894,871.4593647105437,823.2424732214243,858.3150631239339,822.6055946842738,1,0,sidebar,0.3178022110685388,1459,12,0.8,-0.0001374724626711562,29.83832443882724,30.013910903425884,2.4961999733932316,0.5313000292517245,30.544199980795383,1.680999994277954,32.770799996796995,3,True,on_screen,0.6577763963274916,-4.4884565534094065,-4.556242922751635,False,False,0,0.0
1789812507401,1500,2895,866.3592743391421,825.3633655769806,859.280368469759,822.9365271913987,1,0,sidebar,0.3162480118051437,1492,12,0.8,-0.00013271904551611334,29.877347804748798,30.01444780061265,4.906599991954863,0.44819997856393456,29.01549998205155,1.80460000410676,31.281400006264448,3,True,on_screen,0.6577763963274916,-4.514872376211173,-4.568306041860507,False,False,0,0.0
1789812507433,1501,2896,865.4366957951162,829.6135603494519,860.0191277488018,823.7377711703651,1,0,sidebar,0.3152488787846405,1524,12,0.8,-0.00012699313318761604,30.050429022403378,30.014812252863756,4.415399977006018,0.4770000232383609,29.333499958738685,1.9660000107251108,31.78929997375235,3,True,on_screen,0.6577763963274916,-4.533287862450777,-4.494291907050219,False,False,0,0.0
1789812507465,1502,2897,865.2045668923705,826.1123732883474,860.6413804460301,824.0227234245231,1,0,sidebar,0.31426973992171325,1555,12,0.8,-0.00012705119558987198,30.162952671887407,30.004589666511308,5.1108000334352255,0.48889999743551016,30.239999992772937,1.8542999750934541,32.597400015220046,3,True,on_screen,0.6577763963274916,-4.546575966085925,-4.429434952416476,False,False,0,0.0
1789812507509,1503,2898,871.8954408983708,820.7805480129811,861.991867700311,823.633662375138,1,0,sidebar,0.3117954648178072,1600,12,0.8,-0.00012595384972012395,29.42602073249087,30.011217103907484,0.27900002896785736,0.5315999733284116,31.36270004324615,2.1309000439941883,34.04529998078942,3,True,on_screen,0.6577763963274916,-4.522668632312616,-4.524210258813254,False,False,0,0.0
1789812507543,1504,2899,866.2515615574035,824.3782369598702,862.503030963162,823.723011325306,1,0,sidebar,0.3109407983889484,1634,12,0.8,-0.00012023526843684199,29.394253952018758,30.011611875542442,1.5780000248923898,0.5253000417724252,29.33709998615086,1.8623999785631895,31.740699952933937,3,True,on_screen,0.6577763963274916,-4.537662582816665,-4.523598672148764,False,False,0,0.0
1789812507575,1505,2900,862.6808929338779,830.3581815905109,862.524374399648,824.5192317571306,1,0,sidebar,0.31117751556924855,1666,12,0.8,-0.00011296400124570331,29.575040983513468,30.012379718689687,1.9482999923639,0.4896000027656555,28.23200001148507,1.8035999964922667,30.539100000169128,3,True,on_screen,0.6577763963274916,-4.558215812549918,-4.433038431392525,False,False,0,0.0
1789812507606,1506,2901,862.8275067366544,831.1537506458017,862.5607502800887,825.315374023771,1,0,sidebar,0.31138534688323616,1697,12,0.8,-0.00011634188056299823,29.861509586421707,30.012629204746087,1.8630999838933349,0.6710999878123403,29.25099997082725,2.292799996212125,32.22840005764738,3,True,on_screen,0.6577763963274916,-4.574300846145519,-4.437464721617458,False,False,0,0.0
1789812507639,1507,2902,869.9416655859709,822.8547162057156,863.4464601167946,825.0200950856045,1,0,sidebar,0.30974960233513416,1730,12,0.8,-0.00011936559715921245,29.95358876463566,30.012627531323258,1.672999991569668,0.47209998592734337,30.757599975913763,1.8225000239908695,33.06689998134971,3,True,on_screen,0.6577763963274916,-4.576303036982722,-4.435307806981839,False,False,0,0.0
1789812507672,1508,2903,869.8084274000413,821.2428200624645,864.2098961907842,824.5668220828277,1,0,sidebar,0.30827206024387455,1763,12,0.8,-0.00011982340287670055,29.95559820213241,30.013322907843072,3.875299997162074,0.47389999963343143,28.489100048318505,1.805500010959804,30.78180004376918,3,True,on_screen,0.6577763963274916,-4.594359507348344,-4.43432595568342,False,False,0,0.0
1789812507703,1509,2904,862.7395701092474,821.5449912844717,864.0334570609998,824.204202387025,1,0,sidebar,0.3084541663282939,1794,12,0.8,-0.00012108703187719422,30.178711836134134,30.01356571843947,1.8586000078357756,0.46170002315193415,29.830199957359582,1.9431000109761953,32.24869997939095,3,True,on_screen,0.6577763963274916,-4.6166819304334865,-4.447392399295828,False,False,0,0.0
1789812507736,1510,2905,865.5964921507132,819.9592227852847,864.2210212717654,823.6948048348163,1,0,sidebar,0.3079543342494444,1827,12,0.8,-0.00012615591824776708,30.237271499404976,30.01391900142595,1.922300027217716,0.4464000230655074,28.610299981664866,2.8525000088848174,31.921999994665384,3,True,on_screen,0.6577763963274916,-4.623712976459103,-4.4445881767551,False,False,0,0.0
1789812507768,1511,2906,870.9919929709208,811.8385483170198,865.1290289703732,822.104845125463,1,0,sidebar,0.30582946301264047,1858,12,0.8,-0.00012827081977867007,30.294866609510247,30.014052027823176,3.166199952829629,0.6903000175952911,29.535000037867576,2.1125999628566206,32.35690004657954,3,True,on_screen,0.6577763963274916,-4.633320403930924,-4.408224059981892,False,False,0,0.0
1789812507801,1512,2907,871.6307723440937,807.4974176307488,866.1304549177862,819.854947509189,1,0,sidebar,0.3032983951071949,1892,12,0.8,-0.00012849364425498132,30.32157730364683,30.013998506200476,2.6513999910093844,0.9512999677099288,30.34320002188906,1.8167999805882573,33.12710003228858,3,True,on_screen,0.6577763963274916,-4.628424849471941,-4.394868269527127,False,False,0,0.0
1789812507834,1513,2908,868.9855681497359,812.2819424757282,866.4730685056202,818.9461869051736,1,0,sidebar,0.3023779616305622,1925,12,0.8,-0.00012954666331739355,30.278196715597417,30.014765861585197,6.189699983224273,0.45779999345541,28.268399997614324,1.76760001340881,30.508299998473376,3,True,on_screen,0.6577763963274916,-4.623631954269058,-4.389721459995562,False,False,0,0.0
1789812507865,1514,2909,876.118254065404,806.3309613081689,867.9496874024626,817.0148730502967,1,0,sidebar,0.29911886371589524,1956,12,0.8,-0.00013400357434043518,30.498722822982035,30.00521025159147,4.851299978327006,0.44979999074712396,28.279100020881742,1.8469999777153134,30.588900030124933,3,True,on_screen,0.6577763963274916,-4.615624540783614,-4.369994714733405,False,False,0,0.0
1789812507908,1515,2910,877.6517518505957,804.9536319613493,869.4018435781677,815.2096071888282,1,0,sidebar,0.2959382898617934,1999,12,0.8,-0.00013840454911905227,29.764887707609674,30.01176060997704,0.34880003659054637,0.47660002019256353,30.37599998060614,2.0195000106468797,32.89189998758957,3,True,on_screen,0.6577763963274916,-4.618019713735833,-4.4095080512786575,False,False,0,0.0
1789812507941,1516,2911,881.6380077067406,794.1463119803266,872.1601125783824,810.4615314352255,1,0,sidebar,0.2893561779236896,2032,12,0.8,-0.0001373437359673598,29.802571576441615,30.011840928624526,1.3472000136971474,0.7149999728426337,30.117099988274276,1.930300029926002,32.77589997742325,3,True,on_screen,0.6577763963274916,-4.610118142716914,-4.416168201287004,False,False,0,0.0
1789812507974,1517,2912,881.8428260636036,785.8904343017407,874.5121379612852,804.4929727009478,1,0,sidebar,0.28289705104817775,2065,12,0.8,-0.00013844715562590613,29.850140140030547,30.012110427455095,1.7481999821029603,0.4828000091947615,29.4941000174731,2.2090999991633,32.197499996982515,3,True,on_screen,0.6577763963274916,-4.614099325541048,-4.410785020501093,False,False,0,0.0
1789812508007,1518,2913,880.6570304958507,788.333883949572,875.526682785325,801.8250464904097,1,0,sidebar,0.2800339898009149,2098,12,0.8,-0.00013857537617895446,29.945945253424703,30.011965700689288,2.0281000179238617,0.46990002738311887,31.156999990344048,1.886799989733845,33.52679999079555,3,True,on_screen,0.6577763963274916,-4.597104287889408,-4.4272567068350215,False,False,0,0.0
1789812508041,1519,2914,879.8016484273517,787.6191854267591,876.1430567503705,799.7768141433219,1,0,sidebar,0.27809810341131225,2131,12,0.8,-0.00013852499376857362,29.91021949261603,30.01193268266378,4.716700001154095,0.4430999979376793,29.08710000338033,3.61359998350963,33.15710002789274,3,True,on_screen,0.6577763963274916,-4.597523513283903,-4.365529242859534,False,False,0,0.0
1789812508074,1520,2915,876.0951130914643,807.1687718178009,876.1373035113018,800.6638490642594,1,0,sidebar,0.2784907228136567,2164,12,0.8,-0.00013406353732447508,29.89272423338889,30.01103992537319,4.281600005924702,4.243900009896606,28.797300008591264,2.6792999706231058,35.737199999857694,3,True,on_screen,0.6577763963274916,-4.580337984188219,-4.384586231158605,False,False,0,0.0
1789812508110,1521,2916,872.674364325343,814.8858844159078,875.6438455612241,802.6904444024076,1,0,sidebar,0.2801997733863464,2200,12,0.8,-0.00013270037501408698,29.676169378397297,30.01197651741417,10.06320002488792,0.5079999682493508,27.629800024442375,1.8067999626509845,29.9593000090681,3,True,on_screen,0.6577763963274916,-4.58079919828279,-4.397577974637194,False,False,0,0.0
1789812508141,1522,2917,874.5958731511372,814.6278744098059,875.5180888720137,804.1229360032953,1,0,sidebar,0.2810159190259307,2232,12,0.6,-0.0001331922192192702,30.01121504762504,30.01267297974186,8.4021000075154,0.48129999777302146,28.444299998227507,1.8052999512292445,30.74459999334067,3,True,on_screen,0.6577763963274916,-4.576767288834105,-4.428200442842867,False,False,0,0.0
1789812508172,1523,2918,870.4154717343183,820.5861851272243,874.6778975178939,806.8337565883751,1,0,sidebar,0.28357378892211715,2263,12,0.6,-0.0001408252279141483,30.22264562619879,30.011908774768614,7.174500031396747,0.4830999532714486,33.07820000918582,1.8372000195086002,35.412399971392006,3,True,on_screen,0.6577763963274916,-4.557562849761695,-4.449178423937446,False,False,0,0.0
1789812508207,1524,2919,863.3671327702565,826.2897378215276,872.3071583541144,810.9117351962166,1,0,sidebar,0.2892794678292808,2298,12,0.6,-0.00013481949289167842,29.996848566277663,30.012185594882617,8.877100015524775,0.4626999725587666,29.496200033463538,2.1032000076957047,32.07560000009835,3,True,on_screen,0.6577763963274916,-4.54550632173482,-4.37568057142271,False,False,0,0.0
1789812508240,1525,2920,862.7021663693625,825.2321678788592,870.7250040599703,813.2706267079238,1,0,sidebar,0.2929196740416503,2331,12,0.6,-0.00014148457943362162,30.08853538412693,30.01316964732395,11.318499979097396,0.4605000140145421,27.50009996816516,1.8826000159606338,29.856300039682537,3,True,on_screen,0.6577763963274916,-4.558970836407497,-4.3142892351821835,False,False,0,0.0
1789812508270,1526,2921,863.5247124332916,822.495514609489,869.8609690647688,814.3776132561118,1,0,sidebar,0.29483188289403395,2361,12,0.6,-0.0001423690361396692,30.391444564274362,30.003595429148632,9.514299978036433,0.46230002772063017,27.98139996593818,2.2592999739572406,30.717200017534196,3,True,on_screen,0.6577763963274916,-4.5589190485046345,-4.278244861263435,False,False,0,0.0
1789812508310,1527,2922,872.4695952521615,808.8780557720714,870.174004207256,813.7176663580269,1,0,sidebar,0.29404089319556614,2401,12,0.6,-0.00014127432370704927,29.87726570555333,30.010508411043656,0.20830001449212432,0.4537999629974365,33.07360003236681,1.7854999750852585,35.33029998652637,3,True,on_screen,0.6577763963274916,-4.5657587605034,-4.215378418906205,False,False,0,0.0
1789812508345,1528,2923,869.1922782399328,807.7666699536237,870.0561970911772,813.0035467894985,1,0,sidebar,0.29397054610720075,2436,12,0.6,-0.00014206644845471232,29.69330627322245,30.011242135365073,5.060700001195073,0.6918000290170312,27.742700011003762,2.1540000452660024,30.603499966673553,3,True,on_screen,0.6577763963274916,-4.572521669589577,-4.233332199506046,False,False,0,0.0
1789812508376,1529,2924,868.2833995014244,799.7338344075209,869.8224794530286,811.2541277612046,1,0,sidebar,0.29369392254421867,2467,12,0.6,-0.00013722232599176938,29.96048345466209,30.0117521404277,4.282100009731948,0.498299952596426,29.120600025635213,1.7380999634042382,31.370499986223876,3,True,on_screen,0.6577763963274916,-4.6019186395077725,-4.196650534685378,False,False,0,0.0
1789812508408,1530,2925,871.5734533258949,788.6131726158505,870.1925262954084,806.4692397112851,1,0,sidebar,0.2911337966088603,2499,12,0.6,-0.00013907415844793998,30.123164418984445,30.011618937757206,3.6831999896094203,0.49760000547394156,29.717200028244406,3.230100031942129,33.46599999349564,3,True,on_screen,0.6577763963274916,-4.616149002082238,-4.159605107436057,False,False,0,0.0
1789812508442,1531,2926,870.3479519363245,786.2237109433839,870.2221091723976,802.6158151180612,1,0,sidebar,0.2894653637832618,2532,12,0.6,-0.0001403208091968703,30.068185424801342,30.01098951786681,3.352200030349195,0.5554999806918204,32.58890000870451,1.8577000009827316,35.016899986658245,3,True,on_screen,0.6577763963274916,-4.650926803082228,-4.151760835101222,False,False,0,0.0
1789812508477,1532,2927,869.9637113919289,785.1566474308929,870.1790653223762,799.7074704950501,1,0,sidebar,0.28827745289877116,2568,12,0.6,-0.0001404398095028285,29.891357998535874,30.01072000753047,8.311499957926571,0.47199998516589403,31.582900031935424,1.8093999824486673,33.87849999126047,3,True,on_screen,0.6577763963274916,-4.654773539596505,-4.148690010640565,False,False,0,0.0
1789812508511,1533,2928,870.9205144523442,791.083261245102,870.2680392179724,798.6725653850564,1,0,sidebar,0.28766794817159336,2601,12,0.6,-0.0001430641135905103,29.824250788357666,30.01083394180154,10.736799973528832,0.7189000025391579,30.064399994444102,1.8094999832101166,32.606500026304275,3,True,on_screen,0.6577763963274916,-4.669308581475491,-4.1774188182829075,False,False,0,0.0
1789812508544,1534,2929,880.9935312287705,785.5349029054304,872.0088301207063,796.540269420946,1,0,sidebar,0.283738816163434,2634,12,0.6,-0.0001413541639439849,29.872679803440604,30.010574138737244,11.535500001627952,0.4852000274695456,31.005099997855723,2.273900026921183,33.77899999031797,3,True,on_screen,0.6577763963274916,-4.679313164674426,-4.237577148290794,False,False,0,0.0
1789812508578,1535,2930,903.4775109420518,784.5039892719881,881.6074033545818,792.8689646996229,1,0,sidebar,0.2656851028712155,2669,12,0.6,-0.0001394401608492031,29.812623770992584,30.0105507512741,13.53880000533536,0.5795999895781279,30.461499991361052,1.9589000148698688,33.01469999132678,3,True,on_screen,0.6577763963274916,-4.693202027963764,-4.215504948290831,False,False,0,0.0
1789812508612,1536,2931,1061.5410957484498,751.2890700926956,1007.5609880302893,763.7630384747738,1,0,sidebar,0.037401843166589344,2703,12,0.6,-0.00013880723191792357,29.823062411980764,30.011229133328847,15.5761000351049,0.5365999531932175,28.319200035184622,1.8312999745830894,30.70189995924011,3,True,on_screen,0.6577763963274916,-4.71570463595873,-4.001382594715394,False,False,0,0.0
1789812508643,1537,2932,1154.7212699661404,727.3538626691221,1110.573185385385,738.2766154108176,1,1,main_file,0.3516647667866418,0,21,0.8,-0.00014408742721519138,30.058984215352865,30.012268786268475,12.559900002088398,0.43459999142214656,27.30309998150915,1.8134000129066408,29.564499971456826,3,True,on_screen,0.6577763963274916,-4.720468560625903,-3.9460898371445987,False,False,0,0.0
1789812508673,1538,2933,1202.4848824926476,712.011278696998,1174.9113733604686,719.890879711144,1,1,main_file,0.4338092018340698,30,21,0.8,-0.00014467696366607385,30.394282074146293,30.013149472760773,12.308500008657575,0.4686999600380659,27.777399984188378,1.8262999947182834,30.085999984294176,3,True,on_screen,0.6577763963274916,-4.711262948055207,-3.8242185529610624,False,False,0,0.0
1789812508703,1539,2934,1220.304136767496,698.9627318191369,1195.065254766278,710.599015127428,1,1,main_file,0.4530022855008281,60,21,0.8,-0.0001454894059866301,30.643678443402063,30.00349869019017,10.853699990548193,0.46850001672282815,28.682700009085238,1.9601000240072608,31.12399997189641,3,True,on_screen,0.6577763963274916,-4.704689907601164,-3.8656368772411467,False,False,0,0.0
1789812508740,1540,2935,1240.9215552154421,695.5043181826181,1214.756859547524,704.1170529189983,1,1,main_file,0.4726440967591268,97,21,0.8,-0.0001545992300487995,30.279524727515536,30.012343557628654,0.28979999478906393,0.5037000519223511,29.505100043024868,1.8807999440468848,31.910300021991134,3,True,on_screen,0.6577763963274916,-4.718737488753931,-3.900891055751818,False,False,0,0.0
1789812508772,1541,2936,1264.397155568816,694.0087622154825,1237.0820226782719,699.5709632092951,1,1,main_file,0.4961214590933253,129,21,0.8,-0.00015479727119004777,30.357345576642672,30.002792426122156,1.0775999980978668,0.5076000234112144,28.438500012271106,1.8943000468425453,30.85420001298189,3,True,on_screen,0.6577763963274916,-4.697150018829689,-3.8795987473043283,False,False,0,0.0
1789812508804,1542,2937,1274.7835874270236,683.0294233703409,1250.986711312818,693.4702890720441,1,1,main_file,0.505395702884496,161,21,0.8,-0.00015326017669080143,30.480380234050692,30.003371073357844,0.2680000034160912,0.4780999734066427,28.111000021453947,2.0330999977886677,30.638800002634525,3,True,on_screen,0.6577763963274916,-4.709230303221801,-3.729822888082089,False,False,0,0.0
1789812508836,1543,2938,1275.9157300647537,684.5233797820673,1257.058329591966,691.2912134121693,1,1,main_file,0.5096848946543586,193,21,0.8,-0.00014415266376307384,30.52570293093313,30.01230931534085,0.3158000181429088,0.5056000081822276,32.984400051645935,2.289000025484711,35.7990000047721,3,True,on_screen,0.6577763963274916,-4.735627384014691,-3.7272880448837475,False,False,0,0.0
1789812508873,1544,2939,1249.2311689719725,684.6210313517965,1256.1190703175669,690.4907915649246,1,1,main_file,0.5075276241770372,230,21,0.8,-0.00014785613209503633,30.243898836506265,30.01278569171433,4.43590001668781,0.44510001316666603,29.218199953902513,1.795099989976734,31.471499998588115,3,True,on_screen,0.6577763963274916,-4.69812600644525,-3.9162714964050562,False,False,0,0.0
1789812508904,1545,2940,1224.4467786323755,689.5309051369728,1247.0000755439744,690.2144238360992,1,1,main_file,0.49639576576518274,261,21,0.8,-0.00015797867802377907,30.361426216063485,30.011433080441044,1.873200002592057,0.5327999824658036,35.04260000772774,1.789500005543232,37.37899998668581,3,True,on_screen,0.6577763963274916,-4.697146332818903,-4.050668226967581,False,False,0,0.0
1789812508942,1546,2941,1221.3684783788499,666.5784019371745,1238.9252556617985,682.7682776464784,1,1,main_file,0.47705376441136393,299,21,0.8,-0.0001731401952480508,29.980613769256845,30.011979084575618,9.20820003375411,0.4257999826222658,29.029800032731146,1.7893000040203333,31.256199989002198,3,True,on_screen,0.6577763963274916,-4.684547050443172,-4.2176612071548725,False,False,0,0.0
1789812508974,1547,2942,1207.5755767932737,663.3422620254241,1228.5103855912507,676.3146412462395,1,1,main_file,0.4561575053956769,331,21,0.8,-0.00018432579525921,30.137494770882405,30.012614874144198,9.492999990470707,0.6295000202953815,28.24359998339787,1.915799977723509,30.80250002676621,3,True,on_screen,0.6577763963274916,-4.682954154639987,-4.255624519732776,False,False,0,0.0
1789812509005,1548,2943,1192.3401832649834,650.3365478524959,1214.1333373084951,665.9887851825438,1,1,main_file,0.4254215083034467,362,21,0.8,-0.00018107135853701918,30.33608065979212,30.012163285507327,8.935999998357147,0.5092999781481922,31.654799997340888,2.289000025484711,34.46799999801442,3,True,on_screen,0.6577763963274916,-4.6645157941271975,-4.27582986647545,False,False,0,0.0
1789812509040,1549,2944,1147.4967522216375,657.3047811970596,1174.7628478658567,660.8580677728102,1,1,main_file,0.36907710172874686,397,21,0.6,-0.0001772976384017133,30.180510001001966,30.012552829209007,11.54780003707856,0.4544999683275819,29.203200014308095,2.0914000342600048,31.77139995386824,3,True,on_screen,0.6577763963274916,-4.666732695326459,-4.341362480152289,False,False,0,0.0
1789812509072,1550,2945,1105.1520317622276,669.873342401791,1131.858570145804,666.4145871192939,1,1,main_file,0.3168852868598976,429,21,0.6,-0.0001720989628116159,30.26453273691451,30.01175271850668,11.141200026031584,0.4949000431224704,32.68669999670237,2.2684999858029187,35.46849999111146,3,True,on_screen,0.6577763963274916,-4.681208905618746,-4.338114174248697,False,False,0,0.0
1789812509108,1551,2946,1020.9947891813273,685.1423558511345,1054.2539234706703,679.5240252315823,1,1,main_file,0.2150572533584587,465,21,0.6,-0.0001692581554953304,30.01428405819661,30.009634660924632,15.893400006461889,0.6825000164099038,36.46979999030009,2.5276000378653407,39.698799955658615,3,True,on_screen,0.6577763963274916,-4.6876251816186425,-4.3918547666208685,False,False,0,0.0
1789812509148,1552,2947,955.8991684924266,694.9392782205615,985.4055949858998,690.3147023238678,1,0,sidebar,0.03332245339879103,0,13,0.8,-0.00016587031423137034,29.509516369979963,30.01013552626582,7.8239000285975635,0.6134000141173601,28.95669999998063,1.7443000106140971,31.32830001413822,3,True,on_screen,0.6577763963274916,-4.684853477299043,-4.39044101240395,False,False,0,0.0
1789812509180,1553,2948,922.9416120955536,692.554210965261,951.0022818975283,691.5481574029205,1,0,sidebar,0.09004788056779345,32,13,0.8,-0.00016460915048130582,29.722661102271054,30.010922204950063,7.812199997715652,0.4427999956533313,28.12059997813776,1.8928999779745936,30.469600053038448,3,True,on_screen,0.6577763963274916,-4.691774624047071,-4.345553349216361,False,False,0,0.0
1789812509210,1554,2949,905.0067135470645,694.4638378010262,932.1096187411592,692.745772077737,1,0,sidebar,0.12134938046768284,62,13,0.8,-0.000163899843630572,29.995915358485412,30.011811896331658,5.9362000320106745,0.4941999795846641,27.681300009135157,1.8742999527603388,30.065400002058595,3,True,on_screen,0.6577763963274916,-4.683983337731831,-4.271703677549057,False,False,0,0.0
1789812509241,1555,2950,891.914290731544,689.9130904335202,917.5854445543604,691.7222112896147,1,0,sidebar,0.14383221335496676,92,13,0.8,-0.00016447568265049763,30.285343106924053,30.012026900276613,4.694699950050563,0.4934000317007303,29.355600010603666,2.413500042166561,32.27670001797378,3,True,on_screen,0.6577763963274916,-4.684670191415336,-4.206205725885749,False,False,0,0.0
1789812509273,1556,2951,898.8937653924576,681.218982054136,913.8373471652001,689.6160802280733,1,0,sidebar,0.14818941918606365,125,13,0.8,-0.0001652997594915797,30.326572237869925,30.012102990543937,5.090499995276332,0.4754000110551715,30.425100005231798,1.8572000553831458,32.77170000365004,3,True,on_screen,0.6577763963274916,-4.679552102614707,-4.199261456754688,False,False,0,0.0
1789812509306,1557,2952,895.5782453343887,675.6992489494169,909.9396516720242,686.645311399643,1,0,sidebar,0.15205998458079828,157,13,0.8,-0.0001692269492113794,30.31884650154817,30.01265953900644,6.216799956746399,0.5123000009916723,28.834400000050664,1.8473999807611108,31.20840003248304,3,True,on_screen,0.6577763963274916,-4.688854659283692,-4.212237072575538,False,False,0,0.0
1789812509338,1558,2953,902.0576473429489,666.271187831667,908.3319016622637,682.4894525599768,1,0,sidebar,0.15130441531010208,190,13,0.8,-0.00016935617932634962,30.458534408459823,30.013304377635325,5.61540003400296,0.4628999740816653,28.600000019650906,1.8056999542750418,30.88279999792576,3,True,on_screen,0.6577763963274916,-4.665594292678577,-4.1864980801817335,False,False,0,0.0
1789812509369,1559,2954,891.0500820353009,667.8119666132018,904.6847619063545,679.3919290544217,1,0,sidebar,0.15453573399036635,220,13,0.8,-0.00016612323569594432,30.619145200950058,30.0130436382946,4.500799986999482,0.4786999779753387,31.35820000898093,2.019900013692677,33.86959998169914,3,True,on_screen,0.6577763963274916,-4.665855755116837,-4.201629289223427,False,False,0,0.0
1789812509403,1560,2955,920.9393164156222,656.8335230502264,908.8264775882225,673.6439706066988,1,0,sidebar,0.14334287898718168,255,13,0.8,-0.0001633466346955565,30.48347469814789,30.013893569424845,5.530300026293844,0.49349997425451875,27.892999991308898,1.8251999863423407,30.22600000258535,3,True,on_screen,0.6577763963274916,-4.694593759900869,-4.183305018959255,False,False,0,0.0
1789812509434,1561,2956,933.118026979543,671.1929477761104,914.3137373218852,673.0903048578446,1,0,sidebar,0.13430544259731314,286,13,0.8,-0.00016457571670349704,30.70053998203344,30.014008482738586,5.865399958565831,0.4813999985344708,30.317299999296665,1.7299000173807144,32.542700006160885,3,True,on_screen,0.6577763963274916,-4.692194591471548,-4.073753275112478,False,False,0,0.0
1789812509467,1562,2957,956.9940080442277,670.3110658528165,930.6370484928553,672.0273691657844,1,0,sidebar,0.1077996628643465,319,13,0.8,-0.0001688962161544242,30.676443385156755,30.014921099168106,5.772100004833192,0.44109998270869255,27.698100020643324,1.8811000045388937,30.0334999919869,3,True,on_screen,0.6577763963274916,-4.697541803246139,-3.9738553939479804,False,False,0,0.0
1789812509497,1563,2958,964.5386753183201,675.3105853685968,941.0842027405205,673.0391278721086,1,0,sidebar,0.0920831633950473,348,13,0.8,-0.00017000760694147257,30.904560695773426,30.005466259513238,5.312100052833557,0.4835000145249069,28.480299981310964,1.7664000042714179,30.745600000955164,3,True,on_screen,0.6577763963274916,-4.723226286389377,-3.97808942279038,False,False,0,0.0
1789812509542,1564,2959,975.6960610219339,707.6823385324471,956.1520811064373,688.1206551391704,1,0,sidebar,0.07927581506668546,394,13,0.8,-0.00017976659446377295,30.04366955082682,30.0092992025579,0.3499999875202775,0.721000018529594,36.796199972741306,2.399899996817112,39.94849999435246,3,True,on_screen,0.6577763963274916,-4.975855016588582,-4.058188132573471,False,False,0,0.0
1789812509582,1565,2960,1002.5814429383473,783.8449306317311,988.6526343887742,755.1276479839628,1,0,sidebar,0.06564478619098335,434,13,0.8,-0.0002299182543630835,29.52052593724796,30.008316894722693,9.557000012136996,0.8302999776788056,32.923599996138364,2.4277999764308333,36.19840001920238,3,True,on_screen,0.6577763963274916,-6.698482751061476,-4.851330630341993,False,False,0,0.0
1789812509619,1566,2961,1616.837767769604,1023.9427844908531,1428.382227755355,943.298243538786,1,1,main_file,0.9208008537852205,0,22,1.0,-0.0005720079043599838,29.29992270408799,30.007770006521525,14.696900034323335,0.5458999658003449,31.33129997877404,2.817800035700202,34.71079998416826,3,True,on_screen,0.6577763963274916,-7.947614133331882,-5.277971833195392,False,False,0,0.0
1789812509654,1567,2962,3168.0000000000005,1436.5459940122496,2646.114668326607,1288.5716688702105,2,2,terminal,0.4267882685739448,0,14,1.2,-0.001124354351093421,29.209508472938037,30.007161331089158,16.516100033186376,0.5694000283256173,31.842099968343973,2.3922999971546233,34.82190001523122,3,True,on_screen,0.6577763963274916,-8.409421465285277,-6.018211276997276,False,True,0,0.0
1789812509689,1568,2963,0.0,0.0,0.0,0.0,-1,-1,,0.0,0,0,1.2,-0.0013189531187267466,29.13425265829848,30.007763324259717,18.610200029797852,0.4974000039510429,28.906299965456128,1.6065000090748072,31.02499997476116,3,True,eyes_invalid_or_blink,0.6577763963274916,-6.979388743378479,-7.570498237969986,False,True,0,0.0
1789812509721,1569,2964,0.0,0.0,0.0,0.0,-1,-1,,0.0,0,0,1.2,-0.001328263241082624,29.40578420263305,30.008325847974366,20.41800000006333,0.5077000241726637,29.14030000101775,1.4372000005096197,31.099799962248653,3,True,eyes_invalid_or_blink,0.6577763963274916,-6.135502807640023,-11.337525553970574,False,True,0,0.0
1789812509752,1570,2965,0.0,0.0,0.0,0.0,-1,-1,,0.0,0,0,1.2,-0.001488121983891014,29.641402098842494,30.007541615561333,19.403400016017258,0.47229998745024204,32.92460000375286,2.1095999982208014,35.52299999864772,3,True,eyes_invalid_or_blink,0.6577763963274916,-5.475565161269941,-16.178459760093148,False,True,0,0.0
1789812509788,1571,2966,0.0,0.0,0.0,0.0,-1,-1,,0.0,0,0,1.2,-0.0015279436724009235,29.467105741361813,30.00817517966,22.346500016283244,0.7593000191263855,28.52979995077476,1.6119999927468598,30.916200019419193,3,True,eyes_invalid_or_blink,0.6577763963274916,-5.061678986291099,-23.27253227169274,True,True,0,0.0
1789812509819,1572,2967,0.0,0.0,0.0,0.0,-1,-1,,0.0,0,0,1.2,-0.0016879076459021848,29.711562015513735,30.008877157701587,23.156400013249367,0.5170999793335795,28.579199977684766,1.4782000216655433,30.589899979531765,3,True,eyes_invalid_or_blink,0.6577763963274916,-4.968737799673136,-27.56303997549719,True,True,0,0.0
1789812509850,1573,2968,0.0,0.0,0.0,0.0,-1,-1,,0.0,0,0,1.2,-0.0020511636147890182,29.974830445267198,30.00941141233755,21.80180000141263,0.5244999774731696,29.468499997165054,1.2274000328034163,31.234599999152124,3,True,eyes_invalid_or_blink,0.6577763963274916,-5.5104177314135825,-32.88189754359141,True,True,0,0.0
1789812509882,1574,2969,3168.0000000000005,1980.0000000000002,3011.4344004979826,1772.5715006610633,-1,-1,off_screen,0.0,0,10,1.4,-0.002228012790059417,30.14758269337275,30.008235836110217,21.3647999917157,0.5313000292517245,34.41869997186586,1.9238999811932445,36.89240000676364,3,True,gaze_outside_screen,0.6577763963274916,-6.051759770958142,-36.708286352391006,True,True,0,0.0
1789812509919,1575,2970,1953.1399368561722,1980.0000000000002,2270.6282759487153,1917.7714501983191,-1,-1,off_screen,0.0,36,10,1.4,-0.0025122038539508364,29.81351647177093,30.00891635509497,26.175200007855892,0.6325000431388617,28.57729996321723,1.4395000180229545,30.666599981486797,3,True,gaze_outside_screen,0.6577763963274916,-6.488951595366359,-40.51759395935258,True,True,0,0.0
1789812509950,1576,2971,3168.0000000000005,1980.0000000000002,2898.788482784615,1961.3314350594958,-1,-1,off_screen,0.0,68,10,1.4,-0.0025384269317236426,30.05753429160217,30.009500268665168,10.044199996627867,0.4833999555557966,29.045900038909167,1.5143999480642378,31.05890000006184,3,True,gaze_outside_screen,0.6577763963274916,-5.5642615826049,-45.105075795077134,True,False,1,1.0
1789812509981,1577,2972,2044.7909026464827,1980.0000000000002,2300.9901766879225,1974.399430517849,-1,-1,off_screen,0.0,98,10,1.4,-0.0024350157072023353,30.241848270175094,30.009851740727417,7.862099970225245,0.45550003414973617,30.05750000011176,1.3478000182658434,31.87400003662333,3,True,gaze_outside_screen,0.6577763963274916,0.6258263414682688,-63.38185069738065,True,False,1,1.0
1789812510014,1578,2973,1236.8321305250317,1980.0000000000002,1556.079544373899,1978.319829155355,-1,-1,off_screen,0.0,131,10,1.4,-0.0023668909102993445,30.309924130695773,30.009628953738204,9.254900040104985,0.4811999970115721,31.00880002602935,2.0858999923802912,33.59339997405186,3,True,gaze_outside_screen,0.6577763963274916,-5.80482972713375,-52.79959882457197,True,False,1,1.0
1789812510048,1579,2974,2635.622409760934,1845.7266720311789,2311.759550144823,1885.5046191684319,-1,-1,off_screen,0.0,166,10,1.4,-0.0027038602282711387,30.188369642014262,30.009864782238672,11.708400037605315,0.8023999980650842,29.196999967098236,1.7480000387877226,31.766199972480536,3,True,gaze_outside_screen,0.6577763963274916,-0.9231452956143755,-69.92117165564646,True,False,1,1.0
1789812510080,1580,2975,1837.1373326237717,1809.3593751796368,1979.523997880087,1832.2029483762753,-1,-1,off_screen,0.0,197,10,1.4,-0.002656972891193968,30.285428423652515,30.00969437161774,10.871100006625056,0.4886999959126115,30.500799999572337,2.55430000834167,33.5577999940142,3,True,gaze_outside_screen,0.6577763963274916,-0.7884191129540761,2.0177076155942664,False,False,1,1.0
1789812510114,1581,2976,2458.4561146416154,152.1357245304333,2314.776479613157,656.155891684186,1,2,second_file,0.5436568657899628,0,9,1.6,-0.002663682197635008,30.194122700025556,30.010017509175576,13.798699947074056,0.4783999756909907,29.447900014929473,1.8221999634988606,31.766900036018342,3,True,on_screen,0.6577763963274916,-8.924261538210828,-57.75791114553913,True,False,1,1.0
1789812510146,1582,2977,0.0,0.0,0.0,0.0,-1,-1,,0.0,0,0,1.6,-0.002833878027768048,30.287483066863214,30.010497909999486,13.813800003845245,0.5745000089518726,29.58030003355816,1.2045999756082892,31.37470001820475,3,True,eyes_invalid_or_blink,0.6577763963274916,-10.49822882650028,-58.702210510002196,True,False,1,1.0
1789812510178,1583,2978,0.0,0.0,0.0,0.0,-1,-1,,0.0,0,0,1.6,-0.00313789616339402,30.40736919921038,30.011334129409025,13.713899999856949,0.5196999991312623,28.43649999704212,1.1998999980278313,30.170599988196045,3,True,eyes_invalid_or_blink,0.6577763963274916,-9.887003630167698,-59.488741645089625,True,False,1,1.0
1789812510209,1584,2979,0.0,0.0,0.0,0.0,-1,-1,,0.0,0,0,1.6,-0.003212219545505506,30.641637762582416,30.01226410889034,12.616600026376545,0.45329995919018984,28.288800036534667,1.1240000021643937,29.880199988838285,3,True,eyes_invalid_or_blink,0.6577763963274916,-9.236202917723205,-59.6079226802317,True,False,1,1.0
1789812510239,1585,2980,0.0,0.0,0.0,0.0,-1,-1,,0.0,0,0,1.6,-0.003795072084019078,30.883914937112714,30.013088515614573,10.582399962004274,0.506600015796721,27.55639998940751,2.150300017092377,30.22760001476854,3,True,eyes_invalid_or_blink,0.6577763963274916,-0.559037137936599,-1.3008346101521835,False,False,1,1.0
1789812510269,1586,2981,0.0,0.0,0.0,0.0,-1,-1,,0.0,0,0,1.6,-0.003930228981171015,31.069703258971664,30.013264443752206,8.787499973550439,0.44650002382695675,29.629900003783405,2.3324000067077577,32.42210001917556,3,True,eyes_invalid_or_blink,0.6577763963274916,15.85199909600476,45.796132815188905,True,False,1,1.0
1789812510302,1587,2982,0.0,0.0,0.0,0.0,-1,-1,,0.0,0,0,1.6,-0.004371739386903986,31.0032724442837,30.003119479277338,9.14159999229014,0.48049999168142676,30.954900023061782,1.6755000106059015,33.12869998626411,3,True,eyes_invalid_or_blink,0.6577763963274916,-1.0829626037113087,-80.43205109317319,True,False,1,1.0
1789812510340,1588,2983,0.0,0.0,0.0,0.0,-1,-1,,0.0,0,0,1.6,-0.004440151019216193,30.538616376391204,30.012108608502984,0.28330000350251794,0.5004999693483114,29.40519998082891,2.1339000086300075,32.058400043752044,3,True,eyes_invalid_or_blink,0.6577763963274916,17.043617850010435,46.16294337416035,True,False,1,1.0
1789812510373,1589,2984,0.0,0.0,0.0,0.0,-1,-1,,0.0,0,0,1.6,-0.004283324792226198,30.571898634239282,30.012184796221195,1.0249000042676926,0.5333999870344996,31.052400008775294,1.1329999542795122,32.7333000022918,3,True,eyes_invalid_or_blink,0.6577763963274916,-9.260016638998906,-60.948416249888695,True,False,1,1.0
1789812510406,1590,2985,0.0,0.0,0.0,0.0,-1,-1,,0.0,0,0,1.6,-0.004042823688551037,30.543928628356124,30.002969509988908,1.1878999648615718,0.5605000187642872,28.417999972589314,1.277300005313009,30.270200048107654,3,True,eyes_invalid_or_blink,0.6577763963274916,-10.277154667637575,-60.98331522376449,True,False,1,1.0
1789812510436,1591,2986,0.0,0.0,0.0,0.0,-1,-1,,0.0,0,0,1.6,-0.004345702200738081,30.744161399820477,30.00332908338754,0.2552000223658979,0.5150000215508044,29.86160002183169,1.2874000240117311,31.681800028309226,3,True,eyes_invalid_or_blink,0.6577763963274916,-9.9571566745131,-61.070602241238376,True,False,1,1.0
1789812510468,1592,2987,0.0,0.0,0.0,0.0,-1,-1,,0.0,0,0,1.6,-0.004250760678212456,30.793007942468513,30.004000235375223,0.18360000103712082,0.43029995867982507,29.105200024787337,1.2167999520897865,30.76689998852089,3,True,eyes_invalid_or_blink,0.6577763963274916,-11.432088634837214,-60.32719640073617,True,False,1,1.0
1789812510500,1593,2988,0.0,0.0,0.0,0.0,-1,-1,,0.0,0,0,1.6,-0.0042144729825942286,30.895340219204694,30.013391987562795,0.2395000192336738,0.4854000289924443,32.65579999424517,1.6613999614492059,34.82120000990108,3,True,eyes_invalid_or_blink,0.6577763963274916,-11.725513641212586,-60.62951627590929,True,False,1,1.0
1789812510535,1594,2989,0.0,0.0,0.0,0.0,-1,-1,,0.0,0,0,1.6,-0.004304895058336202,30.65653897883041,30.01387992380306,1.4836000045761466,0.48690004041418433,29.52699997695163,1.415100006852299,31.441700004506856,3,True,eyes_invalid_or_blink,0.6577763963274916,-11.877344189792183,-60.31707625488551,True,False,1,1.0
1789812510567,1595,2990,0.0,0.0,0.0,0.0,-1,-1,,0.0,0,0,1.4,-0.004235427925487598,30.741563106886353,30.013949050560463,1.236799987964332,0.48510002670809627,31.041399983223528,1.2506999773904681,32.79050003038719,3,True,eyes_invalid_or_blink,0.6577763963274916,-12.242747254683309,-61.359442276548336,True,False,1,1.0
1789812510600,1596,2991,0.0,0.0,0.0,0.0,-1,-1,,0.0,0,0,1.4,-0.004490271050804436,30.693116246853883,30.014045680594027,1.2867000186815858,0.48260000767186284,30.859299993608147,1.3826999929733574,32.73759997682646,3,True,eyes_invalid_or_blink,0.6577763963274916,-11.996437565730389,-61.51449638096588,True,False,1,1.0
1789812510633,1597,2992,0.0,0.0,0.0,0.0,-1,-1,,0.0,0,0,1.4,-0.004559013675455465,30.645263022020295,30.013992477165953,1.9644999993033707,0.5015999777242541,31.372500001452863,1.2452999944798648,33.13579998211935,3,True,eyes_invalid_or_blink,0.6577763963274916,-12.344197826525345,-61.49532144478158,True,False,1,1.0
1789812510666,1598,2993,0.0,0.0,0.0,0.0,-1,-1,,0.0,0,0,1.4,-0.0047515435188139,30.56763915444568,30.014843061701328,5.763799999840558,0.5630999803543091,28.152499988209456,1.4166999608278275,30.147100042086095,3,True,eyes_invalid_or_blink,0.6577763963274916,-12.666107182959337,-61.4908613480673,True,False,1,1.0
1789812510697,1599,2994,0.0,0.0,0.0,0.0,-1,-1,,0.0,0,0,1.4,-0.004573342508407909,30.784733476105927,30.005709623535246,4.748300008941442,0.5497999954968691,28.208899952005595,1.190899987705052,29.964799992740154,3,True,eyes_invalid_or_blink,0.6577763963274916,-12.78791598141882,-61.14636394714925,True,False,1,1.0
1789812510740,1600,2995,0.0,0.0,0.0,0.0,-1,-1,,0.0,0,0,1.4,-0.004573351677480372,30.000716952119785,30.011758128016858,0.23449998116120696,0.49240002408623695,30.48529999796301,1.913699961733073,32.91270002955571,3,True,eyes_invalid_or_blink,0.6577763963274916,-12.344559560419356,-60.94532089103044,True,False,1,1.0
1789812510774,1601,2996,0.0,0.0,0.0,0.0,-1,-1,,0.0,0,0,1.4,-0.004605142190429819,29.999694558721018,30.01194818016891,0.9364999714307487,0.4791999817825854,30.33879998838529,1.4201999874785542,32.256700040306896,3,True,eyes_invalid_or_blink,0.6577763963274916,-12.268589542527593,-60.72623854459088,True,False,1,1.0
1789812510806,1602,2997,0.0,0.0,0.0,0.0,-1,-1,,0.0,0,0,1.4,-0.004525845853146601,30.068687759777088,30.012303442691863,1.4761000056751072,0.5388999707065523,30.00989998690784,1.2466000043787062,31.809700012672693,3,True,eyes_invalid_or_blink,0.6577763963274916,-12.282947512217419,-60.547726758378076,True,False,1,1.0
1789812510838,1603,2998,0.0,0.0,0.0,0.0,-1,-1,,0.0,0,0,1.4,-0.004317970555313336,30.176715041464806,30.012200174539277,1.3184999697841704,0.500700029078871,31.378400046378374,1.4754000003449619,33.369300013873726,3,True,eyes_invalid_or_blink,0.6577763963274916,-12.579777799539357,-60.23603541255236,True,False,1,1.0
1789812510872,1604,2999,0.0,0.0,0.0,0.0,-1,-1,,0.0,0,0,1.4,-0.004305795449939672,30.12422929275988,30.012739867860375,3.853399946819991,0.5470000323839486,29.136699973605573,1.4672999968752265,31.16710000904277,3,True,eyes_invalid_or_blink,0.6577763963274916,-13.079150037866839,-60.71189965476759,True,False,1,1.0
1789812510904,1605,3000,0.0,0.0,0.0,0.0,-1,-1,,0.0,0,0,1.4,-0.004428205326640905,30.288840217894503,30.012732089029317,1.4445999986492097,0.5071999621577561,31.13600000506267,1.3776000123471022,33.036199980415404,3,True,eyes_invalid_or_blink,0.6577763963274916,-13.453733588850355,-60.94027057531702,True,False,1,1.0
1789812510937,1606,3001,0.0,0.0,0.0,0.0,-1,-1,,0.0,0,0,1.2,-0.004262585183805437,30.25400402795883,30.01354624717913,4.623500048182905,0.5732999998144805,28.426299977581948,1.229099987540394,30.24239995284006,3,True,eyes_invalid_or_blink,0.6577763963274916,-13.989709036645223,-61.455733442362416,True,False,1,1.0
1789812510968,1607,3002,0.0,0.0,0.0,0.0,-1,-1,,0.0,0,0,1.2,-0.004314966533771005,30.50298713977205,30.014131738663533,3.933300031349063,0.48319995403289795,29.3834000476636,1.1899000382982194,31.068799959030002,3,True,eyes_invalid_or_blink,0.6577763963274916,-14.154311128528576,-62.090706151792936,True,False,1,1.0
1789812510999,1608,3003,0.0,0.0,0.0,0.0,-1,-1,,0.0,0,0,1.2,-0.004262504738633117,30.641158917789255,30.014886334509036,1.6214000061154366,0.5212000105530024,28.178199951071292,1.7936000367626548,30.50769999390468,3,True,eyes_invalid_or_blink,0.6577763963274916,-13.891081555437495,-62.217395265281596,True,False,1,1.0
1789812511030,1609,3004,0.0,0.0,0.0,0.0,-1,-1,,0.0,0,0,1.2,-0.004230482540729113,30.81722124003585,30.015414498531612,1.9448999664746225,0.5365000106394291,29.317300010006875,1.3303000014275312,31.200200028251857,3,True,eyes_invalid_or_blink,0.6577763963274916,-13.837489605441363,-61.69810060052226,True,False,1,1.0
1789812511061,1610,3005,0.0,0.0,0.0,0.0,-1,-1,,0.0,0,0,1.2,-0.004229913149647886,30.89769443343251,30.015673633592993,1.0671000345610082,0.47400000039488077,29.85009999247268,1.6882999916560948,32.02759998384863,3,True,eyes_invalid_or_blink,0.6577763963274916,-14.081751574698131,-61.503472411179395,True,False,1,1.0
1789812511094,1611,3006,0.0,0.0,0.0,0.0,-1,-1,,0.0,0,0,1.2,-0.004263066797556099,30.907018510237997,30.00564702085682,0.9169999975711107,0.43189997086301446,31.07680001994595,1.7039999947883189,33.225800027139485,3,True,eyes_invalid_or_blink,0.6577763963274916,-13.775251825022139,-61.21420334928242,True,False,1,1.0
1789812511140,1612,3007,0.0,0.0,0.0,0.0,-1,-1,,0.0,0,0,1.2,-0.0042924233395331066,29.97885288116927,30.00221488583098,0.31179998768493533,0.5281000048853457,29.525000019930303,1.6999999643303454,31.77470003720373,3,True,eyes_invalid_or_blink,0.6577763963274916,-14.094758396715804,-61.13462304668475,True,False,1,1.0
1789812511172,1613,3008,0.0,0.0,0.0,0.0,-1,-1,,0.0,0,0,1.2,-0.00429778986034641,30.05281502982861,30.002972648253934,0.23860001238062978,0.5115000531077385,28.2839999999851,1.2080000014975667,30.02020000712946,3,True,eyes_invalid_or_blink,0.6577763963274916,-14.204227308061036,-61.04607631168013,True,False,1,1.0
1789812511203,1614,3009,0.0,0.0,0.0,0.0,-1,-1,,0.0,0,0,1.2,-0.004324304827735459,30.298614512692133,30.00407792214436,0.18710002768784761,0.6509000086225569,27.080400031991303,1.1484999558888376,28.896200004965067,3,True,eyes_invalid_or_blink,0.6577763963274916,-13.36854045896311,-60.84693489526581,True,False,1,1.0
1789812511235,1615,3010,0.0,0.0,0.0,0.0,-1,-1,,0.0,0,0,1.2,-0.0044845323100414,30.38351328789317,30.00394967608359,0.20289997337386012,0.4313999670557678,28.751400008331984,1.3497999752871692,30.548900016583502,3,True,eyes_invalid_or_blink,0.6577763963274916,-13.016994531624647,-60.252613752000876,True,False,1,1.0
1789812511268,1616,3011,3168.0000000000005,1044.955516089111,2912.0329438839476,928.3156287676334,-1,-1,off_screen,0.0,0,11,1.4,-0.004513873930954199,30.40971367821121,30.003873239956018,0.24129997473210096,0.4990000161342323,29.373399971518666,1.6119999927468598,31.502800004091114,3,True,gaze_outside_screen,0.6577763963274916,-12.61694070633132,-55.16729901524039,True,False,1,1.0
1789812511300,1617,3012,3168.0000000000005,1980.0000000000002,3091.2098831651847,1664.49468863029,-1,-1,off_screen,0.0,32,11,1.4,-0.004618365642212173,30.47600180066948,30.01323497997075,0.20559999393299222,0.4884999943897128,30.740100017283112,3.408399992622435,34.655700030270964,3,True,gaze_outside_screen,0.6577763963274916,-2.750808301095134,-67.421661665489,True,True,1,1.0
1789812511335,1618,3013,0.0,0.0,0.0,0.0,-1,-1,,0.0,0,0,1.4,-0.004659337199388746,30.26458910211847,30.012499937371793,2.7033999795094132,0.7116000051610172,32.120599993504584,2.3222999880090356,35.174000018741935,3,True,eyes_invalid_or_blink,0.6577763963274916,-22.884612090422934,1.802657909595346,True,True,1,1.0
1789812511371,1619,3014,0.0,0.0,0.0,0.0,-1,-1,,0.0,0,0,1.4,-0.0041019125601061465,30.059299115301464,30.013468402102173,6.217500020284206,0.43459999142214656,28.058300027623773,1.3000000035390258,29.80540000135079,3,True,eyes_invalid_or_blink,0.6577763963274916,-0.5650056861313999,-51.97253297760338,True,True,1,1.0
1789812511401,1620,3015,2158.6727249707087,1980.0000000000002,2438.433872429052,1885.348406589087,-1,-1,off_screen,0.0,0,12,1.6,-0.004381359634978545,30.3791972496447,30.014146525090084,4.902200016658753,0.4427999956533313,28.911300003528595,1.4189999783411622,30.78589995857328,3,True,gaze_outside_screen,0.6577763963274916,-5.376402703314739,-32.28516502915348,True,True,1,1.0
1789812511432,1621,3016,2653.3368629904185,1980.0000000000002,2588.8659658220085,1951.6045219767261,-1,-1,off_screen,0.0,30,12,1.6,-0.003915638035363685,30.54671394444961,30.014516669730178,4.115400020964444,0.466100056655705,29.616900021210313,1.568900013808161,31.666899973060936,3,True,gaze_outside_screen,0.6577763963274916,-4.652073690497929,-28.57375686828526,True,True,1,1.0
1789812511464,1622,3017,0.0,0.0,0.0,0.0,-1,-1,,0.0,0,0,1.6,-0.0027815091995955464,30.611184411842665,30.014965742379577,3.829499997664243,0.5703999777324498,29.585600015707314,1.2488000211305916,31.419899954926223,3,True,eyes_invalid_or_blink,0.6577763963274916,-3.8121008477340297,-25.1431751143644,True,True,1,1.0
1789812511496,1623,3018,0.0,0.0,0.0,0.0,-1,-1,,0.0,0,0,1.6,-0.0024037906787942997,30.69615459567557,30.00547295652373,3.8651000359095633,0.6503999466076493,29.484500002581626,1.2946000206284225,31.444799969904125,3,True,eyes_invalid_or_blink,0.6577763963274916,-3.562700955928136,-21.930864198742984,True,True,1,1.0
1789812511540,1624,3019,3162.1701128548107,1703.4117365836755,2990.17886874497,1777.869572201591,-1,-1,off_screen,0.0,0,13,1.8,-0.002195456946705277,29.889940168896544,30.002181573007917,0.299000006634742,0.56900002527982,28.159800043795258,2.8779999702237546,31.62899997550994,3,True,gaze_outside_screen,0.6577763963274916,-3.1093105610021894,-19.54896537271139,True,True,1,1.0
1789812511572,1625,3020,2565.017618464872,1856.0311954211286,2692.5659935489016,1832.582708455267,-1,-1,off_screen,0.0,32,13,1.8,-0.0021079286677143667,29.995905702316005,30.012024211708493,0.30559999868273735,0.4791999817825854,30.890299996826798,1.572399982251227,32.9572000191547,3,True,gaze_outside_screen,0.6577763963274916,-3.126574406060911,-16.156640833274036,False,True,1,1.0
1789812511606,1626,3021,2344.329640443974,1582.620455966401,2448.800546375452,1657.6091317130608,2,2,terminal,0.7085159387788651,0,15,2.0,-0.001979899637642713,29.99752462068205,30.01244932686099,1.6790999798104167,0.5250000394880772,29.25590000813827,1.735400001052767,31.530900043435395,3,True,on_screen,0.6577763963274916,-3.7957896561293296,-14.306706125397687,False,True,1,1.0
1789812511638,1627,3022,2103.7364836668585,1254.97645304237,2207.2557024794364,1375.7662566435772,2,2,terminal,0.5948814263408659,32,15,2.0,-0.0018608833097354532,30.139748647507574,30.01314634387771,1.554100017528981,0.4776999703608453,28.41150003951043,1.7809000564739108,30.68399999756366,3,True,on_screen,0.6577763963274916,-4.38224895920419,-13.064982926001202,False,False,2,2.0
1789812511669,1628,3023,2057.1226334402986,1103.0708135975585,2102.16255415204,1184.8794465113642,2,2,terminal,0.23397660234429185,62,15,2.0,-0.0017726481912060596,30.353985771318786,30.01342627399637,0.8067000308074057,0.48260000767186284,29.68959999270737,1.900700037367642,32.08589996211231,3,True,on_screen,0.6577763963274916,-4.254740635526275,-10.312227573120929,False,False,2,2.0
1789812511701,1629,3024,2134.47755139243,1100.5477407986061,2124.783052220313,1125.8472525124334,1,2,second_file,0.3710298386771237,0,10,2.2,-0.0017748774543222788,30.40641744039351,30.013839644390735,1.0095000034198165,0.534999999217689,28.992499981541187,2.089400019031018,31.631299993023276,3,True,on_screen,0.6577763963274916,-4.330647496171366,-7.395142945138622,False,False,2,2.0
1789812511733,1630,3025,2052.7342677555666,985.1248242520785,2074.3489030949904,1027.341552730185,1,2,second_file,0.38226252508649194,32,10,2.2,-0.0018561996968009583,30.501407448227912,30.014258171186935,1.4038999797776341,0.4459000192582607,29.17589998105541,2.0172999938949943,31.651900033466518,3,True,on_screen,0.6577763963274916,-4.358307768659444,-5.830480244553306,False,False,2,2.0
1789812511765,1631,3026,2007.9349008505774,824.3125162932241,2027.8591015239012,885.2212272243124,1,2,second_file,0.3420341649558293,64,10,2.2,-0.001853390629920947,30.579385046725882,30.004562071707802,0.7766999769955873,0.5104000447317958,29.87830003257841,1.8606999656185508,32.26360003463924,3,True,on_screen,0.6577763963274916,-4.512638296993714,-2.914750328791592,False,False,2,2.0
1789812511798,1632,3027,2008.6340211636748,716.2678805296484,2014.4015452717426,766.9538845380476,1,2,second_file,0.2793672214476072,97,10,2.2,-0.0018545408033021418,30.533875822414124,30.01402400316283,0.20980002591386437,0.49540004692971706,31.531900051049888,1.8633000436238945,33.910400001332164,3,True,on_screen,0.6577763963274916,-4.48137325631896,-1.6865886792645812,False,False,2,2.0
1789812511832,1633,3028,1889.976651034401,704.1775614554365,1927.3041193056033,723.0104583802198,1,2,second_file,0.108287054531097,131,10,2.2,-0.0018049074497840847,30.396688315631238,30.011885529053608,1.9978000200353563,0.5493999924510717,37.49349998543039,2.0679999724961817,40.12740001780912,3,True,on_screen,0.6577763963274916,-4.245363998051857,-1.3261093628907765,False,False,2,2.0
1789812511873,1634,3029,1880.6679960135737,603.8150127739799,1894.6588330011825,639.5736464558519,1,2,second_file,0.0,171,10,2.2,-0.001737893434532005,29.82961081049625,30.012295799868436,11.916799994651228,0.47800003085285425,29.453700000885874,1.679199980571866,31.623899994883686,3,True,on_screen,0.6577763963274916,-4.068759104244123,-1.1844394690486846,False,False,2,2.0
1789812511905,1635,3030,1876.111138659013,605.2980433145094,1888.1660795899274,627.5752257835414,0,2,ai_agent,0.0,0,5,2.4,-0.0017003986888226453,29.980571612196893,30.012681145000982,11.84980000834912,0.4141000099480152,29.425900022033602,1.8859999836422503,31.738299992866814,3,True,on_screen,0.6577763963274916,-3.7723433327588225,-0.5524661661479582,False,False,2,2.0
1789812511937,1636,3031,1915.3011160282651,518.0591330379306,1907.160605096764,550.9139608616138,0,2,ai_agent,0.022972218266447353,32,5,2.4,-0.0016838762300819526,30.10519195830072,30.002962077329332,12.532000022474676,0.4615999641828239,29.911699995864183,2.040599996689707,32.42910001426935,3,True,on_screen,0.6577763963274916,-3.710912285612494,-0.32551693725956793,False,False,2,2.0
1789812511972,1637,3032,1852.1702687212921,511.59880215632086,1874.4838962457115,527.5518561879131,0,2,ai_agent,0.0,66,5,2.4,-0.0016625397271285772,29.91918045327894,30.01177265958714,0.2997999545186758,0.48530002823099494,31.132200034335256,2.3727999650873244,34.00750004220754,3,True,on_screen,0.6577763963274916,-3.664463912315142,-0.7904935180572077,False,False,2,2.0
1789812512006,1638,3033,1891.1454807033278,487.99237382586864,1880.8781557823982,512.3700109076312,0,2,ai_agent,0.009110617347145022,101,5,2.4,-0.0016714607518107608,29.842459327617178,30.012028373861707,1.899499970022589,0.5541000282391906,29.61149998009205,1.984699978493154,32.163300027605146,3,True,on_screen,0.6577763963274916,-3.7436728602438336,-0.9019384776381937,False,False,2,2.0
1789812512039,1639,3034,1868.025414749648,517.5144264397142,1879.1336694806137,513.0682559281711,0,2,ai_agent,0.005791088024091451,134,5,2.4,-0.0016725386642585435,29.939478682713087,30.01228321171143,2.0188000053167343,0.47910003922879696,29.747299966402352,1.9292000215500593,32.170599966775626,3,True,on_screen,0.6577763963274916,-3.835299396967315,-1.181679873356548,False,False,2,2.0
1789812512071,1640,3035,1858.7198598157195,513.9282565244608,1875.2158656080694,513.233306632662,0,2,ai_agent,0.0,166,5,2.4,-0.0016605022713441202,30.02702398711208,30.012879054308925,1.9744999590329826,0.4907000111415982,28.517300030216575,2.009000047110021,31.030000012833625,3,True,on_screen,0.6577763963274916,-3.8485151719635837,-1.275430237261712,False,False,2,2.0
1789812512103,1641,3036,1865.2414467897875,542.0647361762146,1872.4443469242397,521.2444847391008,0,2,ai_agent,0.0,197,5,2.4,-0.001664644708966689,30.212924243435033,30.010927208844034,1.868200022727251,0.5166999762877822,37.095599982421845,1.9422000041231513,39.56869995454326,3,True,on_screen,0.6577763963274916,-3.862423026090795,-1.4220805104670189,False,False,2,2.0
1789812512143,1642,3037,1820.2379302806978,594.8707035592652,1835.8998552737603,572.7828379132159,0,1,main_file,0.15062780755200833,0,23,2.6,-0.0016581728453063365,29.70070840469542,30.011412526186508,9.338199975900352,0.46469998778775334,28.90889998525381,2.0102999988012016,31.397600017953664,3,True,on_screen,0.6577763963274916,-3.9041034113735407,-1.470102469344672,False,False,2,2.0
1789812512174,1643,3038,1848.3580092345717,544.719998410175,1839.3823221408215,564.9383443331544,0,1,main_file,0.15329351162577065,31,23,2.6,-0.0016820496304078038,29.879053910931685,30.011907024143415,10.290000005625188,0.48019998939707875,28.83480000309646,1.958100008778274,31.287599995266646,3,True,on_screen,0.6577763963274916,-4.063034945374255,-0.9396659195308037,False,False,2,2.0
1789812512206,1644,3039,1785.8622069257158,523.5529562509604,1807.5538285113807,540.3263913201259,0,1,main_file,0.22417014905956245,63,23,2.6,-0.0016754603311129514,30.055815646415745,30.011966284321332,9.734599967487156,0.4820000031031668,30.38210002705455,1.9311999785713851,32.80899999663234,3,True,on_screen,0.6577763963274916,-4.164809232685428,-0.5693999284401651,False,False,2,2.0
1789812512239,1645,3040,1682.371304856515,530.509415105614,1719.9260619529748,533.4545079699676,0,1,main_file,0.3560528450528371,96,23,2.6,-0.0016494160160229945,30.066070234059517,30.012166731075414,9.762500005308539,0.4803999909199774,29.859300004318357,1.9392999820411205,32.29399997508153,3,True,on_screen,0.6577763963274916,-4.523519721381177,-0.5067582423633047,False,False,2,2.0
1789812512272,1646,3041,1619.8725448126486,361.37820543421606,1649.8885999547465,413.0010961949415,0,1,main_file,0.5788722999629201,129,23,2.6,-0.0017039722658977238,30.12721135951238,30.0128073587736,10.678700054995716,0.48100005369633436,28.443100047297776,1.9150000298395753,30.853099946398288,3,True,on_screen,0.6577763963274916,-4.5716292338399,-0.11825613989608183,False,False,2,2.0
1789812512303,1647,3042,1531.2092502911844,270.82196188473597,1566.813055190253,313.47570217779764,0,1,main_file,0.7747026828040848,160,23,2.6,-0.0016975478011434803,30.323526873827518,30.01311681698179,10.860699985641986,0.4883999936282635,29.333800019230694,2.1274000173434615,31.964900030288845,3,True,on_screen,0.6577763963274916,-4.502843490622638,0.06487524037134522,False,False,2,2.0
1789812512335,1648,3043,1425.9200984041067,255.01120631189613,1468.1879854399506,272.5505550716666,0,1,main_file,0.930490514976525,192,23,2.6,-0.0016946811512014385,30.390286910029573,30.003036508432135,11.082999990321696,0.506900018081069,30.170799989718944,3.070399980060756,33.761899976525456,3,True,on_screen,0.6577763963274916,-4.584590210039039,-0.16624731965295636,False,False,2,2.0
1789812512372,1649,3044,1281.633624814497,328.7807363505682,1337.599933002133,311.91168196689773,0,1,main_file,0.8178737225844552,229,23,2.6,-0.0016706127965657614,30.082237629841202,30.011936737782868,0.31839997973293066,0.5652999971061945,31.135099998209625,1.9851999823004007,33.70749996975064,3,True,on_screen,0.6577763963274916,-4.79522899075198,-0.37525684919633157,False,False,2,2.0
1789812512406,1650,3045,1257.2299491189387,241.50449258610925,1281.340944283897,262.6266494003458,0,1,main_file,0.7120313985778564,263,23,2.6,-0.0017131029311687074,30.01144080126807,30.012463419345806,1.8736999481916428,0.49670005682855844,28.833300049882382,1.8601000192575157,31.20280004804954,3,True,on_screen,0.6577763963274916,-5.046621246560619,-0.33835547456275805,False,False,2,2.0
1789812512437,1651,3046,1208.1014413427717,264.8844281462832,1234.2747718558235,264.077574099359,0,1,main_file,0.6310536894346592,294,23,2.6,-0.001709261379671357,30.188249354813536,30.012844384351826,1.3068999978713691,0.45900000259280205,29.36839999165386,1.9249999895691872,31.76699997857213,3,True,on_screen,0.6577763963274916,-5.1977028211953495,-0.028019159866390152,False,False,2,2.0
1789812512469,1652,3047,1454.068324308233,76.92975530200569,1388.1302585725102,133.0741009412117,0,1,main_file,0.6911888718044006,326,23,2.6,-0.0018076066898977377,30.291468233665448,30.01284159690039,1.51269999332726,0.44710002839565277,30.361699988134205,2.2432999685406685,33.06510002585128,3,True,on_screen,0.6577763963274916,-5.126816278316937,-0.019104907583682655,False,False,2,2.0
1789812512503,1653,3048,1542.8996523100707,36.26586278214491,1496.4688341888025,65.30833422986495,0,1,main_file,0.5735460091709568,360,23,2.6,-0.001860351192675351,30.258549159441113,30.01323741269365,2.2367999772541225,0.5936999805271626,29.039099987130612,2.020800020545721,31.66919999057427,3,True,on_screen,0.6577763963274916,-5.193981003525664,0.3973021375675357,False,False,2,2.0
1789812512535,1654,3049,1637.2989572335564,-19.588658426371115,1595.0499203201302,5.88043937049971,0,1,main_file,0.41260963055402333,392,23,2.6,-0.0018112053158647577,30.354523633458545,30.01310304181426,2.1630999981425703,0.49130001571029425,30.814700003247708,2.086400054395199,33.41019997606054,3,True,on_screen,0.6577763963274916,-5.2730455284744835,1.1117487909865156,False,False,2,2.0
1789812512568,1655,3050,1724.7633617943102,-33.42080424283035,1685.8493293520562,-21.630431158831332,-1,-1,off_screen,0.0,0,14,2.8,-0.0017335561843183807,30.28461755751944,30.01305603351422,2.1315999911166728,0.6324000423774123,30.582500039599836,1.9381999736651778,33.16780005116016,3,True,gaze_outside_screen,0.6577763963274916,-5.277303614445941,1.690980456640272,False,False,2,2.0
1789812512602,1656,3051,1767.5271929476328,-44.89232141733197,1743.0238338689599,-37.913754339781775,-1,-1,off_screen,0.0,33,14,2.8,-0.0016829382821720827,30.229823969385848,30.0127562966463,5.5179999908432364,0.47149998135864735,31.148700043559074,2.237900043837726,33.87350001139566,3,True,gaze_outside_screen,0.6577763963274916,-5.328817511232444,2.1676190966320004,False,False,2,2.0
1789812512636,1657,3052,1821.7067774003544,-77.6713382941108,1798.1018943409363,-65.7440631078121,-1,-1,off_screen,0.0,67,14,2.8,-0.0016689458715671481,30.12971569007006,30.01249160600016,7.291399990208447,0.4946999833919108,31.220900011248887,2.1470000501722097,33.87699997983873,3,True,gaze_outside_screen,0.6577763963274916,-5.25879222426596,2.533554285627484,False,False,2,2.0
1789812512670,1658,3053,1849.228210910223,-180.0,1833.890315939437,-145.72321893234363,-1,-1,off_screen,0.0,101,14,2.8,-0.0016764146735437479,30.043484874880278,30.01288286782713,10.364299989305437,0.49319997197017074,28.922800032887608,2.27119994815439,31.702400010544807,3,True,gaze_outside_screen,0.6577763963274916,-5.175888074882778,2.7954504065530963,False,False,2,2.0
1789812512702,1659,3054,1817.8374496961494,-180.0,1828.4246057969476,-157.39384192851486,-1,-1,off_screen,0.0,133,14,2.8,-0.0016479671800128468,30.160079164314485,30.01357196041036,10.82019996829331,0.5083000287413597,27.861199981998652,2.2589999716728926,30.6426000315696,3,True,gaze_outside_screen,0.6577763963274916,-5.309429681053302,3.1207414438016974,False,False,2,2.0
1789812512733,1660,3055,1908.0477503868137,-180.0,1884.160807009854,-173.21815257855445,-1,-1,off_screen,0.0,164,14,2.8,-0.0016642184364318562,30.374587999015606,30.00435796849569,9.231199976056814,0.4638000391423702,28.203000023495406,2.2659999667666852,30.945600010454655,3,True,gaze_outside_screen,0.6577763963274916,-5.486444167495108,3.0935385006414235,False,False,2,2.0
1789812512773,1661,3056,1859.0869637259286,-180.0,1878.1632198992475,-174.84034987078357,-1,-1,off_screen,0.0,204,14,2.8,-0.0016249781158658282,29.828142865439613,30.011294761098412,0.24960003793239594,0.5438000080175698,30.871100025251508,2.4736999766901135,33.90829998534173,3,True,gaze_outside_screen,0.6577763963274916,-5.957993136560674,2.9832051903523995,False,False,2,2.0
1789812512808,1662,3057,1851.4070815450355,-180.0,1871.4724255250383,-176.13060175991743,-1,-1,off_screen,0.0,240,14,2.8,-0.0016494022379318473,29.76490874503323,30.01148072609557,2.350300026591867,0.49810000928118825,29.471699963323772,2.3634000099264085,32.34629996586591,3,True,gaze_outside_screen,0.6577763963274916,-6.234144540462836,3.2474791579209903,False,False,2,2.0
1789812512840,1663,3058,1967.5302351063099,-180.0,1938.7128922319284,-178.83918052797523,-1,-1,off_screen,0.0,271,14,2.8,-0.0017571774646192046,29.849751692749027,30.011310800963894,5.00790000660345,0.47829997492954135,30.462599999736995,2.623200009111315,33.57879997929558,3,True,gaze_outside_screen,0.6577763963274916,-6.975175587354954,0.7194670619093031,False,False,2,2.0
1789812512874,1664,3059,2005.968483870299,-180.0,1978.4867147061427,-179.52566958383215,-1,-1,off_screen,0.0,305,14,2.8,-0.001823979400737025,29.816065501449174,30.01112059131795,6.833599996753037,0.7095999899320304,30.013700015842915,2.923699968960136,33.66220003226772,3,True,gaze_outside_screen,0.6577763963274916,-7.972310615078328,-2.884938645040451,False,False,2,2.0
1789812512908,1665,3060,1967.8641320923737,-81.45689857504178,1971.0509068765043,-110.8775298776789,-1,-1,off_screen,0.0,339,14,2.8,-0.001819196964855694,29.769428823088063,30.011260262115616,8.482299977913499,0.49569999100640416,29.36380001483485,2.56170000648126,32.43670001393184,3,True,gaze_outside_screen,0.6577763963274916,-8.506761809672042,-4.988328038185855,False,False,2,2.0
1789812512941,1666,3061,1871.630809102092,109.06721377839413,1901.4568384344157,43.083790681572225,0,2,ai_agent,0.009169344062045393,0,6,3.0,-0.0018094995872714754,29.83823924678571,30.011664638211055,9.55630000680685,0.5356000037863851,28.37880002334714,2.6162999565713108,31.550300016533583,3,True,on_screen,0.6577763963274916,-9.210651892457633,-5.7561965683306155,False,False,2,2.0
1789812512973,1667,3062,1823.3743640644348,213.73656851461706,1846.799106375429,162.5407351647036,0,1,main_file,0.2414026626628144,0,24,3.2,-0.0017765199241667404,29.992231339320547,30.011770463536074,8.926399983465672,0.5007999716326594,29.625400027725846,2.500500006135553,32.64109999872744,3,True,on_screen,0.6577763963274916,-9.650435593624849,-5.7219442785512475,False,False,2,2.0
1789812513006,1668,3063,1768.0025035076844,233.75944008285444,1791.6414843680077,212.3938286074092,0,1,main_file,0.35977879428838555,32,24,3.2,-0.0017336502742885916,30.025240837308125,30.011517115592664,10.292000020854175,0.5150000215508044,30.83350002998486,2.4827999877743423,33.84419996291399,3,True,on_screen,0.6577763963274916,-9.724395681022571,-6.4376796467254165,False,False,2,2.0
1789812513040,1669,3064,1804.052389173024,211.7629508007258,1793.1759866762586,212.31582595846544,0,1,main_file,0.3571147279818705,66,24,3.2,-0.0017020934991718358,29.944497753066646,30.01141066147274,12.390400050207973,0.45679998584091663,30.506599985528737,2.324200002476573,33.301399962510914,3,True,on_screen,0.6577763963274916,-9.918239561673403,-6.6007896968376905,False,False,2,2.0
1789812513074,1670,3065,1793.353504679934,193.02507277229165,1793.208329178845,208.80118957287502,0,1,main_file,0.3555350746340439,100,24,3.2,-0.001702240476734113,29.923194518630282,30.011373223939863,14.597000030335039,0.5161999724805355,30.107000027783215,2.4770000018179417,33.11540000140667,3,True,on_screen,0.6577763963274916,-9.789454742838359,-6.214278932376912,False,False,2,2.0
1789812513107,1671,3066,2287.7779477889744,227.74202389384868,2139.4070622059353,222.05977359755659,0,2,ai_agent,0.519469712268199,0,7,3.4,-0.0017360356006534353,29.916546830789528,30.011565373082224,15.141699986997992,0.5360000068321824,29.04379996471107,2.6935000205412507,32.28839999064803,3,True,on_screen,0.6577763963274916,-9.55188216379213,-5.739773104588028,False,False,2,2.0
1789812513140,1672,3067,3168.0000000000005,-0.23306087918700302,2859.422118661781,66.45478946383608,0,2,ai_agent,0.08950486011703407,32,7,3.4,-0.0018419380965915121,29.954983988571122,30.010319128456683,15.55529999313876,0.47959998482838273,32.400299969594926,3.954600018914789,36.85149998636916,3,True,on_screen,0.6577763963274916,-9.321647774859741,-4.866317708479421,False,False,2,2.0
1789812513178,1673,3068,3168.0000000000005,378.62403414148395,3075.4266355985346,284.97326073818954,-1,-1,off_screen,0.0,0,15,3.6,-0.00199834526485183,29.648553989981284,30.010799868912883,4.036199999973178,0.5013999762013555,28.11500005191192,2.716100018005818,31.34779998799786,3,True,gaze_outside_screen,0.6577763963274916,-9.258011752689725,-3.9264386941104084,False,False,2,2.0
1789812513209,1674,3069,3168.0000000000005,1126.196085724077,3140.227990679561,873.8292382283107,-1,-1,off_screen,0.0,31,15,3.6,-0.002216053383177246,29.84528405896253,30.011026921323875,5.538000026717782,0.4599999519996345,29.453099996317178,2.3385999957099557,32.265499990899116,3,True,gaze_outside_screen,0.6577763963274916,-9.371530574050837,-4.811861780781884,False,False,2,2.0
1789812513242,1675,3070,3168.0000000000005,1664.1417738178902,3159.668397203869,1427.0480131410163,-1,-1,off_screen,0.0,64,15,3.6,-0.00224902538258844,29.933877515856533,30.0107278335406,6.135600036941469,0.5104999872855842,31.145700020715594,2.3968000314198434,34.0660999645479,3,True,gaze_outside_screen,0.6577763963274916,-9.684529449404494,-4.687820345059754,False,False,2,2.0
1789812513276,1676,3071,3168.0000000000005,1980.0000000000002,3165.5005191611613,1814.114403942305,-1,-1,off_screen,0.0,98,15,3.6,-0.0022477410193671096,29.850156258738625,30.01006996104302,8.21840000571683,0.444800010882318,32.40580001147464,2.3997999960556626,35.26350000174716,3,True,gaze_outside_screen,0.6577763963274916,-9.894562990327955,-3.9641168077267617,False,False,2,2.0
1789812513312,1677,3072,3168.0000000000005,1980.0000000000002,3167.250155748349,1930.2343211826915,-1,-1,off_screen,0.0,134,15,3.6,-0.0021955133500370597,29.670323487023577,30.00942148375314,11.394800036214292,0.48690004041418433,31.887899967841804,2.7602000045590103,35.149999952409416,3,True,gaze_outside_screen,0.6577763963274916,-9.733929423969613,-4.414682996429975,False,False,2,2.0
1789812513347,1678,3073,3168.0000000000005,1980.0000000000002,3167.581712286261,1952.2390723548856,-1,-1,off_screen,0.0,168,15,3.6,-0.002174670542276243,29.52499341919593,30.00921359002887,15.021599945612252,0.6015000399202108,30.761699948925525,2.3643000167794526,33.742700004950166,3,True,gaze_outside_screen,0.6577763963274916,-9.821742251318398,-4.931552643636068,False,False,2,2.0
1789812513381,1679,3074,3168.0000000000005,1980.0000000000002,3167.68814907462,1959.303071328238,-1,-1,off_screen,0.0,203,15,3.6,-0.0021628257542428784,29.509222265983848,30.008728441224655,17.06789998570457,0.4336999845691025,31.823099998291582,2.400800003670156,34.67099997214973,3,True,gaze_outside_screen,0.6577763963274916,-10.045363785651801,-5.444891112457437,False,False,2,2.0
1789812513416,1680,3075,3168.0000000000005,1980.0000000000002,3167.748710438148,1963.3224091566644,-1,-1,off_screen,0.0,237,15,3.6,-0.002156380675726776,29.40338785320924,30.008479990622565,20.492299983743578,0.5637999856844544,31.028700002934784,2.0843000384047627,33.6949999909848,3,True,gaze_outside_screen,0.6577763963274916,-10.318443327919312,-5.787199153082077,False,False,2,2.0
1789812513451,1681,3076,3168.0000000000005,1980.0000000000002,3167.788894967401,1965.9893768260374,-1,-1,off_screen,0.0,273,15,3.6,-0.0021627733113032555,29.395144668340603,30.00876940701114,20.00329998554662,0.5031000473536551,29.391200048848987,2.0150000345893204,31.924700015224516,3,True,gaze_outside_screen,0.6577763963274916,-10.422997416584082,-6.185679258854788,False,False,2,2.0
1789812513483,1682,3077,3168.0000000000005,1980.0000000000002,3167.8178507664525,1967.9111158969433,-1,-1,off_screen,0.0,305,15,3.6,-0.0021338810331087716,29.556280402336718,30.009405257661868,22.503300046082586,0.5230000242590904,28.192500001750886,2.094099996611476,30.823699955362827,3,True,gaze_outside_screen,0.6577763963274916,-10.385566850817668,-6.423874263099005,False,False,2,2.0
1789812513514,1683,3078,3168.0000000000005,1980.0000000000002,3167.8398488989833,1969.3710884121538,-1,-1,off_screen,0.0,335,15,3.6,-0.002125759172049128,29.808988907501227,30.00889820847737,22.222900006454438,0.5249999812804163,32.1564000332728,2.0148000330664217,34.71149998949841,3,True,gaze_outside_screen,0.6577763963274916,-10.335515831058473,-6.596629966110301,False,False,2,2.0
1789812513549,1684,3079,3168.0000000000005,1980.0000000000002,3167.859067031105,1970.6465578026955,-1,-1,off_screen,0.0,371,15,3.6,-0.0021207768997577835,29.682329703353865,30.008945851879094,24.819199985358864,0.5587000050581992,30.048099986743182,2.2136999759823084,32.83639997243881,3,True,gaze_outside_screen,0.6577763963274916,-10.229929020196636,-7.444368146139645,False,False,2,2.0
1789812513582,1685,3080,3168.0000000000005,1980.0000000000002,3167.8759789873725,1971.768970866372,-1,-1,off_screen,0.0,404,15,3.6,-0.0021193460506077257,29.730478704287812,30.008899318795258,10.281199996825308,0.9316999930888414,30.281700019259006,1.9401999888941646,33.16669998457655,3,True,gaze_outside_screen,0.6577763963274916,-9.995412457443535,-9.202379061690255,False,False,2,2.0
1789812513616,1686,3081,3168.0000000000005,1980.0000000000002,3167.8908615088876,1972.7566943624074,-1,-1,off_screen,0.0,437,15,3.6,-0.0020973992801654635,29.729022417180715,30.007840819038908,12.30020000366494,0.4830000107176602,33.8927999837324,2.0677000284194946,36.46089998073876,3,True,gaze_outside_screen,0.6577763963274916,-9.816693043369355,-9.99566536422749,False,False,2,2.0
1789812513653,1687,3082,3168.0000000000005,1980.0000000000002,3167.903958127821,1973.6258910389188,-1,-1,off_screen,0.0,475,15,3.4,-0.0021075757670064917,29.4741762224171,30.008042593431103,16.587499994784594,0.5059000104665756,29.66050000395626,2.1230000420473516,32.30359998997301,3,True,gaze_outside_screen,0.6577763963274916,-9.458949953924332,-11.577527311632231,False,False,2,2.0
1789812513685,1688,3083,3168.0000000000005,1980.0000000000002,3167.9154831524825,1974.3907841142486,-1,-1,off_screen,0.0,506,15,3.4,-0.0020844246308063443,29.58728666207871,30.008662344844716,17.04860001336783,0.47959998482838273,28.330500004813075,2.007699979003519,30.831399955786765,3,True,gaze_outside_screen,0.6577763963274916,-8.882906308591544,-13.581118062401702,False,False,2,2.0
1789812513716,1689,3084,3095.420132979378,1980.0000000000002,3121.6752019058713,1977.968554543811,-1,-1,off_screen,0.0,538,15,3.4,-0.0016738849526773906,29.842803532797056,30.009293075555874,17.116400005761534,0.4428999964147806,28.367599996272475,2.0602999720722437,30.88269999716431,3,True,gaze_outside_screen,0.6577763963274916,-8.248487210255917,-13.942256765133056,False,False,2,2.0
1789812513748,1690,3085,3050.179580504735,1980.0000000000002,3076.79677370221,1979.243710662026,-1,-1,off_screen,0.0,569,15,3.4,-0.0014579967513147982,30.043216272718894,30.008595439988454,16.058399982284755,0.528500007931143,32.38589997636154,2.2672999766655266,35.196500015445054,3,True,gaze_outside_screen,0.6577763963274916,-7.5706642543665055,-14.256280181884387,False,False,2,2.0
1789812513783,1691,3086,2878.8763715601444,1980.0000000000002,2938.252492202764,1979.773113198608,-1,-1,off_screen,0.0,605,15,3.4,-0.0014202598039656095,29.853045318363876,30.00908762079892,18.569500010926276,0.7045999518595636,28.419100039172918,2.1593000274151564,31.298499961849302,3,True,gaze_outside_screen,0.6577763963274916,-7.434149418720978,-14.533452893578048,False,False,2,2.0
1789812513815,1692,3087,3100.8124489166744,1908.6823053203507,3052.044461902501,1930.0095476838278,-1,-1,off_screen,0.0,637,15,3.4,-0.0017463331212163712,30.028786590542197,30.00963948882216,19.163899996783584,0.5151000223122537,28.553699958138168,2.009799994993955,31.094200036022812,3,True,gaze_outside_screen,0.6577763963274916,-7.603943651064441,-15.039895411371786,False,False,2,2.0
1789812513847,1693,3088,3168.0000000000005,1946.0272314461154,3133.2133385707507,1941.221926317429,-1,-1,off_screen,0.0,668,15,3.4,-0.0019299494167446338,30.165467635624584,30.010232449743572,18.504200037568808,0.47420000191777945,28.168899996671826,1.8723999965004623,30.53150000050664,3,True,gaze_outside_screen,0.6577763963274916,-8.144364959772105,-15.644466324262032,False,False,2,2.0
1789812513878,1694,3089,3168.0000000000005,1897.049835390884,3150.5098188816087,1919.2588614641286,-1,-1,off_screen,0.0,700,15,3.4,-0.002014005845684631,30.382216053100084,30.009237630003714,17.989200016018003,1.365699979942292,33.07499998481944,1.8847000319510698,36.338199977763,3,True,gaze_outside_screen,0.6577763963274916,-8.414836131680602,-15.336909654959511,False,False,2,2.0
1789812513914,1695,3090,3168.0000000000005,1849.2501765233555,3161.583425680501,1874.9340689251617,-1,-1,off_screen,0.0,736,15,3.4,-0.0020537010853327858,30.076205025080288,30.00982729125364,20.714899990707636,0.4251999780535698,28.656600043177605,1.943000010214746,31.037100008688867,3,True,gaze_outside_screen,0.6577763963274916,-8.631503023565443,-15.533393275796092,False,False,2,2.0
1789812513946,1696,3091,3168.0000000000005,1927.3460458545176,3164.586562686613,1899.4643462417826,-1,-1,off_screen,0.0,768,15,3.4,-0.0020786552708215843,30.26001616703906,30.01011707822595,21.39270002953708,0.46989996917545795,29.634400038048625,1.9125000108033419,32.03080000821501,3,True,gaze_outside_screen,0.6577763963274916,-8.760111889628178,-16.31844047249286,True,False,2,2.0
1789812513978,1697,3092,3168.0000000000005,1935.4352125227563,3165.698782427043,1911.1849386783738,-1,-1,off_screen,0.0,799,15,3.4,-0.002173950633703698,30.3284856620908,30.010267994274308,6.490200001280755,0.4490999854169786,30.17709997948259,1.879699993878603,32.518799998797476,3,True,gaze_outside_screen,0.6577763963274916,-8.744032850213927,-17.189531091773905,True,False,2,2.0
1789812514011,1698,3093,3168.0000000000005,1833.074185182033,3167.27321774427,1857.7435212283085,-1,-1,off_screen,0.0,832,15,3.4,-0.002272096883680453,30.342336906886825,30.010772315324743,6.623600027523935,0.4876999882981181,28.997299959883094,1.7856000340543687,31.285899982322007,3,True,gaze_outside_screen,0.6577763963274916,-8.39727966610522,-18.942384406397373,True,False,2,2.0
1789812514042,1699,3094,3168.0000000000005,1671.2374813798433,3167.7819653232814,1727.189293334383,-1,-1,off_screen,0.0,864,15,3.4,-0.002404933010795111,30.473551714976907,30.011227030341065,6.228999991435558,0.47369999811053276,29.38299998641014,1.5814999933354557,31.453699979465455,3,True,gaze_outside_screen,0.6577763963274916,-8.29334012010088,-20.37172462449887,True,False,2,2.0
1789812514074,1700,3095,3168.0000000000005,1465.7019128059933,3167.934589596985,1544.14812696451,-1,-1,off_screen,0.0,895,15,3.4,-0.0026416761049881995,30.575039183969054,30.01191662118802,5.522300023585558,0.4555999767035246,27.379399980418384,2.798300003632903,30.646400002297014,3,True,gaze_outside_screen,0.6577763963274916,36.40997465930826,-10.037666977771245,True,False,2,2.0
1789812514105,1701,3096,3168.0000000000005,1362.2132480429084,3167.980376879096,1416.793711719389,-1,-1,off_screen,0.0,927,15,3.4,-0.002618000647571025,30.752692367390747,30.01075876497009,2.5144999963231385,0.4425999941304326,33.920500020030886,2.6617999537847936,37.03740000491962,3,True,gaze_outside_screen,0.6577763963274916,-7.977741767416859,-24.75278250776836,True,False,2,2.0
1789812514142,1702,3097,3168.0000000000005,1291.34275588268,3167.9941130637294,1328.9780426336927,-1,-1,off_screen,0.0,963,15,3.4,-0.002499480239950983,30.354842313174636,30.010788820460906,8.401200000662357,0.5073000211268663,30.420999974012375,1.9641999970190227,32.90600003674626,3,True,gaze_outside_screen,0.6577763963274916,-7.879422184839655,-24.83802952327706,True,False,2,2.0
1789812514176,1703,3098,3168.0000000000005,1177.6820720642907,3167.9982339191192,1223.0708632351113,-1,-1,off_screen,0.0,998,15,3.2,-0.002458517952344875,30.324201887426383,30.011011223052375,12.048900010995567,0.4477999755181372,29.062499990686774,2.6578999822959304,32.182700000703335,3,True,gaze_outside_screen,0.6577763963274916,9.28477834225204,56.890234913343136,True,False,2,2.0
1789812514208,1704,3099,3168.0000000000005,1027.8008932625619,3167.9994701757364,1086.381884254327,-1,-1,off_screen,0.0,1029,15,3.2,-0.0023860068407633734,30.36949077827503,30.01123275909585,12.164999963715672,0.521700014360249,29.28850002354011,2.425900020170957,32.249300042167306,3,True,gaze_outside_screen,0.6577763963274916,7.319767768669379,-9.380075432526203,False,False,2,2.0
1789812514241,1705,3100,3168.0000000000005,1117.5118689604549,3167.999620204758,1095.1968847168996,-1,-1,off_screen,0.0,1062,15,3.2,-0.002381468972756035,30.40706192243237,30.01130053699226,12.715299963019788,0.4437000025063753,30.675999994855374,1.6787000349722803,32.81150001566857,3,True,gaze_outside_screen,0.6577763963274916,-1.615679989497579,-33.073168955697405,True,False,2,2.0
1789812514274,1706,3101,3168.0000000000005,1149.9124601194953,3167.999804154304,1121.6977570944655,-1,-1,off_screen,0.0,1095,15,3.2,-0.0024976057746800163,30.385132519654,30.01202077215552,13.850899995304644,0.4507999983616173,28.52250001160428,1.539599965326488,30.52560001378879,3,True,gaze_outside_screen,0.6577763963274916,-9.89242669966086,-22.587680689329485,True,False,2,2.0
1789812514305,1707,3102,3168.0000000000005,1278.1608591159559,3167.9999412462917,1231.2219285095089,-1,-1,off_screen,0.0,1127,15,3.2,-0.002568584790300832,30.58309565156793,30.012760549502428,12.89880002150312,0.4689000197686255,28.255199955310673,1.6614000196568668,30.39949998492375,3,True,gaze_outside_screen,0.6577763963274916,-10.59663035197704,-23.01492311239174,True,False,2,2.0
1789812514335,1708,3103,3168.0000000000005,1372.505066506024,3167.999982373888,1330.1201251070693,-1,-1,off_screen,0.0,1157,15,3.2,-0.002544084286584163,30.778331639392675,30.00268194777436,11.572299990803003,0.46790001215413213,30.16859997296706,3.7426000344567,34.39510002499446,3,True,gaze_outside_screen,0.6577763963274916,-10.868480091696028,-23.42474366268611,True,False,2,2.0
1789812514373,1709,3104,3168.0000000000005,1291.9737806043197,3167.9999884198724,1317.0354353897396,-1,-1,off_screen,0.0,1194,15,3.2,-0.0025359799601470338,30.34156440904888,30.01186521267363,0.23389997659251094,0.5308999679982662,28.795399994123727,2.1800000104121864,31.524999998509884,3,True,gaze_outside_screen,0.6577763963274916,-11.11385405972868,-23.953592894722096,True,False,2,2.0
1789812514405,1710,3105,3168.0000000000005,1257.40801511827,3167.999994513728,1285.6574667382768,-1,-1,off_screen,0.0,1226,15,3.2,-0.002501271674448838,30.45053991074733,30.003050078190512,1.1446999851614237,0.45380002120509744,27.727500011678785,1.912499952595681,30.106700025498867,3,True,gaze_outside_screen,0.6577763963274916,-11.075394123425383,-24.288638724726923,True,False,2,2.0
1789812514436,1711,3106,2925.1252372958324,1285.2023286449785,2997.9876644612013,1285.338870072968,-1,-1,off_screen,0.0,1258,15,3.2,-0.0024181363694644933,30.654306594271862,30.00369982520713,0.25640003150328994,0.46300003305077553,28.26319995801896,1.6712999786250293,30.414599983487278,3,True,gaze_outside_screen,0.6577763963274916,-10.987026621312054,-24.58806096760864,True,False,2,2.0
1789812514468,1712,3107,2950.690251573439,1222.8960074259394,2965.551724102911,1242.5163805337152,-1,-1,off_screen,0.0,1289,15,3.2,-0.002398008835851541,30.75337281227847,30.003966510853022,0.20160002168267965,0.43700000969693065,29.16079998249188,1.6077000182121992,31.222299963701516,3,True,gaze_outside_screen,0.6577763963274916,-10.786876206677931,-24.39178047477019,True,False,2,2.0
1789812514500,1713,3108,3003.4780810496836,1258.6063631055197,2979.548215799941,1248.4542908842313,-1,-1,off_screen,0.0,1322,15,3.2,-0.0024098164071348124,30.783837790903068,30.003910760714955,0.27270003920421004,0.48149999929592013,29.719000041950494,2.327200025320053,32.54679997917265,3,True,gaze_outside_screen,0.6577763963274916,-10.54416271016467,-23.70593369926884,True,False,2,2.0
1789812514533,1714,3109,3168.0000000000005,1098.787896426061,3111.4644647399828,1143.687814763512,-1,-1,off_screen,0.0,1355,15,3.2,-0.0024750463614612774,30.685316103785752,30.012977843236317,0.2759000053629279,0.5979000125080347,31.68569999979809,2.029099967330694,34.33220001170412,3,True,gaze_outside_screen,0.6577763963274916,-10.767869879380413,-23.59709211696374,True,False,2,2.0
1789812514568,1715,3110,3168.0000000000005,1112.5650542584603,3143.58236013836,1126.0069426922976,-1,-1,off_screen,0.0,1390,15,3.2,-0.0026692474339214973,30.491074542583593,30.012297082903473,2.6784000219777226,1.0652000200934708,32.47409994946793,1.652900013141334,35.21019994514063,3,True,gaze_outside_screen,0.6577763963274916,-2.7490107005962727,-34.00631710045226,True,False,2,2.0
1789812514604,1716,3111,3168.0000000000005,948.5156802774172,3160.6747080415084,1001.7630590018813,-1,-1,off_screen,0.0,1426,15,3.2,-0.0026252406274689163,30.257758044930362,30.012148333220686,7.789099996443838,0.5119999987073243,30.36549995886162,2.638300007674843,33.52999995695427,3,True,gaze_outside_screen,0.6577763963274916,8.19820805752829,6.072029841837906,False,False,2,2.0
1789812514637,1717,3112,3143.9236239306774,834.1459024311926,3148.948949163927,884.4310494023991,-1,-1,off_screen,0.0,1459,15,3.0,-0.0025150219474009174,30.187536613226907,30.01302655980573,8.87790002161637,0.4751999513246119,27.373699995223433,2.1176000009290874,29.98019999358803,3,True,gaze_outside_screen,0.6577763963274916,-3.1146005446083507,-35.06348515230086,True,False,2,2.0
1789812514668,1718,3113,3168.0000000000005,664.6453434529619,3162.2846847491787,730.5810552377932,-1,-1,off_screen,0.0,1490,15,2.8,-0.0025621920144977724,30.469646787438634,30.013144253634284,7.648900034837425,0.4680999554693699,29.001999995671213,3.111099998932332,32.59799996158108,3,True,gaze_outside_screen,0.6577763963274916,-29.020495298268827,71.09936971109428,True,False,2,2.0
1789812514701,1719,3114,3168.0000000000005,770.8819126775239,3164.3697981100877,745.2839810810493,-1,-1,off_screen,0.0,1523,15,2.8,-0.002853676761538063,30.45276477340094,30.01342913550942,8.522799995262176,0.597700010985136,28.8169999839738,2.4967999779619277,31.927800038829446,3,True,gaze_outside_screen,0.6577763963274916,-41.685336414156154,-46.69577917525286,True,False,2,2.0
1789812514733,1720,3115,3168.0000000000005,1624.6566804688932,3166.9109394330267,1360.84487065254,-1,-1,off_screen,0.0,1555,15,2.8,-0.002984597796094512,30.509610147493564,30.00352582365667,8.770399959757924,0.48919999971985817,31.40410000924021,2.0422000088728964,33.94930000649765,3,True,gaze_outside_screen,0.6577763963274916,-4.426739915144594,-33.97105933889321,True,True,2,2.0
1789812514772,1721,3116,0.0,0.0,0.0,0.0,-1,-1,,0.0,0,0,2.8,-0.0032265005024421072,30.042020998384842,30.011962323347852,0.2359000500291586,0.5480999825522304,30.70180001668632,1.428399991709739,32.69559994805604,3,True,eyes_invalid_or_blink,0.6577763963274916,-11.94470579422611,-25.133178063380377,True,True,2,2.0
1789812514805,1722,3117,0.0,0.0,0.0,0.0,-1,-1,,0.0,0,0,2.8,-0.003465348521504822,30.07463728645131,30.011683891202875,0.7439000182785094,0.7391999824903905,31.755800009705126,1.541399979032576,34.05010001733899,3,True,eyes_invalid_or_blink,0.6577763963274916,-12.001545436320896,-26.553635837387443,True,True,2,2.0
1789812514839,1723,3118,0.0,0.0,0.0,0.0,-1,-1,,0.0,0,0,2.8,-0.003666102211418944,29.97914466931408,30.011398221275932,1.9115000031888485,0.5073999636806548,32.000600011087954,1.4970999909564853,34.01879995362833,3,True,eyes_invalid_or_blink,0.6577763963274916,-12.249494693208447,-29.228347363850805,True,True,2,2.0
1789812514873,1724,3119,0.0,0.0,0.0,0.0,-1,-1,,0.0,0,0,2.8,-0.003628194514638765,29.893879843186152,30.01192341974201,4.975499992724508,0.4640000406652689,29.392999946139753,1.3171000173315406,31.187399988994002,3,True,eyes_invalid_or_blink,0.6577763963274916,-12.2316886809528,-31.954650484716808,True,True,2,2.0
1789812514905,1725,3120,0.0,0.0,0.0,0.0,-1,-1,,0.0,0,0,2.6,-0.0036951190479698783,30.059434231624987,30.011918164481884,5.284800019580871,0.46579999616369605,31.009099970106035,1.3404000201262534,32.82939997734502,3,True,eyes_invalid_or_blink,0.6577763963274916,-11.619674946878291,-34.78392728693952,True,True,2,2.0
1789812514938,1726,3121,0.0,0.0,0.0,0.0,-1,-1,,0.0,0,0,2.6,-0.003776415995188893,30.0610276979777,30.011686235330135,5.019799980800599,0.548299984075129,31.814799993298948,1.3222999987192452,33.707400027196854,3,True,eyes_invalid_or_blink,0.6577763963274916,-11.749459865747156,-37.773208256871776,True,True,2,2.0
1789812514972,1727,3122,3168.0000000000005,1132.3725713395954,3167.673281829909,1200.914261133479,-1,-1,off_screen,0.0,0,16,2.8,-0.0037723002569165515,29.99381943262963,30.011674627933004,8.12060001771897,0.4878999898210168,30.873099982272834,1.6632000333629549,33.037699991837144,3,True,gaze_outside_screen,0.6577763963274916,-11.690648629999401,-39.64099785244355,True,True,2,2.0
1789812515006,1728,3123,3160.2733824685643,954.8221554422471,3162.493352276968,1028.6497871496167,-1,-1,off_screen,0.0,34,16,2.8,-0.0037105420146603778,29.9912488811408,30.01222813842686,9.965799981728196,0.539999979082495,28.664999990724027,1.8487999914214015,31.069599965121597,3,True,gaze_outside_screen,0.6577763963274916,-12.931711331396457,-41.82937603891836,True,False,3,3.0
1789812515037,1729,3124,3168.0000000000005,1701.9048483871304,3166.348005683091,1499.9283300158763,-1,-1,off_screen,0.0,65,16,2.8,-0.004067611295863995,30.17676637529913,30.012478458639123,8.591199992224574,0.5123000009916723,30.234100006055087,1.3598999939858913,32.12009998969734,3,True,gaze_outside_screen,0.6577763963274916,-13.468110335765175,-43.82149493657639,True,False,3,3.0
1789812515069,1730,3125,3168.0000000000005,1980.0000000000002,3167.5044017049277,1835.9784990047629,-1,-1,off_screen,0.0,97,16,2.8,-0.004301206147489805,30.246195511607166,30.01311296524724,9.178000036627054,0.4477999755181372,28.931899985764176,1.4526000013574958,30.845000001136214,3,True,gaze_outside_screen,0.6577763963274916,-13.107779884307917,-44.9948049224925,True,False,3,3.0
1789812515101,1731,3126,3168.0000000000005,1980.0000000000002,3167.8513205114787,1936.793549701429,-1,-1,off_screen,0.0,129,16,2.8,-0.004408143200427253,30.429284731089,30.01393567094133,5.889699968975037,0.58970000827685,28.28520000912249,1.2430999777279794,30.13290005037561,3,True,gaze_outside_screen,0.6577763963274916,-12.58211207133155,-46.972407025134736,True,False,3,3.0
1789812515131,1732,3127,2993.1183899473376,1980.0000000000002,3045.5382691165796,1967.0380649104286,-1,-1,off_screen,0.0,159,16,2.6,-0.004354489010237593,30.673688848073386,30.014279206987982,6.5326999756507576,0.49619999481365085,28.579200035892427,2.749500039499253,31.83839999837801,3,True,gaze_outside_screen,0.6577763963274916,-34.82771786034513,72.17857906228326,True,False,3,3.0
1789812515163,1733,3128,1878.601582220217,1980.0000000000002,2228.682588289126,1976.1114194731285,-1,-1,off_screen,0.0,191,16,2.6,-0.004258366195187602,30.71820143928245,30.004757624592795,7.257099961861968,0.46990002738311887,29.744200001005083,2.5464999489486217,32.77490002801642,3,True,gaze_outside_screen,0.6577763963274916,-23.95297695691292,-17.23396181352335,True,False,3,3.0
1789812515205,1734,3129,1321.5068510291821,1980.0000000000002,1593.6595722071654,1978.8334258419386,-1,-1,off_screen,0.0,233,16,2.6,-0.004214125614717771,30.04367522721983,30.01214652937539,0.23740000324323773,0.5050000036135316,28.895099996589124,2.6162999565713108,32.03489998122677,3,True,gaze_outside_screen,0.6577763963274916,-3.4114548519554546,-65.0959834400244,True,False,3,3.0
1789812515237,1735,3130,1911.2051034735066,460.5240045667239,1815.9414440936043,916.0168309492883,1,1,main_file,0.33523560663061325,0,25,2.8,-0.004167465020827526,30.13138672744455,30.01192097273099,1.5956999850459397,0.5573999951593578,30.74299998115748,2.4836999946273863,33.79810001933947,3,True,on_screen,0.6577763963274916,15.533403880536781,31.79310348455989,True,False,3,3.0
1789812515271,1736,3131,2203.8489873142885,-180.0,2087.4767243480833,148.80504928478655,0,2,ai_agent,0.3866581406665013,0,8,3.0,-0.004086290167176808,30.05223625599853,30.01235428092403,2.3269999655894935,0.4875999875366688,28.638400021009147,2.3884999682195485,31.528200022876263,3,True,on_screen,0.6577763963274916,-28.610405519382738,-34.677271221410884,True,False,3,3.0
1789812515303,1737,3132,3168.0000000000005,-180.0,2843.8430173044253,-81.35848521456401,-1,-1,off_screen,0.0,0,17,3.2,-0.0045533458601222255,30.190549672954766,30.011568305291757,2.3172000073827803,0.44049997813999653,33.1245000124909,2.1914999815635383,35.77059996314347,3,True,gaze_outside_screen,0.6577763963274916,-9.010493636235935,-69.88622341990953,True,False,3,3.0
1789812515339,1738,3133,3168.0000000000005,-180.0,3070.752905191328,-150.4075455643692,-1,-1,off_screen,0.0,36,17,3.2,-0.004223470243140208,29.94324393058083,30.011281368995586,7.039199990686029,0.5064000142738223,30.84999998100102,2.639800019096583,34.010900009889156,3,True,gaze_outside_screen,0.6577763963274916,-41.987118459191095,71.84796978785486,True,False,3,3.0
1789812515373,1739,3134,3168.0000000000005,-180.0,3138.825871557399,-171.12226366931077,-1,-1,off_screen,0.0,69,17,3.2,-0.004104334227750075,29.865723537495903,30.011556746884686,8.728299988433719,0.4459000192582607,29.68069998314604,1.949500001501292,32.089199987240136,3,True,gaze_outside_screen,0.6577763963274916,-8.107460401327671,-71.4761287574626,True,False,3,3.0
1789812515406,1740,3135,0.0,0.0,0.0,0.0,-1,-1,,0.0,0,0,3.2,-0.004070217204083307,29.964904259822358,30.01187851204017,9.33259999146685,0.4952999879606068,28.998999972827733,2.3738000309094787,31.88259998569265,3,True,eyes_invalid_or_blink,0.6577763963274916,-36.11628164681747,72.69638785127401,True,False,3,3.0
1789812515438,1741,3136,0.0,0.0,0.0,0.0,-1,-1,,0.0,0,0,3.2,-0.004423490580228211,30.058581844622296,30.012406384476886,9.884800005238503,0.5224000196903944,28.367699997033924,2.0971999620087445,31.003399984911084,3,True,eyes_invalid_or_blink,0.6577763963274916,18.950938019366703,41.615213559454006,True,False,3,3.0
1789812515469,1742,3137,0.0,0.0,0.0,0.0,-1,-1,,0.0,0,0,3.2,-0.004842943281570264,30.248367361209866,30.012355191433464,9.855300013441592,0.6405999884009361,30.18910001264885,2.364999963901937,33.20860001258552,3,True,eyes_invalid_or_blink,0.6577763963274916,-37.43143715946576,72.96238378452182,True,False,3,3.0
1789812515503,1743,3138,0.0,0.0,0.0,0.0,-1,-1,,0.0,0,0,3.2,-0.004988579453359952,30.205845495867372,30.01276625855847,10.619300010148436,0.5308000254444778,28.672499989625067,2.3462999961338937,31.564699951559305,3,True,eyes_invalid_or_blink,0.6577763963274916,-49.66018178003801,-61.5216791069106,True,False,3,3.0
1789812515535,1744,3139,3168.0000000000005,-180.0,3146.9290243422683,-173.5880666842284,-1,-1,off_screen,0.0,0,18,3.4,-0.004818532087966209,30.323845130989426,30.012487240131755,11.020400037523359,0.4807999939657748,30.64099996117875,2.8578999917954206,33.99500000523403,3,True,gaze_outside_screen,0.6577763963274916,27.070299694108087,-78.02949847646208,True,False,3,3.0
1789812515569,1745,3140,3168.0000000000005,-180.0,3151.2592577519886,-174.90576399050678,-1,-1,off_screen,0.0,33,18,3.4,-0.004895871496405,30.201186377130345,30.003623071271857,13.142900017555803,0.5363000091165304,28.487900039181113,1.4986000023782253,30.536999984178692,3,True,gaze_outside_screen,0.6577763963274916,-9.770784632482389,-72.54079073161422,True,False,3,3.0
1789812515604,1746,3141,3168.0000000000005,-180.0,3154.0532956523825,-175.75599442074744,-1,-1,off_screen,0.0,69,18,3.4,-0.005273158672321747,30.08009743708261,30.003250552749222,0.24969998048618436,0.49130001571029425,28.46579998731613,1.6924000228755176,30.671800021082163,3,True,gaze_outside_screen,0.6577763963274916,-10.164347086950443,-72.28358001512855,True,False,3,3.0
1789812515636,1747,3142,3168.0000000000005,-180.0,3156.03358836582,-176.35860082258293,-1,-1,off_screen,0.0,100,18,3.4,-0.005817878210627516,30.20951976496455,30.0125547300629,0.27459999546408653,0.48610003432258964,30.843499989714473,1.6367000062018633,32.982799981255084,3,True,gaze_outside_screen,0.6577763963274916,-9.983425236489126,-72.66845109053594,True,False,3,3.0
1789812515669,1748,3143,3168.0000000000005,-180.0,3157.521426823683,-176.81135256656577,-1,-1,off_screen,0.0,133,18,3.4,-0.006030348017154399,30.193483834270012,30.0037197452972,1.0846999939531088,0.48240000614896417,28.549899987410754,1.49500003317371,30.540900013875216,3,True,gaze_outside_screen,0.6577763963274916,-10.722492662362498,-72.74539072810597,True,False,3,3.0
1789812515700,1749,3144,3168.0000000000005,-180.0,3158.7788556048413,-177.19399025857788,-1,-1,off_screen,0.0,164,18,3.4,-0.005585753512394721,30.347137010538447,30.004280047576597,0.27220003539696336,0.5175999831408262,27.835700020659715,2.025199995841831,30.39819997502491,3,True,gaze_outside_screen,0.6577763963274916,-11.860301430500243,-73.12785105577747,True,False,3,3.0
1789812515732,1750,3145,3168.0000000000005,-180.0,3159.8853929322604,-177.53071142754854,-1,-1,off_screen,0.0,197,18,3.4,-0.005898763849362958,30.46164277591228,30.01365745438383,0.22650003666058183,0.5601000157184899,30.38329997798428,1.5515999984927475,32.54190000006929,3,True,gaze_outside_screen,0.6577763963274916,-14.302553790743076,-53.54330017499862,True,False,3,3.0
1789812515765,1751,3146,3168.0000000000005,-180.0,3160.859145780389,-177.82702605624272,-1,-1,off_screen,0.0,230,18,3.4,-0.006171976354100378,30.454031659735335,30.0139239428711,1.3401000178419054,0.4687000182457268,30.163199990056455,1.3727000332437456,32.01789996819571,3,True,gaze_outside_screen,0.6577763963274916,-14.239245768567912,-53.54954367899401,True,False,3,3.0
1789812515797,1752,3147,3168.0000000000005,-180.0,3161.716048286742,-178.08778292949359,-1,-1,off_screen,0.0,261,18,3.4,-0.00576566437943969,30.507635576237455,30.014422664245618,0.9910999797284603,0.49239996587857604,29.240200005006045,1.5795999788679183,31.324700044933707,3,True,gaze_outside_screen,0.6577763963274916,-14.04443701932206,-53.4064880967444,True,False,3,3.0
1789812515829,1753,3148,3168.0000000000005,-180.0,3162.470122492333,-178.31724897795436,-1,-1,off_screen,0.0,293,18,3.4,-0.005359863705212138,30.614444351110247,30.005650403298002,1.1924999998882413,0.548600044567138,28.262300009373575,1.4915000065229833,30.317800003103912,3,True,gaze_outside_screen,0.6577763963274916,-14.261539652916156,-54.24312709407949,True,False,3,3.0
1789812515860,1754,3149,3168.0000000000005,-180.0,3163.1337077932526,-178.51917910059984,-1,-1,off_screen,0.0,324,18,3.4,-0.004932107099053206,30.78338100069608,30.006398271267205,0.22829999215900898,0.6864999886602163,27.835099957883358,1.5349999885074794,30.073100002482533,3,True,gaze_outside_screen,0.6577763963274916,-13.666670049033712,-53.40357501777406,True,False,3,3.0
1789812515892,1755,3150,0.0,0.0,0.0,0.0,-1,-1,,0.0,0,0,3.4,-0.004432305699040847,30.795994139621403,30.0063128138346,0.568700022995472,0.5021999822929502,29.48090003337711,1.3444999931380153,31.345899973530322,3,True,eyes_invalid_or_blink,0.6577763963274916,-10.088755324744454,-71.6022391381616,True,False,3,3.0
1789812515924,1756,3151,0.0,0.0,0.0,0.0,-1,-1,,0.0,0,0,3.4,-0.004330171570095189,30.82990393322425,30.006614311047453,0.2601000014692545,0.46030001249164343,29.334899969398975,1.686599978711456,31.49909997591749,3,True,eyes_invalid_or_blink,0.6577763963274916,-9.017602483879159,-71.86142799089946,True,False,3,3.0
1789812515957,1757,3152,0.0,0.0,0.0,0.0,-1,-1,,0.0,0,0,3.4,-0.004305899905228129,30.84795796914915,30.007145813357823,0.2468000166118145,0.4961000522598624,28.88970001367852,1.3157000066712499,30.716999957803637,3,True,eyes_invalid_or_blink,0.6577763963274916,-9.149394837025,-71.07169689577727,True,False,3,3.0
1789812516007,1758,3153,0.0,0.0,0.0,0.0,-1,-1,,0.0,0,0,3.4,-0.004589481216531676,29.757076745507845,30.010371342668403,0.24170003598555923,0.4930999712087214,31.008500023745,4.3953999993391335,35.91849998338148,3,True,eyes_invalid_or_blink,0.6577763963274916,11.113098375272898,-36.63980012700467,True,False,3,3.0
1789812516043,1759,3154,0.0,0.0,0.0,0.0,-1,-1,,0.0,0,0,3.4,-0.004663344656512114,29.53612929783975,30.010124084204744,7.521199993789196,2.9051000019535422,28.554199961945415,2.328899980057031,33.80540001671761,3,True,eyes_invalid_or_blink,0.6577763963274916,-34.713231880758,73.30739122214234,True,False,3,3.0
1789812516077,1760,3155,0.0,0.0,0.0,0.0,-1,-1,,0.0,0,0,3.4,-0.00472520969121148,29.510859802998063,30.010436271857763,10.009500023443252,0.5313999718055129,29.01280001970008,2.324199944268912,31.884399999398738,3,True,eyes_invalid_or_blink,0.6577763963274916,1.3137915689041613,29.804762111868026,True,False,3,3.0
1789812516109,1761,3156,0.0,0.0,0.0,0.0,-1,-1,,0.0,0,0,3.4,-0.004936917557098122,29.666936764627096,30.010426783900304,9.303500002715737,0.4459000192582607,29.998799960594624,2.5984999956563115,33.05580001324415,3,True,eyes_invalid_or_blink,0.6577763963274916,-36.57592197869431,72.835374073241,True,False,3,3.0
1789812516143,1762,3157,0.0,0.0,0.0,0.0,-1,-1,,0.0,0,0,3.4,-0.004607590295861422,29.70097526959718,30.010998070976648,10.903399961534888,0.48909999895840883,28.03490002406761,2.511699975002557,31.049400044139475,3,True,eyes_invalid_or_blink,0.6577763963274916,-36.309360792672265,73.23450655881027,True,False,3,3.0
1789812516174,1763,3158,0.0,0.0,0.0,0.0,-1,-1,,0.0,0,0,3.4,-0.004620210763850488,29.91883999458342,30.010191238647966,10.407500027213246,0.5119999987073243,32.86639996804297,2.439000003505498,35.83229996729642,3,True,eyes_invalid_or_blink,0.6577763963274916,-36.35893542633113,72.96170441750745,True,False,3,3.0
1789812516210,1764,3159,0.0,0.0,0.0,0.0,-1,-1,,0.0,0,0,3.4,-0.004485303839737978,29.696026583449648,30.00978822424878,12.829500017687678,0.680800003465265,30.633300018962473,3.125299990642816,34.45559996180236,3,True,eyes_invalid_or_blink,0.6577763963274916,70.45410336920915,-72.32978711676996,True,False,3,3.0
1789812516245,1765,3160,0.0,0.0,0.0,0.0,-1,-1,,0.0,0,0,3.4,-0.004598538331093345,29.579108445218054,30.009828043052494,17.427399987354875,0.5375999608077109,29.25000002142042,2.7788999723270535,32.58350002579391,3,True,eyes_invalid_or_blink,0.6577763963274916,-87.44658686916618,43.692610304431916,True,False,3,3.0
1789812516278,1766,3161,0.0,0.0,0.0,0.0,-1,-1,,0.0,0,0,3.2,-0.004757544042389291,29.655979235357364,30.009978659578355,18.04439997067675,0.6161000346764922,29.481899982783943,2.3121999693103135,32.42540004430339,3,True,eyes_invalid_or_blink,0.6577763963274916,43.90096587302577,31.387486279153205,True,False,3,3.0
1789812516311,1767,3162,3033.6409820215918,-180.0,3072.4887997530905,-179.55575373017996,-1,-1,off_screen,0.0,0,19,3.4,-0.004635479798638346,29.7458502937333,30.010405232753282,18.879599985666573,0.4839000175707042,28.53999997023493,2.4834999931044877,31.52120002778247,3,True,gaze_outside_screen,0.6577763963274916,-86.10468683979803,69.09675125001033,True,False,3,3.0
1789812516343,1768,3163,1679.5470208650988,763.0132429592619,2097.4295545314963,480.2425439524293,0,2,ai_agent,0.3778027910734064,0,9,3.6,-0.00455604993513445,29.912856794605673,30.010509293366425,19.195300003048033,0.43240003287792206,29.891000012867153,2.3107000160962343,32.646499981638044,3,True,on_screen,0.6577763963274916,17.178132709896005,37.418344096302185,True,False,3,3.0
1789812516376,1769,3164,0.0,0.0,0.0,0.0,-1,-1,,0.0,0,0,3.6,-0.004663472849078282,29.958859909680573,30.011077330439612,19.873199984431267,0.4352999967522919,28.880099998787045,1.719099993351847,31.04839997831732,3,True,eyes_invalid_or_blink,0.6577763963274916,-8.596603559558929,-77.23111408524856,True,False,3,3.0
1789812516407,1770,3165,0.0,0.0,0.0,0.0,-1,-1,,0.0,0,0,3.4,-0.004589226669851685,30.154700964610782,30.011833592061144,3.8077999488450587,0.4483000375330448,27.569199970457703,2.348700014408678,30.379700008779764,3,True,eyes_invalid_or_blink,0.6577763963274916,-34.79464081943041,73.05405087610244,True,False,3,3.0
1789812516438,1771,3166,2998.0839982442417,-180.0,2727.887665130418,18.072763185728817,0,2,ai_agent,0.23604679870733158,0,10,3.6,-0.004623724581569297,30.39286110228776,30.01231247775673,2.4800000246614218,0.5101999850012362,27.937799983192235,2.8169999714009464,31.2811000039801,3,True,on_screen,0.6577763963274916,-30.641629545446904,73.36289336633243,True,False,3,3.0
1789812516469,1772,3167,0.0,0.0,0.0,0.0,-1,-1,,0.0,0,0,3.6,-0.004572157599156648,30.526224216198422,30.01257492784907,2.0963000133633614,0.44410000555217266,28.620699944440275,3.079799993429333,32.15869999257848,3,True,eyes_invalid_or_blink,0.6577763963274916,-35.1325495273243,72.66723198415393,True,False,3,3.0
1789812516502,1773,3168,0.0,0.0,0.0,0.0,-1,-1,,0.0,0,0,3.6,-0.004508967250208723,30.53547927982548,30.009993223581404,1.6963999951258302,0.6902000168338418,39.59289996419102,1.596999994944781,41.90150002250448,3,True,eyes_invalid_or_blink,0.6577763963274916,-10.785915818269729,-77.28767666598687,True,False,3,3.0
1789812516544,1774,3169,0.0,0.0,0.0,0.0,-1,-1,,0.0,0,0,3.4,-0.004600827127947935,29.850219030351308,30.010627473224606,10.798400035127997,0.5893000052310526,29.258500027935952,0.9036000119522214,30.76689998852089,3,True,eyes_invalid_or_blink,0.6577763963274916,-11.449946840184793,-55.74725299928489,True,False,3,3.0
1789812516575,1775,3170,0.0,0.0,0.0,0.0,-1,-1,,0.0,0,0,3.4,-0.004741832763000713,30.087417560569335,30.011042161212888,11.214099999051541,0.4458999610505998,29.917100036982447,1.2171000125817955,31.59369999775663,3,True,eyes_invalid_or_blink,0.6577763963274916,-11.374980904690347,-55.96944711140886,True,False,3,3.0
1789812516607,1776,3171,3019.3860470150885,-180.0,2931.9365324496875,-120.57817104428133,-1,-1,off_screen,0.0,0,20,3.4,-0.004801983465521261,30.21366859535181,30.010467266873025,10.09120000526309,0.5247999797575176,32.56379999220371,1.9364000181667507,35.042200004681945,3,True,gaze_outside_screen,0.6577763963274916,-11.784364415272705,-55.86391298376259,True,False,3,3.0
1789812516643,1777,3172,3155.09106303249,-180.0,3088.14470385765,-162.17345131328437,-1,-1,off_screen,0.0,35,20,3.4,-0.004774213979484434,30.014864172502666,30.009985768391754,13.988499995321035,0.637899967841804,32.5969000114128,1.378999964799732,34.63090001605451,3,True,gaze_outside_screen,0.6577763963274916,-11.47938478647768,-55.59144798610624,True,False,3,3.0
1789812516677,1778,3173,3168.0000000000005,-180.0,3144.0434111572954,-174.6520353939853,-1,-1,off_screen,0.0,69,20,3.4,-0.004728804064689904,29.878296820655855,30.010313563349087,16.428800008725375,0.47750002704560757,29.97859998140484,1.4242000179365277,31.89320000819862,3,True,gaze_outside_screen,0.6577763963274916,-12.41941158154117,-55.18140290341301,True,False,3,3.0
1789812516710,1779,3174,3045.94054969595,-180.0,3075.3714081343533,-178.39561061819558,-1,-1,off_screen,0.0,102,20,3.2,-0.004605201550483674,29.99287770828813,30.010292849900505,17.572900047525764,0.47529995208606124,31.038900022394955,1.526599982753396,33.055099949706346,3,True,gaze_outside_screen,0.6577763963274916,-12.638886754592676,-55.22437191708422,True,False,3,3.0
1789812516743,1780,3175,2848.7156391734707,234.30690187834566,2916.712369861735,110.49614812938327,-1,-1,off_screen,0.0,135,20,3.2,-0.004430146306844079,29.989943376161055,30.010064351320906,18.25490000192076,0.5398999783210456,31.44390002125874,1.8106000497937202,33.80879998439923,3,True,gaze_outside_screen,0.6577763963274916,-12.968948057062505,-55.15312715500245,True,False,3,3.0
1789812516777,1781,3176,2400.031899295054,948.4081473350248,2555.0360404650582,697.0345475733322,1,2,second_file,0.5487873575630915,0,11,3.4,-0.004523227005934409,29.921128719980928,30.010841820441726,21.67579997330904,0.45710004633292556,28.164900024421513,1.6249999753199518,30.260700033977628,3,True,on_screen,0.6577763963274916,-13.011468122494506,-55.55319681127067,True,False,3,3.0
1789812516808,1782,3177,1948.1934320940584,1422.149765477615,2130.2462146053585,1204.6152001063301,2,2,terminal,0.29329216089006693,0,16,3.6,-0.004290503006241189,30.19955483386588,30.01108928636901,3.904299985151738,0.5173000390641391,29.99229996930808,1.6074000159278512,32.13290002895519,3,True,on_screen,0.6577763963274916,-13.405244557524469,-55.883226852845766,True,False,3,3.0
1789812516840,1783,3178,1665.3589899395827,1788.9042813556234,1804.8251573393154,1613.6175569808354,2,1,terminal,0.32494429720300544,31,16,3.6,-0.0041216323965475865,30.26158636619516,30.01178292429929,4.8741999780759215,0.48149999929592013,28.62180001102388,1.4412000309675932,30.558699974790215,3,True,on_screen,0.6577763963274916,-14.144941262727684,-56.16461470420251,True,False,3,3.0
1789812516871,1784,3179,1546.9581419811482,1508.6863711253984,1624.3182465885984,1540.1657268820295,2,1,terminal,0.6667298672205981,62,16,3.6,-0.003919490797428088,30.472134576765818,30.0126933306905,3.5468999994918704,0.48129999777302146,27.909299999009818,1.3654999784193933,29.769300017505884,3,True,on_screen,0.6577763963274916,-13.476442328085511,-56.74518934011725,True,False,3,3.0
1789812516901,1785,3180,1973.575359351441,772.3151764460293,1868.7982255225882,1002.6703415768294,1,1,main_file,0.22104555404521142,0,26,3.8,-0.004158645356418298,30.736310972536454,30.012732503135627,1.6042999923229218,0.44450000859797,29.429800051730126,2.8629000298678875,32.751699967775494,3,True,on_screen,0.6577763963274916,11.964253185919375,68.54978676068181,True,False,3,3.0
1789812516934,1786,3181,2255.4264758502927,397.7280201277231,2139.4380007519812,579.210716562455,0,2,ai_agent,0.32530309275019853,0,11,3.8,-0.004229131265794489,30.685846399733748,30.013122195433077,2.3285000352188945,0.6656000041402876,29.164800012949854,1.7706999788060784,31.61619999445975,3,True,on_screen,0.6577763963274916,-12.08971535742279,-55.310340911003145,True,False,3,3.0
1789812516966,1787,3182,2228.9062817540093,-180.0,2202.065797453401,47.763214968736534,0,2,ai_agent,0.4335610055826089,32,11,3.8,-0.0044200418886992925,30.7492500098438,30.01350899271417,1.8114999984391034,0.48129999777302146,29.20089999679476,1.9433999550528824,31.63949999725446,3,True,on_screen,0.6577763963274916,-8.155290460678572,-75.47375805794488,True,False,3,3.0
1789812516999,1788,3183,0.0,0.0,0.0,0.0,-1,-1,,0.0,0,0,3.8,-0.004500974671942888,30.76354794798602,30.01299992732262,2.4361999821849167,0.4844000213779509,31.115699966903776,2.7715000323951244,34.38670001924038,3,True,eyes_invalid_or_blink,0.6577763963274916,-36.39030665389981,73.78004133204557,True,False,3,3.0
1789812517033,1789,3184,0.0,0.0,0.0,0.0,-1,-1,,0.0,0,0,3.8,-0.004514179094072051,30.569220255637795,30.01274572993905,3.45059996470809,3.777400008402765,28.350899985525757,1.763199979905039,33.90680003212765,3,True,eyes_invalid_or_blink,0.6577763963274916,-12.165355059802891,-56.74504863743857,True,False,3,3.0
1789812517068,1790,3185,0.0,0.0,0.0,0.0,-1,-1,,0.0,0,0,3.8,-0.004631342310116932,30.431597130873314,30.013482440675016,7.9975000116974115,0.5237000295892358,28.60530000180006,1.2218999909237027,30.36530001554638,3,True,eyes_invalid_or_blink,0.6577763963274916,-12.6935239536638,-57.45600778496461,True,False,3,3.0
1789812517098,1791,3186,0.0,0.0,0.0,0.0,-1,-1,,0.0,0,0,3.8,-0.004869075760218134,30.65313590664607,30.014176212457418,6.587299983948469,0.47940004151314497,27.91319997049868,2.193199994508177,30.598399986047298,3,True,eyes_invalid_or_blink,0.6577763963274916,-12.734977301746056,-57.40661330320803,True,False,3,3.0
1789812517129,1792,3187,0.0,0.0,0.0,0.0,-1,-1,,0.0,0,0,3.8,-0.005040831772528733,30.82486443503049,30.013681879998845,5.494699988048524,0.4977000062353909,31.725100008770823,2.535700041335076,34.77309999288991,3,True,eyes_invalid_or_blink,0.6577763963274916,7.434573050204648,63.95205853618639,True,False,3,3.0
1789812517164,1793,3188,0.0,0.0,0.0,0.0,-1,-1,,0.0,0,0,3.6,-0.004955801278610174,30.59365536389077,30.004485727086635,8.372200012672693,0.5200000014156103,29.247500002384186,2.4739999789744616,32.25629997905344,3,True,eyes_invalid_or_blink,0.6577763963274916,-29.024415775916253,73.07691753562786,True,False,3,3.0
1789812517204,1794,3189,0.0,0.0,0.0,0.0,-1,-1,,0.0,0,0,3.6,-0.004832267172651615,30.047894712778852,30.01145972066539,0.2628000220283866,0.5406999844126403,31.559300026856363,2.302900014910847,34.42360000917688,3,True,eyes_invalid_or_blink,0.6577763963274916,-34.94912945095797,72.93669764960303,True,False,3,3.0
1789812517239,1795,3190,0.0,0.0,0.0,0.0,-1,-1,,0.0,0,0,3.6,-0.004805660020159587,29.92517387526715,30.011085197654896,2.362100000027567,0.5261999904178083,29.95940000982955,3.8733999826945364,34.37429998302832,3,True,eyes_invalid_or_blink,0.6577763963274916,-34.17582011820801,73.10223582223938,True,False,3,3.0
1789812517274,1796,3191,0.0,0.0,0.0,0.0,-1,-1,,0.0,0,0,3.6,-0.005231417547988183,29.789285154649065,30.009234354737636,4.843499977141619,0.8811000152491033,35.74229998048395,2.3184000165201724,39.248500019311905,3,True,eyes_invalid_or_blink,0.6577763963274916,-35.07979517530006,73.01408855573779,True,False,3,3.0
1789812517313,1797,3192,2740.3250432279597,1366.342859943755,2578.847269495592,970.7689664512494,1,2,second_file,0.660200394947765,0,12,3.8,-0.004983632806876677,29.338424510724394,30.009631211914,13.058500015176833,0.4911000141873956,28.50180002860725,2.600999956484884,31.60849999403581,3,True,on_screen,0.6577763963274916,-39.33219423613539,73.98613599781547,True,False,3,3.0
1789812517345,1798,3193,1499.0105708704432,1980.0000000000002,1822.961580457988,1677.2306899353748,2,1,terminal,0.25449685700829194,0,17,4.0,-0.0047686483173675995,29.53561909019494,30.010395322837056,13.809100026264787,0.4984999541193247,28.213300043717027,1.556800038088113,30.283099971711636,3,True,on_screen,0.6577763963274916,-0.4939336642382557,-59.840705607908134,True,False,3,3.0
1789812517376,1799,3194,1768.3897925275082,1980.0000000000002,1784.7613289066521,1889.1692069806124,-1,-1,off_screen,0.0,0,21,4.2,-0.004827224164335854,29.845157714362724,30.010627312630657,12.650199991185218,0.4955999902449548,30.345699982717633,1.2794999638572335,32.13599999435246,3,True,gaze_outside_screen,0.6577763963274916,5.178081030972038,-52.31529374177501,True,False,3,3.0
1789812517408,1800,3195,706.5867103534355,1980.0000000000002,1030.0390959194006,1952.7507620941838,-1,-1,off_screen,0.0,32,21,4.2,-0.0048310409669462175,29.94167939072538,30.011157539898054,12.553300010040402,0.49239996587857604,29.09600001294166,1.514500007033348,31.1195999966003,3,True,gaze_outside_screen,0.6577763963274916,-0.5918761028105166,-32.1993010618314,True,False,3,3.0
1789812517440,1801,3196,1665.5663078457674,1980.0000000000002,1474.908144267857,1971.8252286282552,-1,-1,off_screen,0.0,64,21,4.2,-0.0035389964509574007,30.118490647609878,30.01152444416369,12.448800029233098,0.5421999958343804,29.54479999607429,1.4998000115156174,31.602100003510714,3,True,gaze_outside_screen,0.6577763963274916,-1.7571693990008157,-25.48488243696168,True,True,3,3.0
1789812517472,1802,3197,2675.2925426915726,1980.0000000000002,2315.1772231644577,1977.5475685884767,-1,-1,off_screen,0.0,95,21,4.2,-0.002905910957676887,30.23914981877809,30.012223392998695,11.23489998281002,0.507500022649765,28.49120000610128,1.50529999518767,30.517600011080503,3,True,gaze_outside_screen,0.6577763963274916,-2.2893180767203773,-20.792673428306873,True,True,3,3.0
1789812517503,1803,3198,2511.829350717758,1980.0000000000002,2452.833712451768,1979.2642705765431,-1,-1,off_screen,0.0,127,21,4.2,-0.0025750321033730372,30.461935376259774,30.012434783133113,11.425399978179485,0.4854000289924443,29.98599997954443,1.8017999827861786,32.286300032865256,3,True,gaze_outside_screen,0.6577763963274916,-1.1610897105441609,-14.383703788994291,False,True,3,3.0
1789812517535,1804,3199,2488.468542822781,1980.0000000000002,2464.295868550426,1979.5009223414104,-1,-1,off_screen,0.0,159,21,4.2,-0.0024062919529845486,30.482991283085614,30.012678781120073,10.687000001780689,1.2061000452376902,29.136200028005987,1.7799999914132059,32.13629999663681,3,True,gaze_outside_screen,0.6577763963274916,-1.368793515639254,-8.740973702997596,False,False,4,4.0
1789812517568,1805,3200,2939.0377804693812,1980.0000000000002,2796.6152068936944,1979.8502767024233,-1,-1,off_screen,0.0,192,21,4.2,-0.002526572986742503,30.516080873063782,30.003932662339576,11.813500022981316,0.4731999943032861,28.42749998671934,1.8480999860912561,30.763500020839274,3,True,gaze_outside_screen,0.6577763963274916,-1.3550580989545722,-2.0176528315276245,False,True,4,4.0
1789812517604,1806,3201,1919.1553570173414,1980.0000000000002,2182.3933119802473,1979.955083010727,-1,-1,off_screen,0.0,228,21,4.0,-0.002331437940676912,30.224776307894725,30.00301793244589,0.2927000168710947,0.4907000111415982,28.92989997053519,1.678600034210831,31.117299979086965,3,True,gaze_outside_screen,0.6577763963274916,-1.0844536168356456,0.36581359524774154,False,False,5,5.0
1789812517636,1807,3202,1767.3561613847273,1980.0000000000002,1891.8673065633834,1979.9865249032182,-1,-1,off_screen,0.0,259,21,4.0,-0.0022830722835693144,30.337556853283473,30.012504241867454,0.24369999300688505,0.5019999807700515,29.287400015164167,2.330500050447881,32.13870001491159,3,True,gaze_outside_screen,0.6577763963274916,-0.6955212235027659,2.650241836442895,False,False,5,5.0
1789812517668,1808,3203,1496.8449277155491,1980.0000000000002,1615.3516413698994,1979.9959574709655,-1,-1,off_screen,0.0,292,21,4.0,-0.0022320130421930994,30.389144860277682,30.012600121351884,0.5084999720565975,0.5344999954104424,30.350999964866787,1.793100032955408,32.705800025723875,3,True,gaze_outside_screen,0.6577763963274916,-0.9062113117092565,4.767938084749323,False,False,5,5.0
1789812517701,1809,3204,1293.6263319639174,1980.0000000000002,1390.143924785712,1979.9987872412898,-1,-1,off_screen,0.0,325,21,4.0,-0.0021877631533575356,30.382012542367193,30.012800969979285,1.046299992594868,0.4731999943032861,30.15219996450469,1.6882999916560948,32.326499989721924,3,True,gaze_outside_screen,0.6577763963274916,-1.0795019533408095,5.552959744310592,False,False,5,5.0
1789812517734,1810,3205,1305.7761856764937,1980.0000000000002,1331.0865074092592,1979.999636172387,-1,-1,off_screen,0.0,358,21,4.0,-0.002112463941198491,30.410966654560006,30.012628126896143,2.0538000389933586,0.4552999744191766,31.311400001868606,1.8777999794110656,33.6576999980025,3,True,gaze_outside_screen,0.6577763963274916,-1.1659118234871642,5.615313145650568,False,False,5,5.0
1789812517768,1811,3206,1150.9945106261196,1980.0000000000002,1205.0221096610614,1979.9998908517161,-1,-1,off_screen,0.0,391,21,4.0,-0.002073815504891132,30.31478823770521,30.012550271507045,3.91440000385046,0.4647999885492027,30.924599966965616,1.8940999871119857,33.29709998797625,3,True,gaze_outside_screen,0.6577763963274916,-1.480404168721691,6.932787003078664,False,False,5,5.0
1789812517801,1812,3207,670.1860764056653,1980.0000000000002,830.6368863822842,1979.999967255515,-1,-1,off_screen,0.0,425,21,4.0,-0.002043136290162617,30.25864094186536,30.01306647103227,4.76779998280108,0.4896000027656555,28.80849997745827,1.8553999834693968,31.1684999614954,3,True,gaze_outside_screen,0.6577763963274916,-2.1558926130309146,6.496568785702048,False,False,5,5.0
1789812517833,1813,3208,433.69511514452984,1980.0000000000002,552.7776465158561,1979.9999901766546,-1,-1,off_screen,0.0,457,21,4.0,-0.001920994094968844,30.408267146005212,30.013545789445637,5.219199985731393,0.4965999978594482,28.905800019856542,1.8720999942161143,31.28850000211969,3,True,gaze_outside_screen,0.6577763963274916,-2.781574036588154,5.812495323903647,False,False,5,5.0
1789812517864,1814,3209,557.0564218893483,1980.0000000000002,553.2910995606751,1979.9999913554561,-1,-1,off_screen,0.0,488,21,4.0,-0.0019488335344281672,30.53442273702275,30.013814320878847,4.629200033377856,0.47019997145980597,29.13740003714338,2.4539000005461276,32.07409998867661,3,True,gaze_outside_screen,0.6577763963274916,-2.8779699674263384,5.8529587447132805,False,False,5,5.0
1789812517897,1815,3210,434.7781869192289,1980.0000000000002,470.3320607116628,1979.9999974066368,-1,-1,off_screen,0.0,521,21,4.0,-0.0019986828188109894,30.57252416709887,30.014377887187635,3.1438999576494098,0.4490999854169786,28.78340001916513,1.7911000177264214,31.037000007927418,3,True,gaze_outside_screen,0.6577763963274916,-2.989354746864649,6.505166368559737,False,False,5,5.0
1789812517928,1816,3211,81.8220617325679,1980.0000000000002,198.37506142629638,1979.9999992219912,-1,-1,off_screen,0.0,552,21,4.0,-0.0020387838754525687,30.71079290359714,30.014840937158375,4.260300018358976,0.4691999638453126,29.02610000455752,1.901299983728677,31.409599992912263,3,True,gaze_outside_screen,0.6577763963274916,-3.168827465250331,5.779065553312276,False,False,5,5.0
1789812517960,1817,3212,312.8345996634153,1980.0000000000002,278.4967381922796,1979.9999997665973,-1,-1,off_screen,0.0,584,21,3.8,-0.0020563740684786114,30.79398923812879,30.014914077306113,1.8894000095315278,0.48149999929592013,30.404600023757666,1.8628999823704362,32.76249999180436,3,True,gaze_outside_screen,0.6577763963274916,-3.098906935705344,6.652252564985985,False,False,5,5.0
1789812517993,1818,3213,315.3993692586359,1980.0000000000002,290.7633496843237,1979.9999998441813,-1,-1,off_screen,0.0,617,21,3.6,-0.0020211223850783774,30.742177691553866,30.005016440935574,3.6825999850407243,0.6968000088818371,32.48880000319332,1.844500016886741,35.043800016865134,3,True,gaze_outside_screen,0.6577763963274916,-2.9206687616811564,7.467047000659705,False,False,5,5.0
1789812518035,1819,3214,257.81898930933096,1699.9968917340086,267.7022974218288,1783.9978241670603,2,0,terminal,0.3735813138775891,0,18,3.8,-0.002009541307807101,30.02673420591235,30.003797739580314,0.2183000324293971,0.4761999589391053,27.90440001990646,1.927900011651218,30.327899963594973,3,True,on_screen,0.6577763963274916,-2.9706102414502595,7.896816021965535,False,False,5,5.0
1789812518067,1820,3215,269.75607740932554,1429.3047783651032,269.1399434130765,1535.7126921056904,2,0,terminal,0.6221762170134719,31,18,3.8,-0.0019695103240704153,30.149939939204685,30.004204125631414,0.2169000217691064,0.494200037792325,27.70919998874888,1.9961000070907176,30.21449997322634,3,True,on_screen,0.6577763963274916,-2.9954839476741313,7.78314084847828,False,False,5,5.0
1789812518100,1821,3216,647.7784002828755,1548.2351797196334,534.1868632219357,1544.4784334354504,2,0,terminal,0.8761501454366718,64,18,3.8,-0.0018926709534344954,30.222261405392878,30.00424635657116,0.2313999575562775,0.4741000011563301,28.705000004265457,1.8069999641738832,31.001700030174106,3,True,on_screen,0.6577763963274916,-3.152391259500007,8.205913672649428,False,False,5,5.0
1789812518132,1822,3217,565.3704972042185,1799.8298115603552,556.0154070095336,1723.224398122884,2,0,terminal,0.5833989788785128,96,18,3.6,-0.0018044374321589274,30.26642881741612,30.004312208190896,0.5697999731637537,0.5116999964229763,28.899599972646683,2.0528999739326537,31.483500031754375,3,True,on_screen,0.6577763963274916,-3.6818913395593142,7.693213282451176,False,False,5,5.0
1789812518165,1823,3218,485.0430773579905,1724.3108944098371,511.79466249164284,1723.9013615952808,2,0,terminal,0.6004734376103846,129,18,3.6,-0.001754069005999592,30.330087641195327,30.01293358843271,0.2066000015474856,1.0633999481797218,32.087800034787506,1.7929999739862978,34.96329998597503,3,True,on_screen,0.6577763963274916,-3.5784697967762327,7.499724226264246,False,False,5,5.0
1789812518200,1824,3219,456.136372642606,1752.2788975283233,481.1535304076412,1739.5238291396713,2,0,terminal,0.5768371743372496,164,18,3.4,-0.0017914370879202317,30.118669688818244,30.0132839074232,4.621000029146671,0.5190999945625663,29.24560004612431,1.8066000193357468,31.588800018653274,3,True,on_screen,0.6577763963274916,-3.380463312078035,7.880760858944402,False,False,5,5.0
1789812518232,1825,3220,573.7781722673806,1820.5395359550678,545.9907797094588,1796.2348239104488,2,0,terminal,0.46382471287219684,197,18,3.4,-0.0018057906079047056,30.242916320927115,30.01345964361356,4.402200051117688,0.4495999892242253,29.20230000745505,2.7275000466033816,32.39259996917099,3,True,on_screen,0.6577763963274916,-3.2426592187105427,7.521129025491707,False,False,5,5.0
1789812518265,1826,3221,848.6631225132305,1664.4165612540905,757.861419672099,1703.962040050998,2,0,terminal,0.3910584018766935,230,18,3.4,-0.001829515780574954,30.27560684012208,30.01374685498449,5.64190000295639,0.4887999966740608,29.63039994938299,1.84009998338297,31.97140002157539,3,True,on_screen,0.6577763963274916,-3.224458906525797,7.468848919394325,False,False,5,5.0
1789812518297,1827,3222,1046.7720093412063,1475.4552983456026,960.0988324404741,1544.0073208572212,2,0,terminal,0.14827132308737334,261,18,3.4,-0.0018357692099774687,30.34780251412665,30.01416459038508,5.648799997288734,0.4496000474318862,29.109399998560548,1.9629000453278422,31.534800014924258,3,True,on_screen,0.6577763963274916,-3.200706359065805,7.8595113549920015,False,False,5,5.0
1789812518329,1828,3223,1060.7698595729667,1390.7580421685284,1030.568551433219,1436.7328257751362,2,1,terminal,0.2680877609823139,293,18,3.4,-0.0018065240739041036,30.448604854051737,30.014401010161897,4.775499983225018,0.5499999970197678,29.56669998820871,1.9814000115729868,32.11410000221804,3,True,on_screen,0.6577763963274916,-3.176606468412416,7.99213892274782,False,False,5,5.0
1789812518361,1829,3224,993.4387953814547,1352.8469763734877,1004.577722196984,1378.0127311939823,2,0,terminal,0.048519977412205595,325,18,3.4,-0.001783017127411293,30.486054374561988,30.013947662959165,5.2977000013925135,0.47740002628415823,32.135399989783764,1.9839000306092203,34.61139998398721,3,True,on_screen,0.6577763963274916,-3.0583047317445846,7.71325180305469,False,False,5,5.0
1789812518396,1830,3225,924.2009842230377,1305.9597594901325,948.3140056152216,1327.5756510012875,2,0,terminal,0.11835161056482135,360,18,3.4,-0.001791363330299547,30.29788538112645,30.004716462322826,7.80810002470389,0.5094999796710908,30.09860002202913,2.08609999390319,32.70899999188259,3,True,on_screen,0.6577763963274916,-2.950460244787223,7.387200332139272,False,False,5,5.0
1789812518436,1831,3226,849.9919409998926,1418.1778555976894,879.4885603844913,1390.9971942187688,2,0,terminal,0.2684377840966822,401,18,3.4,-0.0016242403887417097,29.77808660293733,30.012051052188934,0.3464000183157623,0.568099960219115,30.460000038146973,2.1878000115975738,33.24090002570301,3,True,on_screen,0.6577763963274916,-2.8242766314272387,6.281650957129189,False,False,5,5.0
1789812518470,1832,3227,749.2528546978511,1435.159384995403,788.3235664038432,1421.9107277624125,2,0,terminal,0.43809736661161214,434,18,3.4,-0.0015386933996368677,29.779083741679848,30.01165860894444,1.4105999725870788,0.5451000179164112,31.86930000083521,1.9679999677464366,34.397000039462,3,True,on_screen,0.6577763963274916,-2.903437867072853,6.1742764785544395,False,False,5,5.0
1789812518504,1833,3228,656.077838159345,1465.1103717516937,695.7515566326945,1452.1504785549093,2,0,terminal,0.6095781959776847,468,18,3.4,-0.0015650907800966278,29.677656391929457,30.010252000254802,4.156500042881817,0.44410000555217266,35.52179998951033,2.0164999878033996,37.99529996467754,3,True,on_screen,0.6577763963274916,-3.04158711025147,5.781930017137823,False,False,5,5.0
1789812518543,1834,3229,631.5914417847262,1474.4569718577036,657.4463105609145,1465.4680313209342,2,0,terminal,0.6806312308423497,507,18,3.4,-0.0015964534089582677,29.317092367060056,30.010676312049604,10.051499994006008,0.5546999746002257,28.831100033130497,2.0388999837450683,31.440299993846565,3,True,on_screen,0.6577763963274916,-3.0786170310716443,5.718281156246978,False,False,5,5.0
1789812518575,1835,3230,662.3129576927572,1472.2246634817686,658.0303082167356,1466.2788271802342,2,0,terminal,0.6798881079864271,539,18,3.4,-0.0015989248177534065,29.52612610377068,30.010889271455255,10.955300007481128,0.6127000087872148,29.388699971605092,2.1400999976322055,32.15829998953268,3,True,on_screen,0.6577763963274916,-3.129221471712185,5.857764303673074,False,False,5,5.0
1789812518607,1836,3231,677.2525487194998,1477.6800962050302,662.0337619839918,1468.6533918633809,2,0,terminal,0.6736743145140877,572,18,3.4,-0.0016176426094493077,29.644945793757365,30.0111423980486,11.580799997318536,0.5839999648742378,29.397600039374083,2.015200036112219,32.0132999913767,3,True,on_screen,0.6577763963274916,-3.1191699774644235,5.794784125743588,False,False,5,5.0
1789812518639,1837,3232,701.1392702873517,1483.3985308933497,676.6638084071108,1474.1698031794117,2,0,terminal,0.6495773347296999,603,18,3.4,-0.00165020390921722,29.770046384269584,30.011183143385573,11.172000027727336,0.5281000048853457,30.138300033286214,2.1386999869719148,32.82089997082949,3,True,on_screen,0.6577763963274916,-3.093585458665814,5.668030723811466,False,False,5,5.0
1789812518673,1838,3233,725.9024261952479,1456.2807677860737,699.5342769735378,1465.8606621022304,2,0,terminal,0.6074953455813551,638,18,3.4,-0.0016746605591972004,29.80713261990072,30.011114329455587,12.586900033056736,0.5024999845772982,30.764399969484657,1.930300029926002,33.21149997645989,3,True,on_screen,0.6577763963274916,-3.068996533628706,5.838771693577552,False,False,5,5.0
1789812518706,1839,3234,816.7154316927877,1374.7562052962505,781.5610852770126,1402.0875423380444,2,0,terminal,0.43986486850091777,671,18,3.4,-0.0016973402291909929,29.810460705547055,30.01113442774118,13.352599984500557,1.310999970883131,29.72390002105385,1.8995999707840383,32.948700012639165,3,True,on_screen,0.6577763963274916,-3.0257438836160304,6.069385691470335,False,False,5,5.0
1789812518739,1840,3235,887.1303637743562,1304.9424037344781,855.4595802251531,1334.085945315548,2,0,terminal,0.27481250019233694,703,18,3.4,-0.0017052012819527614,29.83425844581718,30.01084117525732,15.690299973357469,0.49130001571029425,31.339699984528124,2.198200032580644,34.043800027575344,3,True,on_screen,0.6577763963274916,-3.033302783910358,6.242176652228548,False,False,5,5.0
1789812518774,1841,3236,943.8262238388246,1249.4135928319497,917.3162307547232,1274.8152985770294,2,0,terminal,0.13099990834876274,738,18,3.4,-0.0017235122990649724,29.748434253265533,30.010588926183075,17.787599994335324,0.5647999932989478,31.06769995065406,2.1123000187799335,33.76019996358082,3,True,on_screen,0.6577763963274916,-3.015921442113722,6.395769267934176,False,False,5,5.0
1789812518808,1842,3237,994.4295678417883,1160.1865732897563,971.2955667156687,1194.5751908759382,2,0,terminal,0.0,773,18,3.4,-0.0017150867522849542,29.705230849938733,30.01085938961882,18.987199990078807,0.5379000212997198,29.382399981841445,2.063299994915724,31.998900056350976,3,True,on_screen,0.6577763963274916,-3.0087180130509807,6.4129432022776225,False,False,5,5.0
1789812518840,1843,3238,1021.2144996370679,1145.7655937467996,1001.9026935394206,1164.648238472928,1,0,sidebar,0.0,0,14,3.6,-0.0017120098680401524,29.819794454386034,30.010878818493275,5.102899973280728,0.5987000185996294,30.105400015600026,2.1172999986447394,32.83660003216937,3,True,on_screen,0.6577763963274916,-2.976115621393916,6.472600475075195,False,False,5,5.0
1789812518874,1844,3239,1051.2031649153425,1140.4782153329165,1025.8611164093459,1152.9023946908524,1,1,main_file,0.1427211194161293,0,27,3.8,-0.0017126669459834511,29.85290553858109,30.01130370196825,5.6105999974533916,0.5123000009916723,29.00820004288107,1.9281000131741166,31.462500046472996,3,True,on_screen,0.6577763963274916,-2.9151473737202025,6.79781665315224,False,False,5,5.0
1789812518906,1845,3240,1077.3716467151448,1142.7579178453047,1049.8362179115982,1148.1807414557688,1,1,main_file,0.18308026300700442,31,27,3.8,-0.0016925631475875006,30.00319757033783,30.01157292922697,5.356300040148199,0.4876000457443297,29.410600021947175,2.0016999915242195,31.92389995092526,3,True,on_screen,0.6577763963274916,-2.893186959259424,7.190187058177771,False,False,5,5.0
1789812518938,1846,3241,1077.3575603582035,1152.257913370886,1056.8527811599545,1149.2202159898452,1,1,main_file,0.19251220452923956,63,27,3.8,-0.0016774057577034172,30.101491185165617,30.011919230951573,6.000699999276549,0.5233000265434384,29.05270003248006,2.1275999606586993,31.72400000039488,3,True,on_screen,0.6577763963274916,-2.8506637912950055,7.489445709631446,False,False,5,5.0
1789812518970,1847,3242,1067.8902643500105,1147.0029396551486,1058.177279142761,1148.9541428296816,1,1,main_file,0.19472952684185363,95,27,3.8,-0.0016245208893278986,30.203194491296497,30.011959668767116,5.912600026931614,0.6107999943196774,29.41570000257343,2.719300042372197,32.763399998657405,3,True,on_screen,0.6577763963274916,-2.85299660763809,7.412535790870472,False,False,5,5.0
1789812519003,1848,3243,1071.6166813632142,1131.1304922683826,1060.9732931227054,1145.2460034849723,1,1,main_file,0.20244042886323976,128,27,3.8,-0.0015827082994992869,30.2030558884922,30.012182253791465,7.135600026231259,0.5492999916896224,29.386600013822317,2.219200017862022,32.17099996982142,3,True,on_screen,0.6577763963274916,-2.8467773541884753,7.307665656592597,False,False,5,5.0
1789812519036,1849,3244,1029.2082736097768,1194.1881863393783,1044.6044202085486,1170.4664624542838,2,1,terminal,0.09067458416750573,0,19,4.0,-0.0015158792270441226,30.255853274249542,30.011231423607697,7.095600012689829,0.5188999930396676,33.70680002262816,2.1368000307120383,36.37649997835979,3,True,on_screen,0.6577763963274916,-2.8646991534902213,7.352785942410455,False,False,5,5.0
1789812519072,1850,3245,886.2747717936237,1344.251794481711,933.7736663181012,1292.1161948734828,2,0,terminal,0.11821346531503418,36,19,4.0,-0.001448989103720955,29.94505512260011,30.0114918773285,11.869599984493107,0.9204999660141766,29.1033000103198,1.8820000113919377,31.92290000151843,3,True,on_screen,0.6577763963274916,-2.878968061685356,7.186776880094628,False,False,5,5.0
1789812519105,1851,3246,745.9466487409851,1499.5730174468301,802.2947540141199,1437.3359706748258,2,0,terminal,0.4199512240248555,69,19,4.0,-0.0013890366016475753,30.041892615128226,30.01183988804433,12.330700003076345,0.5085000302642584,29.002900002524257,2.1142999758012593,31.640700006391853,3,True,on_screen,0.6577763963274916,-2.7437537044029625,7.255069309105339,False,False,5,5.0
1789812519137,1852,3247,633.2519312120844,1597.1359582627983,683.964778052695,1549.1959619864065,2,0,terminal,0.6293295149392497,101,19,4.0,-0.0013199946768084215,30.167241183228473,30.011968556854804,12.79939996311441,0.5393000319600105,29.977799975313246,2.011300006415695,32.54340001149103,3,True,on_screen,0.6577763963274916,-2.68879763645603,7.202085611785185,False,False,5,5.0
1789812519170,1853,3248,543.427722399485,1655.7253804961745,585.5888390954481,1623.766554943244,2,0,terminal,0.7125863150574236,134,19,4.0,-0.0012905903200040973,30.18706802861402,30.011598110952544,13.509399956092238,0.5239000311121345,30.92369996011257,2.8045999933965504,34.267200040630996,3,True,on_screen,0.6577763963274916,-2.6493309375817375,7.3607333135247135,False,False,5,5.0
1789812519204,1854,3249,489.70439315580325,1778.439179886371,518.4697269376967,1732.037392403433,2,0,terminal,0.5844724508741453,167,19,4.0,-0.0012930790142348467,30.056664750997793,30.011257056312164,15.935899980831891,0.9328000014647841,30.665799975395203,2.5798999704420567,34.196100023109466,3,True,on_screen,0.6577763963274916,-2.5113755429162836,7.248345647617222,False,False,5,5.0
1789812519239,1855,3250,412.6805759742743,1842.781737951762,444.417321263301,1809.558434287263,-1,-1,off_screen,0.0,0,22,4.2,-0.0013005628760273443,29.944340982318415,30.011146135984504,3.188600006978959,0.554799975361675,30.76870000222698,2.015499980188906,33.35559996776283,3,True,gaze_outside_screen,0.6577763963274916,-2.684787061230395,6.878372097118647,False,False,5,5.0
1789812519273,1856,3251,349.42342689743003,1890.1533827063777,377.92159520719133,1865.9748981806433,-1,-1,off_screen,0.0,33,22,4.2,-0.001308656964195019,29.91821720267752,30.011182072312238,3.4531999845057726,0.5638999864459038,29.739499965216964,2.5377999991178513,32.85779996076599,3,True,gaze_outside_screen,0.6577763963274916,-2.635600729407713,6.458032334233298,False,False,5,5.0
1789812519306,1857,3252,348.12526999364684,1890.9168052028133,367.52028629496454,1874.6816255350518,-1,-1,off_screen,0.0,66,22,4.2,-0.0013514193218546761,29.92729875313714,30.009975009411676,6.1308000003919005,0.7559999939985573,34.0493000112474,2.3908999864943326,37.21469995798543,3,True,gaze_outside_screen,0.6577763963274916,-2.657007095084282,6.269753677605896,False,False,5,5.0
1789812519343,1858,3253,300.7029379858102,1901.720044125689,325.2614250474527,1891.7821661654157,-1,-1,off_screen,0.0,103,22,4.2,-0.00136221898540294,29.59909681864219,30.010334963581666,11.72680000308901,0.6634999881498516,28.879999998025596,2.1474999957717955,31.705999979749322,3,True,gaze_outside_screen,0.6577763963274916,-2.7145623504712546,5.8729667068889055,False,False,5,5.0
1789812519375,1859,3254,257.6298744547181,1922.4500516001663,281.2305076476137,1911.7482192659384,-1,-1,off_screen,0.0,135,22,4.2,-0.001358535431358868,29.760870350862916,30.01091343410298,11.973999964538962,0.506000011228025,28.289199981372803,2.0938999950885773,30.903000035323203,3,True,gaze_outside_screen,0.6577763963274916,-2.695214810388819,5.746454699442073,False,False,5,5.0
1789812519407,1860,3255,191.21440747324814,1936.0891095444417,218.2192375255578,1928.7868424608907,-1,-1,off_screen,0.0,167,22,4.2,-0.0013430957294656154,29.9886689880689,30.011052049210214,10.680099949240685,0.48160000005736947,29.923500027507544,2.092099981382489,32.511500001419336,3,True,gaze_outside_screen,0.6577763963274916,-2.6849813951851615,5.653231982865777,False,False,5,5.0
1789812519440,1861,3256,150.28570903669268,1926.4072309125243,177.63333810637272,1927.365178120659,-1,-1,off_screen,0.0,200,22,4.2,-0.001343302716049188,30.025735390932333,30.01132127107599,11.784500034991652,0.5162000306881964,29.31519999401644,2.072200004477054,31.9197999779135,3,True,gaze_outside_screen,0.6577763963274916,-2.7999810168872727,5.368246445497919,False,False,5,5.0
1789812519472,1862,3257,112.05739953698803,1980.0000000000002,131.73018110780345,1964.209553436198,-1,-1,off_screen,0.0,232,22,4.2,-0.001384481461865034,30.123590955216255,30.011344454021483,11.557399993762374,0.5317000322975218,30.370699998456985,1.9867999944835901,32.90330001618713,3,True,gaze_outside_screen,0.6577763963274916,-2.7265576512989753,5.294165084132823,False,False,5,5.0
1789812519505,1863,3258,13.275235926941553,1980.0000000000002,48.81171948120013,1975.2628660308594,-1,-1,off_screen,0.0,266,22,4.2,-0.0013345034334242747,30.123361706728204,30.01124469494344,12.931899982504547,0.5116999964229763,30.931100016459823,1.929999969433993,33.38610002538189,3,True,gaze_outside_screen,0.6577763963274916,-2.6308909908913165,5.283575641099724,False,False,5,5.0
1789812519539,1864,3259,-32.07100921915336,1980.0000000000002,-7.806190609047311,1978.578859809258,-1,-1,off_screen,0.0,299,22,4.2,-0.001299533563676309,30.07736353238669,30.01168996752064,14.893899962771684,0.4754000110551715,28.991000028327107,1.9040000042878091,31.383800029288977,3,True,gaze_outside_screen,0.6577763963274916,-2.5763956163004025,5.1019336587233,False,False,5,5.0
1789812519570,1865,3260,-99.7221101833366,1980.0000000000002,-72.1473343110498,1979.5736579427776,-1,-1,off_screen,0.0,330,22,4.2,-0.0012739428006931178,30.22428092572845,30.011475344549197,15.033499978017062,0.49409997882321477,31.233199988491833,2.040899998974055,33.78200001316145,3,True,gaze_outside_screen,0.6577763963274916,-2.216682391791039,5.311087724925186,False,False,5,5.0
1789812519605,1866,3261,-5.0412516291518426,1980.0000000000002,-32.55246248217573,1979.825214261316,-1,-1,off_screen,0.0,365,22,4.2,-0.00125302439197684,30.132195653024688,30.011668429969586,16.632999991998076,0.5043999990448356,29.72240000963211,2.036099962424487,32.27720002178103,3,True,gaze_outside_screen,0.6577763963274916,-1.84705351477146,6.064602098186425,False,False,5,5.0
1789812519637,1867,3262,196.352803009019,1980.0000000000002,127.68122336166057,1979.947564278395,-1,-1,off_screen,0.0,398,22,4.2,-0.0012679310416448524,30.1847679820076,30.011898637099616,1.1418999638408422,0.5366000114008784,29.619799985084683,1.9747000187635422,32.14630001457408,3,True,gaze_outside_screen,0.6577763963274916,-1.7659727977832347,6.4407181388609445,False,False,5,5.0
1789812519670,1868,3263,182.0548795988024,1980.0000000000002,153.85792910498162,1979.9728080186524,-1,-1,off_screen,0.0,430,22,4.2,-0.0012083136820013086,30.243915008958442,30.01211871700108,2.4077999987639487,0.5478999810293317,29.581099981442094,2.0309999817982316,32.17560000484809,3,True,gaze_outside_screen,0.6577763963274916,-1.4388189502603836,7.002789164133597,False,False,5,5.0
1789812519702,1869,3264,288.72712667799624,1899.5718107701625,248.26636740609186,1923.6921099447095,-1,-1,off_screen,0.0,462,22,4.2,-0.0012607510896638658,30.294166620664708,30.012484660473053,2.555500017479062,0.5714999861083925,28.982300020288676,2.0749999675899744,31.64880000986159,3,True,gaze_outside_screen,0.6577763963274916,-1.0649481014414448,7.911205601333918,False,False,5,5.0
1789812519734,1870,3265,362.7573776371312,1823.5283510468334,328.4100745678194,1853.5774787161963,-1,-1,off_screen,0.0,494,22,4.2,-0.001280422434025626,30.387388461652684,30.012594170377078,2.186400000937283,0.5506000015884638,30.091900029219687,1.8839999684132636,32.54330001072958,3,True,gaze_outside_screen,0.6577763963274916,-0.6308746923733679,7.875996831967772,False,False,5,5.0
1789812519767,1871,3266,520.8857062498963,1675.166874731034,463.1430167452732,1728.6900559265828,2,0,terminal,0.5948856160812012,0,20,4.4,-0.001375532178740672,30.389799415928056,30.01283896336824,1.8989999662153423,0.532899983227253,29.697999998461455,1.8462000298313797,32.09260001312941,3,True,on_screen,0.6577763963274916,-0.18195285081128532,8.201524465404509,False,False,5,5.0
1789812519799,1872,3267,612.7678284927218,1547.127157939682,567.8803849684872,1601.5960273357523,2,0,terminal,0.7626830501553421,32,20,4.4,-0.0013804526612137998,30.43865924978957,30.01294229155057,1.8846000311896205,0.5001999670639634,30.378499999642372,1.7583000008016825,32.65169996302575,3,True,on_screen,0.6577763963274916,-0.5286146941210177,8.28326783638539,False,False,5,5.0
1789812519832,1873,3268,583.2656771030158,1565.8494164158878,573.2588611759194,1589.0995277797028,2,0,terminal,0.7721350998308989,65,20,4.4,-0.0014262399472067411,30.427954880846276,30.01325732124437,4.356999997980893,0.680199998896569,29.342799971345812,1.8209000118076801,31.858199974521995,3,True,on_screen,0.6577763963274916,-0.8399062364002532,8.407680961210147,False,False,5,5.0
1789812519865,1874,3269,507.9713407851158,1590.2408699091118,535.744894228259,1589.7553387319695,2,0,terminal,0.8133387334966314,98,20,4.4,-0.0014067148029343526,30.490325147347008,30.0136506764335,4.57669998286292,0.5171999800950289,28.944400022737682,2.0667999633587897,31.544600031338632,3,True,on_screen,0.6577763963274916,-0.9018490801499013,8.70494032224276,False,False,5,5.0
1789812519897,1875,3270,407.9366689170299,1542.1602835103984,446.27913651039864,1556.4388000768697,2,0,terminal,0.8838503324035093,130,20,4.4,-0.0013994022557081171,30.57121247233179,30.013869031762145,4.478300048504025,0.6207000114955008,29.863699979614466,1.6197999939322472,32.12009998969734,3,True,on_screen,0.6577763963274916,-1.0360304522294541,8.540504192937677,False,False,5,5.0
1789812519929,1876,3271,274.30230172765107,1614.3070372925522,325.8953521624753,1596.9465661278473,2,0,terminal,0.6783562855353054,161,20,4.4,-0.0014511137327789022,30.594084822679,30.014181498956365,5.496099998708814,0.493300030939281,29.357599967624992,1.9712999928742647,31.83550003450364,3,True,on_screen,0.6577763963274916,-0.9302115611188242,8.617992153039188,False,False,5,5.0
1789812519961,1877,3272,251.6089366810795,1588.2430979010885,277.1931475352961,1591.2405687688563,2,0,terminal,0.6071191392117266,194,20,4.4,-0.0014662777733554667,30.648301874840314,30.014642055775965,5.540899990592152,0.47610001638531685,28.91349996207282,1.9604000262916088,31.363199988845736,3,True,on_screen,0.6577763963274916,-0.809064979764571,8.72552968670624,False,False,5,5.0
1789812519993,1878,3273,180.47509803325764,1574.5282326597055,209.49051288386917,1579.5419334924507,2,0,terminal,0.5018689680617483,226,20,4.2,-0.0014630733499469799,30.73823490881208,30.00554304967022,5.501599982380867,0.7501000072807074,30.080700002145022,1.8856999813579023,32.7326999977231,3,True,on_screen,0.6577763963274916,-0.8506310992131318,8.640842242967809,False,False,5,5.0
1789812520036,1879,3274,135.87391700757647,1596.7406139408076,160.72235691192844,1590.9353960756225,2,0,terminal,0.41351184929133133,269,20,4.2,-0.001490976089576197,30.00364742264504,30.003320590486492,0.26190001517534256,0.5453000194393098,28.27799995429814,2.5486000231467187,31.393199984449893,3,True,on_screen,0.6577763963274916,-1.007374037079444,8.795951180989217,False,False,5,5.0
1789812520068,1880,3275,143.3001753901961,1561.4099941788343,155.32051166262477,1581.780879359619,2,0,terminal,0.4084846625559916,301,20,4.2,-0.0014712978997609618,30.086371935720642,30.012200701645916,0.24020002456381917,0.5066999583505094,30.923400016035885,1.8643999937921762,33.31099997740239,3,True,on_screen,0.6577763963274916,-1.1312749750801743,8.919771991508433,False,False,5,5.0
1789812520102,1881,3276,104.28472319638306,1587.201422669066,132.07877779504759,1584.2493985850872,2,0,terminal,0.3675762049860848,335,20,4.2,-0.0014621124802611431,30.050262640179838,30.012664153671224,1.9517000182531774,0.5061000119894743,28.878699988126755,1.902799995150417,31.30329999839887,3,True,on_screen,0.6577763963274916,-1.0910044454565764,8.848879868978768,False,False,5,5.0
1789812520133,1882,3277,116.8709740041127,1581.2575791857337,129.7999345556677,1583.8010835288576,2,0,terminal,0.36384742543902804,365,20,4.2,-0.0014561880243630244,30.200776080428117,30.01298056832906,1.7361000063829124,0.5685000214725733,29.159799974877387,2.0345000084489584,31.78029996342957,3,True,on_screen,0.6577763963274916,-1.1244537764769404,9.258589031991802,False,False,5,5.0
1789812520166,1883,3278,117.96811004477934,1610.7272368878737,126.62301860585427,1591.0309174394822,2,0,terminal,0.3553206361002563,398,20,4.2,-0.0014464217097656037,30.285690683982587,30.01321421686351,1.913399959448725,0.5187000497244298,29.345300048589706,2.1640000049956143,32.04270004061982,3,True,on_screen,0.6577763963274916,-1.200114226159343,9.46994815698961,False,False,5,5.0
1789812520198,1884,3279,105.93507528236093,1598.7703331409118,122.36033822230613,1592.6255977310288,2,0,terminal,0.34732465242147637,430,20,4.2,-0.001446553668029425,30.349028544085794,30.013485571493376,1.5504000475630164,0.5238000303506851,29.641999979503453,1.850400003604591,32.03059994848445,3,True,on_screen,0.6577763963274916,-1.3760656246969347,9.58517150171096,False,False,5,5.0
1789812520230,1885,3280,101.39697835629458,1569.3383754103795,116.38789466244216,1585.9910877161728,2,0,terminal,0.3399007226838514,463,20,4.2,-0.0014444911181539562,30.40524891118242,30.013406927585375,2.340500010177493,0.49139995826408267,30.697999987751245,2.0804000087082386,33.28509995480999,3,True,on_screen,0.6577763963274916,-1.5123949850144243,9.661827982620295,False,False,5,5.0
1789812520264,1886,3281,110.65982017079051,1538.1660516223162,113.93351836665616,1565.498924930066,2,0,terminal,0.34301321007013197,496,20,4.0,-0.001468591277920291,30.33993161584571,30.0134367742297,2.0981000270694494,0.5350999999791384,30.29289998812601,2.0418999483808875,32.883499981835485,3,True,on_screen,0.6577763963274916,-1.6916344989486447,9.647915724753252,False,False,5,5.0
1789812520297,1887,3282,76.24861974285537,1536.3690356040088,97.95849173409799,1553.1504571145433,2,0,terminal,0.3185609403329913,529,20,3.8,-0.0014789220844193852,30.315892371270493,30.013577893979008,5.5618000333197415,0.5017999792471528,29.96539999730885,1.9813000108115375,32.46459999354556,3,True,on_screen,0.6577763963274916,-1.8716067999052939,9.755573101425059,False,False,5,5.0
1789812520330,1888,3283,137.59630815096978,1516.165251927586,116.98674616386731,1535.3955967803322,2,0,terminal,0.35563648410842785,562,20,3.6,-0.0015010320477001193,30.335828134272976,30.013501158574343,5.4178000427782536,0.5019999807700515,30.803599976934493,1.972300000488758,33.29210000811145,3,True,on_screen,0.6577763963274916,-1.9755588093611607,9.996009731839608,False,False,5,5.0
1789812520364,1889,3284,243.39799549869772,1475.0555209373215,205.4746206982486,1493.1575436902249,2,0,terminal,0.5148555079352346,597,20,3.6,-0.0015398919249949312,30.273775097626416,30.01349179091621,7.904500002041459,0.5024000420235097,30.57730000000447,1.8970000091940165,32.991700049024075,3,True,on_screen,0.6577763963274916,-2.0782354333161948,10.274549014905185,False,False,5,5.0
1789812520397,1890,3285,411.66384706090565,1347.1120451400973,349.80707915210854,1390.9256947051356,2,0,terminal,0.6999407012701442,630,20,3.6,-0.0016475010284633818,30.24698569957764,30.004549429546476,7.966800010763109,0.5171999800950289,29.657599981874228,2.095600008033216,32.28539996780455,3,True,on_screen,0.6577763963274916,-2.2837889325385845,10.784603057855184,False,False,5,5.0
1789812520436,1891,3286,543.6983540403901,1129.501765126721,485.5309715739056,1207.9289440002453,2,0,terminal,0.4839163208179198,669,20,3.6,-0.0017315274935467816,29.792710301159968,30.011914812358132,0.2738999901339412,0.5575999966822565,30.35049996105954,2.2255000076256692,33.15230004955083,3,True,on_screen,0.6577763963274916,-2.6368417875954435,11.551851803255847,False,False,5,5.0
1789812520469,1892,3287,732.2255736420542,983.9616177759731,658.2171930216097,1051.1518156432548,1,0,sidebar,0.5871589887569894,0,15,3.8,-0.001806132214739263,29.79742719221354,30.01166213212588,1.7850999720394611,0.5824000108987093,31.059700006153435,2.2261000121943653,33.88310002628714,3,True,on_screen,0.6577763963274916,-2.948539677536985,11.98461928469162,False,False,5,5.0
1789812520504,1893,3288,763.2544275621077,924.845469427653,731.7432571999583,962.7373732923336,1,0,sidebar,0.541651700777993,34,15,3.8,-0.001798708435170963,29.72287080749903,30.011668863525966,2.8463000198826194,0.5667000077664852,30.064599995967,2.1090999944135547,32.75699994992465,3,True,on_screen,0.6577763963274916,-3.38483261320377,12.409250219260855,False,False,5,5.0
1789812520537,1894,3289,786.7078746109346,1010.4814351412232,766.8454771033412,993.2283079525239,1,0,sidebar,0.4671472051953466,67,15,3.6,-0.0017948169253480858,29.770728092577336,30.011965433097334,4.897699982393533,0.5524000152945518,29.298099980223924,2.0192000083625317,31.883299991022795,3,True,on_screen,0.6577763963274916,-3.6178040751569256,12.250683964985804,False,False,5,5.0
1789812520569,1895,3290,906.867909044065,1000.024167303703,864.8611794618478,997.9854094983493,1,0,sidebar,0.29838943098952464,99,15,3.6,-0.0018528100860557926,29.89678789226705,30.012159356613406,5.31170004978776,0.5478000384755433,29.555900022387505,2.1477999980561435,32.26919996086508,3,True,on_screen,0.6577763963274916,-4.073942296217382,12.593104632314995,False,False,5,5.0
1789812520602,1896,3291,1135.5952752528517,989.8553950404041,1054.3750465155506,992.2943993777876,1,1,main_file,0.2994899733332549,0,28,3.8,-0.0019437868076694082,29.97132276915424,30.0122414754741,5.705999967176467,0.7015999872237444,29.850399994757026,2.085599990095943,32.654000038746744,3,True,on_screen,0.6577763963274916,-4.7144725660695315,12.64852097661012,False,False,5,5.0
1789812520635,1897,3292,736.8278107762636,1579.4350570999593,832.0919814980498,1403.292859783308,2,0,terminal,0.35493558663408087,0,21,4.0,-0.0018039296186905824,30.009847315619048,30.012807375412045,6.303899979684502,0.48669998068362474,28.31810002680868,2.1448999759741127,30.963300028815866,3,True,on_screen,0.6577763963274916,-5.808006264266709,12.859336087711942,False,False,5,5.0
1789812520666,1898,3293,55.31573158166578,1980.0000000000002,288.348606556581,1806.9878579349925,-1,-1,off_screen,0.0,0,23,4.2,-0.0017084630105886726,30.204251000091492,30.01328413104414,6.606700015254319,0.540599983651191,28.67960004368797,2.009499992709607,31.24410001328215,3,True,gaze_outside_screen,0.6577763963274916,-6.034452635402658,11.858971809844919,False,False,5,5.0
1789812520697,1899,3294,-1.446147790701566,1980.0000000000002,85.49227851348321,1928.096357380498,-1,-1,off_screen,0.0,31,23,4.2,-0.0018077033201752777,30.35612286104728,30.013519619527806,5.864100006874651,0.4518999485298991,29.55810003913939,2.155099995434284,32.178299967199564,3,True,gaze_outside_screen,0.6577763963274916,-6.687824644183365,11.906701161111412,False,False,5,5.0
1789812520730,1900,3295,377.41361229759065,1980.0000000000002,289.8372121623584,1964.4289072141496,-1,-1,off_screen,0.0,64,23,4.2,-0.0020519578439630835,30.395881774088213,30.01374332585462,6.6577999969013035,0.532599980942905,29.392900003585964,2.2216999786905944,32.16170001542196,3,True,gaze_outside_screen,0.6577763963274916,-6.967158395022182,11.156069692177352,False,False,5,5.0
1789812520762,1901,3296,186.76573649548428,1980.0000000000002,217.68717919554652,1975.3286721642448,-1,-1,off_screen,0.0,96,23,4.2,-0.0019920672698853295,30.436040566757153,30.013877936501146,6.7885000025853515,0.48420001985505223,29.90029996726662,2.117500000167638,32.51689998432994,3,True,gaze_outside_screen,0.6577763963274916,-7.6707762167784495,10.397215929434399,False,False,5,5.0
1789812520795,1902,3297,-32.04109675501149,1980.0000000000002,42.87738603015593,1978.5986016492734,-1,-1,off_screen,0.0,129,23,4.2,-0.0020530261910512784,30.438941407501254,30.004940221956463,6.015499995555729,0.5162000306881964,29.70339998137206,2.1788000012747943,32.413800014182925,3,True,gaze_outside_screen,0.6577763963274916,-9.170354441658503,8.526002812139458,False,False,5,5.0
1789812520836,1903,3298,147.2981281423048,1980.0000000000002,115.97190550866013,1979.579580494782,-1,-1,off_screen,0.0,170,23,4.2,-0.0021852379351987705,29.844736768238796,30.01151180278696,0.30020001577213407,0.7360999588854611,30.958499992266297,2.4514999822713435,34.172300016507506,3,True,gaze_outside_screen,0.6577763963274916,-10.832178917448289,5.6687620059287225,False,False,5,5.0
1789812520871,1904,3299,-254.2455724547648,1980.0000000000002,-143.1803290657373,1979.8738741484347,-1,-1,off_screen,0.0,205,23,4.2,-0.002223093253149226,29.757688439715377,30.01153607979131,2.524999959859997,0.5915999645367265,29.563300020527095,2.7182999765500426,32.89070003665984,3,True,gaze_outside_screen,0.6577763963274916,-11.289458107803313,3.582983598427296,False,False,5,5.0
1789812520904,1905,3300,-288.0,1980.0000000000002,-244.5540987197212,1979.9621622445306,-1,-1,off_screen,0.0,238,23,4.2,-0.0022995941469763567,29.780123670742228,30.01170899417142,2.9402999789454043,0.5756000173278153,28.841299994383007,2.7938999701291323,32.224100024905056,3,True,gaze_outside_screen,0.6577763963274916,-11.469280167299559,1.8955894757206488,False,False,5,5.0
1789812520937,1906,3301,-169.50069457367374,1980.0000000000002,-195.18332938097478,1979.9870522427773,-1,-1,off_screen,0.0,271,23,4.2,-0.0026501525170653257,29.872515672926014,30.01181080185554,4.969000001437962,0.5098000401630998,29.261199990287423,2.8160999645479023,32.60219999356195,3,True,gaze_outside_screen,0.6577763963274916,-12.53368018671486,-0.5386898440290178,False,False,5,5.0
1789812520969,1907,3302,-199.5772815058303,1980.0000000000002,-195.71060363595743,1979.988605973644,-1,-1,off_screen,0.0,303,23,4.2,-0.0028069882326662177,29.924528364846093,30.012085547924933,3.3152999822050333,0.506600015796721,28.78320001764223,2.707500010728836,32.012300041969866,3,True,gaze_outside_screen,0.6577763963274916,-13.869671081205922,0.5091062763382376,True,False,5,5.0
1789812521002,1908,3303,10.374584976200879,1980.0000000000002,-51.450971607446625,1979.9965817920934,-1,-1,off_screen,0.0,336,23,4.2,-0.0028460208082943615,30.02059241943707,30.012038960639256,6.012000027112663,0.5255999858491123,30.57599999010563,2.0084999850951135,33.12529996037483,3,True,gaze_outside_screen,0.6577763963274916,-14.302063949634544,0.5803637979928589,True,False,5,5.0
1789812521035,1909,3304,255.75239420689664,1980.0000000000002,163.59138446259365,1979.998974537628,-1,-1,off_screen,0.0,369,23,4.2,-0.0028737259603420027,30.007185265045777,30.012429740871273,7.61239998973906,0.5306999664753675,29.121700034011155,1.877899980172515,31.551299965940416,3,True,gaze_outside_screen,0.6577763963274916,-14.518730444612515,-0.6244064415653185,True,False,5,5.0
1789812521067,1910,3305,434.7386708255835,1980.0000000000002,353.3944849166865,1979.9996923612885,-1,-1,off_screen,0.0,401,23,4.2,-0.0029354848371289603,30.143908659446936,30.012355885394854,7.5530000030994415,0.47069997526705265,30.175400024745613,2.604799985419959,33.26910000760108,3,True,gaze_outside_screen,0.6577763963274916,-13.959293695060325,-2.678296280507062,True,False,5,5.0
1789812521101,1911,3306,362.88780963866094,1980.0000000000002,354.5336838833234,1979.999729277934,-1,-1,off_screen,0.0,435,23,4.2,-0.0029603928720046257,30.104353654774698,30.014181778049814,8.891500008758157,0.5110999918542802,24.817500030621886,0.9256000048480928,26.269199966918677,3,True,gaze_outside_screen,0.6577763963274916,-13.040606879065876,-2.455533617388636,False,False,5,5.0
1789812521127,1912,3307,368.24155599131495,1980.0000000000002,356.3783130897013,1979.9997657082295,-1,-1,off_screen,0.0,461,23,4.2,-0.00290022714832768,30.88036281913201,30.011793854515833,4.741900018416345,0.23449998116120696,7.269599998835474,1.114899991080165,8.62590002361685,3,True,gaze_outside_screen,0.6577763963274916,-12.673522081665254,-2.6694405981587446,False,False,5,5.0
1789812521154,1913,3308,528.1133834511818,1980.0000000000002,476.59286234273765,1979.9999297124689,-1,-1,off_screen,0.0,488,23,4.2,-0.002882038711008084,31.484638774474433,30.01341876546108,0.26980001712217927,0.29499997617676854,7.80510000186041,0.7832000264897943,8.89549998100847,3,True,gaze_outside_screen,0.6577763963274916,-12.46338359775217,-2.2981798516114615,False,False,5,5.0
1789812521185,1914,3309,496.0378730062836,1980.0000000000002,480.1610521637204,1979.9999426103407,-1,-1,off_screen,0.0,519,23,4.2,-0.002781878069024798,31.565919551282317,30.01353400861545,0.09670003782957792,0.23199996212497354,9.785600006580353,0.8002999820746481,10.828099970240146,3,True,gaze_outside_screen,0.6577763963274916,-12.224878742337836,-1.8843297538687032,False,False,5,5.0
1789812521217,1915,3310,490.7595737950865,1980.0000000000002,481.4328747594843,1979.9999494970998,-1,-1,off_screen,0.0,551,23,4.2,-0.0027343319498014974,31.51494659689375,30.014356601260573,0.09329995373263955,0.23550004698336124,7.875699957367033,0.8024999988265336,8.924300025682896,3,True,gaze_outside_screen,0.6577763963274916,-11.938268557913517,-1.4602851055955153,False,False,5,5.0
1789812521266,1916,3311,67.30998485681158,1980.0000000000002,191.5468518276134,1979.99998484913,-1,-1,off_screen,0.0,600,23,4.2,-0.002634952056738674,30.43706090692778,30.00980751508181,0.14459999511018395,0.28059998294338584,9.55919997068122,0.8871000027284026,10.73859998723492,3,True,gaze_outside_screen,0.6577763963274916,-11.823723153167691,-0.8121096677731773,False,False,5,5.0
1789812521297,1917,3312,65.56907890769905,1980.0000000000002,103.36241078367337,1979.999995454739,-1,-1,off_screen,0.0,631,23,4.2,-0.002635346106124651,30.539423645478728,30.010338887947114,0.1379000023007393,0.33060001442208886,9.018799988552928,0.9536999859847128,10.321400011889637,3,True,gaze_outside_screen,0.6577763963274916,-11.775980795660956,-0.3390406680024742,False,False,5,5.0
1789812521329,1918,3313,192.93494496492954,1980.0000000000002,166.0631847105527,1979.9999986364219,-1,-1,off_screen,0.0,663,23,4.0,-0.0026504525465241204,30.625839597885154,30.01089529566633,0.1097000204026699,0.2259000320918858,8.577899949159473,0.9371000342071056,9.75339999422431,3,True,gaze_outside_screen,0.6577763963274916,-11.79466621138144,-1.9820221554076256,False,False,5,5.0
1789812521362,1919,3314,87.36921033226855,1980.0000000000002,111.85402442739144,1979.9999995757369,-1,-1,off_screen,0.0,696,23,3.8,-0.002722392204243784,30.61114406088568,30.01074868380217,0.13719999697059393,0.3383000148460269,9.561799990478903,0.8934999932534993,10.80390001880005,3,True,gaze_outside_screen,0.6577763963274916,-11.822761961905712,-2.2589148210500807,False,False,5,5.0
1789812521393,1920,3315,-259.59992410129644,1980.0000000000002,-148.16373954269008,1979.9999998727212,-1,-1,off_screen,0.0,726,23,3.8,-0.0024161980123751942,30.757049178819564,30.011841341757446,0.09789998875930905,0.22709998302161694,7.773799996357411,0.909399997908622,8.92230001045391,3,True,gaze_outside_screen,0.6577763963274916,-11.24428276712618,-1.834951384614341,False,False,5,5.0
1789812521426,1921,3316,-281.07310153655163,1980.0000000000002,-241.20029293839318,1979.9999999618165,-1,-1,off_screen,0.0,760,23,3.8,-0.0022637967836218274,30.761594007982723,30.01116590044846,0.1246000174432993,0.27740001678466797,10.900900000706315,1.0737000266090035,12.264100019820035,3,True,gaze_outside_screen,0.6577763963274916,-10.95621098249228,-1.3456327578802727,False,False,5,5.0
1789812521457,1922,3317,-250.65238581014833,1980.0000000000002,-242.3345440830038,1979.9999999663987,-1,-1,off_screen,0.0,791,23,3.6,-0.002254442462810575,30.845211905856072,30.0124143542678,0.09390001650899649,0.23310002870857716,8.282599970698357,0.8142000297084451,9.339799988083541,3,True,gaze_outside_screen,0.6577763963274916,-11.02236433922036,-0.5147605046597561,False,False,5,5.0
1789812521490,1923,3318,-228.984850765164,1980.0000000000002,-240.57889801306226,1979.9999999708177,-1,-1,off_screen,0.0,824,23,3.6,-0.0022837381583442912,30.848597235957055,30.012669199760374,0.17180002760142088,0.2348999842070043,8.305100025609136,0.7860000478103757,9.335999959148467,3,True,gaze_outside_screen,0.6577763963274916,-10.955579528392207,0.7382255276758267,False,False,5,5.0
1789812521521,1924,3319,-257.8274092009416,1980.0000000000002,-243.4208785068935,1979.999999975626,-1,-1,off_screen,0.0,855,23,3.6,-0.0022484635503136705,30.92933632038455,30.013355699129004,0.12009998317807913,0.25779998395591974,7.465700036846101,0.7999000372365117,8.536300039850175,3,True,gaze_outside_screen,0.6577763963274916,-11.054563674213284,1.2961680163284424,False,False,5,5.0
1789812521553,1925,3320,-221.0061013016318,1980.0000000000002,-238.73995747454063,1979.9999999807162,-1,-1,off_screen,0.0,887,23,3.6,-0.002295184313072752,30.971572392031103,30.01349358758509,0.132500019390136,0.2242999617010355,8.48660001065582,0.7279000128619373,9.450499957893044,3,True,gaze_outside_screen,0.6577763963274916,-10.90651742758871,2.173319604328569,False,False,5,5.0
1789812521586,1926,3321,-288.0,1980.0000000000002,-260.30631172460517,1979.999999989159,-1,-1,off_screen,0.0,920,23,3.6,-0.0022638657534956082,30.943980718801054,30.01277896412636,0.21389999892562628,0.617499987129122,11.228399991523474,0.9649000130593777,12.825699988752604,3,True,gaze_outside_screen,0.6577763963274916,-10.922745025500802,2.9580791071370824,False,False,5,5.0
1789812521617,1927,3322,-288.0,1980.0000000000002,-267.33657408786144,1979.9999999919114,-1,-1,off_screen,0.0,951,23,3.4,-0.002278116419986695,31.03040610058245,30.014421676642545,0.09409995982423425,0.23960001999512315,7.7538000186905265,0.6445999606512487,8.64820001879707,3,True,gaze_outside_screen,0.6577763963274916,-10.726177036218985,3.881825271688888,False,False,5,5.0
1789812521665,1928,3323,-288.0,1980.0000000000002,-271.3430868811247,1979.9999999934798,-1,-1,off_screen,0.0,999,23,3.4,-0.0021592043266503956,30.003829189932432,30.010292826022344,0.13219995889812708,0.2533000078983605,8.03029997041449,0.7411999977193773,9.03940002899617,3,True,gaze_outside_screen,0.6577763963274916,-10.44779196248146,4.677014806608402,False,False,5,5.0
1789812521697,1929,3324,-288.0,1980.0000000000002,-274.0035411964116,1979.9999999945212,-1,-1,off_screen,0.0,1031,23,3.4,-0.002120524486650177,30.15364788024312,30.010828491969598,0.09940000018104911,0.23599999258294702,7.731400022748858,0.6621000356972218,8.639700012281537,3,True,gaze_outside_screen,0.6577763963274916,-10.07880127494758,6.266345696487039,False,False,5,5.0
1789812521729,1930,3325,-288.0,1980.0000000000002,-275.9214566200561,1979.9999999952722,-1,-1,off_screen,0.0,1063,23,3.4,-0.0021002304821814612,30.26316591326824,30.011309218069083,0.09869999485090375,0.20589999621734023,7.2796999593265355,0.6907000206410885,8.185000042431056,3,True,gaze_outside_screen,0.6577763963274916,-9.86768165249785,7.5876014967800405,False,False,5,5.0
1789812521761,1931,3326,-288.0,1980.0000000000002,-277.3789735900711,1979.9999999958427,-1,-1,off_screen,0.0,1095,23,3.4,-0.0020158140460080076,30.355835525627235,30.011202380599542,0.13559998478740454,0.2609000075608492,8.857300039380789,0.710400054231286,9.838700003456324,3,True,gaze_outside_screen,0.6577763963274916,-9.542117631121158,8.597242877287158,False,False,5,5.0
1789812521794,1932,3327,-288.0,1980.0000000000002,-278.65349675926257,1979.9999999963416,-1,-1,off_screen,0.0,1128,23,3.2,-0.001994570413355188,30.35174003832539,30.0109982596182,0.15440001152455807,0.4105000407435,9.675200039055198,0.8222999749705195,10.926700022537261,3,True,gaze_outside_screen,0.6577763963274916,-9.455044772885174,8.686069935083427,False,False,5,5.0
1789812521826,1933,3328,-288.0,1980.0000000000002,-279.77507714815107,1979.9999999967804,-1,-1,off_screen,0.0,1160,23,3.0,-0.0019375487392556002,30.501928657442456,30.011585626346687,0.1838000025600195,0.3418999840505421,9.496100014075637,0.832799996715039,10.684100037906319,3,True,gaze_outside_screen,0.6577763963274916,-8.937177030081159,8.836267131051656,False,False,5,5.0
1789812521858,1934,3329,-288.0,1980.0000000000002,-280.7620678903729,1979.999999997167,-1,-1,off_screen,0.0,1192,23,3.0,-0.0018755449082736592,30.572785710566738,30.012140952302868,0.11660001473501325,0.27599994791671634,8.822000003419816,0.7992000319063663,9.911499975714833,3,True,gaze_outside_screen,0.6577763963274916,-8.815809648041665,9.02245009879366,False,False,5,5.0
1789812521889,1935,3330,-288.0,1980.0000000000002,-281.6306197435282,1979.999999997507,-1,-1,off_screen,0.0,1223,23,3.0,-0.00189289916480837,30.68283049686402,30.013052703659792,0.1145999995060265,0.2334999735467136,7.343100034631789,0.7013000431470573,8.28809995437041,3,True,gaze_outside_screen,0.6577763963274916,-8.65927677168284,9.208205610884512,False,False,5,5.0
1789812521922,1936,3331,-288.0,1980.0000000000002,-282.3949453743048,1979.9999999978063,-1,-1,off_screen,0.0,1256,23,2.8,-0.0019066716225894492,30.690599766198268,30.011832689864917,0.21869997726753354,0.3087999648414552,11.92990003619343,1.3566000270657241,13.609600020572543,3,True,gaze_outside_screen,0.6577763963274916,-8.509581590326547,9.297217852087778,False,False,5,5.0
