timestamp_ms,frame_index,capture_frame_id,gaze_x_raw,gaze_y_raw,gaze_x_smooth,gaze_y_smooth,grid_row,grid_col,section,confidence,dwell_time_ms,nrevisit_count,transition_rate,iris_size_delta,fps_actual,capture_fps,capture_age_ms,preprocess_ms,inference_ms,mapping_metrics_ms,total_processing_ms,dropped_frames_total,face_detected,gaze_status,calibration_quality
1787910387640,1,1079,2601.1454918161826,1717.6013213821361,2601.1454918161826,1717.6013213821361,2,2,terminal,0.4764895575543472,0,0,0.2,0.0,0.0,39.508110561486475,11.1956999899121,0.5345000099623576,12.518600007751957,0.33290000283159316,13.617400007206015,0,True,on_screen,0.7593817515001096
1787910387654,2,1080,2605.741886887515,1714.8219893739856,2602.524410337582,1716.767521779691,2,2,terminal,0.4759102317856363,13,0,0.2,0.0,72.00720065753721,39.489127981258,9.303400001954287,0.4861000052187592,12.12610000220593,0.23710000095888972,12.86779998918064,0,True,on_screen,0.7593817515001096
1787910387676,3,1081,2611.2301237485794,1710.1181374419418,2605.1361243608812,1714.7727064783662,2,2,terminal,0.4753035924288035,36,0,0.2,0.0,69.23502165401608,39.49276630800269,0.1674999948590994,0.31970000418368727,12.469299996155314,0.2783000090857968,13.088799998513423,0,True,on_screen,0.7593817515001096
1787910387693,4,1082,2613.3393620990314,1709.6021322022084,2607.597095682326,1713.2215341955189,2,2,terminal,0.47425821745704155,52,0,0.2,0.0,68.50124701821068,39.50549013673738,0.17469999147579074,0.3716999926837161,12.71949999500066,0.31709999893791974,13.429400001768954,0,True,on_screen,0.7593817515001096
1787910387725,5,1083,2623.4267584235095,1699.349951563456,2612.345994504681,1709.0600594058997,2,2,terminal,0.47355534410451794,84,0,0.2,0.0,64.7822573832509,39.49645355034672,0.2982000005431473,0.33799999800976366,12.489599990658462,0.23320000036619604,13.076899995212443,0,True,on_screen,0.7593817515001096
1787910387741,6,1084,2627.71905071501,1693.1695152280586,2616.9579113677796,1704.2928961525472,2,2,terminal,0.47352750129189325,100,0,0.2,0.0,64.46034032423506,39.50552667011711,0.17749999824445695,0.33490000350866467,15.25229999970179,0.2449999883538112,15.849399991566315,0,True,on_screen,0.7593817515001096
1787910387772,7,1085,2637.749417931466,1686.6049001839224,2623.1953633368853,1698.9864973619597,2,2,terminal,0.471735828592986,131,0,0.2,0.0,61.17218773217081,39.50075156640832,0.17590000061318278,0.3429999924264848,12.320100009674206,0.13719999697059393,12.815099995350465,0,True,on_screen,0.7593817515001096
1787910387804,8,1086,2648.3613347098158,1678.7564840590228,2630.7451547487644,1692.9174933710785,2,2,terminal,0.4686469180903887,163,0,0.2,0.0,58.17485040357306,39.49213578844998,0.145500001963228,0.31119999766815454,11.618099990300834,0.13380000018514693,12.076400002115406,0,True,on_screen,0.7593817515001096
1787910387822,9,1087,2651.494173590271,1676.4662044340675,2636.9698604012165,1687.9821066899751,2,2,terminal,0.46562605272629054,181,0,0.2,0.0,58.137779012715754,39.50378104970539,0.31209998996928334,0.3480999876046553,11.482100002467632,0.1402000052621588,11.984200013102964,0,True,on_screen,0.7593817515001096
1787910387852,10,1088,2662.122755406581,1671.3480548488992,2644.5157289028257,1682.9918911376521,2,2,terminal,0.46044715563987715,211,0,0.2,0.0,55.59434757154054,39.492693985918315,0.17159999697469175,0.34329999471083283,13.81509999919217,0.27879999834112823,14.453099996899255,0,True,on_screen,0.7593817515001096
1787910387869,11,1089,2669.7268991409833,1670.924804210079,2652.0790799742726,1679.3717650593799,2,2,terminal,0.4534237404014124,228,0,0.2,0.0,56.214313166061785,39.507970564356114,0.22509999689646065,0.4335999983595684,12.199799995869398,0.2810000005410984,12.929000004078262,0,True,on_screen,0.7593817515001096
1787910387901,12,1090,2578.2666943520217,1671.9299324725487,2629.935364287597,1677.1392152833305,2,2,terminal,0.4872153409488028,260,0,0.2,0.0,53.72088277479743,39.50067952039347,0.1883999939309433,0.30479999259114265,10.899200002313592,0.14429999282583594,11.362899997038767,0,True,on_screen,0.7593817515001096
1787910387932,13,1091,2285.5253123732964,1603.588599617645,2526.612348713307,1655.0740305836248,2,2,terminal,0.646320209924165,291,0,0.2,0.0,51.480812174525425,39.49090254121816,0.21290000586304814,0.3125000075669959,11.019199999282137,0.2410000015515834,11.589300003834069,0,True,on_screen,0.7593817515001096
1787910387950,14,1092,2172.581754816328,1555.9355321166406,2420.403170544213,1625.3324810435295,2,2,terminal,0.7756649430701101,309,0,0.2,0.0,52.16863695088357,39.50311605969038,0.16870000399649143,0.3122000052826479,10.658200000762008,0.2401999954599887,11.226699993130751,0,True,on_screen,0.7593817515001096
1787910387981,15,1093,2041.833147608511,1476.203681338418,2306.8321636635023,1580.593841131996,2,2,terminal,0.7823659384272308,340,0,0.2,0.0,50.176705855340415,39.49504247603295,0.20809999841731042,0.3223999956389889,10.712999996030703,0.13899999612476677,11.188300006324425,0,True,on_screen,0.7593817515001096
1787910387997,16,1094,1982.9726928666855,1432.3416434842782,2209.6743224244574,1536.1181818376806,2,2,terminal,0.6577576941812082,356,0,0.2,0.0,51.216374035852375,39.507463414862386,0.1644000003580004,0.3228999994462356,10.8155999914743,0.1387999946018681,11.290399997960776,0,True,on_screen,0.7593817515001096
1787910388030,17,1095,1900.2958966301212,1367.9148924479243,2116.8607946861566,1485.6571950207535,2,2,terminal,0.4991470270621229,389,0,0.2,0.0,49.157983490134015,39.49273525544161,0.2806999982567504,0.5763999943155795,13.561400002799928,0.13710001076105982,14.293399988673627,0,True,on_screen,0.7593817515001096
1787910388045,18,1096,1869.3719586402963,1339.0066410210557,2042.6141438723985,1441.6620288208442,2,2,terminal,0.36026308211959335,404,0,0.2,0.0,50.90596417433578,39.50957215094011,0.19239999528508633,0.36330000148154795,12.263600001460873,0.14409999130293727,12.781600002199411,0,True,on_screen,0.7593817515001096
1787910388077,19,1097,1816.6688100026884,1286.5456429840883,1974.8305437114855,1395.1271130698174,2,2,terminal,0.2263560674477083,436,0,0.2,0.0,48.96198105638116,39.5026083622771,0.16589999722782522,0.31230000604409724,10.745799998403527,0.13479999324772507,11.206399998627603,0,True,on_screen,0.7593817515001096
1787910388108,20,1098,1778.888822973792,1246.0194926488916,1916.0480274901772,1350.3948269435396,2,1,terminal,0.11843079083672459,467,0,0.2,0.0,47.20244742148748,39.49172864806066,0.2246000076411292,0.5407999997260049,11.608899993007071,0.12969999806955457,12.297799999942072,0,True,on_screen,0.7593817515001096
1787910388126,21,1099,1764.225012838626,1218.4319784605925,1870.5011230947116,1310.8059723986553,2,1,terminal,0.16924444188796417,485,0,0.2,0.0,48.2476858854305,39.5017227531638,0.1838000025600195,0.28449999808799475,12.81359999848064,0.12509999214671552,13.234199999715202,0,True,on_screen,0.7593817515001096
1787910388158,22,1100,1743.5528715798769,1182.5175816969165,1832.416647640261,1272.3194551881336,2,1,terminal,0.19849303951095465,517,0,0.2,0.0,46.57085791496793,39.493394248706636,0.28929999098181725,0.5693999992217869,11.937500006752089,0.12910000805277377,12.655000013182871,0,True,on_screen,0.7593817515001096
1787910388174,23,1101,1734.0213883128488,1165.2208301019991,1802.8980698420373,1240.1898676622932,2,1,terminal,0.2115132582288689,533,0,0.2,0.0,48.12776977047491,39.50879777494559,0.15570000687148422,0.29919999360572547,10.574499989161268,0.12870000500697643,11.013999988790601,0,True,on_screen,0.7593817515001096
1787910388206,24,1102,1712.6593889201629,1136.4749784072017,1775.8264655654748,1209.0754008857657,2,1,terminal,0.21504364223516614,565,0,0.2,0.0,46.39585938053076,39.496575501749206,0.21699999342672527,0.43739999819081277,11.880600010044873,0.1601999974809587,12.49800001096446,0,True,on_screen,0.7593817515001096
1787910388236,25,1103,1704.4493265452475,1114.8154369832866,1754.4133238594063,1180.797411715022,1,1,main_file,0.25526625289523597,0,0,0.4,0.0,45.0523609860783,39.49088211563781,0.19969999266322702,0.33889999031089246,10.982000007061288,0.16199999663513154,11.503700006869622,0,True,on_screen,0.7593817515001096
1787910388252,26,1104,1700.2676048929693,1102.9072206076796,1738.169608169475,1157.4303543828191,1,1,main_file,0.3040703713413616,16,0,0.4,0.0,46.80988526078789,39.503508314092144,0.1311999949393794,0.33719999191816896,11.316100004478358,0.2569999924162403,11.92330000048969,0,True,on_screen,0.7593817515001096
1787910388284,27,1105,1693.604926421084,1091.199807167521,1724.8002036449575,1137.5611902182295,1,1,main_file,0.34479307503206313,47,0,0.4,0.0,45.25845415260798,39.49350343127412,0.1588000013725832,0.3003000019816682,11.821899999631569,0.23299999884329736,12.37070000206586,0,True,on_screen,0.7593817515001096
1787910388301,28,1106,1688.7271365773297,1087.1930936542776,1713.978283524669,1122.4507612490438,1,1,main_file,0.37651947244694395,65,0,0.4,0.0,46.889410156102926,39.50716674114007,0.21220000053290278,0.27709999994840473,11.298899989924394,0.17559999832883477,11.763400005293079,0,True,on_screen,0.7593817515001096
1787910388332,29,1107,1684.4036755445502,1079.7574347260165,1705.1059011306334,1109.6427632921354,1,1,main_file,0.40290124287115003,95,0,0.4,0.0,45.339141984777065,39.49555745978437,0.1664000010350719,0.3237000055378303,12.981799998669885,0.13179999950807542,13.450900005409494,0,True,on_screen,0.7593817515001096
1787910388349,30,1108,1682.1997033164776,1076.9825234249058,1698.2340417863863,1099.8446913319665,1,1,main_file,0.42312910624517364,112,0,0.4,0.0,46.91519497520564,39.51092915447982,0.3146999952150509,0.5762000073445961,10.756000003311783,0.139000010676682,11.489299999084324,0,True,on_screen,0.7593817515001096
1787910388381,31,1109,1673.3786868266163,1075.2751880711335,1690.7774352984552,1092.4738403537165,1,1,main_file,0.44151225994582455,144,0,0.4,0.0,45.35106010749772,39.501341195204596,0.21220000053290278,0.3723999980138615,11.122899988549761,0.12549999519251287,11.63579999411013,0,True,on_screen,0.7593817515001096
1787910388413,32,1110,1671.7028799670713,1071.071487722312,1685.05506869904,1086.053134564295,1,1,main_file,0.45643086739265193,177,0,0.4,0.0,43.962339686823334,39.49114471739552,0.18679999629966915,0.31709999893791974,11.92980000632815,0.1630000042496249,12.424600005033426,0,True,on_screen,0.7593817515001096
1787910388429,33,1111,1675.4602375957886,1069.9621934113936,1682.1766193680644,1081.2258522184245,1,1,main_file,0.4656250676797654,192,0,0.4,0.0,45.8311810552245,39.505379702868446,0.21139999444130808,0.3369000041857362,11.147199998958968,0.15069999790284783,11.648100000456907,0,True,on_screen,0.7593817515001096
1787910388461,34,1112,1684.0464788422946,1068.589680957943,1682.7375772103335,1077.43500084028,1,1,main_file,0.4688107502220227,224,0,0.4,0.0,44.35223588967543,39.49560910585105,0.39770000148564577,0.5862999969394878,10.970099989208393,0.13519999629352242,11.709700003848411,0,True,on_screen,0.7593817515001096
1787910388476,35,1113,1691.2950421780165,1066.1991647416667,1685.3048167006382,1074.064250010696,1,1,main_file,0.46861070533422244,240,0,0.4,0.0,46.283722050247896,39.507169184611286,0.14369998825713992,0.29769999673590064,12.63450000260491,0.13359999866224825,13.07660000748001,0,True,on_screen,0.7593817515001096
1787910388508,36,1114,1699.9077041003075,1062.4917216804508,1689.6856829205387,1070.5924915116225,1,1,main_file,0.46576405260455433,271,0,0.4,0.0,44.79045074773128,39.50050946260391,0.1770999951986596,0.294700002996251,10.81039999553468,0.12739999510813504,11.24540000455454,0,True,on_screen,0.7593817515001096
1787910388540,37,1115,1711.5385046180263,1059.2851691392332,1696.2415294297848,1067.2002947999058,1,1,main_file,0.4594597999958673,303,0,0.4,0.0,43.440032925128975,39.489205183050515,0.14460000966209918,0.3198000049451366,12.209699998493306,0.1351000100839883,12.679199993726797,0,True,on_screen,0.7593817515001096
1787910388556,38,1116,1591.8207122908623,1071.9839207876018,1664.9152842881078,1068.6353825962146,1,1,main_file,0.5033672140047729,319,0,0.4,0.0,45.28794175830515,39.50019846724806,0.12840000272262841,0.2960999991046265,13.528700001188554,0.14990000636316836,13.98719999997411,0,True,on_screen,0.7593817515001096
1787910388589,39,1117,1414.3811804761963,1092.1207609494652,1589.7550531445345,1075.6809961021897,1,1,main_file,0.5921709207943171,352,0,0.4,0.0,43.87873704380871,39.49396289873492,0.16260000120382756,0.31770000350661576,11.259799997787923,0.12179999612271786,11.712599996826611,0,True,on_screen,0.7593817515001096
1787910388605,40,1118,1335.713597870519,1098.0061364145438,1513.5426165623296,1082.378538195896,1,1,main_file,0.6525891754129125,368,0,0.4,0.0,45.696724155662395,39.50734915142991,0.1360000023851171,0.29099998937454075,10.900699999183416,0.12660000356845558,11.327599990181625,0,True,on_screen,0.7593817515001096
1787910388637,41,1119,1236.412047552573,1099.0637325998443,1430.4034458594026,1087.3840965170805,1,1,main_file,0.6685215773376998,401,0,0.4,0.0,44.25643287367495,39.49750462778226,0.14420000661630183,0.31380000291392207,11.282000006758608,0.1345000055152923,11.743700000806712,0,True,on_screen,0.7593817515001096
1787910388652,42,1120,1183.6790038837182,1103.954694898788,1356.386113266697,1092.3552760315927,1,1,main_file,0.6294560032430916,415,0,0.4,0.0,46.110382167661285,39.50717257303696,0.15279999934136868,0.3358999965712428,13.72399998945184,0.12630000128410757,14.198200005921535,0,True,on_screen,0.7593817515001096
1787910388684,43,1121,1139.8415403901893,1103.3964751138,1291.4227414037446,1095.6676357562549,1,1,main_file,0.5659577052256319,447,0,0.4,0.0,44.62649386655291,39.50192185306235,0.1787999935913831,0.32479999936185777,10.821300005773082,0.14259999443311244,11.303599996608682,0,True,on_screen,0.7593817515001096
1787910388717,44,1122,1105.31086279451,1102.7426700241567,1235.589177820974,1097.7901460366254,1,1,main_file,0.49749464728816895,480,0,0.4,0.0,43.25136011081163,39.49242324307501,0.2511999919079244,0.3274000046076253,10.573199993814342,0.14599999121855944,11.061800003517419,0,True,on_screen,0.7593817515001096
1787910388733,45,1123,1089.1506652395424,1102.327514053949,1191.6576240465447,1099.1513564418224,1,1,main_file,0.4376147683545891,496,0,0.4,0.0,45.19459826761673,39.50383006517713,0.18170000112149864,0.41680000140331686,11.608600005274639,0.17780000052880496,12.219399999594316,0,True,on_screen,0.7593817515001096
1787910388765,46,1124,1085.8391371152695,1096.26988774587,1159.912077967162,1098.2869158330366,1,1,main_file,0.39373087618035707,529,0,0.4,0.0,43.820029879865565,39.494387093886616,0.17250000382773578,0.34819998836610466,12.059400003636256,0.11850000009872019,12.538599999970756,0,True,on_screen,0.7593817515001096
1787910388781,47,1125,1066.4353676532976,1098.0166830762157,1131.8690648730026,1098.2058460059902,1,1,main_file,0.35273978315840315,544,0,0.4,0.0,45.58487509700002,39.508276132232275,0.1917999907163903,0.3443000023253262,11.050300003262237,0.16900000628083944,11.576200005947612,0,True,on_screen,0.7593817515001096
1787910388813,48,1126,1031.4491689536756,1026.441834144236,1101.7430960972044,1076.6766424474638,1,1,main_file,0.3258093838033753,576,0,0.4,0.0,44.148733592229206,39.49819957840973,0.2052000054391101,0.3504000051179901,11.64690000587143,0.11910000466741621,12.130899995099753,0,True,on_screen,0.7593817515001096
1787910388829,49,1127,1017.3962681778058,987.8562010378905,1076.4390477213847,1050.0305100245916,1,1,main_file,0.3051695256109299,592,0,0.4,0.0,46.00195936898092,39.511564975465475,0.18390000332146883,0.45000000682193786,11.244399996940047,0.1336999994236976,11.84310000098776,0,True,on_screen,0.7593817515001096
1787910388861,50,1128,1002.7921631646832,903.6429361857072,1054.3449823543742,1006.1142378729262,1,1,main_file,0.29335677704202523,625,0,0.4,0.0,44.51888296457651,39.50269981167025,0.16969999705906957,0.3001000004587695,11.003399995388463,0.16239999968092889,11.47810000111349,0,True,on_screen,0.7593817515001096
1787910388893,51,1129,997.7103107877683,830.6148500030214,1037.3545808843924,953.4644215119547,1,1,main_file,0.2824176699190417,656,0,0.4,0.0,43.19405657540705,39.49250224700988,0.16849998792167753,0.3896000125678256,11.614500006544404,0.14560000272467732,12.193900009151548,0,True,on_screen,0.7593817515001096
1787910388909,52,1130,986.1645019376836,775.9967901377667,1021.9975572003796,900.2241320996982,1,1,main_file,0.2615303885001331,672,0,0.4,0.0,45.270353003120945,39.50318418387707,0.14220000593923032,0.26449999131727964,13.733800005866215,0.13410000246949494,14.142500003799796,0,True,on_screen,0.7593817515001096
1787910388941,53,1131,960.1887867621712,707.7136601155077,1003.4549260689171,842.4709905044409,1,1,main_file,0.22210392005391266,704,0,0.4,0.0,43.855441291843945,39.49707959954299,0.12859998969361186,0.3595000016503036,11.238899998716079,0.1379000023007393,11.749500001315027,0,True,on_screen,0.7593817515001096
1787910388957,54,1132,947.9440843048116,657.114910234261,986.8016735396855,786.8641664233869,1,1,main_file,0.1747802472799419,720,0,0.4,0.0,45.790210649726006,39.510443545631624,0.1176999940071255,0.2531999925849959,11.11279999895487,0.17490000755060464,11.551800009328872,0,True,on_screen,0.7593817515001096
1787910388989,55,1133,929.9501756820555,589.2630746160706,969.7462241823964,727.5838388811919,1,1,main_file,0.11513992041558674,753,0,0.4,0.0,44.3201686274995,39.500803281783035,0.18199998885393143,0.3591999993659556,11.159600006067194,0.1630000042496249,11.69510000909213,0,True,on_screen,0.7593817515001096
1787910389021,56,1134,919.590478427858,536.60130587565,954.6995004560349,670.2890789795293,1,0,sidebar,0.06833562312381969,0,0,0.6,0.0,43.02916109653948,39.490938126902144,0.1531999878352508,0.3617000038502738,11.816199999884702,0.15390000771731138,12.346000003162771,0,True,on_screen,0.7593817515001096
1787910389037,57,1135,912.9139588585405,516.6672898970663,942.1638379767865,624.2025422547904,1,0,sidebar,0.04918122734800445,16,0,0.6,0.0,44.966494595138215,39.50362068259196,0.15389999316539615,0.3858999989461154,11.892800001078285,0.12400001287460327,12.415799996233545,0,True,on_screen,0.7593817515001096
1787910389069,58,1136,911.5321665669017,495.1352848380401,932.974336553821,585.4823650297653,0,0,sidebar,0.05407449372652273,48,0,0.6,0.0,43.59654527833901,39.49541272600858,0.15500000154133886,0.28670000028796494,11.289599991869181,0.1348999940091744,11.723599993274547,0,True,on_screen,0.7593817515001096
1787910389085,59,1137,938.8708896222362,486.15879201835855,934.7433024743455,555.6852931263433,0,0,sidebar,0.07833937756149123,64,0,0.6,0.0,45.42378443703687,39.50867566907883,0.11739999172277749,0.2742000069702044,10.801799988257699,0.1286000042455271,11.215699996682815,0,True,on_screen,0.7593817515001096
1787910389117,60,1138,977.8951098419326,461.5679223585615,947.6888446846215,527.4500818960087,0,0,sidebar,0.08122239109665352,96,0,0.6,0.0,44.0094656265626,39.499223979081115,0.13559999933931977,0.32359999022446573,10.924300004262477,0.1886000100057572,11.450499994680285,0,True,on_screen,0.7593817515001096
1787910389133,61,1139,999.7920116835986,454.41349217176196,963.3197947843146,505.53910497873466,0,1,main_file,0.08291575442442634,0,1,0.8,0.0002532680634251584,45.88444649116647,39.5128019483662,0.10699999984353781,0.25599999935366213,10.541399999056011,0.11799999629147351,10.924400005023926,0,True,on_screen,0.7593817515001096
1787910389164,62,1140,1035.53628757746,441.98313902418073,984.9847426222582,486.47231519236846,0,1,main_file,0.13125643414891341,31,1,0.8,0.0002626706791527475,44.43077842619911,39.50430168578583,0.1432999997632578,0.2733000001171604,10.12079999782145,0.13590000162366778,10.540500006754883,0,True,on_screen,0.7593817515001096
1787910389196,63,1141,1066.6067631680457,421.071548801033,1009.4713487859945,466.8520852749678,0,1,main_file,0.18427873670559247,63,1,0.8,0.0002695010545227562,43.11718944355052,39.49465819863787,0.12630000128410757,0.2783000090857968,10.534400003962219,0.12739999510813504,10.952399999951012,0,True,on_screen,0.7593817515001096
1787910389213,64,1142,1082.8745406468583,415.40876159349773,1031.4923063442534,451.4190881705268,0,1,main_file,0.23032207548518846,80,1,0.8,0.00028380778538256504,45.029175348490355,39.50659446183785,0.11239999730605632,0.26899999647866935,11.060699995141476,0.12889999197795987,11.468500000773929,0,True,on_screen,0.7593817515001096
1787910389245,65,1143,1119.5358648786855,414.3191221440748,1057.905373904583,440.2890983625912,0,1,main_file,0.28090661183242616,111,1,0.8,0.00031857667168314757,43.62276031330073,39.496938107862476,0.14899999951012433,0.2803000097628683,11.139500013086945,0.12850000348407775,11.559599995962344,0,True,on_screen,0.7593817515001096
1787910389261,66,1144,1136.3372344575523,414.07831724595485,1081.4349320704737,432.42586402760026,0,1,main_file,0.324715075156064,128,1,0.8,0.00033307742201401855,45.597740377125106,39.51023595032743,0.14220000593923032,0.32390000706072897,10.862600000109524,0.15239999629557133,11.350100001436658,0,True,on_screen,0.7593817515001096
1787910389292,67,1145,1169.7106404490735,412.8559540876501,1107.9176445840535,426.5548910456152,0,1,main_file,0.37216353697686033,159,1,0.8,0.0003530890894620671,44.180920465148375,39.50120691021695,0.12799999967683107,0.2874000056181103,11.03789999615401,0.12850000348407775,11.466700001619756,0,True,on_screen,0.7593817515001096
1787910389325,68,1146,1205.6112593777204,413.58245774284796,1137.2257290221535,422.663161054785,0,1,main_file,0.4228700356294064,192,1,0.8,0.00036039295115504466,42.82997437757825,39.491011177332354,0.3772000054595992,0.34189999860245734,11.176500003784895,0.13699999544769526,11.66899999952875,0,True,on_screen,0.7593817515001096
1787910389340,69,1147,1117.40292081162,433.10405414436724,1131.2788865589935,425.7954289816596,0,1,main_file,0.41105371439217264,207,1,0.8,0.0003627270264791489,45.047490482976364,39.50235586435504,0.15690000145696104,0.3412999940337613,12.78180000372231,0.13099999341648072,13.266599999042228,0,True,on_screen,0.7593817515001096
1787910389372,70,1148,966.2845225709208,461.7184329262367,1081.7805773625716,436.57233016503267,0,1,main_file,0.32271297389164155,239,1,0.8,0.00036769453095275226,43.665350686589726,39.49586799768081,0.1508999994257465,0.3264999977545813,10.857700006454252,0.1309000072069466,11.330799999996088,0,True,on_screen,0.7593817515001096
1787910389389,71,1149,905.6012690716324,471.6852254365483,1028.9267848752897,447.10619874648734,0,1,main_file,0.2286711089794482,256,1,0.8,0.0003715505110394139,45.4890795706967,39.508615565399104,0.14200000441633165,0.29779999749735,10.680699997465126,0.11920000542886555,11.108999999123625,0,True,on_screen,0.7593817515001096
1787910389420,72,1150,837.0687913003526,484.8761701656442,971.3693868028085,458.43719017223435,0,1,main_file,0.12605155954316716,287,1,0.8,0.00036625498550902497,44.09106804390761,39.49944557719137,0.14760000340174884,0.2787000121315941,11.028599998098798,0.12100000458303839,11.440300004323944,0,True,on_screen,0.7593817515001096
1787910389436,73,1151,806.2488958398424,497.7887673810105,921.8332395139187,470.2426633348672,0,0,sidebar,0.16349074111774908,0,1,1.0,0.00037415052884315694,45.86575598778551,39.511877338982444,0.14259999443311244,0.27520000003278255,10.951800009934232,0.17970000044442713,11.417700006859377,0,True,on_screen,0.7593817515001096
1787910389469,74,1152,742.5971729598641,511.2495227541655,868.0624195477022,482.54472116065665,0,0,sidebar,0.24236096588144562,32,1,1.0,0.0003854394499138124,44.38083077787525,39.503473841879796,0.1615999935893342,0.305499997921288,10.246800011373125,0.1230000052601099,10.687800007872283,0,True,on_screen,0.7593817515001096
1787910389501,75,1153,732.8991778079353,519.1580060557496,827.5134470257722,493.5287066291845,0,0,sidebar,0.2972788840723537,64,1,1.0,0.000396661992028223,43.06899819922083,39.49400608238469,0.1419000036548823,0.28199999360367656,10.593899991363287,0.12440000136848539,11.011700000381097,0,True,on_screen,0.7593817515001096
1787910389517,76,1154,733.6793608974663,521.6076528544634,799.3632211872803,501.9523904967681,0,0,sidebar,0.33244994138507644,80,1,1.0,0.0003974650155960692,45.069137668696186,39.50691373044691,0.11019999510608613,0.261199995293282,10.505600002943538,0.1508999994257465,10.930300006293692,0,True,on_screen,0.7593817515001096
1787910389549,77,1155,720.958868129292,526.4294715111434,775.8419152698838,509.2955148010807,0,0,sidebar,0.3597776326868939,112,1,1.0,0.0004094689937169625,43.67828470172155,39.49784660646134,0.16260000120382756,0.2933000068878755,10.429899994051084,0.126499988255091,10.86159999249503,0,True,on_screen,0.7593817515001096
1787910389565,78,1156,724.6735047345284,528.6029545937683,760.4913921092771,515.087746738887,0,0,sidebar,0.3755447821376481,128,1,1.0,0.000416285326803021,45.59533732298928,39.510445213368016,0.16739999409765005,0.39230000402312726,10.427899993374012,0.10400000610388815,10.93580000451766,0,True,on_screen,0.7593817515001096
1787910389596,79,1157,734.411178742273,531.8259515781151,752.6673280991758,520.1092081906554,0,0,sidebar,0.38092247922723155,159,1,1.0,0.0004197597067911972,44.17139601401199,39.50177345208075,0.18099999579135329,0.2958999975817278,10.365200010710396,0.10889999975915998,10.782099998323247,0,True,on_screen,0.7593817515001096
1787910389628,80,1158,750.0830390398231,535.2408705573912,751.8920413813701,524.6487069006761,0,0,sidebar,0.3769103510668803,191,1,1.0,0.00042693243561046576,42.89069461011592,39.49209307762063,0.152900000102818,0.35030000435654074,10.880700006964616,0.15669999993406236,11.400299990782514,0,True,on_screen,0.7593817515001096
1787910389645,81,1159,762.5961054622168,540.7049879157836,755.103260605624,529.4655912052083,0,0,sidebar,0.36710970171774215,208,1,1.0,0.0004330791080442882,44.740925881732444,39.50493007893241,0.13490000856108963,0.28649999876506627,10.477899995748885,0.1235999952768907,10.896599997067824,0,True,on_screen,0.7593817515001096
1787910389676,82,1160,835.436041776304,544.7260285480072,779.203094956828,534.0437224080479,0,0,sidebar,0.3289029328755816,240,1,1.0,0.00042268572871148255,43.41163572133185,39.495376024369,0.1559000083943829,0.2936000091722235,11.068799998611212,0.1407999952789396,11.514499987242743,0,True,on_screen,0.7593817515001096
1787910389692,83,1161,874.9732289577781,543.930571838564,807.9341351571129,537.0097772372027,0,0,sidebar,0.2851791221914147,255,1,1.0,0.0004215265255986776,45.343643680541504,39.505995795373316,0.14000000373926014,0.2882999979192391,12.534200010122731,0.15730000450275838,12.991199997486547,0,True,on_screen,0.7593817515001096
1787910389725,84,1162,939.2185939635102,544.6120993895089,847.319472799032,539.2904738828945,0,0,sidebar,0.22551711507604355,288,1,1.0,0.00042232079472358935,43.9207638014812,39.49977417991456,0.13849999231752008,0.27659999614115804,10.392600001068786,0.11700000322889537,10.797499999171123,0,True,on_screen,0.7593817515001096
1787910389740,85,1163,970.6977611808729,543.7026813402287,884.3329593135843,540.6141361200947,0,0,sidebar,0.1687661193623584,303,1,1.0,0.000422251515598885,45.840543610980106,39.5116478554236,0.12929999502375722,0.27999999292660505,11.018999997759238,0.1145999995060265,11.422900002798997,0,True,on_screen,0.7593817515001096
1787910389772,86,1164,1044.3708535199214,540.2085791670529,932.3443275754854,540.4924690341821,0,0,sidebar,0.0949372209304824,335,1,1.0,0.00042168037863386104,44.373987769438955,39.50209764282869,0.15239999629557133,0.2829999866662547,11.33950000803452,0.14390000433195382,11.777299994719215,0,True,on_screen,0.7593817515001096
1787910389804,87,1165,1110.6768662795514,540.8807585817327,985.8440891867052,540.6089558984473,0,1,main_file,0.09201375736869088,0,2,1.2,0.0004244752464050393,43.06072009338338,39.49213346870609,0.15720000374130905,0.3171999996993691,12.074700003722683,0.12030001380480826,12.524699995992705,0,True,on_screen,0.7593817515001096
1787910389820,88,1166,1140.6145586085104,540.2460227946038,1032.2752300132468,540.5000759672943,0,1,main_file,0.1637135199094596,16,2,1.2,0.00042596582910633604,45.00636730727699,39.50651805200086,0.1053000014508143,0.24780000967439264,10.733000002801418,0.10900000052060932,11.10010000411421,0,True,on_screen,0.7593817515001096
1787910389852,89,1167,1196.909843022457,540.5984684717057,1081.6656139160098,540.5295937186177,0,1,main_file,0.23755023557424548,48,2,1.2,0.00043503642567469317,43.62804733581466,39.49702959491685,0.1353999978164211,0.28220000967849046,11.02990000799764,0.1571000029798597,11.481499997898936,0,True,on_screen,0.7593817515001096
1787910389869,90,1168,1223.732573572376,541.5638043475658,1124.2857018129196,540.8398569073021,0,1,main_file,0.29847821303465627,65,2,1.2,0.00044245483720032827,45.40688106886474,39.508475061762894,0.1762999891070649,0.3465000045252964,11.433699997724034,0.1492999872425571,11.950600004638545,0,True,on_screen,0.7593817515001096
1787910389901,91,1169,1252.5819814201438,542.2360375374359,1162.774585695087,541.2587110963423,0,1,main_file,0.35074301562359367,97,2,1.2,0.00044606332598480167,44.007626586837446,39.498917876626486,0.16539999342057854,0.4034000012325123,11.985700009972788,0.17970000044442713,12.58840000082273,0,True,on_screen,0.7593817515001096
1787910389933,92,1170,1277.9579746823265,542.0753075912987,1197.3296023912587,541.5036900448291,0,1,main_file,0.39515854116367144,129,2,1.2,0.00045434389631314465,42.73821469823915,39.48892248477364,0.21490000654011965,0.3715000057127327,12.89600000018254,0.18309999722987413,13.468100005411543,0,True,on_screen,0.7593817515001096
1787910389949,93,1171,1289.8365593615606,544.1951506777956,1225.0816894823492,542.311128234719,0,1,main_file,0.42779593875125066,144,2,1.2,0.0004612043287661842,44.62544307076723,39.49777529708063,0.19320000137668103,0.38139999378472567,15.343799997936003,0.1770999951986596,15.914399991743267,0,True,on_screen,0.7593817515001096
1787910389982,94,1172,1312.2781900372731,546.8404938748155,1251.2406396488263,543.6699379267479,0,1,main_file,0.45546313654645043,178,2,1.2,0.00046404761841687195,43.20586236698092,39.52133311191069,0.22640000679530203,0.4031999997096136,15.394699992612004,0.1691999932518229,15.98500000545755,0,True,on_screen,0.7593817515001096
1787910389998,95,1173,1325.1752119869022,547.3696310892974,1273.421011350249,544.7798458755127,0,1,main_file,0.4769193207317223,194,2,1.2,0.00046461674896908223,45.05434564921094,39.504905130075414,1.2965000059921294,0.3482000029180199,11.587500004679896,0.17040000238921493,12.117499994928949,0,True,on_screen,0.7593817515001096
1787910390029,96,1174,1328.2704613511144,547.577795733094,1289.8758463505087,545.619230832787,0,1,main_file,0.491440100641491,225,2,1.2,0.0004563492066050785,43.74206496228815,39.49640907665119,0.4430999979376793,0.3856999974232167,11.927400002605282,0.17340001068077981,12.50620000064373,0,True,on_screen,0.7593817515001096
1787910390045,97,1175,1332.3434838820585,547.0391859864999,1302.6161376099735,546.0452173789008,0,1,main_file,0.5021501454718915,241,2,1.2,0.00044510891978208,45.7666299045069,39.506931173332575,0.21889999334234744,0.49390000640414655,13.619799996376969,0.1402000052621588,14.274000001023524,0,True,on_screen,0.7593817515001096
1787910390077,98,1176,1327.8940494533404,532.9157161271592,1310.1995111629835,542.1063670033783,0,1,main_file,0.5146861581285191,273,2,1.2,0.00041795685391473464,44.32364328037174,39.50058974448244,0.21309999283403158,0.5082999996375293,11.755200001061894,0.17300000763498247,12.453300005290657,0,True,on_screen,0.7593817515001096
1787910390110,99,1177,1318.3530749462745,531.6010040002326,1312.6455802979708,538.9547581024345,0,1,main_file,0.5216336690790399,305,2,1.2,0.00040640626892659085,42.91840808385316,39.48962985041331,0.2508999896235764,0.4310999938752502,12.382900007651187,0.17329999536741525,13.004400010686368,0,True,on_screen,0.7593817515001096
1787910390124,100,1178,1317.0295181150077,529.9861807796351,1313.9607616430817,536.2641849055947,0,1,main_file,0.5269212101228391,320,2,1.2,0.0004096149913993957,45.382958817049335,39.50442364532751,0.15069999790284783,0.3530000103637576,11.81360000919085,0.1733999961288646,12.355699989711866,0,True,on_screen,0.7593817515001096
1787910390156,101,1179,1310.4800125771255,523.9423152028334,1312.9165369232946,532.5676239947662,0,1,main_file,0.5317912506659085,351,2,1.2,0.0004175541486380295,43.978840198973735,39.49661427753466,0.15320000238716602,0.3105999930994585,11.208600000827573,0.13190000026952475,11.663800003589131,0,True,on_screen,0.7593817515001096
1787910390173,102,1180,1307.0461568131564,523.1555568415147,1311.155422890253,529.7440038487907,0,1,main_file,0.534648615323275,369,2,1.2,0.00041463221953612003,45.78831934917645,39.50800970154778,0.14060000830795616,0.311699986923486,11.732900005881675,0.19639999663922936,12.255499997991137,0,True,on_screen,0.7593817515001096
1787910390205,103,1181,1300.6570595522956,515.3529917564566,1308.0059138888657,525.4267002210904,0,1,main_file,0.538499583940891,401,2,1.2,0.0004091413807433414,44.296659904374586,39.49795378359316,0.1782000035746023,0.41790000977925956,12.152199997217394,0.19530000281520188,12.785200000507757,0,True,on_screen,0.7593817515001096
1787910390237,104,1182,1290.4092442192295,506.3368579301378,1302.7269129879746,519.6997475338046,0,1,main_file,0.5423289446615658,433,2,1.2,0.0004069066375371154,43.022951888917476,39.49107972517045,0.15230001008603722,0.3664999967440963,11.098200004198588,0.14650000957772136,11.625999992247671,0,True,on_screen,0.7593817515001096
1787910390252,105,1183,1286.5212415298167,503.99981404634246,1297.8652115505272,514.9897674875659,0,1,main_file,0.5446842673574697,448,2,1.2,0.000403820637156483,45.07268617493881,39.50424226307395,0.12090000382158905,0.31040000612847507,10.761300000012852,0.13839999155607074,11.223699999391101,0,True,on_screen,0.7593817515001096
1787910390284,106,1184,1281.2151869916556,495.22714893138493,1292.8702041828656,509.0609819207116,0,1,main_file,0.5483638048794603,480,2,1.2,0.000398530045420422,43.68163372362757,39.49470474746611,0.149200001033023,0.2975000097649172,11.232200005906634,0.14209999062586576,11.685000004945323,0,True,on_screen,0.7593817515001096
1787910390300,107,1185,1278.2056658540853,493.7120062616169,1288.4708426842315,504.4562892229832,0,1,main_file,0.5504078012326681,496,2,1.2,0.00039371281807999356,45.57968417634075,39.5082717151475,0.1109000004362315,0.2958999975817278,10.289500001817942,0.14770000416319817,10.74319999315776,0,True,on_screen,0.7593817515001096
1787910390333,108,1186,1295.8928939921666,491.9555720192536,1290.6974580766118,500.7060740618643,0,1,main_file,0.5580722021687492,529,2,1.2,0.00038423309162391103,44.12028112392233,39.49826650901026,0.11969999468419701,0.29399999766610563,10.947300004772842,0.1314999972237274,11.385200006770901,0,True,on_screen,0.7593817515001096
1787910390364,109,1187,1539.6082124548443,463.9062240926206,1365.3706843900814,489.6661190710912,0,1,main_file,0.6399179440864475,560,2,1.2,0.0003793652733038687,42.857452641322,39.490318191615316,0.15839999832678586,0.30729999707546085,10.528800004976802,0.14739998732693493,10.9972999925958,0,True,on_screen,0.7593817515001096
1787910390381,110,1188,1665.187351580044,447.3580081069743,1455.31568454707,476.9736857818561,0,1,main_file,0.6861784838739591,577,2,1.2,0.00037008058201240535,44.742071124132536,39.50242046259457,0.1795999996829778,0.4456000024219975,10.299599991412833,0.13770000077784061,10.896899999352172,0,True,on_screen,0.7593817515001096
1787910390413,111,1189,1795.6441189167158,431.99424827800016,1557.4142148579638,463.4798545306993,0,1,main_file,0.6444142850880092,609,2,1.2,0.0003585592163342713,43.394241571732174,39.4931981701725,0.19159998919349164,0.4486999969230965,10.629500000504777,0.16199999663513154,11.254500001086853,0,True,on_screen,0.7593817515001096
1787910390428,112,1190,1845.594760274604,425.69375940769794,1643.868378482956,452.1440259937989,0,1,main_file,0.5505929819343992,624,2,1.2,0.000351092133542133,45.38649606790694,39.506694054081976,0.10730000212788582,0.2531000063754618,10.11189998826012,0.11500000255182385,10.488600004464388,0,True,on_screen,0.7593817515001096
1787910390460,113,1191,1903.5877567522514,418.1682784106246,1721.7841919637444,441.9513017188466,0,1,main_file,0.44258347702239964,656,2,1.2,0.0003430994986012778,43.96306273495518,39.49727903045694,0.18390000332146883,0.2812000020639971,10.481500008609146,0.11250001261942089,10.886300005950034,0,True,on_screen,0.7593817515001096
1787910390476,114,1192,1928.3872417758932,416.7080386757107,1783.765106907389,434.3783228059058,0,1,main_file,0.3479314046198235,672,2,1.2,0.00033796113567716515,45.850847657313466,39.507661619395485,0.1880999916465953,0.43080000614281744,11.755600004107691,0.1520000078016892,12.36030001018662,0,True,on_screen,0.7593817515001096
1787910390508,115,1193,1960.9827185981176,417.6538830163165,1836.9303904146077,429.36099086902897,0,1,main_file,0.2624567538583368,703,2,1.2,0.00031550986919775745,44.38772873000857,39.50030413413442,0.14810000720899552,0.28569999267347157,10.836599991307594,0.1294999965466559,11.26549999753479,0,True,on_screen,0.7593817515001096
1787910390540,116,1194,1972.2890105999481,415.7520275706466,1877.5379764702097,425.2783018795143,0,1,main_file,0.19595643123477235,736,2,1.2,0.0003060812542904738,43.08029682311841,39.49217978436163,0.22050000552553684,0.3060000017285347,10.40909999574069,0.13689999468624592,10.864800002309494,0,True,on_screen,0.7593817515001096
1787910390557,117,1195,1976.0248554346078,417.7128029470769,1907.0840401595292,423.00865219978306,0,1,main_file,0.14668409667892546,753,2,1.2,0.000299852275717858,44.95885461893465,39.503947966712005,0.1537000061944127,0.298400002066046,10.57349999609869,0.12440000136848539,11.008100002072752,0,True,on_screen,0.7593817515001096
1787910390588,118,1196,1984.5192657020805,419.31506977744397,1930.3146078222944,421.9005774730813,0,2,ai_agent,0.14273298405859247,0,0,1.4,0.000283466252488835,43.6032584405998,39.493883896573294,0.20349999249447137,0.5093999934615567,11.473699996713549,0.19169998995494097,12.192800000775605,0,True,on_screen,0.7593817515001096
1787910390604,119,1197,1986.6714808114814,420.3753171926511,1947.2216697190504,421.4429993889522,0,2,ai_agent,0.17182001948448156,16,0,1.4,0.0002782010464572708,45.47742429814909,39.50689089619659,0.13669999316334724,0.30280000646598637,11.053499998524785,0.12719999358523637,11.494799997308291,0,True,on_screen,0.7593817515001096
1787910390636,120,1198,1985.9337113692852,432.53344556845116,1958.8352822141208,424.7701332428019,0,2,ai_agent,0.19003958426488143,47,0,1.4,0.0002782927077624002,44.06893604372797,39.498366134260216,0.1258000120287761,0.2779000060399994,11.072699999203905,0.13380000018514693,11.496799997985363,0,True,on_screen,0.7593817515001096
1787910390652,121,1199,1983.4909669078593,451.3363334778195,1966.2319876222423,432.7399933133071,0,2,ai_agent,0.19859947345017903,63,0,1.4,0.0002861204445536447,45.87607870627879,39.51007572011842,0.12739999510813504,0.2759000053629279,11.299700010567904,0.13810000382363796,11.725200005457737,0,True,on_screen,0.7593817515001096
1787910390685,122,1200,1971.1090492083742,476.22353985908427,1967.6951060980819,445.7850572770402,0,2,ai_agent,0.1940049763151126,96,0,1.4,0.0002724157569985071,44.39003464416061,39.49982308852065,0.14319999900180846,0.3218999918317422,12.213099995278753,0.1297999988310039,12.676800004555844,0,True,on_screen,0.7593817515001096
1787910390717,123,1201,1950.465756224585,500.7039269387624,1962.5263011360325,462.2607181755568,0,2,ai_agent,0.17568214207100208,128,0,1.4,0.000248139764351233,43.06379413000761,39.49291634698139,0.17749999824445695,0.3549000102793798,10.6794000021182,0.13679999392479658,11.184899994987063,0,True,on_screen,0.7593817515001096
1787910390733,124,1202,1938.964360033035,512.5369258616996,1955.4577188051333,477.3435804813996,0,2,ai_agent,0.15445541393230022,144,0,1.4,0.0002501019523509611,44.99540658639971,39.50349470688397,0.20729999232571572,0.4470999992918223,11.702399991918355,0.15910000365693122,12.325200004852377,0,True,on_screen,0.7593817515001096
1787910390765,125,1203,1906.311881872076,552.8544886552709,1940.713967725216,499.99685293356094,0,2,ai_agent,0.11500509494183597,177,0,1.4,0.00027096836482621775,43.643420120105745,39.495618430610584,0.22220000391826034,0.3797000099439174,11.418300011428073,0.12759999663103372,11.941399992792867,0,True,on_screen,0.7593817515001096
1787910390781,126,1204,1894.2135840841488,572.4472168259852,1926.7638526328958,521.7319621012882,0,2,ai_agent,0.07673043022237458,192,0,1.4,0.000267435544402516,45.49825431759718,39.50921729036587,0.152299995534122,0.2778999914880842,10.277299996232614,0.12369999603834003,10.688800000934862,0,True,on_screen,0.7593817515001096
1787910390813,127,1205,1863.918150940819,588.183122470663,1907.9101421252726,541.6673102121006,0,1,main_file,0.06961576486034893,0,3,1.6,0.00031132508243374504,44.073311702623954,39.50026752827016,0.10570000449661165,0.26729999808594584,10.493899986613542,0.13499999477062374,10.908700001891702,0,True,on_screen,0.7593817515001096
1787910390844,128,1206,1839.8743756376446,598.8153130814609,1887.4994121789841,558.8117110729086,0,1,main_file,0.08672020699961913,31,3,1.6,0.00029877807794588887,42.811871212294044,39.49119427412423,0.15449999773409218,0.2980000135721639,10.956400001305155,0.18280000949744135,11.452199993073009,0,True,on_screen,0.7593817515001096
1787910390861,129,1207,1831.0619054492,605.5863415809957,1870.5681601600486,572.8441002253346,0,1,main_file,0.09946464186767778,48,3,1.6,0.0002913383018416059,44.68714437580783,39.50378170650451,0.17939999816007912,0.2801999944495037,10.362000000895932,0.13729999773204327,10.792400003992952,0,True,on_screen,0.7593817515001096
1787910390892,130,1208,1809.0377727896725,612.7289293399015,1852.1090439489358,584.8095489597047,0,1,main_file,0.11499108942618141,78,3,1.6,0.0002946101488638629,43.37801754863621,39.49523300548116,0.16709999181330204,0.3232000017305836,10.615799998049624,0.12330000754445791,11.075500005972572,0,True,on_screen,0.7593817515001096
1787910390908,131,1209,1799.6218975042475,614.2516784692458,1836.3629000155292,593.642187812567,0,1,main_file,0.12853302361818209,95,3,1.6,0.00030044536206655717,45.234314058157175,39.50552751277328,0.13609998859465122,0.28809999639634043,11.741399997845292,0.23180000425782055,12.274799999431707,0,True,on_screen,0.7593817515001096
1787910390940,132,1210,1793.625405938039,616.4646939530444,1823.5416517922822,600.4889396547102,1,1,main_file,0.1402845135568468,127,3,1.6,0.00029257085788273254,43.834389225116574,39.49844238055964,0.13410000246949494,0.3009999927598983,10.620299988659099,0.1297999988310039,11.065300001064315,0,True,on_screen,0.7593817515001096
1787910390957,133,1211,1793.3626745833535,617.6663095648017,1814.4879586296033,605.6421506277376,1,1,main_file,0.1584899751843324,144,3,1.6,0.00029449060004480346,45.59266421018367,39.51022240871271,0.16959999629762024,0.2826999989338219,10.540999996010214,0.1247000036528334,10.959699997329153,0,True,on_screen,0.7593817515001096
1787910390989,134,1212,1791.1460463564001,622.9367619376721,1807.4853849476422,610.8305340207179,1,1,main_file,0.17388049663025296,176,3,1.6,0.00030554264140462625,44.170859394563216,39.49957261430125,0.15799999528098851,0.3099999885307625,12.150900001870468,0.19419999443925917,12.667500006500632,0,True,on_screen,0.7593817515001096
1787910391021,135,1213,1792.8643261904815,624.5275573953545,1803.0990673204938,614.9396410331088,1,1,main_file,0.1844589639563713,207,3,1.6,0.00031733604405129526,42.88516344741285,39.492722651897886,0.18640000780578703,0.3271000023232773,10.908399999607354,0.1269999920623377,11.375899994163774,0,True,on_screen,0.7593817515001096
1787910391036,136,1214,1796.9310883008486,625.5357587140672,1801.2486736146,618.1184763373964,1,1,main_file,0.19049459935944468,223,3,1.6,0.0003246106709799794,44.917439986098486,39.50574383413636,0.11039999662898481,0.26590000197757035,10.334800012060441,0.13279999257065356,10.744200000772253,0,True,on_screen,0.7593817515001096
1787910391068,137,1215,1893.0342075337187,618.4183974372577,1828.7843337903355,618.2084526673548,1,1,main_file,0.15170779194161887,255,3,1.6,0.0003167705936016757,43.560639636395,39.49712545934704,0.14899999951012433,0.30139999580569565,10.39929999387823,0.14479999663308263,10.869500008993782,0,True,on_screen,0.7593817515001096
1787910391085,138,1216,2018.8098397765343,608.8387173681776,1885.791985586195,615.3975320776016,1,1,main_file,0.06562214153038748,272,3,1.6,0.0002980460479980636,45.24172830797886,39.505733630213214,0.13329999637790024,0.3252000024076551,12.423199994373135,0.15379999240394682,12.915400002384558,0,True,on_screen,0.7593817515001096
1787910391116,139,1217,2313.4501288167785,583.101835633345,2014.08942855537,605.7088231443246,1,2,second_file,0.1426052986331089,0,0,1.8,0.0002585238530286825,43.89017450573332,39.50035369694806,0.11400000948924571,0.3171999996993691,10.45940000039991,0.11680000170599669,10.903999995207414,0,True,on_screen,0.7593817515001096
1787910391148,140,1218,2446.3904788893096,582.5931541745954,2143.7797436555516,598.7741224534058,0,2,ai_agent,0.30465522430823744,0,1,2.0,0.00023136076572011222,42.63239016590577,39.49227806481557,0.17050000315066427,0.2761000068858266,10.174499999266118,0.12700000661425292,10.589299999992363,0,True,on_screen,0.7593817515001096
1787910391164,141,1219,2506.7427473171397,579.4124209528267,2252.668644754028,592.965612003232,0,2,ai_agent,0.42066545004544564,16,1,2.0,0.0002211423552717917,44.54771155014354,39.50304444195361,0.17619998834561557,0.2734000008786097,10.87060000281781,0.159399991389364,11.313200011500157,0,True,on_screen,0.7593817515001096
1787910391196,142,1220,2631.573916099105,582.6331294767419,2366.340226157551,589.865867245285,0,2,ai_agent,0.48446359774452585,48,1,2.0,0.00019026840804512238,43.2321551510507,39.49381387351292,0.15190000704023987,0.37510000402107835,11.476700005005114,0.12530000822152942,11.99070000438951,0,True,on_screen,0.7593817515001096
1787910391212,143,1221,2755.6727377115626,577.748022751796,2483.1399796237542,586.2305138972383,0,2,ai_agent,0.4734272019314153,63,1,2.0,0.00017001715980413667,45.157377524671645,39.50599490853448,0.12600001355167478,0.28560000646393746,11.35729999805335,0.12149999383836985,11.774499987950549,0,True,on_screen,0.7593817515001096
1787910391244,144,1222,2848.0926496505854,582.4230191068986,2592.6257806318035,585.0882654601364,0,2,ai_agent,0.3921548814874767,95,1,2.0,0.00011868439505439629,43.759828478714454,39.49795500468954,0.1697000116109848,0.2933000068878755,10.890299992752261,0.1171000039903447,11.31349999923259,0,True,on_screen,0.7593817515001096
1787910391261,145,1223,2857.3779429196393,591.0540506969919,2672.051429318154,586.8780010311931,0,2,ai_agent,0.30152885060680124,112,1,2.0,9.664005929779437e-05,45.545882555218704,39.50868804609939,0.18250000721309334,0.335000004270114,11.48980000289157,0.15109998639672995,11.99129999440629,0,True,on_screen,0.7593817515001096
1787910391292,146,1224,2881.07634274194,596.0347552311491,2734.7589033452896,589.6250272911799,0,2,ai_agent,0.21797228137904012,144,1,2.0,5.8499980392170275e-05,44.14266735392188,39.50221095230408,0.126199985970743,0.2660000027390197,10.262600000714883,0.11150000500492752,10.64970000879839,0,True,on_screen,0.7593817515001096
1787910391324,147,1225,2886.900274031989,601.3375246911521,2780.401314551299,593.1387765111715,0,2,ai_agent,0.15156841770592422,175,1,2.0,1.5001298207119318e-05,42.854387257830965,39.49397469604592,0.1598999951966107,0.3166000096825883,9.996799999498762,0.11829999857582152,10.441999998874962,0,True,on_screen,0.7593817515001096
1787910391341,148,1226,2887.19490488274,595.5997331473466,2812.4393916507315,593.8770635020239,0,2,ai_agent,0.10531116967169729,193,1,2.0,-2.6939566754140276e-06,44.68549317421806,39.50213010242413,0.13649999164044857,0.28709998878184706,12.536700000055134,0.17040000238921493,13.004400010686368,0,True,on_screen,0.7593817515001096
1787910391373,149,1227,2884.4858514949424,603.2670058579708,2834.053329603995,596.694046208808,0,2,ai_agent,0.0711489888111867,224,1,2.0,-2.1539619790497677e-06,43.33545345826647,39.495295445617295,0.16169999435078353,0.35940000088885427,11.130899991258048,0.12620000052265823,11.628000007476658,0,True,on_screen,0.7593817515001096
1787910391389,150,1228,2876.0375620570944,602.1040911349571,2846.6485993399247,598.3170596866527,0,2,ai_agent,0.051106105208909236,240,1,2.0,-3.7970469924479555e-06,45.34712603550267,39.50839968523434,0.10620000830385834,0.25800000003073364,10.476199997356161,0.11680000170599669,10.874699990381487,0,True,on_screen,0.7593817515001096
1787910391421,151,1229,2861.3039917146157,592.704301193544,2851.0452170523317,596.63323213872,0,2,ai_agent,0.046275023751080946,273,1,2.0,2.0198097322361025e-05,43.93871280085466,39.49812632973358,0.1505999971413985,0.47060000360943377,11.662799995974638,0.14340000052470714,12.290200000279583,0,True,on_screen,0.7593817515001096
1787910391452,152,1230,2889.0306276367387,576.6435037532898,2862.4408402276536,590.6363136230909,0,2,ai_agent,0.03507033642889579,303,1,2.0,3.5522063246230806e-05,42.67225549268443,39.4905580595948,0.20370000856928527,0.4022999928565696,11.055399998440407,0.12840000272262841,11.600599988014437,0,True,on_screen,0.7593817515001096
1787910391468,153,1231,2899.615785574757,569.4356031849759,2873.5933238317843,584.2761004916564,0,2,ai_agent,0.024162804312713226,319,1,2.0,4.2096629126697066e-05,44.728620732417866,39.50341277075079,0.10450000991113484,0.26559999969322234,10.564099997282028,0.12650000280700624,10.965599998598918,0,True,on_screen,0.7593817515001096
1787910391501,154,1232,2907.4002026640037,535.31382419689,2883.73538748145,569.5874176032264,-1,-1,off_screen,0.0,0,0,2.2,6.845911181252093e-05,43.35708199484877,39.49308889376711,0.2508999896235764,0.3066000062972307,11.565699998755008,0.3001000004587695,12.188900000182912,0,True,gaze_outside_screen,0.7593817515001096
1787910391518,155,1233,2922.0763809563678,519.1646631755171,2895.237685523925,554.4605912749136,-1,-1,off_screen,0.0,16,0,2.2,8.01460849230197e-05,44.78569380427752,39.50326992882177,1.334500004304573,0.40330000047106296,11.507800008985214,0.1866999955382198,12.115199991967529,0,True,gaze_outside_screen,0.7593817515001096
1787910391549,156,1234,2939.1298017261556,483.47148707624837,2908.4053203845942,533.163860015314,-1,-1,off_screen,0.0,48,0,2.2,9.110885127089699e-05,43.556821389712006,39.496134560677206,0.1686000032350421,0.40439999429509044,11.688899990986101,0.18799999088514596,12.300599992158823,0,True,gaze_outside_screen,0.7593817515001096
1787910391565,157,1235,2951.889310768916,470.6545054184007,2921.450517499891,514.41105363624,-1,-1,off_screen,0.0,64,0,2.2,8.838260184636237e-05,45.35816811685278,39.50809611582277,0.156299996888265,0.35349999961908907,11.367399987648241,0.1770999951986596,11.911000008694828,0,True,gaze_outside_screen,0.7593817515001096
1787910391597,158,1236,2956.3911738743327,437.8890030975257,2931.932714412223,491.4544384746257,-1,-1,off_screen,0.0,95,0,2.2,0.00011234641983882618,43.96198986943512,39.49809918751895,0.26420000358484685,0.4234000080032274,12.64179999998305,0.2083999861497432,13.289700000314042,0,True,gaze_outside_screen,0.7593817515001096
1787910391629,159,1237,3005.363099730114,394.5232179097829,2953.96183000759,462.3750723051728,-1,-1,off_screen,0.0,128,0,2.2,0.0001078573595662928,42.70486768092372,39.49076363394032,0.16929999401327223,0.3687999997055158,12.005700002191588,0.17549999756738544,12.56840000860393,0,True,gaze_outside_screen,0.7593817515001096
1787910391645,160,1238,3017.708686452805,367.20319656150025,2973.0858869411545,433.82350958207104,-1,-1,off_screen,0.0,144,0,2.2,0.00011944392413302043,44.546402034742584,39.501394257225535,0.17210000078193843,0.44519999937620014,12.463699997169897,0.16880000475794077,13.092799999867566,0,True,gaze_outside_screen,0.7593817515001096
1787910391677,161,1239,3024.7962626247686,323.2603970485876,2988.5989996462386,400.65457582202595,-1,-1,off_screen,0.0,176,0,2.2,0.00011450255715015137,43.177295920932835,39.49374652542822,0.20410001161508262,0.3623999946285039,11.535899990121834,0.15890000213403255,12.072799989255145,0,True,gaze_outside_screen,0.7593817515001096
1787910391693,162,1240,3025.4052552271824,311.9399972948342,2999.6408763205213,374.0402022638684,-1,-1,off_screen,0.0,192,0,2.2,0.00010279153349212686,45.35518179055774,39.506991488554185,0.15320000238716602,0.3133999998681247,10.965500012389384,0.18220000492874533,11.472199999843724,0,True,gaze_outside_screen,0.7593817515001096
1787910391725,163,1241,3016.0976965965024,273.87929212174225,3004.577922403316,343.9919292212306,-1,-1,off_screen,0.0,223,0,2.2,9.120325693807649e-05,43.94913288547084,39.4959818773952,0.2471999905537814,0.5105000018374994,12.91010000568349,0.1508999994257465,13.585900000180118,0,True,gaze_outside_screen,0.7593817515001096
1787910391757,164,1242,3011.4651069290917,255.1573501732206,3006.6440777610487,317.34155550682755,-1,-1,off_screen,0.0,256,0,2.2,7.757944884257198e-05,42.687326510890195,39.48790771371675,0.1838999887695536,0.47369999811053276,12.709500006167218,0.21610000112559646,13.418500006082468,0,True,gaze_outside_screen,0.7593817515001096
1787910391773,165,1243,3020.472443150892,237.38594445353343,3010.7925873780014,293.3548721908393,-1,-1,off_screen,0.0,272,0,2.2,7.232726971381082e-05,44.66449498310878,39.500506906228935,0.15910000365693122,0.35000000207219273,12.121499996283092,0.2052000054391101,12.691600000835024,0,True,gaze_outside_screen,0.7593817515001096
1787910391805,166,1244,3042.0560803172357,208.76465920009215,3020.1716352597714,267.9778082936151,-1,-1,off_screen,0.0,304,0,2.2,7.396156546318408e-05,43.319173336661514,39.4916269528692,0.22229999012779444,0.4135000053793192,12.40920000418555,0.20870000298600644,13.049000001046807,0,True,gaze_outside_screen,0.7593817515001096
1787910391821,167,1245,3057.3563553156314,204.32490686685875,3031.3270512765293,248.88193786558818,-1,-1,off_screen,0.0,320,0,2.2,7.082893418320843e-05,45.15130603062334,39.50293366552755,0.34329999471083283,0.40720000106375664,12.554600005387329,0.14989999181125313,13.124400007654913,0,True,gaze_outside_screen,0.7593817515001096
1787910391853,168,1246,3057.1879271671846,201.10648820983204,3039.0853140437257,234.54930296886133,-1,-1,off_screen,0.0,351,0,2.2,7.483932661922835e-05,43.791296977762855,39.49733335148685,0.2367999986745417,0.37259999953676015,10.70300000719726,0.11930000619031489,11.21650000277441,0,True,gaze_outside_screen,0.7593817515001096
1787910391869,169,1247,3065.8311582607666,187.14486126493466,3047.109067308838,220.3279704576833,-1,-1,off_screen,0.0,368,0,2.2,8.004824937616131e-05,45.65787335717266,39.50959386721972,0.16450000111944973,0.27999999292660505,10.319699998944998,0.11510000331327319,10.726299995440058,0,True,gaze_outside_screen,0.7593817515001096
1787910391901,170,1248,3058.0072829980845,192.91283574499522,3050.3785320156117,212.10343004387687,-1,-1,off_screen,0.0,400,0,2.2,7.756557443564308e-05,44.2262927533581,39.49873734910874,0.12780001270584762,0.27269999554846436,12.389099996653385,0.1382999907946214,12.812699991627596,0,True,gaze_outside_screen,0.7593817515001096
1787910391933,171,1249,3057.472669439469,191.11152057654374,3052.5067732427688,205.8058572036769,-1,-1,off_screen,0.0,432,0,2.2,7.44085362851983e-05,42.91547716835488,39.49099240974394,0.20120000408496708,0.34440000308677554,11.695299996063113,0.1385000068694353,12.196099996799603,0,True,gaze_outside_screen,0.7593817515001096
1787910391949,172,1250,3053.9434795536195,193.4699058923629,3052.937785136024,202.10507181028268,-1,-1,off_screen,0.0,447,0,2.2,7.701121429732824e-05,44.73871622697396,39.503559213792755,0.35709999792743474,0.28389999351929873,10.670899995602667,0.12939999578520656,11.095099995145574,0,True,gaze_outside_screen,0.7593817515001096
1787910391981,173,1251,3054.2946313518014,179.40460859491228,3053.344839000757,195.29493284567155,-1,-1,off_screen,0.0,480,0,2.2,7.966652738443034e-05,43.422377055921004,39.494279383069674,0.15669999993406236,0.29009999707341194,11.74159999936819,0.13590000162366778,12.179700002889149,0,True,gaze_outside_screen,0.7593817515001096
1787910391997,174,1252,3055.584143751058,186.97671257361395,3054.0166304258473,192.79946676405427,-1,-1,off_screen,0.0,496,0,2.2,7.739897702004062e-05,45.36292765446847,39.504791410565666,0.1750999945215881,0.33460000122431666,12.638500003959052,0.15940000594127923,13.148000012733974,0,True,gaze_outside_screen,0.7593817515001096
1787910392029,175,1253,3052.488146139463,196.21457896838115,3053.558085139932,193.82400042535232,-1,-1,off_screen,0.0,528,0,2.2,7.157930603998025e-05,43.95818177860875,39.49845374114375,0.13719999697059393,0.36530000215861946,11.110199993709102,0.12939999578520656,11.617500000284053,0,True,gaze_outside_screen,0.7593817515001096
1787910392061,176,1254,3049.7047787026618,200.3433886114712,3052.402093208751,195.77981688118797,-1,-1,off_screen,0.0,560,0,2.2,7.220653648310621e-05,42.68873138648025,39.49087022253788,0.1478000049246475,0.3634000022429973,10.534500004723668,0.13309999485500157,11.045499995816499,0,True,gaze_outside_screen,0.7593817515001096
1787910392077,177,1255,3050.6585525790283,195.91924941845943,3051.879031019834,195.8216466423694,-1,-1,off_screen,0.0,575,0,2.2,7.227234575206756e-05,44.57404525133351,39.50073140245884,0.11249999806750566,0.39149999793153256,11.650200001895428,0.13210000179242343,12.185400002636015,0,True,gaze_outside_screen,0.7593817515001096
1787910392109,178,1256,3059.7479201793285,194.61570064808504,3054.239697767682,195.45986284408406,-1,-1,off_screen,0.0,608,0,2.2,7.019129184507311e-05,43.26578085335659,39.49310846829609,0.17479999223724008,0.2989000058732927,11.439299996709451,0.13220000255387276,11.88400000683032,0,True,gaze_outside_screen,0.7593817515001096
1787910392124,179,1257,3062.9486806321315,199.67505999013187,3056.852392627017,196.72442198789838,-1,-1,off_screen,0.0,623,0,2.2,6.793361006533077e-05,45.25349010607166,39.50610504623562,0.12840000272262841,0.2741999924182892,10.482400000910275,0.13020000187680125,10.896899999352172,0,True,gaze_outside_screen,0.7593817515001096
1787910392156,180,1258,3063.4288956466985,206.21812352521977,3058.825343532921,199.5725324490948,-1,-1,off_screen,0.0,654,0,2.2,6.78848078553701e-05,43.847234312460984,39.49765649696412,0.17699999443721026,0.3228999994462356,10.498999996343628,0.12349999451544136,10.96010000037495,0,True,gaze_outside_screen,0.7593817515001096
1787910392173,181,1259,3061.5030853469916,202.13406098834776,3059.628666077142,200.34099101087068,-1,-1,off_screen,0.0,672,0,2.2,7.149239755560935e-05,45.67550473605247,39.50800614053705,0.13080000644549727,0.2931000053649768,11.373799992725253,0.15449999773409218,11.832599993795156,0,True,gaze_outside_screen,0.7593817515001096
1787910392205,182,1260,3060.296911552271,199.18255352454008,3059.829139719681,199.99345976497148,-1,-1,off_screen,0.0,703,0,2.2,7.370798623902719e-05,44.22450063061162,39.50036873906948,0.17389999993611127,0.3964000061387196,10.696600002120249,0.1171000039903447,11.223299996345304,0,True,gaze_outside_screen,0.7593817515001096
1787910392236,183,1261,3056.771934871752,199.59016218483237,3058.911978265302,199.87247049092971,-1,-1,off_screen,0.0,735,0,2.2,7.127723835018487e-05,42.95109152768236,39.49254083146452,0.12789999891538173,0.34579999919515103,10.633899990352802,0.11959999392274767,11.111700005130842,0,True,gaze_outside_screen,0.7593817515001096
1787910392252,184,1262,3058.7788036074417,236.92495955900793,3058.8720258679436,210.98821721135317,-1,-1,off_screen,0.0,751,0,2.2,-2.0267481785664343e-06,44.87539065813086,39.50171930294284,0.1480999926570803,0.3453000099398196,12.40479999978561,0.16789999790489674,12.929400007124059,0,True,gaze_outside_screen,0.7593817515001096
1787910392285,185,1263,3087.2818425128057,578.1412467534603,3067.3949708614023,321.13412607398527,-1,-1,off_screen,0.0,784,0,2.2,-0.00038290034825394156,43.50845349394568,39.49561170606784,0.13830000534653664,0.3195000026607886,10.671399999409914,0.13859999307896942,11.14400000369642,0,True,gaze_outside_screen,0.7593817515001096
1787910392301,186,1264,3098.854176376771,685.2392556955595,3076.8327325160126,430.3656649604575,-1,-1,off_screen,0.0,800,0,2.2,-0.0005151654319409012,45.38596460405593,39.506892841659365,0.13490000856108963,0.30390000029001385,10.830400002305396,0.12250000145286322,11.268999995081685,0,True,gaze_outside_screen,0.7593817515001096
1787910392333,187,1265,3094.22642321374,706.2846359605312,3082.0508397253307,513.1413562604796,-1,-1,off_screen,0.0,832,0,2.2,-0.0004934645602375394,43.93232159196335,39.49817694213461,0.4515000036917627,0.32820001069922,10.763099999167025,0.12740000966005027,11.23139999981504,0,True,gaze_outside_screen,0.7593817515001096
1787910392365,188,1266,3085.8618060171148,683.1171178941236,3083.1941296128657,564.1340847505728,-1,-1,off_screen,0.0,864,0,2.2,-0.00044669939904526043,42.69277814458687,39.48944871562195,0.12630000128410757,0.2961999998660758,11.477299995021895,0.13619998935610056,11.924399994313717,0,True,gaze_outside_screen,0.7593817515001096
1787910392381,189,1267,3083.3382027568878,673.6174298700453,3083.237351556072,596.9790882864145,-1,-1,off_screen,0.0,880,0,2.2,-0.0004274433124106698,44.720531281801264,39.501681455944365,0.11550000635907054,0.26089999300893396,11.040400000638328,0.11890000314451754,11.431000006268732,0,True,gaze_outside_screen,0.7593817515001096
1787910392413,190,1268,3073.1473721496423,659.2091722826985,3080.210357734143,615.6481134852996,-1,-1,off_screen,0.0,912,0,2.2,-0.0003991411983359748,43.36846667157643,39.493566767390426,0.16540000797249377,0.332200012053363,10.811100000864826,0.13499999477062374,11.291000002529472,0,True,gaze_outside_screen,0.7593817515001096
1787910392428,191,1269,3067.9449147845457,649.7716074662383,3076.5307248492636,625.8851616795812,-1,-1,off_screen,0.0,927,0,2.2,-0.0003882605085013986,45.39302409585289,39.50488222907472,0.1627000019652769,0.34669999149627984,11.185900002601556,0.14250000822357833,11.688099999446422,0,True,gaze_outside_screen,0.7593817515001096
1787910392460,192,1270,3033.1720215529936,646.7035230397175,3063.523113860382,632.1306700876221,-1,-1,off_screen,0.0,959,0,2.2,-0.0003732575807284637,43.969238830373804,39.49699156856658,0.1559000083943829,0.29409999842755497,10.88539999909699,0.1336999994236976,11.32619999407325,0,True,gaze_outside_screen,0.7593817515001096
1787910392476,193,1271,3024.869198063096,642.8105765262467,3051.926939121196,635.3346420192095,-1,-1,off_screen,0.0,975,0,2.2,-0.0003671876633303643,45.797647072194835,39.50798846242625,0.145500001963228,0.2924999862443656,11.19420000759419,0.12290000449866056,11.624500009929761,0,True,gaze_outside_screen,0.7593817515001096
1787910392509,194,1272,3013.9525564491796,637.940255532162,3040.534624319591,636.1163260730953,-1,-1,off_screen,0.0,1008,0,2.2,-0.0003546340018888809,44.341086522476765,39.500332470453266,0.16009999671950936,0.28989999555051327,10.74230000085663,0.1117999927373603,11.157300003105775,0,True,gaze_outside_screen,0.7593817515001096
1787910392541,195,1273,3007.920015200866,634.7030727063334,3030.7502415839735,635.6923500630667,-1,-1,off_screen,0.0,1039,0,2.2,-0.0003448506735101893,43.00990827694528,39.49104585361471,0.15770000754855573,0.3782999992836267,11.311000009300187,0.12160000915173441,11.824499990325421,0,True,gaze_outside_screen,0.7593817515001096
1787910392556,196,1274,3006.5155272257807,627.8501664662637,3023.4798272765156,633.3396949840258,-1,-1,off_screen,0.0,1055,0,2.2,-0.0003341061449147406,45.096693802529515,39.50389458788128,0.13679999392479658,0.2893000055337325,10.561799994320609,0.1353999978164211,10.999100006301887,0,True,gaze_outside_screen,0.7593817515001096
1787910392588,197,1275,2993.2974215380927,620.6140876537694,3014.4251055549885,629.5220127849489,-1,-1,off_screen,0.0,1087,0,2.2,-0.00031893097797439443,43.705991171201326,39.49564146390721,0.20129999029450119,0.32130000181496143,10.526600002776831,0.13300000864546746,10.995600008754991,0,True,gaze_outside_screen,0.7593817515001096
1787910392605,198,1276,2990.492763211797,614.2635148294212,3007.2454028520306,624.9444633982905,-1,-1,off_screen,0.0,1104,0,2.2,-0.00030894189657064766,45.553794796473426,39.50467233772024,0.13359999866224825,0.2868999872589484,12.377200007904321,0.17240000306628644,12.847900012275204,0,True,gaze_outside_screen,0.7593817515001096
1787910392637,199,1277,2986.6460056087417,603.5295810308203,3001.065583679044,618.5199986880494,-1,-1,off_screen,0.0,1136,0,2.2,-0.00029699651072481736,44.1072107197585,39.49788714604227,0.15140000323299319,0.2742000069702044,11.14449999295175,0.11709998943842947,11.547899994184263,0,True,gaze_outside_screen,0.7593817515001096
1787910392668,200,1278,2974.3418483709775,592.2529633176312,2993.048463086624,610.639888076924,-1,-1,off_screen,0.0,1167,0,2.0,-0.0002750837335298399,42.85568797079385,39.491138205587,0.15889998758211732,0.31709999893791974,10.290999998687766,0.12119999155402184,10.741300007794052,0,True,gaze_outside_screen,0.7593817515001096
1787910392684,201,1279,2973.442908113048,583.274930185886,2987.1667965945508,602.4304007096125,-1,-1,off_screen,0.0,1183,0,2.0,-0.0002649037842231937,44.80243497208066,39.501845713700106,0.1306000049225986,0.2530000056140125,10.827299993252382,0.14879999798722565,11.239099985687062,0,True,gaze_outside_screen,0.7593817515001096
1787910392717,202,1280,2971.126374937901,572.2560873616093,2982.3546700975558,593.3781067052115,-1,-1,off_screen,0.0,1216,0,2.0,-0.00025292976062090203,43.41563831813848,39.49399783951147,0.16789999790489674,0.3228999994462356,10.198700008913875,0.1326000055996701,10.667000009561889,0,True,gaze_outside_screen,0.7593817515001096
1787910392733,203,1281,2969.5847338592325,564.9828471550784,2978.5236892260587,584.8595288401716,-1,-1,off_screen,0.0,1232,0,2.0,-0.00024311687487027153,45.4146656795034,39.50549908991484,0.13410000246949494,0.27209999097976834,10.378799997852184,0.11140000424347818,10.773099988000467,0,True,gaze_outside_screen,0.7593817515001096
1787910392764,204,1282,2962.2556550702493,554.1382457445947,2973.6432789793153,575.6431439114984,-1,-1,off_screen,0.0,1263,0,2.0,-0.00022105290267930913,44.010178452115774,39.49751848520891,0.1669000048423186,0.29399999766610563,10.334499995224178,0.12260000221431255,10.765099999844097,0,True,gaze_outside_screen,0.7593817515001096
1787910392780,205,1283,2956.361847275463,551.0201795598966,2968.4588494681593,568.2562546060178,-1,-1,off_screen,0.0,1279,0,2.0,-0.0002062734749911435,45.823312713990376,39.507247381288046,0.13970000145491213,0.32730000384617597,11.484599992400035,0.1649999903747812,11.991599996690638,0,True,gaze_outside_screen,0.7593817515001096
1787910392813,206,1284,2941.874259384621,545.8999200487125,2960.4834724430975,561.5493542388263,-1,-1,off_screen,0.0,1312,0,2.0,-0.0001957739678972968,44.33050025038778,39.49853484584426,0.14540000120177865,0.28619999648071826,11.680600000545382,0.12509999214671552,12.10480000008829,0,True,gaze_outside_screen,0.7593817515001096
1787910392845,207,1285,2920.891336828507,537.2683753152987,2948.6058317587203,554.265060561768,-1,-1,off_screen,0.0,1344,0,2.0,-0.00016772936319779316,43.03612306963343,39.49161973845292,0.1432999997632578,0.27319999935571104,10.854899999685585,0.11869998706970364,11.25799999863375,0,True,gaze_outside_screen,0.7593817515001096
1787910392861,208,1286,2917.94516728327,533.6405795551034,2939.407632416085,548.0777162597685,-1,-1,off_screen,0.0,1360,0,2.0,-0.0001629124190859095,44.980675360436294,39.50153765264244,0.1714000100037083,0.2826999989338219,11.959299998125061,0.14790000568609685,12.399400002323091,0,True,gaze_outside_screen,0.7593817515001096
1787910392892,209,1287,2903.8943131085016,531.4861347942818,2928.75363662381,543.1002418201225,-1,-1,off_screen,0.0,1391,0,2.0,-0.0001558136250604629,43.63688344494052,39.494046587010935,0.16480000340379775,0.27829999453388155,11.781399996834807,0.11920000542886555,12.191599991638213,0,True,gaze_outside_screen,0.7593817515001096
1787910392909,210,1288,2898.2830559635913,528.9525897668709,2919.6124624257445,538.855946204147,-1,-1,off_screen,0.0,1407,0,2.0,-0.00015086802613418007,45.413325148211705,39.50698242818738,0.11750000703614205,0.25499999173916876,10.179799995967187,0.1033000007737428,10.547199999564327,0,True,gaze_outside_screen,0.7593817515001096
1787910392941,211,1289,2892.6606254532744,524.4918908808195,2911.526911334003,534.5467296071487,-1,-1,off_screen,0.0,1440,0,2.0,-0.00014325986723419046,44.011207390746094,39.49750386960079,0.11759999324567616,0.3767000016523525,11.270000002696179,0.1745999907143414,11.834000004455447,0,True,gaze_outside_screen,0.7593817515001096
1787910392972,212,1290,2863.7591582524956,530.5823173459027,2897.1965854095506,533.3574059287748,-1,-1,off_screen,0.0,1470,0,2.0,-0.0001311525142414817,42.75128344749361,39.49030385232996,0.15029999485705048,0.3630999999586493,10.74749999679625,0.14779999037273228,11.271800001850352,0,True,gaze_outside_screen,0.7593817515001096
1787910392989,213,1291,2865.67833606508,527.8299868850831,2887.7411106062095,531.6991802156673,-1,-1,off_screen,0.0,1488,0,2.0,-0.00012657163747370817,44.670713801514715,39.50192206989866,0.11439999798312783,0.2747999969869852,10.421700004371814,0.1309000072069466,10.836100002052262,0,True,gaze_outside_screen,0.7593817515001096
1787910393020,214,1292,2872.2153634277497,525.6250058777715,2883.083386452671,529.8769279142986,-1,-1,off_screen,0.0,1519,0,2.0,-0.00011907191672725498,43.34173414836871,39.49302244645748,0.1790999958757311,0.32610000926069915,11.176800006069243,0.13910001143813133,11.655199996312149,0,True,gaze_outside_screen,0.7593817515001096
1787910393037,215,1293,2877.433601906071,522.0738688120769,2881.388451088691,527.536010183632,-1,-1,off_screen,0.0,1536,0,2.0,-0.00011342580663866245,45.213074952109444,39.50382197491159,0.14319999900180846,0.2938999969046563,11.460299996542744,0.14630000805482268,11.910999994142912,0,True,gaze_outside_screen,0.7593817515001096
1787910393068,216,1294,2889.9896166029225,515.8885140987956,2883.9688007429604,524.041761358181,-1,-1,off_screen,0.0,1567,0,2.0,-9.550600918280944e-05,43.820570908461946,39.49661292126389,0.11730000551324338,0.287600007141009,10.796100003062747,0.1463999942643568,11.242599997785874,0,True,gaze_outside_screen,0.7593817515001096
1787910393085,217,1295,2888.071182473715,514.358401902823,2885.1995152621867,521.1367535215736,-1,-1,off_screen,0.0,1584,0,2.0,-8.936332311227507e-05,45.537264794199885,39.507849227273745,0.12969999806955457,0.2865999995265156,10.414699994726107,0.1286999904550612,10.83949999883771,0,True,gaze_outside_screen,0.7593817515001096
1787910393117,218,1296,2866.2379013367176,516.9649953344535,2879.5110310845457,519.8852260654376,0,2,ai_agent,0.0680448551954711,0,2,2.2,-7.03596198834526e-05,44.14103088657963,39.49915004594266,0.12170000991318375,0.2725000085774809,11.267999987467192,0.15160000475589186,11.704699994879775,0,True,on_screen,0.7593817515001096
1787910393148,219,1297,2716.6405962550944,498.708815682124,2830.6499006357103,513.5323029504434,0,2,ai_agent,0.15079647119430806,30,2,2.2,-1.2125089435512798e-05,42.87978128866534,39.492131313097396,0.12349999451544136,0.28419999580364674,10.718799996539019,0.12409999908413738,11.140100003103726,0,True,on_screen,0.7593817515001096
1787910393164,220,1298,2661.2039254685983,489.3298354094638,2779.8161080855766,506.2715626881495,0,2,ai_agent,0.23642490798500349,46,2,2.2,5.484359671726474e-06,44.80437242620196,39.503023959524185,0.1275000104214996,0.28330000350251794,10.874300001887605,0.1326000055996701,11.30249998823274,0,True,on_screen,0.7593817515001096
1787910393196,221,1299,2600.6245611365252,485.84832919717707,2726.058644000861,500.1445926408577,0,2,ai_agent,0.3240993032665662,78,2,2.2,2.3569945066182624e-05,43.45218073823712,39.495392994668094,0.14150000060908496,0.2913999924203381,10.565599994151853,0.13380000018514693,11.00379999843426,0,True,on_screen,0.7593817515001096
1787910393213,222,1300,2570.3875593923276,480.34618423720644,2679.3573186183007,494.2050701197623,0,2,ai_agent,0.3989290645594107,95,2,2.2,3.8588262293175885e-05,45.28227992424763,39.50604726055414,0.14289999671746045,0.30100000731181353,10.797199996886775,0.1390999968862161,11.25280000269413,0,True,on_screen,0.7593817515001096
1787910393244,223,1301,2556.9404480594176,485.65763633193114,2642.6322574506357,491.64083998341295,0,2,ai_agent,0.4537706602634063,126,2,2.0,4.15489899216262e-05,43.88789524564294,39.49841710018091,0.13899999612476677,0.2842999965650961,10.593600003630854,0.1286000042455271,11.017099997843616,0,True,on_screen,0.7593817515001096
1787910393276,224,1302,2565.712642153122,494.5440230462999,2619.5563728613815,492.511794902279,0,2,ai_agent,0.4841289439756842,158,2,2.0,2.9034497166794543e-05,42.64762119691518,39.49107577667004,0.1221999991685152,0.29120000544935465,10.27280000562314,0.1255999959539622,10.701700011850335,0,True,on_screen,0.7593817515001096
1787910393292,225,1303,2568.6449535296147,498.68503071574077,2604.2829470618512,494.36376564631746,0,2,ai_agent,0.5018486238505537,174,2,2.0,2.4475173145823564e-05,44.60509235789781,39.501329516824235,0.13670000771526247,0.275999991572462,10.94530000409577,0.15560000611003488,11.387599995941855,0,True,on_screen,0.7593817515001096
1787910393325,226,1304,2576.043837898306,497.3805401453601,2595.8112143127873,495.26879799603023,0,2,ai_agent,0.5114547598328698,207,2,2.0,1.621953200572554e-05,43.242159888238895,39.49364375547683,0.25660000392235816,0.301199994282797,10.397000005468726,0.13410000246949494,10.8440000039991,0,True,on_screen,0.7593817515001096
1787910393340,227,1305,2579.375886367994,499.9482456007691,2590.880615929349,496.6726322774519,0,2,ai_agent,0.5158068675985159,222,2,2.0,1.2786755071401978e-05,45.22470474777305,39.5049810937631,0.15539999003522098,0.2872000040952116,10.393699994892813,0.13359999866224825,10.825700010173023,0,True,on_screen,0.7593817515001096
1787910393372,228,1306,2581.9011710921195,506.18398230881746,2588.1867824781802,499.52603728686154,0,2,ai_agent,0.5154544947961457,254,2,2.0,9.030427455512108e-06,43.832722409878485,39.49638372804098,0.14370000280905515,0.29499999072868377,10.929299998679198,0.1534999901195988,11.391599997295998,0,True,on_screen,0.7593817515001096
1787910393389,229,1307,2585.2075121567077,508.8709080425202,2587.2930013817386,502.3294985135591,0,2,ai_agent,0.5129136591746516,271,2,2.0,5.4848632571255496e-06,45.5720615828285,39.507132232851475,0.16150000737980008,0.3284000122221187,10.889400000451133,0.14390000433195382,11.373999994248152,0,True,on_screen,0.7593817515001096
1787910393420,230,1308,2577.4579895180354,517.8296933873069,2584.3424978226276,506.9795569756834,0,2,ai_agent,0.5103356218667137,302,2,2.0,3.5619892166972866e-06,44.15909423578204,39.49957183128189,0.152299995534122,0.3125000075669959,10.771700006444007,0.1221999991685152,11.21860000421293,0,True,on_screen,0.7593817515001096
1787910393452,231,1309,2576.3754251807095,522.4805048943,2581.9523760300517,511.62984135126834,0,2,ai_agent,0.5069336659439454,334,2,2.0,5.050615177401574e-07,42.877460308901675,39.4922804840581,0.11720000475179404,0.2789999998640269,10.33409999217838,0.12270000297576189,10.748600005172193,0,True,on_screen,0.7593817515001096
1787910393469,232,1310,2578.231495277823,525.4120447372221,2580.836111804383,515.7645023670544,0,2,ai_agent,0.5026411209184889,351,2,2.0,-4.479329918639224e-06,44.60920539114058,39.500767707966105,0.2091999922413379,1.47790000482928,10.688399997889064,0.1478000049246475,12.330199999269098,0,True,on_screen,0.7593817515001096
1787910393501,233,1311,2582.424947200645,539.4324191932094,2581.3127624232616,522.8648774149009,0,2,ai_agent,0.4924322047253412,383,2,2.0,-1.8816173067499192e-05,43.31459530878828,39.49459427456359,0.11589999485295266,0.2869000018108636,10.823699994944036,0.12850000348407775,11.251200005062856,0,True,on_screen,0.7593817515001096
1787910393517,234,1312,2582.783986487712,544.6714126581022,2581.7541296425966,529.4068379878613,0,2,ai_agent,0.48293158980955453,399,2,2.0,-2.224579256086129e-05,45.16123811390855,39.50486576492822,0.13779998698737472,0.2843999973265454,11.305599997285753,0.14659999578725547,11.747800002922304,0,True,on_screen,0.7593817515001096
1787910393548,235,1313,2585.2175493604395,554.107802960238,2582.7931555579494,536.8171274795743,0,2,ai_agent,0.47148805702660734,430,2,2.0,-3.547211340252515e-05,43.81214676111551,39.49683522658536,0.1303000026382506,0.2899000101024285,11.784900008933619,0.15700000221841037,12.243500008480623,0,True,on_screen,0.7593817515001096
1787910393565,236,1314,2585.9851744059815,557.6782913843002,2583.7507612123586,543.0754766509921,0,2,ai_agent,0.461674726712313,447,2,2.0,-4.337391825993617e-05,45.59448820678344,39.507740172141176,0.15040001017041504,0.32669999927747995,11.667800004943274,0.14650000957772136,12.154799987911247,0,True,on_screen,0.7593817515001096
1787910393597,237,1315,2586.0786478028162,565.4782252439867,2584.449127189496,549.7963012288905,0,2,ai_agent,0.4514242916154668,479,2,2.0,-5.350457307384121e-05,44.155193397680264,39.50134653632185,0.12709999282378703,0.2817000058712438,10.389199989731424,0.1205000007757917,10.803900004248135,0,True,on_screen,0.7593817515001096
1787910393628,238,1316,2586.039740718109,570.359329364989,2584.9263112480794,555.96520966972,0,2,ai_agent,0.44212613473880613,510,2,2.0,-6.48970234837197e-05,42.88257879324491,39.49256862843816,0.1542999962111935,0.3130999975837767,11.248099996009842,0.1343000039923936,11.706599994795397,0,True,on_screen,0.7593817515001096
1787910393645,239,1317,2585.8279419045643,574.2344239623044,2585.1968004450246,561.4459739574953,0,2,ai_agent,0.43397300867225375,527,2,2.0,-6.884803949026505e-05,44.67586221902452,39.50293513707258,0.1990000018849969,0.3336000081617385,11.337600008118898,0.14699999883305281,11.8335000006482,0,True,on_screen,0.7593817515001096
1787910393676,240,1318,2585.998964131279,580.3431733657112,2585.437449550901,567.11513377996,0,2,ai_agent,0.4255286792654204,559,2,2.0,-7.451494008652373e-05,43.38035158141241,39.49603431796051,0.14000000373926014,0.30559999868273735,11.006400003680028,0.12859998969361186,11.452599996118806,0,True,on_screen,0.7593817515001096
1787910393693,241,1319,2589.4150280759723,583.6636343408638,2586.630723108422,572.0796839482311,0,2,ai_agent,0.4171125802103747,575,2,2.0,-7.983152899186316e-05,45.22194589511828,39.50771506000197,0.14509999891743064,0.2886000002035871,10.29039999411907,0.12340000830590725,10.71560000127647,0,True,on_screen,0.7593817515001096
1787910393724,242,1320,2623.2644847409915,592.4170208859694,2597.6208515981925,578.1808850295525,0,2,ai_agent,0.3971597453689055,606,2,2.0,-9.336379840812689e-05,43.837872574541024,39.498871001069425,0.13529999705497175,0.2919999969890341,11.18839999253396,0.14910000027157366,11.641899996902794,0,True,on_screen,0.7593817515001096
1787910393757,243,1321,2643.936716459478,590.9515167176467,2611.515611056578,582.0120745359808,0,2,ai_agent,0.3772176324304197,639,2,2.0,-9.387396609128809e-05,42.56055329358559,39.49098907257154,0.17540001135785133,0.3451000084169209,10.955800011288375,0.12480000441428274,11.443199997302145,0,True,on_screen,0.7593817515001096
1787910393772,244,1322,2659.2332026346317,592.3652337680857,2625.830888529994,585.1180223056123,0,2,ai_agent,0.3574301631835173,654,2,2.0,-9.423340555338514e-05,44.677090716349284,39.50308961970403,0.1517000055173412,0.29939999512862414,10.385699992184527,0.1235999952768907,10.818999988259748,0,True,on_screen,0.7593817515001096
1787910393804,245,1323,2701.200615726443,600.7776531299787,2648.4418066889284,589.8159115529222,0,2,ai_agent,0.3256144566262894,686,2,2.0,-9.539018962294657e-05,43.333991069188414,39.49461083945452,0.1596000074641779,0.3051000094274059,10.825600009411573,0.17500000831205398,11.319299999740906,0,True,on_screen,0.7593817515001096
1787910393821,246,1324,2717.7539902409594,600.120291668778,2669.2354617545375,592.9072255876789,0,2,ai_agent,0.2971380587548902,703,2,2.0,-9.719669698957448e-05,45.13646472910025,39.505197284659744,0.16729999333620071,0.3093999985139817,10.899399989284575,0.13699999544769526,11.358300005667843,0,True,on_screen,0.7593817515001096
1787910393852,247,1325,2762.289075516397,604.0127415151549,2697.1515458830954,596.2388803659217,0,2,ai_agent,0.2587242425181012,734,2,2.0,-9.99154055387301e-05,43.76172754763226,39.49797048099124,0.1908999984152615,0.312299991492182,10.500300006242469,0.12199999764561653,10.949599993182346,0,True,on_screen,0.7593817515001096
1787910393884,248,1326,2775.285128974333,609.214850194755,2720.5916208104663,600.1316713145716,1,2,second_file,0.22447713686592285,0,1,2.2,-0.0001000964918644702,42.52544966916487,39.48928995660026,0.18050000653602183,0.31039999157655984,11.321900004986674,0.152900000102818,11.799100000644103,0,True,on_screen,0.7593817515001096
1787910393901,249,1327,2789.2494683833993,610.6043271195213,2741.188975082346,603.2734680560565,1,2,second_file,0.20117019206919284,16,1,2.2,-0.00010135379483244486,44.18244151494472,39.4996596272284,0.16290000348817557,0.33490000350866467,10.896299994783476,0.1334000116912648,11.378399998648092,0,True,on_screen,0.7593817515001096
1787910393932,250,1328,2810.2449996869846,612.8072922125759,2761.9057824637375,606.1336153030122,1,2,second_file,0.17639906501327252,47,1,2.2,-0.0001003660136937902,42.98265327669281,39.49364143598886,0.1711999939288944,0.30470000638160855,10.300300011294894,0.1297999988310039,10.747699998319149,0,True,on_screen,0.7593817515001096
1787910393949,251,1329,2821.3492953834916,613.8633983619719,2779.7388363396635,608.4525502207001,1,2,second_file,0.1542101415253614,64,1,2.2,-9.868751549093821e-05,44.790176847665506,39.504102533745375,0.11310000263620168,0.2673999988473952,10.368899995228276,0.13169999874662608,10.779100004583597,0,True,on_screen,0.7593817515001096
1787910393981,252,1330,2835.782601736308,616.1405900053578,2796.5519659586566,610.7589621560974,1,2,second_file,0.1328691827767886,96,1,2.2,-9.247291979294289e-05,43.4554770666287,39.49564688482015,0.1753999968059361,0.3367000026628375,10.990399998263456,0.15610000991728157,11.49730000179261,0,True,on_screen,0.7593817515001096
1787910393997,253,1331,2844.4080518308683,615.1151318605368,2810.90879172032,612.0658130674292,1,2,second_file,0.11357841254624279,112,1,2.2,-9.05216775100616e-05,45.348582806451155,39.50637429413192,0.1731999946059659,0.33540000731591135,11.16159999219235,0.12539999443106353,11.636900002486072,0,True,on_screen,0.7593817515001096
1787910394028,254,1332,2857.27650235814,618.086899355097,2824.819104911666,613.8721389537295,1,2,second_file,0.09512965599160905,144,1,2.0,-8.502435423464808e-05,43.96066459904732,39.499657014274824,0.1446999958716333,0.3087999939452857,10.457800002768636,0.12670000432990491,10.905800008913502,0,True,on_screen,0.7593817515001096
1787910394061,255,1333,2860.9931658460027,616.483615448351,2835.6713231919666,614.655581902116,1,2,second_file,0.07992472558758634,177,1,2.0,-8.142479415059953e-05,42.67004353780928,39.49064322534398,0.152900000102818,0.3369000041857362,11.236600010306574,0.13810000382363796,11.723800009349361,0,True,on_screen,0.7593817515001096
1787910394077,256,1334,2866.6707691000306,618.9814561173672,2844.971156964386,615.9533441666913,1,2,second_file,0.06737280387350031,192,1,2.0,-7.693656127008563e-05,44.60847638616194,39.502188563379605,0.1816000003600493,0.3138999891234562,10.59999999415595,0.13080000644549727,11.058599993702956,0,True,on_screen,0.7593817515001096
1787910394108,257,1335,2871.521397911108,620.4459563199772,2852.9362292484025,617.301127812677,1,2,second_file,0.05674435527592747,223,1,2.0,-7.583174259679151e-05,43.295648643025395,39.494857634925815,0.14930000179447234,0.2876999933505431,10.450299989315681,0.13040000339969993,10.88079999317415,0,True,on_screen,0.7593817515001096
1787910394124,258,1336,2877.3750537407236,621.3918400065186,2860.2678765960986,618.5283414708294,1,2,second_file,0.046864670549505494,240,1,2.0,-7.406396392809975e-05,45.20629444620685,39.505685348641656,0.14990000636316836,0.28110000130254775,10.476800001924857,0.1353999978164211,10.904099995968863,0,True,on_screen,0.7593817515001096
1787910394157,259,1337,2882.991585193444,620.4002792848677,2867.084989175302,619.089922815041,1,2,second_file,0.037081302740953226,273,1,1.8,-7.256609851228821e-05,43.76115915663528,39.496346605660776,0.19109999993816018,0.3284999984316528,11.218799991183914,0.14340000052470714,11.703800002578646,0,True,on_screen,0.7593817515001096
1787910394188,260,1338,2892.1111260920875,624.0790815193498,2874.5928302503376,620.5866704263335,1,2,second_file,0.02703497799437571,303,1,1.8,-5.676701367290579e-05,42.570253672008704,39.48955785708441,0.16920000780373812,0.32169999030884355,10.986199995386414,0.1297999988310039,11.45140000153333,0,True,on_screen,0.7593817515001096
1787910394204,261,1339,2894.0340516325055,624.5555604265232,2880.4251966649877,621.7773374263904,-1,-1,off_screen,0.0,0,1,2.0,-5.242826237020215e-05,44.5098214213668,39.50086413081243,0.16419999883510172,0.2905000001192093,10.507499988307245,0.12270000297576189,10.93119999859482,0,True,gaze_outside_screen,0.7593817515001096
1787910394236,262,1340,2901.862749137372,628.1422313140596,2886.856462406703,623.6868055926911,-1,-1,off_screen,0.0,32,1,2.0,-4.2411715360013424e-05,43.189866506336266,39.49274120321899,0.16399999731220305,0.2884999994421378,10.845099997823127,0.14059999375604093,11.28620000963565,0,True,gaze_outside_screen,0.7593817515001096
1787910394253,263,1341,2903.0491286402425,629.3788987283821,2891.7142622767647,625.3944335333983,-1,-1,off_screen,0.0,49,1,2.0,-3.72311486259054e-05,45.04787548760494,39.503764724986226,0.1672000071266666,0.3144000074826181,10.499000010895543,0.11700000322889537,10.942799999611452,0,True,gaze_outside_screen,0.7593817515001096
1787910394285,264,1342,2912.6686821607145,642.3933457008022,2898.0005882419496,630.4941071836195,-1,-1,off_screen,0.0,81,1,2.0,-2.569452935552094e-05,43.66578495008689,39.495406451722765,0.15979999443516135,0.2778999914880842,11.00379999843426,0.12840000272262841,11.422700001276098,0,True,gaze_outside_screen,0.7593817515001096
1787910394301,265,1343,2911.093098987316,643.1263889842965,2901.9283414655592,634.2837917238226,-1,-1,off_screen,0.0,97,1,2.0,-2.477739938190615e-05,45.52240779275066,39.50346445383714,0.10699999984353781,0.2745000092545524,13.3277000131784,0.12179999612271786,13.736900000367314,0,True,gaze_outside_screen,0.7593817515001096
1787910394333,266,1344,2916.585886308248,647.5883647292661,2906.3256049183656,638.2751636254557,-1,-1,off_screen,0.0,128,1,2.0,-8.879093435599367e-06,44.113200165647726,39.49812204944911,0.16000001050997525,0.37689998862333596,11.269299997366033,0.13760000001639128,11.8365999951493,0,True,gaze_outside_screen,0.7593817515001096
1787910394365,267,1345,2919.202388535941,648.2965463723247,2910.188640003638,641.2815784495164,-1,-1,off_screen,0.0,161,1,2.0,-8.32106154643325e-07,42.82505504484253,39.491040178850376,0.13229998876340687,0.3006000042660162,10.809699990204535,0.11850000009872019,11.242000007769093,0,True,gaze_outside_screen,0.7593817515001096
1787910394380,268,1346,2921.357750985722,649.8202806958583,2913.539373298263,643.8431891234189,-1,-1,off_screen,0.0,176,1,2.0,4.270503345945448e-06,44.83110625432965,39.5027333705085,0.12259998766239733,0.26059999072458595,10.18820000172127,0.11389999417588115,10.573100007604808,0,True,gaze_outside_screen,0.7593817515001096
1787910394413,269,1347,2924.821843821401,648.8388729615365,2916.9241144552043,645.3418942748542,-1,-1,off_screen,0.0,209,1,2.0,8.720364138143505e-06,43.388387230777376,39.491855046773765,0.9621000062907115,0.4926999972667545,11.747500000637956,0.13410000246949494,12.390300005790778,0,True,gaze_outside_screen,0.7593817515001096
1787910394429,270,1348,2928.0892856990736,651.8606731312022,2920.2736658283648,647.2975279317586,-1,-1,off_screen,0.0,224,1,2.0,1.415713482324013e-05,45.56921835206481,39.50504249482813,0.152299995534122,0.30610000248998404,10.524100012844428,0.13760000001639128,10.97940000181552,0,True,gaze_outside_screen,0.7593817515001096
1787910394461,271,1349,2927.0465437807397,649.2759656729988,2922.305529214077,647.8910592541306,-1,-1,off_screen,0.0,256,1,1.8,1.7657491995722724e-05,44.1473974193665,39.497810953131825,0.12950001109857112,0.25290000485256314,10.275399996316992,0.10959999053739011,10.647499992046505,0,True,gaze_outside_screen,0.7593817515001096
1787910394492,272,1350,2932.2175516251873,650.5548695523122,2925.27913593741,648.690202343585,-1,-1,off_screen,0.0,288,1,1.8,2.389142838337896e-05,42.88979137885464,39.48941508459809,0.11770000855904073,0.2964000013889745,11.102899996330962,0.14770000416319817,11.557699996046722,0,True,gaze_outside_screen,0.7593817515001096
1787910394509,273,1351,2931.166762448388,649.902962777502,2927.045423890703,649.0540304737601,-1,-1,off_screen,0.0,305,1,1.8,2.519493823435401e-05,44.73623325588559,39.49887845990378,0.1677999971434474,0.3428000054555014,11.858899990329519,0.16739999409765005,12.385900001390837,0,True,gaze_outside_screen,0.7593817515001096
1787910394541,274,1352,2933.0831707523525,649.6849793836653,2928.8567479491976,649.2433151467317,-1,-1,off_screen,0.0,336,1,1.8,2.9653726621298865e-05,43.38292945163274,39.49184891596916,0.15439999697264284,0.301799998851493,11.305699998047203,0.12780001270584762,11.747700002160855,0,True,gaze_outside_screen,0.7593817515001096
1787910394557,275,1353,2935.4967428386913,648.1948913558574,2930.8487464160453,648.9287880094694,-1,-1,off_screen,0.0,352,1,1.8,3.1865858585999884e-05,45.311085934811636,39.50319416608052,0.13919999764766544,0.295000005280599,10.851099999854341,0.11510000331327319,11.27200000337325,0,True,gaze_outside_screen,0.7593817515001096
1787910394588,276,1354,2939.0426174683475,647.4757986301812,2933.306907731736,648.4928911956829,-1,-1,off_screen,0.0,384,1,1.8,3.262717499924461e-05,43.917498008849435,39.49419026313418,0.14910000027157366,0.3203000087523833,12.04479999432806,0.14900001406203955,12.52849999582395,0,True,gaze_outside_screen,0.7593817515001096
1787910394605,277,1355,2940.3322688608796,647.7962782315816,2935.414516070479,648.2839073064524,-1,-1,off_screen,0.0,401,1,1.8,3.231166023468998e-05,45.64978444087262,39.50674024203975,0.11799999629147351,0.29490000451914966,10.201899989624508,0.11280000035185367,10.620500004733913,0,True,gaze_outside_screen,0.7593817515001096
1787910394637,278,1356,2938.853493504193,645.9105620775462,2936.446209300593,647.5719037377805,-1,-1,off_screen,0.0,433,1,1.8,3.670147489637926e-05,44.22564761671561,39.499025815943135,0.12460000289138407,0.27889999910257757,10.384900000644848,0.12299999070819467,10.797599999932572,0,True,gaze_outside_screen,0.7593817515001096
1787910394670,279,1357,2941.382381016702,644.356465782915,2937.9270608154256,646.6072723513208,-1,-1,off_screen,0.0,466,1,1.8,4.264552770843685e-05,42.82283505411976,39.48888462831092,0.1584999990882352,0.3277999931015074,11.331200003041886,0.15069999790284783,11.822400003438815,0,True,gaze_outside_screen,0.7593817515001096
1787910394685,280,1358,2942.379638094252,643.8775688347447,2939.2628339990733,645.788361296348,-1,-1,off_screen,0.0,480,1,1.8,4.307593308780153e-05,45.18012874053642,39.5014325814028,0.14319999900180846,0.29830000130459666,10.708900008467026,0.14269999519456178,11.160599999129772,0,True,gaze_outside_screen,0.7593817515001096
1787910394716,281,1359,2942.9549820544516,643.5063702014871,2940.3704784156866,645.1037639678897,-1,-1,off_screen,0.0,512,1,1.8,4.4776963676374654e-05,43.818751272462826,39.49346788213009,0.19409999367780983,0.37799999699927866,11.179699999047443,0.1632999919820577,11.735100008081645,0,True,gaze_outside_screen,0.7593817515001096
1787910394733,282,1360,2943.106862177938,642.8919265819319,2941.1913935443617,644.4402127521023,-1,-1,off_screen,0.0,529,1,1.8,4.5045631405917635e-05,45.5855385025722,39.505043861666124,0.13980000221636146,0.3004999889526516,10.262700001476333,0.12799999967683107,10.701300008804537,0,True,gaze_outside_screen,0.7593817515001096
1787910394765,283,1361,2943.9689434748043,641.2672856527244,2942.0246585234945,643.4883346222889,-1,-1,off_screen,0.0,561,1,1.8,4.4235336247124e-05,44.16117173768757,39.497034260269686,0.1336999994236976,0.31099999614525586,10.654300000169314,0.11470000026747584,11.094599991338328,0,True,gaze_outside_screen,0.7593817515001096
1787910394796,284,1362,2945.9567394710016,640.1740819070413,2943.2042828077465,642.4940588077146,-1,-1,off_screen,0.0,592,1,1.8,4.634575231539026e-05,42.88752473350436,39.48909747914159,0.12780001270584762,0.3158000035909936,11.079199990490451,0.11660000018309802,11.521499996888451,0,True,gaze_outside_screen,0.7593817515001096
1787910394812,285,1363,2944.016329839939,637.053944226695,2943.4478969174043,640.8620244334087,-1,-1,off_screen,0.0,608,1,1.6,4.569746356701196e-05,44.849670832392334,39.50082468767164,0.13359999866224825,0.24729999131523073,10.221200005616993,0.12310000602155924,10.600300010992214,0,True,gaze_outside_screen,0.7593817515001096
1787910394844,286,1364,2938.318542036913,618.5269927045587,2941.909090453257,634.1615149147536,-1,-1,off_screen,0.0,640,1,1.6,5.2244963075237516e-05,43.500935377986515,39.49219648239171,0.14730000111740083,0.34559999767225236,11.06390000495594,0.15029999485705048,11.575199998333119,0,True,gaze_outside_screen,0.7593817515001096
1787910394860,287,1365,2932.121792500023,611.6328355923964,2938.972901067287,627.4029111180464,-1,-1,off_screen,0.0,655,1,1.6,5.606211666852115e-05,45.37865525461549,39.50277506850343,0.15659999917261302,0.30529999639838934,11.121300005470403,0.14509999891743064,11.583500003325753,0,True,gaze_outside_screen,0.7593817515001096
1787910394892,288,1366,2913.6817101925935,576.689528395142,2931.3855438048786,612.1888963011751,-1,-1,off_screen,0.0,687,1,1.6,8.400387724576477e-05,43.96062250586074,39.49541524873914,0.13050000416114926,0.2786999975796789,10.857899993425235,0.13329999637790024,11.28910000261385,0,True,gaze_outside_screen,0.7593817515001096
1787910394909,289,1367,2912.648000220371,570.9952009593361,2925.7642807295265,599.8307876986233,-1,-1,off_screen,0.0,704,1,1.6,8.685117410575996e-05,45.737590289199744,39.505856926805215,0.12929999502375722,0.26789998810272664,10.867000004509464,0.11760000779759139,11.260700004640967,0,True,gaze_outside_screen,0.7593817515001096
1787910394941,290,1368,2892.418124490322,546.9785467649835,2915.760433857765,583.9751154185313,-1,-1,off_screen,0.0,736,1,1.6,8.382272179474973e-05,44.27668141728861,39.496796606239066,0.20479998784139752,0.3468999930191785,11.831900003016926,0.19869999960064888,12.3922000057064,0,True,gaze_outside_screen,0.7593817515001096
1787910394972,291,1369,2858.827751139018,516.5003343450544,2898.6806290421405,563.7326810964882,-1,-1,off_screen,0.0,767,1,1.6,8.986024803548168e-05,43.00667534220606,39.49016871048406,0.2043999993475154,0.34159999631810933,11.366499995347112,0.1340000017080456,11.858900004881434,0,True,gaze_outside_screen,0.7593817515001096
1787910394988,292,1370,2840.873415159584,496.518802427646,2881.3384648773736,543.5685174958355,-1,-1,off_screen,0.0,783,1,1.6,0.00010233442370879628,44.990849399642485,39.50211727455423,0.11670000094454736,0.2793000021483749,10.360999993281439,0.12659998901654035,10.776600000099279,0,True,gaze_outside_screen,0.7593817515001096
1787910395021,293,1371,2825.348646743202,473.3179820797567,2864.541519437122,522.4933568710119,0,2,ai_agent,0.09003622410129963,0,3,1.8,0.00010463658310031279,43.591184557280314,39.4928047681595,0.179300011950545,0.3237000055378303,11.52330001059454,0.15180000627879053,12.011699989670888,0,True,on_screen,0.7593817515001096
1787910395037,294,1372,2804.5002424112636,461.962438253413,2846.5291363293645,504.33408128573217,0,2,ai_agent,0.1324610296579115,16,3,1.8,0.00011818043781258725,45.49306197829249,39.50494089619744,0.15330000314861536,0.3245999978389591,10.209899992332794,0.1441999920643866,10.688299997127615,0,True,on_screen,0.7593817515001096
1787910395068,295,1373,2780.3876828838193,445.2550616353532,2826.6867002957006,486.6103753906184,0,2,ai_agent,0.1772488896679485,47,3,1.8,0.00014740137893488534,44.0841634049488,39.49736044576808,0.16589999722782522,0.30849999166093767,10.38690000132192,0.12170000991318375,10.828800004674122,0,True,on_screen,0.7593817515001096
1787910395084,296,1374,2768.3238023831777,446.13776160035815,2809.1778309219435,474.4685912535403,0,2,ai_agent,0.2141510100574665,63,3,1.8,0.0001560795046563722,45.89623860803499,39.507790893224396,0.12599999899975955,0.26899999647866935,10.489100008271635,0.1201999984914437,10.886699994443916,0,True,on_screen,0.7593817515001096
1787910395117,297,1375,2760.677739695237,447.992363513895,2794.6278035539317,466.52572293164667,0,2,ai_agent,0.2432948092275894,96,3,1.8,0.00016131245168132455,44.42019181154783,39.49987640847648,0.16009999671950936,0.30980000155977905,10.608399999910034,0.1221999991685152,11.05430000461638,0,True,on_screen,0.7593817515001096
1787910395148,298,1376,2741.455642616144,449.4645416454039,2778.676155272595,461.4073685457738,0,2,ai_agent,0.2727697586404316,127,3,1.8,0.00016448189398302407,43.129446375470245,39.49327159073507,0.1286999904550612,0.2739000046858564,10.059299995191395,0.11989999620709568,10.463500002515502,0,True,on_screen,0.7593817515001096
1787910395164,299,1377,2740.184018936103,444.84397860111216,2767.1285143716473,456.43835156237526,0,2,ai_agent,0.2949789851276561,143,3,1.8,0.0001707391847010943,45.04315179669261,39.50376285390412,0.13020000187680125,0.28670000028796494,10.0415999913821,0.12650000280700624,10.464699997100979,0,True,on_screen,0.7593817515001096
1787910395197,300,1378,2763.869103823885,442.332313097051,2766.1506912073182,452.206540022778,0,2,ai_agent,0.2994714865322444,176,3,1.8,0.00016974779592110467,43.64377097918934,39.49502701720398,0.15029999485705048,0.30810000316705555,10.821900010341778,0.1345000055152923,11.287400004221126,0,True,on_screen,0.7593817515001096
1787910395212,301,1379,2767.827381575963,439.01977640692206,2766.653698317911,448.2505109380212,0,2,ai_agent,0.30130059186189284,190,3,1.8,0.00016652283424770445,45.56929544366209,39.50585107437379,0.12280000373721123,0.31770000350661576,10.690499999327585,0.12400001287460327,11.142199989990331,0,True,on_screen,0.7593817515001096
1787910395245,302,1380,2777.9701936966007,430.03030514702715,2770.048646931518,442.784449200723,0,2,ai_agent,0.29927048886025187,223,3,1.8,0.00019348046281842182,44.130982481374,39.498437732315665,0.12909999350085855,0.29090000316500664,10.509699990507215,0.1328000071225688,10.945600006380118,0,True,on_screen,0.7593817515001096
1787910395277,303,1381,2797.1989691763742,429.4278389068505,2778.1937436049748,438.7774661125612,0,2,ai_agent,0.28829631352903884,256,3,1.8,0.0001946180065784571,42.80318032920249,39.48985128551284,0.12799999967683107,0.3062000032514334,10.999300007824786,0.13580000086221844,11.45350000297185,0,True,on_screen,0.7593817515001096
1787910395292,304,1382,2805.8759948768457,430.1133205803997,2786.498418986536,436.17822245291273,0,2,ai_agent,0.27604408955590554,271,3,1.8,0.00019407897605403304,45.01421905516152,39.50054696681941,0.1188000023830682,0.28249999741092324,11.442600007285364,0.15859999984968454,11.895400006324053,0,True,on_screen,0.7593817515001096
1787910395325,305,1383,2818.650663404405,428.64401272057245,2796.1440923118967,433.9179595332106,0,2,ai_agent,0.26123867512677046,304,3,1.8,0.00019437138299533904,43.62024975322199,39.49303642961608,0.14170000213198364,0.2775000029942021,11.281299986876547,0.11900000390596688,11.689100007060915,0,True,on_screen,0.7593817515001096
1787910395340,306,1384,2881.642998043148,417.74968204126753,2821.793764031272,429.0674762856276,0,2,ai_agent,0.22072652835925055,319,3,1.8,0.00019278344214438206,45.607874595695655,39.50426531319952,0.11269999959040433,0.26440000510774553,10.903400005190633,0.1221999991685152,11.300199999823235,0,True,on_screen,0.7593817515001096
1787910395373,307,1385,2987.1988435060953,403.88264087314406,2871.4152878737186,421.5120256618825,0,2,ai_agent,0.13994609737356833,351,3,1.8,0.00018080072938938055,44.14960358610892,39.49576833355688,0.15350000467151403,0.3079000016441569,11.465800009318627,0.13770000077784061,11.924499995075166,0,True,on_screen,0.7593817515001096
1787910395389,308,1386,3049.0266094255344,368.32107479492436,2924.6986843392633,405.554740401795,-1,-1,off_screen,0.0,0,2,2.0,0.00016643884697356212,45.94204493509534,39.50779478957559,0.12450000212993473,0.2872000040952116,10.037499989266507,0.11639999866019934,10.451499998453073,0,True,gaze_outside_screen,0.7593817515001096
1787910395421,309,1387,3100.7915891301427,303.25444509214304,2977.526555776527,374.8646518088994,-1,-1,off_screen,0.0,32,2,2.0,0.0001311283198009612,44.4769278125681,39.500039091366105,0.14869999722577631,0.27299999783281237,10.29420000850223,0.11940000695176423,10.69790001201909,0,True,gaze_outside_screen,0.7593817515001096
1787910395452,310,1388,3088.4184786157734,245.5495373221993,3010.7941326283008,336.07011746288936,-1,-1,off_screen,0.0,62,2,2.0,0.00013299772085416037,43.17021476533588,39.49149555337551,0.1297999988310039,0.3198000049451366,11.3089999940712,0.1348999940091744,11.779399996157736,0,True,gaze_outside_screen,0.7593817515001096
1787910395468,311,1389,3084.5656679157187,195.63262766642418,3032.925593214526,293.9388705239498,-1,-1,off_screen,0.0,78,2,2.0,0.0001520505867897183,45.10663268263425,39.50352313408724,0.11439999798312783,0.3085000062128529,9.96899999154266,0.112599998828955,10.401100007584319,0,True,gaze_outside_screen,0.7593817515001096
1787910395500,312,1390,3060.873748898725,214.07497615330325,3041.3100399197856,269.9797022127558,-1,-1,off_screen,0.0,111,2,2.0,0.00022185567959272928,43.730804959593435,39.49522533412674,0.1486000110162422,0.28339998971205205,10.796000002301298,0.11740000627469271,11.208299998543225,0,True,gaze_outside_screen,0.7593817515001096
1787910395516,313,1391,3055.8187989046473,204.81361576464602,3045.662667615244,250.42987627832287,-1,-1,off_screen,0.0,127,2,2.0,0.0002197687324373837,45.614724483216506,39.506114606459015,0.11760000779759139,0.25579999783076346,10.451199996168725,0.12160000915173441,10.838000001967885,0,True,gaze_outside_screen,0.7593817515001096
1787910395549,314,1392,3060.8156501935814,170.89080229525257,3050.208562388745,226.56815408340174,-1,-1,off_screen,0.0,160,2,2.0,0.000293855330490516,44.15472926927925,39.498189239286056,0.12749999586958438,0.2931000053649768,10.528300001169555,0.14350000128615648,10.978000005707145,0,True,gaze_outside_screen,0.7593817515001096
1787910395580,315,1393,3080.767159715709,155.70865489872864,3059.3761415868344,205.3103043279998,-1,-1,off_screen,0.0,190,2,2.0,0.00035060394346303134,42.8852756832513,39.490263197920314,0.13980000221636146,0.2769999991869554,11.16909999109339,0.12850000348407775,11.58769999165088,0,True,gaze_outside_screen,0.7593817515001096
1787910395596,316,1394,3091.102453848199,189.71627589846378,3068.8940352652435,200.632095799139,-1,-1,off_screen,0.0,207,2,1.8,0.00048537423539689664,44.82091781086504,39.50135204711063,0.11059999815188348,0.272299992502667,10.528700004215352,0.12229999992996454,10.934499994618818,0,True,gaze_outside_screen,0.7593817515001096
1787910395628,317,1395,3142.670271424838,172.85538134335272,3091.026906113122,192.29908146240308,-1,-1,off_screen,0.0,239,2,1.8,0.0004599186996947745,43.47059848880621,39.49290263704421,0.1750999945215881,0.3392999933566898,11.28910000261385,0.22980000358074903,11.875800002599135,0,True,gaze_outside_screen,0.7593817515001096
1787910395644,318,1396,3063.5722597816857,255.59918044548184,3082.790512213691,211.28911115732672,-1,-1,off_screen,0.0,255,2,1.8,0.00016393839420761336,45.36912769188011,39.503827847342016,0.21769999875687063,0.47480000648647547,10.77860000077635,0.13919999764766544,11.408899998059496,0,True,gaze_outside_screen,0.7593817515001096
1787910395676,319,1397,2975.70030471147,288.5198361356302,3050.6634499630245,234.45832865081775,-1,-1,off_screen,0.0,287,2,1.8,0.0003045326995436033,43.95363504306636,39.496189323123915,0.17160001152660698,0.3386999887879938,11.042600002838299,0.13040000339969993,11.525499998242594,0,True,gaze_outside_screen,0.7593817515001096
1787910395693,320,1398,3080.8362933199232,347.90367223044325,3059.715302970094,268.4919317247054,-1,-1,off_screen,0.0,304,2,1.8,0.00023294702882495008,45.723043565656106,39.50577238818582,0.1297999988310039,0.331300005200319,11.548199996468611,0.14549998741131276,12.03719999466557,0,True,gaze_outside_screen,0.7593817515001096
1787910395725,321,1399,3126.3617353507125,434.50517958179404,3079.7092326842794,318.29590608183196,-1,-1,off_screen,0.0,335,2,1.8,0.0002429702129512802,44.28164880116928,39.49931704720757,0.15269999857991934,0.2955999952973798,10.765699989860877,0.12240000069141388,11.197600004379638,0,True,gaze_outside_screen,0.7593817515001096
1787910395757,322,1400,3116.6534010983905,401.12410550793186,3090.7924832085127,343.14436590966193,-1,-1,off_screen,0.0,368,2,1.8,8.929112750872409e-05,42.97349190793408,39.490763891672536,0.17189999925903976,0.3495999990263954,11.59790001111105,0.17850000585895032,12.139999991632067,0,True,gaze_outside_screen,0.7593817515001096
1787910395773,323,1401,3103.85209898559,541.2578244683998,3094.7103679416355,402.57840347728325,-1,-1,off_screen,0.0,384,2,1.8,0.00011285727415326005,44.96394814794531,39.50179935911245,0.14840000949334353,0.28419999580364674,11.22179999947548,0.12799999967683107,11.64759999664966,0,True,gaze_outside_screen,0.7593817515001096
1787910395804,324,1402,3032.6723550241127,472.55593311500286,3076.0989640663784,423.5716623685991,-1,-1,off_screen,0.0,414,2,1.8,0.00014034936743956283,43.59453701367091,39.49471197920835,0.1373999984934926,0.3048000071430579,10.890100005781278,0.14150000060908496,11.352200002875179,0,True,gaze_outside_screen,0.7593817515001096
1787910395821,325,1403,3000.235321122269,486.1400504738021,3053.339871183145,442.34217880015996,-1,-1,off_screen,0.0,432,2,1.6,0.00014705410205271066,45.362496748795905,39.50475788067555,0.13169999874662608,0.29260000155773014,10.881700000027195,0.13210000179242343,11.318500008201227,0,True,gaze_outside_screen,0.7593817515001096
1787910395853,326,1404,2960.8013207592917,500.83601437752236,3025.5783060559893,459.89032947336864,-1,-1,off_screen,0.0,463,2,1.6,0.00016149845736517995,43.973860710421945,39.49687485478438,0.1795999996829778,0.2776999899651855,11.527299997396767,0.13719999697059393,11.955199996009469,0,True,gaze_outside_screen,0.7593817515001096
1787910395884,327,1405,2949.3277654481344,501.65962143311816,3002.703143873633,472.42111706129344,-1,-1,off_screen,0.0,495,2,1.6,0.00014600287120495464,42.719488034210855,39.49008280210449,0.18930000078398734,0.35259999276604503,11.05939999979455,0.1362000039080158,11.575299999094568,0,True,gaze_outside_screen,0.7593817515001096
1787910395900,328,1406,2955.093433697002,500.39614593442536,2988.4202308206436,480.813625723233,-1,-1,off_screen,0.0,511,2,1.6,0.00012195701445653559,44.682186413007415,39.501089662559934,0.13860000763088465,0.28649999876506627,10.519399991608225,0.12080000306013972,10.937599989119917,0,True,gaze_outside_screen,0.7593817515001096
1787910395932,329,1407,2786.684596501911,490.5504048104497,2927.8995405250234,483.734659449398,-1,-1,off_screen,0.0,542,2,1.6,7.068893971279994e-05,43.347879834375775,39.493232163813445,0.18260000797454268,0.291300006210804,10.995400007232092,0.1309000072069466,11.431099992478266,0,True,gaze_outside_screen,0.7593817515001096
1787910395948,330,1408,2789.8047158400127,486.9687522987122,2886.47109311952,484.70488730419225,-1,-1,off_screen,0.0,559,2,1.6,7.682992119794133e-05,45.20626944628039,39.50196827394429,0.17559999832883477,0.2877999941119924,12.2587000078056,0.1584999990882352,12.720500002615154,0,True,gaze_outside_screen,0.7593817515001096
1787910395981,331,1409,2854.841993618808,465.68153066651803,2876.982363269306,478.99788031288995,0,2,ai_agent,0.09995072955908513,0,4,1.8,0.00014774840905009204,43.80601070467099,39.496323042289845,0.13710001076105982,0.3178999904775992,10.622999994666316,0.13020000187680125,11.086299986345693,0,True,on_screen,0.7593817515001096
1787910395996,332,1410,2918.8686578536253,483.7345434608538,2889.548251644602,480.41887925727906,-1,-1,off_screen,0.0,0,3,2.0,0.00019865818412169098,45.70705342020952,39.507141848928036,0.13649999164044857,0.30050000350456685,10.262199997669086,0.13559999933931977,10.709800000768155,0,True,gaze_outside_screen,0.7593817515001096
1787910396028,333,1411,2923.332560984875,489.96295462990395,2899.6835444466833,483.28210186906654,-1,-1,off_screen,0.0,32,3,2.0,0.00011219718881578036,44.27234366165095,39.499444783644314,0.11930000619031489,0.275999991572462,10.673900003894232,0.13139999646227807,11.093299995991401,0,True,gaze_outside_screen,0.7593817515001096
1787910396061,334,1412,2943.781849424423,546.6499254300536,2912.913035940005,502.29244893736256,-1,-1,off_screen,0.0,65,3,2.0,2.4512353178501173e-05,42.94613449455164,39.49079760095519,0.15839999832678586,0.32560000545345247,11.482800007797778,0.15900000289548188,11.990300001343712,0,True,gaze_outside_screen,0.7593817515001096
1787910396076,335,1413,2964.6255188729833,575.2598984543542,2928.4267808198983,524.18268379246,-1,-1,off_screen,0.0,79,3,2.0,-5.3504516121488654e-05,44.97695181051079,39.50179453325907,0.1336999994236976,0.27439999394118786,11.130300001241267,0.1264000020455569,11.54250001127366,0,True,gaze_outside_screen,0.7593817515001096
1787910396108,336,1414,2957.8210763164893,559.0433694354995,2937.2450694688755,534.6408894853719,-1,-1,off_screen,0.0,111,3,2.0,-0.00010381789216703033,43.61876705412196,39.495158802692934,0.1382999907946214,0.2845999988494441,10.592200007522479,0.12969999806955457,11.020000005373731,0,True,gaze_outside_screen,0.7593817515001096
1787910396125,337,1415,2944.8572705754586,554.8500952576069,2939.5287298008507,540.7036512170423,-1,-1,off_screen,0.0,128,3,1.8,-0.00012982606339472305,45.382614715203914,39.50322078412878,0.1551999885123223,0.30089999199844897,12.210100001539104,0.18020000425167382,12.703200001851656,0,True,gaze_outside_screen,0.7593817515001096
1787910396157,338,1416,2992.498258008358,558.0130204780352,2955.4195882631025,545.8964619953401,-1,-1,off_screen,0.0,161,3,1.6,-0.00014174434029676913,43.969782990066655,39.49695429389594,0.1568000006955117,0.3223999956389889,11.242900000070222,0.13040000339969993,11.708899997756816,0,True,gaze_outside_screen,0.7593817515001096
1787910396188,339,1417,3125.613454762684,545.8385702587519,3006.4777482129766,545.8790944743637,-1,-1,off_screen,0.0,191,3,1.6,-0.00016506427938042453,42.71547237550143,39.49044968344114,0.14910000027157366,0.29859998903702945,10.685800007195212,0.12080000306013972,11.116699999547563,0,True,gaze_outside_screen,0.7593817515001096
1787910396205,340,1418,3157.0212138142742,538.9367745850818,3051.640787893366,543.796398507579,-1,-1,off_screen,0.0,208,3,1.6,-0.00019328578287335085,44.58888473299179,39.50078011533213,0.12820000119972974,0.28509998810477555,10.342800000216812,0.13780000153928995,10.77499998791609,0,True,gaze_outside_screen,0.7593817515001096
1787910396236,341,1419,3266.212819707111,518.9829763118447,3116.012397437489,536.3523718488586,-1,-1,off_screen,0.0,240,3,1.6,-0.00022652097437486293,43.286661559224626,39.49228133101607,0.16599999798927456,0.32419999479316175,11.671399988699704,0.13270000636111945,12.142699997639284,0,True,gaze_outside_screen,0.7593817515001096
1787910396252,342,1420,3266.9759042458686,501.23985098357076,3161.3014494800027,525.8186155892722,-1,-1,off_screen,0.0,256,3,1.6,-0.00023694727837910226,45.210691880856174,39.50294644270045,0.13229998876340687,0.311999989207834,11.325700004817918,0.11510000331327319,11.76330000453163,0,True,gaze_outside_screen,0.7593817515001096
1787910396284,343,1421,3284.4806320372895,514.095521388109,3198.2552042471884,522.3016873289232,-1,-1,off_screen,0.0,287,3,1.6,-0.0002900110206660797,43.808842388095265,39.49563830849987,0.1534000039100647,0.301799998851493,11.236999998800457,0.12589999823831022,11.674699999275617,0,True,gaze_outside_screen,0.7593817515001096
1787910396300,344,1422,3280.073531112982,534.1900029706168,3222.8007023069263,525.8681820214313,-1,-1,off_screen,0.0,303,3,1.6,-0.0003263024515902553,45.66509405935456,39.50638928053914,0.1041999930748716,0.2582000015536323,10.741100006271154,0.1545000122860074,11.163400005898438,0,True,gaze_outside_screen,0.7593817515001096
1787910396332,345,1423,3286.2398876256025,592.4916868358125,3241.832457902529,545.8552334657456,-1,-1,off_screen,0.0,335,3,1.6,-0.00043618386457050864,44.226585578760925,39.49963549441898,0.12620000052265823,0.30890000925865024,10.210899999947287,0.1309000072069466,10.664999994332902,0,True,gaze_outside_screen,0.7593817515001096
1787910396364,346,1424,3248.4848095962698,742.3097855775208,3243.8281634106506,604.7915990992781,-1,-1,off_screen,0.0,368,3,1.6,-0.0005996841710935903,42.93450336052802,39.49151994626298,0.12169999536126852,0.26280000747647136,11.043699996662326,0.12930000957567245,11.447200013208203,0,True,gaze_outside_screen,0.7593817515001096
1787910396380,347,1425,3262.6564113248673,823.9445075231132,3249.4766377849155,670.5374716264286,-1,-1,off_screen,0.0,384,3,1.6,-0.0006676381036281286,44.882743771570446,39.50263438911101,0.09509999654255807,0.23530000180471689,10.23630000418052,0.11559999256860465,10.595300002023578,0,True,gaze_outside_screen,0.7593817515001096
1787910396413,348,1426,3223.90342255267,949.4741860431271,3241.8046732152416,754.2184859514381,-1,-1,off_screen,0.0,417,3,1.6,-0.0007699573764559896,43.493668561564576,39.49512949441533,0.16290000348817557,0.2851000026566908,10.081100001116283,0.1252999936696142,10.503400000743568,0,True,gaze_outside_screen,0.7593817515001096
1787910396429,349,1427,3214.559349404091,984.7595633750421,3233.631076071896,823.3808091785193,-1,-1,off_screen,0.0,432,3,1.6,-0.0007747393501588949,45.39559103100452,39.5054857768811,0.10980000661220402,0.24880000273697078,9.980499991797842,0.11680000170599669,10.354300000471994,0,True,gaze_outside_screen,0.7593817515001096
1787910396460,350,1428,3204.673063099921,1028.5802138816111,3224.943672180303,884.9406305894468,-1,-1,off_screen,0.0,463,3,1.6,-0.0007381236687014243,44.00019165206458,39.497932486527006,0.1277999981539324,0.29150000773370266,10.35280000360217,0.11959999392274767,10.774700000183657,0,True,gaze_outside_screen,0.7593817515001096
1787910396492,351,1429,3245.2360301967883,1028.9262753659525,3231.0313795852485,928.1363240223984,-1,-1,off_screen,0.0,496,3,1.6,-0.0007385232727907358,42.71871126412985,39.49038217269559,0.16670000331941992,0.3077000001212582,10.471299989148974,0.1500999933341518,10.943600005703047,0,True,gaze_outside_screen,0.7593817515001096
1787910396509,352,1430,3255.360703665072,1001.5035315009682,3238.3301768091956,950.1464862659693,-1,-1,off_screen,0.0,513,3,1.4,-0.0007060741732842317,44.61796544113333,39.500860606358174,0.1357000001007691,0.28980000934097916,10.036100007710047,0.12009999772999436,10.455700001330115,0,True,gaze_outside_screen,0.7593817515001096
1787910396540,353,1431,3233.594651873975,973.7912764180059,3236.9095193286294,957.2399233115802,-1,-1,off_screen,0.0,543,3,1.4,-0.0006962533882797148,43.320435467988545,39.49382821997781,0.13719999697059393,0.27570000384002924,10.218600000371225,0.11390000872779638,10.619400010909885,0,True,gaze_outside_screen,0.7593817515001096
1787910396556,354,1432,3201.9598416673234,997.3111486843403,3226.4246160302373,969.2612909234082,-1,-1,off_screen,0.0,559,3,1.4,-0.0006948781536501372,45.237923207184934,39.50256843106126,0.12469998910091817,0.2496999950380996,11.499700005515479,0.1579000090714544,11.916300005395897,0,True,gaze_outside_screen,0.7593817515001096
1787910396589,355,1433,3079.9344931684755,995.9382517576942,3182.4775791717084,977.2643791736939,-1,-1,off_screen,0.0,592,3,1.4,-0.000701014993660428,43.80204694380932,39.496148216001316,0.17329999536741525,0.305499997921288,10.301299989805557,0.12329999299254268,10.743599996203557,0,True,gaze_outside_screen,0.7593817515001096
1787910396604,356,1434,2826.629681337267,1017.5159976565591,3075.723209821376,989.3398647185534,-1,-1,off_screen,0.0,608,3,1.4,-0.0007031102855069478,45.82040897148722,39.506869415329746,0.10219999239780009,0.24470000062137842,10.19339999766089,0.12940001033712178,10.580999994999729,0,True,gaze_outside_screen,0.7593817515001096
1787910396636,357,1435,2537.478227656005,970.6928560610344,2914.2497151717644,983.7457621212975,-1,-1,off_screen,0.0,639,3,1.4,-0.0005766639791822542,44.36447197901912,39.49893223513081,0.13320001016836613,0.272599994787015,10.792899993248284,0.12660000356845558,11.203299989574589,0,True,gaze_outside_screen,0.7593817515001096
1787910396669,358,1436,2246.6949913728276,1073.4876057787915,2713.983298032083,1010.6683152185457,1,2,second_file,0.4118497769424089,0,2,1.6,-0.0005470587344657274,43.01396830922381,39.490314026969095,0.12739999510813504,0.3704999980982393,11.530599993420765,0.13509999553207308,12.049500001012348,0,True,on_screen,0.7593817515001096
1787910396685,359,1437,2377.012577452264,1075.0749536847688,2612.892081858137,1029.9903067584125,1,2,second_file,0.559322822879152,16,2,1.6,-0.0005447592215771756,45.00172143617772,39.502017500247355,0.10170000314246863,0.24639999901410192,10.30749999335967,0.12739999510813504,10.690499999327585,0,True,on_screen,0.7593817515001096
1787910396716,360,1438,2687.8176464281196,917.1775372574108,2635.3697512291315,996.146475908112,1,2,second_file,0.5508258909707051,47,2,1.6,-0.0002544319680021605,43.66022871199853,39.49545723415519,0.13780000153928995,0.2699999895412475,9.988200006773695,0.1252000074600801,10.39360000868328,0,True,on_screen,0.7593817515001096
1787910396732,361,1439,2889.5861595759416,943.7815188924213,2711.634673733174,980.4369888034048,1,2,second_file,0.4314026088169983,63,2,1.6,2.125249408124752e-06,45.492604175101015,39.50487407512087,0.1281000004382804,0.24920000578276813,10.495399998035282,0.14010000450070947,10.8948999986751,0,True,on_screen,0.7593817515001096
1787910396764,362,1440,3058.126321322606,1042.8504981047217,2815.5821680100034,999.1610415937998,1,2,second_file,0.24519547524370378,95,2,1.6,0.00036130012736166825,44.05880266365987,39.49664672509362,0.1588000013725832,0.3080000024056062,11.241899992455728,0.13939999917056412,11.70319999800995,0,True,on_screen,0.7593817515001096
1787910396797,363,1441,3040.988506865119,983.450850198349,2883.204069666538,994.4479841751646,-1,-1,off_screen,0.0,0,4,1.8,0.0004760850508986926,42.76423263349463,39.48744269042156,0.2851999888662249,0.28199999360367656,12.965799993253313,0.12680000509135425,13.384900012169965,0,True,gaze_outside_screen,0.7593817515001096
1787910396813,364,1442,3016.9745102170195,998.6483194569656,2923.3352018316823,995.7080847597049,-1,-1,off_screen,0.0,16,4,1.8,0.0003249545941887248,44.715545213628474,39.500294538789106,0.11819999781437218,0.2882999979192391,10.347399991587736,0.12499999138526618,10.770799999590963,0,True,gaze_outside_screen,0.7593817515001096
1787910396845,365,1443,2922.495625383704,931.1984600709275,2923.0833288972885,976.3551973530716,-1,-1,off_screen,0.0,48,4,1.8,0.0009670383718996985,43.3496193337675,39.49241339791058,0.13509999553207308,0.33070000063162297,10.689299990190193,0.1436000020476058,11.177799999131821,0,True,gaze_outside_screen,0.7593817515001096
1787910396860,366,1444,2806.5380337608017,812.6975525880134,2888.1197403563424,927.2579039235541,-1,-1,off_screen,0.0,62,4,1.8,0.0018350297832205771,45.469976906824165,39.503700997515196,0.16719999257475138,0.26330001128371805,10.163500002818182,0.12430000060703605,10.56020001124125,0,True,gaze_outside_screen,0.7593817515001096
1787910396892,367,1445,2830.0183980993656,763.1892908529882,2870.689337679249,878.0373200023843,1,2,second_file,0.1675457597171971,0,3,2.0,0.001997190047024318,44.04383432946977,39.49577102106719,0.13110000872984529,0.27439999394118786,10.689300004742108,0.2015000063693151,11.176200001500547,0,True,on_screen,0.7593817515001096
1787910396908,368,1446,2863.2186772276627,870.305669201683,2868.448139543773,875.7178247621739,1,2,second_file,0.17129886033031583,16,3,2.0,0.0024458950133322763,45.90868962554242,39.50537273478347,0.13269999180920422,0.262700006715022,11.223600013181567,0.149500003317371,11.645999999018386,0,True,on_screen,0.7593817515001096
1787910396940,369,1447,2878.591164346346,878.1263020436841,2871.4910469845445,876.4403679466269,1,2,second_file,0.16599490811701723,48,3,2.0,0.0025229036913166428,44.43529002620466,39.498122389739734,0.14279999595601112,0.31030000536702573,11.123700009193271,0.15669999993406236,11.605100007727742,0,True,on_screen,0.7593817515001096
1787910396972,370,1448,2663.228505482092,821.8695710756368,2809.0122845338083,860.0691288853299,1,2,second_file,0.2739777034727182,79,3,2.0,0.002697941088244036,43.12379832013368,39.49109419644204,0.1821999903768301,0.32530000316910446,11.047200008761138,0.13420000323094428,11.519000006956048,0,True,on_screen,0.7593817515001096
1787910396989,371,1449,2639.9685050556945,737.3571535005251,2758.299150690374,823.2555362698884,1,2,second_file,0.3526487414136441,97,3,2.0,0.002762500296679276,44.87511151725993,39.498080634523674,0.12569999671541154,0.2851000026566908,13.422399992123246,0.14180000289343297,13.859500002581626,0,True,on_screen,0.7593817515001096
1787910397020,372,1450,2755.54542150233,642.3286145465738,2757.4730319339606,768.977459752894,1,2,second_file,0.32738172862205317,128,3,2.0,0.0027310610470013853,43.551746789154585,39.49367905027683,0.1703000016277656,0.36109999928157777,11.145199998281896,0.1438999897800386,11.66459999512881,0,True,on_screen,0.7593817515001096
1787910397037,373,1451,2681.784350727271,501.60037658728425,2734.7664275719535,688.764334803211,1,2,second_file,0.30068459711628115,144,3,2.0,0.002881121880965086,45.192135395919095,39.50390877019201,0.11280000035185367,0.2899999963119626,10.359699997934513,0.13139999646227807,10.792000000947155,0,True,on_screen,0.7593817515001096
1787910397069,374,1452,2610.29700967453,552.3779378645233,2697.425602202726,647.8484157216046,1,2,second_file,0.3111318282942226,177,3,2.0,0.002836285882511464,43.84330791461664,39.496156561538506,0.1480999926570803,0.2948000037577003,11.341000004904345,0.13010000111535192,11.778400003095157,0,True,on_screen,0.7593817515001096
1787910397101,375,1453,2469.560590364861,584.4184253296213,2629.0660986513667,628.8194186040096,1,2,second_file,0.37287145159680346,209,3,2.0,0.003064722014938435,42.5450063589501,39.48743955502923,0.2725000085774809,0.308599992422387,12.341499998001382,0.1512000017100945,12.81449999078177,0,True,on_screen,0.7593817515001096
1787910397117,376,1454,2364.338273095597,655.7006387205121,2549.6477509846354,636.8837846389604,1,2,second_file,0.46523894236195895,225,3,2.0,0.0032664664147331705,44.69735336622267,39.49933726142528,0.15559999155811965,0.2855000057024881,11.007699999026954,0.13660000695381314,11.4393999974709,0,True,on_screen,0.7593817515001096
1787910397148,377,1455,2338.806867423164,667.9383917146458,2486.395485916194,646.200166761666,1,2,second_file,0.5263545651698964,256,3,2.0,0.0032084285039262646,43.38901359507386,39.493345918151576,0.14500001270789653,0.2845999988494441,10.290299993357621,0.1269000058528036,10.713099996792153,0,True,on_screen,0.7593817515001096
1787910397165,378,1456,2312.9303741130557,691.1244579361015,2434.3559523752524,659.6774541139966,1,2,second_file,0.5711145242309341,273,3,2.0,0.0031172414212327533,45.23448062560965,39.49997727529636,0.1255000097444281,0.2789999998640269,13.23009999759961,0.15539999003522098,13.674699992407113,0,True,on_screen,0.7593817515001096
1787910397197,379,1457,2380.213955742903,625.4914484566257,2418.1133533855473,649.4216524167853,1,2,second_file,0.556157392254079,305,3,2.0,0.0030602389494880228,43.82397962217279,39.49436767894706,0.16650000179652125,0.3552999987732619,11.601499994867481,0.13549999857787043,12.106299996958114,0,True,on_screen,0.7593817515001096
1787910397213,380,1458,2314.593714606398,639.1162661994435,2387.0574617518023,646.3300365515827,1,2,second_file,0.551267704447439,321,3,2.0,0.002939546854743378,45.71506802521738,39.5055317485299,0.1277999981539324,0.25919999461621046,10.624400005326606,0.15950000670272857,11.053800000809133,0,True,on_screen,0.7593817515001096
1787910397245,381,1459,2269.0776415668106,267.0636419322836,2351.663515696305,532.5501181657929,0,2,ai_agent,0.5803813440783159,0,5,2.2,0.003824592654448764,44.274676681516794,39.49846136978999,0.1652000064495951,0.30449999030679464,10.59190000523813,0.13080000644549727,11.04009999835398,0,True,on_screen,0.7593817515001096
1787910397277,382,1460,2248.1796610958754,152.3091444117353,2320.618359316176,418.4778260395756,0,2,ai_agent,0.7480510416914606,32,5,2.2,0.003987500215818465,42.93769218025029,39.49032050455215,0.2271999983349815,0.3054000117117539,11.15130000107456,0.15019999409560114,11.620100005529821,0,True,on_screen,0.7593817515001096
1787910397293,383,1461,2253.8004510420396,212.11141162830577,2300.572986833935,356.56790171619457,0,2,ai_agent,0.7979068763582567,48,5,2.2,0.004090005797783427,45.022490970915946,39.50078790688098,0.17150001076515764,0.3578999894671142,10.91640000231564,0.17290000687353313,11.46179999341257,0,True,on_screen,0.7593817515001096
1787910397324,384,1462,2246.5521011359206,369.13788192088714,2284.3667211245306,360.3388957776023,0,2,ai_agent,0.7695751255963856,78,5,2.2,0.00389506540486868,43.665281674656434,39.493886652942486,0.1967999996850267,0.3505999920889735,10.933700003079139,0.14879999798722565,11.44899999781046,0,True,on_screen,0.7593817515001096
1787910397341,385,1463,2232.8680308833923,514.8517556683943,2268.917114052189,406.6927537448399,0,2,ai_agent,0.7014074489926895,96,5,2.2,0.003951616734072176,45.42185228644784,39.501429107964924,0.18209998961538076,0.35180000122636557,12.869499987573363,0.1294999965466559,13.364500002353452,0,True,on_screen,0.7593817515001096
1787910397373,386,1464,2250.3161705927405,649.9482256329374,2263.336831014354,479.6693953112691,0,2,ai_agent,0.6011959460644312,128,5,2.2,0.004017008059493451,44.021337545976905,39.49653592987844,0.1871999993454665,0.295000005280599,11.00600000063423,0.1277999981539324,11.441299997386523,0,True,on_screen,0.7593817515001096
1787910397404,387,1465,2234.879995279933,668.0162438953703,2254.7997802940276,536.1734498864995,0,2,ai_agent,0.510213548043176,159,5,2.2,0.003993319738342629,42.757669772545036,39.490184468006404,0.1500999933341518,0.29090000316500664,10.437000004458241,0.12369999603834003,10.86300000315532,0,True,on_screen,0.7593817515001096
1787910397420,388,1466,2233.858504171504,668.0505121673923,2248.5173974572704,575.7365685707673,0,2,ai_agent,0.4441952159898882,175,5,2.2,0.003952034399270842,44.70386507802933,39.50020972024338,0.10590000601951033,0.27150000096298754,10.287199998856522,0.12290000449866056,10.691799994674511,0,True,on_screen,0.7593817515001096
1787910397453,389,1467,2113.323672834135,630.6495847637609,2207.9592800703294,592.2104734286654,0,2,ai_agent,0.3822572429427231,208,5,2.2,0.0039916740422244815,43.34328908914192,39.49235689905852,0.23740000324323773,0.31599999056197703,10.755600000265986,0.15160000475589186,11.23659999575466,0,True,on_screen,0.7593817515001096
1787910397468,390,1468,2134.8967082430413,593.1139185878327,2186.0405085221428,592.4815069764156,0,2,ai_agent,0.35978483662109195,223,5,2.2,0.004072764472415304,45.344529968840156,39.50236481525032,0.15320000238716602,0.31519999902229756,10.90459999977611,0.12589999823831022,11.356599992723204,0,True,on_screen,0.7593817515001096
1787910397500,391,1469,2071.9343992953145,548.0604006186187,2151.808675754094,579.1551750690766,0,2,ai_agent,0.3400938637878609,255,5,2.2,0.0038870263105073403,43.92838236093035,39.495052128967714,0.15049999637994915,0.3056999994441867,11.040700002922677,0.13110000872984529,11.488300006021746,0,True,on_screen,0.7593817515001096
1787910397516,392,1470,2138.6638410656215,542.0618869429948,2147.865225347552,568.027188631252,0,2,ai_agent,0.3499003283116845,271,5,2.2,0.003858824627974128,45.77785827252092,39.50295352296708,0.13800000306218863,0.28530000417958945,12.890399986645207,0.15720000374130905,13.343699989491142,0,True,on_screen,0.7593817515001096
1787910397548,393,1471,2244.442741423632,489.242389258955,2176.838480170376,544.3917488195628,0,2,ai_agent,0.41532153264679583,303,5,2.2,0.0035532671751124963,44.334623029894196,39.49804976163362,0.12969999806955457,0.2997999981744215,10.925800001132302,0.13939999917056412,11.37870000093244,0,True,on_screen,0.7593817515001096
1787910397580,394,1472,2333.8526360725673,481.8111660713267,2223.9427269410335,525.617573995092,0,2,ai_agent,0.49441492251501296,335,5,2.2,0.003400236862982336,43.02075018823885,39.49146846785102,0.15490000077988952,0.265800001216121,10.456699994392693,0.11900000390596688,10.851500002900138,0,True,on_screen,0.7593817515001096
1787910397596,395,1473,2455.755921532216,537.9621798959802,2293.486685318388,529.3209557653585,0,2,ai_agent,0.5532990015513887,351,5,2.2,0.0032884732694769374,44.94443362343489,39.50040191993948,0.12700000661425292,0.25440000172238797,11.28910000261385,0.12350000906735659,11.677899994538166,0,True,on_screen,0.7593817515001096
1787910397629,396,1474,2505.9466293622268,596.731226996083,2357.2246685315395,549.5440371345758,0,2,ai_agent,0.5527097976369004,384,5,2.2,0.003645809154666318,43.543800783407406,39.49337089300478,0.1357000001007691,0.3205999964848161,10.79859999299515,0.17839999054558575,11.312699993140996,0,True,on_screen,0.7593817515001096
1787910397645,397,1475,2570.923898210463,730.0388258843748,2421.3344374352164,603.6924737595155,1,2,second_file,0.4751692849842466,0,4,2.4,0.0035977449397047966,45.548074195640595,39.50342570894712,0.10720000136643648,0.26149999757763,10.990800001309253,0.13839999155607074,11.400599993066862,0,True,on_screen,0.7593817515001096
1787910397677,398,1476,2740.501375544165,772.0542539955196,2517.084518867901,654.2010078303167,1,2,second_file,0.5190069277527873,32,4,2.4,0.0033589166732984933,44.12117964514248,39.497214693078966,0.1348000077996403,0.2700000040931627,10.20609999250155,0.13330001092981547,10.620200002449565,0,True,on_screen,0.7593817515001096
1787910397708,399,1477,2670.316238507754,812.2558397643876,2563.0540347598567,701.6174574105379,1,2,second_file,0.5463346272183929,62,4,2.4,0.003348180351308752,42.839677223093716,39.48950650317075,0.15069999790284783,0.2997999981744215,10.848199992324226,0.13279999257065356,11.295100004645064,0,True,on_screen,0.7593817515001096
1787910397724,400,1478,2752.136621252647,863.1056332409481,2619.7788107076935,750.063910159661,1,2,second_file,0.5299761053677421,78,4,2.4,0.0033482893755866633,44.84126215875713,39.50045226547234,0.12459998833946884,0.2513999934308231,9.939800002030097,0.13810000382363796,10.337400002754293,0,True,on_screen,0.7593817515001096
1787910397756,401,1479,2784.064411382011,768.632466399319,2669.0644909099883,755.6344770315584,1,2,second_file,0.46055380362388965,111,4,2.4,0.003298593841785411,43.48217500553049,39.49273491221197,0.14180000289343297,0.2941999991890043,10.530100000323728,0.1357000001007691,10.970700008329004,0,True,on_screen,0.7593817515001096
1787910397772,402,1480,2830.0000664885133,770.4129155935508,2717.3451635835454,760.0680086001561,1,2,second_file,0.38727366008566044,127,4,2.4,0.0032111295621923518,45.41571966551904,39.50095317801888,0.13179999950807542,0.2744999947026372,12.14629999594763,0.14590000500902534,12.57600000826642,0,True,on_screen,0.7593817515001096
1787910397805,403,1481,2804.6613795368826,717.8857262830177,2743.5400283695462,747.4133239050145,1,2,second_file,0.33590748651994895,160,4,2.4,0.002950791737154509,43.95835900459976,39.49396260379879,0.17729999672155827,0.341199993272312,11.614100003498606,0.13530001160688698,12.105000001611188,0,True,on_screen,0.7593817515001096
1787910397821,404,1482,2799.1579692336154,626.8799986234508,2760.225410628767,711.2533263205454,1,2,second_file,0.28153554190051133,176,4,2.4,0.002719986334610104,45.86487198562621,39.50492218268304,0.10790000669658184,0.2614000113680959,10.744300001533702,0.1328000071225688,11.147999990498647,0,True,on_screen,0.7593817515001096
1787910397852,405,1483,2765.266148169796,537.7986446574668,2761.7376318910756,659.2169218216218,1,2,second_file,0.2323028317462177,207,4,2.4,0.0027353591239324994,44.41433120001213,39.49819742797958,0.10889999975915998,0.2623000036692247,10.573799998383038,0.11819999781437218,10.964300003251992,0,True,on_screen,0.7593817515001096
1787910397884,406,1484,2684.679295814914,1006.5311596359869,2738.620131068227,763.4111931659313,1,2,second_file,0.3549378584913927,239,4,2.4,0.0016799547370531277,43.10581849426803,39.48992229821935,0.18190000264439732,0.32160000409930944,11.766600000555627,0.13359999866224825,12.23579999350477,0,True,on_screen,0.7593817515001096
1787910397900,407,1485,2784.6746899523105,1062.445088531169,2752.4364987334516,853.1213617755025,1,2,second_file,0.3718795938888183,255,4,2.4,0.0012557415369051222,45.09139535930345,39.50160697458742,0.10590000601951033,0.26330001128371805,10.159199999179691,0.12229999992996454,10.552499996265396,0,True,on_screen,0.7593817515001096
1787910397932,408,1486,2766.540505776719,986.8945984177609,2756.6677008464317,893.2533327681799,1,2,second_file,0.36977560239110063,286,4,2.4,0.0013734081445622402,43.695425777438786,39.49361614929578,0.13020000187680125,0.2964000013889745,10.907399991992861,0.14319999900180846,11.35799998883158,0,True,on_screen,0.7593817515001096
1787910397948,409,1487,2691.482288290522,913.9709291590523,2737.112077079659,899.4686116854416,1,2,second_file,0.4044357817181268,302,4,2.4,0.0016855643669926625,45.548890906379036,39.50385600936633,0.10940000356640667,0.2542000001994893,10.4326000000583,0.15269999857991934,10.849300000700168,0,True,on_screen,0.7593817515001096
1787910397981,410,1488,2746.347117962884,835.9591633762265,2739.8825893446265,880.4157771926771,1,2,second_file,0.39854598692357257,335,4,2.4,0.001958416509444786,44.10551534923443,39.4963285906422,0.14740000187885016,0.40269999590236694,10.605000003124587,0.13250000483822078,11.203400004887953,0,True,on_screen,0.7593817515001096
1787910398012,411,1489,2768.0938797262065,855.2827456733704,2748.3459764591003,872.8758677368851,1,2,second_file,0.3827271987256319,367,4,2.4,0.001456625307247831,42.86266843261144,39.490258575363264,0.12249998690094799,0.25490000552963465,10.362699991674162,0.1221999991685152,10.748300002887845,0,True,on_screen,0.7593817515001096
1787910398028,412,1490,2668.8101544362476,743.7090776355669,2724.485229852244,834.1258307064895,1,2,second_file,0.41505020496603273,383,4,2.4,0.001884351979971801,44.84485434384959,39.50004333870138,0.10259999544359744,0.24120000307448208,10.395400007837452,0.12770001194439828,10.771599991130643,0,True,on_screen,0.7593817515001096
1787910398061,413,1491,2671.123372897759,721.0717131228461,2708.4766727658985,800.2095954313963,1,2,second_file,0.42721963321102185,416,4,2.4,0.002086158890279976,43.44815147979124,39.49178600648269,0.18149999959859997,0.3291000030003488,11.132999992696568,0.11949999316129833,11.59489998826757,0,True,on_screen,0.7593817515001096
1787910398076,414,1492,2695.0987654459263,786.1963177395658,2704.4633005699066,796.0056121238471,1,2,second_file,0.43160449310484084,430,4,2.4,0.002173317513856299,45.433011114062666,39.503053388767775,0.11470000026747584,0.2506000018911436,9.964999990188517,0.11860000086016953,10.342099994886667,0,True,on_screen,0.7593817515001096
1787910398108,415,1493,2684.5239278320555,744.2267207638561,2698.4814887485513,780.4719447158498,1,2,second_file,0.4319741044680365,463,4,2.4,0.0025327037353728397,44.02016873972346,39.49569045404938,0.10890001431107521,0.26610000350046903,10.376000005635433,0.10469999688211828,10.75799998943694,0,True,on_screen,0.7593817515001096
1787910398124,416,1494,2506.535723273356,821.1052350356496,2640.8977591059925,792.6619318117896,1,2,second_file,0.5340790092568684,479,4,2.2,0.0024981702484601735,45.82432080129675,39.503771183618156,0.13729999773204327,0.2308999974047765,11.816999991424382,0.16959999629762024,12.226899998495355,0,True,on_screen,0.7593817515001096
1787910398156,417,1495,2600.4976413171485,802.1317510177239,2628.777723769339,795.5028775735699,1,2,second_file,0.5556608819418242,510,4,2.2,0.0024156160140927536,44.376213335993576,39.49851804334576,0.1120000088121742,0.26920001255348325,10.257000001729466,0.1306999911321327,10.67059999331832,0,True,on_screen,0.7593817515001096
1787910398188,418,1496,2647.426862712202,790.1888940310686,2634.372465452198,793.9086825108195,1,2,second_file,0.5454975549443271,542,4,2.2,0.0020586200099693766,43.04772570461568,39.491304377751405,0.18280000949744135,0.3360999980941415,10.272500003338791,0.12320000678300858,10.741499994765036,0,True,on_screen,0.7593817515001096
1787910398204,419,1497,2576.410868728344,809.4644019652592,2616.9839864350415,798.5753983471513,1,2,second_file,0.5768519080651326,559,4,2.2,0.0020740461194827912,45.09704103615667,39.50176917262204,0.10600000678095967,0.2317000034963712,9.937599999830127,0.10699999984353781,10.283299998263828,0,True,on_screen,0.7593817515001096
1787910398236,420,1498,2608.173768137465,871.8240858518686,2614.3409209457686,820.5500045985665,1,2,second_file,0.5961548262660368,591,4,2.2,0.00208008183846747,43.68522076807304,39.492802011055915,0.1748000067891553,0.3645999968284741,11.370899999747053,0.17970000044442713,11.929299987968989,0,True,on_screen,0.7593817515001096
1787910398253,421,1499,2622.426218546339,939.7600997382706,2616.76651022594,856.3130331404777,1,2,second_file,0.6093465930522081,608,4,2.2,0.0019431658184304416,45.50435802586613,39.50241743067205,0.1669000048423186,0.29540000832639635,11.41490000009071,0.12959999730810523,11.849999995320104,0,True,on_screen,0.7593817515001096
1787910398285,422,1500,2661.707580492035,866.3609035501637,2630.2488313057684,859.3273942633834,1,2,second_file,0.5869301870939945,640,4,2.2,0.0018585925386519868,44.070089835832995,39.49657205827445,0.16799999866634607,0.2998999989358708,10.25409999419935,0.11660000018309802,10.694800002966076,0,True,on_screen,0.7593817515001096
1787910398317,423,1501,2741.6960512670694,856.4164764603242,2663.6829972941587,858.4541189224657,1,2,second_file,0.5284141580859112,671,4,2.2,0.0015211878944438144,42.79595219095027,39.48779546548063,0.13020000187680125,0.3301000106148422,12.045800001942553,0.1480999926570803,12.539799994556233,0,True,on_screen,0.7593817515001096
1787910398332,424,1502,2654.331063988974,802.4632685357946,2660.877417302603,841.6568638064643,1,2,second_file,0.5277324191592734,687,4,2.2,0.0015705493324150686,44.910586822541916,39.496963828687484,0.10049999400507659,0.2671999973244965,12.991800002055243,0.1269000058528036,13.395400004810654,0,True,on_screen,0.7593817515001096
1787910398364,425,1503,2584.8783923607994,827.2333183310019,2638.077709820062,837.3298001638257,1,2,second_file,0.5650686700898322,719,4,2.2,0.0014826547005778838,43.53236860741684,39.4925961813659,0.1218999968841672,0.26089999300893396,10.431000002427027,0.09719999798107892,10.79710001067724,0,True,on_screen,0.7593817515001096
1787910398380,426,1504,2584.081109447914,784.3216017158436,2621.8787297084173,821.427340629431,1,2,second_file,0.5841624973091701,735,4,2.2,0.0014547075382356327,45.493458949703864,39.5031319180884,0.10390000534243882,0.229199999012053,9.789499992621131,0.09790000331122428,10.124299995368347,0,True,on_screen,0.7593817515001096
1787910398412,427,1505,2606.1893612500608,829.1633289033455,2617.1719191709103,823.7481371116053,1,2,second_file,0.5933680670021049,766,4,2.2,0.0014118665993583211,44.04218883990842,39.49475299347035,0.21209999977145344,0.32730000384617597,10.766300008981489,0.13590000162366778,11.243599990848452,0,True,on_screen,0.7593817515001096
1787910398428,428,1506,2531.9474085973284,810.1382807677538,2591.604565998836,819.6651802084498,1,2,second_file,0.6329505191140112,782,4,2.2,0.0014861880662572179,45.950981706411596,39.50534450518997,0.0999000039882958,0.261199995293282,10.112400006619282,0.11819999781437218,10.499800002435222,0,True,on_screen,0.7593817515001096
1787910398460,429,1507,2541.5351661265704,824.1271008529513,2576.5837460371563,821.0037564018002,1,2,second_file,0.6582421065101605,815,4,2.2,0.0015442498259774957,44.46853021938282,39.498731583545926,0.12789999891538173,0.26599998818710446,9.68230000580661,0.1145999995060265,10.072300006868318,0,True,on_screen,0.7593817515001096
1787910398492,430,1508,2523.2260778378522,841.4230511965902,2560.5764455773647,827.129544840237,1,2,second_file,0.6884711188552473,847,4,2.2,0.0016269496438758267,43.18304278116264,39.4897459741875,0.10459999612066895,0.33039999834727496,11.96019999042619,0.14370000280905515,12.444899999536574,0,True,on_screen,0.7593817515001096
1787910398508,431,1509,2536.9390671923047,842.6965357733812,2553.4852320618465,831.7996421201802,1,2,second_file,0.7032794452215858,862,4,2.2,0.001666157149325425,45.01400581580164,39.500077284290214,0.11799999629147351,0.3020000003743917,11.05729999835603,0.14139999984763563,11.511399992741644,0,True,on_screen,0.7593817515001096
1787910398540,432,1510,2580.5617346384984,862.168560298378,2561.608182834842,840.9103175736395,1,2,second_file,0.6960066276408494,894,4,2.2,0.0015925966958583587,43.6262598559573,39.492995204586016,0.13929999840911478,0.29739999445155263,11.156199994729832,0.1036000030580908,11.566400004085153,0,True,on_screen,0.7593817515001096
1787910398556,433,1511,2583.030533711385,876.428597344056,2568.0348880978045,851.5658015047643,1,2,second_file,0.6910531197964478,911,4,2.2,0.0016288107103561676,45.60265753015609,39.503999908095196,0.10289999772794545,0.23219999275170267,10.092700002132915,0.12040000001434237,10.453999988385476,0,True,on_screen,0.7593817515001096
1787910398589,434,1512,2605.587161258676,874.2524638558609,2579.300570046066,858.3718002100933,1,2,second_file,0.6748111014891371,944,4,2.2,0.0016276353065085812,44.13944090933278,39.49537315490243,0.18829999316949397,0.3074999985983595,11.336499999742955,0.17939999816007912,11.839099999633618,0,True,on_screen,0.7593817515001096
1787910398620,435,1513,2643.9415135398613,899.7548479543967,2598.692853094204,870.7867145333842,1,2,second_file,0.6452029033792661,974,4,2.2,0.0016411934175701685,42.85485836589918,39.48886510834009,0.15330000314861536,0.33409999741706997,11.046999992686324,0.12399999832268804,11.51650000247173,0,True,on_screen,0.7593817515001096
1787910398636,436,1514,2671.2267055283382,890.1332142828284,2620.453008824444,876.5906644582174,1,2,second_file,0.6083441865785426,990,4,2.2,0.0016665893123956645,44.9277430088891,39.49963160722586,0.11929999163839966,0.2443999983370304,10.296399996150285,0.11409999569877982,10.66240000363905,0,True,on_screen,0.7593817515001096
1787910398668,437,1515,2719.766034378797,850.1742796377201,2650.2469164907498,868.6657490120682,1,2,second_file,0.5544457557425224,1023,4,2.2,0.001975815225635131,43.56657443865647,39.491912537243806,0.1283999881707132,0.24449999909847975,11.109899991424754,0.17979998665396124,11.543500004336238,0,True,on_screen,0.7593817515001096
1787910398685,438,1516,2691.177347768629,786.78058639764,2662.526045874113,844.1002002277397,1,2,second_file,0.5258073673477628,1039,4,2.2,0.0021969431651568984,45.24430091238261,39.50158453596784,0.15279999934136868,0.2877000079024583,10.463399987202138,0.1331000094069168,10.894399994867854,0,True,on_screen,0.7593817515001096
1787910398716,439,1517,2679.7502045454085,736.3173484169018,2667.6932934755014,811.7653446844884,1,2,second_file,0.5020483475052548,1071,4,2.2,0.002395364231773379,43.87323135768117,39.495415218856124,0.1360000023851171,0.37909999082330614,9.998699999414384,0.10900000052060932,10.496000002603978,0,True,on_screen,0.7593817515001096
1787910398733,440,1518,2675.480849633572,740.2882833060119,2670.0295603229224,790.3222262709454,1,2,second_file,0.48509974088537666,1088,4,2.2,0.002475507176011107,45.617867994126755,39.504761748611514,0.10380000458098948,0.229199999012053,10.069500000099652,0.10799999290611595,10.41409999015741,0,True,on_screen,0.7593817515001096
1787910398764,441,1519,2679.732040580523,715.8829520413823,2672.9403044002024,767.9904440020764,1,2,second_file,0.4643690273806962,1118,4,2.2,0.0024502754959655863,44.206570623282985,39.49411702107128,0.17270000535063446,0.298099999781698,13.898499993956648,0.14089999604038894,14.350299999932759,0,True,on_screen,0.7593817515001096
1787910398796,442,1520,2730.432007567731,757.7213974859111,2690.187815350461,764.9097300472267,1,2,second_file,0.4345067524480962,1151,4,2.2,0.0023864451473751998,42.9283343567832,39.49122570566376,0.11799999629147351,0.4115999909117818,10.108599992236122,0.13509999553207308,10.66529999661725,0,True,on_screen,0.7593817515001096
1787910398812,443,1521,2756.9722533457175,682.2159576736057,2710.223146749038,740.1015983351404,1,2,second_file,0.38342216543797525,1167,4,2.2,0.00254371665200746,44.84637243076905,39.50068608484808,0.16110000433400273,0.25290000485256314,10.265599994454533,0.13549999857787043,10.6625000044005,0,True,on_screen,0.7593817515001096
1787910398844,444,1522,2884.2428222305134,721.6900057256497,2762.4290493934805,734.5781205522932,1,2,second_file,0.29616882636024067,1199,4,2.2,0.002744981789271562,43.48890466175434,39.49230703610413,0.14319999900180846,0.31709999893791974,11.689599996316247,0.15659999917261302,12.175900003057905,0,True,on_screen,0.7593817515001096
1787910398860,445,1523,2928.0008462899295,811.24218736448,2812.100588462415,757.5773405959492,1,2,second_file,0.22970426394631127,1214,4,2.2,0.002688411487214524,45.36515254555373,39.50135758229745,0.1340000017080456,0.4141999961575493,12.017899993225,0.15139998868107796,12.597499997355044,0,True,on_screen,0.7593817515001096
1787910398892,446,1524,2939.1449772615224,856.8252722541006,2850.213905102147,787.3517200933945,1,2,second_file,0.18010422978809904,1246,4,2.0,0.0028412257082186775,43.949794366257755,39.49563104718919,0.1444000081392005,0.3158000035909936,10.897699990891851,0.2401999954599887,11.467599993920885,0,True,on_screen,0.7593817515001096
1787910398925,447,1525,2873.3983892878496,918.6139699685823,2857.1692503578574,826.7303950559508,1,2,second_file,0.18202894339552478,1279,4,2.0,0.002684850088688715,42.67707319779468,39.488632821578335,0.1714999962132424,0.33059999987017363,11.104499993962236,0.15279999934136868,11.601600010180846,0,True,on_screen,0.7593817515001096
1787910398940,448,1526,2897.6202233661666,751.9049991791505,2869.30454226035,804.2827762929106,1,2,second_file,0.1538282206971171,1295,4,2.0,0.0026599944532497317,44.75357741415419,39.497297856819436,0.12240000069141388,0.29179999546613544,12.224499994772486,0.15719998918939382,12.684999994235113,0,True,on_screen,0.7593817515001096
1787910398972,449,1527,2918.475625102853,780.9074439261584,2884.0558671131007,797.2701765828849,-1,-1,off_screen,0.0,0,5,2.2,0.002447023218555732,43.40095568971193,39.49272900840131,0.12080000306013972,0.29120000544935465,10.02149999840185,0.12789999891538173,10.4525999922771,0,True,gaze_outside_screen,0.7593817515001096
1787910398988,450,1528,2904.1018245473474,757.3448243985313,2890.0696543433746,785.2925709275787,-1,-1,off_screen,0.0,16,5,2.2,0.002490344975940636,45.24087149174248,39.50178630542164,0.10220000694971532,0.23960000544320792,10.352299999794923,0.12110000534448773,10.721200000261888,0,True,gaze_outside_screen,0.7593817515001096
1787910399021,451,1529,2909.7669051644893,845.5811927283297,2895.9788295897088,803.3791574678039,-1,-1,off_screen,0.0,49,5,2.2,0.0022647237543727584,43.83084619992202,39.49355214810066,0.1328000071225688,0.2868000010494143,11.53199998952914,0.1638999965507537,11.994799991953187,0,True,gaze_outside_screen,0.7593817515001096
1787910399037,452,1530,2878.957899806476,813.7829681568136,2890.872550654739,806.5003006745068,-1,-1,off_screen,0.0,65,5,2.2,0.0021185385478048845,45.704800750104546,39.50408655962188,0.14709999959450215,0.34189999860245734,10.52759999583941,0.11979999544564635,11.002300001564436,0,True,gaze_outside_screen,0.7593817515001096
1787910399069,453,1531,2826.1297685812165,819.0816006513011,2871.449716032682,810.274690667545,1,2,second_file,0.15215727621437902,0,5,2.4,0.002089325008644328,44.26627949575133,39.496998526081875,0.13130001025274396,0.3647999983513728,10.831299994606525,0.13509999553207308,11.342199999489821,0,True,on_screen,0.7593817515001096
1787910399100,454,1532,2804.648234590946,836.3725185443762,2851.409271600161,818.1040390305943,1,2,second_file,0.18949377167101156,30,5,2.4,0.0020261347180190008,42.971786943121465,39.490919362102716,0.18909999926108867,0.3456999984337017,10.206199993262999,0.1404999929945916,10.704300002544187,0,True,on_screen,0.7593817515001096
1787910399117,455,1533,2793.187861647398,827.9201561050745,2833.942848614332,821.0488741529383,1,2,second_file,0.22078403761852627,48,5,2.4,0.0019355101574511611,44.871585364161675,39.49950504388156,0.1824999926611781,0.374399998690933,10.91939999605529,0.14429999282583594,11.451800004579127,0,True,on_screen,0.7593817515001096
1787910399148,456,1534,2798.7228920307016,825.8871336153056,2823.3768616392426,822.5003519916485,1,2,second_file,0.23960765923079097,78,5,2.4,0.0018094821335106377,43.520166736793875,39.49360760817607,0.1841999910539016,0.34980000054929405,10.19780000206083,0.11789999553002417,10.67730000067968,0,True,on_screen,0.7593817515001096
1787910399164,457,1535,2752.2845167645723,840.0650897539624,2802.0491581768415,827.7697733203427,1,2,second_file,0.27834301838309494,95,5,2.4,0.001820988015091892,45.42225431487896,39.5029967140602,0.11910000466741621,0.24909999046940356,10.39360000868328,0.11910000466741621,10.770399996545166,0,True,on_screen,0.7593817515001096
1787910399197,458,1536,2798.3692135634697,771.3034979538565,2800.9451747928297,810.8298907103967,1,2,second_file,0.2743586469734952,128,5,2.4,0.0017444042692631376,43.99871354785955,39.4952494774504,0.19150000298395753,0.36269999691285193,11.121500006993301,0.14770000416319817,11.647300008917227,0,True,on_screen,0.7593817515001096
1787910399228,459,1537,2802.458618948823,771.3849213399361,2801.3992080396274,798.9963998992584,1,2,second_file,0.26875712612038327,158,5,2.2,0.0017274082737922976,42.73506398591414,39.488658610594314,0.17759999900590628,0.28330000350251794,11.159600006067194,0.1221999991685152,11.576699995202944,0,True,on_screen,0.7593817515001096
1787910399244,460,1538,2797.4415698137177,735.989334439086,2800.2119165718545,780.0942802612067,1,2,second_file,0.2619090323645882,174,5,2.2,0.0017437390891431002,44.712143582948435,39.499177751932315,0.10649999603629112,0.24649999977555126,10.150400004931726,0.12370001059025526,10.529600011068396,0,True,on_screen,0.7593817515001096
1787910399276,461,1539,2801.520485239718,713.6367385538372,2800.6044871722133,760.1570177489957,1,2,second_file,0.2503850034639572,207,5,2.2,0.0016649198544182418,43.38614707843799,39.49277582952195,0.09339999814983457,0.23599999258294702,9.983299998566508,0.14039999223314226,10.368300005211495,0,True,on_screen,0.7593817515001096
1787910399293,462,1540,2799.368465090953,704.8691253297984,2800.233680547835,743.5706500232366,1,2,second_file,0.24083391285266742,223,5,2.2,0.001658593769515132,45.120173297409266,39.5011097054402,0.12599999899975955,0.29159999394323677,10.507899991353042,0.1816000003600493,10.995199991157278,0,True,on_screen,0.7593817515001096
1787910399325,463,1541,2804.240119230293,706.7595628112497,2801.435612152572,732.5273238596404,1,2,second_file,0.23155708135249997,256,5,2.2,0.0016725896626674681,43.73320479629144,39.49483274314459,0.12450000212993473,0.3912999964086339,9.982599993236363,0.12549999519251287,10.511399988899939,0,True,on_screen,0.7593817515001096
1787910399340,464,1542,2792.547036631153,733.0634833444017,2798.769039496146,732.6881717050687,1,2,second_file,0.2360126717081722,270,5,2.2,0.0016699904415598578,45.75599548124693,39.50465871882012,0.11130000348202884,0.24120000307448208,10.122299994691275,0.11340000492054969,10.485599996172823,0,True,on_screen,0.7593817515001096
1787910399372,465,1543,2786.990991167264,757.0720894822322,2795.235624997481,740.0033470382177,1,2,second_file,0.2467089927991173,302,5,2.2,0.0016684194163151846,44.297389157542,39.495311150182125,0.12650000280700624,0.28419999580364674,12.496299998019822,0.1703999878372997,12.96110000112094,0,True,on_screen,0.7593817515001096
1787910399404,466,1544,2805.666907903224,849.5525677436237,2798.3650098692037,772.8681132498394,1,2,second_file,0.26125338602112624,335,5,2.2,0.0018227829126395909,42.99938346758605,39.49065515669279,0.11439999798312783,0.31289999606087804,10.510200008866377,0.1255000097444281,10.958300001220778,0,True,on_screen,0.7593817515001096
1787910399420,467,1545,2811.5229618750755,896.1369405715128,2802.3123954709654,809.8487614463413,1,2,second_file,0.27162360243026973,351,5,2.2,0.001828533620013062,44.93883815575068,39.50056245605214,0.09499999578110874,0.2449999883538112,10.071199998492375,0.11700000322889537,10.441100006573834,0,True,on_screen,0.7593817515001096
1787910399452,468,1546,2816.4559788149113,970.3212265753812,2806.555470474149,857.9905009850531,1,2,second_file,0.27792920601722193,382,5,2.2,0.0018607228756790939,43.57490357244063,39.489323153437944,0.10370000381954014,0.2454999921610579,14.49960000172723,0.18560000171419233,14.947500007110648,0,True,on_screen,0.7593817515001096
1787910399469,469,1547,2818.524757713916,941.7497267238664,2810.146256646079,883.1182687066971,1,2,second_file,0.2747962000417117,400,5,2.2,0.0018396060504149263,45.343925698093344,39.50173819904652,0.11819999781437218,0.3178000042680651,11.149600002681836,0.15740000526420772,11.635700007900596,0,True,on_screen,0.7593817515001096
1787910399500,470,1548,2833.5766077326643,850.9302160831819,2817.1753619720544,873.4618529196425,1,2,second_file,0.2615019377737666,430,5,2.2,0.001815496812005695,43.957761148279516,39.496375591369386,0.11269999959040433,0.26649999199435115,10.097499995026737,0.13380000018514693,10.507800005143508,0,True,on_screen,0.7593817515001096
1787910399533,471,1549,2859.1855116683378,798.3632524990845,2829.778406880939,850.932272793475,1,2,second_file,0.23579388317284278,463,5,2.2,0.0017762387882106837,42.63749810608968,39.48900704817196,0.16229999891947955,0.26359999901615083,10.189199994783849,0.16759999562054873,10.629700002027676,0,True,on_screen,0.7593817515001096
1787910399548,472,1550,2866.2808058922046,794.8989596974769,2840.7291265843187,834.1222788646755,1,2,second_file,0.21272995517665305,479,5,2.2,0.0017587038616721888,44.86561074402046,39.49875207005587,0.1109000004362315,0.2460000105202198,10.413299998617731,0.19609999435488135,10.865500007639639,0,True,on_screen,0.7593817515001096
1787910399580,473,1551,2831.412445242965,771.3744255703416,2837.9341221819127,815.2979228763753,1,2,second_file,0.21197964254010537,510,5,2.2,0.0018251303519296012,43.49324729585141,39.49159975989447,0.1368000084767118,0.30339999648276716,10.724099993240088,0.1432999997632578,11.183299997355789,0,True,on_screen,0.7593817515001096
1787910399597,474,1552,2837.9515455785922,727.9960565460061,2837.9393492009162,789.1073629772645,1,2,second_file,0.20189039961863264,527,5,2.2,0.001814012232756599,45.3295533495983,39.50174876429938,0.11899998935405165,0.2761999930953607,9.82829999702517,0.12769999739248306,10.24160000088159,0,True,on_screen,0.7593817515001096
1787910399629,475,1553,2831.401148140583,632.3880980362666,2835.977888882816,742.0915834949651,1,2,second_file,0.18080954900614532,559,5,2.2,0.001623434209664116,43.92430543644148,39.49415439467971,0.17189999925903976,0.3074999985983595,10.69709999137558,0.12959999730810523,11.144500007503666,0,True,on_screen,0.7593817515001096
1787910399644,476,1554,2828.800053887067,486.0687631203483,2833.8245383840913,665.28473738258,1,2,second_file,0.1285944443874143,575,5,2.2,0.001175955901062585,45.80138875374611,39.50344525205556,0.14859999646432698,0.2922999992733821,10.795299996971153,0.15949999215081334,11.26030000159517,0,True,on_screen,0.7593817515001096
1787910399676,477,1555,2724.857320806,522.6997867755028,2801.134373110664,622.5092522004568,1,2,second_file,0.1382922401201998,607,5,2.2,0.0009048116468256713,44.35377773407703,39.49711982556659,0.12399999832268804,0.3862999874399975,10.439000005135313,0.11619999713730067,10.955399993690662,0,True,on_screen,0.7593817515001096
1787910399708,478,1556,2761.790867864314,597.795331966889,2789.331321536759,615.0950761303864,1,2,second_file,0.14768858450403455,638,5,2.2,0.000669161848939958,43.04860392531519,39.490376789048646,0.11470000026747584,0.36460001138038933,10.558800000580959,0.1201999984914437,11.053700000047684,0,True,on_screen,0.7593817515001096
1787910399724,479,1557,2733.991932600405,695.9150073941802,2772.7295048558526,639.3410555095245,1,2,second_file,0.19646852892416578,654,5,2.2,0.0007561322564018473,45.02522947961693,39.49833762608629,0.10779999138321728,0.2521000133128837,12.101300002541393,0.14769998961128294,12.510200001997873,0,True,on_screen,0.7593817515001096
1787910399757,480,1558,2833.841505599042,572.0915614511006,2791.0631050788093,619.1662072919974,1,2,second_file,0.14943293630678112,687,5,2.2,0.0006116068938549733,43.61842298901661,39.49214270488082,0.1323000033153221,0.341799997841008,11.230899996007793,0.12579999747686088,11.712400009855628,0,True,on_screen,0.7593817515001096
1787910399772,481,1559,2872.426759032728,561.2278271092187,2815.4722012649845,601.7846932371638,1,2,second_file,0.09649468998251653,703,5,2.2,0.0006674790061559112,45.625439518123756,39.50249348530721,0.112599998828955,0.24819999816827476,10.610500001348555,0.12209999840706587,10.988599999109283,0,True,on_screen,0.7593817515001096
1787910399805,482,1560,2919.145701653631,523.4891632026644,2846.5742513815785,578.296034226814,0,2,ai_agent,0.0703972955676272,0,6,2.4,0.0008423863501815405,44.166134106235816,39.4953518882387,0.11209999502170831,0.3367000026628375,10.689300004742108,0.18289999570697546,11.220100001082756,0,True,on_screen,0.7593817515001096
1787910399821,483,1561,2929.712294940977,593.4659313479674,2871.5156644493977,582.84700336316,0,2,ai_agent,0.028609229761789368,16,6,2.4,0.0008983936188085052,45.965217814715444,39.50383387111138,0.254700004006736,0.34889999369625,11.455100000603124,0.14619999274145812,11.96479999634903,0,True,on_screen,0.7593817515001096
1787910399853,484,1562,2915.88505628181,562.9667282449443,2884.8264819991214,576.8829208276952,-1,-1,off_screen,0.0,0,6,2.6,0.0010389232131481248,44.49247580678577,39.49826651793591,0.16539999342057854,0.39430000470019877,10.291800004779361,0.1424999936716631,10.839900001883507,0,True,gaze_outside_screen,0.7593817515001096
1787910399884,485,1563,2880.302337768496,447.8297709219884,2883.4692387299337,538.1669758559832,-1,-1,off_screen,0.0,31,6,2.6,0.00098055824468107,43.2070843342151,39.49243114670836,0.12250000145286322,0.2570000069681555,10.005899996031076,0.1238999975612387,10.397300007753074,0,True,gaze_outside_screen,0.7593817515001096
1787910399900,486,1564,2872.639741076181,414.44010420225476,2880.2203894338077,501.0489143598646,-1,-1,off_screen,0.0,47,6,2.6,0.0009539309168672301,45.09420148514948,39.500409030012705,0.1331999956164509,0.2677000011317432,11.134900007164106,0.1981000095838681,11.611599999014288,0,True,gaze_outside_screen,0.7593817515001096
1787910399932,487,1565,2891.4600128399557,440.2345853360554,2883.5922764556517,482.80461565272185,-1,-1,off_screen,0.0,78,6,2.6,0.0009983116967039705,43.70800500321478,39.49305124558168,0.13040000339969993,0.3017000126419589,11.85290000285022,0.1235999952768907,12.291000006371178,0,True,gaze_outside_screen,0.7593817515001096
1787910399948,488,1566,2889.846287051701,400.743128994514,2885.4684796344663,458.18616965525945,-1,-1,off_screen,0.0,95,6,2.6,0.001054973813293919,45.572551438169725,39.503487078246245,0.12519999290816486,0.2795000036712736,10.675800003809854,0.13349999790079892,11.099000010290183,0,True,gaze_outside_screen,0.7593817515001096
1787910399980,489,1567,2849.0392593176052,478.0860648555671,2874.539713539408,464.15613821535175,0,2,ai_agent,0.1129043140368482,0,7,2.8,0.0010330466733482653,44.14946373344152,39.49663452377807,0.12430000060703605,0.3003000019816682,10.940400010440499,0.13500000932253897,11.388699989765882,0,True,on_screen,0.7593817515001096
1787910400012,490,1568,2866.1833452622395,514.4770073627649,2872.032803056257,479.25239895957566,0,2,ai_agent,0.10797263115977296,32,7,2.8,0.0011386400105921242,42.84509206973942,39.48987373986622,0.12630000128410757,0.3037999995285645,10.908199998084456,0.1314000110141933,11.355700000422075,0,True,on_screen,0.7593817515001096
1787910400028,491,1569,2842.7449751791182,591.2852513532008,2863.246454693115,512.8622546776631,0,2,ai_agent,0.09933507491463722,48,7,2.6,0.0012719806612578703,44.82259810930497,39.49881387503764,0.1382999907946214,0.2888000017264858,11.29199999559205,0.12450000212993473,11.716400011209771,0,True,on_screen,0.7593817515001096
1787910400060,492,1570,2811.153212331956,613.2229614663021,2847.618481984767,542.9704667142548,0,2,ai_agent,0.10022031911966056,79,7,2.6,0.0014037505603282131,43.479395387740055,39.493191768664005,0.1508999994257465,0.2869000018108636,10.401199993793853,0.13519999629352242,10.835399996722117,0,True,on_screen,0.7593817515001096
1787910400077,493,1571,2803.944925013322,601.2974026713166,2834.5164148933336,560.4685475013733,0,2,ai_agent,0.10500005396670731,96,7,2.6,0.0013605349076969975,45.27124660212453,39.50047105883052,0.16200001118704677,0.291000003926456,12.091099997633137,0.146100006531924,12.538599999970756,0,True,on_screen,0.7593817515001096
1787910400109,494,1572,2793.334046401743,512.9014075802851,2822.1617043458564,546.1984055250468,0,2,ai_agent,0.13662003311045168,128,7,2.6,0.0013156086124934858,43.863040052872655,39.49492185500023,0.14849999570287764,0.29429999995045364,10.956199999782257,0.12100000458303839,11.383800010662526,0,True,on_screen,0.7593817515001096
1787910400125,495,1573,2798.651141057789,577.0019636972949,2815.1085353594362,555.4394729767213,0,2,ai_agent,0.13891813018398347,144,7,2.6,0.0013167554590005452,45.74098721798855,39.50452267389628,0.12569999671541154,0.27430000773165375,10.657000006176531,0.12009999772999436,11.060600008931942,0,True,on_screen,0.7593817515001096
1787910400157,496,1574,2807.616319373446,695.7128629407217,2812.860870563639,597.5214899659213,0,2,ai_agent,0.10095567553101892,177,7,2.6,0.0012961484167752883,44.28968302216695,39.49694135961321,0.1345000055152923,0.29590001213364303,11.55510000535287,0.13770000077784061,11.999499998637475,0,True,on_screen,0.7593817515001096
1787910400188,497,1575,2813.379768326476,689.0036205297603,2813.01653989249,624.966129135073,1,2,second_file,0.12336065402700547,0,6,2.8,0.0012968345259979225,43.00977551327602,39.490900758629905,0.1399999891873449,0.3397000109544024,11.170900004799478,0.13749999925494194,11.661900003673509,0,True,on_screen,0.7593817515001096
1787910400204,498,1576,2835.548130881338,679.2128521324092,2819.776017189144,641.2401460342738,1,2,second_file,0.12882086837759998,16,6,2.8,0.00129636687432828,44.95407496805731,39.50071447793666,0.11419999646022916,0.29830000130459666,10.613399994326755,0.13349999790079892,11.05709999683313,0,True,on_screen,0.7593817515001096
1787910400236,499,1577,2839.2117527630085,683.803313871321,2825.6067378613034,654.0090963853879,1,2,second_file,0.1315406397858616,48,6,2.8,0.001322191701817202,43.5811402198699,39.493888795286246,0.15449999773409218,0.3778999962378293,10.719999991124496,0.13529999705497175,11.247100002947263,0,True,on_screen,0.7593817515001096
1787910400252,500,1578,2848.3963041117013,682.3959916994241,2832.4436077364226,662.5251649795987,1,2,second_file,0.12840322760715217,64,6,2.8,0.0013330374452730602,45.446150079459855,39.502492887667664,0.1689000055193901,0.33170000824611634,11.294100011582486,0.15560000611003488,11.79569998930674,0,True,on_screen,0.7593817515001096
1787910400285,501,1579,2845.317327087631,669.6948486022628,2836.3057235417846,664.6760700663979,1,2,second_file,0.12422669022124588,97,6,2.8,0.0013802819523885644,44.01204205379769,39.49526887324055,0.13559999933931977,0.3040000010514632,11.831799987703562,0.12349999451544136,12.272599997231737,0,True,on_screen,0.7593817515001096
1787910400316,502,1580,2831.0673194439187,664.4206344743736,2834.7342023124247,664.5994393887906,1,2,second_file,0.1266048235788868,128,6,2.8,0.0014129712708572696,42.77451378713251,39.490232683301286,0.12499999138526618,0.2810000005410984,10.660600004484877,0.13250000483822078,11.085000005550683,0,True,on_screen,0.7593817515001096
1787910400332,503,1581,2829.2868273030504,659.8037461001891,2833.099989809612,663.1607314022101,1,2,second_file,0.12792590081670174,144,6,2.8,0.0014206382057132018,44.730038591704854,39.4998458069436,0.1145999995060265,0.2528000040911138,10.233000008156523,0.12570001126732677,10.62080000701826,0,True,on_screen,0.7593817515001096
1787910400364,504,1582,2836.9545121741508,655.0989766419884,2834.2563465189733,660.7422049741435,1,2,second_file,0.12407910601250671,176,6,2.8,0.001425750793454767,43.3621908436188,39.492834418378116,0.13179999950807542,0.3116000007139519,10.37049999285955,0.1466999965487048,10.843399999430403,0,True,on_screen,0.7593817515001096
1787910400380,505,1583,2846.557706698414,649.4458230230623,2837.9467545728053,657.3532903888191,1,2,second_file,0.11547711795701221,192,6,2.8,0.0014271605468979438,45.293363772143536,39.502530829578475,0.12150000839028507,0.2688000095076859,9.977599998819642,0.11420001101214439,10.36970000131987,0,True,on_screen,0.7593817515001096
1787910400412,506,1584,2857.5591242018577,638.8410984983068,2843.830465461521,651.7996328216655,1,2,second_file,0.101622866376606,223,6,2.6,0.0014321044442907951,43.89914795685594,39.495529387828775,0.13780000153928995,0.2997999981744215,10.46900000073947,0.11740000627469271,10.896200008573942,0,True,on_screen,0.7593817515001096
1787910400445,507,1585,2871.454195196571,634.3300282175991,2852.1175843820356,646.5587514404456,1,2,second_file,0.08432505709850524,256,6,2.6,0.0014534598755497168,42.61645403138952,39.488825450919265,0.25299999106209725,0.3473999968264252,10.36539999768138,0.11919999087695032,10.845600001630373,0,True,on_screen,0.7593817515001096
1787910400460,508,1586,2885.3309544121485,637.6244445211312,2862.081595391069,643.8784593646512,1,2,second_file,0.06664385331422462,272,6,2.6,0.0014553729636282882,44.665788469083495,39.498503588232005,0.11470000026747584,0.25690000620670617,10.105399996973574,0.11110000195913017,10.482500001671724,0,True,on_screen,0.7593817515001096
1787910400492,509,1587,2872.139699093028,673.6379319868175,2865.0990265016567,652.8063011513011,1,2,second_file,0.06948353579982436,304,6,2.6,0.0014785473549015077,43.336494051686344,39.49138470807578,0.18430000636726618,0.32310000096913427,10.707499997806735,0.1247000036528334,11.16829999955371,0,True,on_screen,0.7593817515001096
1787910400508,510,1588,2857.4999421644334,689.2454162373194,2862.8193012004895,663.7380356771066,1,2,second_file,0.0819784929764743,319,6,2.6,0.0015023448369889496,45.152754860679856,39.50032408424069,0.11559999256860465,0.2531000063754618,10.722299994085915,0.14400000509340316,11.129500009701587,0,True,on_screen,0.7593817515001096
1787910400540,511,1589,2827.490593360156,713.7728880399628,2852.2206888483893,678.7484913859635,1,2,second_file,0.1105841852480387,351,6,2.6,0.001543897484781672,43.770861169978886,39.49421584590289,0.15940000594127923,0.2690999972401187,10.352799989050254,0.12009999772999436,10.75279999349732,0,True,on_screen,0.7593817515001096
1787910400556,512,1590,2809.162390239071,726.8595992277702,2839.303199265594,693.1818237385054,1,2,second_file,0.1421926106523299,368,6,2.6,0.0015573357130128605,45.658928893983884,39.50338118135148,0.11190000805072486,0.264899994363077,10.389400005806237,0.10850001126527786,10.77120000263676,0,True,on_screen,0.7593817515001096
1787910400589,513,1591,2787.0262610613718,733.9628862302318,2823.620117804327,705.4161424860233,1,2,second_file,0.17643007498411367,401,6,2.6,0.0015785864737248648,44.19933028829887,39.49646431797453,0.15360000543296337,0.33400001120753586,10.439100005896762,0.16000001050997525,10.946299997158349,0,True,on_screen,0.7593817515001096
1787910400620,514,1592,2794.3052036419476,740.6911903890992,2814.825643555613,715.998656856946,1,2,second_file,0.19828365912311885,431,6,2.6,0.0015797156479451444,42.918572598342195,39.48897652817207,0.1466000103391707,0.3209999995306134,11.582500010263175,0.13580000086221844,12.0520999917062,0,True,on_screen,0.7593817515001096
1787910400636,515,1593,2801.9019488810604,741.217635701148,2810.948535153247,723.5643505102066,1,2,second_file,0.209907958720142,447,6,2.6,0.0015790186536424403,44.90374579995573,39.499665351293594,0.1137000072048977,0.2449000021442771,10.16959999105893,0.10649999603629112,10.52829998661764,0,True,on_screen,0.7593817515001096
1787910400668,516,1594,2808.1154553818715,736.4166688864935,2810.0986112218343,727.4200460230927,1,2,second_file,0.21395458845174253,480,6,2.6,0.0015971996106342208,43.52449754226478,39.492057614536336,0.1564999984111637,0.2826999989338219,11.068299994803965,0.11579999409150332,11.476100000436418,0,True,on_screen,0.7593817515001096
1787910400684,517,1595,2818.514108523641,731.6211944532573,2812.623260412376,728.6803905521421,1,2,second_file,0.21069816321067136,496,6,2.6,0.001604591650095865,45.489685998748115,39.500897565649645,0.10790000669658184,0.24649999977555126,11.52379999984987,0.15019999409560114,11.93049999710638,0,True,on_screen,0.7593817515001096
1787910400716,518,1596,2828.429218525896,716.333620050397,2817.365047846432,724.9763594016185,1,2,second_file,0.200447109312486,528,6,2.6,0.0015854438834391263,44.06997122874509,39.495766458440286,0.11749999248422682,0.2590999938547611,10.163400002056733,0.1066999975591898,10.538999995333143,0,True,on_screen,0.7593817515001096
1787910400748,519,1597,2838.063307465979,705.1560882677043,2823.574525732296,719.0302780614443,1,2,second_file,0.18624991661180923,559,6,2.6,0.0015701265543452518,42.79427585098891,39.48953771185413,0.11389999417588115,0.24330000451300293,9.92309999128338,0.12440000136848539,10.300400012056343,0,True,on_screen,0.7593817515001096
1787910400764,520,1598,2840.398999731588,695.0888231951409,2828.6218679320837,711.8478416015532,1,2,second_file,0.17302436383670494,575,6,2.6,0.0015684764000541557,44.75147848887414,39.498121542994234,0.10439999459777027,0.23350000265054405,10.428099994896911,0.12480000441428274,10.79500000923872,0,True,on_screen,0.7593817515001096
1787910400797,521,1599,2850.50767951157,682.4263014451853,2835.1876114059296,703.0213795546429,1,2,second_file,0.1560806575656568,608,6,2.6,0.0015721396159027838,43.373609989371964,39.49079214265508,0.1373999984934926,0.26760000037029386,10.932599994703196,0.12719999358523637,11.339899996528402,0,True,on_screen,0.7593817515001096
1787910400812,522,1600,2854.4479765898514,676.9132270048007,2840.965720961106,695.1889337896902,1,2,second_file,0.14103403208542054,624,6,2.6,0.0015681175031494327,45.40518894482021,39.50116370180845,0.10410000686533749,0.2334000018890947,9.97349999670405,0.10859999747481197,10.322899994207546,0,True,on_screen,0.7593817515001096
1787910400845,523,1601,2863.6238469858104,661.17785195174,2847.7631587685173,684.9856092383051,1,2,second_file,0.12247682399691318,657,6,2.6,0.0015312808821211742,43.962208436725064,39.49376755539423,0.12339999375399202,0.35859999479725957,10.458399992785417,0.11890000314451754,10.94530000409577,0,True,on_screen,0.7593817515001096
1787910400860,524,1602,2867.1374249000087,651.6880024471004,2853.5754386079643,674.9963272009436,1,2,second_file,0.10550767772365088,671,6,2.6,0.0015206990167211214,45.9113263047059,39.502524051005686,0.10080001084133983,0.22959998750593513,11.137000008602627,0.13830000534653664,11.514600002556108,0,True,on_screen,0.7593817515001096
1787910400893,525,1603,2870.5287025300468,614.0126275941127,2858.6614177845886,656.7012173188944,1,2,second_file,0.08275538509204483,704,6,2.6,0.0014896261450487135,44.39849014566798,39.49592769143889,0.14699999883305281,0.3124000068055466,10.599100001854822,0.1545999984955415,11.121200004708953,0,True,on_screen,0.7593817515001096
1787910400924,526,1604,2875.6559580344,591.2899290684944,2863.7597798595316,637.0778308437743,1,2,second_file,0.058182620444316546,736,6,2.6,0.0014640096151371795,43.11926731478701,39.48963293118506,0.11419999646022916,0.3789000038523227,10.778400013805367,0.1078000059351325,11.274600008619018,0,True,on_screen,0.7593817515001096
1787910400940,527,1605,2877.9844200099947,579.9484586779294,2868.0271719046705,619.9390191940208,1,2,second_file,0.03642560554848373,752,6,2.6,0.001444671633672262,45.094394904681856,39.49980576431539,0.10660001134965569,0.23859999782871455,9.86459999694489,0.11359999189153314,10.224599987850524,0,True,on_screen,0.7593817515001096
1787910400973,528,1606,2876.503388471989,563.53333705478,2870.5700368748658,603.0173145522485,1,2,second_file,0.016943041663472158,785,6,2.6,0.0014004094951583744,43.68005865251284,39.49136197889696,0.19529998826328665,0.32560000545345247,11.430700003984384,0.15500000154133886,11.92550000268966,0,True,on_screen,0.7593817515001096
1787910400988,529,1607,2872.686555311572,555.3395010467708,2871.2049924058774,588.7139705006052,0,2,ai_agent,0.0237049612991429,0,8,2.6,0.0013774536224890471,45.612535403412316,39.50157041357145,0.10409999231342226,0.2637000143295154,10.466700012329966,0.12100000458303839,10.859400004846975,0,True,on_screen,0.7593817515001096
1787910401021,530,1608,2868.6043143233883,537.95348367016,2870.4247889811304,573.4858244514717,0,2,ai_agent,0.038678769121198386,32,8,2.4,0.0013486669523618128,44.14677791625293,39.495142727450165,0.23239999427460134,0.28419999580364674,10.07479999680072,0.12589999823831022,10.494800008018501,0,True,on_screen,0.7593817515001096
1787910401036,531,1609,2868.256913351747,537.6280699485374,2869.774426292315,562.7284981005913,0,2,ai_agent,0.04909157811178533,48,8,2.4,0.0013500054055775416,46.171084307470494,39.504295096504,0.10570000449661165,0.23710000095888972,10.446499989484437,0.15269999857991934,10.845700002391823,0,True,on_screen,0.7593817515001096
1787910401069,532,1610,2866.188607262447,526.4377772847079,2868.6986805833544,551.8412818558262,0,2,ai_agent,0.060004906732858854,81,8,2.4,0.001356146319367816,44.66070442952642,39.49696653607124,0.1472000003559515,0.29000001086387783,11.096500005805865,0.13519999629352242,11.533099997905083,0,True,on_screen,0.7593817515001096
1787910401101,533,1611,2866.1783925171176,523.1917557700107,2867.942594163483,543.2464240300815,0,2,ai_agent,0.06828140243108716,113,8,2.4,0.0013453316019268607,43.3174382645014,39.49122389913407,0.1402000052621588,0.24819999816827476,10.391700008767657,0.11159999121446162,10.75999999011401,0,True,on_screen,0.7593817515001096
1787910401116,534,1612,2864.7275095920986,520.822781243689,2866.9780687920675,536.5193311941637,0,2,ai_agent,0.07522329387908822,128,8,2.4,0.001347229642275561,45.277574769388636,39.50066871421299,0.09859999408945441,0.24179999309126288,9.977699999581091,0.10809999366756529,10.429200003272854,0,True,on_screen,0.7593817515001096
1787910401148,535,1613,2867.381303251143,519.5393082742859,2867.09903912979,531.4253243182003,0,2,ai_agent,0.0790630736126594,160,8,2.4,0.0013584271251099282,43.884063318151654,39.493185154635476,0.17470000602770597,0.3046999918296933,11.127999998279847,0.13019998732488602,11.576899996725842,0,True,on_screen,0.7593817515001096
1787910401164,536,1614,2866.336229626577,517.9674591647803,2866.870196278826,527.3879647721743,0,2,ai_agent,0.08257085389148222,176,8,2.4,0.0013673369933817694,45.73341538743449,39.502556977989514,0.12549999519251287,0.27520000003278255,10.747299995273352,0.1373000122839585,11.17060000251513,0,True,on_screen,0.7593817515001096
1787910401196,537,1615,2872.243050184361,525.0004427364127,2868.482052450486,526.6717081614458,0,2,ai_agent,0.08056173728624016,208,8,2.4,0.0013917831387563022,44.28401951688703,39.496206444389244,0.15359999088104814,0.301799998851493,10.606099996948615,0.12799999967683107,11.048100001062267,0,True,on_screen,0.7593817515001096
1787910401228,538,1616,2878.7825917716955,526.6110228742199,2871.572214246849,526.653502575278,0,2,ai_agent,0.07565834157709994,240,8,2.4,0.0014019238746697076,42.9740104703365,39.48856608446331,0.17689999367576092,0.34470000537112355,11.696699992171489,0.16129999130498618,12.215599999763072,0,True,on_screen,0.7593817515001096
1787910401245,539,1617,2881.5888202615215,524.7173880891793,2874.5771960512507,526.0726682294484,0,2,ai_agent,0.07131244808766102,256,8,2.4,0.0014109498312272796,44.82179559159283,39.498151871210396,0.1604999997653067,0.31689999741502106,10.864200012292713,0.13700000999961048,11.328799999319017,0,True,on_screen,0.7593817515001096
1787910401276,540,1618,2896.1240575443117,523.1467296812461,2881.0412544991686,525.1948866649877,-1,-1,off_screen,0.0,0,7,2.6,0.0014195503061455415,43.48533847884335,39.49206526059781,0.16090000281110406,0.33239999902434647,10.693999996874481,0.1323000033153221,11.170800004038028,0,True,gaze_outside_screen,0.7593817515001096
1787910401292,541,1619,2895.9403088603367,522.4935625894713,2885.510970807519,524.3844894423328,-1,-1,off_screen,0.0,16,7,2.6,0.0014280516301962733,45.43796215213989,39.500619071557686,0.1314999972237274,0.28020000900141895,11.32540000253357,0.12820000119972974,11.744899995392188,0,True,gaze_outside_screen,0.7593817515001096
1787910401325,542,1620,2898.785770332313,518.3808922154778,2889.493410664957,522.5834102742763,-1,-1,off_screen,0.0,49,7,2.6,0.001445785017412389,43.980033281953524,39.493705710157705,0.159399991389364,0.3124999930150807,11.362799996277317,0.14399999054148793,11.834400007501245,0,True,gaze_outside_screen,0.7593817515001096
1787910401341,543,1621,2901.6942740321797,516.0232771925834,2893.1536696751236,520.6153703497683,-1,-1,off_screen,0.0,65,7,2.6,0.0014555976280211345,45.90222360309665,39.503733675523875,0.11190000805072486,0.2707999956328422,10.5150000017602,0.11800001084338874,10.913000005530193,0,True,gaze_outside_screen,0.7593817515001096
1787910401373,544,1622,2908.623086269047,510.48792168745393,2897.7944946533007,517.577135751074,-1,-1,off_screen,0.0,96,7,2.6,0.001477586957929839,44.44305788038782,39.497616423563755,0.12630000128410757,0.29399999766610563,10.230200001387857,0.11330000415910035,10.64819999737665,0,True,gaze_outside_screen,0.7593817515001096
1787910401404,545,1623,2903.7142190819304,514.7898954699192,2899.5704119818893,516.7409636667276,-1,-1,off_screen,0.0,128,7,2.6,0.001499112661557691,43.13345989114427,39.489527947758894,0.15829999756533653,0.30110000807326287,12.018100009299815,0.14879999798722565,12.482100006309338,0,True,gaze_outside_screen,0.7593817515001096
1787910401421,546,1624,2905.47117563255,513.5858384538777,2901.3406410770876,515.7944261028726,-1,-1,off_screen,0.0,144,7,2.6,0.0015043357021764653,45.03465219291875,39.50000619741506,0.1252999936696142,0.27720000070985407,10.405599998193793,0.112900001113303,10.804300007293932,0,True,gaze_outside_screen,0.7593817515001096
1787910401453,547,1625,2908.4391478463,521.0127118809315,2903.470193107851,517.3599118362903,-1,-1,off_screen,0.0,177,7,2.6,0.0015176577852390322,43.650105083171894,39.49264102998012,0.16060000052675605,0.2767999976640567,11.336900002788752,0.10779999138321728,11.730800004443154,0,True,gaze_outside_screen,0.7593817515001096
1787910401468,548,1626,2901.973870259663,528.7612835590867,2903.0212962533947,520.7803233531291,-1,-1,off_screen,0.0,191,7,2.6,0.001528295061780812,45.63313207949735,39.50304748397707,0.10999999358318746,0.2638000005390495,10.076799997477792,0.10299999848939478,10.452700007590465,0,True,gaze_outside_screen,0.7593817515001096
1787910401501,549,1627,2904.375776404813,533.9084033542249,2903.42764029882,524.7187473534578,-1,-1,off_screen,0.0,224,7,2.6,0.0015443129881028174,44.1785562888733,39.49510266673581,0.13849999231752008,0.31550000130664557,11.442100003478117,0.11439999798312783,11.884999999892898,0,True,gaze_outside_screen,0.7593817515001096
1787910401532,550,1628,2900.5757538893135,537.4417528211609,2902.5720743759675,528.5356489937687,-1,-1,off_screen,0.0,256,7,2.6,0.0015565629931560722,42.899570540616594,39.48957617332269,0.14960000407882035,0.30359999800566584,10.62889999593608,0.1706000039121136,11.114799999631941,0,True,gaze_outside_screen,0.7593817515001096
1787910401548,551,1629,2896.2423549213468,539.8380138474486,2900.673158539581,531.9263584498726,-1,-1,off_screen,0.0,272,7,2.6,0.0015641262670928503,44.87523839239205,39.49894523509502,0.11629999789875001,0.2598999999463558,10.296000007656403,0.1260999997612089,10.693000003811903,0,True,gaze_outside_screen,0.7593817515001096
1787910401581,552,1630,2898.959255883142,544.8192307144338,2900.158987742649,535.794220129241,-1,-1,off_screen,0.0,305,7,2.6,0.0015771203994425047,43.44793354255041,39.490808614836325,0.19929998961742967,0.3634000022429973,11.332499998388812,0.12250000145286322,11.835400000563823,0,True,gaze_outside_screen,0.7593817515001096
1787910401597,553,1631,2898.6650750485455,545.9219714239591,2899.710813934418,538.8325455176564,-1,-1,off_screen,0.0,320,7,2.6,0.0015856906013275891,45.48248132711651,39.500138175405276,0.15740000526420772,0.2857000072253868,11.300999991362914,0.12959999730810523,11.727300006896257,0,True,gaze_outside_screen,0.7593817515001096
1787910401629,554,1632,2893.129501210362,553.3782810908577,2897.7364201172013,543.1962661896167,-1,-1,off_screen,0.0,352,7,2.6,0.0015957507712967105,44.052383008700545,39.493672246155235,0.15180000627879053,0.31579998903907835,11.28019999305252,0.12850000348407775,11.737699998775497,0,True,gaze_outside_screen,0.7593817515001096
1787910401645,555,1633,2891.559797528488,555.6729287960295,2895.883433340587,546.9392649715405,-1,-1,off_screen,0.0,368,7,2.6,0.0015975401635533806,45.93886669091495,39.50341913704596,0.13050000416114926,0.2597999991849065,10.567200006335042,0.12499999138526618,10.962200001813471,0,True,gaze_outside_screen,0.7593817515001096
1787910401676,556,1634,2886.2298291649345,556.5415144249955,2892.987352087891,549.819939807577,-1,-1,off_screen,0.0,400,7,2.4,0.0016115765809780296,44.497565141717025,39.49678628741462,0.1505999971413985,0.3015999973285943,11.034700000891462,0.15329998859670013,11.502800000016578,0,True,gaze_outside_screen,0.7593817515001096
1787910401709,557,1635,2880.2704516463646,555.2310156373394,2889.172281955433,551.4432625565057,-1,-1,off_screen,0.0,433,7,2.4,0.0016264337211392386,43.1511531014749,39.49043885390823,0.1205000007757917,0.3175000019837171,10.782700002891943,0.1396000006934628,11.251599993556738,0,True,gaze_outside_screen,0.7593817515001096
1787910401725,558,1636,2879.2904131545424,555.3331908332297,2886.2077213151656,552.6102410395229,-1,-1,off_screen,0.0,448,7,2.4,0.0016269406224747908,45.01097372637347,39.49983121427229,0.13980000221636146,0.26390000130049884,10.145599997485988,0.11079999967478216,10.528799990424886,0,True,gaze_outside_screen,0.7593817515001096
1787910401757,559,1637,2878.1715605319573,555.3461823721484,2883.796873080203,553.4310234393105,-1,-1,off_screen,0.0,480,7,2.4,0.0016289766670804055,43.66040548544224,39.49215510653399,0.1517000055173412,0.29769999673590064,11.663299999781884,0.1852000132203102,12.16040000144858,0,True,gaze_outside_screen,0.7593817515001096
1787910401773,560,1638,2877.4496554426096,554.5253590633622,2881.892707788925,553.7593241265259,-1,-1,off_screen,0.0,496,7,2.4,0.0016304102843578104,45.53321299491989,39.50171961740597,0.10320000001229346,0.3268000000389293,10.8668999891961,0.20799999765586108,11.410399994929321,0,True,gaze_outside_screen,0.7593817515001096
1787910401805,561,1639,2875.107974842296,553.0022067702251,2879.8572879049357,553.5321889196357,0,2,ai_agent,0.04120213575138287,0,9,2.4,0.0016337042371598921,44.09744852930168,39.49620053900806,0.1353999978164211,0.29660000291187316,10.025700001278892,0.11490000179037452,10.447100008605048,0,True,on_screen,0.7593817515001096
1787910401836,562,1640,2871.6430049090604,550.6973735461485,2877.393003006173,552.6817443075895,0,2,ai_agent,0.04575306468242868,30,9,2.4,0.0016375878758526571,42.82666223271957,39.48901940875936,0.15719998918939382,0.30169999809004366,11.007499997504056,0.1362000039080158,11.459300003480166,0,True,on_screen,0.7593817515001096
1787910401852,563,1641,2869.464510327036,551.2933244286249,2875.0144552024317,552.2652183439001,0,2,ai_agent,0.04981033328165341,46,9,2.4,0.0016393575042353038,44.81547582468261,39.49894074840159,0.13359999866224825,0.2876999933505431,9.979099995689467,0.12409999908413738,10.399699996924028,0,True,on_screen,0.7593817515001096
1787910401884,564,1642,2859.7405057785254,546.584239231766,2870.4322703752596,550.5609246102598,0,2,ai_agent,0.058371370706304826,78,9,2.4,0.001639028387176656,43.46216401090555,39.49234870618292,0.1548000000184402,0.27799999224953353,10.276700006215833,0.12390001211315393,10.688800000934862,0,True,on_screen,0.7593817515001096
1787910401900,565,1643,2854.9816324918247,545.9868689832738,2865.797079010229,549.188707922164,0,2,ai_agent,0.06673700945524785,95,9,2.2,0.0016399373078122177,45.33554930571599,39.50077635013104,0.12670000432990491,0.2987999905599281,10.605000003124587,0.1416000013705343,11.055899987695739,0,True,on_screen,0.7593817515001096
1787910401932,566,1644,2850.8812120094512,543.1524231710712,2861.3223189099954,547.3778224968361,0,2,ai_agent,0.075216276949706,126,9,2.2,0.001642851635035001,43.93255111374462,39.494391265524555,0.12440000136848539,0.28539999038912356,10.73200000973884,0.1289000065298751,11.157400003867224,0,True,on_screen,0.7593817515001096
1787910401948,567,1645,2845.9881972349285,543.6003119392552,2856.722082407475,546.2445693295617,0,2,ai_agent,0.08332235538932764,142,9,2.2,0.001644829316114805,45.78558726582465,39.50415442016978,0.10180000390391797,0.2415999915683642,9.812200005399063,0.11169999197591096,10.173899994697422,0,True,on_screen,0.7593817515001096
1787910401981,568,1646,2847.461893338537,541.631238575898,2853.9440256867933,544.8605701034626,0,2,ai_agent,0.08880270206958174,175,9,2.2,0.001646005186783147,44.2983142048572,39.49723949449229,0.11570000788196921,0.3029000072274357,10.018799992394634,0.10089999705087394,10.433299990836531,0,True,on_screen,0.7593817515001096
1787910402012,569,1647,2850.2538631214434,538.9166295622322,2852.836976917188,543.0773879410934,0,2,ai_agent,0.09201773923334533,207,9,2.2,0.001647947472826903,43.035053926689514,39.49071962334268,0.1387999946018681,0.3360999980941415,10.580299989669584,0.1252000074600801,11.056200004532002,0,True,on_screen,0.7593817515001096
1787910402028,570,1648,2848.5215760319484,538.3488806021052,2851.542356651616,541.6588357393969,0,2,ai_agent,0.09521749818123226,223,9,2.2,0.0016459106633799625,44.938064134759564,39.49956448613437,0.14599999121855944,0.26420000358484685,10.528400001931004,0.12080000306013972,10.922000001301058,0,True,on_screen,0.7593817515001096
1787910402061,571,1649,2845.962464698654,537.9017244532846,2849.868389065727,540.5317023535631,0,2,ai_agent,0.0987644295601644,256,9,2.2,0.001638416111586414,43.54622561002633,39.492568442229356,0.2238999877590686,0.3198999911546707,10.926300004939549,0.13830000534653664,11.396700007026084,0,True,on_screen,0.7593817515001096
1787910402076,572,1650,2848.6976087098847,537.6200091931437,2849.517154958974,539.6581944054373,0,2,ai_agent,0.10003862832917099,270,9,2.2,0.001638150177345258,45.5555981090516,39.501614214311466,0.11470000026747584,0.2719000040087849,11.039899996831082,0.11649999942164868,11.436800006777048,0,True,on_screen,0.7593817515001096
1787910402109,573,1651,2854.3419902083156,534.5072171626234,2850.964605533776,538.1129012325931,0,2,ai_agent,0.09905925644309732,303,9,2.2,0.0016354900037659874,44.07431276974066,39.4950435012156,0.24259999918285757,0.38580001273658127,10.640699998475611,0.13300000864546746,11.177699998370372,0,True,on_screen,0.7593817515001096
1787910402140,574,1652,2855.3341211193483,531.4159919363979,2852.275460209448,536.1038284437345,0,2,ai_agent,0.09865873679077786,335,9,2.2,0.0016322338169800048,42.843723584360525,39.48906249420565,0.1272999943466857,0.5668999947374687,10.64320000295993,0.13349999790079892,11.354800008120947,0,True,on_screen,0.7593817515001096
1787910402157,575,1653,2856.6593408103004,530.3969750840753,2853.5906243897034,534.3917724358367,0,2,ai_agent,0.0979909413856942,351,9,2.2,0.0016313615728937407,44.76575126542754,39.498111428747485,0.15389999316539615,0.26050000451505184,10.59489999897778,0.1120000088121742,10.975800003507175,0,True,on_screen,0.7593817515001096
1787910402188,576,1654,2852.7317345993174,527.10409719923,2853.3329574525874,532.2054698648546,0,2,ai_agent,0.10016274437883443,382,9,2.2,0.0016175269723609116,43.41982108268509,39.49128897375142,0.19380000594537705,0.3203000087523833,11.121300005470403,0.1297999988310039,11.585700005525723,0,True,on_screen,0.7593817515001096
1787910402204,577,1655,2855.5572784550936,526.3107894605155,2854.000253753339,530.4370657435529,0,2,ai_agent,0.10053165988414536,398,9,2.2,0.0016130644073516255,45.39575658747795,39.50132053152781,0.15659999917261302,0.2693999995244667,10.044399998150766,0.1142999972216785,10.436899989144877,0,True,on_screen,0.7593817515001096
1787910402237,578,1656,2855.7755981725127,527.8209082027379,2854.532857079091,529.6522184813084,0,2,ai_agent,0.10031865188520439,431,9,2.2,0.0016076471684737977,43.92039459074503,39.49454791718151,0.20769999537151307,0.32300000020768493,9.853399998974055,0.1201999984914437,10.30670000181999,0,True,on_screen,0.7593817515001096
1787910402252,579,1657,2855.8643307872894,526.8855376545715,2854.9322991915506,528.8222142332872,0,2,ai_agent,0.10034858572290173,447,9,2.0,0.0016053777739302132,45.95500774483425,39.50290281370804,0.12539999443106353,0.2474000066285953,10.73779999569524,0.19869999960064888,11.19289999769535,0,True,on_screen,0.7593817515001096
1787910402284,580,1658,2858.324928873192,525.7486429086705,2855.9500880960427,527.9001428359022,0,2,ai_agent,0.0994713753545029,478,9,2.0,0.0016033768227339817,44.489103565556974,39.49713279640398,0.1412999990861863,0.2781999937724322,10.274300002492964,0.12190001143608242,10.686099994927645,0,True,on_screen,0.7593817515001096
1787910402316,581,1659,2864.8395557151885,526.9955922378005,2858.6169283817862,527.6287776564717,0,2,ai_agent,0.09546787634670684,510,9,2.0,0.0016059020520972807,43.17912220622016,39.49051635250071,0.16710000636521727,0.2767999976640567,10.771600005682558,0.1247000036528334,11.183900001924485,0,True,on_screen,0.7593817515001096
1787910402332,582,1660,2866.6838847608415,528.8951706656338,2861.037015295503,528.0086955592203,0,2,ai_agent,0.09133884772818113,526,9,2.0,0.0016073913210981373,45.08375301354539,39.499640916139505,0.13300000864546746,0.26729999808594584,10.326400006306358,0.12180001067463309,10.72540000313893,0,True,on_screen,0.7593817515001096
1787910402365,583,1661,2871.023911090295,529.9470466688558,2864.03308403394,528.5902008921109,0,2,ai_agent,0.08613778841317021,559,9,2.0,0.0016146146856096215,43.61167052059695,39.49139420940767,0.25019999884534627,0.3252000024076551,11.410300008719787,0.1373000122839585,11.888299995916896,0,True,on_screen,0.7593817515001096
1787910402380,584,1662,2871.723455589019,529.4894386077749,2866.340195500464,528.8599722068101,0,2,ai_agent,0.08226982902240054,575,9,2.0,0.0016160111745387278,45.83660021843142,39.50171444095593,0.10959999053739011,0.26559999969322234,10.638499996275641,0.11860000086016953,11.031600006390363,0,True,on_screen,0.7593817515001096
1787910402412,585,1663,2871.342061711283,532.645693875717,2867.8407553637094,529.9956887074821,0,2,ai_agent,0.07900580708609584,606,9,2.0,0.001621208681075504,44.40981476393795,39.49572598058519,0.15320000238716602,0.29719999292865396,10.590000005322509,0.15639999764971435,11.053499998524785,0,True,on_screen,0.7593817515001096
1787910402428,586,1664,2875.6815707701876,532.922693527401,2870.192999985653,530.8737901534578,0,2,ai_agent,0.07459196128126633,622,9,2.0,0.0016208357151468802,46.123247539761486,39.50396851430459,0.12600001355167478,0.28389999351929873,10.918500003754161,0.12129999231547117,11.333299989928491,0,True,on_screen,0.7593817515001096
1787910402461,587,1665,2882.03503074584,534.21999067178,2873.745609213709,531.8776503089543,0,2,ai_agent,0.06817580046828164,655,9,2.0,0.0016264743101869934,44.61899351353072,39.49678936410982,0.13349999790079892,0.3198000049451366,11.651200009509921,0.14849999570287764,12.134599994169548,0,True,on_screen,0.7593817515001096
1787910402492,588,1666,2884.5957885093826,530.605101126091,2877.000663002411,531.4958855540954,0,2,ai_agent,0.06330198258909603,687,9,2.0,0.0016251362177115043,43.31778028480378,39.49252924849328,0.1218999968841672,0.2621999883558601,9.974300002795644,0.11889998859260231,10.363900000811554,0,True,on_screen,0.7593817515001096
1787910402508,589,1667,2887.1997072279623,532.1210162200464,2880.060376270076,531.6834247538807,-1,-1,off_screen,0.0,0,8,2.2,0.0016224021991731487,45.233776485580236,39.49967704452615,0.12080000306013972,0.26500000967644155,11.656700007733889,0.11079999967478216,12.041200010571629,0,True,gaze_outside_screen,0.7593817515001096
1787910402541,590,1668,2891.6824563514137,532.6407408081765,2883.5470002944776,531.9706195701693,-1,-1,off_screen,0.0,32,8,2.2,0.0016232956641493608,43.808522612277095,39.493838162133315,0.15890000213403255,0.3476999991107732,10.825400007888675,0.13729999773204327,11.323399987304583,0,True,gaze_outside_screen,0.7593817515001096
1787910402556,591,1669,2892.951433373486,533.7070783538418,2886.36833021818,532.4915572052711,-1,-1,off_screen,0.0,48,8,2.2,0.0016244914098188616,45.79271859872793,39.503762399631924,0.10630000906530768,0.2699000033317134,9.92680000490509,0.11140000424347818,10.316399988369085,0,True,gaze_outside_screen,0.7593817515001096
1787910402588,592,1670,2894.0670870254844,534.5057459536458,2888.677957260371,533.0958138297834,-1,-1,off_screen,0.0,80,8,2.2,0.0016250011362152657,44.31844858732354,39.497159626805484,0.13669999316334724,0.33910000638570637,10.040299996035174,0.1016000023810193,10.491200009710155,0,True,gaze_outside_screen,0.7593817515001096
1787910402623,593,1671,2895.984224443007,534.8890593261189,2890.869837415162,533.6337874786841,-1,-1,off_screen,0.0,115,8,2.2,0.0016246170952163887,42.75901138078975,39.4867556400079,0.1306999911321327,0.32809999538585544,11.660000003757887,0.14220000593923032,12.142700012191199,0,True,gaze_outside_screen,0.7593817515001096
1787910402636,594,1672,2896.1666707895065,535.4656203843135,2892.458887427465,534.1833373503729,-1,-1,off_screen,0.0,128,8,2.2,0.0016222742667503093,46.08669000124003,39.49906716053974,0.1360000023851171,0.2769999991869554,10.680200008209795,0.1512000017100945,11.118199996417388,0,True,gaze_outside_screen,0.7593817515001096
1787910402669,595,1673,2897.9260154649305,537.6751605066121,2894.0990258387046,535.2308842972445,-1,-1,off_screen,0.0,161,8,2.0,0.0016232157424706066,44.58161589517651,39.49272941684463,0.1269000058528036,0.39459999243263155,10.490300002857111,0.11419999646022916,11.01139999809675,0,True,gaze_outside_screen,0.7593817515001096
1787910402684,596,1674,2899.5333267987166,537.6293298795232,2895.729316126708,535.9504179719281,-1,-1,off_screen,0.0,176,8,2.0,0.00162299550753418,46.47883445623683,39.50202324218772,0.11049999739043415,0.25510000705253333,10.25870000012219,0.102700010756962,10.625000009895302,0,True,gaze_outside_screen,0.7593817515001096
1787910402716,597,1675,2900.115188568395,538.7263675153594,2897.045077859214,536.7832028349575,-1,-1,off_screen,0.0,208,8,2.0,0.001622502991802218,44.94486741434597,39.495145183651,0.14319999900180846,0.2969000051962212,10.768799998913892,0.13109999417793006,11.210800003027543,0,True,gaze_outside_screen,0.7593817515001096
1787910402732,598,1676,2899.7595417674333,539.1383333829393,2897.8594170316796,537.489741999352,-1,-1,off_screen,0.0,224,8,2.0,0.0016208310462423152,46.70112294725004,39.504008226104254,0.12620000052265823,0.269199998001568,10.619400010909885,0.1134999911300838,11.01139999809675,0,True,gaze_outside_screen,0.7593817515001096
1787910402765,599,1677,2899.0902318484377,538.3158240178409,2898.2286614767067,537.7375666048986,-1,-1,off_screen,0.0,257,8,2.0,0.001618857882179938,45.1454895534696,39.498356179458504,0.1402000052621588,0.30949999927543104,9.86150000244379,0.11110000195913017,10.291800004779361,0,True,gaze_outside_screen,0.7593817515001096
1787910402796,600,1678,2899.997806509683,539.0299731875466,2898.7594049865993,538.125288579693,-1,-1,off_screen,0.0,288,8,2.0,0.0016186359579962346,43.7772469916502,39.49019206950979,0.17670000670477748,0.32130000181496143,12.123800013796426,0.15010000788606703,12.608999997610226,0,True,gaze_outside_screen,0.7593817515001096
1787910402812,601,1679,2899.3554120913955,538.8081024595693,2898.938207118038,538.3301327436559,-1,-1,off_screen,0.0,304,8,2.0,0.0016172064944949237,45.61997514149727,39.500528033124304,0.14309999824035913,0.27689999842550606,10.329400000046007,0.11470000026747584,10.730199996032752,0,True,gaze_outside_screen,0.7593817515001096
1787910402844,602,1680,2900.095947407669,540.1047234034327,2899.285529204927,538.8625099415889,-1,-1,off_screen,0.0,336,8,2.0,0.0016118612610836365,44.190848966048115,39.494327234650086,0.1292000088142231,0.27600000612437725,10.422699997434393,0.09679999493528157,10.804399993503466,0,True,gaze_outside_screen,0.7593817515001096
1787910402860,603,1681,2901.001724540624,541.2353236620577,2899.800387805636,539.5743540577295,-1,-1,off_screen,0.0,351,8,2.0,0.0016057934920084456,45.97643122347139,39.50339128271048,0.18350000027567148,0.26359999901615083,9.853499999735504,0.11589999485295266,10.24160000088159,0,True,gaze_outside_screen,0.7593817515001096
1787910402892,604,1682,2902.1412524553766,548.3964569739445,2900.502647200558,542.220984932594,-1,-1,off_screen,0.0,384,8,2.0,0.0016056506755513927,44.50834551902313,39.49669006230238,0.12419999984558672,0.3193000011378899,10.347200004616752,0.145500001963228,10.826600002474152,0,True,gaze_outside_screen,0.7593817515001096
1787910402924,605,1683,2902.7492558417734,551.2041640587917,2901.1766297929225,544.9159386704532,-1,-1,off_screen,0.0,416,8,2.0,0.0015994330895200588,43.195366368685875,39.490102575407406,0.1396000006934628,0.2889000024879351,10.953600009088404,0.12929999502375722,11.384299999917857,0,True,gaze_outside_screen,0.7593817515001096
1787910402941,606,1684,2903.1050814075907,553.8990621255696,2901.7551652773227,547.610875706988,-1,-1,off_screen,0.0,433,8,2.0,0.0015996983632360663,45.03786665066752,39.49870161856976,0.1604999997653067,0.30860000697430223,10.748699991381727,0.12539999443106353,11.195299986866303,0,True,gaze_outside_screen,0.7593817515001096
1787910402972,607,1685,2904.0135669096135,558.9080633293837,2902.43268576701,551.0000319937068,-1,-1,off_screen,0.0,463,8,2.0,0.0016069445388813657,43.665803405029266,39.491799554775525,0.1733999961288646,0.33540000731591135,11.54320000205189,0.14439999358728528,12.037000007694587,0,True,gaze_outside_screen,0.7593817515001096
1787910402989,608,1686,2905.0135051713523,559.9618210468137,2903.2069315883123,553.6885687096388,-1,-1,off_screen,0.0,481,8,2.0,0.00160862319357356,45.47179585324321,39.50115282684965,0.14260000898502767,0.2854999911505729,10.596499996609055,0.15530000382568687,11.048899992601946,0,True,gaze_outside_screen,0.7593817515001096
1787910403021,609,1687,2904.913908133612,562.6146323536248,2903.7190245519023,556.3663878028345,-1,-1,off_screen,0.0,513,8,2.0,0.0016093883447976763,44.05757594372825,39.49517432063906,0.13719999697059393,0.28219999512657523,10.494499991182238,0.12260000221431255,10.910900004091673,0,True,gaze_outside_screen,0.7593817515001096
1787910403052,610,1688,2909.363813003493,564.2770701962377,2905.412461087379,558.7395925208555,-1,-1,off_screen,0.0,544,8,2.0,0.0016051684919341433,42.81527410857474,39.48969035892293,0.14139999984763563,0.27430000773165375,10.111499999766238,0.15800000983290374,10.554699998465367,0,True,gaze_outside_screen,0.7593817515001096
1787910403068,611,1689,2909.2828423700244,566.7605935315662,2906.5735754721727,561.1458928240687,-1,-1,off_screen,0.0,560,8,2.0,0.0016039649643725083,44.733528465180825,39.496194586075816,0.14620000729337335,0.3186999965691939,12.174700008472428,0.1996000064536929,12.704599997960031,0,True,gaze_outside_screen,0.7593817515001096
1787910403100,612,1690,2913.4804538852723,571.1197433541003,2908.645638996102,564.1380479830782,-1,-1,off_screen,0.0,592,8,2.0,0.00160596238227027,43.369715376106406,39.490728038557016,0.18899999849963933,0.3083000046899542,11.330600013025105,0.13529999705497175,11.787399998866022,0,True,gaze_outside_screen,0.7593817515001096
1787910403117,613,1691,2912.8013987502195,571.7822914089577,2909.8923669223373,566.431321010842,-1,-1,off_screen,0.0,609,8,2.0,0.0016055315908771912,45.25226816787952,39.50056448666004,0.11480000102892518,0.2722000062931329,9.964999990188517,0.12260000221431255,10.368100003688596,0,True,gaze_outside_screen,0.7593817515001096
1787910403149,614,1692,2918.802865855863,573.8048935071342,2912.565516602395,568.6433927597296,-1,-1,off_screen,0.0,641,8,2.0,0.0015915138427160698,43.84416088358525,39.493416914219544,0.1782000035746023,0.37420001171994954,10.823700009495951,0.14500001270789653,11.355900001944974,0,True,gaze_outside_screen,0.7593817515001096
1787910403165,615,1693,2921.1674169042226,574.7441378312925,2915.146086692943,570.4736162811985,-1,-1,off_screen,0.0,657,8,2.0,0.0015924497716263905,45.70545087241281,39.50149035179561,0.1784999913070351,0.35370000114198774,11.371700005838647,0.1640999980736524,11.904099999810569,0,True,gaze_outside_screen,0.7593817515001096
1787910403197,616,1694,2926.6475734227297,576.0469755835918,2918.596532711879,572.1456240719165,-1,-1,off_screen,0.0,689,8,2.0,0.001582674502442833,44.23284720212131,39.49621970232699,0.13559999933931977,0.39420000393874943,10.133999996469356,0.12119999155402184,10.662699991371483,0,True,gaze_outside_screen,0.7593817515001096
1787910403228,617,1695,2930.3971461004758,576.3186592531374,2922.1367167284575,573.3975346262828,-1,-1,off_screen,0.0,720,8,2.0,0.0015823348760191404,42.98624310473873,39.49040629156168,0.12350000906735659,0.4271000070730224,10.24739998683799,0.13169999874662608,10.819799994351342,0,True,gaze_outside_screen,0.7593817515001096
1787910403245,618,1696,2933.8609036416547,576.4940152525711,2925.6539728024163,574.3264788141693,-1,-1,off_screen,0.0,736,8,2.0,0.001586366271993541,44.68400897095569,39.497000942182915,0.5332000000635162,0.37039999733678997,11.731899998267181,0.17919999663718045,12.29510000848677,0,True,gaze_outside_screen,0.7593817515001096
1787910403277,619,1697,2939.2445303278128,575.726240840618,2929.731140060035,574.7464074221039,-1,-1,off_screen,0.0,769,8,2.0,0.001592741135178457,43.353473321667565,39.49175815385283,0.1740000006975606,0.32839999767020345,10.987799993017688,0.12040000001434237,11.44850000855513,0,True,gaze_outside_screen,0.7593817515001096
1787910403292,620,1698,2943.2896787667655,572.8133823228375,2933.798701672054,574.1664998923239,-1,-1,off_screen,0.0,784,8,2.0,0.0015898878469394924,45.515640688318,39.50188752603521,0.10399999155197293,0.2423999976599589,9.993600004236214,0.10979999206028879,10.354500001994893,0,True,gaze_outside_screen,0.7593817515001096
1787910403325,621,1699,2949.087531953769,573.5098442224546,2938.385350756568,573.9695031913632,-1,-1,off_screen,0.0,817,8,2.0,0.0015947789614911938,44.00689207616895,39.492805360413115,0.17789998673833907,0.40070000977721065,12.09730000118725,0.18689999706111848,12.69670001056511,0,True,gaze_outside_screen,0.7593817515001096
1787910403356,622,1700,2953.079587315409,573.3851457926986,2942.7936217242204,573.7941959717638,-1,-1,off_screen,0.0,848,8,2.0,0.00159594650486301,42.80964721128534,39.488915042262256,0.13669999316334724,0.2783000090857968,10.51490000099875,0.2381999947829172,11.041799996746704,0,True,gaze_outside_screen,0.7593817515001096
1787910403372,623,1701,2952.059275816296,571.4611496519005,2945.573317951843,573.0942820758048,-1,-1,off_screen,0.0,864,8,2.0,0.0015951520846308465,44.75405336467201,39.4974771050315,0.11350000568199903,0.2555999963078648,10.588799996185116,0.11169999197591096,10.964199987938628,0,True,gaze_outside_screen,0.7593817515001096
1787910403404,624,1702,2959.6074812794,570.5210644817629,2949.7835669501096,572.3223167975923,-1,-1,off_screen,0.0,896,8,2.0,0.0015953012825694508,43.4129431725412,39.48982203317362,0.1353999978164211,0.27970000519417226,12.317899992922321,0.12319999223109335,12.730699992971495,0,True,gaze_outside_screen,0.7593817515001096
1787910403421,625,1703,2958.9529720936644,570.5343804564492,2952.534388493176,571.7859358952494,-1,-1,off_screen,0.0,913,8,2.0,0.0015957381135048056,45.07329330755907,39.498259752593846,0.1201999984914437,0.30029998742975295,11.706699995556846,0.16120000509545207,12.179199999081902,0,True,gaze_outside_screen,0.7593817515001096
1787910403452,626,1704,2958.745848922362,567.1879092543224,2954.3978266219315,570.4065279029712,-1,-1,off_screen,0.0,944,8,2.0,0.0015941496331090162,43.75623492671181,39.493351749651595,0.11889998859260231,0.30849999166093767,11.065600003348663,0.12099999003112316,11.512600001879036,0,True,gaze_outside_screen,0.7593817515001096
1787910403468,627,1705,2957.086567354588,564.8714377807938,2955.2044488417287,568.746000866318,-1,-1,off_screen,0.0,960,8,2.0,0.0015942497211969345,45.67387763536874,39.50299276062522,0.11490000179037452,0.24500000290572643,10.049200005596504,0.10560000373516232,10.40679999277927,0,True,gaze_outside_screen,0.7593817515001096
1787910403500,628,1706,2961.2199973386564,562.9308913685722,2957.0091133908068,567.0014680169943,-1,-1,off_screen,0.0,992,8,2.0,0.0016024602851950932,44.22155088048069,39.49656849598776,0.1432999997632578,0.2452000044286251,10.262700001476333,0.1277999981539324,10.64379999297671,0,True,gaze_outside_screen,0.7593817515001096
1787910403532,629,1707,2957.166991521236,555.5350154995573,2957.0564768299355,563.5615322617632,-1,-1,off_screen,0.0,1024,8,2.0,0.0016060035523629175,42.9328266807787,39.490255068178556,0.13229998876340687,0.2936999953817576,10.527999998885207,0.1247000036528334,10.958099999697879,0,True,gaze_outside_screen,0.7593817515001096
1787910403548,630,1708,2957.568721140996,553.962853777288,2957.2101501232532,560.6819287164207,-1,-1,off_screen,0.0,1040,8,2.0,0.0016078299786204016,44.90077509477939,39.49878721610154,0.10999999358318746,0.24699998903088272,10.606099996948615,0.10590000601951033,10.96680000773631,0,True,gaze_outside_screen,0.7593817515001096
1787910403580,631,1709,2951.6090906418153,551.7462817108036,2955.5298322788217,558.0012346147355,-1,-1,off_screen,0.0,1072,8,2.0,0.001607371515878666,43.527205102209294,39.492216064575004,0.13499999477062374,0.2798000059556216,10.98989999445621,0.11680000170599669,11.396100002457388,0,True,gaze_outside_screen,0.7593817515001096
1787910403596,632,1710,2950.977341664922,550.6280235214807,2954.1640850946515,555.789271286759,-1,-1,off_screen,0.0,1088,8,2.0,0.0016079455846657702,45.45968169381765,39.501505051225166,0.09870000940281898,0.23839999630581588,10.267799996654503,0.11049999739043415,10.624999995343387,0,True,gaze_outside_screen,0.7593817515001096
1787910403629,633,1711,2951.3358175151334,548.9888572047771,2953.3156048207957,553.7491470621644,-1,-1,off_screen,0.0,1121,8,2.0,0.001607043092947947,43.96944393564387,39.49434360094957,0.1664000010350719,0.3487000067252666,10.542500007431954,0.156299996888265,11.06920000165701,0,True,gaze_outside_screen,0.7593817515001096
1787910403645,634,1712,2952.9946533321313,549.5631113915554,2953.2193193741964,552.4933363609816,-1,-1,off_screen,0.0,1137,8,2.0,0.0016070136381672075,46.02257275326747,39.50365576336788,0.11779999476857483,0.24900000425986946,10.30160000664182,0.10720000136643648,10.667299997294322,0,True,gaze_outside_screen,0.7593817515001096
1787910403676,635,1713,2959.45584279995,548.446880436235,2955.0902764019224,551.2793995835576,-1,-1,off_screen,0.0,1168,8,2.0,0.0016070111393977175,44.56701789119921,39.496676398492106,0.1345999917248264,0.29320000612642616,11.42470000195317,0.1340000017080456,11.864900006912649,0,True,gaze_outside_screen,0.7593817515001096
1787910403708,636,1714,2968.483438610906,545.8545350876121,2959.1082250646173,549.651940234774,-1,-1,off_screen,0.0,1200,8,2.0,0.0016068169826935347,43.24002043851291,39.49027564978779,0.12850000348407775,0.3245999978389591,11.787299998104572,0.13819999003317207,12.265500001376495,0,True,gaze_outside_screen,0.7593817515001096
1787910403724,637,1715,2965.1374307669926,546.3183026455607,2960.91698677533,548.65184895801,-1,-1,off_screen,0.0,1216,8,2.0,0.0016074776979139171,45.16227064190818,39.500248021251444,0.11059999815188348,0.2792000013869256,10.16969999182038,0.1551000023027882,10.61420000041835,0,True,gaze_outside_screen,0.7593817515001096
1787910403756,638,1716,2960.3143133857925,547.1777101139168,2960.736184758469,548.2096073047819,-1,-1,off_screen,0.0,1248,8,2.0,0.0016081128698814985,43.77414235076281,39.49012559075087,0.13040000339969993,0.2823999966494739,14.601799994125031,0.20129999029450119,15.098599993507378,0,True,gaze_outside_screen,0.7593817515001096
1787910403772,639,1717,2956.7506005951514,548.7589109308773,2959.5405095094734,548.3743983926105,-1,-1,off_screen,0.0,1264,8,2.0,0.0016078275551288275,45.58875526371537,39.5006409490877,0.20149999181739986,0.5799999926239252,11.845600005472079,0.25460000324528664,12.696400008280762,0,True,gaze_outside_screen,0.7593817515001096
1787910403804,640,1718,2949.0117076645856,550.0360120353698,2956.381868956007,548.8728824854383,-1,-1,off_screen,0.0,1296,8,2.0,0.0016069940418390188,44.154928565966934,39.49321942225215,0.24670000129844993,0.5080999981146306,13.520099993911572,0.14059999375604093,14.186200001859106,0,True,gaze_outside_screen,0.7593817515001096
1787910403836,641,1719,2944.227282640228,550.9158251270618,2952.7354930612732,549.4857652779253,-1,-1,off_screen,0.0,1328,8,2.0,0.0016048231714436492,42.86369369749452,39.49030472471778,0.106100007542409,0.2714000002015382,10.277299996232614,0.15190000704023987,10.71189998765476,0,True,gaze_outside_screen,0.7593817515001096
1787910403852,642,1720,2943.3033036676775,550.874684056028,2949.9058362431942,549.902440911356,-1,-1,off_screen,0.0,1344,8,2.0,0.0016058368174271843,44.84868615564763,39.49884698847253,0.09919999865815043,0.2356000040890649,10.243600001558661,0.1807999942684546,10.66980000177864,0,True,gaze_outside_screen,0.7593817515001096
1787910403885,643,1721,2906.0461747957256,554.9757854424007,2936.747937808954,551.4244442706695,-1,-1,off_screen,0.0,1377,8,2.0,0.0016070388288391309,43.453918710612655,39.4914567851616,0.1508999994257465,0.32530000316910446,11.297899996861815,0.14239999291021377,11.779100008425303,0,True,gaze_outside_screen,0.7593817515001096
1787910403900,644,1722,2901.0562771060677,555.989124597108,2926.0404395980877,552.7938483686011,-1,-1,off_screen,0.0,1392,8,2.0,0.0016092187718005947,45.47207642260802,39.49935589441803,0.11350000568199903,0.2817999920807779,12.224699996295385,0.14940000255592167,12.666399998124689,0,True,gaze_outside_screen,0.7593817515001096
1787910403933,645,1723,2880.814169216217,557.8681846511494,2912.4725584835264,554.3161492533656,-1,-1,off_screen,0.0,1425,8,2.0,0.0016074295954723768,44.02481732153136,39.493939829130454,0.1655000087339431,0.2955999952973798,11.253199991188012,0.14019999071024358,11.706599994795397,0,True,gaze_outside_screen,0.7593817515001096
1787910403948,646,1724,2875.861624906713,559.2965423481373,2901.4892784104823,555.810267181797,-1,-1,off_screen,0.0,1440,8,2.0,0.0016068629748894024,45.9546958539116,39.501986178882476,0.13049998960923404,0.2610000083222985,11.918299991521053,0.1542999962111935,12.34330001170747,0,True,gaze_outside_screen,0.7593817515001096
1787910403981,647,1725,2871.58580529572,558.186481227634,2892.5182364760535,556.523131395548,-1,-1,off_screen,0.0,1473,8,1.8,0.0015995873817517513,44.472202398045425,39.4957765391681,0.12229999992996454,0.3463000030023977,11.911900000995956,0.12850000348407775,12.400600011460483,0,True,gaze_outside_screen,0.7593817515001096
1787910404012,648,1726,2869.5412850646053,557.8379825366972,2885.625151052619,556.9175867378927,-1,-1,off_screen,0.0,1504,8,1.8,0.0015944575779822633,43.16324130212093,39.491596986689615,0.10560000373516232,0.26929999876301736,10.074400008306839,0.11560000712051988,10.480099997948855,0,True,gaze_outside_screen,0.7593817515001096
1787910404029,649,1727,2871.2945840037432,558.1889747956888,2881.325980937956,557.2990031552315,-1,-1,off_screen,0.0,1521,8,1.8,0.0015828992709937505,45.05212334178328,39.49844919528124,0.09709999721962959,0.24850000045262277,11.672900000121444,0.1694000093266368,12.100099993404001,0,True,gaze_outside_screen,0.7593817515001096
1787910404061,650,1728,2874.9434653597104,557.5090396844005,2879.411226264482,557.3620141139821,0,2,ai_agent,0.03871715872608383,0,10,2.0,0.0015322497929943606,43.62394769756757,39.4920018560399,0.23190000501926988,0.5247000080998987,11.38770001125522,0.13010000111535192,12.06179999280721,0,True,on_screen,0.7593817515001096
1787910404076,651,1729,2874.3360509353715,557.9399492969225,2877.8886736657487,557.5353946688642,0,2,ai_agent,0.04094097835030719,14,10,1.8,0.0015025680317643682,45.774556144010695,39.50214836968201,0.09969998791348189,0.24850000045262277,10.400400002254173,0.12599999899975955,10.782700002891943,0,True,on_screen,0.7593817515001096
1787910404109,652,1730,2877.6792353061346,557.4326457594766,2877.8258421578644,557.504569996048,0,2,ai_agent,0.04106452884659084,47,10,1.8,0.0014347027474119999,44.2991550198723,39.495506589368695,0.1311999949393794,0.2753000007942319,10.815500005264767,0.12310000602155924,11.22610000311397,0,True,on_screen,0.7593817515001096
1787910404141,653,1731,2882.6880650991834,558.0694102272223,2879.2845090402598,557.6740220654002,0,2,ai_agent,0.0386535038371808,79,10,1.8,0.0013812379767126313,42.993653690813616,39.48883345329894,0.1564999984111637,0.3193000011378899,11.455599989858456,0.15839999832678586,11.945700010983273,0,True,on_screen,0.7593817515001096
1787910404157,654,1732,2884.9083658727354,562.4741899550778,2880.971666090002,559.1140724323034,-1,-1,off_screen,0.0,0,9,2.0,0.0013525452138257212,44.97238279014862,39.498196935812885,0.22860000899527222,0.2986000035889447,10.506300008273683,0.1281000004382804,10.943299988866784,0,True,gaze_outside_screen,0.7593817515001096
1787910404188,655,1733,2893.297070614593,572.1048582819459,2884.6692874473792,563.011308187196,-1,-1,off_screen,0.0,30,9,2.0,0.0013190959337596418,43.62254019958013,39.49269700499621,0.12309999146964401,0.2789999998640269,10.189599997829646,0.11929999163839966,10.599100001854822,0,True,gaze_outside_screen,0.7593817515001096
1787910404204,656,1734,2899.268407205053,581.36406323555,2889.0490233746814,568.5171347017022,-1,-1,off_screen,0.0,46,9,2.0,0.0013048357228581282,45.509622187025954,39.500392025441414,0.10739998833741993,0.26390000130049884,10.941799991996959,0.148899998748675,11.365600003045984,0,True,gaze_outside_screen,0.7593817515001096
1787910404236,657,1735,2913.8779794674633,593.0261789926634,2896.497710202516,575.8698479889905,-1,-1,off_screen,0.0,78,9,2.0,0.0012808206441610355,44.07712094467084,39.49475396987272,0.1320000010309741,0.2854999911505729,10.448699991684407,0.13670000771526247,10.884599993005395,0,True,gaze_outside_screen,0.7593817515001096
1787910404253,658,1736,2923.9738919253728,599.1713135528357,2904.7405647193727,582.860287658144,-1,-1,off_screen,0.0,95,9,2.0,0.0012621400591747052,45.869805674471664,39.50326321302459,0.10400000610388815,0.2578999992692843,10.172800000873394,0.15749999147374183,10.609099990688264,0,True,gaze_outside_screen,0.7593817515001096
1787910404284,659,1737,2945.138578205136,603.7447367128325,2916.8599687651013,589.1256223745505,-1,-1,off_screen,0.0,126,9,2.0,0.0012425959727424309,44.42245381535212,39.49674462236689,0.15350000467151403,0.3015999973285943,10.765600003651343,0.24839999969117343,11.328699998557568,0,True,gaze_outside_screen,0.7593817515001096
1787910404317,660,1738,2980.3727975492866,604.0840036434255,2935.913817400357,593.613136755213,-1,-1,off_screen,0.0,159,9,2.0,0.00121416914543691,43.09439636177942,39.490388308741025,0.14010000450070947,0.3161999920848757,11.150499994982965,0.13699999544769526,11.61869999486953,0,True,gaze_outside_screen,0.7593817515001096
1787910404333,661,1739,2990.1732468075757,605.1309639525278,2952.1916462225226,597.0684849144073,-1,-1,off_screen,0.0,175,9,2.0,0.0012009507133137788,44.95612011787229,39.49844838442627,0.15699998766649514,0.3015999973285943,11.30840000405442,0.1292000088142231,11.751099998946302,0,True,gaze_outside_screen,0.7593817515001096
1787910404364,662,1740,3012.605025624169,607.446839084108,2970.3156600430166,600.1819911653175,-1,-1,off_screen,0.0,207,9,2.0,0.0011672947048557356,43.619995888949546,39.49308662283086,0.1441000058548525,0.295300007564947,10.950199997751042,0.13770000077784061,11.39869999315124,0,True,gaze_outside_screen,0.7593817515001096
1787910404381,663,1741,3012.670149199666,610.1093645002112,2983.0220067900113,603.1602031657856,-1,-1,off_screen,0.0,223,9,2.0,0.0011539264130587222,45.43133120175513,39.50004406263019,0.18099999579135329,0.3443999885348603,12.243899996974505,0.1534999901195988,12.756200012518093,0,True,gaze_outside_screen,0.7593817515001096
1787910404412,664,1742,3008.277537803489,606.8763373731879,2990.5986660940544,604.2750434280063,-1,-1,off_screen,0.0,254,9,2.0,0.0011293801126741783,44.030401644985936,39.495769706046964,0.14600000577047467,0.2843999973265454,10.562699986621737,0.16129999130498618,11.020499994629063,0,True,gaze_outside_screen,0.7593817515001096
1787910404444,665,1743,2986.433326149423,612.4228292536475,2989.3490641106646,606.7193791756986,-1,-1,off_screen,0.0,286,9,2.0,0.0011093140248895385,42.76152892100555,39.49010100641336,0.14969999028835446,0.30519999563694,10.329299999284558,0.12199999764561653,10.768000007374212,0,True,gaze_outside_screen,0.7593817515001096
1787910404460,666,1744,2972.4321989661416,615.5183526264105,2984.274004567307,609.3590712109121,-1,-1,off_screen,0.0,302,9,2.0,0.0011019692285339534,44.683735943011015,39.4973489465472,0.15539999003522098,0.2739999908953905,11.408999998820946,0.15929999062791467,11.853700008941814,0,True,gaze_outside_screen,0.7593817515001096
1787910404493,667,1745,2973.342257883701,609.1682829992828,2980.9944805622254,609.3018347474233,-1,-1,off_screen,0.0,335,9,2.0,0.0010950372261071609,43.31497458638633,39.491927950633695,0.18590000399854034,0.37730000622104853,10.431499991682358,0.13949999993201345,10.974099990562536,0,True,gaze_outside_screen,0.7593817515001096
1787910404509,668,1746,2971.983457653669,604.9942164239277,2978.291173689658,608.0095492503746,-1,-1,off_screen,0.0,351,9,2.0,0.00109009970491478,45.29123251550769,39.500587153834566,0.11300000187475234,0.28360000578686595,10.341399989556521,0.1145999995060265,10.750300003564917,0,True,gaze_outside_screen,0.7593817515001096
1787910404540,669,1747,2981.2005064498853,606.336198109898,2979.163973517726,607.5075439082316,-1,-1,off_screen,0.0,382,9,2.0,0.001077808041014712,43.915559295412116,39.49491943754519,0.1407000090694055,0.28580000798683614,10.268399986671284,0.13559999933931977,10.701799998059869,0,True,gaze_outside_screen,0.7593817515001096
1787910404557,670,1748,2978.643339444819,607.3807786453406,2979.0077832958536,607.4695143293643,-1,-1,off_screen,0.0,399,9,2.0,0.0010743035403113048,45.522083980820874,39.50218416456748,0.14800000644754618,0.30519999563694,10.738900004071184,0.15400000847876072,11.209999996935949,0,True,gaze_outside_screen,0.7593817515001096
1787910404589,671,1749,2969.6694926277496,601.8053473715552,2976.206296095422,605.7702642420215,-1,-1,off_screen,0.0,431,9,2.0,0.0010646350758135338,44.13068158861214,39.49713271366671,0.1247000036528334,0.25860000459942967,10.167400003410876,0.11380000796634704,10.550100007094443,0,True,gaze_outside_screen,0.7593817515001096
1787910404620,672,1750,2980.8083000525157,598.5985025945563,2977.58689728255,603.6187357477819,-1,-1,off_screen,0.0,462,9,2.0,0.001063955771033128,42.860873807761834,39.491305676508446,0.1399000029778108,0.26509999588597566,10.19349999842234,0.1221999991685152,10.591800004476681,0,True,gaze_outside_screen,0.7593817515001096
1787910404636,673,1751,2986.96529206419,599.5433441584978,2980.400415717042,602.3961182709966,-1,-1,off_screen,0.0,478,9,2.0,0.001067634071711794,44.79121770130433,39.498922311038285,0.11879998783115298,0.31709999893791974,10.815500005264767,0.13520001084543765,11.277800003881566,0,True,gaze_outside_screen,0.7593817515001096
1787910404668,674,1752,3005.1765818193307,611.519009826355,2987.833265547729,605.132985737604,-1,-1,off_screen,0.0,510,9,2.0,0.0010728063543448858,43.44232928942436,39.49358280449982,0.1773999974830076,0.3243999963160604,10.17560000764206,0.13190000026952475,10.64530000439845,0,True,gaze_outside_screen,0.7593817515001096
1787910404684,675,1753,3008.0792956372284,618.9007325527002,2993.9070745745785,609.2633097821329,-1,-1,off_screen,0.0,526,9,2.0,0.0010759260852738727,45.31588046881801,39.501755101511215,0.12079998850822449,0.262700006715022,10.302799986675382,0.12510000669863075,10.699800011934713,0,True,gaze_outside_screen,0.7593817515001096
1787910404716,676,1754,3009.686728715735,631.8637214931404,2998.640970816926,616.0434332954351,-1,-1,off_screen,0.0,559,9,2.0,0.0010781311122899269,43.93670859011815,39.49603438422954,0.12880000576842576,0.26050000451505184,10.325900002499111,0.12840000272262841,10.725000000093132,0,True,gaze_outside_screen,0.7593817515001096
1787910404748,677,1755,3020.7587815828397,628.3949652998849,3005.2763140467,619.74889289677,-1,-1,off_screen,0.0,590,9,2.0,0.0010736741670009028,42.65568441471872,39.48980459537153,0.1976000057766214,0.3226999979233369,10.458999997354113,0.1306999911321327,10.926999995717779,0,True,gaze_outside_screen,0.7593817515001096
1787910404765,678,1756,3023.506871193308,626.8194717308651,3010.7454811906823,621.8700665469985,-1,-1,off_screen,0.0,608,9,2.0,0.0010748886659383457,44.573528354638064,39.49846522369835,0.1674999948590994,0.27010000485461205,9.930000000167638,0.11860000086016953,10.327399999368936,0,True,gaze_outside_screen,0.7593817515001096
1787910404796,679,1757,3033.601345631294,615.6851851440452,3017.602240522866,620.0146021261125,-1,-1,off_screen,0.0,638,9,2.0,0.0010926004796969375,43.267171233377525,39.49223904451425,0.11870000162161887,0.2784999960567802,10.508100007427856,0.12250000145286322,10.921799999778159,0,True,gaze_outside_screen,0.7593817515001096
1787910404813,680,1758,3043.0524765792234,604.1400967497068,3025.237311339773,615.2522505131908,-1,-1,off_screen,0.0,655,9,1.8,0.0011144149986350889,45.01482875163502,39.499444968762745,0.20190000941511244,0.43149999692104757,11.06449999497272,0.14599999121855944,11.659800002234988,0,True,gaze_outside_screen,0.7593817515001096
1787910404844,681,1759,3058.7159803595837,589.7981808110953,3035.2809120457164,607.6160296025621,-1,-1,off_screen,0.0,687,9,1.8,0.0011689594147754334,43.67805306287558,39.49492196342289,0.11819999781437218,0.3539000026648864,9.974600005079992,0.13070000568404794,10.478200012585148,0,True,gaze_outside_screen,0.7593817515001096
1787910404860,682,1760,3056.2292323525685,583.2588876502225,3041.5654081377716,600.3088870168601,-1,-1,off_screen,0.0,702,9,1.6,0.0012192619490197613,45.515222905802894,39.503114651132336,0.12009999772999436,0.26339999749325216,10.041300003649667,0.12539999443106353,10.43950000894256,0,True,gaze_outside_screen,0.7593817515001096
1787910404892,683,1761,3016.1556036073875,567.9778862907821,3033.942466778656,590.6095867990366,-1,-1,off_screen,0.0,734,9,1.6,0.0013061830295532685,44.08986315660328,39.496148818222444,0.13190000026952475,0.28819999715778977,11.188999997102655,0.1390999968862161,11.628300009761006,0,True,gaze_outside_screen,0.7593817515001096
1787910404924,684,1762,2968.767987690242,611.4008344601073,3014.390123052132,596.8469610973577,-1,-1,off_screen,0.0,766,9,1.6,0.0012808167399521592,42.797559194720336,39.49005032268843,0.20300000323913991,0.4394999996293336,11.179300010553561,0.11470000026747584,11.751099998946302,0,True,gaze_outside_screen,0.7593817515001096
1787910404940,685,1763,2938.109391187489,603.7023447767762,2991.505903492739,598.9035762011832,-1,-1,off_screen,0.0,782,9,1.6,0.0013213161829820422,44.87439538007583,39.49973564639419,0.09790000331122428,0.23630000941921026,10.028799995779991,0.12199999764561653,10.39560000936035,0,True,gaze_outside_screen,0.7593817515001096
1787910404972,686,1764,2917.0267424028016,584.7643543619503,2969.1621551657577,594.6618096494133,-1,-1,off_screen,0.0,814,9,1.6,0.001316446966291334,43.49053147149909,39.49370299660481,0.10859999747481197,0.23829999554436654,9.968799990019761,0.09820000559557229,10.312900005374104,0,True,gaze_outside_screen,0.7593817515001096
1787910404989,687,1765,2909.557027970168,580.247132997819,2951.2806170070808,590.337406653935,-1,-1,off_screen,0.0,832,9,1.4,0.0013174070060301586,45.160498425197666,39.49958753590402,0.15140000323299319,0.2786999975796789,11.931400003959425,0.142400007462129,12.361599990981631,0,True,gaze_outside_screen,0.7593817515001096
1787910405020,688,1766,2904.7685350467223,583.8844782074025,2937.326992418973,588.4015281199752,-1,-1,off_screen,0.0,862,9,1.4,0.0013329718961312444,43.84787240276839,39.49590071352626,0.10969999129883945,0.2648000081535429,10.245700002997182,0.11359999189153314,10.634999998728745,0,True,gaze_outside_screen,0.7593817515001096
1787910405052,689,1767,2899.4501646269305,591.027143869652,2925.96394408136,589.1892128448783,-1,-1,off_screen,0.0,894,9,1.4,0.001337636050135843,42.597537495374866,39.49035822118808,0.10869999823626131,0.27319999935571104,9.92460000270512,0.12100000458303839,10.329600001568906,0,True,gaze_outside_screen,0.7593817515001096
1787910405068,690,1768,2886.7844946070763,591.2012583284044,2914.2101092390744,589.792826489936,-1,-1,off_screen,0.0,911,9,1.4,0.001340382608350326,44.54622598410539,39.49811814477087,0.10570000449661165,0.24850000045262277,10.319099994376302,0.17180001304950565,10.74969999899622,0,True,gaze_outside_screen,0.7593817515001096
1787910405100,691,1769,2886.6093870287586,595.087224257382,2905.9298925759795,591.3811458201699,-1,-1,off_screen,0.0,942,9,1.4,0.0013363131656744624,43.21424189016824,39.49232074725706,0.1444000081392005,0.27999999292660505,10.193800000706688,0.1326000055996701,10.617699997965246,0,True,gaze_outside_screen,0.7593817515001096
1787910405116,692,1770,2890.8593278178287,589.4617683813743,2901.408723148534,590.8053325885312,-1,-1,off_screen,0.0,958,9,1.4,0.0013312401737307564,45.0929069845605,39.500450081965745,0.14089999604038894,0.2707000094233081,10.193300011451356,0.11310000263620168,10.586300006252714,0,True,gaze_outside_screen,0.7593817515001096
1787910405148,693,1771,2890.1412302084404,597.7789587889195,2898.0284752665057,592.8974204486476,-1,-1,off_screen,0.0,990,9,1.4,0.0013238504153495478,43.72572111886569,39.49472936480712,0.14930000179447234,0.29660000291187316,10.133600007975474,0.1297999988310039,10.570999991614372,0,True,gaze_outside_screen,0.7593817515001096
1787910405180,694,1772,2883.58489175184,641.9728928160143,2893.6954002121056,607.6200621588575,-1,-1,off_screen,0.0,1023,9,1.4,0.0013315890054176223,42.471201596398274,39.48876472440345,0.13519999629352242,0.32380000629927963,10.144299987587146,0.11410001025069505,10.596399995847605,0,True,gaze_outside_screen,0.7593817515001096
1787910405196,695,1773,2919.1182981088477,629.7512491871735,2901.3222695811282,614.2594182673523,-1,-1,off_screen,0.0,1039,9,1.2,0.0013475969953200724,44.50170296929654,39.49723913072709,0.0999000039882958,0.23710000095888972,9.989199999836273,0.12199999764561653,10.357099992688745,0,True,gaze_outside_screen,0.7593817515001096
1787910405228,696,1774,3038.822183712445,606.0865459027157,2942.572243820523,611.8075565579613,-1,-1,off_screen,0.0,1070,9,1.2,0.001389390641602057,43.15498308893586,39.49108968041732,0.1033000007737428,0.2792000013869256,10.05040000018198,0.10900000052060932,10.447099994053133,0,True,gaze_outside_screen,0.7593817515001096
1787910405245,697,1775,3065.1587149467823,569.8799876182825,2979.3481851584006,599.2292858760577,-1,-1,off_screen,0.0,1087,9,1.2,0.0014374383885017092,45.04449843150583,39.498464299704956,0.19370000518392771,0.32619999547023326,10.782400000607595,0.13980000221636146,11.261599996942095,0,True,gaze_outside_screen,0.7593817515001096
1787910405276,698,1776,3077.1468643984826,513.8039357840269,3008.687788930425,573.6016808484484,-1,-1,off_screen,0.0,1118,9,1.2,0.001456673716840523,43.68412922797984,39.493500130391325,0.18859999545384198,0.30810000316705555,9.987199999159202,0.11879998783115298,10.424699998111464,0,True,gaze_outside_screen,0.7593817515001096
1787910405292,699,1777,3095.966122078776,478.9847747537153,3034.87128887493,545.2166090200284,-1,-1,off_screen,0.0,1134,9,1.2,0.0014463242637461106,45.59258916494099,39.50179561780288,0.1188000023830682,0.24249999842140824,10.011000005761161,0.10289999772794545,10.36970000131987,0,True,gaze_outside_screen,0.7593817515001096
1787910405324,700,1778,3061.762482896941,531.4431690677263,3042.9386470815334,541.0845770343377,-1,-1,off_screen,0.0,1166,9,1.2,0.0013840269745672741,44.1453957262452,39.495140066372514,0.16110000433400273,0.2671999973244965,10.731100002885796,0.12399999832268804,11.13210000039544,0,True,gaze_outside_screen,0.7593817515001096
1787910405357,701,1779,3006.223999185743,634.6305764635226,3031.9242527127963,569.1483768630932,-1,-1,off_screen,0.0,1200,9,1.2,0.0013905282541562362,42.85154570178361,39.48905338023538,0.16309999045915902,0.2916999947046861,10.899599990807474,0.14590000500902534,11.350600005243905,0,True,gaze_outside_screen,0.7593817515001096
1787910405372,702,1780,2996.172864185846,664.9347551220653,3021.198836154711,597.8842903407848,-1,-1,off_screen,0.0,1214,9,1.2,0.0013582976595356046,44.867826599264966,39.49776856468735,0.11639999866019934,0.2928000030806288,10.42020000750199,0.13320001016836613,10.858500012545846,0,True,gaze_outside_screen,0.7593817515001096
1787910405404,703,1781,2953.35093476876,642.7429298358873,3000.8444657389255,611.3418821893155,-1,-1,off_screen,0.0,1246,9,1.2,0.0012899880139736856,43.5222900704618,39.49146067786534,0.14630000805482268,0.3205999964848161,11.078299998189323,0.13210000179242343,11.544199995114468,0,True,gaze_outside_screen,0.7593817515001096
1787910405420,704,1782,2941.0813111047023,632.5862385680983,2982.9155193486586,617.7151891029503,-1,-1,off_screen,0.0,1263,9,1.2,0.001282666599401943,45.419826699830566,39.499870549263406,0.10930000280495733,0.3403000009711832,10.765899991383776,0.14159998681861907,11.258400001679547,0,True,gaze_outside_screen,0.7593817515001096
1787910405452,705,1783,2906.8383619948963,609.0185722610458,2960.0923721425297,615.1062040503789,-1,-1,off_screen,0.0,1294,9,1.2,0.001275589901170944,43.98191097784696,39.49415067817076,0.17590000061318278,0.30839999089948833,10.438500001328066,0.1345000055152923,10.896699997829273,0,True,gaze_outside_screen,0.7593817515001096
1787910405468,706,1784,2901.9678021608092,625.4873217307248,2942.655001148013,618.2205393544826,-1,-1,off_screen,0.0,1310,9,1.2,0.0012707187762456308,45.82899689184691,39.50210904063039,0.14180000289343297,0.28220000967849046,10.665200010407716,0.14590000500902534,11.104400007752702,0,True,gaze_outside_screen,0.7593817515001096
1787910405500,707,1785,2892.6119594641123,646.6530002998766,2927.6420886428423,626.7502776381008,-1,-1,off_screen,0.0,1342,9,1.2,0.0012517437318484044,44.383489903391485,39.49612066225784,0.17159999697469175,0.2964000013889745,10.928399991826154,0.15890000213403255,11.397499998565763,0,True,gaze_outside_screen,0.7593817515001096
1787910405533,708,1786,2883.7355183991717,655.8736578493689,2914.470117569741,635.4872917014812,-1,-1,off_screen,0.0,1375,9,1.2,0.0012372781507959257,43.00858483683866,39.49007356858834,0.17890000890474766,0.32470001315232366,10.533000007853843,0.12770001194439828,10.997399993357249,0,True,gaze_outside_screen,0.7593817515001096
1787910405548,709,1787,2887.092715155093,666.3990702635641,2906.2568968453465,644.7608252701061,-1,-1,off_screen,0.0,1391,9,1.2,0.0012340029181414115,45.21149529002024,39.49876635760223,0.12929999502375722,0.27069999487139285,10.57559999753721,0.12939999578520656,10.985600005369633,0,True,gaze_outside_screen,0.7593817515001096
1787910405580,710,1788,2901.7999966442985,690.2550957576965,2904.919826785032,658.4091064163832,-1,-1,off_screen,0.0,1422,9,1.2,0.0012334784402358752,43.81428167013384,39.49314061575497,0.1365999924018979,0.2688000095076859,10.349999996833503,0.11069999891333282,10.74019999941811,0,True,gaze_outside_screen,0.7593817515001096
1787910405596,711,1789,2904.9657741403157,700.7155972267735,2904.933610991617,671.1010536595003,-1,-1,off_screen,0.0,1438,9,1.2,0.0012323412489314116,45.62971541216126,39.50108395478244,0.10930000280495733,0.30390000029001385,10.381100000813603,0.12100000458303839,10.814599998411722,0,True,gaze_outside_screen,0.7593817515001096
1787910405629,712,1790,2894.392186300089,716.2120016812305,2901.7711835841587,684.6343380660193,-1,-1,off_screen,0.0,1471,9,1.2,0.0012289050558140849,44.17168787242896,39.4946070621557,0.12630000128410757,0.29070000164210796,10.905200004344806,0.1446999958716333,11.366399994585663,0,True,gaze_outside_screen,0.7593817515001096
1787910405660,713,1791,2886.824957984976,723.6364534192878,2897.287315904404,696.3349726719998,-1,-1,off_screen,0.0,1503,9,1.2,0.0012221571325562695,42.90323283656924,39.488499360407154,0.1412999990861863,0.298700004350394,11.477699998067692,0.14000000373926014,11.93000000785105,0,True,gaze_outside_screen,0.7593817515001096
1787910405677,714,1792,2886.335581553809,728.0714122809508,2894.0017955992253,705.8559045546851,-1,-1,off_screen,0.0,1519,9,1.2,0.0012147008707745592,44.81546004015326,39.49665324051098,0.1812999980757013,0.5567000043811277,11.066699997172691,0.12539999443106353,11.76320000377018,0,True,gaze_outside_screen,0.7593817515001096
1787910405709,715,1793,2886.702817634174,740.6610160541784,2891.81210220971,716.2974380045331,-1,-1,off_screen,0.0,1552,9,1.2,0.0011982566992632115,43.46144538196965,39.49089448886843,0.21389999892562628,0.34359999699518085,11.225100010051392,0.1436000020476058,11.727300006896257,0,True,gaze_outside_screen,0.7593817515001096
1787910405724,716,1794,2883.853959823714,744.9735999836506,2889.424659493911,724.9002865982683,-1,-1,off_screen,0.0,1566,9,1.2,0.0011839886335000376,45.39469626340076,39.499917220806175,0.17159999697469175,0.2997000119648874,10.312600003089756,0.12299999070819467,10.74749999679625,0,True,gaze_outside_screen,0.7593817515001096
1787910405756,717,1795,2880.7558549793143,758.3580744278596,2886.8240181395317,734.9376229471457,-1,-1,off_screen,0.0,1598,9,1.2,0.0011736093771465873,44.006013860663344,39.49422363866176,0.13530001160688698,0.34389999927952886,10.397899997769855,0.1218999968841672,10.877199994865805,0,True,gaze_outside_screen,0.7593817515001096
1787910405772,718,1796,2879.3558327909495,768.4669894581541,2884.583562534957,744.9964329004481,-1,-1,off_screen,0.0,1615,9,1.2,0.0011714326736121487,45.77848061534728,39.501607601062624,0.1343000039923936,0.27289999707136303,11.070599997765385,0.1432999997632578,11.497500003315508,0,True,gaze_outside_screen,0.7593817515001096
1787910405804,719,1797,2877.527077483412,781.8188638653269,2882.4666170194932,756.0431621899116,-1,-1,off_screen,0.0,1646,9,1.2,0.0011599706515830095,44.32678532225713,39.49585512429232,0.1438000035705045,0.2918999962275848,10.979899991070852,0.16460000188089907,11.450599995441735,0,True,gaze_outside_screen,0.7593817515001096
1787910405836,720,1798,2884.0218366570766,775.3409926923696,2882.933182910768,761.832511340649,-1,-1,off_screen,0.0,1678,9,1.2,0.0011553164553658839,43.02394826420734,39.490969486015025,0.18229999113827944,0.28369999199640006,10.044199996627867,0.11130000348202884,10.450900008436292,0,True,gaze_outside_screen,0.7593817515001096
1787910405852,721,1799,2888.5063445157707,763.7697227451341,2884.605131392269,762.4136747619946,-1,-1,off_screen,0.0,1694,9,1.2,0.0011516952949543018,45.00244758562998,39.49645319764994,0.10740000288933516,0.25520000781398267,13.100100011797622,0.16169999435078353,13.527200004318729,0,True,gaze_outside_screen,0.7593817515001096
1787910405884,722,1800,2892.6086383830743,733.4685417623884,2887.0061834895105,753.7301348621127,-1,-1,off_screen,0.0,1726,9,1.2,0.0011550912362755864,43.608149783473614,39.492570753024964,0.12440000136848539,0.2952999930130318,10.698300000512972,0.12309999146964401,11.12969999667257,0,True,gaze_outside_screen,0.7593817515001096
1787910405901,723,1801,2898.8898467661656,721.6593164751838,2890.571282472507,744.1088893460341,-1,-1,off_screen,0.0,1743,9,1.2,0.0011509224346424284,45.47852439872028,39.501201029514036,0.13830000534653664,0.2460999967297539,10.069399999338202,0.11529999028425664,10.439199992106296,0,True,gaze_outside_screen,0.7593817515001096
1787910405932,724,1802,2903.9056573394714,713.7990946898306,2894.571594932596,735.015950949173,-1,-1,off_screen,0.0,1774,9,1.2,0.001149321946528531,44.076473572410855,39.495361151479145,0.12650000280700624,0.26889999571722,10.313099992345087,0.12060000153724104,10.711700000683777,0,True,gaze_outside_screen,0.7593817515001096
1787910405964,725,1803,2909.1267581919724,712.7311712601596,2898.9381439104086,728.330517042469,-1,-1,off_screen,0.0,1806,9,1.2,0.0011509435719796388,42.78540172241229,39.48887743422131,0.1939999929163605,0.33650000113993883,10.92459999199491,0.16569999570492655,11.440300004323944,0,True,gaze_outside_screen,0.7593817515001096
1787910405980,726,1804,2912.143353364533,709.7791593947279,2902.8997067466457,722.7651097481466,-1,-1,off_screen,0.0,1822,9,1.2,0.0011894358436764542,44.743452877545046,39.49746957840254,0.13339999713934958,0.29999999969732016,10.352099998272024,0.12769999739248306,10.791699998662807,0,True,gaze_outside_screen,0.7593817515001096
1787910406012,727,1805,2798.0309405981975,641.5699308603924,2871.439076902111,698.4065560818203,1,2,second_file,0.09417421700994455,0,7,1.2,0.0012178339672968795,43.400791778645456,39.49071591318491,0.15359999088104814,0.31039999157655984,11.520999993081205,0.14910000027157366,11.993299995083362,0,True,on_screen,0.7593817515001096
1787910406029,728,1806,2748.4105600460734,635.0215851074279,2834.5305218452995,679.3910647895025,1,2,second_file,0.13906193789284427,16,7,1.2,0.0012563436383541092,45.23103826873955,39.49949114332022,0.16969999705906957,0.2820999943651259,10.511599990422837,0.1436000020476058,10.949299990897998,0,True,on_screen,0.7593817515001096
1787910406060,729,1807,2697.1363178854613,597.0622640653867,2793.312260657348,654.6924245722677,1,2,second_file,0.1810790477417723,47,7,1.2,0.0012696290601158337,43.84386118646792,39.49338575397151,0.16480000340379775,0.34330000926274806,10.957599995890632,0.13490000856108963,11.449500001617707,0,True,on_screen,0.7593817515001096
1787910406076,730,1808,2676.1417240091237,593.0720795111704,2758.1610996628806,636.2063210539385,1,2,second_file,0.21414963644854734,63,7,1.2,0.0012864967877982275,45.73599335844757,39.50231574241775,0.11300000187475234,0.2700000040931627,10.09640000120271,0.11280000035185367,10.488700005225837,0,True,on_screen,0.7593817515001096
1787910406108,731,1809,2643.940124614098,608.6113610030369,2723.8948071482455,627.927833038668,1,2,second_file,0.25269708811497227,95,7,1.2,0.0013037927870140215,44.29713130107871,39.49641766181761,0.10520000068936497,0.2634999982547015,10.347300005378202,0.1218999968841672,10.7416000100784,0,True,on_screen,0.7593817515001096
1787910406141,732,1810,2630.1320944596027,614.7437983681223,2695.7659933416526,623.9726226375043,1,2,second_file,0.28527910716592775,128,7,1.2,0.0013013692989737105,42.968174134759145,39.4886392264895,0.13469999248627573,0.3308000013930723,12.294000000110827,0.19719998817890882,12.83750000584405,0,True,on_screen,0.7593817515001096
1787910406157,733,1811,2622.416557910791,616.0522005726868,2673.761162712394,621.596496018059,1,2,second_file,0.31020076280302444,144,7,1.2,0.0013019338220524729,44.69226130311041,39.49595596850017,0.12859998969361186,0.3443000023253262,12.509399995906278,0.1880000054370612,13.056399999186397,0,True,on_screen,0.7593817515001096
1787910406189,734,1812,2620.0066943980332,615.6126527760332,2657.6348222180854,619.8013430454512,1,2,second_file,0.3275369286497364,176,7,1.2,0.0013125539735158488,43.375004207597776,39.490621285831494,0.3819999983534217,0.4628000024240464,12.196300012874417,0.16939999477472156,12.84700000542216,0,True,on_screen,0.7593817515001096
1787910406205,735,1813,2616.394289599445,616.6683857627561,2645.262662432493,618.8614558606426,1,2,second_file,0.3408839229149305,192,7,1.2,0.0013073095835016459,45.28258578580252,39.49822526499691,0.16989999858196825,0.3400999994482845,12.783799989847466,0.18360000103712082,13.318299999809824,0,True,on_screen,0.7593817515001096
1787910406237,736,1814,2603.45662084098,614.7894775515965,2632.720849955039,617.6398623679288,1,2,second_file,0.3535696758789936,224,7,1.2,0.001310170198615894,43.904379970205625,39.493952792195834,0.18059999274555594,0.39960000140126795,11.261999999987893,0.18119999731425196,11.859000005642883,0,True,on_screen,0.7593817515001096
1787910406268,737,1815,2506.1274197490097,616.4360515304896,2594.74282089323,617.2787191166971,1,2,second_file,0.3935014613507024,255,7,1.2,0.0012832211819380976,42.659476415015526,39.48825888200707,0.18570000247564167,0.40920000174082816,11.4222999982303,0.17010000010486692,12.014499996439554,0,True,on_screen,0.7593817515001096
1787910406285,738,1816,2391.7343495851123,642.415196012606,2533.8402795007946,624.8196621854697,1,2,second_file,0.4593969280054281,273,7,1.0,0.0012588434771776506,44.605441983154705,39.49616181801164,0.16009999671950936,0.344899992342107,11.474800005089492,0.2077999961329624,12.038600005325861,0,True,on_screen,0.7593817515001096
1787910406317,739,1817,1905.1891988468244,1474.1308074679057,2345.2449553046035,879.6130057702005,1,2,second_file,0.8967787176730457,304,7,1.0,0.00021893627599630164,43.24038425588197,39.490297148141146,0.1419000036548823,0.36609999369829893,11.304200001177378,0.1979000080609694,11.884400009876117,0,True,on_screen,0.7593817515001096
1787910406332,740,1818,1563.2637970024143,2239.9540892701934,2110.6506078139464,1287.7153308201982,2,2,terminal,0.36599717150522315,0,1,1.2,-0.0003059148382401934,45.364921659829186,39.49929279861691,0.10600000678095967,0.29260000155773014,10.722600010922179,0.19099999917671084,11.215199992875569,0,True,on_screen,0.7593817515001096
1787910406364,741,1819,0.0,0.0,0.0,0.0,-1,-1,,0.0,0,0,1.2,-0.0006491917907678335,43.955853248008005,39.49332825896403,0.10789999214466661,0.29520000680349767,11.118200010969304,0.08910000906325877,11.51209999807179,0,True,eyes_invalid_or_blink,0.7593817515001096
1787910406380,742,1820,0.0,0.0,0.0,0.0,-1,-1,,0.0,0,0,1.2,-0.0006866968972373995,45.76343401675079,39.498935944240586,0.11330000415910035,0.30020000122021884,13.68940000247676,0.16710000636521727,14.170099995681085,0,True,eyes_invalid_or_blink,0.7593817515001096
1787910406413,743,1821,0.0,0.0,0.0,0.0,-1,-1,,0.0,0,0,1.2,-0.0005709837398238174,44.26526390368077,39.494397366216255,0.21189999824855477,0.5467999872053042,11.602200000197627,0.1303999888477847,12.298499990720302,0,True,eyes_invalid_or_blink,0.7593817515001096
1787910406444,744,1822,0.0,0.0,0.0,0.0,-1,-1,,0.0,0,0,1.2,-0.00041561577471445343,43.04518118230232,39.49087873625461,0.10280001151841134,0.25180001102853566,10.218700001132675,0.06150000263005495,10.540899995248765,0,True,eyes_invalid_or_blink,0.7593817515001096
1787910406460,745,1823,440.5756268738877,3911.6250028968366,1609.6281135319286,2074.8882324431897,-1,-1,off_screen,0.0,0,10,1.4,-0.0002750940526410582,44.9579446239187,39.49913750285113,0.10279999696649611,0.2263999922433868,9.77630000852514,0.1142999972216785,10.128599999006838,0,True,gaze_outside_screen,0.7593817515001096
1787910406492,746,1824,528.3756690398909,3681.4270660641428,1285.2523801843172,2556.8498825294755,-1,-1,off_screen,0.0,32,10,1.4,-0.00014306480581713008,43.55818290501117,39.492212252659314,0.1463999942643568,0.29599999834317714,10.802200005855411,0.13130001025274396,11.242399996262975,0,True,gaze_outside_screen,0.7593817515001096
1787910406508,747,1825,615.6387535340914,3613.4405764405874,1084.3682921892494,2873.827090702809,-1,-1,off_screen,0.0,47,10,1.4,-0.00012392724976646383,45.54669690678395,39.5009362966394,0.11789999553002417,0.24739999207668006,10.230900006718002,0.10869999823626131,10.595700005069375,0,True,gaze_outside_screen,0.7593817515001096
1787910406540,748,1826,772.1247547518495,3439.7768983594833,990.6952309580294,3043.612032999811,-1,-1,off_screen,0.0,79,10,1.4,-0.00010981784137777811,44.10804917684926,39.4933171781312,0.14280001050792634,0.2555999963078648,12.359899992588907,0.11110000195913017,12.737299999571405,0,True,gaze_outside_screen,0.7593817515001096
1787910406572,749,1827,946.1029726991817,3050.683424506342,977.317553480375,3045.7334504517703,-1,-1,off_screen,0.0,111,10,1.4,9.399365322422526e-05,42.81717437321461,39.488456804338675,0.13040000339969993,0.3360999980941415,11.199000000488013,0.15339998935814947,11.700100003508851,0,True,gaze_outside_screen,0.7593817515001096
1787910406588,750,1828,1043.1075861350337,2791.5226526279307,997.0545632767726,2969.470211104618,-1,-1,off_screen,0.0,128,10,1.4,0.00029544654162785497,44.801788560387635,39.496561102694635,0.12310000602155924,0.36539998836815357,11.065099999541417,0.12450000212993473,11.566999994101934,0,True,gaze_outside_screen,0.7593817515001096
1787910406620,751,1829,1172.8513780115857,2333.4997909703457,1049.7936076972164,2778.679085064336,-1,-1,off_screen,0.0,159,10,1.4,0.0006820909731772365,43.4542455046343,39.491428988831224,0.1680999994277954,0.3079000016441569,10.519100003875792,0.14289999671746045,10.98170000477694,0,True,gaze_outside_screen,0.7593817515001096
1787910406636,752,1830,1213.9496076989944,2134.5945957571917,1099.0404076977497,2585.453738272193,-1,-1,off_screen,0.0,175,10,1.4,0.000847276669669255,45.31248732237109,39.49907813036475,0.10509999992791563,0.25949999690055847,10.81710000289604,0.12330000754445791,11.210199998458847,0,True,gaze_outside_screen,0.7593817515001096
1787910406668,753,1831,1276.623390983292,1846.7205968037426,1152.3153026834125,2363.833795831658,-1,-1,off_screen,0.0,207,10,1.4,0.001018142472588246,43.907919180314416,39.49330627283651,0.1638999965507537,0.3031999949598685,10.867200006032363,0.13549999857787043,11.319199998979457,0,True,gaze_outside_screen,0.7593817515001096
1787910406685,754,1832,1310.596247131184,1694.0294273738205,1199.7995860177439,2162.8924852943064,-1,-1,off_screen,0.0,224,10,1.4,0.001119582851301447,45.713451604090025,39.50104419888749,0.14340000052470714,0.34410000080242753,10.940499996650033,0.11460001405794173,11.414399996283464,0,True,gaze_outside_screen,0.7593817515001096
1787910406716,755,1833,1346.5287210482945,1531.9231390542914,1243.818326526909,1973.6016814223017,-1,-1,off_screen,0.0,256,10,1.4,0.0011714477673960139,44.289928150986334,39.49584733808983,0.14239999291021377,0.29070000164210796,10.646800001268275,0.11819999781437218,11.067900006310083,0,True,gaze_outside_screen,0.7593817515001096
1787910406749,756,1834,1378.4631396006023,1435.803069294868,1284.211770449017,1812.2620977840716,-1,-1,off_screen,0.0,289,10,1.4,0.001197838889515631,42.9246326664263,39.48851384958634,0.13760000001639128,0.4420000041136518,11.662100005196407,0.2508000034140423,12.370599986752495,0,True,gaze_outside_screen,0.7593817515001096
1787910406765,757,1835,1380.251666922688,1381.8657439422993,1313.0237393911182,1683.1431916315398,2,1,terminal,0.6062900956776004,0,2,1.6,0.0012336333159917758,45.00325994467083,39.497351070872064,0.13419998867902905,0.31289999606087804,11.141099996166304,0.1362999901175499,11.601400008657947,0,True,on_screen,0.7593817515001096
1787910406796,758,1836,1399.3527601792107,1329.1420157829812,1338.9224456275458,1576.942838876972,2,1,terminal,0.7755790329524119,30,2,1.6,0.0012120261199357676,43.65165761464917,39.492195328008094,0.1365999924018979,0.27879999834112823,10.820600000442937,0.11860000086016953,11.228800009121187,0,True,on_screen,0.7593817515001096
1787910406812,759,1837,1408.2285839482506,1289.8764044152638,1359.7142871237572,1490.8229085384594,2,1,terminal,0.8572385909575081,46,2,1.4,0.0012181023714217115,45.55742107786497,39.50072723591488,0.11069999891333282,0.23520000104326755,10.196300005191006,0.11720000475179404,10.556900000665337,0,True,on_screen,0.7593817515001096
1787910406845,760,1838,1419.0568998637455,1238.05167493087,1377.5170709457536,1414.9915384561825,2,1,terminal,0.813614486100314,79,2,1.4,0.0012596038834749926,44.10386818560681,39.49433329374659,0.13269999180920422,0.29290000384207815,10.72230000863783,0.1429999974789098,11.170700003276579,0,True,on_screen,0.7593817515001096
1787910406876,761,1839,1427.1360886200935,1219.500809338097,1392.4027762480555,1356.3443197207566,2,1,terminal,0.7326410543444448,110,2,1.4,0.0012821577748379533,42.86310370549532,39.48873456511874,0.12620000052265823,0.25889999233186245,11.153900006320328,0.12170000991318375,11.542899999767542,0,True,on_screen,0.7593817515001096
1787910406892,762,1840,1430.8403805994558,1215.1069964818967,1403.9340575534754,1313.9731227490986,2,1,terminal,0.6652336455663552,126,2,1.4,0.0012762907132327812,44.78990299670161,39.49724981078165,0.16370000957977027,0.2736000024015084,10.327700001653284,0.11379999341443181,10.72609999391716,0,True,on_screen,0.7593817515001096
1787910406924,763,1841,1431.5595801375914,1198.8873286396229,1412.22171432871,1279.4473845162559,2,1,terminal,0.6072795300544929,158,2,1.4,0.0012694107003354098,43.42409234302827,39.49099348473988,0.20840000070165843,0.3156000020680949,10.83420000213664,0.1449999981559813,11.306999993394129,0,True,on_screen,0.7593817515001096
1787910406940,764,1842,1323.6093716308678,1212.3576037920352,1385.6380115193574,1259.3204502989895,2,1,terminal,0.5640890855571858,174,2,1.4,0.0012761923869812515,45.34954652308673,39.499245717732535,0.1365999924018979,0.2843999973265454,10.51349999033846,0.12159999459981918,10.930000004009344,0,True,on_screen,0.7593817515001096
1787910406972,765,1843,1190.334117203692,1221.9496140042545,1327.0468432246576,1248.1091994105689,2,1,terminal,0.5123005192305841,206,2,1.4,0.001270016608128418,43.923020061970476,39.493338820545056,0.19360000442247838,0.35629999183584005,10.567899997113273,0.11639999866019934,11.05499999539461,0,True,on_screen,0.7593817515001096
1787910406988,766,1844,1171.5629606291518,1225.5945349510296,1280.4016784460057,1241.354800072707,2,1,terminal,0.4630710980784033,222,2,1.4,0.0012745692046393711,45.83310666319409,39.5017173682228,0.09309999586548656,0.23230000806506723,10.25929999013897,0.10620000830385834,10.605200004647486,0,True,on_screen,0.7593817515001096
1787910407021,767,1845,1150.0863017950433,1237.735115258307,1241.307065450717,1240.2688946283868,2,1,terminal,0.4222737934651729,255,2,1.4,0.001285153837183025,44.29727573061428,39.49503324483261,0.17500000831205398,0.31800000579096377,10.55580000684131,0.12340000830590725,11.0112999973353,0,True,on_screen,0.7593817515001096
1787910407052,768,1846,1103.7293691656375,1256.9431966322136,1200.033756565193,1245.2711852295347,2,1,terminal,0.3817421907713423,286,2,1.4,0.0013133541975856068,43.06831634329534,39.490415084759206,0.12759999663103372,0.3003000019816682,10.119800004758872,0.12409999908413738,10.554200009210035,0,True,on_screen,0.7593817515001096
1787910407069,769,1847,1091.6833368135535,1259.9450191341325,1167.528630639701,1249.673335400914,2,1,terminal,0.34632488557891405,303,2,1.4,0.0013321031461131748,44.89649167137237,39.49747163682245,0.1365999924018979,0.2587999915704131,10.827300007804297,0.12730000889860094,11.2210000079358,0,True,on_screen,0.7593817515001096
1787910407101,770,1848,1102.1891347063074,1259.4844603798197,1147.926781859683,1252.6166728945857,2,1,terminal,0.32379188595709796,335,2,1.4,0.0013378196462950943,43.53586133788234,39.49165613642812,0.1357000001007691,0.3043000033358112,10.996199998771772,0.1537000061944127,11.470299999928102,0,True,on_screen,0.7593817515001096
1787910407117,771,1849,1117.7536306833842,1257.24051631913,1138.8748365067931,1254.0038259219489,2,1,terminal,0.3130644826753556,351,2,1.4,0.0013479602202188558,45.41540678675227,39.4995289622403,0.3738000086741522,0.3031000087503344,10.934300007647835,0.1694000093266368,11.416800000006333,0,True,on_screen,0.7593817515001096
1787910407148,772,1850,1137.5458025878133,1263.1685371646379,1138.4761263310993,1256.7532392947555,2,1,terminal,0.3155790308573494,382,2,1.4,0.0013620472769512067,44.0275548213442,39.49092188558006,0.16060000052675605,0.2810000005410984,14.767700005904771,0.1731000083964318,15.232600009767339,0,True,on_screen,0.7593817515001096
1787910407180,773,1851,1154.0317525199823,1267.6031496563774,1143.142814187764,1260.008212403242,2,1,terminal,0.3256060035639492,414,2,1.4,0.001374653086063906,42.748491292551265,39.48761274760762,0.14139999984763563,0.3336999943712726,11.926100007258356,0.19410000822972506,12.469699999201111,0,True,on_screen,0.7593817515001096
1787910407197,774,1852,1175.8636866524732,1268.869822983447,1152.9590759271769,1262.6666955773035,2,1,terminal,0.34200492385797987,431,2,1.4,0.0013815534995051289,44.64705328109988,39.49600436922298,0.16969999705906957,0.3237000055378303,11.146299992105924,0.1463999942643568,11.630399996647611,0,True,on_screen,0.7593817515001096
1787910407228,775,1853,1186.7163172278167,1271.6548484406194,1163.0862483173687,1265.363141436298,2,1,terminal,0.3587823662017242,462,2,1.4,0.0013993272503716979,43.33112119089683,39.49029802016576,0.14309999824035913,0.3395999956410378,11.46599999628961,0.1508999994257465,11.970499996095896,0,True,on_screen,0.7593817515001096
1787910407245,776,1854,1194.3360983806485,1283.5294582003019,1172.4612033363526,1270.8130364654992,2,1,terminal,0.3776337090026657,479,2,1.4,0.0014007865279235567,45.1905730416828,39.49855203399562,0.14370000280905515,0.2845999988494441,10.904399998253211,0.13380000018514693,11.333799993735738,0,True,on_screen,0.7593817515001096
1787910407276,777,1855,1208.7052066270949,1315.5115323637829,1183.3344043235752,1284.2225852349843,2,1,terminal,0.4076087921889927,510,2,1.4,0.001358624131531868,43.80360208349375,39.492653486111294,0.1728999923216179,0.34300000697840005,11.198599997442216,0.17970000044442713,11.738200002582744,0,True,on_screen,0.7593817515001096
1787910407292,778,1856,1216.7584469832161,1333.9610929512896,1193.3616171214676,1299.1441375498757,2,1,terminal,0.4380634479928802,526,2,1.4,0.0013352244572440476,45.64791523378321,39.50056465056954,0.14590000500902534,0.3073999978369102,11.128500002087094,0.13529999705497175,11.58170000417158,0,True,on_screen,0.7593817515001096
1787910407325,779,1857,1239.790408291344,1367.1007045350314,1207.2902544724304,1319.5311076454223,2,1,terminal,0.47973991315638176,559,2,1.4,0.001297160164485351,44.20293702037182,39.49422097036358,0.22339999850373715,0.3487999929348007,11.893200004124083,0.13910001143813133,12.39589999022428,0,True,on_screen,0.7593817515001096
1787910407358,780,1858,1257.0638872686343,1399.43705779304,1222.2223443112916,1343.5028926897076,2,1,terminal,0.5262230677801876,592,2,1.4,0.0012991352012742992,42.81404867861776,39.488508369048176,0.15039999561849982,0.3183000080753118,11.065200000302866,0.1387999946018681,11.533800003235228,0,True,on_screen,0.7593817515001096
1787910407373,781,1859,1267.33324689926,1419.7230304850668,1235.7556150876821,1366.3689340283152,2,1,terminal,0.5688001578466249,607,2,1.4,0.001268574234760421,45.15244230070603,39.496777989253516,0.13129999570082873,0.31210000452119857,11.425999997300096,0.14420000661630183,11.894800001755357,0,True,on_screen,0.7593817515001096
1787910407404,782,1860,1281.3173992383702,1455.747343602661,1249.4241503328885,1393.182456900619,2,1,terminal,0.6140371008506708,638,2,1.4,0.0012416298450484246,43.797704384714,39.4918092915242,0.1314999972237274,0.2888000017264858,11.078999988967553,0.11969999468419701,11.497600004076958,0,True,on_screen,0.7593817515001096
1787910407420,783,1861,1303.1411363983784,1471.160644922996,1265.5392461525355,1416.575913307332,2,1,terminal,0.6583612742148652,654,2,1.4,0.0012075214597032959,45.62737850634797,39.50039543269981,0.13749999925494194,0.2666000073077157,10.066400005598553,0.12919999426230788,10.471599991433322,0,True,on_screen,0.7593817515001096
1787910407453,784,1862,1322.7613406125213,1501.7315017160054,1282.7058744905312,1442.122589829934,2,1,terminal,0.7038994769514353,687,2,1.4,0.0011250371515408968,44.172257425660824,39.492739809120046,0.18309999722987413,0.3112999984296039,12.283399992156774,0.1382000045850873,12.746700012939982,0,True,on_screen,0.7593817515001096
1787910407484,785,1863,1329.5070641263128,1522.378151781472,1296.7462313812657,1466.1992584153954,2,1,terminal,0.7399694369066756,718,2,1.4,0.0010791046134554262,42.91143792398483,39.48894203959123,0.11850000009872019,0.2840000088326633,10.489500011317432,0.13780000153928995,10.922899993602186,0,True,on_screen,0.7593817515001096
1787910407500,786,1864,1386.814929805,1555.4570088730145,1323.766840908386,1492.976583552681,2,1,terminal,0.7942806260135882,734,2,1.4,0.0009840121946117948,44.854397171255265,39.49679046304325,0.1328999933321029,0.29519999225158244,10.393899996415712,0.12509999214671552,10.825799996382557,0,True,on_screen,0.7593817515001096
1787910407545,787,1865,1535.6178809524213,1604.351571963496,1387.3221529215966,1526.3890800759254,2,1,terminal,0.8959116156311581,779,2,1.2,0.0008488317567860205,42.62297128944089,39.4887283868872,11.477099993498996,0.6357999955071136,25.849499987089075,0.2381999947829172,26.744000002508983,0,True,on_screen,0.7593817515001096
1787910407572,788,1866,1607.287990824989,1628.9647707577742,1453.3119042926144,1557.16178728048,2,1,terminal,0.8963121232574472,806,2,1.2,0.000784454610796282,42.05903578523112,39.496624469749506,23.34780000091996,0.47650000487919897,14.844300007098354,0.24290000146720558,15.576399993733503,0,True,on_screen,0.7593817515001096
1787910407588,789,1867,1670.9259220183383,1643.5436488942314,1518.5961096103315,1583.0763457646053,2,1,terminal,0.7979580852787147,822,2,1.2,0.0007503743935514465,44.15127362385465,39.50676171761862,7.273200011695735,0.5343000084394589,12.172499991720542,0.16260000120382756,12.881099988589995,0,True,on_screen,0.7593817515001096
1787910407601,790,1868,1708.553345618832,1661.1620945264801,1575.5832804128815,1606.5020703931677,2,1,terminal,0.695408026936406,835,2,1.2,0.00071833799729807,47.39246924088641,39.49356755600932,4.379199992399663,0.33889999031089246,15.020199993159622,0.2474999928381294,15.616999997291714,0,True,on_screen,0.7593817515001096
1787910407629,791,1869,1796.9699660858164,1684.6937025883221,1641.999286114762,1629.9595600517139,2,1,terminal,0.5756579638198658,863,2,1.2,0.0006916156366219457,46.23907112218465,39.49432030150563,0.27600000612437725,0.5668999947374687,11.428300000261515,0.1340999879175797,12.147599991294555,0,True,on_screen,0.7593817515001096
1787910407660,792,1870,1858.8778054748861,1718.9677229612132,1707.0628419227992,1656.6620089245635,2,1,terminal,0.4530029014991981,894,2,1.2,0.0006675446280259602,44.76173770638181,39.48930596545197,0.16670000331941992,0.3110999969067052,11.242200009291992,0.1340000017080456,11.699499998940155,0,True,on_screen,0.7593817515001096
1787910407676,793,1871,1876.7371279600302,1747.1406990855032,1757.9651277339685,1683.8056159728453,2,1,terminal,0.3511598581262646,911,2,1.2,0.0006651434171359612,46.503425361682446,39.49774315151584,0.12530000822152942,0.2835999912349507,10.39929999387823,0.12759999663103372,10.819299990544096,0,True,on_screen,0.7593817515001096
1787910407708,794,1872,1906.9361574363106,1769.2755527459121,1802.656436644671,1709.4465970047652,2,1,terminal,0.2601338649847068,942,2,1.2,0.0006666319142906683,44.97892289510692,39.49027155682777,0.15230001008603722,0.2964000013889745,12.660899999900721,0.14279999595601112,13.112899992847815,0,True,on_screen,0.7593817515001096
1787910407725,795,1873,1908.3616072452055,1799.4357370279354,1834.3679878248313,1736.443339011716,2,1,terminal,0.1876584714534797,959,2,1.2,0.0006625269332837976,46.60874442066326,39.49979142822908,0.15609999536536634,0.2849000011337921,10.263999996823259,0.1272999943466857,10.685300003387965,0,True,on_screen,0.7593817515001096
1787910407756,796,1874,1922.8487030391657,1830.140944389437,1860.9122023891314,1764.5526206250322,2,1,terminal,0.12170866711716455,990,2,1.2,0.0006543334143581762,45.117843984976574,39.49429415141589,0.11139998969156295,0.2925000007962808,10.645700007444248,0.11129998893011361,11.059600001317449,0,True,on_screen,0.7593817515001096
1787910407789,797,1875,1918.8690630625626,1854.9545957781615,1878.2992605911609,1791.673213170971,2,1,terminal,0.06989002114143761,1023,2,1.2,0.0006578141533510364,43.700980820478286,39.48682426181876,0.199399990378879,0.5094999942230061,12.360399996396154,0.1652999926591292,13.04990000789985,0,True,on_screen,0.7593817515001096
1787910407805,798,1876,1917.9260562069942,1867.302204261839,1890.1872992759108,1814.3619104982313,-1,-1,off_screen,0.0,0,11,1.4,0.000650943008004324,45.354325978868665,39.49507117826902,0.21969999943394214,0.4152999899815768,11.297999997623265,0.12769999739248306,11.852499999804422,0,True,gaze_outside_screen,0.7593817515001096
1787910407836,799,1877,1900.8436799701012,1875.2581578096926,1893.384213484168,1832.6307846916695,-1,-1,off_screen,0.0,30,11,1.4,0.0006412280949327047,44.038800132625006,39.49110038597654,0.10219999239780009,0.23610000789631158,10.513900007936172,0.13529999705497175,10.893900005612522,0,True,gaze_outside_screen,0.7593817515001096
1787910407853,800,1878,1884.525815724944,1878.482949977479,1890.7266941564008,1846.3864342774123,-1,-1,off_screen,0.0,47,11,1.4,0.0006309314888327082,45.7232001769485,39.497486809399476,0.14980000560171902,0.3299000090919435,11.642199999187142,0.11809999705292284,12.101899992558174,0,True,gaze_outside_screen,0.7593817515001096
1787910407885,801,1879,1868.0307439633657,1887.6563824911148,1883.91790909849,1858.7674187415228,-1,-1,off_screen,0.0,79,11,1.4,0.0006274185982247903,44.249138318553506,39.492361444824866,0.19130000146105886,0.31010000384412706,10.867899996810593,0.12709999282378703,11.317799988319166,0,True,gaze_outside_screen,0.7593817515001096
1787910407900,802,1880,1863.8087763024087,1887.0359355816413,1877.8851692596656,1867.2479737935582,-1,-1,off_screen,0.0,95,11,1.4,0.0006273044920863877,46.32397749902675,39.50108051003831,0.10309999925084412,0.2465000143274665,10.380400010035373,0.11140000424347818,10.746100000687875,0,True,gaze_outside_screen,0.7593817515001096
1787910407932,803,1881,1858.56727513374,1890.6643288164357,1872.089801021888,1874.2728803004213,-1,-1,off_screen,0.0,126,11,1.4,0.0006229452608600278,44.805021098663595,39.49477046615076,0.12849998893216252,0.2693999995244667,11.151500002597459,0.12149999383836985,11.551200004760176,0,True,gaze_outside_screen,0.7593817515001096
1787910407964,804,1882,1857.9275923661978,1889.3812603063193,1867.8411384251808,1878.8053943021905,-1,-1,off_screen,0.0,158,11,1.4,0.0006375715494361146,43.46096702365269,39.48853617055938,0.20310000400058925,0.31990000570658594,11.974599998211488,0.2035000070463866,12.511000008089468,0,True,gaze_outside_screen,0.7593817515001096
1787910407980,805,1883,1855.5322921946472,1886.8910506647053,1864.1484845560208,1881.2310912109447,-1,-1,off_screen,0.0,174,11,1.4,0.0006396138493400434,45.363112999745574,39.497878717441964,0.16950001008808613,0.29340000764932483,10.130999988177791,0.11570000788196921,10.551299987128004,0,True,gaze_outside_screen,0.7593817515001096
1787910408012,806,1884,1857.805108166777,1887.1689770938533,1862.2454716392476,1883.0124569758173,-1,-1,off_screen,0.0,207,11,1.4,0.0006377001271757991,43.93818937909144,39.49229924270613,0.13970000145491213,0.26359999901615083,10.070900010759942,0.12220001372043043,10.468099993886426,0,True,gaze_outside_screen,0.7593817515001096
1787910408028,807,1885,1856.9846420445556,1886.2722178660372,1860.66722276084,1883.990385242883,-1,-1,off_screen,0.0,223,11,1.4,0.0006368817728578322,45.77726892486065,39.49959846720146,0.12789999891538173,0.25830000231508166,10.531400010222569,0.12670000432990491,10.925299997325055,0,True,gaze_outside_screen,0.7593817515001096
1787910408061,808,1886,1869.5856471415334,1883.0644069497005,1863.3427500750481,1883.712591754928,-1,-1,off_screen,0.0,256,11,1.4,0.0006342766140601426,44.32304860656943,39.49301960564296,0.17590000061318278,0.3724999987753108,11.65939999918919,0.13499999477062374,12.180600009742193,0,True,gaze_outside_screen,0.7593817515001096
1787910408092,809,1887,1875.2613572164144,1878.3929841161473,1866.9183322174579,1882.1167094632938,-1,-1,off_screen,0.0,286,11,1.4,0.0006344384466372734,43.02607072874018,39.4887891432249,0.15560000611003488,0.29129999165888876,10.307200005627237,0.11560000712051988,10.725600004661828,0,True,gaze_outside_screen,0.7593817515001096
1787910408108,810,1888,1878.673843612754,1876.1689795220304,1870.4449856360466,1880.332390480915,-1,-1,off_screen,0.0,302,11,1.4,0.0006338027132220779,45.030105179876074,39.49669041059724,0.1112000027205795,0.2615999983390793,10.257399990223348,0.10059999476652592,10.62820000515785,0,True,gaze_outside_screen,0.7593817515001096
1787910408140,811,1889,1887.8609826477962,1871.4047657005642,1875.6697847395712,1877.6541030468097,-1,-1,off_screen,0.0,335,11,1.4,0.000630352122088302,43.63819194551356,39.48951979293333,0.15180000627879053,0.3254000039305538,11.967200000071898,0.18459999409969896,12.488599997595884,0,True,gaze_outside_screen,0.7593817515001096
1787910408156,812,1890,1894.404682037829,1868.1081463452385,1881.2902539290485,1874.7903160363383,-1,-1,off_screen,0.0,350,11,1.4,0.0006240219325602675,45.50505763248817,39.49816366767704,0.13589998707175255,0.29329999233596027,10.870400001294911,0.11409999569877982,11.288100009551272,0,True,gaze_outside_screen,0.7593817515001096
1787910408189,813,1891,1906.5795199684194,1859.4834870818402,1888.8770337408596,1870.1982673499888,-1,-1,off_screen,0.0,383,11,1.4,0.0006043514131438034,44.0657749835452,39.49326321367944,0.12170000991318375,0.28559999191202223,9.995800006436184,0.11280000035185367,10.4045999905793,0,True,gaze_outside_screen,0.7593817515001096
1787910408204,814,1892,1938.002800970153,1841.5265553380882,1903.6147639096475,1861.5967537464185,-1,-1,off_screen,0.0,398,11,1.4,0.0005977534375953691,46.0136891602545,39.5007115900818,0.10140000085812062,0.22080000780988485,10.596699998131953,0.12880000576842576,10.95500000519678,0,True,gaze_outside_screen,0.7593817515001096
1787910408236,815,1893,1986.0311122009368,1814.8484163906548,1928.3396683970343,1847.572252539689,-1,-1,off_screen,0.0,430,11,1.4,0.0005848337388933041,44.528021821738996,39.494839842699406,0.14980000560171902,0.44940000225324184,10.709199996199459,0.12769999739248306,11.300099999061786,0,True,gaze_outside_screen,0.7593817515001096
1787910408268,816,1894,2063.785556607785,1771.5226612562863,1968.9734348602592,1824.7573751546681,-1,-1,off_screen,0.0,462,11,1.4,0.0005757487796813933,43.20095223381915,39.4894464923376,0.21909999486524612,0.3192000003764406,10.734099996625446,0.11310000263620168,11.177100008353591,0,True,gaze_outside_screen,0.7593817515001096
1787910408285,817,1895,2098.804657407412,1757.222211654892,2007.9228016244049,1804.4968261047352,-1,-1,off_screen,0.0,480,11,1.4,0.0005786499408547627,45.094429937422596,39.49743661740542,0.09640000644139946,0.23429999419022352,10.326200004783459,0.12959999730810523,10.698900005081668,0,True,gaze_outside_screen,0.7593817515001096
1787910408317,818,1896,2150.4597784324887,1712.3082298098211,2050.68389466683,1776.8402472162609,2,2,terminal,0.2125709434410743,0,3,1.6,0.0005767121053320522,43.67772581120877,39.49001001471784,0.17699999443721026,0.338700003339909,12.012099992716685,0.3467999922577292,12.711100003798492,0,True,on_screen,0.7593817515001096
1787910408332,819,1897,2186.6842938198934,1691.6663023401002,2091.484014412749,1751.2880637534126,2,2,terminal,0.2970372038855742,15,3,1.6,0.0005698546277782025,45.728603258151956,39.499146244793415,0.13190000026952475,0.27150000096298754,10.923399997409433,0.13839999155607074,11.342799989506602,0,True,on_screen,0.7593817515001096
1787910408365,820,1898,2219.0166711130873,1642.8445559714755,2129.7438114228503,1718.7550114188314,2,2,terminal,0.38573917403675395,48,3,1.6,0.0005664907849059105,44.25975207098506,39.49394982964387,0.13929999840911478,0.24930000654421747,10.380300009273924,0.1275000104214996,10.765800005174242,0,True,on_screen,0.7593817515001096
1787910408396,821,1899,2189.115680464838,1568.9546250721542,2147.5553721354463,1673.814895514828,2,2,terminal,0.4585244991884675,78,3,1.6,0.0005666039210958963,42.995352340562384,39.48865358522051,0.15789999451953918,0.27629999385681003,10.481500008609146,0.13830000534653664,10.905500006629154,0,True,on_screen,0.7593817515001096
1787910408412,822,1900,1836.8623231853364,1422.585690977081,2054.3474574504135,1598.4461341535039,2,2,terminal,0.36506382229967804,95,3,1.6,0.0005313556947339655,44.87491199104667,39.495674329806555,0.12969999806955457,0.3068000078201294,11.02089999767486,0.14910000027157366,11.492599995108321,0,True,on_screen,0.7593817515001096
1787910408445,823,1901,1399.1446404973829,1169.3964700866038,1857.786612364504,1469.7312349334336,2,1,terminal,0.2599772002836177,128,3,1.6,0.0005241562721524547,43.50252061579038,39.49022338607115,0.1576999929966405,0.3068000078201294,10.899700006120838,0.13229998876340687,11.353900001267903,0,True,on_screen,0.7593817515001096
1787910408460,824,1902,1210.7301692546516,1023.2055550394016,1663.6696794315483,1335.773530965224,2,1,terminal,0.5097757824371084,143,3,1.6,0.0005507702821888061,45.48190327162757,39.498394889688,0.09889999637380242,0.25179999647662044,10.538100003032014,0.1154000055976212,10.913700010860339,0,True,on_screen,0.7593817515001096
1787910408492,825,1903,1017.6723476317384,852.638459450998,1469.870479891605,1190.8330095109561,1,1,main_file,0.483493183510727,0,4,1.8,0.0006022413330548163,44.05243651307564,39.49223404827911,0.10209999163635075,0.2469000028213486,11.240099993301556,0.1863000070443377,11.682900003506802,0,True,on_screen,0.7593817515001096
1787910408508,826,1904,943.5792333270039,794.2901668489158,1311.9831059222247,1071.870156712344,1,1,main_file,0.6213909585109302,15,4,1.8,0.0006418443322717786,45.87768363504364,39.50050360133973,0.1277999981539324,0.26819999038707465,10.45200000226032,0.1314999972237274,10.860700000193901,0,True,on_screen,0.7593817515001096
1787910408540,827,1905,857.937068516694,720.5333084855008,1175.7692947005653,966.4691022442909,1,1,main_file,0.5186499194447374,47,4,1.8,0.0006911945624372903,44.42128565403904,39.49472599556603,0.12739999510813504,0.29039999935775995,10.867399993003346,0.1297999988310039,11.297000004560687,0,True,on_screen,0.7593817515001096
1787910408572,828,1906,806.1079856977096,710.6769388895584,1064.8709019997086,889.7314532378712,1,1,main_file,0.33702500781747413,79,4,1.8,0.0007232440723015932,43.13402978821954,39.48917965710212,0.11610001092776656,0.2582000015536323,11.27719999931287,0.15410000924021006,11.698399990564212,0,True,on_screen,0.7593817515001096
1787910408589,829,1907,772.9804623399885,695.0200541964864,977.3037701017926,831.3180335254557,1,1,main_file,0.17361508501308454,96,4,1.8,0.0007626021428438802,44.63738722384892,39.49541780872883,0.12799999967683107,0.3105000068899244,11.702299991156906,0.1551000023027882,12.202500001876615,0,True,on_screen,0.7593817515001096
1787910408621,830,1908,739.6009320607967,700.3780458478901,905.9929186894938,792.036037222186,1,0,sidebar,0.22362002359271516,0,2,2.0,0.0008245265366344824,43.36215965818362,39.491045858626435,0.25460000324528664,0.32479999936185777,11.063999991165474,0.1083999959519133,11.507199989864603,0,True,on_screen,0.7593817515001096
1787910408636,831,1909,697.8194669250523,686.6061241835964,843.5408831601613,760.4070633106091,1,0,sidebar,0.31202553155398416,14,2,2.0,0.000842131886810437,45.434146194344635,39.49982233666613,0.10599999222904444,0.24200000916607678,10.107999987667426,0.12540000898297876,10.483700010809116,0,True,on_screen,0.7593817515001096
1787910408668,832,1910,673.9419592623045,690.2226048439173,792.6612059908043,739.3517257706015,1,0,sidebar,0.3789861252268496,46,2,2.0,0.000856780750407616,44.015985501667345,39.49340384166512,0.12909999350085855,0.27639999461825937,11.212700002943166,0.16209999739658087,11.662000004434958,0,True,on_screen,0.7593817515001096
1787910408700,833,1911,638.8838729455797,685.5964513737329,746.5280060772369,723.2251434515408,1,0,sidebar,0.434981113715842,78,2,2.0,0.0008920470259321453,42.72835183873432,39.48819994950195,0.13229998876340687,0.31609999132342637,10.770399996545166,0.1260999997612089,11.245600006077439,0,True,on_screen,0.7593817515001096
1787910408716,834,1912,634.307291980259,687.8913910023605,712.8617918481435,712.6250177167867,1,0,sidebar,0.4719657030526404,95,2,2.0,0.0009034153652058667,44.738423376676536,39.496031791134676,0.1205000007757917,0.4225000011501834,10.49570000031963,0.12450000212993473,11.05210000241641,0,True,on_screen,0.7593817515001096
1787910408748,835,1913,1491.589940959362,706.8906618504365,946.480236581509,710.9047109568816,1,0,sidebar,0.11075078403147987,126,2,2.0,0.0009025895694594228,43.37203364258551,39.49031035151731,0.15900000289548188,0.3085000062128529,10.752300004241988,0.13449999096337706,11.207799994735979,0,True,on_screen,0.7593817515001096
1787910408767,836,1914,2129.977174610669,713.265085073888,1301.529317990257,711.6128231919835,1,1,main_file,0.5869488014298265,0,5,2.2,0.0008742150741952691,44.473603291163094,39.495543358167915,0.17780000052880496,0.36439999530557543,11.18079999287147,0.1604999997653067,11.722299997927621,0,True,on_screen,0.7593817515001096
1787910408796,837,1915,2458.845779374608,785.8630918015393,1648.7242564055623,733.8879037748502,1,1,main_file,0.528731081391322,29,5,2.2,0.0008544570613255066,43.418614875026734,39.49216482873149,0.13099999341648072,0.298400002066046,11.24839999829419,0.1505999971413985,11.711700004525483,0,True,on_screen,0.7593817515001096
1787910408812,838,1916,2535.9425537978395,831.8846080323112,1914.8897456232453,763.2869150520885,1,1,main_file,0.12695601525759392,45,5,2.2,0.0008421527670417102,45.32304465097855,39.500018415131656,0.148899998748675,0.32219999411609024,10.905799994361587,0.13470000703819096,11.377300004824065,0,True,on_screen,0.7593817515001096
1787910408844,839,1917,2561.149620219025,907.0203319100689,2108.7677080019794,806.4069401094825,1,2,second_file,0.45957457468109586,0,8,2.4,0.0008620365502762344,43.90216658750232,39.49364702762877,0.16490000416524708,0.2965000021504238,11.903499995241873,0.17079999088309705,12.383799999952316,0,True,on_screen,0.7593817515001096
1787910408876,840,1918,2596.186276856406,951.6506394498465,2254.993278658307,849.9800499115915,1,2,second_file,0.729008935926897,31,8,2.4,0.0008857523462066953,42.65900884472693,39.48951602042748,0.1453000004403293,0.2826999989338219,10.572500003036112,0.14139999984763563,11.00909999513533,0,True,on_screen,0.7593817515001096
1787910408893,841,1919,2605.9953984721396,978.2484528540417,2360.293914602457,888.4605707943265,1,2,second_file,0.9269504203563751,48,8,2.4,0.0009153643759785453,44.51980812110514,39.496665282558034,0.17690000822767615,0.32219999411609024,10.745499996119179,0.13349999790079892,11.213799996767193,0,True,on_screen,0.7593817515001096
1787910408925,842,1920,2608.39795748865,1021.2304016824866,2434.7251274683144,928.2915200607745,1,2,second_file,0.9208691765541036,80,8,2.4,0.000972818051876944,43.200826247340316,39.49107522267473,0.13929999840911478,0.3259999939473346,11.007199995219707,0.12769999739248306,11.495300001115538,0,True,on_screen,0.7593817515001096
1787910408941,843,1921,2619.1384566052257,1050.2813475076894,2490.049126209388,964.888468294849,1,2,second_file,0.8039134560038657,96,8,2.4,0.0009773414371505758,45.11690713594614,39.49885676408524,0.1812999980757013,0.2846000134013593,10.734700001194142,0.16840000171214342,11.198899999726564,0,True,on_screen,0.7593817515001096
1787910408972,844,1922,2620.8934829492205,1071.6602908960617,2529.3024332313375,996.9200150752127,1,2,second_file,0.7145179047260846,127,8,2.4,0.0009942834253220609,43.73659660901024,39.493319613551684,0.1571000029798597,0.2781999937724322,10.965199995553121,0.149200001033023,11.403500000596978,0,True,on_screen,0.7593817515001096
1787910409004,845,1923,2613.213941535268,1104.1247050542588,2554.4758857225165,1029.0814220689265,1,2,second_file,0.6443570082843358,159,8,2.4,0.0010266079463893893,42.50764048185486,39.48810487475726,0.11489998723845929,0.27850001060869545,10.916100000031292,0.148899998748675,11.355000009643845,0,True,on_screen,0.7593817515001096
1787910409020,846,1924,2611.268273043591,1121.2184870160563,2571.5136019188385,1056.7225415530654,1,2,second_file,0.5895449121616153,175,8,2.4,0.0010342835027222878,44.475859256948745,39.49464856441559,0.12549999519251287,0.3004000027431175,12.023799994494766,0.19129998690914363,12.526500009698793,0,True,on_screen,0.7593817515001096
1787910409052,847,1925,2605.4041549730537,1144.188527898134,2581.680767835103,1082.9623374565858,1,2,second_file,0.5444779156663893,207,8,2.4,0.0010648778475750124,43.167478232462,39.490629226528476,0.15800000983290374,0.3060000017285347,10.49800000328105,0.13449999096337706,10.951899996143766,0,True,on_screen,0.7593817515001096
1787910409068,848,1926,2607.0424775763245,1159.8491196245664,2589.289280757469,1106.02837210698,1,2,second_file,0.5057189677572138,223,8,2.2,0.0010591230528965156,45.07354449132564,39.498214194678276,0.1598999951966107,0.2739999908953905,10.409399998025037,0.13519999629352242,10.838799993507564,0,True,on_screen,0.7593817515001096
1787910409100,849,1927,2076.225195580533,1219.5076006800748,2435.3700552043883,1140.0721406789085,1,2,second_file,0.5712949792638833,255,8,2.2,0.0010716272511145201,43.69324216949827,39.49091428313449,0.12110000534448773,0.27460001001600176,12.74550000380259,0.16369999502785504,13.195699997595511,0,True,on_screen,0.7593817515001096
1787910409116,850,1928,1673.6572581266744,1258.3566900743383,2206.8562160810743,1175.5575054975372,1,2,second_file,0.4055068039747589,271,8,2.2,0.0010749359328774515,45.490628817842506,39.49968907106641,0.17449998995289207,0.3696999920066446,10.913599995546974,0.15950000670272857,11.456300009740517,0,True,on_screen,0.7593817515001096
1787910409149,851,1929,1180.5217645296996,1302.4644869467222,1898.9558806156617,1213.6295999322926,2,1,terminal,0.0442883011106352,0,4,2.4,0.00107887648067748,44.05139579708428,39.49410140342706,0.17949999892152846,0.31519999902229756,11.073999994550832,0.12539999443106353,11.527900001965463,0,True,on_screen,0.7593817515001096
1787910409180,852,1930,898.1327088210517,1324.4710657345763,1598.7089290772785,1246.8820396729777,2,1,terminal,0.4721926435515268,31,4,2.2,0.0010849522885610398,42.80630311284726,39.489506827783046,0.14099999680183828,0.3708000003825873,10.371199998189695,0.13490000856108963,10.887000011280179,0,True,on_screen,0.7593817515001096
1787910409197,853,1931,765.7790397617198,1333.3495499352218,1348.829962282611,1272.8222927516508,2,1,terminal,0.567540183041919,48,4,2.2,0.0010911984980707355,44.33692338108106,39.494370448712395,0.1767999929143116,0.39420000393874943,12.386799993691966,0.18620000628288835,12.980500003322959,0,True,on_screen,0.7593817515001096
1787910409228,854,1932,632.097574490928,1328.2601608238217,1133.8102459451059,1289.453653173302,2,1,terminal,0.34351898656105817,78,4,2.2,0.001108956849509797,43.16136660712533,39.491629082847815,0.15259999781847,0.3357999958097935,10.521699994569644,0.1331999956164509,11.00379999843426,0,True,on_screen,0.7593817515001096
1787910409244,855,1933,573.9375498769632,1328.6349555285444,965.848437124663,1301.2080438798746,2,1,terminal,0.09169124110624316,95,4,2.2,0.0011158867591560262,45.07284944274649,39.49909531847713,0.15499998698942363,0.2918999962275848,10.579299996607006,0.1345999917248264,11.016100004781038,0,True,on_screen,0.7593817515001096
1787910409276,856,1934,493.00981893580365,1320.205776088931,823.9968516680051,1306.9073635425916,2,0,terminal,0.3030774796206548,127,4,2.2,0.001139524060195865,43.68386016215884,39.4929962652831,0.14479999663308263,0.2745000092545524,11.390699990442954,0.14579998969566077,11.825800000224262,0,True,on_screen,0.7593817515001096
1787910409308,857,1935,438.02687648339605,1314.5740986423361,708.2058591126224,1309.2073840725147,2,0,terminal,0.4744964473471579,159,4,2.2,0.001161284940701831,42.43534585685831,39.48754432247272,0.1416000013705343,0.3555000002961606,11.331600006087683,0.1601999974809587,11.859000005642883,0,True,on_screen,0.7593817515001096
1787910409325,858,1936,412.4256605415622,1312.7318368153576,619.4717995413043,1310.2647198953675,2,0,terminal,0.583982305458933,176,4,2.2,0.0011679951923417205,44.271577810040135,39.49523264796985,0.1424999936716631,0.2948000037577003,10.755800001788884,0.12670000432990491,11.191300000064075,0,True,on_screen,0.7593817515001096
1787910409356,859,1937,400.0983056058998,1304.3498452497367,553.659751360683,1308.4902575016781,2,0,terminal,0.6375035389458071,207,4,2.2,0.0011664991556268565,43.016042884573174,39.48852344247769,0.14859999646432698,0.29939999512862414,12.833100001444109,0.1686000032350421,13.314199997694232,0,True,on_screen,0.7593817515001096
1787910409372,860,1938,419.82636479171606,1290.5986276168303,513.5097353899929,1303.1227685362237,2,0,terminal,0.6471820828950126,223,4,2.2,0.0011564844347247173,44.94465765171467,39.49686512789693,0.18599999020807445,0.4341999883763492,11.633999994955957,0.1387999946018681,12.221900004078634,0,True,on_screen,0.7593817515001096
1787910409405,861,1939,462.2570605134168,1249.0049622868935,498.13393292702006,1286.8874266614246,2,0,terminal,0.6221413228532338,256,4,2.2,0.0011716715200146034,43.55727759551624,39.49220229724522,0.13129999570082873,0.28670000028796494,10.705299995606765,0.14689999807160348,11.152100007166155,0,True,on_screen,0.7593817515001096
1787910409421,862,1940,478.6309701045552,1228.0231496539386,492.28304408028055,1269.2281435591788,2,0,terminal,0.5917267762005429,272,4,2.2,0.0011815556778037861,45.44908986412064,39.49958038618017,0.10410000686533749,0.2730999985942617,10.87050000205636,0.13700000999961048,11.291599992546253,0,True,on_screen,0.7593817515001096
1787910409454,863,1941,515.2906078541686,1197.1773895773997,499.1853132124469,1247.612917364645,2,0,terminal,0.552830668399139,305,4,2.2,0.0011857532561095722,43.875728310852324,39.492643040449934,0.1314000110141933,0.31069999386090785,11.074499998358078,0.18139999883715063,11.58769999165088,0,True,on_screen,0.7593817515001096
1787910409485,864,1942,539.4432606155273,1161.5832294221088,511.26269743337093,1221.8040109818842,2,0,terminal,0.5054278240814434,335,4,2.2,0.0011622638203542153,42.77019060523796,39.48816706675172,0.19529998826328665,0.37140000495128334,11.47859999036882,0.15049999637994915,12.013900006422773,0,True,on_screen,0.7593817515001096
1787910409500,865,1943,552.9190475407134,1137.2133627447226,523.7596024655736,1196.4268165107355,1,0,sidebar,0.470638147252466,0,3,2.4,0.0011590336761740198,44.83247650167936,39.496417224705304,0.12670000432990491,0.28839999868068844,10.85409999359399,0.13380000018514693,11.285300002782606,0,True,on_screen,0.7593817515001096
1787910409532,866,1944,593.4676705211797,1103.9495569035344,544.6720228822554,1168.6836386285752,1,0,sidebar,0.5117697114689431,32,3,2.4,0.0011833054060014607,43.47567483319923,39.489889996014064,0.1151999895228073,0.3169999981764704,12.249399995198473,0.17519999528303742,12.754200011841021,0,True,on_screen,0.7593817515001096
1787910409549,867,1945,608.47727930367,1084.2116381622366,563.8135998086798,1143.3420384886736,1,0,sidebar,0.5453113342090783,49,3,2.4,0.0011986663256066017,45.18342876425381,39.4981004601907,0.1604999997653067,0.33880000410135835,10.822000011103228,0.15049999637994915,11.324699997203425,0,True,on_screen,0.7593817515001096
1787910409581,868,1946,648.469315914428,1052.6423355166294,589.2103146404042,1116.1321275970602,1,0,sidebar,0.5721902404129815,81,3,2.4,0.0012149134377884667,43.8045470302605,39.49274816136721,0.15350000467151403,0.36950000503566116,10.95050000003539,0.13240000407677144,11.466800002381206,0,True,on_screen,0.7593817515001096
1787910409612,869,1947,689.2652158191929,1028.8034322056253,619.2267849940408,1089.9335189796298,1,0,sidebar,0.5839561235244339,111,3,2.4,0.001214915367597047,42.59375485398423,39.48708615510934,0.11029999586753547,0.2894000062951818,11.858600002597086,0.14849999570287764,12.307900004088879,0,True,on_screen,0.7593817515001096
1787910409629,870,1948,718.6887288096968,1014.9325784283056,649.0653681387375,1067.4332368142325,1,0,sidebar,0.5796344425190321,128,3,2.4,0.0011992642391348632,44.31120125390442,39.49342145123461,0.17479999223724008,0.36920000275131315,12.418799989973195,0.185500000952743,12.9878000007011,0,True,on_screen,0.7593817515001096
1787910409661,871,1949,753.7316358879124,988.1198948205682,680.46524846349,1043.6392342161332,1,0,sidebar,0.5643158498685099,161,3,2.4,0.0011724923119210626,43.06155224041155,39.489694113759576,0.15550000534858555,0.2925000007962808,11.101800002506934,0.1286000042455271,11.534200006281026,0,True,on_screen,0.7593817515001096
1787910409677,872,1950,781.3653388872616,973.8909399949315,710.7352755906214,1022.7147459497727,1,0,sidebar,0.5383033640678354,177,3,2.4,0.0011607666467374454,44.938274155779254,39.49717807550219,0.16630000027362257,0.2927999885287136,10.873699997318909,0.14730000111740083,11.327100000926293,0,True,on_screen,0.7593817515001096
1787910409709,873,1951,814.4450775099136,949.7550173818328,741.848216166409,1000.8268273793907,1,0,sidebar,0.5042926546337299,209,3,2.4,0.0011326957101187307,43.55364811139744,39.49051207555511,0.36359998921398073,0.47369999811053276,12.17660000838805,0.1593000051798299,12.820900010410696,0,True,on_screen,0.7593817515001096
1787910409725,874,1952,836.7340968331657,942.2770563285426,770.313980366436,983.2618960641362,1,0,sidebar,0.4664362900056205,224,3,2.4,0.0011202713373613775,45.47023513211862,39.498935285158794,0.10629999451339245,0.38219999987632036,11.084700003266335,0.15899998834356666,11.658500006888062,0,True,on_screen,0.7593817515001096
1787910409757,875,1953,874.5732318489529,928.2881231680043,801.591755811191,966.7697641952966,1,0,sidebar,0.41973934239614386,256,3,2.4,0.0011105611417595307,44.07793502754136,39.494297222664756,0.12140000762883574,0.28509998810477555,10.646399998222478,0.14059999375604093,11.083599994890392,0,True,on_screen,0.7593817515001096
1787910409789,876,1954,917.4408811795834,921.4852473943735,836.3464934217086,953.1844091550196,1,0,sidebar,0.3634827597771899,289,3,2.4,0.0011013340402354806,42.79321888063613,39.48773902065463,0.13089999265503138,0.27299999783281237,12.151100003393367,0.1655000087339431,12.601199996424839,0,True,on_screen,0.7593817515001096
1787910409804,877,1955,935.2556675048647,914.5018025802675,866.0192456466555,941.5796271825939,1,0,sidebar,0.31408925965916834,303,3,2.4,0.0010953132928653055,44.84080850809858,39.49552110285336,0.14500001270789653,0.31269999453797936,11.882099992362782,0.15890000213403255,12.364899987005629,0,True,on_screen,0.7593817515001096
1787910409836,878,1956,971.1871369549158,903.9872446082868,897.5696130391335,930.3019124103016,1,0,sidebar,0.2603553261616969,335,3,2.4,0.001080607480008211,43.482763156688065,39.49107799334155,0.17949999892152846,0.3397999971639365,10.795099995448254,0.11999999696854502,11.266699992120266,0,True,on_screen,0.7593817515001096
1787910409852,879,1957,977.5244942367251,898.7361473608636,921.5560773984109,920.8321828954702,1,0,sidebar,0.21905146399293463,351,3,2.4,0.001073433423773109,45.38499469737624,39.49884694549778,0.15189999248832464,0.2730999985942617,10.425899992696941,0.1345000055152923,10.843199997907504,0,True,on_screen,0.7593817515001096
1787910409884,880,1958,956.2086330240713,898.96172368607,931.951844086109,914.27104513265,1,0,sidebar,0.20115538312110148,384,3,2.4,0.0010674078040519702,43.9805251510661,39.493233557533884,0.11209999502170831,0.2690000110305846,10.857300003408454,0.16129999130498618,11.298500001430511,0,True,on_screen,0.7593817515001096
1787910409917,881,1959,903.5008429113014,903.2693632647619,923.4165437336667,910.9705405722834,1,0,sidebar,0.21639262101603218,417,3,2.4,0.0010621417150108725,42.65991651079836,39.48715350869648,0.13190000026952475,0.3282999969087541,11.273399999481626,0.1455999881727621,11.762299996917136,0,True,on_screen,0.7593817515001096
1787910409932,882,1960,879.4068191627139,905.2475842984823,910.2136263623808,909.253653690143,1,0,sidebar,0.23978164806616153,431,3,2.4,0.001058780709189116,44.84320770235821,39.49577445489816,0.13049998960923404,0.28809999639634043,10.320399989723228,0.1289000065298751,10.747000007540919,0,True,on_screen,0.7593817515001096
1787910409964,883,1961,852.653877020447,906.8544412928388,892.9457015598007,908.5338899709517,1,0,sidebar,0.2703082848834627,463,3,2.4,0.0010491305280958055,43.46520051423095,39.48970019913071,0.15500000154133886,0.29180001001805067,11.029200002667494,0.1787999935913831,11.511000004247762,0,True,on_screen,0.7593817515001096
1787910409980,884,1962,834.2142650654432,910.1161200091987,875.3262706114934,909.0085589824257,1,0,sidebar,0.30141034181734305,480,3,2.4,0.0010487911117459774,45.35706147920161,39.49740053052147,0.14269999519456178,0.3197999903932214,10.624200003803708,0.1576000067871064,11.117900008684956,0,True,on_screen,0.7593817515001096
1787910410012,885,1963,798.9853944323391,921.5538726613669,852.4240077577472,912.7721530861079,1,0,sidebar,0.341665435337999,512,3,2.4,0.0010466341871399262,43.94845635199843,39.49195544743531,0.1416000013705343,0.28560000646393746,10.87429998733569,0.13749999925494194,11.310200003208593,0,True,on_screen,0.7593817515001096
1787910410029,886,1964,783.0879035965215,927.422556370304,831.6231765093794,917.1672740713667,1,0,sidebar,0.37806036769259677,529,3,2.4,0.0010491024897794597,45.71181498431017,39.4991243150764,0.13089999265503138,0.26980000257026404,10.955400008242577,0.13220000255387276,11.367099999915808,0,True,on_screen,0.7593817515001096
1787910410060,887,1965,745.0660876331199,935.8165157579751,805.6560498465014,922.7620465773491,1,0,sidebar,0.4232718160639981,559,3,2.4,0.0010418746882252215,44.30962302185506,39.49434622756026,0.15269999857991934,0.3930999955628067,10.591099999146536,0.15159999020397663,11.14689999667462,0,True,on_screen,0.7593817515001096
1787910410092,888,1966,725.1704950618462,948.9837626834466,781.5103834111048,930.6285614091782,1,0,sidebar,0.4645914085521088,592,3,2.4,0.0010346582037856732,43.00489167331387,39.48926362043981,0.12650000280700624,0.2826000127242878,10.465400002431124,0.12589999823831022,10.886700008995831,0,True,on_screen,0.7593817515001096
1787910410108,889,1967,727.8820974059742,950.8614597716024,765.4218976095656,936.6984309179054,1,0,sidebar,0.49160470548042734,608,3,2.4,0.0010278392357912468,44.85340513919838,39.496415204350285,0.16849998792167753,0.2852000034181401,10.507799990591593,0.1238999975612387,10.927800001809373,0,True,on_screen,0.7593817515001096
1787910410140,890,1968,707.9015751773509,965.7188820958065,748.1658008799011,945.4045662712757,1,0,sidebar,0.5194985732610862,640,3,2.4,0.001017294771962069,43.49309392201463,39.490458546372885,0.13719999697059393,0.3043000033358112,11.294099997030571,0.15320000238716602,11.762900001485832,0,True,on_screen,0.7593817515001096
1787910410157,891,1969,700.4111958220592,971.0915200556022,733.8394193625485,953.1106524065736,1,0,sidebar,0.5418405429529236,657,3,2.4,0.0010115935735664355,45.35022308925006,39.498087669697796,0.16339999274350703,0.3265999985160306,10.840599992661737,0.16290000348817557,11.34250000177417,0,True,on_screen,0.7593817515001096
1787910410188,892,1970,684.2997911025088,984.0865659939784,718.9775308845366,962.4034264827951,1,0,sidebar,0.563650485759151,687,3,2.4,0.0010131473770126596,43.9799179807512,39.493574416492166,0.11979999544564635,0.26390000130049884,10.365100009948947,0.1218999968841672,10.761500001535751,0,True,on_screen,0.7593817515001096
1787910410220,893,1971,692.7276411518355,987.9013887749971,711.1025639647262,970.0528151704557,1,0,sidebar,0.5733744753553436,720,3,2.4,0.0009828401016308448,42.71713520717061,39.48709014564477,0.10600000678095967,0.3262999962316826,11.86030000098981,0.17579999985173345,12.381900000036694,0,True,on_screen,0.7593817515001096
1787910410236,894,1972,691.0231163798314,993.2283919066986,705.0787296892577,977.0054881913285,1,0,sidebar,0.5797336029659121,736,3,2.4,0.0009731222608450954,44.643512672520856,39.49518551685874,0.14470001042354852,0.3367000026628375,10.81190000695642,0.17640000442042947,11.336099996697158,0,True,on_screen,0.7593817515001096
1787910410268,895,1973,700.0607414366765,997.5485892225689,703.5733332134832,983.1684185007006,1,0,sidebar,0.5785776226869634,767,3,2.4,0.0009601307196207103,43.300396416039504,39.489946648175604,0.13390000094659626,0.2863000117940828,10.81210000847932,0.13610000314656645,11.244299996178597,0,True,on_screen,0.7593817515001096
1787910410284,896,1974,702.9538419985724,999.8254766643295,703.38748584901,988.1655359497893,1,0,sidebar,0.5757244164500193,783,3,2.4,0.0009520754520787496,45.1877929520396,39.49754646903611,0.17100000695791095,0.2818000066326931,10.455299998284318,0.11970000923611224,10.865199990803376,0,True,on_screen,0.7593817515001096
1787910410317,897,1975,696.8518584292909,1014.3511178337762,701.4267976230942,996.0212105149853,1,0,sidebar,0.5736155706783099,816,3,2.4,0.0009232373046128874,43.74528361840854,39.491162351759506,0.4334999975981191,0.35710001247934997,11.209800009964965,0.16820000018924475,11.760100009269081,0,True,on_screen,0.7593817515001096
1787910410333,898,1976,693.9149547560307,1022.3931337997614,699.1732447629752,1003.932787500418,1,0,sidebar,0.5714651462206639,832,3,2.4,0.0009140555954322734,45.74432279780967,39.498779991431,0.12430000060703605,0.3490999952191487,11.238999999477528,0.1419000036548823,11.742100003175437,0,True,on_screen,0.7593817515001096
1787910410364,899,1977,694.8123589286901,1043.1072396352622,697.8649790126896,1015.6851231408712,1,0,sidebar,0.564209656532903,864,3,2.4,0.0008994826245881347,44.31163996953609,39.49397948243478,0.15999999595806003,0.30050000350456685,10.85340000281576,0.14699999883305281,11.313900002278388,0,True,on_screen,0.7593817515001096
1787910410397,900,1978,681.1114636652746,1060.858400133076,692.8389244084651,1029.2371062385325,1,0,sidebar,0.5600950712308683,897,3,2.4,0.0008838385090089267,42.988537040180674,39.48811118279909,0.13639999087899923,0.3243999963160604,11.376099995686673,0.18640000780578703,11.902800004463643,0,True,on_screen,0.7593817515001096
1787910410413,901,1979,676.359717065647,1065.5617316343323,687.8951622056197,1040.1344938572724,1,0,sidebar,0.5570708284022927,913,3,2.4,0.0008773839916101402,44.799277228044275,39.49524588799593,0.18730000010691583,0.3728000010596588,11.273600001004525,0.1444000081392005,11.805599991930649,0,True,on_screen,0.7593817515001096
1787910410444,902,1980,648.2439833033653,1074.2071513794203,675.9998085349433,1050.3562911139168,1,0,sidebar,0.5635843588871379,944,3,2.4,0.0008804403857018278,43.51106636248911,39.49117558911154,0.15809999604243785,0.2830000012181699,10.542599993641488,0.12419999984558672,10.961100007989444,0,True,on_screen,0.7593817515001096
1787910410460,903,1981,643.2239410317972,1078.2406609182297,666.1670482839994,1058.7216020552105,1,0,sidebar,0.567796355761718,960,3,2.4,0.0008864250035272199,45.33424752276206,39.49861530435936,0.11989999620709568,0.2643000043462962,10.24170000164304,0.12480000441428274,10.638700012350455,0,True,on_screen,0.7593817515001096
1787910410492,904,1982,626.6677927853948,1077.3009000451311,654.3172716344179,1064.2953914521865,1,0,sidebar,0.5768132355734485,992,3,2.4,0.0008906758792244333,43.95025051863554,39.49293746325194,0.14879999798722565,0.381799996830523,10.877299995627254,0.14599999121855944,11.418499998399056,0,True,on_screen,0.7593817515001096
1787910410524,905,1983,613.6402654145226,1083.4480359733948,642.1141697684493,1070.0411848085491,1,0,sidebar,0.5849469124895438,1023,3,2.4,0.0008875624166651691,42.65344522944084,39.487761885332006,0.16370000957977027,0.37059999885968864,10.517599992454052,0.1399000029778108,11.043899998185225,0,True,on_screen,0.7593817515001096
1787910410540,906,1984,614.2578743613128,1085.596369072556,633.7572811463083,1074.707740087751,1,0,sidebar,0.5888412891675956,1039,3,2.4,0.0008858485857358676,44.71489213978468,39.49523387084399,0.10900000052060932,0.26199998683296144,10.667700000340119,0.11929999163839966,11.056799994548783,0,True,on_screen,0.7593817515001096
1787910410572,907,1985,622.9042929978001,1088.8943543392932,630.5013847017558,1078.9637243632137,1,0,sidebar,0.586892801396829,1072,3,2.4,0.0008855268308270783,43.37152126912698,39.489700600666865,0.12969999806955457,0.26309999520890415,11.019700003089383,0.1571000029798597,11.45060000999365,0,True,on_screen,0.7593817515001096
1787910410588,908,1986,635.3146565291383,1091.3033390360897,631.9453662499706,1082.6656087650765,1,0,sidebar,0.5802395050407378,1088,3,2.4,0.0008858114803561093,45.19754539580181,39.49718131228717,0.11219999578315765,0.2910999901359901,10.592899998300709,0.12929999502375722,11.022999999113381,0,True,on_screen,0.7593817515001096
1787910410621,909,1987,654.9056216827162,1094.0963558840267,638.8334428797942,1086.0948329007615,1,0,sidebar,0.5677651873832202,1121,3,2.4,0.0008897948721898717,43.7876594021905,39.49176432644469,0.20399999630171806,0.3468999930191785,10.590700010652654,0.1357000001007691,11.08609999937471,0,True,on_screen,0.7593817515001096
1787910410637,910,1988,658.3561468822757,1094.5697171068432,644.6902540805386,1088.637298162586,1,0,sidebar,0.5576037400317055,1137,3,2.4,0.0008920999213044949,45.688091732254065,39.49953995453847,0.13899999612476677,0.2525000018067658,10.188399988692254,0.12329999299254268,10.57280000532046,0,True,on_screen,0.7593817515001096
1787910410668,911,1989,673.4928571598183,1095.4228210399972,653.3310350043225,1090.6729550258092,1,0,sidebar,0.5447633605928106,1167,3,2.4,0.0008979059636797827,44.25247782338955,39.49349773811568,0.15900000289548188,0.2994999958900735,11.218100000405684,0.14609999198000878,11.677200003759935,0,True,on_screen,0.7593817515001096
1787910410700,912,1990,686.3397301233957,1094.7774199240068,663.2336435400445,1091.9042944952685,1,0,sidebar,0.5312452201802189,1200,3,2.4,0.0009053053048840992,42.959061348197295,39.488939463563966,0.11189999349880964,0.26330001128371805,10.457700002007186,0.15219999477267265,10.884200004511513,0,True,on_screen,0.7593817515001096
1787910410716,913,1991,686.429266362606,1089.073840195358,670.192330386813,1091.0551582052954,1,0,sidebar,0.5237369902268227,1216,3,2.4,0.0009130265990114038,44.939555321283876,39.49620411524148,0.12159999459981918,0.24739999207668006,10.620899993227795,0.1247000036528334,11.001100006978959,0,True,on_screen,0.7593817515001096
1787910410749,914,1992,725.9592483483417,1059.0792180303092,686.9224057752715,1081.4623761527994,1,0,sidebar,0.5137808096829132,1249,3,2.4,0.0009311864042604416,43.527681796344204,39.4896223235124,0.1799000019673258,0.3721999964909628,11.72539999242872,0.1697999978205189,12.280599999940023,0,True,on_screen,0.7593817515001096
1787910410764,915,1993,792.470863723239,1011.3720757794605,718.5869431596617,1060.4352860407976,1,0,sidebar,0.49206296391612825,1263,3,2.4,0.0009081219300426206,45.54669427920053,39.498243565820516,0.14539998664986342,0.2817999920807779,10.48889999219682,0.11449999874457717,10.893500002566725,0,True,on_screen,0.7593817515001096
1787910410796,916,1994,929.8738436425792,884.8264150845747,781.9730133045368,1007.7526247539306,1,0,sidebar,0.4335693129993944,1296,3,2.4,0.0008887033231136723,44.12404252706074,39.492916967127215,0.14139999984763563,0.3147999959765002,10.650099997292273,0.11720000475179404,11.092000000644475,0,True,on_screen,0.7593817515001096
1787910410829,917,1995,1010.9543059039157,799.07516237046,850.6674010843506,945.1493860388894,1,0,sidebar,0.34031561549420863,1328,3,2.4,0.0008908266138931351,42.82276459665929,39.486428388876455,0.21329999435693026,0.40380000427830964,11.996900007943623,0.15610000991728157,12.570999999297783,0,True,on_screen,0.7593817515001096
1787910410845,918,1996,1049.826627064961,738.2617204311016,910.4151688785337,883.083086356553,1,0,sidebar,0.23901429081231806,1345,3,2.4,0.0008876988502451062,44.79134762975963,39.495130189104685,0.11680000170599669,0.3133999998681247,10.320799992769025,0.11539999104570597,10.761199999251403,0,True,on_screen,0.7593817515001096
1787910410876,919,1997,1101.2189610216112,645.431622643665,967.6563065214568,811.7876472426866,1,1,main_file,0.1511004701246964,0,6,2.6,0.0009038945607826587,43.44496643184938,39.48981882962217,0.20719999156426638,0.2894999925047159,10.501500000827946,0.15820001135580242,10.960600004182197,0,True,on_screen,0.7593817515001096
1787910410892,920,1998,1123.3295630886007,599.8335013087408,1014.3582834915999,748.2014034625028,1,1,main_file,0.2016447839413681,16,6,2.6,0.0009263230913556068,45.37041605185052,39.49697280117311,0.11500000255182385,0.31740000122226775,10.70830000389833,0.13210000179242343,11.170400000992231,0,True,on_screen,0.7593817515001096
1787910410924,921,1999,1145.8435553411668,540.5671694551615,1053.80386504647,685.9111332603004,1,1,main_file,0.21989969611016846,48,6,2.6,0.000936693824252887,43.97152525951843,39.4910485330124,0.1399000029778108,0.2874000056181103,11.770199998863973,0.14509999891743064,12.215299997478724,0,True,on_screen,0.7593817515001096
1787910410941,922,2000,1158.8016331793403,513.8109131769861,1085.303195486331,634.2810672353061,1,1,main_file,0.21703456252187103,65,6,2.6,0.0009500586604505278,45.706858968013506,39.499276831442145,0.10800000745803118,0.2452000044286251,10.29999999445863,0.12719999358523637,10.680999999749474,0,True,on_screen,0.7593817515001096
1787910410972,923,2001,1240.235876950025,499.1123791452116,1131.782999925439,593.7304608082777,0,1,main_file,0.24781777577208042,95,6,2.6,0.0009505968336807648,44.27787317160725,39.49342632708117,0.14289999671746045,0.29159999394323677,11.22469999245368,0.14340000052470714,11.672600012389012,0,True,on_screen,0.7593817515001096
1787910411004,924,2002,1317.1400712014981,521.7098166514888,1187.3901213082568,572.124267561241,0,1,main_file,0.3440387450913578,128,6,2.6,0.0009522456350238677,42.99060196583113,39.488370680745966,0.12670000432990491,0.309199996991083,11.15949999075383,0.16060000052675605,11.641499993856996,0,True,on_screen,0.7593817515001096
1787910411020,925,2003,1344.2387193474965,532.1492837969187,1234.4447007200285,560.1317724319443,0,1,main_file,0.41427318193412765,144,6,2.4,0.0009599614624060046,44.89478482847118,39.4957146143973,0.1314999972237274,0.304899993352592,10.944199995719828,0.14740000187885016,11.413000000175089,0,True,on_screen,0.7593817515001096
1787910411053,926,2004,1379.3280881113462,567.1883479177397,1277.9097169374238,562.248745077683,0,1,main_file,0.4553412682453838,177,6,2.4,0.0009763066842683292,43.493384510158236,39.4902008968204,0.16789999790489674,0.3212000010535121,10.952600001473911,0.14760000340174884,11.434100000769831,0,True,on_screen,0.7593817515001096
1787910411068,927,2005,1390.7526115316662,584.2685771333571,1311.7625853156965,568.8546946943852,0,1,main_file,0.47376065852148475,192,6,2.4,0.0009938515089638854,45.49595449060508,39.498099054006616,0.10879999899771065,0.2570000069681555,10.44829998863861,0.14570000348612666,10.86080000095535,0,True,on_screen,0.7593817515001096
1787910411100,928,2006,1404.1078997900293,609.7273693678026,1339.4661796579962,581.1164970964104,0,1,main_file,0.4725584862040263,223,6,2.4,0.001032002273123788,44.07067559714055,39.49193309149849,0.13190000026952475,0.31820000731386244,11.614500006544404,0.1517000055173412,12.101000000257045,0,True,on_screen,0.7593817515001096
1787910411132,929,2007,1421.3564915942577,635.0983161164027,1364.0332732388747,597.3110428024081,0,1,main_file,0.45787674171312587,256,6,2.4,0.0010549601227827672,42.81397836403188,39.48792553972854,0.11920000542886555,0.2641000028233975,10.42299999971874,0.13970000145491213,10.838000001967885,0,True,on_screen,0.7593817515001096
1787910411148,930,2008,1429.8547900487454,647.8168829381135,1383.7797282818358,612.4627948431197,1,1,main_file,0.4823997702667684,272,6,2.4,0.0010656823610038745,44.79341960682434,39.495706156837976,0.12709999282378703,0.2812000020639971,9.767700001248159,0.11410001025069505,10.172300011618063,0,True,on_screen,0.7593817515001096
1787910411180,931,2009,1435.8198281284738,672.0753584532966,1399.3917582358272,630.3465639261727,1,1,main_file,0.5182416048179991,304,6,2.4,0.0010885527406500131,43.41360341860583,39.48769820023009,0.2351000002818182,0.3397999971639365,13.061599995126016,0.13099999341648072,13.54400000127498,0,True,on_screen,0.7593817515001096
1787910411196,932,2010,1448.2691456071727,682.0207012376518,1414.0549744472307,645.8488051196164,1,1,main_file,0.5486669273382002,320,6,2.4,0.0011013611556557786,45.35049520820204,39.49697299718168,0.1562000106787309,0.29209999775048345,10.558500012848526,0.12730000889860094,10.987299989210442,0,True,on_screen,0.7593817515001096
1787910411228,933,2011,1467.1423151793451,702.4213984974256,1429.981176666865,662.8205831329591,1,1,main_file,0.5806101996482177,351,6,2.4,0.0011197759682695305,43.96850794227859,39.49173217708662,0.13249999028630555,0.29769999673590064,10.924300004262477,0.11629999789875001,11.347300009219907,0,True,on_screen,0.7593817515001096
1787910411244,934,2012,1479.9900948114578,710.9455725513134,1444.9838521102429,677.2580799584654,1,1,main_file,0.6063915703420821,368,6,2.4,0.0011309802904773646,45.76230431555819,39.49941178269169,0.1120000088121742,0.25090000417549163,10.229199993773364,0.1213000068673864,10.610400000587106,0,True,on_screen,0.7593817515001096
1787910411276,935,2013,1500.1459663039082,733.7649929667124,1461.5324863683422,694.2101538609394,1,1,main_file,0.6344539223248506,400,6,2.4,0.001160939785180292,44.29736475826475,39.493057771797375,0.13500000932253897,0.5362000083550811,11.286299995845184,0.14829999417997897,11.985799996182323,0,True,on_screen,0.7593817515001096
1787910411308,936,2014,1506.968543212175,760.5383458014975,1475.163303421492,714.1086114431068,1,1,main_file,0.6657686896605266,432,6,2.4,0.0011942472460943383,43.01992520438295,39.48904075298881,0.15069999790284783,0.27979999140370637,10.344099995563738,0.13780000153928995,10.77130000339821,0,True,on_screen,0.7593817515001096
1787910411324,937,2015,1513.7630184087745,772.7838626695373,1486.7432179176767,731.711186811036,1,1,main_file,0.6914349333927015,447,6,2.4,0.001213462652153073,44.918598636388175,39.4965248027063,0.10779999138321728,0.24880000273697078,9.921299992129207,0.12119999155402184,10.298499997588806,0,True,on_screen,0.7593817515001096
1787910411357,938,2016,1531.9816461830073,796.2779843144464,1500.3147463972757,751.081226062059,1,1,main_file,0.7161512186706935,481,6,2.2,0.0012447484358723143,43.5265623921641,39.4897358850433,0.13640000543091446,0.3036999987671152,11.654100002488121,0.1630000042496249,12.132399991969578,0,True,on_screen,0.7593817515001096
1787910411372,939,2017,1539.1489225849923,807.620850635578,1511.9649992535906,768.0431134341147,1,1,main_file,0.7344617682380727,496,6,2.2,0.0012617360574760754,45.457365576424124,39.49782036457361,0.09970000246539712,0.24540000595152378,10.660699990694411,0.1711999939288944,11.08620000013616,0,True,on_screen,0.7593817515001096
1787910411404,940,2018,1550.4038092951114,824.1840306206456,1523.4966422660468,784.885388590074,1,1,main_file,0.7487666935890167,528,6,2.2,0.0012905490368592641,44.05339821174269,39.49295569550154,0.11199999426025897,0.25880000612232834,10.484400001587346,0.11559999256860465,10.86819999909494,0,True,on_screen,0.7593817515001096
1787910411436,941,2019,1559.5333839785708,848.1716127778848,1534.3076647798039,803.8712558464171,1,1,main_file,0.762092251006611,560,6,2.2,0.0013211923316992918,42.7514510193465,39.48690871191821,0.1897000038297847,0.2882999979192391,11.333600006764755,0.16209999739658087,11.795600003097206,0,True,on_screen,0.7593817515001096
1787910411453,942,2020,1563.5346141113632,857.0130203402279,1543.0757495792716,819.8137851945602,1,1,main_file,0.7692867867794857,577,6,2.2,0.0013326601674055229,44.66247240847269,39.49409032232752,0.2393000031588599,0.31380000291392207,11.18539999879431,0.14029999147169292,11.65269999182783,0,True,on_screen,0.7593817515001096
1787910411485,943,2021,1571.3976714902287,868.1289377037863,1551.5723261525586,834.3083309473279,1,1,main_file,0.7712612654239794,608,6,2.0,0.0013443542423192782,43.33508519714154,39.48994019468524,0.14289999671746045,0.295300007564947,10.053200006950647,0.13299999409355223,10.492200002772734,0,True,on_screen,0.7593817515001096
1787910411500,944,2022,1576.0523525293204,872.9540110183617,1558.9163340655869,845.902034968638,1,1,main_file,0.7691972137998166,624,6,2.0,0.001347172978170389,45.27388256266309,39.49720557368212,0.09660000796429813,0.2567000046838075,10.070799995446578,0.11110000195913017,10.453299997607246,0,True,on_screen,0.7593817515001096
1787910411534,945,2023,1575.109895117394,883.1307238658036,1563.7744023811288,857.0706416377875,1,1,main_file,0.7685534248515865,657,6,2.0,0.0013578290467279597,43.72981456329332,39.48924412542175,1.2815000081900507,0.3809999907389283,12.05350000236649,0.1306999911321327,12.578099995153025,0,True,on_screen,0.7593817515001096
1787910411548,946,2024,1574.0717405636515,885.9538278583291,1566.8636038358854,865.73559750395,1,1,main_file,0.7678439057188902,672,6,2.0,0.0013592497741280705,46.349448904014096,39.4990917219003,0.1083999959519133,0.24220001068897545,10.45640000666026,0.11619999713730067,10.82229999883566,0,True,on_screen,0.7593817515001096
1787910411581,947,2025,1573.7715520909512,891.7902591167126,1568.9359883124052,873.5519959877787,1,1,main_file,0.767470713868905,705,6,2.0,0.0013616000098952592,44.80903257859436,39.49383730751011,0.20599999697878957,0.3327000013086945,10.16300001356285,0.13559999933931977,10.645100002875552,0,True,on_screen,0.7593817515001096
1787910411612,948,2026,1571.5940423518052,895.5064338357784,1569.733404524225,880.1383273421785,1,1,main_file,0.7681343491225068,736,6,2.0,0.0013616429151469753,43.48630995527016,39.488224502304305,0.12870000500697643,0.28759999258909374,11.150999998790212,0.14289999671746045,11.593200004426762,0,True,on_screen,0.7593817515001096
1787910411628,949,2027,1570.8335645453083,897.3950263945875,1570.06345253055,885.3153370579012,1,1,main_file,0.7687618072664425,752,6,2.0,0.0013576616066140468,45.31166179436791,39.49581701497443,0.15040001017041504,0.33989999792538583,10.34250001248438,0.15839999832678586,10.852599996724166,0,True,on_screen,0.7593817515001096
1787910411660,950,2028,1568.0372711898856,904.953490921502,1569.4555981283506,891.2067832169813,1,1,main_file,0.7707685821939538,784,6,2.0,0.0013595496140743103,43.925090370847826,39.49088106873407,0.11400000948924571,0.2643000043462962,10.386299996753223,0.1289999927394092,10.788799991132692,0,True,on_screen,0.7593817515001096
1787910411676,951,2029,1566.1450120017569,907.6983252093067,1568.4624222903722,896.1542458146789,1,1,main_file,0.7729484996990752,800,6,2.0,0.0013608033029242593,45.80225242706835,39.49790988895959,0.10750000365078449,0.2514999941922724,10.6342999933986,0.12399999832268804,11.018199991667643,0,True,on_screen,0.7593817515001096
1787910411709,952,2030,1555.0613786147846,914.4448859168691,1564.442109187696,901.641437845336,1,1,main_file,0.7801335891257614,833,6,2.0,0.0013574712816923108,44.31510086546911,39.491932821416,0.20709999080281705,0.36190000537317246,11.23639999423176,0.15669999993406236,11.784400005126372,0,True,on_screen,0.7593817515001096
1787910411740,953,2031,1550.0789940934196,923.7090934593507,1560.1331746594128,908.2617345295403,1,1,main_file,0.7872638573503127,864,6,2.0,0.001352279245036999,43.02251977614108,39.487132414093445,0.16399999731220305,0.30690000858157873,11.042799989809282,0.13780000153928995,11.500000007799827,0,True,on_screen,0.7593817515001096
1787910411757,954,2032,1543.445423564469,933.1993421247208,1555.1268493309294,915.7430168080944,1,1,main_file,0.7947168301531583,881,6,2.0,0.0013506243020360714,44.85437157306775,39.4942939141725,0.1264000020455569,0.28670000028796494,10.754800008726306,0.13800000306218863,11.191099998541176,0,True,on_screen,0.7593817515001096
1787910411788,955,2033,1535.3450866214991,954.0948099577413,1549.1923205181004,927.2485547529884,1,1,main_file,0.8011782004449176,912,6,1.8,0.0013331014715648737,43.53527494960318,39.489180470549705,0.1306000049225986,0.2989000058732927,11.067600004025735,0.21470000501722097,11.595100004342385,0,True,on_screen,0.7593817515001096
1787910411804,956,2034,1535.089486526179,963.1158371583408,1544.9614703205239,938.008739474594,1,1,main_file,0.8027848810385362,927,6,1.8,0.0013441685878172356,45.37976161400399,39.49625827517656,0.16469998809043318,0.33599999733269215,11.048100001062267,0.1576999929966405,11.553900010767393,0,True,on_screen,0.7593817515001096
1787910411836,957,2035,1528.9293765032903,988.8317783509942,1540.1518421753537,953.255651137514,1,1,main_file,0.7996059136253643,960,6,1.8,0.001347072315817214,43.963907245320435,39.49163893888006,0.18620000628288835,0.33299998904112726,10.387000002083369,0.13499999477062374,10.869899997487664,0,True,on_screen,0.7593817515001096
1787910411853,958,2036,1525.664797568726,998.4571817231418,1535.8057287933655,966.8161103132023,1,1,main_file,0.7936470132503702,976,6,1.8,0.0013483678425518335,45.75291773872333,39.49889237423388,0.14170000213198364,0.27949998911935836,10.136700002476573,0.13089999265503138,10.557000001426786,0,True,on_screen,0.7593817515001096
1787910411884,959,2037,1522.296454512059,1024.5137940786815,1531.7529465089735,984.125415442846,1,1,main_file,0.7800828047352201,1008,6,1.8,0.0013371612580935326,44.316229851254846,39.49301729913349,0.15720000374130905,0.3406000032555312,11.200100008863956,0.13100000796839595,11.684700002660975,0,True,on_screen,0.7593817515001096
1787910411916,960,2038,1517.3726188481328,1053.4659726953844,1527.4388482107213,1004.9275826186075,1,1,main_file,0.7587010432058509,1039,6,1.8,0.001333982367719564,43.039997219212026,39.488651492471035,0.1303000026382506,0.28469999961089343,10.589199999230914,0.1348999940091744,11.019199999282137,0,True,on_screen,0.7593817515001096
1787910411932,961,2039,1514.4463469707248,1070.9296851121896,1523.5410978387222,1024.7282133666822,1,1,main_file,0.7347871897898328,1055,6,1.8,0.0013390652591936357,44.87326359067496,39.49534043310058,0.12260000221431255,0.26840000646188855,10.88309999613557,0.1429999974789098,11.30399999965448,0,True,on_screen,0.7593817515001096
1787910411964,962,2040,1521.8328782949927,1122.9294107049643,1523.0286319756033,1054.1885725681668,1,1,main_file,0.6906176381682774,1088,6,1.8,0.0013305242233125035,43.506032831665046,39.48857143251408,0.1762000028975308,0.3496000135783106,12.807100007194094,0.25769999774638563,13.427300000330433,0,True,on_screen,0.7593817515001096
1787910411981,963,2041,1522.0632654757605,1145.2706451280515,1522.7390220256505,1081.513194336132,1,1,main_file,0.6475837572884482,1105,6,1.8,0.00132795654415499,45.302353322609704,39.49638574592693,0.14819999341852963,0.32900000223889947,11.74919999903068,0.16650000179652125,12.256800007889979,0,True,on_screen,0.7593817515001096
1787910412012,964,2042,1527.351548455018,1207.7119491551034,1524.1227799544606,1119.3728207818235,1,1,main_file,0.5849240980431766,1136,6,1.8,0.0013075188862737286,43.95519927534772,39.49252316604861,0.14790000568609685,0.30139999580569565,10.7644999952754,0.13719999697059393,11.216200000490062,0,True,on_screen,0.7593817515001096
1787910412044,965,2043,1529.0757939432365,1244.1318777932795,1525.6086841510933,1156.8005378852602,1,1,main_file,0.521774493549876,1167,6,1.8,0.0013265320559329823,42.67845154973594,39.485101215091184,0.17800000205170363,0.345199994626455,13.685300000361167,0.15300000086426735,14.197299999068491,0,True,on_screen,0.7593817515001096
1787910412060,966,2044,1531.5477025753266,1267.9994686997607,1527.3903896783631,1190.1602171296101,1,1,main_file,0.4646397603646748,1184,6,1.8,0.0013277207923257997,44.58951038323505,39.494123482136516,0.14659999578725547,0.3006000042660162,11.037299991585314,0.16429999959655106,11.513599994941615,0,True,on_screen,0.7593817515001096
1787910412092,967,2045,1534.7708989676064,1306.3802349560215,1529.604542465136,1225.0262224775336,2,1,terminal,0.4890721264253539,0,5,2.0,0.0013438549949718985,43.25814937958196,39.48884656066583,0.17420000222045928,0.32780000765342265,11.30459998967126,0.1331999956164509,11.779399996157736,0,True,on_screen,0.7593817515001096
1787910412108,968,2046,1528.6528723801075,1330.7123378565652,1529.3190414396274,1256.732057091243,2,1,terminal,0.5421744958030036,16,5,2.0,0.001343357258091562,45.18620402887025,39.49643985055557,0.15369999164249748,0.288200011709705,10.719000012613833,0.13410000246949494,11.152000006404705,0,True,on_screen,0.7593817515001096
1787910412140,969,2047,1480.3518074639128,1385.0620184813843,1514.6288712469131,1295.2310455082852,2,1,terminal,0.6149655350996409,48,5,2.0,0.0013706316800816722,43.78740666928972,39.49074791871135,0.22200000239536166,0.4445999948075041,11.270999995758757,0.1564999984111637,11.887700005900115,0,True,on_screen,0.7593817515001096
1787910412156,970,2048,1445.2293594052824,1411.2505164026263,1493.8090176944238,1330.0368867765874,2,1,terminal,0.6850436972135686,63,5,2.0,0.0013693797919871568,45.64067108542304,39.498587266871546,0.1112000027205795,0.28190000739414245,10.445699997944757,0.13050000416114926,10.870900005102158,0,True,on_screen,0.7593817515001096
1787910412188,971,2049,1399.9080835296713,1448.724864842421,1465.638737444998,1365.6432801963374,2,1,terminal,0.7583538494168023,95,5,2.0,0.001367326699761598,44.20300108563801,39.49298394515368,0.13349999790079892,0.2906000008806586,11.110899999039248,0.14970000484026968,11.562700005015358,0,True,on_screen,0.7593817515001096
1787910412220,972,2050,1350.0431070077784,1484.0429439204122,1430.960048313832,1401.1631793135598,2,1,terminal,0.8246597934133346,128,5,2.0,0.0013663526535088871,42.93917696178865,39.48778966464891,0.14139999984763563,0.41760000749491155,11.435699998401105,0.16339999274350703,12.030900004901923,0,True,on_screen,0.7593817515001096
1787910412237,973,2051,1334.7933392253688,1499.0741437715765,1402.110035587293,1430.5364686509647,2,1,terminal,0.8602120431519279,144,5,2.0,0.0013603798278409608,44.7081802566938,39.49502314278174,0.15580000763293356,0.29030001314822584,10.917999999946915,0.1306000049225986,11.348600004566833,0,True,on_screen,0.7593817515001096
1787910412268,974,2052,1300.3009795662306,1515.456909945709,1371.5673187809741,1456.0126010393878,2,1,terminal,0.856280861466794,175,5,2.0,0.0013591324701987505,43.378401161137496,39.49043908372436,0.15249999705702066,0.42919999395962805,10.298399996827357,0.12399999832268804,10.862700000870973,0,True,on_screen,0.7593817515001096
1787910412284,975,2053,1293.4800177493594,1522.1359428486614,1348.1411284714895,1475.8496035821697,2,1,terminal,0.8322014657915933,191,5,2.0,0.0013515902313835787,45.362193035467286,39.49776747478788,0.1269000058528036,0.265499998931773,10.325600000214763,0.12160000915173441,10.72089999797754,0,True,on_screen,0.7593817515001096
1787910412316,976,2054,1260.2169442343327,1534.276164823986,1321.7638732003425,1493.3775719547145,2,1,terminal,0.790789201920449,223,5,2.0,0.0013384362645587518,43.93411208237762,39.49144243225806,0.18309999722987413,0.3360000118846074,11.717000001226552,0.12900000729132444,12.194100010674447,0,True,on_screen,0.7593817515001096
1787910412348,977,2055,1233.601020529123,1539.8790703666066,1295.3150173989766,1507.3280214782822,2,1,terminal,0.74406273635008,256,5,2.0,0.0013301735350784924,42.68479139911387,39.48795441087345,0.10989999282173812,0.25830000231508166,9.904499995172955,0.1252999936696142,10.30680000258144,0,True,on_screen,0.7593817515001096
1787910412364,978,2056,1224.250825160205,1542.2541379710585,1273.995759727345,1517.805856426115,2,1,terminal,0.7050441943027579,272,5,2.0,0.0013283678895892014,44.71921726263122,39.49431077250049,0.11980000999756157,0.2961999998660758,10.937200000626035,0.14010000450070947,11.385599995264784,0,True,on_screen,0.7593817515001096
1787910412396,979,2057,1215.4889186538087,1548.1536882305518,1256.4437074052842,1526.910205967446,2,1,terminal,0.6722515059807932,303,5,2.0,0.0013270891740778425,43.34624499361205,39.489050314098286,0.16569999570492655,0.4161000106250867,10.804000005009584,0.13910001143813133,11.374900001101196,0,True,on_screen,0.7593817515001096
1787910412412,980,2058,1209.3293466412033,1551.9308884014524,1242.30939917606,1534.4164106976477,2,1,terminal,0.6454942117984346,319,5,2.0,0.001322918656819251,45.281134355199626,39.496535398649385,0.13699999544769526,0.28480000037234277,10.4525999922771,0.12350000906735659,10.871599995880388,0,True,on_screen,0.7593817515001096
1787910412444,981,2059,1198.6087705794262,1554.0750108436841,1229.1992105970699,1540.3139907414586,2,1,terminal,0.620836921602356,351,5,2.0,0.0013216275957303562,43.89408944867371,39.49144365033035,0.16729999333620071,0.2919999969890341,10.648499999660999,0.12489999062381685,11.075300004449673,0,True,on_screen,0.7593817515001096
1787910412460,982,2060,1194.9900649918898,1554.836255993645,1218.9364669155157,1544.6706703171144,2,1,terminal,0.6015614338054941,368,5,2.0,0.0013223977774264005,45.70688476304551,39.49838402139831,0.12170000991318375,0.2505000011296943,10.715499985963106,0.1343000039923936,11.10829999379348,0,True,on_screen,0.7593817515001096
1787910412493,983,2061,1193.5217050762792,1554.7717050503388,1211.3120383637447,1547.7009807370816,2,1,terminal,0.5872900702136279,401,5,2.0,0.0013221308816600344,44.24359095479167,39.49286031936554,0.17329999536741525,0.3313999914098531,11.065200000302866,0.13159999798517674,11.542699998244643,0,True,on_screen,0.7593817515001096
1787910412524,984,2062,1189.0883529487999,1553.5836829795362,1204.644932739261,1549.465791409818,2,1,terminal,0.5751225769587242,431,5,2.0,0.0013216501214881222,42.96458821234532,39.48859829250563,0.11629999789875001,0.25179999647662044,10.33050000842195,0.11490000179037452,10.70610000169836,0,True,on_screen,0.7593817515001096
1787910412540,985,2063,1186.637547055751,1553.8532633112588,1199.242717034208,1550.78203298025,2,1,terminal,0.5653043447939134,447,5,2.0,0.001322082421698005,44.969485442988756,39.495994883080186,0.1036000030580908,0.2384000108577311,10.013600011006929,0.11630001245066524,10.376300007919781,0,True,on_screen,0.7593817515001096
1787910412573,986,2064,1145.4514693700833,1559.7462465290103,1183.1053427349707,1553.4712970448782,2,1,terminal,0.5364266359523127,480,5,2.0,0.0013258425678772875,43.563258860218305,39.48971716558925,0.15199999324977398,0.3222999948775396,11.169100005645305,0.14309999824035913,11.648200001218356,0,True,on_screen,0.7593817515001096
1787910412588,987,2065,892.9206089402444,1583.7566579988588,1096.0499225965527,1562.5569053310724,2,1,terminal,0.38238755048341855,496,5,2.0,0.0013254953890789838,45.54688098403119,39.49737835912264,0.1238000113517046,0.26450000586919487,10.652199998730794,0.12909999350085855,11.05499999539461,0,True,on_screen,0.7593817515001096
1787910412620,988,2066,603.2768403125017,1607.674612674113,948.2179979113374,1576.0922175339845,2,0,terminal,0.16196435479992477,527,5,2.0,0.0013227216053576345,44.136649209357465,39.492962584408794,0.09820000559557229,0.24140000459738076,10.040199995273724,0.12299999070819467,10.419899990665726,0,True,on_screen,0.7593817515001096
1787910412654,989,2067,480.5804249550837,1615.756752716135,807.9267260244612,1587.9915780886297,2,0,terminal,0.4001705000480229,562,5,2.0,0.0013262082850639088,42.71724728111273,39.485815217559065,0.11389999417588115,0.2931000053649768,11.36459999543149,0.1483000087318942,11.817600010544993,0,True,on_screen,0.7593817515001096
1787910412668,990,2068,431.85528316186657,1618.9605124413015,695.1052931656827,1597.2822583944312,2,0,terminal,0.5829248259235706,575,5,2.0,0.0013238316592202662,45.195665994248905,39.49422315152643,0.13169999874662608,0.27239999326411635,10.762699996121228,0.13329999637790024,11.178800006746314,0,True,on_screen,0.7593817515001096
1787910412700,991,2069,377.77358386251336,1620.8683718202672,599.9057803747319,1604.358092422182,2,0,terminal,0.719172750811801,608,5,2.0,0.0013282686250229332,43.81671413847167,39.48970016145656,0.12250000145286322,0.25409999943803996,10.2681999997003,0.1269000058528036,10.658300001523457,0,True,on_screen,0.7593817515001096
1787910412716,992,2070,359.75838901751047,1621.3432643530539,527.8615629675654,1609.4536440014435,2,0,terminal,0.7889534031866248,624,5,2.0,0.001329427618504641,45.68340252777966,39.49689978624963,0.10469999688211828,0.2294000005349517,10.069800002384,0.11559999256860465,10.422099992865697,0,True,on_screen,0.7593817515001096
1787910412748,993,2071,335.8354790564991,1620.229869885125,470.25373779424547,1612.686511766548,2,0,terminal,0.8001776728556285,655,5,2.0,0.00133371638980476,44.21548176147839,39.49090273186744,0.17340001068077981,0.3132000128971413,10.98830001137685,0.13529999705497175,11.449399986304343,0,True,on_screen,0.7593817515001096
1787910412764,994,2072,325.5459575179428,1619.4535480205886,426.84140371135464,1614.71662264276,2,0,terminal,0.776632431281709,671,5,2.0,0.0013378299493669137,46.03726103382264,39.498384697164546,0.12829998740926385,0.2631000097608194,10.421499988297,0.12290000449866056,10.816000009072013,0,True,on_screen,0.7593817515001096
1787910412796,995,2073,298.82665276170746,1617.496047305486,388.4369784264605,1615.5504500415777,2,0,terminal,0.7395403238543412,703,5,2.0,0.0013389997286727233,44.59360179652968,39.49388545777305,0.09359999967273325,0.2376000047661364,10.116200006450526,0.10579999070614576,10.467400003108196,0,True,on_screen,0.7593817515001096
1787910412830,996,2074,293.98990502394963,1612.0243342649849,360.10285640570726,1614.4926153085999,2,0,terminal,0.7071179202881572,737,5,1.8,0.0013461555523042214,43.1155251195221,39.48581630925276,0.2106000029016286,1.4285999932326376,11.368099992978387,0.1660999987507239,12.977100006537512,0,True,on_screen,0.7593817515001096
1787910412844,997,2075,300.52148292508554,1609.7506312374744,342.2284443615207,1613.0700200872623,2,0,terminal,0.6851281348459234,752,5,1.8,0.0013496251889098462,45.54510632975228,39.49516875585629,0.1846000086516142,0.2826999989338219,10.606199997710064,0.12589999823831022,11.024299994460307,0,True,on_screen,0.7593817515001096
1787910412877,998,2076,308.2763119778091,1606.3667649562315,332.0428046464072,1611.059043547953,2,0,terminal,0.6731652060211398,785,5,1.8,0.001360750400275352,44.108638563900534,39.48938573151348,0.11160000576637685,0.4285000031813979,11.407999991206452,0.12370001059025526,11.969900006079115,0,True,on_screen,0.7593817515001096
1787910412892,999,2077,305.3107589325514,1604.680357181251,324.02319093225043,1609.1454376379425,2,0,terminal,0.6636768378090206,799,5,1.8,0.001363669650860242,46.05974539229842,39.49760093720158,0.11059999815188348,0.24449999909847975,10.253300002659671,0.12889999197795987,10.635200000251643,0,True,on_screen,0.7593817515001096
1787910412924,1000,2078,327.6761649831431,1600.4634694111844,325.1190831475182,1606.540847169915,2,0,terminal,0.6678905872309895,832,5,1.8,0.001364803517737611,44.57211513672307,39.4919482863698,0.14319999900180846,0.2969999914057553,10.956300000543706,0.14859999646432698,11.415400003897958,0,True,on_screen,0.7593817515001096
1787910412956,1001,2079,333.1303949555268,1597.6105876619804,327.5224766899208,1603.8617693175345,2,0,terminal,0.6740678294844458,864,5,1.8,0.0013743882405904302,43.26560150281008,39.48775346586218,0.11510000331327319,0.24850000045262277,10.211700006038882,0.12199999764561653,10.590300007606857,0,True,on_screen,0.7593817515001096
1787910412972,1002,2080,330.56351396837886,1598.6539691844087,328.43478787345816,1602.2994292775966,2,0,terminal,0.6769508432605729,879,5,1.8,0.0013757190245263125,45.14494068200436,39.49486028129524,0.10379999002907425,0.22729999909643084,9.963999997125939,0.1235999952768907,10.322500005713664,0,True,on_screen,0.7593817515001096
1787910413005,1003,2081,338.23462504847106,1595.4572585659662,331.374739025962,1600.2467780641073,2,0,terminal,0.6832846247206928,913,5,1.8,0.0013759803303015107,43.71112337637979,39.48837375272633,0.23429999419022352,0.32050001027528197,11.360700009390712,0.1379999885102734,11.836999998195097,0,True,on_screen,0.7593817515001096
1787910413020,1004,2082,346.16862518505854,1594.1879966571323,335.81290487369097,1598.4291436420147,2,0,terminal,0.6915757562959044,927,5,1.8,0.00137752820327941,45.743166513933716,39.496644518168885,0.15490000077988952,0.2538000117056072,10.12310000078287,0.11819999781437218,10.502899996936321,0,True,on_screen,0.7593817515001096
1787910413052,1005,2083,347.556088273436,1593.0769984576102,339.33585989361444,1596.8235000866935,2,0,terminal,0.6983131564628986,960,5,1.8,0.0013767963837867069,44.30754240819937,39.4917931389937,0.11660000018309802,0.2452000044286251,10.070200005429797,0.11629999789875001,10.439799996674992,0,True,on_screen,0.7593817515001096
1787910413068,1006,2084,351.58759779678013,1591.175145897987,343.01138126456414,1595.1289938300815,2,0,terminal,0.7053567767697256,976,5,1.8,0.0013795998427230637,46.05191475893271,39.4985511101259,0.1188000023830682,0.24700000358279794,10.157299999264069,0.126499988255091,10.538899994571693,0,True,on_screen,0.7593817515001096
1787910413101,1007,2085,376.7194251551288,1570.363383669571,353.12379443173353,1587.699310781928,2,0,terminal,0.7275169624045648,1009,5,1.8,0.0013708168220914994,44.54467429872964,39.49272251406713,0.18309999722987413,0.31149999995250255,10.885900002904236,0.14509999891743064,11.368000006768852,0,True,on_screen,0.7593817515001096
1787910413133,1008,2086,511.02836931158055,1254.005041715249,400.4951668956876,1487.5910300619241,2,0,terminal,0.8578412268013584,1040,5,1.8,0.0011536051233772028,43.215959002368415,39.48720178239235,0.1260999997612089,0.29519999225158244,11.626599996816367,0.14549998741131276,12.081199995009229,0,True,on_screen,0.7593817515001096
1787910413148,1009,2087,559.2397716494855,1107.683918830307,448.11854832182695,1373.6188966924387,2,0,terminal,0.7697324858512709,1055,5,1.8,0.0010740577206279633,45.24518235596708,39.49488035076059,0.13670000771526247,0.27799999224953353,10.934899997664616,0.15839999832678586,11.384099998394959,0,True,on_screen,0.7593817515001096
1787910413180,1010,2088,643.6301736621023,839.9460857656916,506.77203592390947,1213.5170534144145,2,0,terminal,0.49167596683195747,1088,5,1.8,0.0011136203699430962,43.84301012671823,39.48957253723243,0.16369999502785504,0.30559999868273735,11.292299997876398,0.1720000000204891,11.782899993704632,0,True,on_screen,0.7593817515001096
1787910413197,1011,2089,673.080610138231,749.1930623506505,556.6646081882059,1074.2198560952852,1,0,sidebar,0.6637300683428828,0,4,2.0,0.0010823610488138423,45.63497988082749,39.49659183076549,0.12880000576842576,0.2702000056160614,11.097499998868443,0.13549999857787043,11.513599994941615,0,True,on_screen,0.7593817515001096
1787910413228,1012,2090,744.111894376044,603.5257606575665,612.8987940445572,933.0116274639696,1,0,sidebar,0.7580777084458651,30,4,2.0,0.0011846926358724669,44.21326095652555,39.4923289457826,0.14460000966209918,0.30450000485870987,10.266500001307577,0.1314999972237274,10.714799995184876,0,True,on_screen,0.7593817515001096
1787910413244,1013,2091,757.5796170618364,565.2733857464658,656.303040949741,822.6901549487185,1,0,sidebar,0.6599020924273924,46,4,2.0,0.001175657665887949,46.032924436082396,39.498640936012755,0.12309999146964401,0.2578999992692843,11.135300010209903,0.1500000071246177,11.551900010090321,0,True,on_screen,0.7593817515001096
1787910413277,1014,2092,795.4172799858094,499.20866798951255,698.0373126605615,725.6457088609566,1,0,sidebar,0.5067886306027205,79,4,2.0,0.0012981916455763708,44.52115657676784,39.49372055694857,0.2111000067088753,0.3256999916629866,10.619000007864088,0.16140000661835074,11.121599993202835,0,True,on_screen,0.7593817515001096
1787910413308,1015,2093,806.1623407757476,491.84950547468827,730.4748210951172,655.5068478450761,1,0,sidebar,0.3816312147284132,111,4,2.0,0.0012689564032177698,43.22063247403009,39.48876922423008,0.12639998749364167,0.28110000130254775,10.932799996226095,0.13240000407677144,11.356800008798018,0,True,on_screen,0.7593817515001096
1787910413324,1016,2094,826.7864812390515,475.03768164195026,759.3683191382975,601.3660979841383,1,0,sidebar,0.277547384644667,126,4,1.8,0.0013144893947817995,45.19567947933009,39.495911158444315,0.13380000018514693,0.32669999927747995,10.735300005762838,0.13929999840911478,11.211299992282875,0,True,on_screen,0.7593817515001096
1787910413356,1017,2095,838.8020842805354,470.1735107940781,783.1984486809688,562.0083218271202,0,0,sidebar,0.29206023273608317,158,4,1.8,0.0012837576140828678,43.79665500615374,39.49041091203524,0.1745999907143414,0.3532999980961904,11.358499992638826,0.1472000003559515,11.872600007336587,0,True,on_screen,0.7593817515001096
1787910413373,1018,2096,853.1370762828976,466.1475555465847,804.1800369615474,533.2500919429596,0,0,sidebar,0.29444353126512635,175,4,1.8,0.0013076534936417618,45.62211866101191,39.49734562385239,0.12989999959245324,0.28449999808799475,11.350999993737787,0.11510000331327319,11.760599998524413,0,True,on_screen,0.7593817515001096
1787910413405,1019,2097,866.021826623884,454.15062877608,822.7325738602483,509.5202529928956,0,0,sidebar,0.29032820091320144,207,4,1.8,0.0012931529783413755,44.183286541476605,39.49278458161961,0.18350000027567148,0.4538000066531822,10.607200005324557,0.11890000314451754,11.193999991519377,0,True,on_screen,0.7593817515001096
1787910413436,1020,2098,880.612452272306,461.90465547673944,840.0965373838656,495.23557373804874,0,0,sidebar,0.2763439735645372,239,4,1.8,0.0013338862425776692,42.92370714963334,39.48801221117707,0.1564999984111637,0.33340000663883984,10.803299999679439,0.12660000356845558,11.27730000007432,0,True,on_screen,0.7593817515001096
1787910413452,1021,2099,887.1607532755712,456.8246823621998,854.2158021513771,483.71230632529404,0,0,sidebar,0.2635161350167671,254,4,1.8,0.0013234969723966948,44.8187277689415,39.49526667386632,0.10720000136643648,0.2553999947849661,10.296499996911734,0.11480000102892518,10.676100006094202,0,True,on_screen,0.7593817515001096
1787910413484,1022,2100,897.6131722384569,474.26351526328483,867.2350131775011,480.87766900669124,0,0,sidebar,0.24493452885365086,286,4,1.8,0.0013320238745975661,43.459932347896256,39.490514295724786,0.11680000170599669,0.3495999990263954,9.900400007609278,0.11590000940486789,10.374400008004159,0,True,on_screen,0.7593817515001096
1787910413500,1023,2101,903.7863134142023,461.84366086966173,878.2004032485114,475.16746656558234,0,0,sidebar,0.23145645289132977,302,4,1.6,0.0013210986026582112,45.374817385247994,39.4968383279108,0.1689000055193901,0.27180000324733555,10.772899986477569,0.1537000061944127,11.206299997866154,0,True,on_screen,0.7593817515001096
1787910413532,1024,2102,910.3205278548353,473.44612836049515,887.8364406304086,474.6510651040561,0,0,sidebar,0.21620350602325922,335,4,1.6,0.0013450243957601644,43.957129491609535,39.4913521359914,0.15300000086426735,0.32700000156182796,11.382500000763685,0.14089999604038894,11.8646000046283,0,True,on_screen,0.7593817515001096
1787910413565,1025,2103,924.0970050536912,460.97672550889183,898.7146099573932,470.54876322550683,0,0,sidebar,0.20126347191915483,368,4,1.6,0.0013290591908061318,42.66421216091527,39.487143459261496,0.14370000280905515,0.2960999991046265,10.185500010265969,0.14040000678505749,10.63340000109747,0,True,on_screen,0.7593817515001096
1787910413580,1026,2104,926.7456632875537,467.426729945864,907.1239259564413,469.612153241614,0,0,sidebar,0.1880974189995025,382,4,1.6,0.001336693062864002,44.76847560453233,39.49422672117528,0.11339999036863446,0.26790000265464187,10.298299996065907,0.12939999578520656,10.704900007112883,0,True,on_screen,0.7593817515001096
1787910413613,1027,2105,936.6320675258701,457.585808215826,915.97636842727,466.0042497338776,0,0,sidebar,0.1758316627928862,415,4,1.6,0.0013296279003704968,43.39821182609166,39.488529928038055,0.13810000382363796,0.3744999994523823,11.001100006978959,0.13439999020192772,11.524499990628101,0,True,on_screen,0.7593817515001096
1787910413628,1028,2106,939.0386837643142,459.79315490335216,922.8950630283832,464.14092128472,0,0,sidebar,0.16554704633372375,430,4,1.4,0.0013438467523121563,45.3835413416445,39.49585547164491,0.16199999663513154,0.3028999926755205,10.674599994672462,0.15770000754855573,11.146699995151721,0,True,on_screen,0.7593817515001096
1787910413660,1029,2107,940.3377870891887,452.71575758648027,928.1278802466247,460.7133721752481,0,0,sidebar,0.1589358869685874,463,4,1.4,0.0013374334245044757,43.97601838016692,39.491264940791446,0.15020000864751637,0.28389999351929873,10.301400005118921,0.13010000111535192,10.726699998485856,0,True,on_screen,0.7593817515001096
1787910413676,1030,2108,940.8918698791658,452.87189537293074,931.9570771363869,458.36092913455286,0,0,sidebar,0.15394839452169806,479,4,1.4,0.001351513575125935,45.777890829764296,39.49825523765264,0.11860000086016953,0.2460999967297539,10.0897999946028,0.12599999899975955,10.47130000370089,0,True,on_screen,0.7593817515001096
1787910413709,1031,2109,936.7900521867455,445.9960397078017,933.4069696514945,454.6514623065275,0,0,sidebar,0.15366886584165484,512,4,1.4,0.0013360911526210072,44.31189606891554,39.4930336385902,0.14340000052470714,0.3171999996993691,10.253599990392104,0.12759999663103372,10.712799994507805,0,True,on_screen,0.7593817515001096
1787910413740,1032,2110,941.3608569934961,448.893867533995,935.7931358540949,452.9241838747677,0,0,sidebar,0.15065349953197427,542,4,1.4,0.001344804402669559,43.0287957297654,39.48828904139814,0.1505999971413985,0.3336000081617385,10.217499991995282,0.12440000136848539,10.687600006349385,0,True,on_screen,0.7593817515001096
1787910413756,1033,2111,943.6122584759881,442.91596363608716,938.1388726406628,449.9217178031635,0,0,sidebar,0.14838819907901668,559,4,1.4,0.001344652700813357,44.987813760431706,39.495438606119905,0.11420001101214439,0.25880000612232834,9.97859999188222,0.11819999781437218,10.364899993874133,0,True,on_screen,0.7593817515001096
1787910413788,1034,2112,947.6659789420078,444.53524968797336,940.9970045310663,448.30577736860647,0,0,sidebar,0.14446641886455136,591,4,1.2,0.0013509932650903507,43.60387022582213,39.48986210818261,0.15580000763293356,0.31570000282954425,10.666000001947396,0.13529999705497175,11.131099992780946,0,True,on_screen,0.7593817515001096
1787910413804,1035,2113,951.5448362552611,440.68715803438704,944.1613540483247,446.0201915683406,0,0,sidebar,0.14036332374593297,606,4,1.2,0.0013579249540279954,45.5188986396585,39.497060617716826,0.09219998901244253,0.24470000062137842,10.387700007413514,0.1264000020455569,10.766999999759719,0,True,on_screen,0.7593817515001096
1787910413836,1036,2114,1012.1676157279205,433.4795489878955,964.5632325522034,442.257998794207,0,1,main_file,0.12326957612444511,0,7,1.4,0.001352476595447332,44.09743811349624,39.49210293659977,0.11269999959040433,0.261799999861978,10.450000001583248,0.13989998842589557,10.859999994863756,0,True,on_screen,0.7593817515001096
1787910413869,1037,2115,1665.1306202062594,425.2228574100915,1174.7334488484203,437.1474563789724,0,1,main_file,0.47243354268063886,32,7,1.2,0.0013028532445257847,42.78690307443617,39.48593192417214,0.1880999916465953,0.4009000113001093,11.703300013323314,0.16630000027362257,12.285200005862862,0,True,on_screen,0.7593817515001096
1787910413884,1038,2116,1834.2706044243514,422.8268558955829,1372.5945955211996,432.85127623395556,0,1,main_file,0.7368149201877654,48,7,1.2,0.0012749342445037802,44.86213917413775,39.49395639625798,0.12730000889860094,0.2615999983390793,10.599799992633052,0.11409999569877982,10.983699990902096,0,True,on_screen,0.7593817515001096
1787910413916,1039,2117,1985.4351732959356,427.8404892726561,1556.4467688536204,431.3480401455657,0,1,main_file,0.6898906920869077,79,7,1.2,0.0012441997812446572,43.48812632937462,39.48940088997557,0.12290000449866056,0.30819998937658966,9.91480000084266,0.12430000060703605,10.356099999626167,0,True,on_screen,0.7593817515001096
1787910413932,1040,2118,2020.6634346599076,431.60466121988685,1695.7117685955063,431.42502646786204,0,1,main_file,0.4920696133165937,95,7,1.2,0.0012287222042518357,45.46102562037743,39.49620969626307,0.10369998926762491,0.231999991228804,10.263299991493113,0.11140000424347818,10.614700004225597,0,True,on_screen,0.7593817515001096
1787910413964,1041,2119,2028.5356744511369,438.99337026227175,1795.5589403521953,433.69552960618495,0,1,main_file,0.32890828434016517,128,7,1.2,0.0012113373939032952,44.01583286453344,39.490853943380486,0.1548000000184402,0.3200999926775694,10.494699992705137,0.13279999257065356,10.961199994198978,0,True,on_screen,0.7593817515001096
1787910413980,1042,2120,2046.5511023601177,443.4473160949801,1870.8565889545719,436.6210655528235,0,1,main_file,0.20147077341356678,144,7,1.2,0.0012082605068162097,45.927699751849026,39.497996634595836,0.12540000898297876,0.26220000290777534,10.343500005546957,0.12140000762883574,10.736199998063967,0,True,on_screen,0.7593817515001096
1787910414012,1043,2121,2501.927127396576,421.0179405382028,2060.177750487173,431.94012804843726,0,2,ai_agent,0.35598559596767443,0,11,1.4,0.0011539892878187803,44.455473251420784,39.49252047877477,0.1297999988310039,0.2845999988494441,11.033299990231171,0.12700000661425292,11.454500010586344,0,True,on_screen,0.7593817515001096
1787910414044,1044,2122,2660.991772876713,418.8151853915453,2240.4219572040347,428.00264525136964,0,2,ai_agent,0.6385896465040859,31,11,1.4,0.0011250661775372046,43.12229166600955,39.48732801866096,0.17919999663718045,0.3581000055419281,11.176400003023446,0.16340000729542226,11.711400002241135,0,True,on_screen,0.7593817515001096
1787910414062,1045,2123,2706.9066176560405,425.77694979076017,2380.3673553396366,427.3349366131868,0,2,ai_agent,0.7723839362705718,49,11,1.4,0.0011147083218696757,44.6710057597034,39.494069473417916,1.1004999978467822,0.27540000155568123,10.362600005464628,0.148899998748675,10.796599992318079,0,True,on_screen,0.7593817515001096
1787910414092,1046,2124,2727.243759686557,439.4170891292904,2484.4302766437127,430.95958236801783,0,2,ai_agent,0.7247241547570543,79,11,1.4,0.0011066691716512082,43.44923596469315,39.489709658413574,0.1283999881707132,0.3660000074887648,10.75729999865871,0.10869999823626131,11.240699997870252,0,True,on_screen,0.7593817515001096
1787910414108,1047,2125,2742.6240755561175,443.24310220785196,2561.888416317434,434.64463831996807,0,2,ai_agent,0.6280050157480347,95,11,1.4,0.001102574093950405,45.39496571479808,39.49723194662323,0.11039999662898481,0.33149999217130244,9.962900003301911,0.11719999019987881,10.418600009870715,0,True,on_screen,0.7593817515001096
1787910414140,1048,2126,2748.57512359414,448.56803100336765,2617.8944285004454,438.82165612498795,0,2,ai_agent,0.5435664699478487,128,11,1.4,0.00110205958609386,43.95951682082739,39.49146120956728,0.22870000975672156,0.2967000036733225,10.927399998763576,0.14930000179447234,11.386500002117828,0,True,on_screen,0.7593817515001096
1787910414173,1049,2127,2745.9731586810835,453.09858752677684,2656.318047554637,443.1047355455246,0,2,ai_agent,0.48137706695066684,161,11,1.2,0.0011042667696498504,42.66146816831028,39.4867994060831,0.21430000197142363,0.3625999961514026,10.287900004186668,0.12599999899975955,10.787299994262867,0,True,on_screen,0.7593817515001096
1787910414188,1050,2128,2743.35449565288,456.64075386134317,2682.4289819841097,447.16554104027017,0,2,ai_agent,0.43736889075683905,175,11,1.2,0.0011065050518882236,44.90421249543489,39.49427594500182,0.12989999959245324,0.24470000062137842,10.170299996389076,0.12339999375399202,10.546599994995631,0,True,on_screen,0.7593817515001096
1787910414221,1051,2129,2740.9785584698143,464.4392434646411,2699.993854929821,452.3476517675814,0,2,ai_agent,0.4055864523317698,208,11,1.2,0.0011063307504280175,43.45048974815944,39.48799461838787,0.16840000171214342,0.2967000036733225,11.02899998659268,0.17159999697469175,11.51130000653211,0,True,on_screen,0.7593817515001096
1787910414236,1052,2130,2742.982028239345,466.1475861692706,2712.890306922678,456.4876320880881,0,2,ai_agent,0.3819488081164185,223,11,1.2,0.0011067200209796853,45.580531099727516,39.49512019433419,0.20640000002458692,0.2965000021504238,11.221199994906783,0.13139999646227807,11.65960000071209,0,True,on_screen,0.7593817515001096
1787910414268,1053,2131,2735.6289299931796,471.68278032439315,2719.7118938438284,461.0461765589796,0,2,ai_agent,0.36756527861873856,255,11,1.2,0.0011067037070133824,44.16793327787896,39.491045557373276,0.11150000500492752,0.27019999106414616,10.353200006647967,0.12129999231547117,10.754499991890043,0,True,on_screen,0.7593817515001096
1787910414284,1054,2132,2735.341833330004,472.47917436151243,2724.400875689681,464.47607589973944,0,2,ai_agent,0.3574388313421486,271,11,1.2,0.001108779628683991,45.99883611604348,39.498082964612905,0.10009999095927924,0.25129999266937375,10.079700005007908,0.11150000500492752,10.451800000737421,0,True,on_screen,0.7593817515001096
1787910414317,1055,2133,2728.918909026677,474.72399935670256,2725.75628569078,467.5504529368284,0,2,ai_agent,0.35283603442825373,304,11,1.2,0.0011149238271908717,44.48362047025078,39.491622729830155,0.1981000095838681,0.3021999873453751,11.711800005286932,0.15750000602565706,12.185200001113117,0,True,on_screen,0.7593817515001096
1787910414349,1056,2134,2719.5812612045597,484.5710657184004,2723.903778344914,472.6566367713,0,2,ai_agent,0.35155046185660954,336,11,1.2,0.0011161680609802528,43.165266436535376,39.487933286045774,0.14170000213198364,0.27150000096298754,10.19800000358373,0.12739999510813504,10.607000003801659,0,True,on_screen,0.7593817515001096
1787910414364,1057,2135,2716.4956855821843,485.9434044550026,2721.681350516095,476.64266707641076,0,2,ai_agent,0.3516526264440497,351,11,1.2,0.0011195963986570627,45.266195273215104,39.494715012397876,0.11029999586753547,0.23729998792987317,10.690600000089034,0.12850000348407775,11.064600010286085,0,True,on_screen,0.7593817515001096
1787910414396,1058,2136,2715.918026436207,490.63176982361955,2719.9523532921285,480.8393979005734,0,2,ai_agent,0.35071249024872153,383,11,1.2,0.001120111912190136,43.843642693893045,39.48908679338073,0.14479999663308263,0.3808000037679449,11.319799988996238,0.16110000433400273,11.876899996423163,0,True,on_screen,0.7593817515001096
1787910414413,1059,2137,2713.7855895121497,494.62551210478773,2718.1023241581347,484.97523216183765,0,2,ai_agent,0.3499137550059209,401,11,1.2,0.0011207425976478384,45.64471790215488,39.49616941585954,0.12509999214671552,0.2759000053629279,10.866600001463667,0.1753999968059361,11.329000000841916,0,True,on_screen,0.7593817515001096
1787910414445,1060,2138,2723.57769767205,796.3251710603113,2719.744936212309,578.3802138313797,0,2,ai_agent,0.25102573745022494,432,11,1.2,0.0010756191669382721,44.2129506066756,39.491017381127136,0.10599999222904444,0.25579999783076346,11.39639999018982,0.12660000356845558,11.788700008764863,0,True,on_screen,0.7593817515001096
1787910414460,1061,2139,2716.118889775789,934.8588592459344,2718.6571222813527,685.3238074557461,1,2,second_file,0.3212052861861282,0,9,1.4,0.0010655972648999264,46.07803798569414,39.49847470056471,0.16029999824240804,0.262100002146326,10.568900004727766,0.13619998935610056,10.977600002661347,0,True,on_screen,0.7593817515001096
1787910414493,1062,2140,2705.2595991899852,1099.8083753876822,2714.6378653539423,809.6691778353269,1,2,second_file,0.4216865437812567,32,9,1.4,0.00110289825120145,44.56498301713548,39.49268195343403,0.1669999910518527,0.3186999965691939,11.41799999459181,0.1765000051818788,11.929000000236556,0,True,on_screen,0.7593817515001096
1787910414524,1063,2141,2706.469574313381,1227.266567928374,2712.1873780417736,934.948394863241,1,2,second_file,0.4450249150464426,63,9,1.2,0.0010904117871428573,43.277383870835266,39.488344376076036,0.1357000001007691,0.2891999902203679,11.207200004719198,0.13870000839233398,11.648400002741255,0,True,on_screen,0.7593817515001096
1787910414541,1064,2142,2704.6162174917827,1279.840464195043,2709.916029876776,1038.4160156627815,1,2,second_file,0.40035659013318725,80,9,1.2,0.0010757592771606234,45.059500678760934,39.49460505538989,0.14300001203082502,0.2998999989358708,11.546699999598786,0.14679999731015414,12.006699995254166,0,True,on_screen,0.7593817515001096
1787910414573,1065,2143,2699.190763676268,1331.1388735528087,2706.6984500166236,1126.2328730297897,1,2,second_file,0.32670603982364166,112,9,1.2,0.001121868531981391,43.668757181519865,39.489675458440736,0.21489999198820442,0.3575000009732321,11.46379999408964,0.1635000080568716,11.99950001318939,0,True,on_screen,0.7593817515001096
1787910414588,1066,2144,2693.306186911827,1360.8694525559044,2702.6807710851845,1196.623846887624,1,2,second_file,0.25129876137647555,128,9,1.2,0.0010964262360530115,45.689821030868856,39.49651311462663,0.11569999333005399,0.31350000062957406,11.797700004535727,0.146100006531924,12.268899998161942,0,True,on_screen,0.7593817515001096
1787910414620,1067,2145,2685.7527394739286,1377.7640815650707,2697.6023616018074,1250.965917290858,2,2,terminal,0.3144410502363866,0,6,1.4,0.0011088200798898204,44.26104932138751,39.492553714899984,0.11510000331327319,0.251600009505637,10.803400000440888,0.12270000297576189,11.187199997948483,0,True,on_screen,0.7593817515001096
1787910414652,1068,2146,2675.2432668761057,1396.7977036483305,2690.8946331840966,1294.7154531980998,2,2,terminal,0.37100482216307185,32,6,1.4,0.0011130084170801087,42.954095980237156,39.487360294691555,0.13110000872984529,0.28330000350251794,11.109799990663305,0.1905999961309135,11.595399992074817,0,True,on_screen,0.7593817515001096
1787910414669,1069,2147,2667.928619565986,1406.1813107060213,2684.0048290986633,1328.1552104504763,2,2,terminal,0.4135599724707413,49,6,1.4,0.001110578631201141,44.793843902702825,39.49363421755654,0.19230000907555223,0.32550000469200313,11.493400001199916,0.1517000055173412,11.982900003204122,0,True,on_screen,0.7593817515001096
1787910414700,1070,2148,2588.7012070827523,1439.199169209754,2655.41374249389,1361.4683980782595,2,2,terminal,0.48667206400966423,80,6,1.4,0.0011406854054635922,43.45780881440839,39.48946628138551,0.12139999307692051,0.268299991148524,10.802200005855411,0.1508999994257465,11.23060000827536,0,True,on_screen,0.7593817515001096
1787910414717,1071,2149,2394.416883792082,1487.6826831699705,2577.1146848833473,1399.3326836057727,2,2,terminal,0.6400880942881924,97,6,1.4,0.0011839678032741913,45.220576846666305,39.49606128147839,0.17260000458918512,0.4321000014897436,10.52680000429973,0.12660000356845558,11.096600006567314,0,True,on_screen,0.7593817515001096
1787910414748,1072,2150,2148.9749565950783,1549.8260187989592,2448.6727663968663,1444.4806841637287,2,2,terminal,0.8695605164728386,128,6,1.4,0.001265200843651778,43.87004142950945,39.49074505827581,0.19749999046325684,0.47700000868644565,11.55510000535287,0.1652000064495951,12.21290000830777,0,True,on_screen,0.7593817515001096
1787910414765,1073,2151,2054.9571773106245,1574.9095344567866,2330.5580896709935,1483.609339251646,2,2,terminal,0.8739484595298482,145,6,1.4,0.0012831802890864163,45.66721444899677,39.4980354611854,0.1581999968038872,0.28399999428074807,10.88470000831876,0.13210000179242343,11.31139999779407,0,True,on_screen,0.7593817515001096
1787910414796,1074,2152,1957.7064534791143,1603.1134770592905,2218.7025988134296,1519.460580593939,2,2,terminal,0.6778686485345871,176,6,1.4,0.0013348892638153677,44.23721650838605,39.49315526911538,0.1328999933321029,0.2823999966494739,11.04690000647679,0.12070000229869038,11.481399997137487,0,True,on_screen,0.7593817515001096
1787910414828,1075,2153,1873.9180680360507,1621.8729656658709,2115.2672395802156,1550.1842961155185,2,2,terminal,0.48921980672167364,208,6,1.4,0.001351312123365516,42.93139189892578,39.48817724615143,0.17789998673833907,0.3766000008909032,11.062699995818548,0.14910000027157366,11.601900012465194,0,True,on_screen,0.7593817515001096
1787910414844,1076,2154,1844.85461961735,1635.351749208245,2034.1434535913559,1575.7345320433365,2,2,terminal,0.33995154933758176,224,6,1.4,0.0013749967623161129,44.91185714158247,39.495605255792825,0.12310000602155924,0.3176000027451664,10.282799994456582,0.11619999713730067,10.726900000008754,0,True,on_screen,0.7593817515001096
1787910414877,1077,2155,1807.4356893955428,1658.572281613522,1966.1311243326118,1600.585856914392,2,2,terminal,0.21317077021648645,257,6,1.4,0.0013612435593179685,43.51869922400594,39.49051337080915,0.152900000102818,0.32669999927747995,10.33409999217838,0.13210000179242343,10.803000011947006,0,True,on_screen,0.7593817515001096
1787910414892,1078,2156,1789.9917548984229,1665.1739945056086,1913.289313502355,1619.9622981917569,2,1,terminal,0.13741647663641576,272,6,1.4,0.001366859664316166,45.594018881938354,39.497785872466494,0.10760000441223383,0.23610000789631158,10.151299997232854,0.1188000023830682,10.514299996430054,0,True,on_screen,0.7593817515001096
1787910414925,1079,2157,1754.266142529808,1680.2244333660435,1865.5823622105909,1638.0409387440427,2,1,terminal,0.2095773665739198,305,6,1.4,0.0013716710590513936,44.13113867032418,39.49202786865349,0.14699999883305281,0.3065999917453155,11.01429999107495,0.1657999964663759,11.500399996293709,0,True,on_screen,0.7593817515001096
1787910414956,1080,2158,1729.9406475295013,1689.515909294379,1824.8898478062638,1653.4834299091435,2,1,terminal,0.2679587519189769,336,6,1.4,0.0013533760208122893,42.859961808625656,39.48740611303968,0.13109999417793006,0.30169999809004366,10.963699998683296,0.11529999028425664,11.389999999664724,0,True,on_screen,0.7593817515001096
1787910414972,1081,2159,1719.95536432543,1692.1918036708619,1793.4095027620135,1665.095942037659,2,1,terminal,0.3108769375102206,351,6,1.4,0.0013478718764665942,44.900957204530506,39.4950582956153,0.10910000128205866,0.2426999999443069,9.953000000678003,0.11229999654460698,10.315899999113753,0,True,on_screen,0.7593817515001096
1787910415005,1082,2160,1707.9837706470514,1699.1840206762647,1767.7817831275247,1675.3223656292405,2,1,terminal,0.3432886827664978,385,6,1.4,0.0013467905579052954,43.462572730378135,39.48850286297466,1.0097000049427152,0.2623000036692247,11.503299989271909,0.17040000238921493,11.946299986448139,0,True,on_screen,0.7593817515001096
1787910415020,1083,2161,1703.4639931551976,1709.3868188847846,1748.4864461358266,1685.5417016059037,2,1,terminal,0.36402676524921984,400,6,1.4,0.0013392531636330952,45.60501862983791,39.49620302950196,0.1314999972237274,0.2758000046014786,10.755199997220188,0.14899999951012433,11.189400000148453,0,True,on_screen,0.7593817515001096
1787910415053,1084,2162,1632.6194151804016,1716.7220019389797,1713.7263368491988,1694.8957917058262,2,1,terminal,0.40636312863127744,433,6,1.4,0.0013364615911256907,44.147630119712964,39.491684950843954,0.1863000070443377,0.3149999974993989,10.114000004250556,0.10649999603629112,10.544999997364357,0,True,on_screen,0.7593817515001096
1787910415068,1085,2163,1179.484499549777,1744.1804237523536,1553.4537856593722,1709.6811813197842,2,1,terminal,0.578814914017004,448,6,1.4,0.0013270531090106806,46.13864768639107,39.498536153747736,0.10789999214466661,0.24620001204311848,10.378000006312504,0.12339999375399202,10.755700001027435,0,True,on_screen,0.7593817515001096
1787910415100,1086,2164,770.2583222259292,1748.073982243797,1318.4951466293392,1721.199021596988,2,1,terminal,0.5541408560515106,480,6,1.4,0.0013184533089041599,44.62231170935144,39.49297812385333,0.14859999646432698,0.4760000010719523,10.87280000501778,0.1365000061923638,11.49960000475403,0,True,on_screen,0.7593817515001096
1787910415132,1087,2165,562.5349485858015,1733.586544552438,1091.7070872162778,1724.9152784836228,2,1,terminal,0.26753789497208813,512,6,1.4,0.0013105201367148225,43.29143130850174,39.48833730196542,0.11890000314451754,0.38100000529084355,10.81200000771787,0.12440000136848539,11.327999993227422,0,True,on_screen,0.7593817515001096
1787910415148,1088,2166,502.0899537174911,1721.040658612103,914.8219471666417,1723.7528925221668,2,0,terminal,0.13607556667403797,528,6,1.4,0.0013068045556175016,45.31355112781891,39.495959422036734,0.10259999544359744,0.22990000434219837,9.975799999665469,0.1083999959519133,10.32149999809917,0,True,on_screen,0.7593817515001096
1787910415182,1089,2167,416.36041279700385,1687.0955299806878,765.2834868557503,1712.7556837597228,2,0,terminal,0.3712772572266798,562,6,1.4,0.0013238551368259348,43.7244715116445,39.48725728987155,0.2086000022245571,0.3836999967461452,13.212499994551763,0.12960001186002046,13.744799987762235,0,True,on_screen,0.7593817515001096
1787910415196,1090,2168,405.4350406387808,1676.357922966158,657.3289529906594,1701.8363555216533,2,0,terminal,0.5253509346207696,576,6,1.4,0.0013213417477962106,46.40963564730994,39.497463568718665,0.10859999747481197,0.2575999969849363,10.321299996576272,0.1247000036528334,10.713000010582618,0,True,on_screen,0.7593817515001096
1787910415228,1091,2169,407.5559667331826,1653.051644621785,582.3970571134163,1687.2009422516926,2,0,terminal,0.6230363518495823,608,6,1.4,0.0013156767962333067,44.88362635441647,39.49249942391799,0.109200002043508,0.3687000134959817,10.33270001062192,0.11990001075901091,10.830400002305396,0,True,on_screen,0.7593817515001096
1787910415260,1092,2170,412.4326619832127,1629.36185600754,531.4077385743552,1669.8492163784467,2,0,terminal,0.6864906468505645,640,6,1.4,0.00130421227763532,43.51786322015348,39.486534213847115,0.1756999990902841,0.5931999912718311,11.685499994200654,0.13800000306218863,12.428099988028407,0,True,on_screen,0.7593817515001096
1787910415276,1093,2171,425.5097945538051,1611.8509439452323,499.6383553681901,1652.4497346484823,2,0,terminal,0.728447229845373,656,6,1.4,0.001301980217052929,45.39940275363068,39.4939914121649,0.1407999952789396,0.6107000081101432,10.548700010986067,0.1588000013725832,11.329000000841916,0,True,on_screen,0.7593817515001096
1787910415308,1094,2172,437.3788255319841,1590.583590158221,480.9604964173283,1633.8898913014036,2,0,terminal,0.7634555786910178,688,6,1.4,0.001298582740663877,43.98857922188781,39.489522865055484,0.19780000729952008,0.3536000003805384,10.422299994388595,0.1269999920623377,10.914499987848103,0,True,on_screen,0.7593817515001096
1787910415324,1095,2173,449.32537792701396,1576.2537024259943,471.46996087023393,1616.5990346387807,2,0,terminal,0.7934582922307849,703,6,1.4,0.001299913490970233,45.95387836681707,39.49676648169988,0.10889999975915998,0.23530000180471689,10.071500000776723,0.11810001160483807,10.432799987029284,0,True,on_screen,0.7593817515001096
1787910415359,1096,2174,468.0269761549967,1545.386580125585,470.4370654556628,1595.2352982848217,2,0,terminal,0.8309052176077963,739,6,1.4,0.0012928952544129686,44.26709067999756,39.488961326769434,2.4151999969035387,0.2914000069722533,11.784900008933619,0.16250000044237822,12.24999999976717,0,True,on_screen,0.7593817515001096
1787910415372,1097,2175,362.318168092101,1399.823319158701,438.00139624659425,1536.6117045469855,2,0,terminal,0.9015681692592825,752,6,1.4,0.0011970567894461874,47.036023931335,39.497828207827496,0.16309999045915902,0.2776000037556514,10.862499999348074,0.16169999435078353,11.311700000078417,0,True,on_screen,0.7593817515001096
1787910415404,1098,2176,279.3343985748328,1167.4963689129906,390.4012969450658,1425.877103856787,2,0,terminal,0.794564108543076,784,6,1.4,0.0011602436376915194,45.46524380288299,39.49326539640173,0.1531000016257167,0.3146999952150509,10.624799993820488,0.12440000136848539,11.074099995312281,0,True,on_screen,0.7593817515001096
1787910415436,1099,2177,253.17684457195614,970.0959183993657,349.23396123313285,1289.1427482195606,2,0,terminal,0.561666212660346,816,6,1.4,0.0010951776251853472,44.07636154900657,39.48917542748312,0.10879999899771065,0.24020001001190394,10.064699992653914,0.12179999612271786,10.43500000378117,0,True,on_screen,0.7593817515001096
1787910415452,1100,2178,251.20690167114302,885.2348711331816,319.8258433645359,1167.9703850936469,1,0,sidebar,0.44846178175645013,0,5,1.6,0.0011067168089847895,45.73260227208521,39.49471520363287,0.12499999138526618,0.32310000096913427,10.924899994279258,0.272599994787015,11.53119999798946,0,True,on_screen,0.7593817515001096
1787910415485,1101,2179,247.6360518818853,760.7343550624774,298.1689059197407,1045.799576084296,1,0,sidebar,0.5882497425206832,32,5,1.6,0.0011322957561182186,44.27174653266696,39.49009318791874,0.1745000045048073,0.2978999982587993,10.74309999239631,0.12670000432990491,11.178899992955849,0,True,on_screen,0.7593817515001096
1787910415500,1102,2180,247.6390137081679,701.9849885269457,283.00993825626887,942.6551998170909,1,0,sidebar,0.643919631588739,48,5,1.6,0.0011537654321474404,46.24645659668774,39.49779846518054,0.10520000068936497,0.26109999453183264,9.719599998788908,0.12329999299254268,10.111900002812035,0,True,on_screen,0.7593817515001096
1787910415532,1103,2181,259.8498623292743,611.2175340334461,276.0619154781705,843.2239000819974,1,0,sidebar,0.6260083559572889,80,5,1.6,0.0011866109966570358,44.73187291932457,39.49108109957651,0.11280000035185367,0.3671000013127923,12.1283000044059,0.1618000096641481,12.668899988057092,0,True,on_screen,0.7593817515001096
1787910415564,1104,2182,280.5909968346596,553.2548838356026,277.4206398851172,756.233195208079,1,0,sidebar,0.5611440530774436,111,5,1.6,0.0012172327962576314,43.383207185011564,39.48740684161891,0.19800000882241875,0.30869999318383634,10.681500003556721,0.12460000289138407,11.127299992949702,0,True,on_screen,0.7593817515001096
1787910415580,1105,2183,287.2920651349996,525.0394601290151,280.3820674600819,686.8750746843598,1,0,sidebar,0.48411756757028235,128,5,1.6,0.001259881753130413,45.38057667666223,39.494466486925454,0.1205000007757917,0.29170000925660133,10.353799996664748,0.13179999950807542,10.786199985886924,0,True,on_screen,0.7593817515001096
1787910415612,1106,2184,398.39925469337743,443.6782284971079,315.78722363007057,613.9160208281842,1,0,sidebar,0.41724244825716994,160,5,1.6,0.0012167118889361457,43.97927203089051,39.489895494957274,0.10109999857377261,0.23939998936839402,10.258399997837842,0.11490000179037452,10.626999996020459,0,True,on_screen,0.7593817515001096
1787910415628,1107,2185,486.87999335589143,386.5226750917775,367.11505454781684,545.6980171072621,0,0,sidebar,0.5223126923177982,176,5,1.6,0.0012287403048563822,45.75445107584741,39.495089854741394,0.18529999942984432,0.31180000223685056,12.014399995678104,0.13380000018514693,12.473700000555255,0,True,on_screen,0.7593817515001096
1787910415660,1108,2186,610.6753749410866,338.8486356333011,440.1831506657977,483.6432026650738,0,0,sidebar,0.6680261459839428,208,5,1.6,0.0011695810306253315,44.308367515762356,39.491647614087746,0.12379999679978937,0.261799999861978,10.266500001307577,0.12430000060703605,10.662200002116151,0,True,on_screen,0.7593817515001096
1787910415676,1109,2187,675.4726791928072,319.3224159205133,510.7700092239005,434.34696664170565,0,0,sidebar,0.7565085622567707,224,5,1.6,0.001182097461572551,46.13766435160775,39.498338947647675,0.10620000830385834,0.232299993513152,10.270900005707517,0.11749999248422682,10.628399992128834,0,True,on_screen,0.7593817515001096
1787910415708,1110,2188,759.6670761388089,266.8967207101019,585.439129298373,384.1118928622245,0,0,sidebar,0.7617150561939583,256,5,1.6,0.0012175512638956908,44.64633166732992,39.49347880627034,0.10179998935200274,0.24540000595152378,10.337499988963827,0.13889999536331743,10.736500000348315,0,True,on_screen,0.7593817515001096
1787910415740,1111,2189,816.581550618392,246.53877859293138,654.7818556943787,342.8399585814366,0,0,sidebar,0.6820793646644999,288,5,1.6,0.0012579018724372323,43.30142421324064,39.48847484754933,0.12040000001434237,0.2901999978348613,10.604199997032993,0.12070000229869038,11.026799998944625,0,True,on_screen,0.7593817515001096
1787910415756,1112,2190,840.9021293411101,239.96120504437147,710.6179377883981,311.97633252031704,0,0,sidebar,0.5920267743570891,304,5,1.6,0.001267755609743671,45.25489914801433,39.49565363226034,0.10740000288933516,0.24259999918285757,9.980300004826859,0.12450000212993473,10.355799997341819,0,True,on_screen,0.7593817515001096
1787910415788,1113,2191,879.0390912397231,232.50416508624548,761.1442838237956,288.13468229009555,0,0,sidebar,0.5028706184429041,336,5,1.6,0.001294030575670995,43.86201559332966,39.490570131293644,0.11499998799990863,0.2575000107754022,10.489899999811314,0.1137000072048977,10.893800004851073,0,True,on_screen,0.7593817515001096
1787910415804,1114,2192,892.5296852535087,233.1806783904072,800.5599042527095,271.648481120189,0,0,sidebar,0.431467983048725,351,5,1.6,0.0012930698412530577,45.67140896185206,39.49665861872026,0.10250000923406333,0.24939999275375158,11.08399999793619,0.17610000213608146,11.519599996972829,0,True,on_screen,0.7593817515001096
1787910415837,1115,2193,913.7173699383924,249.62601574881742,834.5071439584144,265.0417415087775,0,0,sidebar,0.37066758773621666,384,5,1.6,0.0012961845820581332,44.14758357547816,39.49112709646148,0.25180001102853566,0.3482000029180199,11.25049999973271,0.14279999595601112,11.756299994885921,0,True,on_screen,0.7593817515001096
1787910415853,1116,2194,926.0357854878953,246.86250968144543,861.9657364172587,259.5879719605779,0,0,sidebar,0.3214289546646324,401,5,1.6,0.0013221442969774712,46.14225990600053,39.498260332072036,0.1382000045850873,0.32550000469200313,10.96470000629779,0.1402000052621588,11.442999995779246,0,True,on_screen,0.7593817515001096
1787910415885,1117,2195,934.139594562311,227.1218144399043,883.6178938607743,249.8481247043758,0,0,sidebar,0.28145960725519925,433,5,1.4,0.0013262123795103227,44.66962544564618,39.49342206738332,0.12700000661425292,0.2975999959744513,11.253099990426563,0.17329999536741525,11.737900000298396,0,True,on_screen,0.7593817515001096
1787910415917,1118,2196,958.0766850718355,249.54232022824334,905.9555312240926,249.75638336153605,0,0,sidebar,0.24226309499431775,465,5,1.4,0.0013618462548774628,43.3156874848316,39.48892484011594,0.1640999980736524,0.3083000046899542,10.798500006785616,0.14770000416319817,11.267800000496209,0,True,on_screen,0.7593817515001096
1787910415933,1119,2197,1141.5767493895264,246.92553371342092,976.6418966737227,248.90712846710147,0,1,main_file,0.17644081582653592,0,8,1.6,0.0013356305270651216,45.26422399039798,39.495793358239396,0.11510000331327319,0.2813000028254464,10.564900003373623,0.13689999468624592,10.992700001224875,0,True,on_screen,0.7593817515001096
1787910415964,1120,2198,1557.5130676545007,261.4362936654818,1150.903247967956,252.66587802661556,0,1,main_file,0.48246282365747595,30,8,1.6,0.0013019983714024665,43.87804156823162,39.49058886714588,0.12740000966005027,0.2570000069681555,11.382799988496117,0.15239999629557133,11.801399989053607,0,True,on_screen,0.7593817515001096
1787910415980,1121,2199,1691.2307268667205,275.8688821741952,1313.0014916375853,259.6267792708895,0,1,main_file,0.7645718825275355,46,8,1.6,0.0012919623184485945,45.74012022962428,39.49740371027876,0.10509999992791563,0.2660000027390197,11.03559999319259,0.20500000391621143,11.515999998664483,0,True,on_screen,0.7593817515001096
1787910416013,1122,2200,1842.4729812184435,288.0490189082779,1471.8429385118425,268.15345116210597,0,1,main_file,0.9204378514979554,79,8,1.6,0.0012768397617319918,44.28231466058452,39.49264438817474,0.1258000120287761,0.2837999927578494,11.037199990823865,0.12229999992996454,11.456099993665703,0,True,on_screen,0.7593817515001096
1787910416044,1123,2201,1922.435977755503,304.08228063846485,1607.0208502849405,278.93210000501364,0,1,main_file,0.7025922396684295,110,8,1.6,0.001273556051377061,42.982279821396915,39.48861755848578,0.1508999994257465,0.33409999741706997,10.014900006353855,0.1323999895248562,10.49339999735821,0,True,on_screen,0.7593817515001096
1787910416061,1124,2202,1951.3746446028358,309.2545871334444,1710.326988580309,288.02884614354286,0,1,main_file,0.5219552238664051,128,8,1.6,0.0012714793926598168,44.900019416422154,39.494596508754114,0.19799999427050352,0.24200000916607678,10.899799992330372,0.13559999933931977,11.287700006505474,0,True,on_screen,0.7593817515001096
1787910416092,1125,2203,1989.0766688746799,324.24854702227367,1793.95189266862,298.8947564071621,0,1,main_file,0.3746831916870198,158,8,1.6,0.001266681254924771,43.565487482386104,39.48990465324866,0.1453000004403293,0.29569999605882913,11.078399998950772,0.15560000611003488,11.544000008143485,0,True,on_screen,0.7593817515001096
1787910416109,1126,2204,2018.9484130553255,325.6305405669721,1861.4508487846315,306.9154916551051,0,1,main_file,0.25533809386335904,175,8,1.6,0.0012698553773742502,45.34906878191273,39.4962738419601,0.17999998817685992,0.34980000054929405,11.09270000597462,0.1275000104214996,11.580400008824654,0,True,on_screen,0.7593817515001096
1787910416140,1127,2205,2041.3002370119993,336.4416064752604,1915.4056652528416,315.77332610115167,0,1,main_file,0.15965618405472137,207,8,1.6,0.0012695921265616326,43.96247912753838,39.491446877959014,0.13190000026952475,0.2879999956348911,11.52850000653416,0.1326000055996701,11.960100004216656,0,True,on_screen,0.7593817515001096
1787910416157,1128,2206,2047.5095756367693,338.0153886738041,1955.0368383680197,322.4459448729474,0,2,ai_agent,0.21290044830510813,0,12,1.8,0.0012623346835651424,45.71455333943939,39.498057043838394,0.11310000263620168,0.2668999950401485,11.220200001844205,0.17180001304950565,11.66899999952875,0,True,on_screen,0.7593817515001096
1787910416189,1129,2207,2050.287803411193,344.08235111268226,1983.6121278809715,328.93686674486787,0,2,ai_agent,0.2626086861337704,31,12,1.8,0.0012576878694031575,44.25491169441893,39.49356536814694,0.13519999629352242,0.3566000086721033,10.71800000499934,0.11759999324567616,11.205699993297458,0,True,on_screen,0.7593817515001096
1787910416220,1130,2208,2137.621459203224,342.3534957086285,2029.814927277647,332.961855433996,0,2,ai_agent,0.3434202419245348,62,12,1.8,0.0012511606015875205,43.00458817399655,39.48977726901633,0.1213000068673864,0.24920000578276813,10.017799999332055,0.12060000153724104,10.395000004791655,0,True,on_screen,0.7593817515001096
1787910416236,1131,2209,2374.464510589813,327.7585003351903,2133.2098022712967,331.40084890435423,0,2,ai_agent,0.5254181717312021,78,12,1.8,0.0012336095765777266,44.98179029821457,39.49610317302663,0.10040000779554248,0.23150000197347254,10.433100003865547,0.155999994603917,10.829299993929453,0,True,on_screen,0.7593817515001096
1787910416268,1132,2210,2541.1200612907323,331.52647442704654,2255.5828799771275,331.4385365611619,0,2,ai_agent,0.7388881084618175,110,12,1.8,0.001213447220514221,43.58601221729802,39.49145879979439,0.12630000128410757,0.2643999905558303,10.090800002217293,0.12849998893216252,10.49570000031963,0,True,on_screen,0.7593817515001096
1787910416284,1133,2211,2592.208746672639,332.74815247151423,2356.570639985781,331.8314213342676,0,2,ai_agent,0.9048729626678146,126,12,1.8,0.0012068182544368068,45.54696559291146,39.49821538630704,0.10399999155197293,0.2347999979974702,10.04899998952169,0.12530000822152942,10.416400007670745,0,True,on_screen,0.7593817515001096
1787910416317,1134,2212,2631.131893664119,343.97893697901054,2438.939016089282,335.4756760276905,0,2,ai_agent,0.9069390920118576,159,12,1.8,0.0011934314312821402,44.07380968123904,39.492815481114796,0.25069998810067773,0.368500011973083,10.431400005472824,0.12910000805277377,10.940000007394701,0,True,on_screen,0.7593817515001096
1787910416349,1135,2213,2649.4700315082205,360.70730489355014,2502.098320714964,343.0451646874484,0,2,ai_agent,0.8042512271513842,191,12,1.8,0.0011860960197834884,42.77560108155471,39.48749746248424,0.17880000814329833,0.3102999908151105,11.167799995746464,0.1531000016257167,11.645199992926791,0,True,on_screen,0.7593817515001096
1787910416364,1136,2214,2660.729183643433,369.5182668848891,2549.6875795935043,350.9870953466806,0,2,ai_agent,0.7206322046207769,207,12,1.8,0.0011790809480257854,44.93337869929668,39.49464521467942,0.15079999866429716,0.3222999948775396,10.79359999857843,0.155999994603917,11.282899999059737,0,True,on_screen,0.7593817515001096
1787910416396,1137,2215,2665.81277147087,385.2631879462399,2584.5251371567138,361.26992312654835,0,2,ai_agent,0.6565053934886849,238,12,1.8,0.0011702335203585233,43.567973266382204,39.49027838488966,0.12369999603834003,0.2960999991046265,10.378499995567836,0.14430000737775117,10.834600005182438,0,True,on_screen,0.7593817515001096
1787910416412,1138,2216,2668.6098911918416,392.5290905843812,2609.7505633672517,370.6476733638982,0,2,ai_agent,0.6089867487876766,254,12,1.8,0.0011709123703732317,45.4713095328684,39.49655537458263,0.11969999468419701,0.30640000477433205,10.826199999428354,0.12150000839028507,11.265200009802356,0,True,on_screen,0.7593817515001096
1787910416444,1139,2217,2680.59864046321,424.44181244743214,2631.004986496039,386.7859150889584,0,2,ai_agent,0.5640417343651429,286,12,1.8,0.001159647119183923,44.05439234108374,39.49160267091494,0.14570000348612666,0.29909999284427613,11.222300003282726,0.14229999214876443,11.67639999766834,0,True,on_screen,0.7593817515001096
1787910416476,1140,2218,2694.7133885357894,451.982450922141,2650.117507107964,406.34487583891314,0,2,ai_agent,0.5198444905105647,319,12,1.8,0.0011422133334794762,42.78517490124722,39.487166671718,0.13800000306218863,0.3285999991931021,10.948600000119768,0.13159999798517674,11.4222999982303,0,True,on_screen,0.7593817515001096
1787910416492,1141,2219,2702.257963149914,478.9122735184594,2665.7596439205486,428.115095142777,0,2,ai_agent,0.4787844744895402,335,12,1.8,0.001137561824445625,44.62458661466697,39.49368575165694,0.12919999426230788,0.26619998971000314,10.718600009568036,0.1289000065298751,11.125799996079877,0,True,on_screen,0.7593817515001096
1787910416525,1142,2220,2707.127257657094,521.254491243508,2678.169928041512,456.0569139729963,0,2,ai_agent,0.4365140233359943,368,12,1.8,0.00114006980552301,43.274987800149155,39.48863631865668,0.14199998986441642,0.30700000934302807,11.038600001484156,0.14930000179447234,11.50910000433214,0,True,on_screen,0.7593817515001096
1787910416540,1143,2221,2711.4857080192946,546.2170916150668,2688.1646620348465,483.1049672656174,0,2,ai_agent,0.3968292750140924,382,12,1.8,0.0011524950796987683,45.300527358154035,39.49596539999549,0.112900001113303,0.2652000111993402,10.225400008494034,0.15410000924021006,10.655499994754791,0,True,on_screen,0.7593817515001096
1787910416572,1144,2222,2724.258667222767,614.7594980448451,2698.9928635912224,522.6013264993858,0,2,ai_agent,0.34146323477418916,414,12,1.8,0.0011659818239252752,43.9105272493634,39.49129615653466,0.13519999629352242,0.29760001052636653,10.348800002248026,0.12129999231547117,10.779599993838929,0,True,on_screen,0.7593817515001096
1787910416588,1145,2223,2738.746994339033,742.0296428717653,2710.9191028155656,588.4298214110996,0,2,ai_agent,0.2507547485216166,430,12,1.8,0.0010658074822845788,45.656514628201556,39.496733650326874,0.14139999984763563,0.24800001119729131,11.64250000147149,0.15740000526420772,12.057899992214516,0,True,on_screen,0.7593817515001096
1787910416620,1146,2224,2741.757981783788,998.3218491294131,2720.170766506032,711.3974297265936,1,2,second_file,0.3435229811517462,0,10,2.0,0.0007831264219866248,44.22055770814722,39.49276557349518,0.14170000213198364,0.31659999513067305,10.623699999996461,0.1281000004382804,11.081799995736219,0,True,on_screen,0.7593817515001096
1787910416652,1147,2225,2555.4881881894744,1615.8790389511769,2670.765993011065,982.7419124939686,1,2,second_file,0.4998113743610686,32,10,2.0,0.0003089146200077435,42.93670199128565,39.48836888640479,0.15029999485705048,0.29659998835995793,10.376200007158332,0.1255999959539622,10.810300009325147,0,True,on_screen,0.7593817515001096
1787910416668,1148,2226,2509.016307022626,1826.7117812121348,2622.241087214533,1235.9328731094183,2,2,terminal,0.39025150917130946,0,7,2.2,0.00018502251419023202,44.91667558336555,39.49465772832717,0.10110001312568784,0.24710000434424728,10.780700002214871,0.18050000653602183,11.218599989661016,0,True,on_screen,0.7593817515001096
1787910416700,1149,2227,2413.541474718734,2035.885606043874,2559.631203465793,1475.918692989755,2,2,terminal,0.7147945170568969,32,7,2.2,0.00014511665779634586,43.54324534817118,39.48974091108956,0.17420000222045928,0.3360000118846074,10.992499999701977,0.14730000111740083,11.489700002130121,0,True,on_screen,0.7593817515001096
1787910416716,1150,2228,2376.940858200821,2077.6536860425654,2504.824099886301,1656.439190905598,2,2,terminal,0.6673165869270483,48,7,2.2,0.00019235903585393052,45.438295875499875,39.49675111744689,0.10060000931844115,0.2556999970693141,10.415099997771904,0.1188000023830682,10.797199996886775,0,True,on_screen,0.7593817515001096
1787910416748,1151,2229,2361.6987622782517,2042.7513421940198,2461.886498603886,1772.3328362921243,2,2,terminal,0.5066132973992393,79,7,2.2,0.0003055713867379413,44.034459757490524,39.49221585658161,0.11900000390596688,0.2631999959703535,10.366599992266856,0.11059999815188348,10.749599998234771,0,True,on_screen,0.7593817515001096
1787910416780,1152,2230,2352.8400826173806,1993.69830438388,2429.1725738079344,1838.7424767196508,-1,-1,off_screen,0.0,0,12,2.4,0.0004211146719348517,42.74951365806583,39.48700354866998,0.1593000051798299,0.32270001247525215,11.003000006894581,0.11889998859260231,11.458099994342774,0,True,gaze_outside_screen,0.7593817515001096
1787910416796,1153,2231,2344.2673147689384,1977.6343565072764,2403.7009960962355,1880.4100406559382,-1,-1,off_screen,0.0,16,12,2.4,0.0004722856783357307,44.73704812605666,39.49405953581995,0.10720000136643648,0.2598999999463558,10.315799998352304,0.1357000001007691,10.720500009483658,0,True,gaze_outside_screen,0.7593817515001096
1787910416828,1154,2232,2327.254463237837,1937.851272340446,2380.7670362387157,1897.6424101612906,-1,-1,off_screen,0.0,48,12,2.4,0.000562174820133144,43.38452961407104,39.489070799003784,0.11839999933727086,0.26440000510774553,10.745999999926426,0.12170000991318375,11.141400013002567,0,True,gaze_outside_screen,0.7593817515001096
1787910416844,1155,2233,2310.725441462698,1923.7742524384948,2359.7545578059103,1905.481962844452,-1,-1,off_screen,0.0,64,12,2.4,0.0005923918786680561,45.31861859950773,39.49606257420131,0.10199999087490141,0.22690001060254872,10.15479999477975,0.1221000129589811,10.5119000072591,0,True,gaze_outside_screen,0.7593817515001096
1787910416876,1156,2234,2297.740736349473,1892.0574221464014,2341.150411368979,1901.4546006350365,-1,-1,off_screen,0.0,95,12,2.4,0.0006366110689008629,43.893639728004736,39.4908885557732,0.12789999891538173,0.38919999497011304,10.50519999989774,0.1264000020455569,11.05509999615606,0,True,gaze_outside_screen,0.7593817515001096
1787910416892,1157,2235,2289.7684227529976,1877.4506504643389,2325.735814784184,1894.253415583827,-1,-1,off_screen,0.0,111,12,2.4,0.0006513052145396166,45.82686700541843,39.49808980256827,0.11300000187475234,0.24059999850578606,9.87639999948442,0.11709998943842947,10.242799995467067,0,True,gaze_outside_screen,0.7593817515001096
1787910416924,1158,2236,2276.40080517365,1857.2277230984912,2310.935311901024,1883.1457078382264,-1,-1,off_screen,0.0,144,12,2.4,0.0006846137489246694,44.35021408652988,39.49293697081971,0.11129998893011361,0.32869999995455146,10.30150000588037,0.11269999959040433,10.75120001041796,0,True,gaze_outside_screen,0.7593817515001096
1787910416956,1159,2237,2267.7264643314,1841.2865821416435,2297.9726576301364,1870.5879701292513,-1,-1,off_screen,0.0,176,12,2.4,0.0007003116628072174,43.05169973813023,39.48787993752307,0.12029999925289303,0.36109999928157777,10.942199995042756,0.1260999997612089,11.443600000347942,0,True,gaze_outside_screen,0.7593817515001096
1787910416972,1160,2238,2264.7969716839743,1831.4114652708563,2288.0199518462878,1858.8350186717328,-1,-1,off_screen,0.0,191,12,2.4,0.0007107898388777172,45.02501840518303,39.49506118406757,0.11500000255182385,0.24449999909847975,10.168099994189106,0.11319998884573579,10.535299996263348,0,True,gaze_outside_screen,0.7593817515001096
1787910417004,1161,2239,2271.128426466904,1815.8368933417655,2282.9524942324724,1845.9355810727425,-1,-1,off_screen,0.0,223,12,2.4,0.0007366989898237274,43.66152438746525,39.49070884066938,0.09969998791348189,0.23780000628903508,9.878299999400042,0.11269999959040433,10.245800003758632,0,True,gaze_outside_screen,0.7593817515001096
1787910417020,1162,2240,2269.6274774519825,1805.0837266761425,2278.954989198325,1833.6800247537626,-1,-1,off_screen,0.0,240,12,2.4,0.0007477113642074332,45.50369855399489,39.496437211538264,0.11890000314451754,0.2310999989276752,10.833000007551163,0.15999999595806003,11.234399993554689,0,True,gaze_outside_screen,0.7593817515001096
1787910417052,1163,2241,2269.2731373490133,1791.7106244556176,2276.0504336435315,1821.089204664319,-1,-1,off_screen,0.0,272,12,2.4,0.0007637613134107539,44.049342271214975,39.492086651981005,0.1294999965466559,0.27370000316295773,10.090299998410046,0.12780001270584762,10.503600002266467,0,True,gaze_outside_screen,0.7593817515001096
1787910417084,1164,2242,2250.0453191589227,1780.9226788628991,2268.248899298149,1809.039246923893,-1,-1,off_screen,0.0,304,12,2.4,0.0007627216075472912,42.77568037411229,39.487294293782384,0.11570000788196921,0.2673999988473952,10.380300009273924,0.11860000086016953,10.77929999155458,0,True,gaze_outside_screen,0.7593817515001096
1787910417100,1165,2243,1999.8677153226831,1771.9642448655643,2187.734544105509,1797.916746306394,2,2,terminal,0.35375131395153714,0,8,2.4,0.0008106956937720643,44.742882340484,39.49407647838162,0.10790000669658184,0.2381999947829172,9.96530000702478,0.12440000136848539,10.335999992094003,0,True,on_screen,0.7593817515001096
1787910417133,1166,2244,1664.6442021674811,1672.4594511183861,2030.8074415241003,1760.2795577499915,2,2,terminal,0.20196755410839995,32,8,2.4,0.0009265225995196899,43.38126016745491,39.48834368852475,0.15659999917261302,0.348599991411902,11.280599996098317,0.13509999553207308,11.77810000081081,0,True,on_screen,0.7593817515001096
1787910417148,1167,2245,1552.0033244162255,1621.5659965647258,1887.166206391738,1718.6654893944117,2,1,terminal,0.12061299086710542,48,8,2.4,0.0009594970353066085,45.36580535286362,39.495691912841416,0.11819999781437218,0.25129999266937375,10.322600006475113,0.12639998749364167,10.70830000389833,0,True,on_screen,0.7593817515001096
1787910417180,1168,2246,1420.1407379639538,1528.961487698019,1747.0585658634025,1661.7542888854937,2,1,terminal,0.3868650254528574,80,8,2.4,0.0009920089233739736,43.947520482679245,39.49078895809158,0.13059999037068337,0.27970000519417226,10.61059998755809,0.11929999163839966,11.019300000043586,0,True,on_screen,0.7593817515001096
1787910417196,1169,2247,1374.9937789453445,1479.9661716493117,1635.439129787985,1607.217853714639,2,1,terminal,0.6061802283941633,96,8,2.4,0.0010217831597464956,45.818118538107896,39.49710708299556,0.16260000120382756,0.2829000004567206,10.857000001124106,0.12919999426230788,11.278899997705594,0,True,on_screen,0.7593817515001096
1787910417230,1170,2248,1318.4630976715769,1407.0668544484492,1540.3463201530624,1547.1725539347822,2,1,terminal,0.804110325157988,130,8,2.4,0.001058613830205616,44.25429085301825,39.490846691919145,0.20929999300278723,0.3215000033378601,11.998400004813448,0.15160000475589186,12.485600003856234,0,True,on_screen,0.7593817515001096
1787910417260,1171,2249,1257.9193356673331,1354.5928820274455,1455.6182248073435,1489.398652362581,2,1,terminal,0.9666518049112915,160,8,2.4,0.0011006640094614988,43.05774086120435,39.48762709195258,0.12320000678300858,0.28900000324938446,11.018100005458109,0.1596000074641779,11.480699991807342,0,True,on_screen,0.7593817515001096
1787910417277,1172,2250,1102.2462805780383,1332.8737996312937,1349.6066415385517,1442.4411965431948,2,1,terminal,0.8106785301585072,177,8,2.4,0.0011063264503314053,44.944684141321346,39.49383105305835,0.12419999984558672,0.35600000410340726,11.201099987374619,0.13270000636111945,11.706100005540065,0,True,on_screen,0.7593817515001096
1787910417309,1173,2251,952.3825281804078,1293.7639357893818,1230.4394075311084,1397.8380183170507,2,1,terminal,0.588126019170963,209,8,2.4,0.0010852344399750573,43.55888549573359,39.48858877759752,0.142700009746477,0.32140000257641077,11.93430001148954,0.15350000467151403,12.424899992765859,0,True,on_screen,0.7593817515001096
1787910417325,1174,2252,897.8336859630401,1266.9022198362975,1130.6576910606877,1358.5572787728247,2,1,terminal,0.3990781439705746,225,8,2.4,0.0010980863002668408,45.44609052680646,39.49587430955147,0.13169999874662608,0.3698999935295433,10.704200001782738,0.12569999671541154,11.211000004550442,0,True,on_screen,0.7593817515001096
1787910417356,1175,2253,842.3537291714143,1220.0325254282388,1044.1665024939057,1316.9998527694488,2,1,terminal,0.22957845975717106,256,8,2.4,0.0011034899086195156,44.06006112339937,39.491707266452266,0.18270000873599201,0.4057000041939318,10.351399992941879,0.11900000390596688,10.889500001212582,0,True,on_screen,0.7593817515001096
1787910417388,1176,2254,812.9729340072066,1184.542255505103,974.808431947896,1277.262573590145,2,1,terminal,0.08881421300474479,288,8,2.4,0.0011497503919607986,42.80644136755932,39.4862271452865,0.16480000340379775,0.5035000067437068,11.74769998760894,0.14089999604038894,12.410600000293925,0,True,on_screen,0.7593817515001096
1787910417404,1177,2255,799.0078724840572,1161.2028813247623,922.0682641087444,1242.4446659105301,2,0,terminal,0.09613277063441061,304,8,2.4,0.0011712108087007893,44.680741808159645,39.49369869892953,0.13499999477062374,0.29799999902024865,10.244500008411705,0.13179999950807542,10.68469999881927,0,True,on_screen,0.7593817515001096
1787910417436,1178,2256,780.7989232816793,1124.5135574725118,879.6874618606248,1207.0653333791245,2,0,terminal,0.12454615644228584,336,8,2.4,0.0011911827849238193,43.35266109544956,39.48907259468101,0.12330000754445791,0.26960000104736537,10.435300006065518,0.13410000246949494,10.849899990716949,0,True,on_screen,0.7593817515001096
1787910417453,1179,2257,781.6001159025509,1102.768543852035,850.2612580732025,1175.7762965209977,1,0,sidebar,0.1843716664409384,0,6,2.6,0.0011960805245892318,45.17639575004238,39.49524779336753,0.15570000687148422,0.31010000384412706,10.52470000286121,0.15380000695586205,11.000600003171712,0,True,on_screen,0.7593817515001096
1787910417484,1180,2258,802.8168210741707,1050.0851236417318,836.0279269734929,1138.0689446572178,1,0,sidebar,0.2433550565014091,30,6,2.6,0.0012139868843756701,43.792216517624006,39.49078234682851,0.16780001169536263,0.3068000078201294,10.420099992188625,0.13089999265503138,10.87129999359604,0,True,on_screen,0.7593817515001096
1787910417500,1181,2259,805.150963875153,1028.2089959666077,826.764838043991,1105.1109600500347,1,0,sidebar,0.2882378454443614,46,6,2.6,0.0012217006461415943,45.705865048627764,39.497457431166275,0.152299995534122,0.2720000047702342,10.23410000198055,0.11640001321211457,10.635200000251643,0,True,on_screen,0.7593817515001096
1787910417533,1182,2260,810.5394979019435,990.9583987622074,821.8972360013767,1070.8651916636863,1,0,sidebar,0.32475409364895114,79,6,2.6,0.0012173247042321957,44.23612104281506,39.49236638070567,0.1508999994257465,0.33120000443886966,10.600800000247546,0.1368000084767118,11.08010001189541,0,True,on_screen,0.7593817515001096
1787910417564,1183,2261,827.1369850201763,949.7265842105687,823.4691607070165,1034.523609427751,1,0,sidebar,0.34832477028372744,110,6,2.6,0.0012557469327258083,42.951960224705246,39.487775198684616,0.1604999997653067,0.3285999991931021,10.729999994509853,0.13349999790079892,11.205200004042126,0,True,on_screen,0.7593817515001096
1787910417581,1184,2262,826.288759772421,932.1013722649469,824.3150404266378,1003.7969382789096,1,0,sidebar,0.36467234101615664,128,6,2.6,0.001267597554246342,44.74712073342824,39.4944901510921,0.09929999941959977,0.24120000307448208,10.010000012698583,0.11190000805072486,10.370700008934364,0,True,on_screen,0.7593817515001096
1787910417612,1185,2263,828.6256431361121,901.5523770076902,825.6082212394799,973.1235698975437,1,0,sidebar,0.37590990313078043,158,6,2.6,0.0012782909448855982,43.4637690089505,39.49016580048021,0.12299999070819467,0.2730999985942617,10.213300003670156,0.1328000071225688,10.630700009642169,0,True,on_screen,0.7593817515001096
1787910417628,1186,2264,835.3912169210422,883.6996582199116,828.5431199439486,946.2963963942541,1,0,sidebar,0.37883344719183654,174,6,2.6,0.0012945636328696476,45.319942595296396,39.496520615599444,0.10059999476652592,0.2595999976620078,10.19780000206083,0.13970000145491213,10.60670000151731,0,True,on_screen,0.7593817515001096
1787910417660,1187,2265,850.9945347853678,853.0696728092223,835.2785443963743,918.3283793187445,1,0,sidebar,0.3715078246532484,207,6,2.6,0.0013160067376527251,43.91389588808927,39.49131235327312,0.13320001016836613,0.3273999900557101,10.988699999870732,0.16830000095069408,11.498299994855188,0,True,on_screen,0.7593817515001096
1787910417692,1188,2266,866.8539921467419,835.8905035094617,844.7511787214846,893.5970165759596,1,0,sidebar,0.3555082604909634,238,6,2.6,0.0013153444817325145,42.65505378214775,39.48671680351424,0.13249999028630555,0.29039999935775995,11.113300002762116,0.1588000013725832,11.575500000617467,0,True,on_screen,0.7593817515001096
1787910417708,1189,2267,874.0238524996555,821.6197216174255,853.5329808549358,872.0038280883994,1,0,sidebar,0.338242151425421,254,6,2.6,0.0013387142805141132,44.55264868839541,39.49321993570227,0.13440000475384295,0.26109999453183264,10.817600006703287,0.1326000055996701,11.221199994906783,0,True,on_screen,0.7593817515001096
1787910417741,1190,2268,885.9635523567446,813.3595894873573,863.2621523054784,854.4105565080866,1,0,sidebar,0.31813148060679464,287,6,2.6,0.0013603819839827988,43.21354172156507,39.48841085308062,0.1472000003559515,0.3335999936098233,10.938899999018759,0.15809999604243785,11.444999996456318,0,True,on_screen,0.7593817515001096
1787910417757,1191,2269,892.7834712662194,811.728077927411,872.1185479937005,841.605812933884,1,0,sidebar,0.2996192475596643,303,6,2.6,0.0013620257480338148,45.125047184009745,39.494680858470566,0.1432999997632578,0.3445000038482249,11.111399988294579,0.1360000023851171,11.602700004004873,0,True,on_screen,0.7593817515001096
1787910417788,1192,2270,904.4131963311073,797.1849545772992,881.8069424949225,828.2795554269085,1,0,sidebar,0.27892298352264433,335,6,2.6,0.0013781209246503529,43.75807690743923,39.49045785803827,0.13549999857787043,0.28649999876506627,10.838299989700317,0.14010000450070947,11.277700003120117,0,True,on_screen,0.7593817515001096
1787910417804,1193,2271,921.4801374138597,782.171542280972,893.7089009706036,814.4471514831274,1,0,sidebar,0.2536515345135313,350,6,2.6,0.0013676365702068628,45.6220515734634,39.496491216767254,0.16920000780373812,0.2969000051962212,11.28910000261385,0.19199999223928899,11.789700001827441,0,True,on_screen,0.7593817515001096
1787910417836,1194,2272,939.1524102807637,761.454889613871,907.3419537636516,798.5494729223504,1,0,sidebar,0.22404793509832022,382,6,2.6,0.001323315916822495,44.184231303205344,39.49239829476603,0.1581999968038872,0.30700000934302807,10.61640000261832,0.12749999586958438,11.063700003433041,0,True,on_screen,0.7593817515001096
1787910417868,1195,2273,956.8253896411494,742.0710396373838,922.1869845269009,781.6059429368604,1,0,sidebar,0.1912879144552948,414,6,2.6,0.001277106778620838,42.910778735786536,39.48833232268141,0.12110000534448773,0.27609999233391136,10.093100005178712,0.13559999933931977,10.514499997952953,0,True,on_screen,0.7593817515001096
1787910417884,1196,2274,966.1231435643019,725.7569945610321,935.3678322381212,764.8512584241118,1,0,sidebar,0.16083492800215504,430,6,2.6,0.0012629632669092193,44.80992649555145,39.49458175847048,0.10679999832063913,0.25409999943803996,10.17629999842029,0.13220000255387276,10.571599996183068,0,True,on_screen,0.7593817515001096
1787910417916,1197,2275,987.1582961548174,708.7794315529618,950.9049714131299,748.0297103627668,1,0,sidebar,0.12582041130571064,462,6,2.6,0.0012354640096156992,43.45626957495137,39.4893441450352,0.1812999980757013,0.34919999598059803,11.048799991840497,0.14400000509340316,11.555499993846752,0,True,on_screen,0.7593817515001096
1787910417932,1198,2276,999.602982212248,695.515957172218,965.5143746528654,732.2755844056021,1,1,main_file,0.11091356864444923,0,9,2.8,0.0012191104350150403,45.33198555773399,39.49619781505113,0.14150000060908496,0.3015999973285943,10.350099997594953,0.1416000013705343,10.803700002725236,0,True,on_screen,0.7593817515001096
1787910417965,1199,2277,1023.6762263142456,659.4016794959294,982.9629301512795,710.4134129327002,1,1,main_file,0.125857014649141,32,9,2.8,0.0011938121593610927,43.914440041875494,39.49170988534177,0.13770000077784061,0.27040000713896006,10.17800001136493,0.12029999925289303,10.577999986708164,0,True,on_screen,0.7593817515001096
1787910417996,1200,2278,1042.853848850643,646.2133246979104,1000.9302057610885,691.1533864622631,1,1,main_file,0.14103248365856214,64,9,2.8,0.001172850970637969,42.66130442750116,39.48662341923021,0.16490000416524708,0.33510000503156334,10.975500001222827,0.14260000898502767,11.46609999705106,0,True,on_screen,0.7593817515001096
1787910418012,1201,2279,1337.2136324389683,625.4528719442701,1101.8152337644524,671.4432321068651,1,1,main_file,0.2788916227716167,80,9,2.8,0.001136137750809462,44.604271552400675,39.49353682464126,0.11300000187475234,0.2474999928381294,10.213800007477403,0.11249999806750566,10.582299990346655,0,True,on_screen,0.7593817515001096
1787910418044,1202,2280,1655.6807619340925,615.5480244362888,1267.9748922153444,654.6746698056922,1,1,main_file,0.470657619066451,111,9,2.8,0.001097381981041267,43.28512013250601,39.48909240863095,0.15100000018719584,0.3782999992836267,10.064400004921481,0.11340000492054969,10.566400000243448,0,True,on_screen,0.7593817515001096
1787910418060,1203,2281,1760.890151942969,611.9400198979364,1415.8494701336317,641.8542748333655,1,1,main_file,0.5419520346513576,128,9,2.8,0.001074526652177426,45.183956142644256,39.495586882417946,0.15659999917261302,0.2555999963078648,9.945500001776963,0.12299999070819467,10.333300000638701,0,True,on_screen,0.7593817515001096
1787910418093,1204,2282,1870.319491427146,617.1786376989704,1552.190476521686,634.4515836930469,1,1,main_file,0.49071460671419664,161,9,2.8,0.0010395780803020664,43.764817325856605,39.4902164009895,0.1640999980736524,0.41360000614076853,10.683600004995242,0.1314999972237274,11.244299996178597,0,True,on_screen,0.7593817515001096
1787910418108,1205,2283,1910.9437992201865,611.2473634205694,1659.816473331236,627.4903176113037,1,1,main_file,0.3814639909795364,176,9,2.8,0.0010192968975609867,45.77248247792754,39.497478648259914,0.1145000132964924,0.24619999749120325,9.891699999570847,0.1272000081371516,10.273799998685718,0,True,on_screen,0.7593817515001096
1787910418140,1206,2284,1947.8660777101952,598.1211972734171,1746.2313546449236,618.6795815099377,1,1,main_file,0.26535948044744917,208,9,2.8,0.0010128590236774572,44.31047961818479,39.4929669501407,0.11470000026747584,0.2555000100983307,9.715500011225231,0.11770000855904073,10.097599995788187,0,True,on_screen,0.7593817515001096
1787910418172,1207,2285,1967.6204615774186,594.135560914706,1812.6480867246719,611.3163753313681,1,1,main_file,0.16721959974927703,240,9,2.8,0.001023232312709281,42.997144004336846,39.48757917246422,0.12749999586958438,0.3090000100200996,10.760899996967055,0.15400000847876072,11.238299994147383,0,True,on_screen,0.7593817515001096
1787910418188,1208,2286,1970.719174560044,590.3018814779334,1860.0694130752831,605.0120271753377,1,1,main_file,0.0931729736838699,256,9,2.8,0.001021774369139531,44.982508195956804,39.494408340715914,0.1002000062726438,0.26200000138487667,10.224799989373423,0.14609999198000878,10.64169999153819,0,True,on_screen,0.7593817515001096
1787910418220,1209,2287,1976.2275371563187,594.7073295112551,1894.9168502995935,601.9206178761129,1,1,main_file,0.03915504385144375,288,9,2.6,0.0010328146997795988,43.61240507555401,39.49001936295349,0.14519999967887998,0.2786999975796789,10.006899989093654,0.1331999956164509,10.429699992528185,0,True,on_screen,0.7593817515001096
1787910418236,1210,2288,1983.9630600441833,590.247681121487,1921.6307132229704,598.4187368497252,0,2,ai_agent,0.003923243619140315,0,13,2.8,0.001031376502956264,45.51149410940847,39.49626048179982,0.1036000030580908,0.23770000552758574,10.215099988272414,0.1621999981580302,10.623599999235012,0,True,on_screen,0.7593817515001096
1787910418269,1211,2289,2006.0804512001455,598.9716419682406,1946.9656346161228,598.5846083852798,0,2,ai_agent,0.041444164270934336,32,13,2.8,0.00103613440483322,44.062197125571835,39.49120593039526,0.1475000026402995,0.3195000026607886,10.650299998815171,0.139000010676682,11.121400006231852,0,True,on_screen,0.7593817515001096
1787910418284,1212,2290,2005.5831581619857,598.2024838689485,1964.5508916798815,598.4699710303804,0,2,ai_agent,0.0673419886602058,47,13,2.8,0.0010316824489957702,45.9627382613727,39.49828239907943,0.09549999958835542,0.24649999977555126,9.831699993810616,0.11150000500492752,10.198500007390976,0,True,on_screen,0.7593817515001096
1787910418316,1213,2291,1962.4931373245936,563.1147849046903,1963.933565373295,587.8634151926733,0,2,ai_agent,0.07689648269247196,79,13,2.8,0.0010244762513146738,44.50214534775589,39.49334584786358,0.12150000839028507,0.265800001216121,10.453099996084347,0.14619999274145812,10.875099993427284,0,True,on_screen,0.7593817515001096
1787910418348,1214,2292,1900.5300677282394,533.8942662503074,1944.9125160797785,571.6726705099635,0,2,ai_agent,0.06365077632697613,111,13,2.8,0.0010259548119620036,43.16096785175398,39.48831686803411,0.12589999823831022,0.3277999931015074,10.9461999963969,0.13399998715613037,11.422700001276098,0,True,on_screen,0.7593817515001096
1787910418364,1215,2293,1871.7756452443493,521.1102655740775,1922.9714548291495,556.5039490291977,0,2,ai_agent,0.043142711745637996,128,13,2.8,0.001025151988559906,45.17843451493031,39.49551233231701,0.11000000813510269,0.25689999165479094,9.98069999332074,0.13220000255387276,10.378599996329285,0,True,on_screen,0.7593817515001096
1787910418396,1216,2294,1814.7191117229358,503.9113200530592,1890.4957518972851,540.7261603363561,0,1,main_file,0.0976250181731293,0,10,3.0,0.0010324501575487248,43.780511443479895,39.49071262102573,0.11779999476857483,0.2592999953776598,10.31719999446068,0.11949999316129833,10.705299995606765,0,True,on_screen,0.7593817515001096
1787910418412,1217,2295,1784.1979604741719,496.9593710363949,1858.606414470351,527.5961235463677,0,1,main_file,0.15822380716144913,16,10,3.0,0.0010392258094758626,45.6461385765746,39.49642298192711,0.10619999375194311,0.2390000008745119,11.222500004805624,0.13840000610798597,11.609399996814318,0,True,on_screen,0.7593817515001096
1787910418445,1218,2296,1719.6193571245658,492.00494653582354,1816.9102972666153,516.9187704432045,0,1,main_file,0.23172468644609268,49,10,3.0,0.0010441205246396572,44.17152085623968,39.49116032086029,0.1770999951986596,0.34919999598059803,11.815499994554557,0.13390000094659626,12.312300008488819,0,True,on_screen,0.7593817515001096
1787910418477,1219,2297,1670.3722498491968,486.60641846551323,1772.9488830413898,507.8250648498971,0,1,main_file,0.3066073016394383,81,10,3.0,0.0010549277775003217,42.89541756696047,39.486999141038865,0.15700000221841037,0.3804000007221475,11.408000005758367,0.12889999197795987,11.927200001082383,0,True,on_screen,0.7593817515001096
1787910418492,1220,2298,1650.6302296497622,483.7985425362119,1736.2532870239013,500.6171081557916,0,1,main_file,0.3679067083651567,96,10,3.0,0.0010562373345235944,44.958308790793495,39.494381651806144,0.10560000373516232,0.24149999080691487,10.269799997331575,0.112900001113303,10.631700002704747,0,True,on_screen,0.7593817515001096
1787910418525,1221,2299,1616.8128424875465,482.8702639983042,1700.4211536629946,495.29305490854534,0,1,main_file,0.42492861385788205,129,10,3.0,0.0010616436120405477,43.53843561056932,39.48922916759837,0.1979000080609694,0.3927000070689246,10.486700004548766,0.13809998927172273,11.037099990062416,0,True,on_screen,0.7593817515001096
1787910418540,1222,2300,1598.7711802934957,483.48484881609426,1669.9261616521449,491.75059308081,0,1,main_file,0.47107884943286515,144,10,3.0,0.001065665175867276,45.615212089480515,39.495781874539375,0.12280000373721123,0.2562999870860949,10.751699999673292,0.1297999988310039,11.146399992867373,0,True,on_screen,0.7593817515001096
1787910418573,1223,2301,1572.3666161928968,477.1200126814394,1640.6582980143703,487.36141896099883,0,1,main_file,0.5149936810162896,177,10,3.0,0.0010770352330734707,44.11609345823945,39.49083839064888,0.14119999832473695,0.35960000241175294,10.604900002363138,0.12959999730810523,11.104499993962236,0,True,on_screen,0.7593817515001096
1787910418605,1224,2302,1549.818330116088,476.4450832121038,1613.4063076448854,484.08651823633033,0,1,main_file,0.5532137446712244,209,10,3.0,0.0010846329261271527,42.86213620963859,39.486277085574876,0.20809999841731042,0.34980000054929405,10.967099995468743,0.1604999997653067,11.491800003568642,0,True,on_screen,0.7593817515001096
1787910418621,1225,2303,1543.3413640127378,475.24728298047336,1592.386824555241,481.4347476595732,0,1,main_file,0.5814077753346094,225,10,3.0,0.001092916564700789,44.8810133185156,39.49291183516389,0.10299999848939478,0.298099999781698,10.723800005507655,0.12789999891538173,11.15790000767447,0,True,on_screen,0.7593817515001096
1787910418652,1226,2304,1548.5817994720196,483.8193952243216,1579.2453170302745,482.1501419289977,0,1,main_file,0.594944816109825,256,10,3.0,0.001092514360652417,43.5382188737652,39.48882132140686,0.12969999806955457,0.27629999385681003,10.301899994374253,0.13889999536331743,10.728900000685826,0,True,on_screen,0.7593817515001096
1787910418669,1227,2305,1546.5918975858303,492.90493233483676,1569.4492911969412,485.37657905074946,0,1,main_file,0.6005559612258544,273,10,3.0,0.0010914192646845032,45.28203232110578,39.494325485300386,0.16560000949539244,0.2975999959744513,11.040900004445575,0.16650000179652125,11.517799997818656,0,True,on_screen,0.7593817515001096
1787910418700,1228,2306,1544.4018550821265,507.46927039986866,1561.9350603624966,492.00438645548513,0,1,main_file,0.598171146534521,304,10,3.0,0.0010994266257478673,43.90765704855824,39.48945545488123,0.14350000128615648,0.331300005200319,11.845599990920164,0.1396000006934628,12.331000005360693,0,True,on_screen,0.7593817515001096
1787910418717,1229,2307,1544.4736639897046,512.3653917028042,1556.6966414506587,498.11268802968084,0,1,main_file,0.5937952242238839,321,10,3.0,0.0011080439049471723,45.65080698643519,39.496060468269775,0.16540000797249377,0.31600000511389226,11.084900004789233,0.16790001245681196,11.581799990381114,0,True,on_screen,0.7593817515001096
1787910418749,1230,2308,1552.9805746754246,542.48517834844,1555.5818214180883,511.42443512530855,0,1,main_file,0.5743131817891993,353,10,3.0,0.0011062347344842523,44.19683325185537,39.49113023140455,0.1680999994277954,0.3279999946244061,11.57200000307057,0.13920001219958067,12.053099999320693,0,True,on_screen,0.7593817515001096
1787910418781,1231,2309,1555.2912761538519,559.0774821440579,1555.4946578388174,525.7203492309334,0,1,main_file,0.5520587667350476,384,10,3.0,0.0011181653643450688,42.92959590854383,39.486240944955476,0.13529999705497175,0.31370000215247273,12.414199998602271,0.1512000017100945,12.89359999645967,0,True,on_screen,0.7593817515001096
1787910418796,1232,2310,1555.0834109560165,568.870250764135,1555.371283773977,538.6653196908939,0,1,main_file,0.5316787360012403,400,10,3.0,0.0011180672503412793,44.92080649474161,39.49369277349298,0.1436000020476058,0.261799999861978,10.876600004849024,0.11969999468419701,11.26749999821186,0,True,on_screen,0.7593817515001096
1787910418828,1233,2311,1552.7643544158452,582.9274894647173,1554.5892049665374,551.9439706230409,0,1,main_file,0.511025269973217,432,10,3.0,0.0011189606258462485,43.568709455204974,39.48914814799276,0.1269999920623377,0.27600000612437725,11.039000004529953,0.149500003317371,11.47510000737384,0,True,on_screen,0.7593817515001096
1787910418844,1234,2312,1551.7611754610116,584.6561755157209,1553.7407961148795,561.7576320908448,0,1,main_file,0.4957916593858661,448,10,2.8,0.0011196326670166422,45.41777634727405,39.495840920536004,0.1238999975612387,0.2975999959744513,10.317799999029376,0.13810000382363796,10.763799989945255,0,True,on_screen,0.7593817515001096
1787910418876,1235,2313,1550.9421129833108,589.3284831158506,1552.901191175409,570.0288873983466,0,1,main_file,0.4829309317476356,480,10,2.8,0.0011299603845930858,44.0115813038844,39.49119321292933,0.1689000055193901,0.3902000025846064,10.515700007090345,0.16399999731220305,11.083099991083145,0,True,on_screen,0.7593817515001096
1787910418908,1236,2314,1554.586105807978,596.1357882148603,1553.4066655651795,577.8609576433007,0,1,main_file,0.4698015129842553,512,10,2.8,0.0011526495043658845,42.744374522575946,39.486909419754625,0.15079999866429716,0.2869999880203977,10.425800006487407,0.1297999988310039,10.85340000281576,0,True,on_screen,0.7593817515001096
1787910418924,1237,2315,1556.4542979815621,601.5136808338029,1554.3209552900944,584.9567746004514,0,1,main_file,0.45757502170144726,528,10,2.8,0.0011564064869377146,44.70812350431134,39.493365055817364,0.10900000052060932,0.26109999453183264,10.174800001550466,0.11979999544564635,10.564800002612174,0,True,on_screen,0.7593817515001096
1787910418956,1238,2316,1557.8593552563866,608.6884010578954,1555.382475279982,592.0762625376846,0,1,main_file,0.44519559874037795,560,10,2.8,0.001163331984130194,43.34918294463751,39.48856322546781,0.15920000441838056,0.3294000052846968,10.383300003013574,0.1545999984955415,10.881499998504296,0,True,on_screen,0.7593817515001096
1787910418972,1239,2317,1558.0830086471374,613.3943450436974,1556.1926352901285,598.4716872894884,0,1,main_file,0.434154382516836,575,10,2.8,0.0011687732120644716,45.27526052120961,39.49482905640245,0.13940001372247934,0.31119999766815454,10.487899999134243,0.11680000170599669,10.92449999123346,0,True,on_screen,0.7593817515001096
1787910419004,1240,2318,1559.7865558863798,617.5913669358413,1557.2708114690038,604.2075911833942,1,1,main_file,0.43786346925199715,608,10,2.8,0.0011814353272839376,43.8871660443595,39.490571558741614,0.12409999908413738,0.26869999419432133,10.31870000588242,0.12250000145286322,10.718899997300468,0,True,on_screen,0.7593817515001096
1787910419020,1241,2319,1557.36341031403,623.3383137595379,1557.2985911225117,609.9468079562373,1,1,main_file,0.4472579597224342,624,10,2.6,0.0011875490217741654,45.76073918472379,39.496404862308395,0.09509999654255807,0.2496999950380996,10.975400000461377,0.16599999798927456,11.40010000381153,0,True,on_screen,0.7593817515001096
1787910419052,1242,2320,1559.8411919951047,634.4351338768518,1558.0613713842895,617.2933057324216,1,1,main_file,0.45875034087931665,656,10,2.6,0.0011940541554286872,44.2870469639453,39.49225556016998,0.145500001963228,0.3428999916650355,10.178899989114143,0.12169999536126852,10.657099992386065,0,True,on_screen,0.7593817515001096
1787910419084,1243,2321,1558.3149368893269,645.0809385820006,1558.1374410358005,625.6295955872953,1,1,main_file,0.4722566657770806,688,10,2.6,0.0011913587778283607,42.98036658896055,39.48731809826656,0.1303999888477847,0.4000999906565994,10.75709999713581,0.12739999510813504,11.29660000151489,0,True,on_screen,0.7593817515001096
1787910419100,1244,2322,1557.953930085224,645.7826130375073,1558.0823877506277,631.6755008223588,1,1,main_file,0.48208894823530024,703,10,2.6,0.0011940750842691188,45.03552971780093,39.49425709024356,0.10069999552797526,0.23179998970590532,10.156700009247288,0.15360000543296337,10.549500002525747,0,True,on_screen,0.7593817515001096
1787910419132,1245,2323,1557.8271067453397,652.4475617078341,1558.0058034490412,637.9071190880013,1,1,main_file,0.4922017371469556,736,10,2.6,0.001187020647137816,43.6421934969749,39.48970945259921,0.11929999163839966,0.27520000003278255,10.057600011350587,0.14680001186206937,10.491000008187257,0,True,on_screen,0.7593817515001096
1787910419148,1246,2324,1558.9261099430305,656.7832212646399,1558.281895397238,643.5699497409928,1,1,main_file,0.5011030348675667,752,10,2.6,0.0011850610460943135,45.53916602628826,39.495815252672934,0.14010000450070947,0.2494000073056668,10.360300002503209,0.12329999299254268,10.744899991550483,0,True,on_screen,0.7593817515001096
1787910419180,1247,2325,2010.4939546735995,638.8401526019732,1693.9455131801465,642.1510105992868,1,1,main_file,0.36063774118243186,784,10,2.6,0.001154008725126495,44.11976070684884,39.491362663177945,0.11749999248422682,0.27459999546408653,10.388599999714643,0.1260999997612089,10.798100003739819,0,True,on_screen,0.7593817515001096
1787910419196,1248,2326,2171.520417130038,633.2631557249002,1837.2179843651138,639.4846541369708,1,1,main_file,0.1607878290732936,800,10,2.6,0.0011259276009454693,45.916072698066685,39.49689715024678,0.13749999925494194,0.2558999985922128,11.327799991704524,0.16619999951217324,11.75949999014847,0,True,on_screen,0.7593817515001096
1787910419228,1249,2327,2285.0310213061034,638.8684164246581,1971.5618954474107,639.2997828232769,1,2,second_file,0.11398045941045365,0,11,2.8,0.0011117805553361726,44.437470630139025,39.49273782859868,0.185500000952743,0.2969000051962212,10.676299993065186,0.1731999946059659,11.159899993799627,0,True,on_screen,0.7593817515001096
1787910419260,1250,2328,2385.2810026110055,645.0263459798628,2095.677627596489,641.0177517702526,1,2,second_file,0.2940331196928403,32,11,2.8,0.0010874531912627126,43.14013885693384,39.488857048563744,0.1390999968862161,0.2598999999463558,10.096600002725609,0.12540000898297876,10.491599998204038,0,True,on_screen,0.7593817515001096
1787910419276,1251,2329,2417.6552334714415,645.3966628455372,2192.2709093589747,642.331425092838,1,2,second_file,0.4152786188176075,48,11,2.8,0.0010801679109235483,45.04719698549806,39.49483196557063,0.10679999832063913,0.25560001085978,10.43210001080297,0.12229999992996454,10.818199996720068,0,True,on_screen,0.7593817515001096
1787910419309,1252,2330,2482.2416928093944,644.1639972902431,2279.2621443941007,642.8811967520595,1,2,second_file,0.49816905535466094,81,11,2.8,0.0010649638644678432,43.63812666102983,39.48999180647118,0.1370999962091446,0.3083000046899542,10.611799996695481,0.13329999637790024,11.065400001825765,0,True,on_screen,0.7593817515001096
1787910419324,1253,2331,2542.4034050419255,640.1873642401188,2358.204522588448,642.0730469984773,1,2,second_file,0.5383861865300891,95,11,2.8,0.0010539993204183827,45.64609465150958,39.49694013087522,0.10540000221226364,0.2367999986745417,9.950599996955134,0.11470000026747584,10.309999997843988,0,True,on_screen,0.7593817515001096
1787910419356,1254,2332,2546.09190156512,642.4951530263725,2414.5707362814496,642.1996788068458,1,2,second_file,0.5438268065672782,128,11,2.8,0.0010487650272869888,44.205196656293374,39.49222174782009,0.10829999519046396,0.24340000527445227,10.303399991244078,0.11369999265298247,10.669200011761859,0,True,on_screen,0.7593817515001096
1787910419388,1255,2333,2555.937345809675,643.7953822880037,2456.9807191399173,642.6783898511931,1,2,second_file,0.5343871804137734,160,11,2.8,0.0010467962473132593,42.922463470262514,39.487303419511115,0.1238999975612387,0.3074000123888254,10.999600010109134,0.15810001059435308,11.479399996460415,0,True,on_screen,0.7593817515001096
1787910419404,1256,2334,2575.3895944795513,643.5454903406959,2492.5033817418075,642.9385199980438,1,2,second_file,0.5173500888332498,176,11,2.8,0.0010432785945567631,44.81994465283247,39.49374561459561,0.1244999875780195,0.26539999817032367,10.610500001348555,0.12319999223109335,11.006400003680028,0,True,on_screen,0.7593817515001096
1787910419437,1257,2335,2583.8582092280517,643.3440855080249,2519.9098299876805,643.0601896510382,1,2,second_file,0.4990756563156322,209,11,2.8,0.001041658758392374,43.43136832123031,39.489078765081594,0.2106000029016286,0.3121999907307327,10.54149999981746,0.12409999908413738,10.987400004523806,0,True,on_screen,0.7593817515001096
1787910419452,1258,2336,2587.559586693867,643.042987458449,2540.2047569995366,643.0550289932614,1,2,second_file,0.48288320921180317,223,11,2.8,0.001041304813514811,45.52091983549538,39.49556748143872,0.10250000923406333,0.23179998970590532,10.652199998730794,0.15309998707380146,11.046799991163425,0,True,on_screen,0.7593817515001096
1787910419485,1259,2337,2599.4800859784677,645.5879642658949,2557.9873556932157,643.8149095750514,1,2,second_file,0.46826431618942843,256,11,2.6,0.001037080982729078,44.06105985608612,39.49061233202069,0.14370000280905515,0.31269999453797936,10.983000000123866,0.1432999997632578,11.451499987742864,0,True,on_screen,0.7593817515001096
1787910419500,1260,2338,2596.1872529612574,645.6938640843197,2569.447324873628,644.3785959278318,1,2,second_file,0.45819377157571417,272,11,2.6,0.0010369768913813353,45.96040241086915,39.49747567797712,0.11449999874457717,0.26590000197757035,10.238300004857592,0.11490000179037452,10.62689999525901,0,True,on_screen,0.7593817515001096
1787910419533,1261,2339,2589.83257419043,648.3066140798562,2575.5628996686687,645.5570013734391,1,2,second_file,0.45386509805926845,305,11,2.6,0.0010359745865467056,44.48029674738831,39.49310073343367,0.11249999806750566,0.3730000025825575,9.90220000676345,0.12620000052265823,10.412000003270805,0,True,on_screen,0.7593817515001096
1787910419564,1262,2340,2584.614369519361,666.02106830273,2578.278340623876,651.6962214522264,1,2,second_file,0.45997314425942637,335,11,2.6,0.0010378547675612727,43.165982719466754,39.48765263458357,0.13349999790079892,0.3361999988555908,11.493500001961365,0.13349999790079892,11.996899993391708,0,True,on_screen,0.7593817515001096
1787910419580,1263,2341,2584.5452794124144,673.3392139683064,2580.1584222604374,658.1891192070503,1,2,second_file,0.467271061149772,351,11,2.6,0.0010433854623617574,45.16387114450579,39.494930727790276,0.10459999612066895,0.2395999908912927,10.182600002735853,0.12939999578520656,10.559700007434003,0,True,on_screen,0.7593817515001096
1787910419612,1264,2342,2592.350567511803,693.8323864423847,2583.816065835847,668.8820993776505,1,2,second_file,0.4782991717415753,384,11,2.6,0.0010846210756419346,43.77593510267773,39.49072378158142,0.1142999972216785,0.25860000459942967,9.845799999311566,0.11909999011550099,10.231799999019131,0,True,on_screen,0.7593817515001096
1787910419628,1265,2343,2601.4582658087766,711.4044751995318,2589.1087258277257,681.6388121242148,1,2,second_file,0.4896706206877446,400,11,2.4,0.0010979712936667642,45.62708600327366,39.496763959160496,0.10659999679774046,0.23879999935161322,10.055600010673515,0.12340000830590725,10.426200009533204,0,True,on_screen,0.7593817515001096
1787910419661,1266,2344,2607.4448884318126,725.2165166470201,2594.609574608952,694.7121234810563,1,2,second_file,0.5002622448799481,433,11,2.4,0.00111006684693803,44.122191493482276,39.49143096937542,0.2317000034963712,0.37719999090768397,10.504299993044697,0.16250000044237822,11.056000003009103,0,True,on_screen,0.7593817515001096
1787910419692,1267,2345,2610.520339559832,742.1930015654043,2599.3828040942158,708.9563869063606,1,2,second_file,0.5121604717282574,463,11,2.4,0.001121727126493749,42.92296827026639,39.48783001328535,0.11789999553002417,0.28339998971205205,10.232700005872175,0.139000010676682,10.669299997971393,0,True,on_screen,0.7593817515001096
1787910419708,1268,2346,2611.9621351538235,746.9828253869935,2603.156603412098,720.3643184505504,1,2,second_file,0.5209065481902014,480,11,2.4,0.001131139148335434,44.808582938938486,39.49405542665882,0.14609999198000878,0.25409999943803996,10.010200014221482,0.11419999646022916,10.441999998874962,0,True,on_screen,0.7593817515001096
1787910419740,1269,2347,2615.3037962546905,757.1875302391335,2606.8007612648757,731.4112819871253,1,2,second_file,0.5286328530683522,512,11,2.4,0.0011395593854917202,43.43658770222647,39.48881325749739,0.17929999739862978,0.3205999964848161,10.983399988617748,0.16710000636521727,11.48549999925308,0,True,on_screen,0.7593817515001096
1787910419756,1270,2348,2616.07322677306,758.8855246969669,2609.582500917331,739.6535548000777,1,2,second_file,0.5338023786453592,528,11,2.4,0.0011511866624165056,45.34031284152658,39.49566259239253,0.1573999907122925,0.26720001187641174,10.110200004419312,0.10520000068936497,10.49040000361856,0,True,on_screen,0.7593817515001096
1787910419789,1271,2349,2619.4782434731173,771.1032777707114,2612.551223684067,749.0884716912678,1,2,second_file,0.5394721855613562,561,11,2.4,0.0011667553081003042,43.922157881335764,39.49111888783329,0.11619999713730067,0.3462000022409484,10.081899992655963,0.12140000762883574,10.558800000580959,0,True,on_screen,0.7593817515001096
1787910419804,1272,2350,2574.348434206876,809.7942057077868,2601.0903868409096,767.3001918962235,1,2,second_file,0.5743603522831697,575,11,2.4,0.0011458082636184273,45.91470040103733,39.49774320148009,0.1041999930748716,0.23019999207463115,9.87350000650622,0.12740000966005027,10.23860000714194,0,True,on_screen,0.7593817515001096
1787910419836,1273,2351,2469.2967629069644,879.6690295106923,2561.552299660726,801.010843180564,1,2,second_file,0.6652744491017574,608,11,2.4,0.0011645483455615911,44.4267096708035,39.49275273214333,0.12570001126732677,0.30189999961294234,10.34540000546258,0.16630000027362257,10.856299995793961,0,True,on_screen,0.7593817515001096
1787910419868,1274,2352,2395.7123383598605,957.6534566246203,2511.8003112704664,848.0036272137809,1,2,second_file,0.7821701320228368,640,11,2.4,0.0011854821911856696,43.138075556511126,39.48886048795268,0.16289998893626034,0.28639999800361693,9.918999989167787,0.12650000280700624,10.341900007915683,0,True,on_screen,0.7593817515001096
1787910419884,1275,2353,2363.496101270629,994.5017586817896,2467.309048270515,891.9530666541834,1,2,second_file,0.8802408118074554,656,11,2.4,0.00117192988035782,45.066153549034894,39.49453447926964,0.11480000102892518,0.2725000085774809,10.692000010749325,0.1112000027205795,11.084199999459088,0,True,on_screen,0.7593817515001096
1787910419917,1276,2354,2325.982464641807,1037.7376505043208,2424.911073181903,935.6884418092246,1,2,second_file,0.9231100295304021,689,11,2.4,0.0011985112048165103,43.63906702526754,39.4898221634901,0.3260000084992498,0.3133999998681247,10.591500002192333,0.12680000509135425,11.044300001231022,0,True,on_screen,0.7593817515001096
1787910419932,1277,2355,2307.2957396970373,1064.5832794511991,2389.626473136443,974.3568931018169,1,2,second_file,0.867364212144027,703,11,2.4,0.0011988011517279455,45.622029415484434,39.49622983161597,0.12280000373721123,0.27859999681822956,10.477399991941638,0.1669000048423186,10.936300008324906,0,True,on_screen,0.7593817515001096
1787910419964,1278,2356,2274.296320042439,1096.20842420027,2355.027427208242,1010.9123524313527,1,2,second_file,0.7885600005614659,736,11,2.4,0.0012189177341635944,44.17918238968767,39.49158453609871,0.1551999885123223,0.2837999927578494,10.743300008471124,0.17720001051202416,11.213900012080558,0,True,on_screen,0.7593817515001096
1787910419997,1279,2357,2245.0903383055156,1121.4050846529533,2322.046300537424,1044.060172097833,1,2,second_file,0.7106223451854152,769,11,2.4,0.001248809746747119,42.83169680534553,39.48632522635382,0.18859999545384198,0.31430000672116876,11.436199987656437,0.15269999857991934,11.916600007680245,0,True,on_screen,0.7593817515001096
1787910420013,1280,2358,2150.7481729750525,1189.6306853214448,2270.6568622687123,1087.7313260649164,1,2,second_file,0.5972445946295197,785,11,2.4,0.0012287775543387523,44.992033676271774,39.493349433847015,0.28980000934097916,0.32500000088475645,10.639300002367236,0.12620000052265823,11.101199997938238,0,True,on_screen,0.7593817515001096
1787910420044,1281,2359,2002.5498800724667,1258.8459520923632,2190.2247676098386,1139.0657138731503,1,2,second_file,0.4381065104360873,815,11,2.4,0.0012147320353310884,43.633139315310835,39.48895268927674,0.15360000543296337,0.29009999707341194,10.771399989607744,0.15320000238716602,11.228499992284924,0,True,on_screen,0.7593817515001096
1787910420061,1282,2360,1912.9883370047244,1294.6306235103484,2107.0538384283045,1185.7351867643097,1,2,second_file,0.2770438630515759,833,11,2.4,0.001194923725144955,45.43114094936114,39.49462133629995,0.23499999952036887,0.5536999960895628,11.036699987016618,0.13339999713934958,11.74390000232961,0,True,on_screen,0.7593817515001096
1787910420093,1283,2361,1804.4113662239429,1331.999940768053,2016.261096766996,1229.6146129654326,2,2,terminal,0.17067668301450545,0,9,2.6,0.0011903791526594008,44.01926976989696,39.49021177396628,0.16999999934341758,0.3262999962316826,11.310399990179576,0.15159999020397663,11.802900000475347,0,True,on_screen,0.7593817515001096
1787910420108,1284,2362,1741.2576721206117,1353.0968641600741,1933.7600693730806,1266.659288323825,2,2,terminal,0.07891334489830715,15,9,2.6,0.0011834371224152852,45.90072325305011,39.49591778169393,0.149500003317371,0.28700000257231295,12.096200007363223,0.17389999993611127,12.569500002427958,0,True,on_screen,0.7593817515001096
1787910420141,1285,2363,1663.9782388177402,1373.4467197040115,1852.8255202064784,1298.695517737881,2,1,terminal,0.18858717273113157,48,9,2.6,0.0011974903450177737,44.41351393957325,39.491926587566624,0.16129999130498618,0.30679999326821417,11.249499992118217,0.13800000306218863,11.706600009347312,0,True,on_screen,0.7593817515001096
1787910420173,1286,2364,1572.7760085901355,1415.3408126988163,1768.8106667215754,1333.6891062261614,2,1,terminal,0.34902414572284424,80,9,2.6,0.0011921499108164917,43.07196694719054,39.48743788927448,0.15619999612681568,0.35180000122636557,11.048400003346615,0.16060000052675605,11.57279999461025,0,True,on_screen,0.7593817515001096
1787910420189,1287,2365,1545.4031433405107,1420.4462587370945,1701.7884097072558,1359.7162519794413,2,1,terminal,0.4752900408343118,95,9,2.6,0.0012010322969620742,45.14679846089619,39.49409741175477,0.16460000188089907,0.34050000249408185,10.641800006851554,0.1362999901175499,11.129399994388223,0,True,on_screen,0.7593817515001096
1787910420221,1288,2366,1490.6231733258728,1430.3467115982942,1638.4388387928407,1380.905389865097,2,1,terminal,0.5911348380258585,128,9,2.6,0.0012193724111292,43.75951302668217,39.490041427721465,0.13210000179242343,0.417499992181547,10.064000001875684,0.12459998833946884,10.626999996020459,0,True,on_screen,0.7593817515001096
1787910420236,1289,2367,1471.0331813300654,1432.447807472508,1588.2171415540079,1396.3681151473202,2,1,terminal,0.6804932767233591,143,9,2.6,0.0012226077870699202,45.6893681097835,39.49574950648389,0.11520000407472253,0.258100000792183,11.034399998607114,0.12700000661425292,11.428800004068762,0,True,on_screen,0.7593817515001096
1787910420269,1290,2368,1448.5961119821088,1441.5090838934614,1546.330832682438,1409.9104057711625,2,1,terminal,0.7537904011528525,176,9,2.6,0.0012487490400084934,44.20877650142363,39.49046974475766,0.1593000051798299,0.3324999997857958,11.845599990920164,0.1905999961309135,12.384000001475215,0,True,on_screen,0.7593817515001096
1787910420300,1291,2369,1413.153670609341,1445.316467621847,1506.377684060509,1420.5322243263677,2,1,terminal,0.8170746426373161,207,9,2.6,0.0012557861171573516,42.96819627224882,39.48722210077704,0.1472000003559515,0.2778000052785501,10.774599999422207,0.13520001084543765,11.196799998288043,0,True,on_screen,0.7593817515001096
1787910420316,1292,2370,1408.7311094719153,1447.3558873309614,1477.0837116839307,1428.5793232277458,2,1,terminal,0.8578290014439968,223,9,2.6,0.0012589057376825898,44.92943389689596,39.49357031510414,0.1466999965487048,0.26810000417754054,10.504199992283247,0.1134999911300838,10.894399994867854,0,True,on_screen,0.7593817515001096
1787910420348,1293,2371,1402.4561021697245,1445.2414746349857,1454.6954288296688,1433.5779686499177,2,1,terminal,0.8798170106568193,255,9,2.6,0.0012641370822995962,43.542678655436255,39.48796293221892,0.1446999958716333,0.35539999953471124,11.908000000403263,0.26989998877979815,12.546400001156144,0,True,on_screen,0.7593817515001096
1787910420364,1294,2372,1400.0063867078627,1447.206780480667,1438.288716193127,1437.6666121991425,2,1,terminal,0.8898364097076914,271,9,2.6,0.0012679693870393874,45.490402218299174,39.495154354991726,0.11900000390596688,0.3567000094335526,10.558899986790493,0.1390999968862161,11.065099999541417,0,True,on_screen,0.7593817515001096
1787910420396,1295,2373,1401.9619488709393,1451.0397801107667,1427.3906859964707,1441.6785625726297,2,1,terminal,0.8945850470415935,302,9,2.6,0.0012757364300984043,44.065815216618255,39.49081498394703,0.1436000020476058,0.2969000051962212,10.542599993641488,0.1306000049225986,10.981200000969693,0,True,on_screen,0.7593817515001096
1787910420412,1296,2374,1401.2248867516755,1451.4012104675992,1419.540946223032,1444.5953569411204,2,1,terminal,0.8956584261859108,319,9,2.6,0.0012778360607894716,45.900612791282285,39.49711599762,0.10600000678095967,0.3110999969067052,10.250100007397123,0.12190001143608242,10.691100003896281,0,True,on_screen,0.7593817515001096
1787910420445,1297,2375,1399.2401586519784,1450.8682915705251,1413.450709951716,1446.4772373299418,2,1,terminal,0.8944494410586483,351,9,2.6,0.0012793720150310918,44.41355894678574,39.49191606380995,0.1345000055152923,0.3223999956389889,11.22600000235252,0.13670000771526247,11.700299990479834,0,True,on_screen,0.7593817515001096
1787910420476,1298,2376,1400.154251789528,1449.4620888047164,1409.4617725030594,1447.3726927723742,2,1,terminal,0.8925058895338353,383,9,2.4,0.0012814264915532343,43.13494844217771,39.488648986189595,0.11749999248422682,0.261199995293282,9.981900002458133,0.1281000004382804,10.381400003097951,0,True,on_screen,0.7593817515001096
1787910420492,1299,2377,1401.350320936131,1448.0145793914296,1407.0283370329807,1447.5652587580907,2,1,terminal,0.890573326931839,399,9,2.4,0.001283669438379282,45.10424189635536,39.49468174700634,0.10980000661220402,0.2466999867465347,10.201900004176423,0.13689999468624592,10.594099992886186,0,True,on_screen,0.7593817515001096
1787910420525,1300,2378,1402.9538060772713,1447.7237423800154,1405.805977746268,1447.612803844668,2,1,terminal,0.8894790245516103,432,9,2.4,0.0012877914207221237,43.60759064982927,39.48843847186542,0.21430000197142363,0.2801000082399696,11.808599985670298,0.152299995534122,12.252600005012937,0,True,on_screen,0.7593817515001096
1787910420540,1301,2379,1402.1971807250068,1447.6810585496617,1404.7233386398896,1447.633280256166,2,1,terminal,0.888452098298316,447,9,2.4,0.0012886610462729993,45.857921026634166,39.496041927152234,0.10520000068936497,0.29319999157451093,10.422899998957291,0.12579999747686088,10.852000006707385,0,True,on_screen,0.7593817515001096
1787910420572,1302,2380,1401.0455743438497,1448.3862497855785,1403.6200093510774,1447.8591711149897,2,1,terminal,0.8876789847100993,479,9,2.4,0.0012907709089960175,44.41735666881739,39.49196277991648,0.11680000170599669,0.2536000101827085,10.21630001196172,0.12209999840706587,10.601199988741428,0,True,on_screen,0.7593817515001096
1787910420588,1303,2381,1132.2358425674893,1469.7849639295596,1322.204759316001,1454.4369089593606,2,1,terminal,0.7768702784538501,495,9,2.4,0.0012930590669562904,46.21555910331234,39.49792664252167,0.12759999663103372,0.25599999935366213,10.410999995656312,0.11789999553002417,10.79349999781698,0,True,on_screen,0.7593817515001096
1787910420620,1304,2382,856.5284452591816,1488.1379595996093,1182.501865098955,1464.547224151435,2,1,terminal,0.5407960641943033,526,9,2.4,0.0012945719912907001,44.69792561953694,39.492834413155,0.15160000475589186,0.39849999302532524,11.111599989817478,0.1466999965487048,11.670099993352778,0,True,on_screen,0.7593817515001096
1787910420653,1305,2383,687.5627717188585,1492.2881997481097,1034.0201370849259,1472.8695168304375,2,1,terminal,0.28117060019616924,560,9,2.4,0.001303469340612564,43.34628287329379,39.48919547441035,0.1787999935913831,0.36410000757314265,9.981099996366538,0.12460000289138407,10.481200006324798,0,True,on_screen,0.7593817515001096
1787910420668,1306,2384,620.4836796643866,1494.4034145327837,909.9591998587641,1479.3296861411413,2,0,terminal,0.23952964933594223,575,9,2.4,0.001303199728644483,45.38875823092848,39.49571984188137,0.10940000356640667,0.2330999996047467,9.80080000590533,0.10889999975915998,10.150600006454624,0,True,on_screen,0.7593817515001096
1787910420701,1307,2385,526.3388328157076,1494.8460977157035,794.8730897458472,1483.98460961351,2,0,terminal,0.44300623165476005,608,9,2.4,0.0013145388984690913,43.8980588356648,39.4900017119111,0.12910000805277377,0.3141999914078042,10.930200005532242,0.14930000179447234,11.407300000428222,0,True,on_screen,0.7593817515001096
1787910420716,1308,2386,458.6739586277471,1497.2135585804208,694.0133504104172,1487.953294303583,2,0,terminal,0.6213119876313773,623,9,2.4,0.001318610265725901,45.99237010752851,39.497059736902536,0.1286000042455271,0.27129999944008887,10.102999993250705,0.12620000052265823,10.510799998883158,0,True,on_screen,0.7593817515001096
1787910420748,1309,2387,409.8396451271818,1497.0840869699368,608.7612388254465,1490.6925321034892,2,0,terminal,0.7719287461684223,654,9,2.4,0.0013253528711442732,44.52436620752144,39.49277975280612,0.11930000619031489,0.2598999999463558,10.034800012363121,0.12959999730810523,10.442499988130294,0,True,on_screen,0.7593817515001096
1787910420780,1310,2388,368.75965705565466,1495.149695635383,536.7607642945089,1492.0296811630571,2,0,terminal,0.8987390617850339,687,9,2.4,0.0013225653735823052,43.18942810632616,39.48780624480386,0.14930000179447234,0.3609000123105943,10.792200002470054,0.13760000001639128,11.302400002023205,0,True,on_screen,0.7593817515001096
1787910420796,1311,2389,368.40504173574806,1495.575916535846,486.25404752688064,1493.093551774894,2,0,terminal,0.9835394640638937,703,9,2.4,0.001324024716415871,45.121383862245985,39.49370452826104,0.1520000078016892,0.4332999960752204,10.94530000409577,0.17759999900590628,11.593499992159195,0,True,on_screen,0.7593817515001096
1787910420828,1312,2390,373.77389542077157,1492.4379673534088,452.5100018950479,1492.8968764484484,2,0,terminal,0.9498393853116401,735,9,2.4,0.0013195025925713914,43.75327668983128,39.48997119300481,0.12110000534448773,0.33239999902434647,10.361299995565787,0.12579999747686088,10.828599988599308,0,True,on_screen,0.7593817515001096
1787910420844,1313,2391,379.34414498146225,1490.736844650407,430.5602448209722,1492.2488669090358,2,0,terminal,0.9115896834581853,751,9,2.4,0.0013181711325231,45.633539956718806,39.49628091884767,0.10459999612066895,0.2373000024817884,10.126399996806867,0.1221999991685152,10.493299996596761,0,True,on_screen,0.7593817515001096
1787910420877,1314,2392,379.8834484667504,1485.8835314430098,415.3572059147056,1490.339266269228,2,0,terminal,0.8845296677129352,784,9,2.4,0.0013302714453996035,44.12358378199937,39.49049495484445,0.11219999578315765,0.4524999967543408,11.313400013023056,0.1564999984111637,11.934900001506321,0,True,on_screen,0.7593817515001096
1787910420908,1315,2393,348.7946476564358,1480.451468676377,395.3884384372247,1487.3729269913727,2,0,terminal,0.8488644798463594,815,9,2.4,0.001340547830034601,42.908636779194694,39.48749202255531,0.1534000039100647,0.31010000384412706,10.126100009074435,0.14139999984763563,10.59049999457784,0,True,on_screen,0.7593817515001096
1787910420924,1316,2394,349.6609421167208,1478.7663805399186,381.6701895410735,1484.7909630559363,2,0,terminal,0.8242186479230598,831,9,2.4,0.0013442663765242426,44.858451090061905,39.49355842822583,0.10620000830385834,0.2508000034140423,10.198900010436773,0.12000001152046025,10.57859999127686,0,True,on_screen,0.7593817515001096
1787910420956,1317,2395,354.8342483024656,1477.4865118997795,373.6194071694911,1482.5996277090892,2,0,terminal,0.8095638466946327,863,9,2.2,0.0013498397294959795,43.49049330110838,39.487429749672366,0.14879999798722565,0.2992999943671748,12.771399997291155,0.15729998995084316,13.238300001830794,0,True,on_screen,0.7593817515001096
1787910420972,1318,2396,358.6799524352188,1476.2488759865453,369.1375707492094,1480.694402192326,2,0,terminal,0.8011959577623121,878,9,2.2,0.0013512539415278836,45.39715230152449,39.49491841170954,0.12070000229869038,0.27770000451710075,10.653799996362068,0.13110000872984529,11.072199995396659,0,True,on_screen,0.7593817515001096
1787910421005,1319,2397,361.826056152349,1473.5968479896753,366.9441163701512,1478.5651359315307,2,0,terminal,0.7967102166352835,912,9,2.2,0.0013651715077706399,43.93735477659925,39.48995785281516,0.23639999562874436,0.3467999922577292,11.078900002758019,0.1120000088121742,11.547300004167482,0,True,on_screen,0.7593817515001096
1787910421020,1320,2398,358.9818934255964,1474.2326658975894,364.55544948678477,1477.2653949213482,2,0,terminal,0.7921311806927227,927,9,2.2,0.0013676382925974818,45.92894836814742,39.49714507865397,0.1345999917248264,0.24419999681413174,9.789999996428378,0.11639999866019934,10.159199999179691,0,True,on_screen,0.7593817515001096
1787910421054,1321,2399,353.6241430277697,1475.0235663448075,361.27605754908024,1476.5928463483858,2,0,terminal,0.7862171946372026,960,9,2.2,0.0013715427428879455,44.3585530171168,39.490988776955355,0.11720000475179404,0.3073999978369102,11.390100000426173,0.152299995534122,11.861199993290938,0,True,on_screen,0.7593817515001096
1787910421084,1322,2400,355.9034097548194,1472.5293582387148,359.66426321080195,1475.3737999154846,2,0,terminal,0.7830012680096985,991,9,2.2,0.0013785076776791673,43.17855255563527,39.48778004905909,0.11380000796634704,0.2928000030806288,10.979600003338419,0.12329999299254268,11.407799989683554,0,True,on_screen,0.7593817515001096
1787910421100,1323,2401,352.60104753370877,1473.030176744764,357.545298507674,1474.6707129642682,2,0,terminal,0.7790842553651525,1006,9,2.2,0.0013819443453440307,45.10585730270284,39.493971523235246,0.10509999992791563,0.26359999901615083,10.781899996800348,0.1331000094069168,11.18750000023283,0,True,on_screen,0.7593817515001096
1787910421132,1324,2402,349.1460936063662,1471.6744955727247,355.0255370372816,1473.771847746805,2,0,terminal,0.7744023586869047,1039,9,2.2,0.001392829379630981,43.719148929766504,39.489104109513015,0.12709999282378703,0.27820000832434744,11.557900012121536,0.14659999578725547,11.993100008112378,0,True,on_screen,0.7593817515001096
1787910421149,1325,2403,346.6324046115333,1468.4695657433192,352.50759730955707,1472.181163145759,2,0,terminal,0.769464334710733,1055,9,2.2,0.0013895578880738363,45.465762162998146,39.49515021003923,0.1362999901175499,0.3164999943692237,11.182799993548542,0.14370000280905515,11.657099996227771,0,True,on_screen,0.7593817515001096
1787910421180,1326,2404,355.0431518036759,1433.8770649348985,353.2682636577927,1460.6899336825009,2,0,terminal,0.7655842767533845,1087,9,2.0,0.001357113589670958,44.07409845997533,39.49163002910325,0.10980000661220402,0.26590000197757035,10.295500003849156,0.13329999637790024,10.705599997891113,0,True,on_screen,0.7593817515001096
1787910421212,1327,2405,349.17024900350054,1400.6787933451221,352.0388592615051,1442.6865915812873,2,0,terminal,0.7522959338626365,1118,9,2.0,0.0013451807554401805,42.78019782013213,39.48508150434186,0.1306999911321327,0.2967999898828566,13.425700002699159,0.2761000068858266,14.009400008944795,0,True,on_screen,0.7593817515001096
1787910421228,1328,2406,355.04979818233113,1370.5802159559557,352.94214093775287,1421.0546788936877,2,0,terminal,0.7357313859801083,1134,9,2.0,0.0013271539230409225,44.75550011105532,39.49181589892388,0.15460001304745674,0.3370000049471855,12.461199992685579,0.1438000035705045,12.953099998412654,0,True,on_screen,0.7593817515001096
1787910421261,1329,2407,358.7536070568227,1325.2251672195594,354.6855807734738,1392.3058253914492,2,0,terminal,0.7080900484376104,1167,9,2.0,0.0012974537302512766,43.394778240536795,39.488893755194134,0.1841999910539016,0.35740000021178275,10.181999998167157,0.1277999981539324,10.680500010494143,0,True,on_screen,0.7593817515001096
1787910421276,1330,2408,364.80901638797013,1285.7011405307019,357.72261145782267,1360.3244199332248,2,0,terminal,0.6720422811667076,1183,9,2.0,0.0012766290061843148,45.442016047933535,39.49452110533397,0.1075999898603186,0.3116000007139519,11.208700001589023,0.1286999904550612,11.657800001557916,0,True,on_screen,0.7593817515001096
1787910421309,1331,2409,373.9745663577379,1226.5284846552433,362.5981979277972,1320.1856393498304,2,0,terminal,0.6206139255799064,1216,9,2.0,0.0012656458935415317,43.97624358127083,39.489149154708045,0.1320000010309741,0.30559999868273735,12.307299999520183,0.16799999866634607,12.791499990271404,0,True,on_screen,0.7593817515001096
1787910421325,1332,2410,374.95347708123376,1202.0264941403368,366.30478167382813,1284.737895786982,2,0,terminal,0.5699186552406335,1232,9,2.0,0.00125324253845056,45.89761475671919,39.49558532768703,0.15770000754855573,0.31010000384412706,11.877099997946061,0.14699999883305281,12.344200004008599,0,True,on_screen,0.7593817515001096
1787910421357,1333,2411,376.65953069956,1167.3465556309814,369.4112063815477,1249.5204937401818,2,0,terminal,0.516276586667596,1264,9,2.0,0.0012594156043761046,44.43157450724023,39.49147636677744,0.11230001109652221,0.2948000037577003,11.56180001271423,0.13529999705497175,12.00179998704698,0,True,on_screen,0.7593817515001096
1787910421388,1334,2412,376.7236169083992,1133.8999462530512,371.6049295396031,1214.8343294940425,2,0,terminal,0.46104047002220006,1295,9,2.0,0.0012710230348424792,43.129919763657064,39.48772612192713,0.1686000032350421,0.3223000094294548,10.820000010426156,0.1390999968862161,11.292600000160746,0,True,on_screen,0.7593817515001096
1787910421405,1335,2413,374.92827939540086,1111.4635661111554,372.60193449634244,1183.8231004791764,1,0,sidebar,0.46388280146933913,0,7,2.2,0.0012839341742745432,44.861451751724864,39.49302413748451,0.182100004167296,0.301199994282797,11.373300003469922,0.18810000619851053,11.875399999553338,0,True,on_screen,0.7593817515001096
1787910421437,1336,2414,374.645842009629,1086.0614245406146,373.2151067503284,1154.4945976976078,1,0,sidebar,0.5124185343409611,32,7,2.2,0.001283058088559233,43.52891572375383,39.48881625931039,0.13040000339969993,0.31210000452119857,11.530400006449781,0.142700009746477,11.999999987892807,0,True,on_screen,0.7593817515001096
1787910421453,1337,2415,373.71055872089033,1065.594354235149,373.36374234149696,1127.8245246588701,1,0,sidebar,0.555603252656512,48,7,2.2,0.0012886813148060075,45.40352729926616,39.49501351904763,0.1210999907925725,0.29379999614320695,11.208299998543225,0.15559999155811965,11.669400002574548,0,True,on_screen,0.7593817515001096
1787910421484,1338,2416,370.199690644877,1040.6695011863726,372.414526832511,1101.6780176171208,1,0,sidebar,0.5961767576408878,78,7,2.2,0.0013017020346600718,44.02464009784744,39.490402379117235,0.12110000534448773,0.27040000713896006,12.059000000590459,0.1593000051798299,12.50110000546556,0,True,on_screen,0.7593817515001096
1787910421516,1339,2417,396.23895085730834,1032.5132938993804,379.56185403995016,1080.9286005017987,1,0,sidebar,0.6344117849861297,111,7,2.2,0.0012673309067467373,42.74708820002474,39.48661228628235,0.1534000039100647,0.32900000223889947,11.230400006752461,0.12620000052265823,11.697399997501634,0,True,on_screen,0.7593817515001096
1787910421532,1340,2418,810.3810682891145,1013.3109956626058,508.8076183146995,1060.6433190500409,1,0,sidebar,0.7116702126802307,127,7,2.2,0.0012284789504077472,44.66747533969722,39.49314413881046,0.11300000187475234,0.28560000646393746,10.32530001248233,0.13210000179242343,10.752899994258769,0,True,on_screen,0.7593817515001096
1787910421564,1341,2419,2161.699549198135,956.6132968150943,1004.6751975797301,1029.4343123795568,1,1,main_file,0.1976530119632408,0,11,2.4,0.0011513754198147971,43.32883636387999,39.48836549096662,0.10879999899771065,0.40100001206155866,10.947000002488494,0.15029999485705048,11.517599996295758,0,True,on_screen,0.7593817515001096
1787910421581,1342,2420,2458.5770039692393,963.999317469164,1440.8457394965828,1009.803813906439,1,1,main_file,0.8060078960278396,17,11,2.4,0.0011134331588822897,45.221401119687314,39.49346033746965,0.14029999147169292,0.33560000883881,12.29070000408683,0.2314000012120232,12.872700011939742,0,True,on_screen,0.7593817515001096
1787910421613,1343,2421,2700.5830380508337,996.040496863562,1818.766929062858,1005.6748187935758,1,1,main_file,0.3052911901680946,49,11,2.4,0.0010767114209337438,43.81747888261104,39.49031254758562,0.12080000306013972,0.3029000072274357,10.572899991529994,0.12329999299254268,11.009999987436458,0,True,on_screen,0.7593817515001096
1787910421628,1344,2422,2734.8306597010514,1033.5829537509314,2093.5860482543158,1014.0472592807826,1,2,second_file,0.4223895299603265,0,12,2.4,0.0010486181746553434,45.784897034556785,39.49679246906685,0.13410000246949494,0.2506000018911436,10.126599998329766,0.13479999324772507,10.520499999984168,0,True,on_screen,0.7593817515001096
1787910421660,1345,2423,2757.8932681930464,1072.4999476181235,2292.8782142359346,1031.5830657819847,1,2,second_file,0.7002436477029872,32,12,2.4,0.0010495226594607818,44.31771756589318,39.490444059806734,0.1604999997653067,0.4622999986167997,12.898999993922189,0.18540000019129366,13.560100007453002,0,True,on_screen,0.7593817515001096
1787910421692,1346,2424,2762.1067825199952,1116.5389260973197,2433.6467847211525,1057.0698238765851,1,2,second_file,0.7162151884405615,63,12,2.2,0.0010258327457455946,43.04770121620558,39.48834064305181,0.13719999697059393,0.2860999957192689,10.099799997988157,0.12749999586958438,10.524299999815412,0,True,on_screen,0.7593817515001096
1787910421708,1347,2425,2761.6868898736857,1140.5972513519798,2532.0588162669123,1082.1280521192034,1,2,second_file,0.6025590664785127,79,12,2.2,0.0010097230431891195,44.93193076800203,39.49377244037194,0.13269999180920422,0.294400000711903,10.794500005431473,0.14600000577047467,11.244300010730512,0,True,on_screen,0.7593817515001096
1787910421740,1348,2426,2774.1490273938475,1171.2505215054136,2604.685879604993,1108.8647929350664,1,2,second_file,0.48335806801541736,111,12,2.2,0.0010074221453999221,43.570578805393964,39.4898062876176,0.10699999984353781,0.265800001216121,10.385100002167746,0.14039999223314226,10.804099991219118,0,True,on_screen,0.7593817515001096
1787910421756,1349,2427,2841.860172062115,1195.1168546069764,2675.8381673421295,1134.7404114366393,1,2,second_file,0.36011238081882,128,12,2.2,0.0009748400190329812,45.38114460087638,39.49454371975083,0.18900001305155456,0.36700000055134296,12.002699993900023,0.155699992319569,12.541599993710406,0,True,on_screen,0.7593817515001096
1787910421788,1350,2428,2914.7276384230777,1239.4086967881342,2747.5050086664137,1166.1408970420878,1,2,second_file,0.22671253984974726,160,12,2.0,0.0009466895628780919,43.98478946442828,39.49123770271507,0.13359999866224825,0.3164999943692237,10.699599995859899,0.14899999951012433,11.178700005984865,0,True,on_screen,0.7593817515001096
1787910421820,1351,2429,2951.5879360835424,1281.1373192375047,2808.7298868915523,1200.639823700713,2,2,terminal,0.10495078634891108,0,10,2.2,0.0009439997139435718,42.690367830709825,39.486636658991166,0.13800000306218863,0.2798999921651557,10.971399999107234,0.1880000054370612,11.451700003817677,0,True,on_screen,0.7593817515001096
1787910421836,1352,2430,2956.4394905076997,1307.4847392804038,2853.042767976396,1232.69329837462,2,2,terminal,0.07069384354410702,16,10,2.2,0.000941964666883819,44.77869096416548,39.49261423429905,0.11449999874457717,0.27859999681822956,11.265799999819137,0.17680000746622682,11.732600003597327,0,True,on_screen,0.7593817515001096
1787910421868,1353,2431,2965.2491721881233,1371.7262298565936,2886.704689239914,1274.403177819212,-1,-1,off_screen,0.0,0,13,2.4,0.0008982933263735164,43.39673959100055,39.488661821628114,0.15969999367371202,0.3130999975837767,10.44759999786038,0.14090001059230417,10.91430000087712,0,True,gaze_outside_screen,0.7593817515001096
1787910421885,1354,2432,2965.0632132541623,1389.6718246470102,2910.212246444188,1308.9837718675515,-1,-1,off_screen,0.0,16,13,2.4,0.000919407087670205,45.27945378235643,39.49410731273829,0.12870000500697643,0.2970999921672046,11.227599999983795,0.13849999231752008,11.675200003082864,0,True,gaze_outside_screen,0.7593817515001096
1787910421916,1355,2433,2962.996340292253,1448.5021107212995,2926.0474745986076,1350.8392735236757,-1,-1,off_screen,0.0,47,13,2.4,0.0008814755135027989,43.90378545064166,39.490038722133434,0.1331000094069168,0.2978999982587993,11.112399995909072,0.1939999929163605,11.61949998640921,0,True,gaze_outside_screen,0.7593817515001096
1787910421932,1356,2434,2965.247154431336,1458.9864696529241,2937.8073785484257,1383.2834323624502,-1,-1,off_screen,0.0,63,13,2.4,0.0008893360682212421,45.69189095755068,39.49551460766785,0.1858999894466251,0.3943999909097329,11.638199997832999,0.1621999981580302,12.211500012199394,0,True,gaze_outside_screen,0.7593817515001096
1787910421964,1357,2435,2970.984604679654,1473.0499501865638,2947.760546387794,1410.2133877096842,-1,-1,off_screen,0.0,95,13,2.4,0.0008893772848575614,44.25665320944637,39.491444519934106,0.11140000424347818,0.26729999808594584,11.56680000713095,0.13179999950807542,11.975999994319864,0,True,gaze_outside_screen,0.7593817515001096
1787910421996,1358,2436,2969.092503036682,1487.0543255075359,2954.16013338246,1433.2656690490396,-1,-1,off_screen,0.0,128,13,2.4,0.0009034144926051875,42.953704402487716,39.48815127626341,0.1517999917268753,0.2852999896276742,10.003000003052875,0.12119999155402184,10.418799996841699,0,True,gaze_outside_screen,0.7593817515001096
1787910422013,1359,2437,2967.629800270045,1496.9238788252271,2958.2010334487354,1452.3631319818958,-1,-1,off_screen,0.0,144,13,2.4,0.0008996831376476278,44.828050524531854,39.49317112185618,0.19880000036209822,0.33480000274721533,11.159500005305745,0.18180000188294798,11.69060000393074,0,True,gaze_outside_screen,0.7593817515001096
1787910422044,1360,2438,2967.216600723385,1517.1492240364205,2960.90570363113,1471.798959598253,-1,-1,off_screen,0.0,175,13,2.4,0.0009017465507569176,43.49129450723835,39.48984958445505,0.1311999949393794,0.26699999580159783,10.013799997977912,0.126499988255091,10.41780000377912,0,True,gaze_outside_screen,0.7593817515001096
1787910422060,1361,2439,2968.099091342613,1520.8379315834204,2963.063719944575,1486.5106511938034,-1,-1,off_screen,0.0,191,13,2.4,0.0009116887654731821,45.37048272354137,39.49579534871865,0.12070000229869038,0.25579999783076346,10.001900009228848,0.119399992399849,10.387300004367717,0,True,gaze_outside_screen,0.7593817515001096
1787910422092,1362,2440,2966.5918365143584,1538.502805927612,2964.12215491551,1502.1082976139458,-1,-1,off_screen,0.0,223,13,2.4,0.0008975535880056847,43.964255821726326,39.49099327216807,0.1449999981559813,0.2888000017264858,10.852499995962717,0.12409999908413738,11.27799999085255,0,True,gaze_outside_screen,0.7593817515001096
1787910422125,1363,2441,2962.994466789324,1545.7978371204024,2963.783848477654,1515.2151594658826,-1,-1,off_screen,0.0,256,13,2.2,0.0009111863960556583,42.670106068960685,39.48681715947231,0.14319999900180846,0.3618000046117231,10.394900004030205,0.1289000065298751,10.902900001383387,0,True,gaze_outside_screen,0.7593817515001096
1787910422140,1364,2442,2964.1428287688827,1557.9944504972536,2963.8915425650225,1528.0489467752939,-1,-1,off_screen,0.0,272,13,2.2,0.0009142255399424495,44.7770692559248,39.49337669954149,0.16660000255797058,0.32759999157860875,9.814799996092916,0.11229999654460698,10.268400001223199,0,True,gaze_outside_screen,0.7593817515001096
1787910422172,1365,2443,2964.6047008566625,1589.197303140581,2964.105490052514,1546.39345368488,-1,-1,off_screen,0.0,303,13,2.2,0.0009091470768427708,43.41730797783367,39.48872935090501,0.17329999536741525,0.458099995739758,10.216499998932704,0.11069999891333282,10.79570000001695,0,True,gaze_outside_screen,0.7593817515001096
1787910422188,1366,2444,2966.892787428529,1594.2493318649842,2964.9416792653183,1560.750217138911,-1,-1,off_screen,0.0,319,13,2.2,0.0009015752000056561,45.36528093284848,39.49464035026176,0.1297999988310039,0.2623000036692247,10.523500008275732,0.16250000044237822,10.957699996652082,0,True,gaze_outside_screen,0.7593817515001096
1787910422220,1367,2445,2971.626917692772,1588.985537659795,2966.9472507935543,1569.220813295176,-1,-1,off_screen,0.0,351,13,2.2,0.0009083648950841162,43.950241166210375,39.49010830850778,0.13179999950807542,0.2741999924182892,10.936299993772991,0.12569999671541154,11.346100000082515,0,True,gaze_outside_screen,0.7593817515001096
1787910422236,1368,2446,2970.924099616741,1597.285249219626,2968.14030544051,1577.6401440725108,-1,-1,off_screen,0.0,368,13,2.2,0.0009116965626886665,45.8027180459356,39.496815415855565,0.10089999705087394,0.2246999938506633,9.793599994736724,0.11920000542886555,10.144100000616163,0,True,gaze_outside_screen,0.7593817515001096
1787910422268,1369,2447,2975.5721644838786,1605.3997318231218,2970.3698631535203,1585.9680203976939,-1,-1,off_screen,0.0,399,13,2.2,0.0009145724076471511,44.34420741438003,39.49164794978339,0.16110000433400273,0.2708999963942915,11.107199999969453,0.14659999578725547,11.536299993167631,0,True,gaze_outside_screen,0.7593817515001096
1787910422300,1370,2448,2982.2371752619542,1600.946760196428,2973.9300567860505,1590.461642337314,-1,-1,off_screen,0.0,431,13,2.2,0.000921846574222257,43.023295877685705,39.48797472366575,0.1571000029798597,0.27829999453388155,10.098300001118332,0.11860000086016953,10.506199992960319,0,True,gaze_outside_screen,0.7593817515001096
1787910422316,1371,2449,2984.4581651746016,1603.1145891746478,2977.0884893026155,1594.2575263885142,-1,-1,off_screen,0.0,447,13,2.2,0.0009178820390897229,45.02864210251902,39.493781258239494,0.11500000255182385,0.24930000654421747,10.482400000910275,0.11819999781437218,10.858399997232482,0,True,gaze_outside_screen,0.7593817515001096
1787910422348,1372,2450,2977.5673959758924,1614.0523559677013,2977.2321613045983,1600.1959752622702,-1,-1,off_screen,0.0,480,13,2.2,0.0009031437378342368,43.64887475561076,39.489606984199824,0.10859999747481197,0.2604000037536025,10.30089998675976,0.14010000450070947,10.716700009652413,0,True,gaze_outside_screen,0.7593817515001096
1787910422365,1373,2451,2975.4311086827565,1616.841812578446,2976.6918455180457,1605.189726457123,-1,-1,off_screen,0.0,496,13,2.2,0.0008913248298953527,45.398175865037814,39.49446619202346,0.18590000399854034,0.4250000056345016,11.451899990788661,0.15589999384246767,12.04840000718832,0,True,gaze_outside_screen,0.7593817515001096
1787910422396,1374,2452,2972.3827987197346,1615.1067453222981,2975.3991314785526,1608.1648321166754,-1,-1,off_screen,0.0,527,13,2.2,0.0008667468610689712,44.00957244112681,39.49054516787387,0.17749999824445695,0.3102000046055764,11.333100002957508,0.14139999984763563,11.798699997598305,0,True,gaze_outside_screen,0.7593817515001096
1787910422428,1375,2453,2969.772553679148,1610.482500094127,2973.711158138731,1608.8601325099107,-1,-1,off_screen,0.0,559,13,2.2,0.0008732405307493099,42.75798343390773,39.4872317826749,0.14180000289343297,0.3062000032514334,10.138100013136864,0.1252000074600801,10.580900008790195,0,True,gaze_outside_screen,0.7593817515001096
1787910422444,1376,2454,2966.4357726375133,1617.0265707342073,2971.5285424883655,1611.3100639771997,-1,-1,off_screen,0.0,575,13,2.2,0.0008501728503568888,44.70310230049998,39.49253839099961,0.09519999730400741,0.2499999973224476,11.041899997508153,0.1787999935913831,11.48030000331346,0,True,gaze_outside_screen,0.7593817515001096
1787910422477,1377,2455,2961.4083793152454,1617.4393131373142,2968.4924935364293,1613.1488387252339,-1,-1,off_screen,0.0,608,13,2.0,0.0008475471828923858,43.27855465316853,39.48738629971215,0.21490000654011965,0.3505000058794394,11.534100005519576,0.1770999951986596,12.079599997377954,0,True,gaze_outside_screen,0.7593817515001096
1787910422493,1378,2456,2961.158636803752,1614.8850523460183,2966.292336516626,1613.669702811469,-1,-1,off_screen,0.0,625,13,2.0,0.0008518257692355403,45.39848502179095,39.49464752407057,0.10869999823626131,0.3763999993680045,9.943600001861341,0.12739999510813504,10.459800003445707,0,True,gaze_outside_screen,0.7593817515001096
1787910422525,1379,2457,2958.535185680778,1613.4268390318398,2963.965191265872,1613.5968436775802,-1,-1,off_screen,0.0,657,13,2.0,0.0008464419121629631,43.980095613823764,39.489670091357276,0.11560000712051988,0.3694000042742118,11.07209999463521,0.13339999713934958,11.58469999791123,0,True,gaze_outside_screen,0.7593817515001096
1787910422541,1380,2458,2958.635116583376,1612.6566139111924,2962.3661688611232,1613.3147747476637,-1,-1,off_screen,0.0,672,13,2.0,0.000845847838789434,45.76068462284971,39.4952880747469,0.15180000627879053,0.27180000324733555,11.445399999502115,0.142400007462129,11.869099995237775,0,True,gaze_outside_screen,0.7593817515001096
1787910422573,1381,2459,2957.208928356728,1609.0577702112407,2960.8189967098047,1612.0376733867365,-1,-1,off_screen,0.0,704,13,2.0,0.0008429162412385734,44.33137798581378,39.49192766207879,0.14899999951012433,0.3020000003743917,10.26369999453891,0.13190000026952475,10.707599998568185,0,True,gaze_outside_screen,0.7593817515001096
1787910422605,1382,2460,2955.8321585209433,1609.250822014617,2959.322945253146,1611.2016179751006,-1,-1,off_screen,0.0,736,13,2.0,0.0008472091997300084,43.026965324871455,39.48755763672112,0.12510000669863075,0.3961000038543716,10.434700001496822,0.11989999620709568,10.96099999267608,0,True,gaze_outside_screen,0.7593817515001096
1787910422620,1383,2461,2954.346430761661,1613.9468552393434,2957.8299909057005,1612.0251891543733,-1,-1,off_screen,0.0,751,13,2.0,0.0008422870339900614,45.064498181434445,39.49352495794608,0.10970000585075468,0.2386999985901639,10.681200001272373,0.16750000941101462,11.09649999125395,0,True,gaze_outside_screen,0.7593817515001096
1787910422652,1384,2462,2941.3219255830054,1610.7634044592637,2952.8775713088917,1611.6466537458405,-1,-1,off_screen,0.0,783,13,2.0,0.000841876635126939,43.684249997027116,39.48902383656101,0.15070001245476305,0.2914000069722533,11.100499992608093,0.1314999972237274,11.534899997059256,0,True,gaze_outside_screen,0.7593817515001096
1787910422668,1385,2463,2934.3846561660125,1609.86995751964,2947.3296967660276,1611.1136448779803,-1,-1,off_screen,0.0,799,13,2.0,0.0008424461785548031,45.522417641278196,39.49539553762647,0.12009999772999436,0.25409999943803996,10.311199992429465,0.11039999662898481,10.684199995012023,0,True,gaze_outside_screen,0.7593817515001096
1787910422701,1386,2464,2928.456403353407,1607.6171052370019,2941.6677087422413,1610.0646829856867,-1,-1,off_screen,0.0,832,13,2.0,0.0008431504273731412,44.08128283980559,39.491404244691005,0.13070000568404794,0.2832000027410686,9.765099996002391,0.10879999899771065,10.165899991989136,0,True,gaze_outside_screen,0.7593817515001096
1787910422732,1387,2465,2923.7474511281953,1606.1609758785655,2936.2916314580275,1608.8935708535503,-1,-1,off_screen,0.0,864,13,2.0,0.0008433799883260269,42.82958072424315,39.48689469932692,0.15350000467151403,0.3031999949598685,10.50309999845922,0.11619999713730067,10.934899997664616,0,True,gaze_outside_screen,0.7593817515001096
1787910422748,1388,2466,2923.105172810293,1605.9681324680023,2932.335693863707,1608.0159393378858,-1,-1,off_screen,0.0,879,13,2.0,0.0008448385653361257,44.80107895045951,39.49281754248427,0.1531000016257167,0.26790000265464187,10.499299998627976,0.12849998893216252,10.90539999131579,0,True,gaze_outside_screen,0.7593817515001096
1787910422780,1389,2467,2920.6375605422845,1596.0566061913614,2928.8262538672802,1604.4281393939284,-1,-1,off_screen,0.0,911,13,2.0,0.0008627575604117817,43.42061211776365,39.48818232029734,0.14039999223314226,0.28219999512657523,10.860199996386655,0.14200000441633165,11.297200006083585,0,True,gaze_outside_screen,0.7593817515001096
1787910422796,1390,2468,2917.371760693515,1592.6444739049678,2925.3899059151504,1600.89303974724,-1,-1,off_screen,0.0,927,13,2.0,0.0008580421394436336,45.32898061934405,39.49389002396728,0.20850000146310776,0.29939999512862414,11.128700003609993,0.14449999434873462,11.5897999930894,0,True,gaze_outside_screen,0.7593817515001096
1787910422829,1391,2469,2914.064832849301,1579.057350986773,2921.9923839953954,1594.3423331190997,-1,-1,off_screen,0.0,960,13,2.0,0.0009071462305147472,43.918028903886295,39.489491434475504,0.14509999891743064,0.31680001120548695,11.350800006766804,0.152900000102818,11.842499996419065,0,True,gaze_outside_screen,0.7593817515001096
1787910422845,1392,2470,2913.354596706258,1581.22297653485,2919.401047808654,1590.4065261438245,-1,-1,off_screen,0.0,976,13,2.0,0.0008978877834664271,45.694876931576175,39.4958545726662,0.1294999965466559,0.27380000392440706,10.449199995491654,0.14139999984763563,10.877499997150153,0,True,gaze_outside_screen,0.7593817515001096
1787910422877,1393,2471,2912.909894149783,1570.6313532398215,2917.4537017109924,1584.4739742726235,-1,-1,off_screen,0.0,1009,13,2.0,0.0009077350485323203,44.272309505170035,39.49185587712077,0.1238999975612387,0.295000005280599,10.329500000807457,0.11690000246744603,10.75420000415761,0,True,gaze_outside_screen,0.7593817515001096
1787910422908,1394,2472,2911.157046561839,1574.0642308961935,2915.5647051662463,1581.3510512596945,-1,-1,off_screen,0.0,1039,13,2.0,0.0008896505437019746,42.98229408727752,39.48681056106097,0.12599999899975955,0.31709999893791974,11.69349999690894,0.1508999994257465,12.198500000522472,0,True,gaze_outside_screen,0.7593817515001096
1787910422924,1395,2473,2908.6798609022526,1575.115573640454,2913.499251887048,1579.4804079739222,-1,-1,off_screen,0.0,1055,13,2.0,0.0008895491935354827,44.97313553000435,39.49381885483157,0.15049999637994915,0.2953999937744811,10.08170000568498,0.12070000229869038,10.509100000490434,0,True,gaze_outside_screen,0.7593817515001096
1787910422956,1396,2474,2907.5477144104116,1567.3009714908342,2911.713790644057,1575.8265770289956,-1,-1,off_screen,0.0,1088,13,1.8,0.0008938663046363926,43.59262090053537,39.489284225181734,0.11069999891333282,0.27630000840872526,10.532500004046597,0.1188000023830682,10.938600011286326,0,True,gaze_outside_screen,0.7593817515001096
1787910422973,1397,2475,2906.4458614517994,1564.4867292354218,2910.1334118863797,1572.4246226909236,-1,-1,off_screen,0.0,1105,13,1.8,0.0009005344145729087,45.415395048098176,39.49354221862954,0.112599998828955,0.24700000358279794,12.873300001956522,0.19609999435488135,13.328999993973412,0,True,gaze_outside_screen,0.7593817515001096
1787910423004,1398,2476,2902.3602607049797,1563.1421340251648,2907.8014665319597,1569.639876091196,-1,-1,off_screen,0.0,1135,13,1.8,0.0008888476269979483,44.024593131438984,39.4906980370511,0.1568000006955117,0.3530999965732917,10.929299998679198,0.1294999965466559,11.426299999584444,0,True,gaze_outside_screen,0.7593817515001096
1787910423036,1399,2477,2894.245859141461,1558.145651243472,2903.73478431481,1566.1916086368788,-1,-1,off_screen,0.0,1167,13,1.8,0.0008848251752196605,42.768786723275134,39.487108468182264,0.1618999958736822,0.30139999580569565,10.2199999964796,0.13660000695381314,10.670700008631684,0,True,gaze_outside_screen,0.7593817515001096
1787910423052,1400,2478,2890.0570705914542,1552.0664802585989,2899.631470197803,1561.9540701233948,-1,-1,off_screen,0.0,1184,13,1.8,0.000899921948551468,44.645110485542666,39.49257944950268,0.1360000023851171,0.29150000773370266,10.608600001432933,0.13809998927172273,11.050000000977889,0,True,gaze_outside_screen,0.7593817515001096
1787910423084,1401,2479,2888.077240543581,1549.906409280298,2896.1652013015364,1558.3397718704657,-1,-1,off_screen,0.0,1216,13,1.8,0.0009006914198117395,43.31679172222048,39.48842353855163,0.17540001135785133,0.31310001213569194,10.623399997712113,0.14150000060908496,11.091899999883026,0,True,gaze_outside_screen,0.7593817515001096
1787910423100,1402,2480,2887.364033538773,1550.714839613841,2893.524850972707,1556.052292193478,-1,-1,off_screen,0.0,1231,13,1.8,0.0008985658815834456,45.21164630218376,39.4942240987139,0.15490000077988952,0.28500000189524144,10.709900001529604,0.12250000145286322,11.131299994303845,0,True,gaze_outside_screen,0.7593817515001096
1787910423132,1403,2481,2886.6334403905953,1545.181660198608,2891.4574277980737,1552.7911025950168,-1,-1,off_screen,0.0,1263,13,1.8,0.0008983003415600072,43.79410546341877,39.49001798113935,0.14899999951012433,0.3294000052846968,10.458100005052984,0.1235999952768907,10.922000001301058,0,True,gaze_outside_screen,0.7593817515001096
1787910423148,1404,2482,2883.7016854224144,1542.2334956522752,2889.1307050853757,1549.6238205121945,-1,-1,off_screen,0.0,1279,13,1.8,0.000910418728840675,45.71938813304799,39.49567008189296,0.11019999510608613,0.2708000101847574,10.941400003503077,0.1655999949434772,11.389400009647943,0,True,gaze_outside_screen,0.7593817515001096
1787910423180,1405,2483,2879.464297172981,1545.0989049473321,2886.2307827116574,1548.2663458427355,-1,-1,off_screen,0.0,1312,13,1.8,0.000903200045093977,44.26220954480166,39.49149390994737,0.12620000052265823,0.2820999943651259,10.817400005180389,0.1385000068694353,11.25139999203384,0,True,gaze_outside_screen,0.7593817515001096
1787910423213,1406,2484,2877.6620420622194,1528.871397219981,2883.6601605168257,1542.4478612559092,-1,-1,off_screen,0.0,1345,13,1.8,0.0009321856153165116,42.921027692719946,39.48674988962892,0.12790001346729696,0.2989999920828268,11.261799998464994,0.14199998986441642,11.715999993612058,0,True,gaze_outside_screen,0.7593817515001096
1787910423228,1407,2485,2875.391460369384,1524.7702521843803,2881.1795504725933,1537.1445785344504,-1,-1,off_screen,0.0,1359,13,1.8,0.0009515414753767416,45.033146588693526,39.49313195364511,0.13800000306218863,0.29680000443477184,10.810100007802248,0.13770000077784061,11.256199999479577,0,True,gaze_outside_screen,0.7593817515001096
1787910423261,1408,2486,2872.286967909126,1533.1953854715218,2878.5117757035528,1535.9598206155717,2,2,terminal,0.1522471722200145,0,11,1.8,0.0009289549335828214,43.63998096759919,39.48823639560905,0.1579000090714544,0.31459999445360154,11.719999994966201,0.1804999919841066,12.228199993842281,0,True,on_screen,0.7593817515001096
1787910423277,1409,2487,2868.1543228944624,1531.9846049414816,2875.4045398608255,1534.7672559133446,2,2,terminal,0.15787736494498916,16,11,1.8,0.0009259251903355158,45.56869465552588,39.49500966022179,0.12660000356845558,0.2865999995265156,10.446400003274903,0.11549999180715531,10.86300000315532,0,True,on_screen,0.7593817515001096
1787910423308,1410,2488,2863.1804438921304,1526.4458587130912,2871.737311070217,1532.2708367532684,2,2,terminal,0.164651317951086,47,11,1.8,0.0009281520247843532,44.14060906268809,39.490125717857154,0.13660000695381314,0.28310000197961926,11.578299992834218,0.13679999392479658,12.008999998215586,0,True,on_screen,0.7593817515001096
1787910423340,1411,2489,2863.8661323380393,1524.5001915895748,2869.3759574505634,1529.9396432041603,2,2,terminal,0.16908558623153325,78,11,1.8,0.0009374083890559305,42.867014955430705,39.48652509639114,0.12549999519251287,0.3507999936118722,10.731000002124347,0.1416000013705343,11.23659999575466,0,True,on_screen,0.7593817515001096
1787910423356,1412,2490,2863.6864204240796,1528.994286509794,2867.669096342618,1529.6560361958504,2,2,terminal,0.1721267561666887,95,11,1.8,0.0009301770809967934,44.77057741265358,39.491862049178195,0.15180000627879053,0.27979999140370637,11.449300000094809,0.14319999900180846,11.885400002938695,0,True,on_screen,0.7593817515001096
1787910423388,1413,2491,2863.5002550926956,1526.5871309065146,2866.418443967641,1528.7353646090496,2,2,terminal,0.1744334105163332,127,11,1.8,0.0009497892091331721,43.429829990385784,39.48858819273707,0.1362000039080158,0.28480000037234277,10.12970000738278,0.1264000020455569,10.551799990935251,0,True,on_screen,0.7593817515001096
1787910423404,1414,2492,2863.177581039468,1529.9283688593057,2865.446185089189,1529.0932658841264,2,2,terminal,0.17610860371206027,143,11,1.6,0.0009330452673499169,45.376273837371926,39.494132400176376,0.11249999806750566,0.24619999749120325,10.714400006690994,0.1478000049246475,11.116900001070462,0,True,on_screen,0.7593817515001096
1787910423437,1415,2493,2862.6991944082583,1527.4890276406632,2864.6220878849094,1528.6119944110874,2,2,terminal,0.1776143629652961,176,11,1.6,0.0009459743180498838,43.938345162746046,39.48943815534357,0.15160000475589186,0.3981999907409772,11.07130000309553,0.1942000089911744,11.679999995976686,0,True,on_screen,0.7593817515001096
1787910423452,1416,2494,2863.501969053789,1527.0227837606733,2864.286052235573,1528.1352312159631,2,2,terminal,0.1782582793353712,190,11,1.6,0.0009335399284183497,45.825523146339954,39.495164571682714,0.10889999975915998,0.3004000027431175,11.488600008306094,0.1264000020455569,11.924999998882413,0,True,on_screen,0.7593817515001096
1787910423484,1417,2495,2864.1462171008548,1520.7553370221362,2864.2441016951575,1525.9212629578149,2,2,terminal,0.1785595881091766,223,11,1.6,0.0009470148429039336,44.39099072718561,39.4920349899636,0.1238999975612387,0.24739999207668006,10.108400005265139,0.11999999696854502,10.484500002348796,0,True,on_screen,0.7593817515001096
1787910423517,1418,2496,2864.662296081191,1520.56274411395,2864.3695600109672,1524.3137073046555,2,2,terminal,0.1784916801626204,256,11,1.6,0.0009267236727070437,43.04953558604217,39.48703637668863,0.18050000653602183,0.3264999977545813,11.047200008761138,0.1357000001007691,11.524300003657117,0,True,on_screen,0.7593817515001096
1787910423532,1419,2497,2863.8802577884476,1521.0605637205895,2864.222769344211,1523.3377642294358,2,2,terminal,0.17883902940526852,271,11,1.6,0.0009308716379113936,45.10582425191028,39.49362060985376,0.10829999519046396,0.23829999554436654,10.218800001894124,0.1221999991685152,10.586400007014163,0,True,on_screen,0.7593817515001096
1787910423564,1420,2498,2864.0718740811744,1526.146772670457,2864.1775007652996,1524.180466761742,2,2,terminal,0.17884279913549217,302,11,1.6,0.0009195423438723427,43.725210652420515,39.48962926533958,0.12399999832268804,0.23990000772755593,9.986000004573725,0.115999995614402,10.350700002163649,0,True,on_screen,0.7593817515001096
1787910423580,1421,2499,2863.4821546884264,1522.2773071562976,2863.9688969422373,1523.6095188801087,2,2,terminal,0.1792627117322244,319,11,1.6,0.0009334127897165263,45.51373942953046,39.495185592192485,0.1002000062726438,0.24819999816827476,10.152100003324449,0.12930000957567245,10.540000002947636,0,True,on_screen,0.7593817515001096
1787910423613,1422,2500,2866.432959793902,1524.1323670358715,2864.7081157977364,1523.7663733268375,2,2,terminal,0.1779443388952242,351,11,1.6,0.0009230598810359668,44.06883346307609,39.49012841960375,0.19150000298395753,0.29409999842755497,11.330399996950291,0.13869999384041876,11.774899990996346,0,True,on_screen,0.7593817515001096
1787910423628,1423,2501,2865.586061004271,1523.376780303016,2864.9714993596967,1523.649495419691,2,2,terminal,0.17749015038320848,367,11,1.6,0.0009193677731233092,46.019107958054214,39.496982351584464,0.10699999984353781,0.23740000324323773,10.015699997893535,0.11610001092776656,10.37709999945946,0,True,on_screen,0.7593817515001096
1787910423661,1424,2502,2864.4098160336334,1519.765768408321,2864.8029943618776,1522.48437731628,2,2,terminal,0.1778894833447907,400,11,1.6,0.0009290844175886027,44.51558971725219,39.492479587744924,0.16450000111944973,0.27609999233391136,10.236200003419071,0.12149999383836985,10.64320000295993,0,True,on_screen,0.7593817515001096
1787910423692,1425,2503,2863.803002595011,1519.7417643175443,2864.5029968318177,1521.6615934166591,2,2,terminal,0.17848785421938562,430,11,1.6,0.000924502233768467,43.21730179077809,39.48827231521679,0.15380000695586205,0.3136000013910234,10.539800001424737,0.13679999392479658,11.004100000718608,0,True,on_screen,0.7593817515001096
1787910423708,1426,2504,2863.891367139957,1520.0008166245668,2864.319507924259,1521.1633603790312,2,2,terminal,0.17885221376793004,447,11,1.6,0.0009222794223255823,45.15950887441254,39.49447856070218,0.10579999070614576,0.2406999992672354,10.024899995187297,0.1260999997612089,10.399300008430146,0,True,on_screen,0.7593817515001096
1787910423740,1427,2505,2861.6588669960693,1515.8418649156345,2863.521315645802,1519.566911740012,2,2,terminal,0.1803846817235779,479,11,1.6,0.0009177754574007345,43.75131962119382,39.48946543550326,0.10710000060498714,0.36610000825021416,11.097299997345544,0.12040000001434237,11.59360000747256,0,True,on_screen,0.7593817515001096
1787910423757,1428,2506,2861.0654566400362,1513.7242982578866,2862.7845579440723,1517.8141276953745,2,2,terminal,0.18181008408492905,496,11,1.6,0.0009191788871298033,45.56909677587037,39.49520432318533,0.10710000060498714,0.27370000316295773,11.134000000311062,0.13040000339969993,11.54829999723006,0,True,on_screen,0.7593817515001096
1787910423789,1429,2507,2858.9028339555643,1513.5291280273532,2861.62004074752,1516.528627794968,2,2,terminal,0.18395028739216124,528,11,1.6,0.0009205373170866511,44.11738177952151,39.49103400888028,0.2091999922413379,0.37059999885968864,10.796400005347095,0.18280000949744135,11.366999999154359,0,True,on_screen,0.7593817515001096
1787910423820,1430,2508,2858.174118850121,1510.391166696154,2860.5862641783,1514.6873894653238,2,2,terminal,0.1858856167830194,559,11,1.6,0.0009240825612431454,42.8638541589307,39.48758640649353,0.15999999595806003,0.34050000249408185,10.084199995617382,0.13519999629352242,10.570300000836141,0,True,on_screen,0.7593817515001096
1787910423836,1431,2509,2857.235109408662,1507.9756228729539,2859.5809177474084,1512.6738594876128,2,2,terminal,0.1877666640001583,575,11,1.6,0.0009248934718578856,44.891676341039,39.493325721606375,0.11219999578315765,0.24639999901410192,10.437400007504039,0.13219998800195754,10.823799995705485,0,True,on_screen,0.7593817515001096
1787910423868,1432,2510,2856.1688075889356,1504.647164321469,2858.5572846998666,1510.2658509377695,2,2,terminal,0.18968076479541485,607,11,1.6,0.0009259130730817806,43.519239630383666,39.48805352735004,0.17699999443721026,0.3601000062189996,11.981099989498034,0.189200000022538,12.545000005047768,0,True,on_screen,0.7593817515001096
1787910423884,1433,2511,2854.9800188960644,1504.173619752636,2857.4841049587258,1508.4381815822294,2,2,terminal,0.19164222748574333,623,11,1.6,0.0009252249484863785,45.41657356672956,39.49473776423879,0.1250000059371814,0.26200000138487667,10.700899991206825,0.13359999866224825,11.105199999292381,0,True,on_screen,0.7593817515001096
1787910423917,1434,2512,2853.2129109375182,1506.0380110391568,2856.202746752363,1507.7181304193075,2,2,terminal,0.19392809154337654,656,11,1.6,0.000926069423341256,43.987659781706384,39.49060794415162,0.15690000145696104,0.3136000013910234,10.52009999693837,0.1075999898603186,10.95050000003539,0,True,on_screen,0.7593817515001096
1787910423932,1435,2513,2853.583731593579,1505.6924088903565,2855.4170422047277,1507.110413960622,2,2,terminal,0.1953334444261039,671,11,1.6,0.000924221368691313,45.9688454453251,39.495877635454804,0.08700000762473792,0.23200000578071922,11.713999992934987,0.15449999773409218,12.108199996873736,0,True,on_screen,0.7593817515001096
1787910423965,1436,2514,2853.2958765543954,1505.5010982765923,2854.780692509628,1506.627619255413,2,2,terminal,0.19647040406887362,703,11,1.6,0.0009224799373173977,44.4637722382016,39.49204229299858,0.13390000094659626,0.30559999868273735,10.804000005009584,0.1348000077996403,11.265799999819137,0,True,on_screen,0.7593817515001096
1787910423996,1437,2515,2854.236758890065,1506.8944765237875,2854.617512423759,1506.7076764359254,2,2,terminal,0.1967565835721059,735,11,1.6,0.0009224118321718745,43.16907596385534,39.48867594152705,0.10030000703409314,0.25299999106209725,9.894500006339513,0.12480000441428274,10.287199998856522,0,True,on_screen,0.7593817515001096
1787910424012,1438,2516,2851.8020070168022,1506.0650688106557,2853.772860801672,1506.5148941483444,2,2,terminal,0.19825359735715575,751,11,1.6,0.0009192293340343806,45.11339944954837,39.49427251265685,0.10289999772794545,0.23520000104326755,10.253200001898222,0.11549999180715531,10.610799989080988,0,True,on_screen,0.7593817515001096
1787910424045,1439,2517,2853.815364153215,1508.4580662753758,2853.7856118071345,1507.0978457864537,2,2,terminal,0.19821562744020904,784,11,1.6,0.0009187782710832933,43.680147519933264,39.48962448319359,0.13869999384041876,0.33629999961704016,10.451499998453073,0.14309999824035913,10.944699999527074,0,True,on_screen,0.7593817515001096
1787910424061,1440,2518,2854.4434597257477,1509.1942550902615,2853.9829661827184,1507.726768577596,2,2,terminal,0.19784887263165996,800,11,1.6,0.0009196688453666432,45.52980089503867,39.495752984664556,0.1581999968038872,0.2941999991890043,9.856100004981272,0.12969999806955457,10.290300007909536,0,True,on_screen,0.7593817515001096
1787910424092,1441,2519,2855.2776150290942,1509.8030039230064,2854.371360836631,1508.3496391812191,2,2,terminal,0.19714334541459133,831,11,1.6,0.0009214757855751619,44.14489673684562,39.49167494954699,0.1112000027205795,0.24709998979233205,10.250399995129555,0.1247000036528334,10.630399992805906,0,True,on_screen,0.7593817515001096
1787910424124,1442,2520,2856.1458993684873,1508.3063580580347,2854.9037223961877,1508.3366548442636,2,2,terminal,0.196203421085692,863,11,1.6,0.0009211281291569041,42.861140218558354,39.48720845571027,0.18940000154543668,0.32759999157860875,10.714300005929545,0.17439998919144273,11.22899999609217,0,True,on_screen,0.7593817515001096
1787910424141,1443,2521,2857.469028997829,1509.1341471529079,2855.67331437668,1508.5759025368568,2,2,terminal,0.1948361967134784,880,11,1.6,0.0009182004981595389,44.72448258415325,39.49253109528315,0.1002000062726438,0.2690000110305846,11.27950000227429,0.1297999988310039,11.687199992593378,0,True,on_screen,0.7593817515001096
1787910424172,1444,2522,2857.8507730141687,1513.3491007748041,2856.326551967926,1510.0078620082409,2,2,terminal,0.19363084824367116,911,11,1.6,0.0009119121266380169,43.39578878657682,39.488767270616,0.10099999781232327,0.26760000037029386,10.882000002311543,0.1281000004382804,11.286199995083734,0,True,on_screen,0.7593817515001096
1787910424188,1445,2523,2858.356683425648,1516.4273182285342,2856.9355914052426,1511.933698874329,2,2,terminal,0.19247347522976266,927,11,1.6,0.0009097762852730805,45.28755481746204,39.49446143870641,0.09450000652577728,0.25610000011511147,10.950399999273941,0.13529999705497175,11.350200002198108,0,True,on_screen,0.7593817515001096
1787910424221,1446,2524,2860.849620759019,1524.7499611309054,2858.1098002113754,1515.7785775513016,2,2,terminal,0.1901943934824739,960,11,1.6,0.0009197310949269726,43.87491839615315,39.49025608205731,0.1795999996829778,0.3257000062149018,10.903999995207414,0.14209999062586576,11.384899989934638,0,True,on_screen,0.7593817515001096
1787910424236,1447,2525,2863.241335492517,1534.1419500366246,2859.6492607957175,1521.2875892968984,2,2,terminal,0.1870841995310527,975,11,1.4,0.000903385077178756,45.7594570647443,39.49593439643736,0.15619999612681568,0.2697000018088147,11.145500000566244,0.145500001963228,11.571099996217526,0,True,on_screen,0.7593817515001096
1787910424269,1448,2526,2866.7955233975335,1542.1978782678489,2861.793139576262,1527.5606759881834,2,2,terminal,0.18271540877082926,1008,11,1.4,0.0009129487018116438,44.29759261065464,39.49167053363389,0.12760001118294895,0.2888999879360199,11.230000003706664,0.15100000018719584,11.683299992000684,0,True,on_screen,0.7593817515001096
1787910424300,1449,2527,2873.7790590539817,1558.5435995405842,2865.3889154195776,1536.8555530539036,2,2,terminal,0.17524040807235597,1039,11,1.4,0.0008966241060331497,43.0151894138342,39.487594287825786,0.16500000492669642,0.32029999420046806,11.336499999742955,0.16650000179652125,11.837800004286692,0,True,on_screen,0.7593817515001096
1787910424317,1450,2528,2877.264471800885,1567.183040263648,2868.95158233397,1545.9537992168268,2,2,terminal,0.16755227163388486,1055,11,1.4,0.0008919091391510099,44.903168132472295,39.49309740877488,0.15409999468829483,0.3152999997837469,11.610100002144463,0.1466999965487048,12.08480000786949,0,True,on_screen,0.7593817515001096
1787910424348,1451,2529,2881.3565902081605,1577.9237188154239,2872.673084696227,1555.5447750964058,2,2,terminal,0.15919999186918776,1087,11,1.4,0.0008850783453951509,43.56065320894125,39.4897942319659,0.16599999798927456,0.2854000049410388,10.557399989920668,0.13899999612476677,10.993999996571802,0,True,on_screen,0.7593817515001096
1787910424364,1452,2530,2884.778166761222,1580.4422514665205,2876.3046093157254,1563.01401800744,2,2,terminal,0.1511981578903775,1103,11,1.4,0.0008855341344886532,45.48800782960868,39.49537252701762,0.10789999214466661,0.25490000552963465,10.944499998004176,0.14470001042354852,11.353200010489672,0,True,on_screen,0.7593817515001096
1787910424396,1453,2531,2891.7878224860274,1586.3005621209336,2880.9495732668156,1569.999981241488,-1,-1,off_screen,0.0,0,14,1.6,0.0008881812004480037,44.04610934080636,39.49135687810394,0.14609999198000878,0.30869999318383634,10.540899995248765,0.14119999832473695,11.002700004610233,0,True,gaze_outside_screen,0.7593817515001096
1787910424428,1454,2532,2894.0279577390293,1587.8128815471498,2884.8730886084795,1575.3438513331864,-1,-1,off_screen,0.0,32,14,1.6,0.0008525412019702201,42.800846443077354,39.48740809171495,0.1385000068694353,0.2815000043483451,10.645499991369434,0.14649999502580613,11.084199999459088,0,True,gaze_outside_screen,0.7593817515001096
1787910424444,1455,2533,2896.8133232472715,1587.0235295231748,2888.455159000117,1578.847754790183,-1,-1,off_screen,0.0,48,14,1.6,0.0008602764509707088,44.6519696498018,39.49269107846321,0.13249999028630555,0.29590001213364303,11.084700003266335,0.12789999891538173,11.517600010847673,0,True,gaze_outside_screen,0.7593817515001096
1787910424477,1456,2534,2897.733075001132,1593.253129875691,2891.2385338004215,1583.1693673158352,-1,-1,off_screen,0.0,81,14,1.6,0.0008548423727191071,43.29328891315361,39.488559203679195,0.19199999223928899,0.31769998895470053,10.891099998843856,0.13849999231752008,11.362200006260537,0,True,gaze_outside_screen,0.7593817515001096
1787910424492,1457,2535,2899.882956393405,1594.3165228808548,2893.8318605783165,1586.513513985341,-1,-1,off_screen,0.0,96,14,1.6,0.0008516999542858873,45.266030882042706,39.49465462985144,0.13339999713934958,0.2595999976620078,10.51259999803733,0.12859998969361186,10.910299999522977,0,True,gaze_outside_screen,0.7593817515001096
1787910424524,1458,2536,2904.1574630286586,1594.3590924401692,2896.929541313419,1588.8671875217894,-1,-1,off_screen,0.0,128,14,1.6,0.0008519442720428365,43.87514803713084,39.490637240959565,0.15949999215081334,0.39289999403990805,10.340299995732494,0.1255999959539622,10.871999998926185,0,True,gaze_outside_screen,0.7593817515001096
1787910424540,1459,2537,2901.468169953022,1595.3256116831797,2898.2911299053,1590.8047147702064,-1,-1,off_screen,0.0,144,14,1.6,0.0008518659514565145,45.6749862838231,39.49614347869786,0.13190000026952475,0.2590999938547611,10.65710000693798,0.14990000636316836,11.076099995989352,0,True,gaze_outside_screen,0.7593817515001096
1787910424573,1460,2538,2898.2675761735945,1595.828965399204,2898.284063785788,1592.3119899589055,-1,-1,off_screen,0.0,177,14,1.6,0.0008501275421340972,44.17418212707522,39.49184962601846,0.8315000013681129,0.31620000663679093,10.287000011885539,0.1588000013725832,10.77360000635963,0,True,gaze_outside_screen,0.7593817515001096
1787910424604,1461,2539,2901.0256490373645,1596.7562121130293,2899.1065393612607,1593.6452566051425,-1,-1,off_screen,0.0,208,14,1.6,0.0008576322869131951,42.965347516839834,39.4881815325305,0.13810000382363796,0.30190001416485757,10.45950000116136,0.12739999510813504,10.901000001467764,0,True,gaze_outside_screen,0.7593817515001096
1787910424620,1462,2540,2894.829787834335,1598.6710820864057,2897.823513903183,1595.1530042495215,-1,-1,off_screen,0.0,223,14,1.6,0.0008530126847069268,44.941157992759,39.49404447068386,0.10830000974237919,0.251300007221289,10.362000000895932,0.1120000088121742,10.732999988249503,0,True,gaze_outside_screen,0.7593817515001096
1787910424653,1463,2541,2893.5963728953575,1595.883881048713,2896.5553716008353,1595.3722672892789,-1,-1,off_screen,0.0,257,14,1.6,0.0008627795732625253,43.528858245936576,39.48912141918299,0.16080000204965472,0.32100001408252865,11.169100005645305,0.12289998994674534,11.625999992247671,0,True,gaze_outside_screen,0.7593817515001096
1787910424669,1464,2542,2890.7789742594478,1597.3561533083189,2894.822452398419,1595.9674330949906,-1,-1,off_screen,0.0,273,14,1.6,0.000861933068353072,45.46369877954557,39.495391649892554,0.0957000011112541,0.24819999816827476,10.450199988554232,0.11900000390596688,10.825699995621108,0,True,gaze_outside_screen,0.7593817515001096
1787910424701,1465,2543,2891.179934151318,1597.7734762927223,2893.7296969242884,1596.50924605431,-1,-1,off_screen,0.0,305,14,1.6,0.0008626543276034175,44.03386555685046,39.49120525035445,0.15530000382568687,0.3355999942868948,10.428200010210276,0.11000000813510269,10.885700001381338,0,True,gaze_outside_screen,0.7593817515001096
1787910424732,1466,2544,2888.6288860188606,1601.9011061273495,2892.19945365266,1598.1268040762218,-1,-1,off_screen,0.0,336,14,1.6,0.0008605398828651738,42.78988692798845,39.48728185895642,0.14940000255592167,0.29969999741297215,10.518399998545647,0.12239998613949865,10.954899989883415,0,True,gaze_outside_screen,0.7593817515001096
1787910424748,1467,2545,2888.5267818332863,1601.9110177696357,2891.097652106848,1599.262068184246,-1,-1,off_screen,0.0,351,14,1.6,0.000862010540096169,44.71198715054372,39.49332212304479,0.10299999848939478,0.2665000065462664,9.917199990013614,0.10390000534243882,10.296200009179302,0,True,gaze_outside_screen,0.7593817515001096
1787910424780,1468,2546,2888.2993805860274,1606.1212015338576,2890.2581706506016,1601.3198081891294,-1,-1,off_screen,0.0,384,14,1.6,0.0008575008113338063,43.38704533319906,39.48896710364734,0.12379999679978937,0.2477999951224774,10.562199997366406,0.12349999451544136,10.942699998850003,0,True,gaze_outside_screen,0.7593817515001096
1787910424796,1469,2547,2887.8000319605085,1607.0560264707165,2889.5207290435737,1603.0406736736054,-1,-1,off_screen,0.0,400,14,1.6,0.0008577255813678915,45.18056379191003,39.493960090369185,0.14099999680183828,0.24659998598508537,11.41289999941364,0.1353999978164211,11.80469999962952,0,True,gaze_outside_screen,0.7593817515001096
1787910424829,1470,2548,2888.2079150468594,1610.9344365405127,2889.1268848445593,1605.4088025336775,-1,-1,off_screen,0.0,433,14,1.6,0.0008575540274318866,43.71423728651351,39.489305823291545,0.19949999114032835,0.3082000039285049,11.517300008563325,0.12110000534448773,11.960700008785352,0,True,gaze_outside_screen,0.7593817515001096
1787910424844,1471,2549,2889.658187129129,1612.0252003495325,2889.28627552993,1607.3937218784338,-1,-1,off_screen,0.0,448,14,1.6,0.0008572649548653395,45.92921395444776,39.495972572122774,0.15490000077988952,0.2818999928422272,10.776700000860728,0.13749999925494194,11.205699993297458,0,True,gaze_outside_screen,0.7593817515001096
1787910424876,1472,2550,2892.4467528798177,1612.7376154268186,2890.2344187348963,1608.996889942949,-1,-1,off_screen,0.0,480,14,1.6,0.0008581900788041524,44.4573911866005,39.4917984137657,0.1145999995060265,0.2916999947046861,10.866900003748015,0.13810000382363796,11.308900007861666,0,True,gaze_outside_screen,0.7593817515001096
1787910424908,1473,2551,2895.446708296985,1615.269431777216,2891.798105603523,1610.8786524932289,-1,-1,off_screen,0.0,512,14,1.6,0.0008564762751001841,43.14691023982738,39.48800952086325,0.1576000067871064,0.34359999699518085,10.416199991595931,0.1601999974809587,10.933300000033341,0,True,gaze_outside_screen,0.7593817515001096
1787910424924,1474,2552,2898.210206777047,1617.2694397275286,2893.72173595558,1612.7958886635186,-1,-1,off_screen,0.0,528,14,1.6,0.0008562565319218847,45.12366410866425,39.49387644040849,0.10679999832063913,0.2710999979171902,10.356300001149066,0.12589999823831022,10.762199992313981,0,True,gaze_outside_screen,0.7593817515001096
1787910424956,1475,2553,2903.120188141378,1619.9002266518696,2896.541271611319,1614.9271900600238,-1,-1,off_screen,0.0,560,14,1.6,0.0008597931012431087,43.74036548637801,39.48950205307434,0.1255999959539622,0.2570999931776896,10.89190000493545,0.12650000280700624,11.284899999736808,0,True,gaze_outside_screen,0.7593817515001096
1787910424972,1476,2554,2904.8403855464103,1620.4981964458464,2899.0310057918464,1616.5984919757702,-1,-1,off_screen,0.0,575,14,1.6,0.0008586442697446801,45.53657846022104,39.495258147347435,0.09980000322684646,0.24249999842140824,10.583399998722598,0.13889999536331743,10.975899989716709,0,True,gaze_outside_screen,0.7593817515001096
1787910425005,1477,2555,2906.9046049961216,1624.806169943298,2901.393085553129,1619.0607953660283,-1,-1,off_screen,0.0,609,14,1.6,0.0008564755638706019,44.099243602278634,39.4912517773466,0.1618000096641481,0.35459999344311655,10.270999991917051,0.13020000187680125,10.768599997390993,0,True,gaze_outside_screen,0.7593817515001096
1787910425036,1478,2556,2908.7425338239077,1626.7616000967346,2903.5979200343622,1621.37103678524,-1,-1,off_screen,0.0,640,14,1.6,0.0008532701830744026,42.84092072962607,39.487628126751936,0.11069999891333282,0.25209999876096845,9.919600008288398,0.11989999620709568,10.300200010533445,0,True,gaze_outside_screen,0.7593817515001096
1787910425052,1479,2557,2910.0178862692223,1628.3297602752857,2905.5239099048204,1623.4586538322537,-1,-1,off_screen,0.0,656,14,1.6,0.0008525783268161884,44.79330330011794,39.492941215947866,0.09649999265093356,0.2499000111129135,10.512900000321679,0.10790000669658184,10.878300003241748,0,True,gaze_outside_screen,0.7593817515001096
1787910425085,1480,2558,2911.4019707298276,1630.997718561696,2907.2873281523225,1625.7203732510864,-1,-1,off_screen,0.0,689,14,1.6,0.0008494141415236571,43.40039272353413,39.48832735848962,0.1694999955361709,0.3341999981785193,10.894500010181218,0.12440000136848539,11.367200000677258,0,True,gaze_outside_screen,0.7593817515001096
1787910425101,1481,2559,2910.8917184432185,1631.1497208791313,2908.3686452395914,1627.3491775394998,-1,-1,off_screen,0.0,705,14,1.4,0.0008511482227160742,45.36679611131065,39.4941083448499,0.14109999756328762,0.28399999428074807,10.923499998170882,0.13220000255387276,11.34900000761263,0,True,gaze_outside_screen,0.7593817515001096
1787910425132,1482,2560,2911.512320866072,1633.3139522794959,2909.3117479275356,1629.1386099614983,-1,-1,off_screen,0.0,736,14,1.4,0.000843442161434952,43.95968371231333,39.49025881367605,0.19999999494757503,0.3041000018129125,10.608000011416152,0.11300000187475234,11.034099996322766,0,True,gaze_outside_screen,0.7593817515001096
1787910425148,1483,2561,2912.994469079541,1634.300920367417,2910.416564273137,1630.6873030832737,-1,-1,off_screen,0.0,752,14,1.4,0.0008502977104474542,45.884348417641796,39.49572810519189,0.09960000170394778,0.24839999969117343,11.089500010712072,0.20799999765586108,11.555500008398667,0,True,gaze_outside_screen,0.7593817515001096
1787910425181,1484,2562,2913.646435370001,1636.879512811564,2911.385525602196,1632.5449660017607,-1,-1,off_screen,0.0,785,14,1.4,0.0008404139936250103,44.39143837583276,39.49182054800313,0.1300999865634367,0.3392999933566898,10.512299995752983,0.12199999764561653,10.98830001137685,0,True,gaze_outside_screen,0.7593817515001096
1787910425212,1485,2563,2921.52814568699,1632.4122405627438,2914.428311627634,1632.5051483700554,-1,-1,off_screen,0.0,815,14,1.4,0.0008588360484813387,43.104432475388116,39.487826527833185,0.115999995614402,0.26050000451505184,10.756699994090013,0.1235999952768907,11.150000005727634,0,True,gaze_outside_screen,0.7593817515001096
1787910425228,1486,2564,2921.5743818517753,1634.0004082141897,2916.572132694876,1632.9537263232955,-1,-1,off_screen,0.0,832,14,1.4,0.0008521245951254412,45.089830822953445,39.49377902972739,0.1647000026423484,0.2623000036692247,10.411399998702109,0.12180001067463309,10.803900004248135,0,True,gaze_outside_screen,0.7593817515001096
1787910425261,1487,2565,2919.4395339153725,1636.1968463043756,2917.432353061025,1633.9266623176195,-1,-1,off_screen,0.0,865,14,1.4,0.000856755138848992,43.62790032697278,39.48918277281087,0.32160000409930944,0.3203999949619174,10.364699992351234,0.15779999375808984,10.865200005355291,0,True,gaze_outside_screen,0.7593817515001096
1787910425276,1488,2566,2918.945288758033,1637.4370760003928,2917.886233770127,1634.9797864224515,-1,-1,off_screen,0.0,880,14,1.4,0.0008548801495979648,45.77573889501414,39.495425346925856,0.11649999942164868,0.3166999958921224,10.11350000044331,0.11919999087695032,10.558299996773712,0,True,gaze_outside_screen,0.7593817515001096
1787910425308,1489,2567,2917.494892414827,1637.458388705528,2917.768831363537,1635.7233671073745,-1,-1,off_screen,0.0,912,14,1.4,0.0008525394060314093,44.336926512948274,39.49162345436144,0.10730000212788582,0.2403999969828874,9.911000001011416,0.11470000026747584,10.275299995555542,0,True,gaze_outside_screen,0.7593817515001096
1787910425340,1490,2568,2914.7442182371115,1638.6950869127268,2916.861447425609,1636.6148830489801,-1,-1,off_screen,0.0,944,14,1.4,0.0008516382313618169,43.0082742736374,39.48672570682774,0.13100000796839595,0.3370000049471855,10.927400013315491,0.15669999993406236,11.457100001280196,0,True,gaze_outside_screen,0.7593817515001096
1787910425356,1491,2569,2909.9559312165843,1639.7759778740353,2914.7897925629013,1637.5632114964965,-1,-1,off_screen,0.0,960,14,1.4,0.0008493990056757557,45.03487879608941,39.493100566090654,0.1058999914675951,0.24259999918285757,10.111600000527687,0.112900001113303,10.475900009623729,0,True,gaze_outside_screen,0.7593817515001096
1787910425388,1492,2570,2906.355301907967,1634.7353335976786,2912.2594453664206,1636.714848126851,-1,-1,off_screen,0.0,992,14,1.4,0.0008675695057267056,43.6532300537836,39.48901090815552,0.13440000475384295,0.2640999882714823,10.097499995026737,0.13070000568404794,10.503800003789365,0,True,gaze_outside_screen,0.7593817515001096
1787910425404,1493,2571,2900.6185418907053,1635.5578655984832,2908.767174323706,1636.3677533683406,-1,-1,off_screen,0.0,1008,14,1.4,0.0008641422078859429,45.54310668159507,39.49459951521854,0.10990000737365335,0.24090000079013407,10.23189999978058,0.14609999198000878,10.627899988321587,0,True,gaze_outside_screen,0.7593817515001096
1787910425437,1494,2572,2896.9964273816927,1637.2283219442731,2905.235950241102,1636.6259239411202,-1,-1,off_screen,0.0,1041,14,1.4,0.0008639984760955878,44.0933351603963,39.48976781808583,0.12959999730810523,0.3036999987671152,11.230800009798259,0.1571000029798597,11.704999997164123,0,True,gaze_outside_screen,0.7593817515001096
1787910425452,1495,2573,2895.1179709388157,1637.8430625760127,2902.200556450416,1636.9910655315878,-1,-1,off_screen,0.0,1055,14,1.4,0.0008628602400088774,45.988615362411764,39.49593691957641,0.1142999972216785,0.27639999461825937,10.578200002782978,0.12599999899975955,10.989400005200878,0,True,gaze_outside_screen,0.7593817515001096
1787910425484,1496,2574,2887.743541209188,1639.9406330762886,2897.8634518780473,1637.875935794998,-1,-1,off_screen,0.0,1088,14,1.4,0.0008606984971578323,44.5183027732372,39.492227412597146,0.10490001295693219,0.24519998987670988,10.103199994773604,0.109500004327856,10.466099993209355,0,True,gaze_outside_screen,0.7593817515001096
1787910425516,1497,2575,2885.1396886031903,1641.9136478371677,2894.04632289559,1639.0872494076489,-1,-1,off_screen,0.0,1120,14,1.4,0.0008613097946453714,43.182261444905606,39.487226149935594,0.17710000975057483,0.3411000070627779,11.446299991803244,0.1505999971413985,11.951399996178225,0,True,gaze_outside_screen,0.7593817515001096
1787910425532,1498,2576,2877.8564778368423,1643.5222318466501,2889.1893693779657,1640.417744139349,-1,-1,off_screen,0.0,1136,14,1.4,0.0008586828791110265,45.14524506357079,39.49379357487179,0.11690000246744603,0.2511999919079244,10.133600007975474,0.11380000796634704,10.507300001336262,0,True,gaze_outside_screen,0.7593817515001096
1787910425564,1499,2577,2873.5288321883827,1647.2309800259563,2884.491208221091,1642.461714905331,-1,-1,off_screen,0.0,1167,14,1.4,0.0008552679776699344,43.78004912022385,39.48996762199605,0.13020000187680125,0.2834999904735014,9.980400005588308,0.12399999832268804,10.396700003184378,0,True,gaze_outside_screen,0.7593817515001096
1787910425580,1500,2578,2872.9843336795534,1649.006421829348,2881.039145858629,1644.4251269825359,-1,-1,off_screen,0.0,1184,14,1.4,0.0008533796517340986,45.543682674833015,39.49497823420122,0.11999999696854502,0.24290000146720558,10.773499991046265,0.13040000339969993,11.155300002428703,0,True,gaze_outside_screen,0.7593817515001096
1787910425613,1501,2579,2872.3776998052963,1650.6603713758047,2878.440712042629,1646.2957003005163,2,2,terminal,0.11612456238416269,0,12,1.6,0.0008526830227895896,44.08913802816274,39.49017174607533,0.19609999435488135,0.3203999949619174,11.677400005282834,0.15019999409560114,12.162700004409999,0,True,on_screen,0.7593817515001096
1787910425644,1502,2580,2862.5984508211623,1655.9043401705878,2873.6880336761888,1649.1782922615375,2,2,terminal,0.1226342555156853,31,12,1.6,0.0008507139790297179,42.842199573651705,39.486801549593245,0.16310000501107424,0.30610000248998404,10.973999989801086,0.14259999443311244,11.435899999924004,0,True,on_screen,0.7593817515001096
1787910425661,1503,2581,2861.3614115896103,1656.6379824544324,2869.9900470502153,1651.416199319406,2,2,terminal,0.1276591865405564,48,12,1.6,0.0008504494626838943,44.58193084958954,39.49187746028476,0.18689999706111848,0.3265999985160306,11.26460000523366,0.15460001304745674,11.759200002416037,0,True,on_screen,0.7593817515001096
1787910425692,1504,2582,2858.489902272144,1657.3633176883825,2866.5400036167935,1653.2003348300987,2,2,terminal,0.13248040104095338,78,12,1.6,0.0008514738614311367,43.29122164087755,39.48828498739365,0.1542000100016594,0.3555000002961606,10.953799996059388,0.13329999637790024,11.457799992058426,0,True,on_screen,0.7593817515001096
1787910425709,1505,2583,2855.706292485415,1658.1600651179042,2863.28989027738,1654.6882539164403,2,2,terminal,0.13710490362022898,96,12,1.6,0.0008492030570045883,45.163419117911786,39.4942788630435,0.15050001093186438,0.3294000052846968,10.238599992590025,0.14940000255592167,10.729199988418259,0,True,on_screen,0.7593817515001096
1787910425741,1506,2584,2856.46577422313,1657.9171203225833,2861.2426554611047,1655.6569138382831,2,2,terminal,0.13998907251798054,128,12,1.6,0.000850075228016809,43.72722258996424,39.489648316701796,0.17600000137463212,0.2837000065483153,10.826399986399338,0.1336999994236976,11.255200006416999,0,True,on_screen,0.7593817515001096
1787910425772,1507,2585,2853.539237097691,1660.0506011058478,2858.9316299520806,1656.9750200185526,2,2,terminal,0.14310573368333546,159,12,1.6,0.0008474175227720995,42.56506179364378,39.48579903089695,0.1669000048423186,0.29710000671911985,11.35059999069199,0.15359999088104814,11.812500000814907,0,True,on_screen,0.7593817515001096
1787910425788,1508,2586,2852.984816499309,1660.847363518676,2857.1475859162488,1658.1367230685896,2,2,terminal,0.1454185697015149,175,12,1.6,0.0008519526200616405,44.4719977745542,39.49196684754444,0.11269999959040433,0.2830000012181699,10.267499994370155,0.1250000059371814,10.684799999580719,0,True,on_screen,0.7593817515001096
1787910425820,1509,2587,2851.3078383867005,1664.0782154957408,2855.395661657384,1659.919170796735,2,2,terminal,0.14730479837105326,207,12,1.6,0.0008250134951099906,43.155844831139994,39.48780274891678,0.17919999663718045,0.315699988277629,10.517000002437271,0.13359999866224825,10.976100005791523,0,True,on_screen,0.7593817515001096
1787910425836,1510,2588,2852.9143898658954,1662.5288883451983,2854.6512801199374,1660.7020860612738,2,2,terminal,0.1480855315919517,223,12,1.6,0.0008288405657188615,45.08187317809383,39.493817447364556,0.10900000052060932,0.2550999925006181,9.919799995259382,0.11399999493733048,10.297699991497211,0,True,on_screen,0.7593817515001096
1787910425868,1511,2589,2851.756206103324,1666.2295940577112,2853.7827579149534,1662.360338460205,2,2,terminal,0.14854961282767765,255,12,1.6,0.0008143295518589326,43.704791516604274,39.48934255247807,0.1568000006955117,0.30599998717661947,10.651400007191114,0.13800000306218863,11.108999999123625,0,True,on_screen,0.7593817515001096
1787910425884,1512,2590,2853.2910157693987,1665.0505634792905,2853.635235271287,1663.1674059659306,2,2,terminal,0.1483134726597145,271,12,1.6,0.0008140044744087659,45.61556158224392,39.49536597058402,0.11379999341443181,0.2547999902162701,10.11109999672044,0.13469999248627573,10.509100000490434,0,True,on_screen,0.7593817515001096
1787910425916,1513,2591,2852.1402484053874,1662.8798758791343,2853.1867392115173,1663.0811469398914,2,2,terminal,0.14911061972374406,302,12,1.6,0.0008162317726321984,44.16426086813487,39.491052544531954,0.1382000045850873,0.2716000017244369,10.431999995489605,0.12749999586958438,10.84239999181591,0,True,on_screen,0.7593817515001096
1787910425948,1514,2592,2852.2020449962497,1664.2396811516649,2852.891330946937,1663.4287072034233,2,2,terminal,0.1493934381574915,335,12,1.6,0.0008123577184350195,42.88614317113459,39.486781585820225,0.1736999984132126,0.33260000054724514,10.905300005106255,0.14749998808838427,11.399600000004284,0,True,on_screen,0.7593817515001096
1787910425964,1515,2593,2854.148695423211,1664.4659740984628,2853.268540289819,1663.739887271935,2,2,terminal,0.14857994749586334,351,12,1.6,0.0008137132630985852,44.83567637299058,39.49276961027901,0.10790000669658184,0.2631999959703535,10.352099998272024,0.112599998828955,10.73720000567846,0,True,on_screen,0.7593817515001096
1787910425996,1516,2594,2856.8810667768657,1666.1234714129077,2854.352298235933,1664.4549625142267,2,2,terminal,0.1463498261873275,383,12,1.6,0.0008104756159089434,43.46859682733432,39.48900178247349,0.112599998828955,0.25839998852461576,9.863100000075065,0.10789999214466661,10.237900001811795,0,True,on_screen,0.7593817515001096
1787910426012,1517,2595,2861.00545490424,1666.4706645715964,2856.348245236425,1665.0596731314374,2,2,terminal,0.1426705506510112,399,12,1.6,0.0008103102786051301,45.402276268868384,39.49431395187491,0.09479999425821006,0.23169998894445598,10.447299995576032,0.11380000796634704,10.800500007462688,0,True,on_screen,0.7593817515001096
1787910426044,1518,2596,2866.670373312803,1670.4978746959976,2859.4448836593383,1666.6911336008052,2,2,terminal,0.13654525035328746,430,12,1.6,0.0008003420086365315,43.970322243878186,39.49002905060504,0.14740000187885016,0.31799999123904854,10.583900002529845,0.16589999722782522,11.080600001150742,0,True,on_screen,0.7593817515001096
1787910426077,1519,2597,2871.3382222441674,1674.2026647213286,2863.012885234787,1668.9445929369622,2,2,terminal,0.12926049306404508,463,12,1.6,0.0007972251913268176,42.670252828011556,39.48522637524795,0.17559999832883477,0.33039999834727496,11.642000012216158,0.12960001186002046,12.112700002035126,0,True,on_screen,0.7593817515001096
1787910426092,1520,2598,2873.1872698168513,1676.1567362688459,2866.065200609406,1671.1082359365273,2,2,terminal,0.12288280110324623,479,12,1.6,0.0007861160277412606,44.82860005789629,39.49198135383536,0.10580000525806099,0.24319998919963837,10.250899998936802,0.119399992399849,10.620899993227795,0,True,on_screen,0.7593817515001096
1787910426124,1521,2599,2879.291284627563,1672.7546467974948,2870.033025814853,1671.6021591948174,2,2,terminal,0.11600027539641256,511,12,1.6,0.0007967530109175905,43.46415240626285,39.48725098114505,0.12789999891538173,0.294400000711903,11.304300001938827,0.14689999807160348,11.758900000131689,0,True,on_screen,0.7593817515001096
1787910426141,1522,2600,2882.456579860101,1674.5533519439307,2873.760092028427,1672.4875170195514,2,2,terminal,0.10927835733380586,528,12,1.6,0.0007937409807399175,45.23877455569385,39.4929416164109,0.11520000407472253,0.32050001027528197,10.794000001624227,0.13169999874662608,11.25869998941198,0,True,on_screen,0.7593817515001096
1787910426173,1523,2601,2886.237488851228,1675.2281435422371,2877.5033110752674,1673.3097049763571,2,2,terminal,0.10256700887786707,560,12,1.6,0.0007941387717403207,43.818684652234154,39.48880432579084,0.22929999977350235,0.40439999429509044,10.714300005929545,0.13229998876340687,11.261299994657747,0,True,on_screen,0.7593817515001096
1787910426189,1524,2602,2889.752206804672,1674.8603815858162,2881.1779797940885,1673.7749079591947,-1,-1,off_screen,0.0,0,15,1.8,0.0007943206972132015,45.84555257732659,39.49497984805509,0.12680000509135425,0.26390000130049884,10.27639998937957,0.12939999578520656,10.678199992980808,0,True,gaze_outside_screen,0.7593817515001096
1787910426221,1525,2603,2896.87901507451,1673.5823548525173,2885.888290378215,1673.7171420271914,-1,-1,off_screen,0.0,32,15,1.8,0.0007932038201195236,44.37297563601527,39.490469356772714,0.13059999037068337,0.3073999978369102,10.920499989879318,0.1292000088142231,11.391799998818897,0,True,gaze_outside_screen,0.7593817515001096
1787910426252,1526,2604,2908.8202099103924,1670.9926573927023,2892.767866237868,1672.8997966368447,-1,-1,off_screen,0.0,63,15,1.8,0.0007911865071920619,43.09419786261352,39.4868832974491,0.11980000999756157,0.2778000052785501,10.65050000033807,0.10489999840501696,11.04230000055395,0,True,gaze_outside_screen,0.7593817515001096
1787910426268,1527,2605,2914.1418906083977,1668.733408287415,2899.180073549027,1671.6498801320158,-1,-1,off_screen,0.0,78,15,1.8,0.0007921066193169561,45.11497374760779,39.492910902724915,0.0990999978967011,0.24160000612027943,10.14529999520164,0.1053000014508143,10.501000011572614,0,True,gaze_outside_screen,0.7593817515001096
1787910426300,1528,2606,2916.928693194595,1668.0719646311222,2904.504659442697,1670.5765054817475,-1,-1,off_screen,0.0,111,15,1.8,0.0007941800395081765,43.69371122955248,39.48814652287464,0.13530001160688698,0.35370000114198774,10.90249999833759,0.15309998707380146,11.423699994338676,0,True,gaze_outside_screen,0.7593817515001096
1787910426316,1529,2607,2916.4167317846845,1667.4624648945444,2908.078281145293,1669.6422933055865,-1,-1,off_screen,0.0,127,15,1.8,0.0007892177072017885,45.606220651878786,39.49414768538389,0.16710000636521727,0.29260000155773014,10.375500001828186,0.11989999620709568,10.796899994602427,0,True,gaze_outside_screen,0.7593817515001096
1787910426348,1530,2608,2914.619818749458,1669.1258177294894,2910.0407424265422,1669.4873506327572,-1,-1,off_screen,0.0,159,15,1.8,0.0007921771961192682,44.175733965079324,39.49031151087047,0.11560000712051988,0.2553999947849661,10.193699999945238,0.12679999053943902,10.584499992546625,0,True,gaze_outside_screen,0.7593817515001096
1787910426382,1531,2609,2904.501046785161,1677.8319816186315,2908.3788337341275,1671.9907399285194,-1,-1,off_screen,0.0,193,15,1.8,0.0007852459053292078,42.76999103915866,39.484837854800936,1.2443000014172867,0.3301999968243763,11.364199992385693,0.15379999240394682,11.863599997013807,0,True,gaze_outside_screen,0.7593817515001096
1787910426396,1532,2610,2906.170037461475,1678.8354829572959,2907.7161948523317,1674.0441628371523,-1,-1,off_screen,0.0,207,15,1.8,0.0007788432962053358,45.265857128879574,39.4918114417463,0.11409999569877982,0.28110000130254775,10.335699989809655,0.12379999679978937,10.752400005003437,0,True,gaze_outside_screen,0.7593817515001096
1787910426428,1533,2611,2905.263303613989,1682.7973958133825,2906.9803274808287,1676.6701327300211,-1,-1,off_screen,0.0,239,15,1.6,0.0007724642750940765,43.87133814058707,39.48789209880989,0.11400000948924571,0.2595999976620078,10.303699993528426,0.13639999087899923,10.708499990869313,0,True,gaze_outside_screen,0.7593817515001096
1787910426444,1534,2612,2905.3348692066593,1685.3592555058542,2906.4866899985777,1679.276869562771,-1,-1,off_screen,0.0,255,15,1.6,0.0007707600628089235,45.7124444156938,39.4937122608072,0.10629999451339245,0.23450001026503742,9.869999994407408,0.11649999942164868,10.228700004518032,0,True,gaze_outside_screen,0.7593817515001096
1787910426477,1535,2613,2902.00319349215,1689.306274298405,2905.141641046649,1682.285690983461,-1,-1,off_screen,0.0,288,15,1.6,0.0007715046235076996,44.22653414705817,39.48882067708822,0.2734999870881438,0.4484999954001978,10.746500003733672,0.1247000036528334,11.333700007526204,0,True,gaze_outside_screen,0.7593817515001096
1787910426492,1536,2614,2901.1502325428605,1691.4543023103397,2903.9442184955124,1685.0362743815247,-1,-1,off_screen,0.0,303,15,1.6,0.000769141484397648,46.2207185114206,39.49504076455917,0.10059999476652592,0.23720000172033906,10.274699990986846,0.12759999663103372,10.647999995853752,0,True,gaze_outside_screen,0.7593817515001096
1787910426524,1537,2615,2895.7784061246593,1694.8247713865417,2901.4944747842565,1687.9728234830297,-1,-1,off_screen,0.0,335,15,1.6,0.0007605819684830782,44.71979399387268,39.49079848613965,0.1019000046653673,0.25129999266937375,10.649899995769374,0.12120000610593706,11.040800003684126,0,True,gaze_outside_screen,0.7593817515001096
1787910426556,1538,2616,2891.7665006873212,1696.8193708639756,2898.5760825551756,1690.6267876973134,-1,-1,off_screen,0.0,367,15,1.6,0.0007633030023118936,43.371018751986824,39.486651552539556,0.3073999978369102,0.3259000077378005,10.796800008392893,0.16660000255797058,11.30169999669306,0,True,gaze_outside_screen,0.7593817515001096
1787910426573,1539,2617,2889.5497432085804,1699.1906285844555,2895.8681807511966,1693.1959399634559,-1,-1,off_screen,0.0,384,15,1.4,0.0007626385328860404,45.136389600780724,39.49197999827745,0.11949999316129833,0.3614000015659258,10.794200003147125,0.1300999865634367,11.297899996861815,0,True,gaze_outside_screen,0.7593817515001096
1787910426604,1540,2618,2886.30501875719,1701.4388554249747,2892.9992321529944,1695.6688146019114,-1,-1,off_screen,0.0,415,15,1.4,0.0007631694362499192,43.792473448159036,39.48846545317524,0.11380000796634704,0.2601000014692545,10.577500012004748,0.12319999223109335,10.970999996061437,0,True,gaze_outside_screen,0.7593817515001096
1787910426620,1541,2619,2884.928096996073,1699.7215420514412,2890.577891605918,1696.8846328367704,-1,-1,off_screen,0.0,430,15,1.4,0.0007693326788147277,45.65975147428133,39.494189485602895,0.10509999992791563,0.23700000019744039,10.3021999966586,0.12630000128410757,10.673400000086986,0,True,gaze_outside_screen,0.7593817515001096
1787910426653,1542,2620,2881.98973732547,1702.1958402903747,2888.001445321783,1698.4779950728516,-1,-1,off_screen,0.0,464,15,1.2,0.0007712412140775428,44.197910723453106,39.488924571470584,0.18420000560581684,0.3017000126419589,12.146699998993427,0.16199999663513154,12.623600006918423,0,True,gaze_outside_screen,0.7593817515001096
1787910426684,1543,2621,2879.7205531349814,1704.7629419070279,2885.5171776657426,1700.3634791231043,-1,-1,off_screen,0.0,495,15,1.2,0.0007715767627807062,42.916496984384146,39.48610847067128,0.1142999972216785,0.2564999886089936,10.424300009617582,0.1272000081371516,10.816699999850243,0,True,gaze_outside_screen,0.7593817515001096
1787910426700,1544,2622,2876.557754367573,1705.6460076386716,2882.8293506762916,1701.9482376777744,-1,-1,off_screen,0.0,511,15,1.2,0.0007748503909722239,44.9403309548569,39.49201960420185,0.10240000847261399,0.23370000417344272,10.008199998992495,0.1201999984914437,10.368899995228276,0,True,gaze_outside_screen,0.7593817515001096
1787910426732,1545,2623,2872.0941619092637,1708.2658764016685,2879.608794046183,1703.8435292949425,2,2,terminal,0.07933832796035534,0,13,1.4,0.0007752134797236881,43.54338535918426,39.48650294350034,0.25630000163801014,0.37179999344516546,12.144299995270558,0.14679999731015414,12.681699998211116,0,True,on_screen,0.7593817515001096
1787910426748,1546,2624,2871.6678106166055,1708.2536665764655,2877.22649901731,1705.1665704793993,2,2,terminal,0.08228957447666418,15,13,1.4,0.0007789916561563338,45.51351746134175,39.49343795983981,0.09920001321006566,0.25290000485256314,10.126900000614114,0.12870000500697643,10.525699995923787,0,True,on_screen,0.7593817515001096
1787910426781,1547,2625,2870.869830984428,1710.058767758187,2875.319498607445,1706.6342296630355,2,2,terminal,0.08435308572943945,48,13,1.4,0.0007810481491109279,44.06180677755766,39.48902828112984,0.1142999972216785,0.5957000103080645,10.271399994962849,0.12900000729132444,11.006800006725825,0,True,on_screen,0.7593817515001096
1787910426796,1548,2626,2869.0081964081214,1712.558775468023,2873.426107947648,1708.4115934045317,2,2,terminal,0.08615915308914324,63,13,1.4,0.0007805777293168302,45.9515469717507,39.49489755928365,0.1247000036528334,0.24049999774433672,10.205600003246218,0.11140000424347818,10.564500000327826,0,True,on_screen,0.7593817515001096
1787910426829,1549,2627,2863.201460718355,1713.808028392662,2870.35871377886,1710.0305239009708,2,2,terminal,0.08995386962038388,96,13,1.2,0.0007794352570426981,44.4719870727852,39.49046886635355,0.1900000061141327,0.3206999972462654,10.752200003480539,0.1601999974809587,11.247300004470162,0,True,on_screen,0.7593817515001096
1787910426860,1550,2628,2861.4026430000185,1712.2869720280473,2867.6718925452074,1710.7074583390936,2,2,terminal,0.09379543322540917,127,13,1.2,0.0007826983380225805,43.167495556186246,39.486829642779256,0.16330000653397292,0.33969999640248716,10.389899995061569,0.1424999936716631,10.88319999689702,0,True,on_screen,0.7593817515001096
1787910426876,1551,2629,2861.4673383176105,1711.3677430877199,2865.810526276928,1710.9055437636814,2,2,terminal,0.09664829478747805,143,13,1.0,0.0007842601148244921,45.16077010727455,39.49275072329581,0.10469999688211828,0.231999991228804,10.017599997809157,0.12110000534448773,10.378100007073954,0,True,on_screen,0.7593817515001096
1787910426909,1552,2630,2861.8298092680066,1705.1159164249298,2864.6163111742517,1709.1686555620558,2,2,terminal,0.09983382883956082,176,13,1.0,0.0007949292173340221,43.70286253698433,39.48722881598994,0.15780000831000507,0.29230001382529736,11.838300008093938,0.1714999962132424,12.31279999774415,0,True,on_screen,0.7593817515001096
1787910426924,1553,2631,2862.119301052743,1706.1808969659776,2863.867208137799,1708.2723279832321,2,2,terminal,0.10169018919098527,191,13,1.0,0.0008040331136263887,45.76398212383751,39.493329671184604,0.16120000509545207,0.3662999952211976,11.251799995079637,0.16500000492669642,11.795999991591088,0,True,on_screen,0.7593817515001096
1787910426956,1554,2632,2861.1032083879727,1713.9646390614903,2863.038008212851,1709.9800213067094,2,2,terminal,0.10178459913012383,223,13,1.0,0.0008055104472675309,44.322242578680026,39.489910150909246,0.12620000052265823,0.26390000130049884,10.574600004474632,0.1370999962091446,10.986099994624965,0,True,on_screen,0.7593817515001096
1787910426988,1555,2633,2858.115054518681,1717.5176234137393,2861.5611221045997,1712.2413019388184,2,2,terminal,0.10249854432227301,255,13,1.0,0.0008053512015847863,43.008557098083756,39.4841934329024,0.12840000272262841,0.3510999958962202,13.341600002604537,0.19020000763703138,13.896299991756678,0,True,on_screen,0.7593817515001096
1787910427004,1556,2634,2856.227254195172,1714.768410924788,2859.960961731771,1712.999434634609,2,2,terminal,0.10450418696642105,271,13,1.0,0.0008072569539945805,44.965680313970196,39.49090537717843,0.14859999646432698,0.33599999733269215,11.32159998815041,0.2364999963901937,11.905100007425062,0,True,on_screen,0.7593817515001096
1787910427036,1557,2635,2856.532966101604,1708.3009749293865,2858.932563042721,1711.5898967230423,2,2,terminal,0.10719797890874228,303,13,1.0,0.0008174447659734345,43.606534513504116,39.48738220713208,0.12769999739248306,0.27180000324733555,10.864400013815612,0.1593000051798299,11.307299995678477,0,True,on_screen,0.7593817515001096
1787910427053,1558,2636,2856.20491700417,1710.9330502214834,2858.114269231156,1711.3928427725746,2,2,terminal,0.10865652598661502,320,13,1.0,0.0008171429848272647,45.32324591649752,39.491834475192434,0.13780000153928995,0.29260000155773014,12.200600001960993,0.14479999663308263,12.65150000108406,0,True,on_screen,0.7593817515001096
1787910427084,1559,2637,2855.7851494312004,1709.6487450382572,2857.415533291169,1710.8696134522793,2,2,terminal,0.11016461990838355,351,13,1.0,0.000818208051404725,43.963832280850696,39.48876730707533,0.13869999384041876,0.29599999834317714,11.06390000495594,0.27040000713896006,11.642800003755838,0,True,on_screen,0.7593817515001096
1787910427101,1560,2638,2854.3015794906464,1712.4841051137605,2856.4813471510124,1711.3539609507236,2,2,terminal,0.11130396638828854,368,13,1.0,0.0008153068299188576,45.63898387436352,39.49431083180009,0.1458999904571101,0.33039999834727496,10.622300003888085,0.152900000102818,11.11940000555478,0,True,on_screen,0.7593817515001096
1787910427132,1561,2639,2850.5091183779714,1704.3067109080387,2854.6896785190997,1709.239785937918,2,2,terminal,0.11574320094415325,399,13,1.0,0.000823594117160046,44.24329190177189,39.49094102952453,0.1336999994236976,0.3112999984296039,10.102600004756823,0.1531000016257167,10.577599998214282,0,True,on_screen,0.7593817515001096
1787910427164,1562,2640,2844.5173881371707,1700.3181196572737,2851.637991404521,1706.5632860537246,2,2,terminal,0.12261513443306149,431,13,1.0,0.0008564932329111243,42.957940974338165,39.485992410004854,0.11729999096132815,0.3077999863307923,11.94979999854695,0.15069999790284783,12.420700004440732,0,True,on_screen,0.7593817515001096
1787910427180,1563,2641,2840.2712479062243,1695.8200531401933,2848.227968355032,1703.340316179665,2,2,terminal,0.1304578173746047,447,13,1.0,0.0008427602507508729,44.832244114067485,39.49207131171911,0.1368000084767118,0.30729999707546085,10.765600003651343,0.15440001152455807,11.24399999389425,0,True,on_screen,0.7593817515001096
1787910427212,1564,2642,2840.8236513159454,1671.018558810061,2846.006673243306,1693.6437889687838,2,2,terminal,0.14099491835824696,479,13,1.0,0.0008722896793982547,43.475534109018376,39.48822365364437,0.17430000298190862,0.30529999639838934,10.674199991626665,0.10790000669658184,11.098900009528734,0,True,on_screen,0.7593817515001096
1787910427228,1565,2643,2840.8418124470454,1667.2103094064762,2844.457215004428,1685.7137451000915,2,2,terminal,0.14900401473145775,495,13,1.0,0.0008838256665117984,45.426082448625664,39.494251528009904,0.1078000059351325,0.24519998987670988,9.969399994588457,0.10790000669658184,10.329700002330355,0,True,on_screen,0.7593817515001096
1787910427260,1566,2644,2830.9328938641947,1710.9718052240328,2840.399918662358,1693.2911631372738,2,2,terminal,0.15032215456319664,527,13,1.0,0.0008189826850109466,44.00283011951478,39.48844771063146,0.13079999189358205,0.2913999924203381,12.958299994352274,0.1708999916445464,13.431700004730374,0,True,on_screen,0.7593817515001096
1787910427293,1567,2645,2775.884631691037,1751.2829081318732,2821.0453325709614,1710.6886866356535,2,2,terminal,0.16822449963413255,560,13,1.0,0.0007117170860893064,42.700114278669005,39.48535684570721,0.15049999637994915,0.3989000106230378,11.153800005558878,0.1455999881727621,11.71510000131093,0,True,on_screen,0.7593817515001096
1787910427308,1568,2646,2697.175898453623,1774.8432976551537,2783.88450233576,1729.9350699415036,2,2,terminal,0.20945536338549686,575,13,1.0,0.0006462448063662384,44.80310172537128,39.49155014256139,0.112900001113303,0.24599999596830457,10.450200003106147,0.13559999933931977,10.840499991900288,0,True,on_screen,0.7593817515001096
1787910427340,1569,2647,2612.126643109477,1748.232375797821,2732.357144567875,1735.4242616983986,2,2,terminal,0.28045423161460126,607,13,1.0,0.0004826001075822553,43.45563344836701,39.48714342765977,0.13889999536331743,0.302100001135841,11.257699996349402,0.15040001017041504,11.722600000211969,0,True,on_screen,0.7593817515001096
1787910427357,1570,2648,2568.3029259841296,1733.1515159096975,2683.140878992751,1734.7424379617883,2,2,terminal,0.35023107550900745,625,13,1.0,0.00041101337756797515,45.179283408822805,39.49220546382273,0.14340000052470714,0.3167999966535717,11.47859999036882,0.16789999790489674,11.975100002018735,0,True,on_screen,0.7593817515001096
1787910427388,1571,2649,2515.245369867106,1702.6062141880504,2632.7722262550574,1725.1015708296668,2,2,terminal,0.427934872856896,655,13,1.0,0.0003189179404024661,43.80052055234783,39.48887855512878,0.1545999984955415,0.2919999969890341,10.648800001945347,0.13949999993201345,11.092100001405925,0,True,on_screen,0.7593817515001096
1787910427405,1572,2650,2481.538107515047,1678.6580287909558,2587.401990633054,1711.1685082180534,2,2,terminal,0.5012135671388667,672,13,1.0,0.0002877249807318842,45.61740720988559,39.494262525409354,0.17359999765176326,0.2945000014733523,10.682200008886866,0.14250000822357833,11.130400002002716,0,True,on_screen,0.7593817515001096
1787910427436,1573,2651,2432.3291426700334,1624.3359504263221,2540.8801362441477,1685.118740880534,2,2,terminal,0.5890232660819048,703,13,1.0,0.0002553954648741828,44.20041946815913,39.489812183336674,0.15469999925699085,0.3412999940337613,11.7032999987714,0.15770000754855573,12.216299990541302,0,True,on_screen,0.7593817515001096
1787910427468,1574,2652,2375.4068934434763,1565.0276245544671,2491.238163403946,1649.0914059827137,2,2,terminal,0.6911993631306399,735,13,1.0,0.00023024239195173352,42.913307750896145,39.48462681911291,0.12390001211315393,0.27999999292660505,13.966900005470961,0.1799000019673258,14.439499995205551,0,True,on_screen,0.7593817515001096
1787910427484,1575,2653,2350.35607613895,1552.0705418031143,2448.973537224447,1619.9851467288336,2,2,terminal,0.7710494360162368,751,13,1.0,0.00022366343412716025,44.89031185684294,39.49158624163106,0.1331000094069168,0.2548999909777194,11.55280000239145,0.15500000154133886,11.97199999296572,0,True,on_screen,0.7593817515001096
1787910427517,1576,2654,2346.491762005305,1525.7386802985404,2418.2290046587045,1591.7112067997455,2,2,terminal,0.8348076248809271,784,13,1.0,0.00027294920482412097,43.50541506775856,39.487669772763454,0.13590000162366778,0.3189999988535419,11.236999998800457,0.17729999672155827,11.744100003852509,0,True,on_screen,0.7593817515001096
1787910427533,1577,2655,2359.761314919204,1524.3375417839654,2400.688697736854,1571.4991072950113,2,2,terminal,0.8736793034425279,800,13,1.0,0.0003015307324301768,45.28484113256508,39.493225547775836,0.14910000027157366,0.3524999920045957,10.804400008055381,0.12770001194439828,11.296699987724423,0,True,on_screen,0.7593817515001096
1787910427564,1578,2656,2397.3379637494713,1522.860177474966,2399.683477540639,1556.9074283489977,2,2,terminal,0.8994621892146328,831,13,1.0,0.00031523209215183687,43.93724117894562,39.48715574776848,0.11699998867698014,0.2961999998660758,15.078600001288578,0.1326000055996701,15.517400010139681,0,True,on_screen,0.7593817515001096
1787910427597,1579,2657,2409.1374107013507,1534.7300670723614,2402.5196574888523,1550.2542199660068,2,2,terminal,0.9111062000336929,864,13,1.0,0.00030780378089414334,42.64611051839816,39.48568535049486,0.14030000602360815,0.28390000807121396,10.688599999411963,0.13240000407677144,11.116599998786114,0,True,on_screen,0.7593817515001096
1787910427613,1580,2658,2405.3496370681723,1537.0684793909163,2403.368651362648,1546.2984977934796,2,2,terminal,0.9179899310798099,880,13,1.0,0.000313140481705252,44.608537264132835,39.48954741319607,0.18519999866839498,0.34589999995660037,13.274500000989065,0.1649999903747812,13.800100001390092,0,True,on_screen,0.7593817515001096
1787910427644,1581,2659,2397.4146116482693,1534.1745692467905,2401.5824394483343,1542.6613192294728,2,2,terminal,0.924579988527695,911,13,1.0,0.0003346290246474641,43.28473176336308,39.487196603209604,0.12870000500697643,0.29159999394323677,10.799800002132542,0.15049999637994915,11.254500001086853,0,True,on_screen,0.7593817515001096
1787910427661,1582,2660,2391.1341766740557,1530.0116672987679,2398.4479606160508,1538.8664236502614,2,2,terminal,0.9312813977356735,928,13,1.0,0.0003413096545027243,45.141353744270276,39.49296473216851,0.1320000010309741,0.26470000739209354,10.164199993596412,0.13429998944047838,10.572499988484196,0,True,on_screen,0.7593817515001096
1787910427692,1583,2661,2372.5639584498217,1525.5887305093622,2390.682759966182,1534.8831157079915,2,2,terminal,0.9362128734495676,959,13,1.0,0.00034046970356441456,43.78180245454973,39.48876318676767,0.13929999840911478,0.3029999934369698,10.897400003159419,0.15010000788606703,11.362800010829233,0,True,on_screen,0.7593817515001096
1787910427708,1584,2662,2363.808708590734,1542.0424514532142,2382.6205445535475,1537.0309164315581,2,2,terminal,0.9277321564661049,975,13,1.0,0.0003371242503228296,45.66175778340555,39.49454366707278,0.13210000179242343,0.28500000189524144,10.399899998446926,0.14500001270789653,10.840599992661737,0,True,on_screen,0.7593817515001096
1787910427740,1585,2663,2342.1662001765817,1575.6442338153859,2370.484241240458,1548.6149116467063,2,2,terminal,0.8995237674210455,1007,13,1.0,0.00031535320457616936,44.20679544102656,39.490561377680265,0.155699992319569,0.3040000010514632,10.374400008004159,0.12959999730810523,10.818199996720068,0,True,on_screen,0.7593817515001096
1787910427772,1586,2664,2333.9331976280278,1604.5206045408327,2359.5189281567286,1565.3866195149442,2,2,terminal,0.864137664349708,1039,13,1.0,0.0003122179961408851,42.91409725345956,39.48604273107438,0.1396000006934628,0.2950999914901331,11.451800004579127,0.1348000077996403,11.891100002685562,0,True,on_screen,0.7593817515001096
1787910427788,1587,2665,2333.4640005288934,1616.849867136705,2351.702449868378,1580.8255938014722,2,2,terminal,0.8336573377636058,1055,13,1.0,0.00030864650000520313,44.87569678771156,39.49107278071487,0.14340000052470714,0.34690000757109374,12.08780000160914,0.1801999896997586,12.62779999524355,0,True,on_screen,0.7593817515001096
1787910427820,1588,2666,2337.646372412581,1637.9010151660316,2347.485626631639,1597.9482202108397,2,2,terminal,0.8036569248461509,1087,13,1.0,0.0002976839753203696,43.50582973673695,39.487956556868184,0.11389999417588115,0.28759999258909374,10.777399991638958,0.1281000004382804,11.202199995750561,0,True,on_screen,0.7593817515001096
1787910427836,1589,2667,2325.8040460375464,1646.2295988041324,2340.981152453411,1612.4326337888274,2,2,terminal,0.7756663250637018,1103,13,1.0,0.0002900833393587633,45.4503749621633,39.49367567720969,0.10119999933522195,0.24139999004546553,10.48540000920184,0.12590001279022545,10.860599999432452,0,True,on_screen,0.7593817515001096
1787910427868,1590,2668,2311.7298421615446,1646.672574776096,2332.205759365851,1622.704616085008,2,2,terminal,0.752336247744185,1135,13,1.0,0.0002646237869956339,44.0438428477823,39.48926830141825,0.11100000119768083,0.2634999982547015,11.373799992725253,0.21099999139551073,11.858900004881434,0,True,on_screen,0.7593817515001096
1787910427901,1591,2669,2301.3687922850895,1649.569917766706,2322.9546692416225,1630.7642065895172,2,2,terminal,0.7318669722156427,1168,13,1.0,0.0002523442647364392,42.72892010066727,39.485495969109756,0.13770000077784061,0.4712999943876639,10.659100007615052,0.12790001346729696,11.271100011072122,0,True,on_screen,0.7593817515001096
1787910427916,1592,2670,2298.0269778729207,1648.0727759650172,2315.4763618310117,1635.956777402167,2,2,terminal,0.7171766501417445,1183,13,1.0,0.00024256010766402283,44.831627395212934,39.49110647931534,0.09960000170394778,0.24530000519007444,10.928099989541806,0.12399999832268804,11.305299995001405,0,True,on_screen,0.7593817515001096
1787910427948,1593,2671,2299.858738217312,1646.4015991005738,2310.7910747469014,1639.090223911689,2,2,terminal,0.7080762356638346,1215,13,1.0,0.0002347761248798104,43.47792413603865,39.48724422231638,0.152299995534122,0.25260000256821513,10.881199996219948,0.14540000120177865,11.288599998806603,0,True,on_screen,0.7593817515001096
1787910427966,1594,2672,2313.1554122827147,1641.9917619901025,2311.500376007645,1639.960685335213,2,2,terminal,0.7074522303575792,1233,13,1.0,0.0002273590903495125,44.683219239371766,39.491468653740185,0.189200000022538,0.3978000022470951,10.801099997479469,0.15190000704023987,11.366900012944825,0,True,on_screen,0.7593817515001096
1787910427996,1595,2673,2328.694748669762,1629.2874901399202,2316.65868780628,1636.7587267766248,2,2,terminal,0.7170650318246253,1263,13,1.0,0.00024177652432137361,43.55708745211051,39.489140468641196,0.11300000187475234,0.2649999951245263,10.350099997594953,0.1337999856332317,10.758700009319,0,True,on_screen,0.7593817515001096
1787910428012,1596,2674,2343.6873803671015,1629.781475357991,2324.7672955745265,1634.6655513510345,2,2,terminal,0.7274824305802021,1279,13,1.0,0.0002504787467349674,45.40851070131087,39.49472808078263,0.10399999155197293,0.235399988014251,10.018100001616403,0.13020000187680125,10.391600008006208,0,True,on_screen,0.7593817515001096
1787910428044,1597,2675,2360.876786974068,1630.6362728059305,2335.600142994389,1633.4567677875032,2,2,terminal,0.7382114572659121,1311,13,1.0,0.0003117818536020958,43.99147843750688,39.48967162253474,0.11189999349880964,0.309199996991083,11.861899998621084,0.18869999621529132,12.371800010441802,0,True,on_screen,0.7593817515001096
1787910428076,1598,2676,2420.1572321040926,1623.3253637699463,2360.9672697273,1630.417346582236,2,2,terminal,0.7594985580561575,1343,13,1.0,0.0003898103223527634,42.728041004263105,39.48670983883838,0.11569999333005399,0.2558999985922128,10.481700010132045,0.13919999764766544,10.886899995966814,0,True,on_screen,0.7593817515001096
1787910428092,1599,2677,2440.25258110152,1623.369823031065,2384.7528631395658,1628.3030895168845,2,2,terminal,0.771736745205353,1359,13,1.0,0.00040591745910487087,44.688407344616074,39.49241789391554,0.10209999163635075,0.23589999182149768,10.000900001614355,0.12620000052265823,10.370000003604218,0,True,on_screen,0.7593817515001096
1787910428124,1600,2678,2464.5341848693347,1630.9084070091817,2408.6872596584963,1629.0846847645735,2,2,terminal,0.7714349960027609,1391,13,1.0,0.000439842768044537,43.32855531734833,39.487129309543995,0.09660000796429813,0.2567000046838075,12.171200010925531,0.1697999978205189,12.608599994564429,0,True,on_screen,0.7593817515001096
1787910428140,1601,2679,2475.6094592130535,1642.5171358310122,2428.763919524863,1633.114420084505,2,2,terminal,0.7594040125983672,1407,13,1.0,0.00046152619909183706,45.1946744800208,39.49292784780327,0.14229999214876443,0.28809999639634043,11.396900008548982,0.14370000280905515,11.84020000800956,0,True,on_screen,0.7593817515001096
1787910428173,1602,2680,2491.978569284476,1659.2884126090928,2447.728314452747,1640.966617841881,2,2,terminal,0.7370722120428832,1440,13,1.0,0.0004990153786987132,43.77541505548585,39.48886933649684,0.10689999908208847,0.3617999900598079,11.387299993657507,0.12120000610593706,11.879700003191829,0,True,on_screen,0.7593817515001096
1787910428204,1603,2681,2531.3429463765883,1665.1487744050564,2472.812704029899,1648.2212648108336,2,2,terminal,0.7082531773584523,1471,13,1.0,0.0005172187642283367,42.55736133425438,39.48517889420683,0.10320000001229346,0.2818999928422272,11.469200006104074,0.1373999984934926,11.898199998540804,0,True,on_screen,0.7593817515001096
1787910428221,1604,2682,2542.1890980911044,1666.6581956032655,2493.6256222482607,1653.7523440485631,2,2,terminal,0.6819734480095776,1488,13,1.0,0.000524563165468242,44.27334314272881,39.489841195651856,0.8280000038212165,0.27380000392440706,12.003700001514517,0.17159999697469175,12.459499994292855,0,True,on_screen,0.7593817515001096
1787910428252,1605,2683,2563.0698345394467,1669.9044573498782,2514.4588859356163,1658.5979780389575,2,2,terminal,0.6544641968118836,1519,13,1.0,0.0005315175414729902,43.0562610904112,39.48681295421551,0.10449999535921961,0.27889999910257757,11.424099997384474,0.12989999959245324,11.842300009448081,0,True,on_screen,0.7593817515001096
1787910428268,1606,2684,2569.9742091617295,1670.1237104532909,2531.11348290345,1662.0556977632575,2,2,terminal,0.631733170812175,1535,13,0.8,0.0005334887829774974,44.995755981924304,39.492461541654194,0.10009999095927924,0.24360000679735094,11.056000003009103,0.12569999671541154,11.432600003900006,0,True,on_screen,0.7593817515001096
1787910428300,1607,2685,2583.1953218019707,1671.6055720214392,2546.738034573006,1664.920660040712,2,2,terminal,0.6100078632526558,1567,13,0.8,0.0005333877464794197,43.60516909092574,39.48771221738824,0.1655000087339431,0.37900000461377203,12.211900000693277,0.1655999949434772,12.766699990606867,0,True,on_screen,0.7593817515001096
1787910428317,1608,2686,2588.785848247968,1672.5778670361262,2559.3523786754945,1667.217822139336,2,2,terminal,0.5919238345914646,1584,13,0.8,0.0005337707003746674,45.43070387375149,39.49391271030432,0.17309999384451658,0.3158999898005277,10.765999992145225,0.15019999409560114,11.24619999609422,0,True,on_screen,0.7593817515001096
1787910428348,1609,2687,2600.3990453637,1677.659957023981,2571.6663786819563,1670.3504626047295,2,2,terminal,0.5727427364144806,1615,13,0.8,0.0005338161131174905,44.03200082349634,39.49004231835145,0.10540000221226364,0.27859999681822956,10.974800010444596,0.16880000475794077,11.431599996285513,0,True,on_screen,0.7593817515001096
1787910428380,1610,2688,2607.250985058887,1680.5356406845574,2582.3417605950353,1673.4060160286779,2,2,terminal,0.5554527754350504,1648,13,0.8,0.0005348197623841061,42.7522390222615,39.48673235583367,0.11300000187475234,0.38409999979194254,9.910199994919822,0.1402000052621588,10.444300001836382,0,True,on_screen,0.7593817515001096
1787910428397,1611,2689,2611.6579908192075,1682.6769858864923,2591.136629662287,1676.1873069860221,2,2,terminal,0.5407519228976153,1664,13,0.8,0.0005327807071462652,44.67449150665209,39.49020567633969,0.19770000653807074,1.513900002464652,11.949099993216805,0.1647000026423484,13.64419999299571,0,True,on_screen,0.7593817515001096
1787910428428,1612,2690,2628.366822034014,1684.8852837311626,2602.305687373805,1678.7967000095641,2,2,terminal,0.5230145277965069,1695,13,0.8,0.0005331423003898904,43.34729219407348,39.48772182136014,0.1976000057766214,0.2964000013889745,10.953799996059388,0.14390000433195382,11.407199999666773,0,True,on_screen,0.7593817515001096
1787910428445,1613,2691,2636.6280584689757,1686.6387667058914,2612.602398702356,1681.1493200184623,2,2,terminal,0.5065508535159107,1712,13,0.8,0.0005318364726200758,45.114142063993334,39.493009843653475,0.12110000534448773,0.26619998971000314,10.792200002470054,0.1475999888498336,11.21729999431409,0,True,on_screen,0.7593817515001096
1787910428476,1614,2692,2649.971342973326,1686.9085919816687,2623.813081983647,1682.8771016074243,2,2,terminal,0.4893875004300471,1743,13,0.8,0.0005341125957380455,43.765923445382754,39.48917657852214,0.1453000004403293,0.33540000731591135,11.031200003344566,0.16160000814124942,11.541400002897717,0,True,on_screen,0.7593817515001096
1787910428508,1615,2693,2667.184721450238,1687.3211196148293,2636.824573823624,1684.2103070096455,2,2,terminal,0.469944188345635,1775,13,0.8,0.0005268578377186917,42.51982903778849,39.485205352478296,0.2046999870799482,0.3186999965691939,11.300099999061786,0.14709999959450215,11.779700012993999,0,True,on_screen,0.7593817515001096
1787910428524,1616,2694,2671.7261464617673,1686.7486316165487,2647.295045615067,1684.9718043917162,2,2,terminal,0.4544201906619709,1791,13,0.8,0.0005243895782920775,44.5203471294314,39.49090008579956,0.15180000627879053,0.3171999996993691,10.798800009069964,0.1432999997632578,11.273399999481626,0,True,on_screen,0.7593817515001096
1787910428556,1617,2695,2681.3150910234694,1688.0792203372703,2657.5010592375875,1685.9040291753822,2,2,terminal,0.438915177143573,1823,13,0.8,0.0005207837385085984,43.20953881416668,39.487155881667974,0.12280000373721123,0.28449999808799475,10.79639999079518,0.13810000382363796,11.232299992116168,0,True,on_screen,0.7593817515001096
1787910428572,1618,2696,2680.3059096089983,1689.8850783962666,2664.342514349011,1687.0983439416475,2,2,terminal,0.4278554175604462,1839,13,0.8,0.0005213650655528472,45.080305364035354,39.49216092763695,0.2032000047620386,0.3656999906525016,11.222100001759827,0.14990000636316836,11.752999998861924,0,True,on_screen,0.7593817515001096
1787910428604,1619,2697,2681.691119320813,1692.9490430694552,2669.5470958405513,1688.8535536799898,2,2,terminal,0.4185522674302746,1871,13,0.8,0.0005167068645617404,43.699297621046746,39.48866139678344,0.155999994603917,0.2998000127263367,10.701200008043088,0.13440000475384295,11.147299999720417,0,True,on_screen,0.7593817515001096
1787910428620,1620,2698,2681.3056371097755,1693.6243495508152,2673.0746582213183,1690.2847924412372,2,2,terminal,0.4119955052182289,1887,13,0.8,0.0005152084019462745,45.60754116362451,39.49448482281963,0.13269999180920422,0.23360000341199338,10.11119999748189,0.11670000094454736,10.468499996932223,0,True,on_screen,0.7593817515001096
1787910428652,1621,2699,2684.128451070117,1693.768620482162,2676.390796075958,1691.3299408535145,2,2,terminal,0.4061304173315291,1919,13,0.8,0.000511115907561293,44.178991116713284,39.48997025205144,0.10509999992791563,0.2573000092525035,11.178700005984865,0.22850000823382288,11.675200003082864,0,True,on_screen,0.7593817515001096
1787910428685,1622,2700,2684.7570320474256,1693.9920698531025,2678.9006668673983,1692.1285795533906,2,2,terminal,0.40168001261511055,1952,13,0.8,0.000500481074957277,42.84163590574699,39.485812012133316,0.13249999028630555,0.3577999887056649,11.227499999222346,0.13519999629352242,11.736100001144223,0,True,on_screen,0.7593817515001096
1787910428700,1623,2701,2684.395290417254,1693.1592493501305,2680.5490539323546,1692.4377804924125,2,2,terminal,0.39897073554897067,1967,13,0.8,0.0004966764807161801,44.89496938036867,39.491570519884235,0.13720001152250916,0.2703000063775107,10.89640001009684,0.1311999949393794,11.308199987979606,0,True,on_screen,0.7593817515001096
1787910428732,1624,2702,2676.1268587925983,1696.5012054242738,2679.2223953904277,1693.6568079719707,2,2,terminal,0.39967729921880824,2000,13,0.8,0.0004926000781631211,43.54370204168683,39.48747254015172,0.15490000077988952,0.2888000017264858,11.391600011847913,0.17309999384451658,11.86539999616798,0,True,on_screen,0.7593817515001096
1787910428748,1625,2703,2671.842867327712,1698.6787677262078,2677.008536971613,1695.1633958982418,2,2,terminal,0.40135796448593963,2015,13,0.8,0.0004968710981045309,45.38919048110823,39.49281777596159,0.18909999926108867,0.4006000090157613,11.16540000657551,0.2148000057786703,11.795999991591088,0,True,on_screen,0.7593817515001096
1787910428780,1626,2704,2687.458877659723,1693.488491322068,2680.1436391780458,1694.6609245253894,2,2,terminal,0.39732873531748036,2047,13,0.8,0.0005521615064252548,43.984782716186814,39.489305433717334,0.1252999936696142,0.2792000013869256,10.85639999655541,0.15539999003522098,11.30379999813158,0,True,on_screen,0.7593817515001096
1787910428797,1627,2705,2712.938648683438,1688.986093544871,2689.982142029663,1692.9584752312337,2,2,terminal,0.38464656517632445,2064,13,0.8,0.0006022574194506705,45.7403020823661,39.494469563142594,0.12659998901654035,0.2623000036692247,11.002999992342666,0.14569998893421143,11.420599999837577,0,True,on_screen,0.7593817515001096
1787910428828,1628,2706,2740.886199548766,1684.4835500160852,2705.253359285394,1690.415997666689,2,2,terminal,0.3643992256713747,2095,13,0.8,0.0006717062142456535,44.30862354729296,39.490173166656504,0.14899999951012433,0.3437999985180795,11.858700003358535,0.15300000086426735,12.371900011203252,0,True,on_screen,0.7593817515001096
1787910428860,1629,2707,2765.19654807197,1676.0548018789161,2723.2363159213664,1686.107638930357,2,2,terminal,0.3410612483714569,2127,13,0.8,0.0006808951855520329,43.00215584011717,39.48699804963787,0.16930000856518745,0.2965000021504238,10.75269999273587,0.13869999384041876,11.20019999507349,0,True,on_screen,0.7593817515001096
1787910428876,1630,2708,2742.642250942021,1695.7392386404829,2729.0580964275628,1688.9971188433947,2,2,terminal,0.32960047465568454,2143,13,0.8,0.0006812875402667541,45.00008167902435,39.492697631763306,0.11719999019987881,0.2778000052785501,10.339899992686696,0.12289998994674534,10.74990000051912,0,True,on_screen,0.7593817515001096
1787910428908,1631,2709,2640.89437942131,1714.965243792417,2702.6089813256867,1696.7875563281013,2,2,terminal,0.36229202089164436,2175,13,0.8,0.0005630149958463469,43.61584304380563,39.487356681887015,0.15899998834356666,0.35659999412018806,12.737299999571405,0.14779999037273228,13.254300007247366,0,True,on_screen,0.7593817515001096
1787910428924,1632,2710,2537.5873398338404,1723.7301825208976,2653.1024888781326,1704.8703441859402,2,2,terminal,0.4247273679954069,2191,13,0.8,0.0005366326433031803,45.52711545699509,39.49385802449529,0.1345000055152923,0.2874999918276444,10.867099990718998,0.1725999900372699,11.339599994244054,0,True,on_screen,0.7593817515001096
1787910428956,1633,2711,2408.1627808747,1716.2942171963846,2579.6205764771025,1708.2975060890735,2,2,terminal,0.5140828377520652,2223,13,0.8,0.00048232340528485407,44.09960900380476,39.49033496921121,0.10679999832063913,0.2582000015536323,10.379899991676211,0.1382999907946214,10.78599999891594,0,True,on_screen,0.7593817515001096
1787910428988,1634,2712,2317.2864232196844,1682.5098679187513,2500.920330499877,1700.5612146379767,2,2,terminal,0.6033468909672819,2255,13,0.8,0.0003868950068474687,42.82312808343018,39.48659477062957,0.1024999946821481,0.2938999969046563,10.247900005197152,0.1458999904571101,10.700200000428595,0,True,on_screen,0.7593817515001096
1787910429004,1635,2713,2289.9258777175787,1662.4366721753427,2437.6219946651872,1689.1238518991863,2,2,terminal,0.6593350949578449,2271,13,0.8,0.0003413116147651593,44.79621055349797,39.491438886338166,0.13410000246949494,0.28369999199640006,11.134500004118308,0.18220000492874533,11.61129999672994,0,True,on_screen,0.7593817515001096
1787910429037,1636,2714,2261.553874349944,1618.8929554444992,2384.8015585706144,1668.0545829627802,2,2,terminal,0.7018924887657206,2304,13,0.8,0.0002627206642930417,43.40953881094726,39.48745102337536,0.1858999894466251,0.3890999942086637,11.00689999293536,0.1260999997612089,11.542000007466413,0,True,on_screen,0.7593817515001096
1787910429052,1637,2715,2254.6612413271528,1597.9028688082537,2345.759463397576,1647.0090687164222,2,2,terminal,0.7231705834056383,2319,13,0.8,0.0002597677489902285,45.4413807396829,39.493235716414326,0.10469999688211828,0.24419999681413174,10.740400000941008,0.11199999426025897,11.103900003945455,0,True,on_screen,0.7593817515001096
1787910429085,1638,2716,2239.746901533356,1591.6131418561172,2313.9556948383097,1630.3902906583307,2,2,terminal,0.724008707840136,2352,13,0.8,0.0002467204588316209,43.990201544951574,39.4891441791007,0.17020000086631626,0.36959999124519527,10.69429999915883,0.14239999291021377,11.219000007258728,0,True,on_screen,0.7593817515001096
1787910429101,1639,2717,2236.2285850816493,1592.9378756454648,2290.6375619113114,1619.1545661544708,2,2,terminal,0.7142701402599412,2368,13,0.8,0.00023859739610415306,45.860302205013944,39.494658561113255,0.16930000856518745,0.3237000055378303,10.505600002943538,0.14279999595601112,10.984399996232241,0,True,on_screen,0.7593817515001096
1787910429133,1640,2718,2222.2692009086636,1607.281653823316,2270.127053610517,1615.592692455124,2,2,terminal,0.692841072741485,2400,13,0.8,0.00023584745750964212,44.40069841684478,39.49089540675346,0.12320000678300858,0.3102000046055764,10.427000001072884,0.12880000576842576,10.877099994104356,0,True,on_screen,0.7593817515001096
1787910429164,1641,2719,2216.8675680541505,1607.5224765956252,2254.149207943607,1613.1716276972743,2,2,terminal,0.6738591001169077,2431,13,0.8,0.00023758367845818848,43.09118531376053,39.48725914538166,0.11539999104570597,0.25749999622348696,10.189499997068197,0.13919999764766544,10.596300009638071,0,True,on_screen,0.7593817515001096
1787910429181,1642,2720,2222.4297683426876,1608.0765250794138,2244.633376063331,1611.643096911916,2,2,terminal,0.6620037336968987,2448,13,0.8,0.00022423714325050734,44.97175599919922,39.49077344538189,0.19239999528508633,0.3488000074867159,13.032000002567656,0.23890000011306256,13.634900009492412,0,True,on_screen,0.7593817515001096
1787910429213,1643,2721,2276.5716306698923,1564.422277544744,2254.2148524452996,1597.4768511017642,2,2,terminal,0.6901782269602335,2480,13,0.8,0.00026239616408304037,43.58599711988307,39.48864311485456,0.1348000077996403,0.34410000080242753,10.037000000011176,0.13259999104775488,10.5347999924561,0,True,on_screen,0.7593817515001096
1787910429228,1644,2722,2321.8683421871647,1549.4672582146522,2274.510899367859,1583.0739732356305,2,2,terminal,0.7341257125542697,2495,13,0.8,0.00029404032546414757,45.60360649946409,39.49375912929616,0.09609998960513622,0.259000007645227,10.855199987418018,0.12330000754445791,11.245900008361787,0,True,on_screen,0.7593817515001096
1787910429260,1645,2723,2386.9541546601363,1546.192683822567,2308.243875955542,1572.0095864117113,2,2,terminal,0.7939388564883778,2527,13,0.8,0.0003397022925023252,44.16413992257526,39.49017153078992,0.09820000559557229,0.2607999922474846,10.394400000222959,0.12379999679978937,10.787999999593012,0,True,on_screen,0.7593817515001096
1787910429293,1646,2724,2398.711379891666,1550.982371259044,2335.384127136379,1565.701421865911,2,2,terminal,0.8371994485832299,2560,13,0.8,0.0003199426233073191,42.84345197124213,39.48565973826276,0.14509999891743064,0.38979999953880906,11.104299992439337,0.13309999485500157,11.689999999362044,0,True,on_screen,0.7593817515001096
1787910429308,1647,2725,2386.482865417731,1543.1679190587606,2350.7137486207844,1558.941371023766,2,2,terminal,0.864263007290977,2575,13,0.8,0.0003321307559873664,45.062325866150445,39.49141869876467,0.09840000711847097,0.24190000840462744,11.187999989488162,0.13679999392479658,11.574799995287322,0,True,on_screen,0.7593817515001096
1787910429340,1648,2726,2389.0420121605553,1542.1888878388065,2362.212227682716,1553.915626068278,2,2,terminal,0.883684175589771,2607,13,0.8,0.00035670766142260543,43.67358208025154,39.48701283084686,0.12339999375399202,0.32380000629927963,12.060799999744631,0.12700000661425292,12.521500000730157,0,True,on_screen,0.7593817515001096
1787910429356,1649,2727,2383.6468508755893,1520.6614901719565,2368.642614640578,1543.9393852993815,2,2,terminal,0.9046336455353414,2623,13,0.8,0.0003770323863102956,45.50565972071189,39.49192072707023,0.10250000923406333,0.27040000713896006,12.68099999288097,0.1627000019652769,13.133299988112412,0,True,on_screen,0.7593817515001096
1787910429388,1650,2728,2429.6470970030314,1476.1859888801928,2386.943959349314,1523.6133663736248,2,2,terminal,0.9523311441740685,2655,13,0.8,0.00045988287886733134,44.070970074015335,39.48910741464581,0.13420000323094428,0.29009999707341194,10.85199999215547,0.12880000576842576,11.28239999525249,0,True,on_screen,0.7593817515001096
1787910429404,1651,2729,2460.681644912373,1476.196961217052,2409.0652650182315,1509.3884448266526,2,2,terminal,0.9769437312278476,2671,13,0.6,0.0005046892931566994,45.98826371305522,39.49480417340604,0.1041999930748716,0.23859999782871455,10.441399994306266,0.1382000045850873,10.825800010934472,0,True,on_screen,0.7593817515001096
1787910429436,1652,2730,2502.100466537105,1472.78746220854,2436.9758254738936,1498.4081500412187,2,2,terminal,0.9346156648334958,2703,13,0.6,0.000532022149408163,44.50464391097253,39.490170500213075,0.12040000001434237,0.28199999360367656,11.67130000249017,0.19109999993816018,12.155999997048639,0,True,on_screen,0.7593817515001096
1787910429468,1653,2731,2496.5022508582542,1477.5238208409082,2454.8337530892018,1492.1428512811253,2,2,terminal,0.9021377808749524,2735,13,0.6,0.0005168532113289798,43.183178771978206,39.48667667332759,0.1387999946018681,0.2910999901359901,11.198000007425435,0.13760000001639128,11.638399999355897,0,True,on_screen,0.7593817515001096
1787910429484,1654,2732,2483.8289483660838,1479.3667484898494,2463.532311672266,1488.3100204437424,2,2,terminal,0.8858756092866017,2751,13,0.6,0.0005210305479813569,45.139016393502175,39.492315300659946,0.11169999197591096,0.2638000005390495,10.741100006271154,0.13390000094659626,11.146700009703636,0,True,on_screen,0.7593817515001096
1787910429516,1655,2733,2467.6737573185596,1487.0854301392337,2464.774745366154,1487.9426433523897,2,2,terminal,0.883599186176676,2783,13,0.6,0.00048388167861046494,43.74011754181511,39.488202895050144,0.13590000162366778,0.2854999911505729,11.095900001237169,0.1812999980757013,11.572400006116368,0,True,on_screen,0.7593817515001096
1787910429533,1656,2734,2453.3810840922833,1492.0891039165206,2461.3566469839925,1489.1865815216288,2,2,terminal,0.8899329430883753,2800,13,0.6,0.00046170870417303403,45.486918387094505,39.49233267917198,0.18190000264439732,0.3564999933587387,12.802900004317053,0.14519999967887998,13.318400000571273,0,True,on_screen,0.7593817515001096
1787910429564,1657,2735,2439.3831750554073,1477.1075427998785,2454.7646054054167,1485.5628699051035,2,2,terminal,0.8999439493758412,2831,13,0.6,0.00041904419699591647,44.09201472162386,39.489867836982434,0.15329998859670013,0.262700006715022,10.852899999008514,0.13020000187680125,11.254500001086853,0,True,on_screen,0.7593817515001096
1787910429597,1658,2736,2426.7763658321287,1477.3440458296186,2446.3681335334304,1483.0972226824579,2,2,terminal,0.9128100698393895,2864,13,0.6,0.0003703762188545477,42.793387959103526,39.48623153711734,0.1244999875780195,0.35060000664088875,10.311699996236712,0.13649999164044857,10.809300001710653,0,True,on_screen,0.7593817515001096
1787910429612,1659,2737,2446.9393978411463,1463.197505390337,2446.539512825745,1477.1273074948215,2,2,terminal,0.9083872082647173,2879,13,0.6,0.0003735403446173055,44.848816264352585,39.49138900146033,0.09629999112803489,0.2477999951224774,10.862099996302277,0.16119999054353684,11.29650000075344,0,True,on_screen,0.7593817515001096
1787910429645,1660,2738,2440.8728571701363,1459.695856600266,2444.8395161290623,1471.8978722264546,2,2,terminal,0.9065117692505221,2912,13,0.6,0.0003999441996684165,43.44935448607983,39.48723013623511,0.21949999791104347,0.3858999989461154,10.970299990731291,0.13559999933931977,11.510099997394718,0,True,on_screen,0.7593817515001096
1787910429660,1661,2739,2464.1838291712857,1448.6204005092654,2450.6428100417293,1464.9146307112978,2,2,terminal,0.8911575296342067,2927,13,0.6,0.00042684534650027153,45.562865393552855,39.49304421441524,0.09970000246539712,0.25490000552963465,10.740000012447126,0.1360000023851171,11.13939999777358,0,True,on_screen,0.7593817515001096
1787910429693,1662,2740,2528.878070918443,1435.8639621570874,2474.1133883047432,1456.1994301450345,2,2,terminal,0.8479100625247015,2960,13,0.6,0.0004408590951005889,44.09647951437143,39.48934756617495,0.11110000195913017,0.2884999994421378,10.191800000029616,0.10149998706765473,10.59200000599958,0,True,on_screen,0.7593817515001096
1787910429709,1663,2741,2545.9260635296973,1428.1336638283437,2495.6571908722294,1447.7797002500272,2,2,terminal,0.8074640469106295,2976,13,0.6,0.00045710089888038874,45.61985954048148,39.49263157761442,1.125000009778887,0.5286999949021265,12.583399991854094,0.16569999570492655,13.288299989653751,0,True,on_screen,0.7593817515001096
1787910429741,1664,2742,2545.990227391764,1427.970593919259,2510.7571018280896,1441.8369683507967,2,2,terminal,0.7789899911317923,3008,13,0.6,0.0004827291695049564,44.24537856676225,39.489540229635274,0.13749999925494194,0.3338999958941713,12.186799998744391,0.12959999730810523,12.671899996348657,0,True,on_screen,0.7593817515001096
1787910429773,1665,2743,2537.212094107661,1421.4342973743012,2518.693599511961,1435.716167057848,2,2,terminal,0.7615293882769691,3040,13,0.6,0.0005182251748051189,42.97470845697714,39.48647952854715,0.19509998674038798,0.3254000039305538,11.202900001080707,0.13470000703819096,11.672200009343214,0,True,on_screen,0.7593817515001096
1787910429788,1666,2744,2543.1105536941554,1417.589214917437,2526.0186857666195,1430.2780814157245,2,2,terminal,0.7455645947443188,3055,13,0.6,0.0005362719260424559,45.05470728117808,39.49221065222589,0.11020000965800136,0.26050000451505184,10.784300000523217,0.17880000814329833,11.232699995161965,0,True,on_screen,0.7593817515001096
1787910429821,1667,2745,2585.3985491511357,1420.8596808321677,2543.832644781974,1427.4525612406574,2,2,terminal,0.7154029033629712,3088,13,0.6,0.0005977328157378177,43.62346376920341,39.487245132165015,0.14870001177769154,0.3956000000471249,12.21149999764748,0.14290001126937568,12.765899999067187,0,True,on_screen,0.7593817515001096
1787910429836,1668,2746,2599.318901244372,1429.2210459054359,2560.478521720693,1427.9831066400907,2,2,terminal,0.6892490828158184,3103,13,0.6,0.0006195122246801417,45.667103149190524,39.49340881182099,0.09780000254977494,0.26339999749325216,11.229399999137968,0.12650000280700624,11.626999999862164,0,True,on_screen,0.7593817515001096
1787910429869,1669,2747,2616.4046871020337,1440.4200562679182,2577.256371335095,1431.7141915284387,2,2,terminal,0.6644141053488302,3136,13,0.6,0.0006393287782298397,44.20159113734945,39.489111070252555,0.17269999079871923,0.33519999124109745,11.677799993776716,0.24519998987670988,12.272500011022203,0,True,on_screen,0.7593817515001096
1787910429900,1670,2748,2659.3638102536984,1444.7622143478284,2601.888603010676,1435.6285983742555,2,2,terminal,0.6256395992454098,3167,13,0.6,0.0005910942934318694,42.940979702248804,39.48561332841213,0.14390000433195382,0.3254999901400879,11.625800005276687,0.14430000737775117,12.10989999526646,0,True,on_screen,0.7593817515001096
1787910429916,1671,2749,2668.1411919298293,1441.6746104152217,2621.7643796864218,1437.4424019865453,2,2,terminal,0.5929273333277285,3183,13,0.6,0.0005690135335299391,44.83718400468666,39.49125682177185,0.1205000007757917,0.27579999004956335,10.89720000163652,0.14769998961128294,11.332299996865913,0,True,on_screen,0.7593817515001096
1787910429948,1672,2750,2661.537182968391,1445.3736334788282,2633.6962206710123,1439.82177143423,2,2,terminal,0.5736688513831203,3215,13,0.6,0.0005271746717707519,43.485130178154684,39.487356301437494,0.12440000136848539,0.2750999992713332,11.149900004966184,0.16280000272672623,11.60100000561215,0,True,on_screen,0.7593817515001096
1787910429964,1673,2751,2661.8194964390177,1455.8002217669405,2642.133203401414,1444.6153065340432,2,2,terminal,0.561184375282632,3231,13,0.6,0.00047710492291917414,45.34374915475062,39.49290864126496,0.12620000052265823,0.27879999834112823,10.566299999481998,0.1627000019652769,11.02010000613518,0,True,on_screen,0.7593817515001096
1787910429996,1674,2752,2630.424207476885,1486.0401575052551,2638.6205046240552,1457.0427618254066,2,2,terminal,0.5716613491541414,3263,13,0.6,0.0003796517593395998,43.938794545748095,39.489070999256114,0.17010000010486692,0.3176000027451664,10.691100003896281,0.13670000771526247,11.158400011481717,0,True,on_screen,0.7593817515001096
1787910430012,1675,2753,2603.5465886533666,1507.3590303130827,2628.0983298328483,1472.1376423717093,2,2,terminal,0.594031886252943,3279,13,0.6,0.000328135264701563,45.804147459628524,39.49456052162627,0.10529998689889908,0.2511000056983903,10.4185999953188,0.13649999164044857,10.815300003741868,0,True,on_screen,0.7593817515001096
1787910430045,1676,2754,2570.3310739775898,1546.1699084264399,2610.7681530762707,1494.3473221881286,2,2,terminal,0.6275097839656952,3312,13,0.6,0.00023999187261279295,44.323431422776984,39.49036771355029,0.19749999046325684,0.3842000005533919,10.727399989264086,0.13529999705497175,11.277700003120117,0,True,on_screen,0.7593817515001096
1787910430076,1677,2755,2536.7811248344274,1577.9340484379225,2588.5720446037176,1519.423340063067,2,2,terminal,0.6650941486145178,3343,13,0.6,0.0001583905404537629,43.031900305824806,39.48697094069741,0.1615999935893342,0.3603000077418983,10.264700002153404,0.12490000517573208,10.762699996121228,0,True,on_screen,0.7593817515001096
1787910430092,1678,2756,2510.3910116556917,1597.8621514234023,2565.1177347193097,1542.9549834711675,2,2,terminal,0.69858326137371,3359,13,0.6,0.00012089840946411315,45.02308562028094,39.49206243577292,0.10740000288933516,0.2618000144138932,10.78830000187736,0.14239999291021377,11.201899993466213,0,True,on_screen,0.7593817515001096
1787910430124,1679,2757,2468.195874089103,1618.5543754851644,2536.041176530248,1565.6348010753663,2,2,terminal,0.7331512277698244,3391,13,0.6,8.166026254788697e-05,43.64654873268834,39.488102422365074,0.1281000004382804,0.4236999957356602,10.965099994791672,0.13059999037068337,11.532399992574938,0,True,on_screen,0.7593817515001096
1787910430140,1680,2758,2465.09930137352,1621.5636889052166,2514.7586139832297,1582.4134674243214,2,2,terminal,0.7503965748662728,3407,13,0.6,6.91212697456478e-05,45.5197689924804,39.492941051333645,0.12939999578520656,0.25719999393913895,11.833199998363853,0.16739999409765005,12.268200007383712,0,True,on_screen,0.7593817515001096
1787910430172,1681,2759,2461.690230688194,1630.784624675732,2498.8380989947186,1596.9248145997444,2,2,terminal,0.7554374749768327,3439,13,0.6,4.7857830387524475e-05,44.09716343374095,39.489809014989305,0.15100000018719584,0.36359998921398073,10.671299998648465,0.12830000196117908,11.174700004630722,0,True,on_screen,0.7593817515001096
1787910430204,1682,2760,2459.5902442022457,1631.6176978849007,2487.0637425569766,1607.332679585291,2,2,terminal,0.7558397447187435,3471,13,0.6,4.544705959045117e-05,42.83898898161835,39.486483376870574,0.14060000830795616,0.2623000036692247,10.261199990054592,0.12060000153724104,10.653699995600618,0,True,on_screen,0.7593817515001096
1787910430220,1683,2761,2457.3910320783652,1636.4886562006443,2478.161929413393,1616.079472569897,2,2,terminal,0.7527698310584614,3487,13,0.6,5.3846682851927535e-05,44.77476914779953,39.49121899229215,0.10689999908208847,0.24920000578276813,11.090400003013201,0.16680000408086926,11.516099999425933,0,True,on_screen,0.7593817515001096
1787910430252,1684,2762,2470.709432670719,1636.7459737229474,2475.9261803905906,1622.279422915812,2,2,terminal,0.7457168276026784,3519,13,0.6,6.258709658491998e-05,43.41571431177575,39.48760015083706,0.16360000881832093,0.2928000030806288,10.743300008471124,0.1314000110141933,11.179900000570342,0,True,on_screen,0.7593817515001096
1787910430268,1685,2763,2468.3076465127524,1651.6228188148227,2473.640620227239,1631.0824416855153,2,2,terminal,0.7343797011684934,3535,13,0.6,8.54100495583203e-05,45.293512488350316,39.4932623651082,0.10039999324362725,0.2525999880162999,10.000000009313226,0.1328000071225688,10.393700009444728,0,True,on_screen,0.7593817515001096
1787910430300,1686,2764,2492.0413349207847,1691.2406750899397,2479.1608346353028,1649.1299117068424,2,2,terminal,0.701720663215945,3567,13,0.6,0.0001412191032212802,43.88794101305716,39.489425614755966,0.10269999620504677,0.3040000010514632,10.073999990709126,0.11439999798312783,10.501800003112294,0,True,on_screen,0.7593817515001096
1787910430316,1687,2765,2508.511189986558,1718.8720028670648,2487.965941240679,1670.0525390549092,2,2,terminal,0.6617595612049512,3583,13,0.6,0.0001740003043903364,45.7252154584831,39.49398670200473,0.13410000246949494,0.25040000036824495,11.237999991863035,0.17919999663718045,11.677300004521385,0,True,on_screen,0.7593817515001096
1787910430348,1688,2766,2537.4662850647865,1731.3248675538953,2502.816044387911,1688.434237604605,2,2,terminal,0.6207693868582895,3615,13,0.6,0.00021144685576187858,44.27921809276728,39.49051124179917,0.12350000906735659,0.26929999876301736,10.76390000525862,0.13390000094659626,11.176899992278777,0,True,on_screen,0.7593817515001096
1787910430381,1689,2767,2552.6645856757364,1718.4554257597351,2517.7706067742583,1697.4405940511438,2,2,terminal,0.5938491636469223,3648,13,0.6,0.0002335107087953446,42.95800553274188,39.48709717144169,0.13020000187680125,0.3563999925972894,9.869999994407408,0.11530000483617187,10.369099996751174,0,True,on_screen,0.7593817515001096
1787910430396,1690,2768,2550.3736329705002,1718.2536623220433,2527.551514633131,1703.6845145324135,2,2,terminal,0.5754242392588104,3663,13,0.6,0.00025307637717226356,45.015283685020755,39.492143081652145,0.10889999975915998,0.23820000933483243,10.63360000262037,0.11619999713730067,10.996800003340468,0,True,on_screen,0.7593817515001096
1787910430429,1691,2769,2575.2392306408424,1714.8120542572062,2541.8578294354443,1707.0227764498513,2,2,terminal,0.556634164756419,3696,13,0.6,0.0002936180464568998,43.61074689906221,39.488347161306756,0.13139999646227807,0.4302000015741214,10.179000004427508,0.14640000881627202,10.769300002721138,0,True,on_screen,0.7593817515001096
1787910430444,1692,2770,2599.4649706070522,1710.6544314883904,2559.1399717869267,1708.112272961413,2,2,terminal,0.5371603930058879,3711,13,0.6,0.0003126897816658168,45.61366726918389,39.49394675137392,0.109200002043508,0.2440000098431483,10.052300000097603,0.12940001033712178,10.433700008434244,0,True,on_screen,0.7593817515001096
1787910430476,1693,2771,2620.415579337131,1712.1884901436354,2577.522654051988,1709.3351381160796,2,2,terminal,0.51509846054021,3743,13,0.6,0.0003252852512865556,44.16007183477397,39.489960777660784,0.10479999764356762,0.3463999892119318,10.172399997827597,0.13050000416114926,10.658500003046356,0,True,on_screen,0.7593817515001096
1787910430508,1694,2772,2633.6387675763926,1716.5816550731015,2594.357488109309,1711.509093203186,2,2,terminal,0.49253103607198867,3775,13,0.6,0.00032597822578174854,42.88667307968025,39.486153015947735,0.12070000229869038,0.31990000570658594,10.462699996423908,0.13440000475384295,10.929900003247894,0,True,on_screen,0.7593817515001096
1787910430524,1695,2773,2622.2195457674993,1734.3394519779274,2602.716105406766,1718.3582008356084,2,2,terminal,0.47362295433261203,3791,13,0.6,0.00029479461997011444,44.86877770092742,39.491804027931884,0.10570000449661165,0.23630000941921026,9.891400011838414,0.12400001287460327,10.259199989377521,0,True,on_screen,0.7593817515001096
1787910430556,1696,2774,2570.948516251961,1771.2934258867904,2593.185828660324,1734.2387683509628,2,2,terminal,0.46359567153035175,3823,13,0.6,0.00023429818324547866,43.49458536950219,39.4875429663117,0.12379999679978937,0.27370000316295773,10.635300001013093,0.11609999637585133,11.033999995561317,0,True,on_screen,0.7593817515001096
1787910430572,1697,2775,2555.606285494166,1801.7966547931128,2581.9119657104766,1754.506134283608,2,2,terminal,0.44732707256363236,3839,13,0.6,0.00017636397730886808,45.45168880950491,39.49149712275665,0.10760000441223383,0.23809999402146786,13.04929998877924,0.16969999705906957,13.465700001688674,0,True,on_screen,0.7593817515001096
1787910430604,1698,2776,2485.915050930829,1874.4926907720107,2553.112891276582,1790.5021012301286,2,2,terminal,0.41985884586511524,3871,13,0.6,7.389480294316478e-05,44.00654534827975,39.488685759647296,0.13320001016836613,0.2970999921672046,11.095299996668473,0.13109999417793006,11.53429999249056,0,True,on_screen,0.7593817515001096
1787910430620,1699,2777,2448.7056046103176,1950.441205523362,2521.7907052767027,1838.4838325180986,-1,-1,off_screen,0.0,0,16,0.6,0.00010610676774993125,45.90677041844956,39.494265645951934,0.1154000055976212,0.24859998666215688,10.667000009561889,0.12830000196117908,11.051599998609163,0,True,gaze_outside_screen,0.7593817515001096
1787910430652,1700,2778,2386.1210798581774,1928.2530047102123,2481.089817651145,1865.4145841757324,-1,-1,off_screen,0.0,32,16,0.6,9.772854835646619e-05,44.43562444897267,39.49054226603011,0.12440000136848539,0.271999990218319,10.563400006503798,0.10309999925084412,10.94750000629574,0,True,gaze_outside_screen,0.7593817515001096
1787910430684,1701,2779,2353.853232103592,1930.6167030249103,2442.9188419868788,1884.9752198304857,-1,-1,off_screen,0.0,64,16,0.6,8.813623475390289e-05,43.109706312100755,39.48657640834103,0.18529999942984432,0.31879999733064324,10.796099988510832,0.13349999790079892,11.26250000379514,0,True,gaze_outside_screen,0.7593817515001096
1787910430700,1702,2780,2353.140039742387,1908.500513437706,2415.9852013135314,1892.0328079126516,-1,-1,off_screen,0.0,80,16,0.6,9.751783120788907e-05,45.14451732338972,39.49206157071589,0.10639999527484179,0.2398000069661066,10.684300010325387,0.11910000466741621,11.050400004023686,0,True,gaze_outside_screen,0.7593817515001096
1787910430732,1703,2781,2348.954178473601,1881.5118227744078,2395.875894461552,1888.8765123711783,-1,-1,off_screen,0.0,112,16,0.6,0.00010608946962057178,43.73693892673312,39.48827254108703,0.1066999975591898,0.3690000012284145,10.450300003867596,0.11330000415910035,10.942100008833222,0,True,gaze_outside_screen,0.7593817515001096
1787910430748,1704,2782,2350.5815985933637,1861.8452069415634,2382.2876057010953,1880.7671207422936,-1,-1,off_screen,0.0,128,16,0.6,0.00011120404565662448,45.689956405346734,39.493441559670394,0.10550000297371298,0.24739999207668006,10.833499996806495,0.14899999951012433,11.239799991017208,0,True,gaze_outside_screen,0.7593817515001096
1787910430781,1705,2783,2387.7900726255357,1787.665255818083,2383.938345778427,1852.8365612650305,-1,-1,off_screen,0.0,161,16,0.6,0.00015620815528099435,44.21131977300921,39.48954231214165,0.1297999988310039,0.4290999931981787,10.582000002614222,0.13449999096337706,11.159500005305745,0,True,gaze_outside_screen,0.7593817515001096
1787910430812,1706,2784,2413.532019681324,1770.370752265749,2392.816447949296,1828.096818565246,-1,-1,off_screen,0.0,192,16,0.6,0.00021263517446459823,42.935079233279566,39.48645544299656,0.13440000475384295,0.25260000256821513,9.817199999815784,0.1162000116892159,10.19629999063909,0,True,gaze_outside_screen,0.7593817515001096
1787910430828,1707,2785,2441.102425240172,1764.3351330245487,2407.3022411365587,1808.9683129030368,-1,-1,off_screen,0.0,208,16,0.6,0.00021414040341612497,44.954065001290886,39.491583846467705,0.10439999459777027,0.24120000307448208,10.1489000080619,0.12250000145286322,10.520800002268516,0,True,gaze_outside_screen,0.7593817515001096
1787910430860,1708,2786,2444.4860293409442,1768.2290837497328,2418.4573775978743,1796.7465441570457,2,2,terminal,0.4747357057352929,0,14,0.8,0.00020540685656255872,43.56320728498662,39.48741883354765,0.16900000628083944,0.3437999985180795,10.541099996771663,0.17559999832883477,11.072699999203905,0,True,on_screen,0.7593817515001096
1787910430876,1709,2787,2434.5531525705646,1767.6633747024132,2423.286110089681,1788.0215933206557,2,2,terminal,0.4895025768476523,16,14,0.8,0.0002021408927069153,45.49346659691054,39.49299284061212,0.14399999054148793,0.31040000612847507,10.08900000306312,0.1205000007757917,10.528800004976802,0,True,on_screen,0.7593817515001096
1787910430908,1710,2788,2436.8908491404945,1755.0568889660121,2427.367531804925,1778.1321820142625,2,2,terminal,0.5062611354339369,48,14,0.8,0.00016215638723224637,44.08029255245233,39.48926611493122,0.10109999857377261,0.24130000383593142,10.24909999978263,0.11680000170599669,10.625900002196431,0,True,on_screen,0.7593817515001096
1787910430924,1711,2789,2438.6212564694247,1742.3684486025372,2430.743649204275,1767.4030619907448,2,2,terminal,0.5244768649567448,64,14,0.8,0.00015783755947390218,45.90539487986526,39.49339828481293,0.1340000017080456,0.22709999757353216,12.131600000429899,0.149200001033023,12.516299990238622,0,True,on_screen,0.7593817515001096
1787910430956,1712,2790,2434.8696119194856,1670.2448670793617,2431.981438018838,1738.2556035173297,2,2,terminal,0.5753074660496926,96,14,0.8,0.0001486260597769913,44.42904332125251,39.490583867302526,0.1250000059371814,0.26950000028591603,10.342200010200031,0.13800000306218863,10.760699995444156,0,True,on_screen,0.7593817515001096
1787910430988,1713,2791,2435.550098496218,1626.7058413107732,2433.052036162052,1704.7906748553628,2,2,terminal,0.6335221051038961,128,14,0.8,0.00025339766655166004,43.133722903272414,39.48716732566899,0.09880001016426831,0.2523000002838671,10.039699991466478,0.12369999603834003,10.427599991089664,0,True,on_screen,0.7593817515001096
1787910431004,1714,2792,2453.8283060788767,1587.4918359420178,2439.2849171370995,1669.6010231813593,2,2,terminal,0.6924391609436013,144,14,0.8,0.0003327743037242238,45.02467130263196,39.492372065309496,0.10380000458098948,0.23720000172033906,9.95110000076238,0.11999999696854502,10.315999999875203,0,True,on_screen,0.7593817515001096
1787910431037,1715,2793,2504.485233035618,1658.324652690724,2458.845011906655,1666.2181120341686,2,2,terminal,0.688489663501155,177,14,0.8,0.0004893651653778905,43.61839987639479,39.487293307820856,0.14170000213198364,0.34589999995660037,11.897200005478226,0.15699998766649514,12.435899989213794,0,True,on_screen,0.7593817515001096
1787910431053,1716,2794,2521.722732750063,1685.902725632478,2477.7083281596774,1672.1234961136613,2,2,terminal,0.6663621139423925,193,14,0.8,0.0005122588278617703,45.42076190333897,39.49254706093531,0.16260000120382756,0.2786000113701448,11.698200003593229,0.13849999231752008,12.125099994591437,0,True,on_screen,0.7593817515001096
1787910431085,1717,2795,2524.808691840752,1718.5830764849618,2491.8384372639994,1686.0613702250512,2,2,terminal,0.6334306732494547,225,14,0.8,0.0005183820628131483,44.020583231461984,39.489441114728976,0.16709999181330204,0.334399999701418,10.714899995946325,0.12599999899975955,11.184800008777529,0,True,on_screen,0.7593817515001096
1787910431116,1718,2796,2524.832819714772,1815.1277615260055,2501.7367519992313,1724.7812876153375,2,2,terminal,0.5641065471053605,256,14,0.8,0.0006510320075555458,42.76754603406062,39.48557213717175,0.13610000314656645,0.33070000063162297,11.195500002941117,0.14789999113418162,11.689799997839145,0,True,on_screen,0.7593817515001096
1787910431132,1719,2797,2529.3311392696137,1817.364758364047,2510.015068180346,1752.5563288399503,2,2,terminal,0.5133235389631643,272,14,0.8,0.0006757951755403321,44.76199594138891,39.49136979437475,0.1289000065298751,0.2747000107774511,10.251400002744049,0.13469999248627573,10.670199990272522,0,True,on_screen,0.7593817515001096
1787910431164,1720,2798,2556.6649423392482,1828.701953157029,2524.0100304280168,1775.4000161350737,2,2,terminal,0.46641024266558606,304,14,0.8,0.0006992325522975802,43.42373052048444,39.48764395279869,0.11809999705292284,0.24730000586714596,10.429199988720939,0.12440000136848539,10.809300001710653,0,True,on_screen,0.7593817515001096
1787910431180,1721,2799,2574.825890792985,1833.239682274466,2539.254788537507,1792.7519159768913,2,2,terminal,0.4272752216103979,320,14,0.8,0.0006738683698450827,45.339297226078656,39.49313937712441,0.10750000365078449,0.23550000332761556,9.924000012688339,0.12280000373721123,10.29059999564197,0,True,on_screen,0.7593817515001096
1787910431212,1722,2800,2571.5440263616765,1801.7500353180492,2548.9415598847577,1795.4513517792384,2,2,terminal,0.41546381498755625,351,14,0.6,0.000662931999689309,43.911478467196446,39.48886209240076,0.13619998935610056,0.42550000944174826,10.526599988224916,0.13169999874662608,11.096200003521517,0,True,on_screen,0.7593817515001096
1787910431229,1723,2801,2586.847215856775,1807.1449357342833,2560.313256676363,1798.9594269657518,2,2,terminal,0.40069464045790426,369,14,0.6,0.0006778352608006986,45.7237275999893,39.493881439672386,0.15100000018719584,0.268599993432872,10.870999991311692,0.13479999324772507,11.285000000498258,0,True,on_screen,0.7593817515001096
1787910431260,1724,2802,2630.036430475496,1798.6598304645383,2581.2302088161027,1798.8695480153879,2,2,terminal,0.3825079030805656,400,14,0.6,0.0006666495873398383,44.28613142413966,39.490151365537045,0.13250000483822078,0.29039999935775995,10.959199993521906,0.14319999900180846,11.406699995859526,0,True,on_screen,0.7593817515001096
1787910431292,1725,2803,2665.924045394177,1799.9210334799927,2606.6383597895247,1799.1849936547692,2,2,terminal,0.35762643596579713,432,14,0.6,0.0006566737918571632,42.9828698829789,39.48601703851222,0.14940000255592167,0.3696000057971105,11.630399996647611,0.14709999959450215,12.164799991296604,0,True,on_screen,0.7593817515001096
1787910431309,1726,2804,2638.428502647038,1814.5298158490048,2616.1754026467784,1803.7884403130397,-1,-1,off_screen,0.0,0,17,0.8,0.0006698933498974734,44.84225628072098,39.491217574318995,0.1250000059371814,0.31400000443682075,11.417700006859377,0.15530000382568687,11.89890000387095,0,True,gaze_outside_screen,0.7593817515001096
1787910431341,1727,2805,2621.8092015746674,1824.5296416122226,2617.865542325145,1810.0108007027945,-1,-1,off_screen,0.0,32,17,0.8,0.0007232743940530778,43.49166773944741,39.48795205337849,0.16560000949539244,0.2896999940276146,10.759600001620129,0.12179999612271786,11.182899994309992,0,True,gaze_outside_screen,0.7593817515001096
1787910431357,1728,2806,2626.8612962842317,1830.6863304360768,2620.5642685128705,1816.2134596227793,-1,-1,off_screen,0.0,48,17,0.8,0.000729264775423337,45.38543864398521,39.493322627062994,0.11029999586753547,0.2482999989297241,10.433600007672794,0.1345000055152923,10.825899997144006,0,True,gaze_outside_screen,0.7593817515001096
1787910431388,1729,2807,2622.6642708826744,1833.3920269275056,2621.1942692238117,1821.3670298141972,-1,-1,off_screen,0.0,78,17,0.8,0.0007401222941004863,43.98607011845991,39.48939578185444,0.17850000585895032,0.3288000007160008,10.880000001634471,0.1360000023851171,11.358899995684624,0,True,gaze_outside_screen,0.7593817515001096
1787910431420,1730,2808,2627.1736720830636,1838.2786561214155,2622.988090081587,1826.4405177063625,-1,-1,off_screen,0.0,111,17,0.8,0.000781303937123435,42.731168151892746,39.485672566051356,0.12430000060703605,0.29630000062752515,11.147400000481866,0.12339999375399202,11.57729999977164,0,True,gaze_outside_screen,0.7593817515001096
1787910431436,1731,2809,2624.916232093097,1845.8261281358732,2623.56653268504,1832.2562008352156,-1,-1,off_screen,0.0,127,17,0.8,0.0008162416890988948,44.698534599774725,39.491487141787175,0.10259999544359744,0.2590999938547611,10.005699994508177,0.12969999806955457,10.404300002846867,0,True,gaze_outside_screen,0.7593817515001096
1787910431468,1732,2810,2630.0846494982216,1868.1305085600472,2625.5219677289942,1843.018493152665,-1,-1,off_screen,0.0,158,17,0.8,0.000876408081757922,43.33967195947412,39.487375065528475,0.17309999384451658,0.3150000120513141,10.520800002268516,0.14319999900180846,10.992100011208095,0,True,gaze_outside_screen,0.7593817515001096
1787910431484,1733,2811,2637.277293844466,1870.6083875025447,2629.0485655636357,1851.2954614576288,-1,-1,off_screen,0.0,174,17,0.8,0.0008704816616595251,45.25789302774899,39.49265651332847,0.11900000390596688,0.29570001061074436,10.365699999965727,0.13020000187680125,10.802000004332513,0,True,gaze_outside_screen,0.7593817515001096
1787910431516,1734,2812,2638.743421647395,1851.6655381085445,2631.957022388763,1851.4064844529034,-1,-1,off_screen,0.0,207,17,0.8,0.000916612063334786,43.8723535630607,39.489229010856796,0.10320000001229346,0.25379999715369195,10.076399994431995,0.11909999011550099,10.458699995069765,0,True,gaze_outside_screen,0.7593817515001096
1787910431532,1735,2813,2642.266854685818,1845.3476193409506,2635.0499720778794,1849.5888249193174,-1,-1,off_screen,0.0,223,17,0.8,0.0008932868774505186,45.71072162318162,39.49437290478403,0.11110000195913017,0.2565999893704429,10.0527000031434,0.12289998994674534,10.441499995067716,0,True,gaze_outside_screen,0.7593817515001096
1787910431564,1736,2814,2643.6926365537,1829.5652091898917,2637.642771420625,1843.5817402004895,-1,-1,off_screen,0.0,254,17,0.8,0.0008752021582764079,44.24792306416602,39.490233292764984,0.18819999240804464,0.30949999927543104,10.59930000337772,0.13610000314656645,11.058400006731972,0,True,gaze_outside_screen,0.7593817515001096
1787910431596,1737,2815,2657.6081827535754,1813.6440084618082,2643.63239482051,1834.6004206788848,-1,-1,off_screen,0.0,286,17,0.8,0.0008274448812268208,42.95287427516881,39.48623246787678,0.14439999358728528,0.3029999934369698,11.200699998880737,0.13889999536331743,11.6522000025725,0,True,gaze_outside_screen,0.7593817515001096
1787910431612,1738,2816,2653.917342181993,1813.161346576788,2646.7178790289545,1828.1686984482558,-1,-1,off_screen,0.0,302,17,0.8,0.0008275858175123205,45.00550346093585,39.49197257219366,0.10259999544359744,0.24509998911526054,10.498300005565397,0.10789999214466661,10.85869999951683,0,True,gaze_outside_screen,0.7593817515001096
1787910431644,1739,2817,2643.9732949812383,1819.9645630484679,2645.8945038146394,1825.7074578283193,-1,-1,off_screen,0.0,335,17,0.8,0.0008461554494548391,43.60593984866315,39.487889592024075,0.1480999926570803,0.3099000023212284,10.843700001714751,0.14139999984763563,11.308000001008622,0,True,gaze_outside_screen,0.7593817515001096
1787910431660,1740,2818,2622.8778433089456,1827.425132171432,2638.989505662931,1826.2227601312532,-1,-1,off_screen,0.0,351,17,0.8,0.0008413617589026895,45.52478071477961,39.49331069016509,0.1449999981559813,0.3203999949619174,10.451699999975972,0.12789999891538173,10.91130000713747,0,True,gaze_outside_screen,0.7593817515001096
1787910431692,1741,2819,2571.255388447582,1832.4344734494566,2618.669270498326,1828.0862741267142,-1,-1,off_screen,0.0,382,17,0.8,0.0008462153076150801,44.08480400546165,39.48957503936304,0.11249999806750566,0.29769999673590064,10.427100001834333,0.1213000068673864,10.85570000577718,0,True,gaze_outside_screen,0.7593817515001096
1787910431724,1742,2820,2563.4167286628967,1836.5588310288747,2602.093507947697,1830.6280411973623,-1,-1,off_screen,0.0,414,17,0.8,0.0008465344528859192,42.803199730019884,39.48531259086617,0.17630000365898013,0.3369000041857362,11.414299995522015,0.14200000441633165,11.907299995073117,0,True,gaze_outside_screen,0.7593817515001096
1787910431740,1743,2821,2579.986364766823,1831.6722755229825,2595.461364993435,1830.9413114950485,-1,-1,off_screen,0.0,430,17,0.6,0.0008401262314986675,44.84559093590038,39.49115955885511,0.11209999502170831,0.2463000128045678,10.450400004629046,0.13479999324772507,10.838999995030463,0,True,gaze_outside_screen,0.7593817515001096
1787910431772,1744,2822,2597.4738753568026,1827.8463280071987,2596.065118102445,1830.0128164486937,-1,-1,off_screen,0.0,463,17,0.6,0.0008350846783675876,43.501025310416225,39.48763077951427,0.1345000055152923,0.2582000015536323,10.31630000215955,0.11629999789875001,10.701099992729723,0,True,gaze_outside_screen,0.7593817515001096
1787910431788,1745,2823,2627.933777766443,1788.4566832892158,2605.6257160016444,1817.5459765008502,-1,-1,off_screen,0.0,479,17,0.6,0.0008833872073839184,45.35612894924905,39.492284614927165,0.1024999946821481,0.22900001204106957,11.103700002422556,0.1432999997632578,11.484699993161485,0,True,gaze_outside_screen,0.7593817515001096
1787910431821,1746,2824,2613.9637230228286,1778.9306920643478,2608.127118107999,1805.9613911698993,-1,-1,off_screen,0.0,512,17,0.6,0.0009921944874573783,43.911897284091644,39.48819424155763,0.12469998910091817,0.30139999580569565,11.405100012780167,0.13440000475384295,11.8646000046283,0,True,gaze_outside_screen,0.7593817515001096
1787910431836,1747,2825,2634.0480952903667,1772.1204001039973,2615.9034112627096,1795.8090938501286,2,2,terminal,0.3530121096882277,0,15,0.8,0.0010102070912171891,45.88352831682435,39.494286855024875,0.1069000136340037,0.23639999562874436,10.055999999167398,0.1357000001007691,10.436099997605197,0,True,on_screen,0.7593817515001096
1787910431868,1748,2826,2631.5109309645386,1765.3794594187339,2620.585667173258,1786.6802035207102,2,2,terminal,0.3609571968286446,32,15,0.8,0.0010372272678444323,44.4209471609992,39.49047025292755,0.13049998960923404,0.24700000358279794,10.305999996489845,0.11779999476857483,10.6794000021182,0,True,on_screen,0.7593817515001096
1787910431900,1749,2827,2576.4445569806053,1768.0672931582155,2607.3433341154623,1781.0963304119616,2,2,terminal,0.38291489757354913,64,15,0.8,0.001073696197510094,43.091780121707565,39.48679249061198,0.1453000004403293,0.27209999097976834,10.12530000298284,0.13649999164044857,10.545500001171604,0,True,on_screen,0.7593817515001096
1787910431916,1750,2828,2555.325736597259,1772.5071765753878,2591.7380548600013,1778.5195842609892,2,2,terminal,0.4026258026638738,79,15,0.8,0.0010841213863831654,45.06385132683688,39.49171525955954,0.12349999451544136,0.26440000510774553,10.627299998304807,0.12250000145286322,11.02250000985805,0,True,on_screen,0.7593817515001096
1787910431948,1751,2829,2568.975520059521,1772.5921328118836,2584.9092944198574,1776.7413488262575,2,2,terminal,0.41199776079374806,111,15,0.8,0.0011101974897687085,43.66961883821109,39.48809454398391,0.1120000088121742,0.36330000148154795,10.284899995895103,0.12340000830590725,10.780500000691973,0,True,on_screen,0.7593817515001096
1787910431964,1752,2830,2581.731957250725,1771.322704548158,2583.9560932691174,1775.1157555428276,2,2,terminal,0.4153211793284486,128,15,0.8,0.0011144574849839203,45.62900810377859,39.49315015802108,0.13690000923816115,0.25329999334644526,10.747199994511902,0.11480000102892518,11.123499993118457,0,True,on_screen,0.7593817515001096
1787910431997,1753,2831,2604.37238877235,1777.7593327322934,2590.0809819200867,1775.908828699667,2,2,terminal,0.4080848982775598,161,15,0.8,0.001105038309335487,44.15626575778052,39.4891699940019,0.19809999503195286,0.3167999966535717,10.840999995707534,0.1370999962091446,11.308600005577318,0,True,on_screen,0.7593817515001096
1787910432028,1754,2832,2612.8315042910376,1774.2629697294087,2596.9061386313715,1775.4150710085896,2,2,terminal,0.40187170641672365,192,15,0.8,0.0010930540141534557,42.88732179176263,39.48606367268516,0.11320000339765102,0.3004000027431175,10.053300007712096,0.1311999949393794,10.494100002688356,0,True,on_screen,0.7593817515001096
1787910432044,1755,2833,2619.8559436577275,1771.6097487243662,2603.791080139278,1774.2734743233225,2,2,terminal,0.39633675743023944,207,15,0.8,0.0010857966021079225,44.92786376931618,39.491396204803316,0.1066999975591898,0.2330999996047467,9.974400003557093,0.11629999789875001,10.331900004530326,0,True,on_screen,0.7593817515001096
1787910432076,1756,2834,2646.663753935352,1762.47594492305,2616.6528822781,1770.7342155032406,2,2,terminal,0.3874097512447261,240,15,0.8,0.0010829601306945255,43.53511242237047,39.48686492984999,0.18060000729747117,0.28029999521095306,11.199800006579608,0.13970000145491213,11.63129998894874,0,True,on_screen,0.7593817515001096
1787910432092,1757,2835,2682.416876373436,1761.1018055814195,2636.3820805067007,1767.8444925266942,2,2,terminal,0.3688853168197449,256,15,0.8,0.0010606631262496842,45.48724852171296,39.4924798155284,0.11739999172277749,0.24459999985992908,10.521599993808195,0.115999995614402,10.889500001212582,0,True,on_screen,0.7593817515001096
1787910432124,1758,2836,2712.415973286368,1762.9488749770758,2659.1922483406006,1766.3758072618086,2,2,terminal,0.3433888208241399,288,15,0.8,0.0009879145855185602,44.07955273348504,39.48913952864303,0.09989998943638057,0.23929998860694468,10.065499998745508,0.1264000020455569,10.448500004713424,0,True,on_screen,0.7593817515001096
1787910432140,1759,2837,2735.7422005659755,1765.0038167718064,2682.157234008213,1765.9642101148079,2,2,terminal,0.3149772738463791,304,15,0.8,0.0009680932663760633,45.88667648337433,39.492992828026544,0.09849999332800508,0.2378999924985692,12.276099994778633,0.15029999485705048,12.6728000032017,0,True,on_screen,0.7593817515001096
1787910432172,1760,2838,2791.6597647416397,1774.3824878275416,2715.007993228241,1768.489693428628,2,2,terminal,0.26877057147690697,335,15,0.8,0.0009476927846842446,44.41825046657252,39.49016438943737,0.12409999908413738,0.26729999808594584,10.680499995942228,0.13380000018514693,11.091799999121577,0,True,on_screen,0.7593817515001096
1787910432204,1761,2839,2807.914641524836,1769.5775600646884,2742.8799877172196,1768.8160534194462,2,2,terminal,0.2302764967933052,368,15,0.8,0.0009455221780310767,43.10163051100318,39.48652880698245,0.11680000170599669,0.2668000088306144,10.63129999965895,0.12840000272262841,11.03559999319259,0,True,on_screen,0.7593817515001096
1787910432220,1762,2840,2796.0487917929927,1764.8181390974933,2758.830628939951,1767.6166791228602,2,2,terminal,0.20917774738074502,384,15,0.8,0.0009562527662908549,45.09417384658265,39.49134733038238,0.10769999062176794,0.23370000417344272,11.286599998129532,0.18840000848285854,11.719300004187971,0,True,on_screen,0.7593817515001096
1787910432252,1763,2841,2796.827370563892,1757.9541577346806,2770.2296514271334,1764.7179227064062,2,2,terminal,0.1959342286464011,416,15,0.8,0.0009805805215975065,43.6919483677284,39.48783238945301,0.14819999341852963,0.29739999445155263,10.733699993579648,0.21640000340994447,11.261099993134849,0,True,on_screen,0.7593817515001096
1787910432268,1764,2842,2801.0021939631947,1756.6487634568286,2779.4614141879515,1762.2971749315327,2,2,terminal,0.18505154219915088,431,15,0.8,0.0009942238363892346,45.5969483952513,39.493308687059994,0.10629999451339245,0.25079998886212707,10.277499997755513,0.13139999646227807,10.667199996532872,0,True,on_screen,0.7593817515001096
1787910432300,1765,2843,2798.4485757290154,1760.5813865750972,2785.1575626502704,1761.7824384246019,2,2,terminal,0.17726516253504387,463,15,0.8,0.0010312878546275411,44.16844744818137,39.489816572234176,0.0914999982342124,0.22869999520480633,10.0696000008611,0.11069999891333282,10.416999997687526,0,True,on_screen,0.7593817515001096
1787910432333,1766,2844,2780.4059478703643,1766.078649282915,2783.7320782162983,1763.0713016820955,2,2,terminal,0.1780613914530641,496,15,0.8,0.0010461014178922735,42.84654309470194,39.48523181037406,0.17890000890474766,0.31999999191612005,11.322699996526353,0.13580000086221844,11.791699987952597,0,True,on_screen,0.7593817515001096
1787910432348,1767,2845,2773.7980966752866,1768.2288394989773,2780.7518837539947,1764.6185630271598,2,2,terminal,0.18084156625354364,512,15,0.8,0.0010527787835838236,44.929977021630116,39.491306772389684,0.11819999781437218,0.24179999309126288,9.953800006769598,0.12719999358523637,10.330199991585687,0,True,on_screen,0.7593817515001096
1787910432380,1768,2846,2767.8013830264117,1786.1706956682542,2776.8667335357195,1771.084202819488,2,2,terminal,0.17985115258837758,544,15,0.8,0.0010787271966916055,43.56658570915334,39.48742333128427,0.10829999519046396,0.24419999681413174,10.398500002338551,0.13519999629352242,10.78689999121707,0,True,on_screen,0.7593817515001096
1787910432396,1769,2847,2766.639903124819,1794.8269181512808,2773.7986844124493,1778.2070174190258,2,2,terminal,0.1767945007243541,559,15,0.8,0.001093626195038052,45.36870030931078,39.49260144258973,0.14220000593923032,0.24289998691529036,10.043600006611086,0.12560001050587744,10.421099999803118,0,True,on_screen,0.7593817515001096
1787910432429,1770,2848,2769.808935289223,1795.7115167110605,2772.6017596754814,1783.458367206636,2,2,terminal,0.17290590884699442,592,15,0.8,0.0010955498546044405,43.94807557746611,39.48835213893017,0.17579999985173345,0.3288000007160008,10.884999996051192,0.18280000949744135,11.41289999941364,0,True,on_screen,0.7593817515001096
1787910432444,1771,2849,2774.9046801420204,1796.1082980478682,2773.2926358154427,1787.2533464590056,2,2,terminal,0.16786251157395748,608,15,0.8,0.0010984591841031698,45.88960054956004,39.49400174070537,0.1112000027205795,0.24259999918285757,10.247400001389906,0.1357000001007691,10.633900004904717,0,True,on_screen,0.7593817515001096
1787910432476,1772,2850,2777.344140057448,1791.2161755567258,2774.5080870880442,1788.4421951883214,2,2,terminal,0.16487980475263342,640,15,0.8,0.0011009573338888086,44.44236033439619,39.49053020341453,0.09490000957157463,0.2668000088306144,10.060199987492524,0.12759999663103372,10.467999993124977,0,True,on_screen,0.7593817515001096
1787910432508,1773,2851,2785.263523009564,1792.1621168883803,2777.7347178645,1789.558171698339,2,2,terminal,0.1591584459790617,671,15,0.8,0.0011193347109666844,43.101526560883684,39.4863142145369,0.12650000280700624,0.31210000452119857,10.806499994941987,0.14099999680183828,11.276199991698377,0,True,on_screen,0.7593817515001096
1787910432524,1774,2852,2785.0491328486987,1792.9227024362476,2779.9290423597595,1790.5675309197115,2,2,terminal,0.15499638534488103,687,15,0.8,0.0011151190027021904,45.06541130975904,39.49182840196185,0.10930000280495733,0.2423999976599589,10.207100000116043,0.12070000229869038,10.577699998975731,0,True,on_screen,0.7593817515001096
1787910432556,1775,2853,2781.481676255832,1793.2175320271976,2780.394832528581,1791.362531251957,2,2,terminal,0.15348929222542462,720,15,0.8,0.0011165573289076032,43.67248602132625,39.488019734121174,0.10730000212788582,0.3606999962357804,10.259300004690886,0.12200001219753176,10.750300003564917,0,True,on_screen,0.7593817515001096
1787910432572,1776,2854,2777.888364471923,1796.7744530132939,2779.6428921115835,1792.986107780358,2,2,terminal,0.1527941480576709,736,15,0.8,0.001117581000633961,45.615221709444384,39.492980427160795,0.0999999901978299,0.2277999883517623,10.759900003904477,0.15150000399444252,11.14830000733491,0,True,on_screen,0.7593817515001096
1787910432605,1777,2855,2771.514981213907,1800.6469820109617,2777.2045188422803,1795.284370049539,2,2,terminal,0.15370361795481902,769,15,0.8,0.0011176126813659919,44.13363621439422,39.48890747736794,0.2521999995224178,0.39430000470019877,10.909700009506196,0.13630000466946512,11.457100001280196,0,True,on_screen,0.7593817515001096
1787910432636,1778,2856,2769.3211244418612,1801.9537279939586,2774.8395005221546,1797.2851774328647,2,2,terminal,0.15479776616304164,799,15,0.8,0.001122910907235715,42.877446165159526,39.48554247991537,0.145500001963228,0.29379999614320695,10.826700003235601,0.13719999697059393,11.270300004980527,0,True,on_screen,0.7593817515001096
1787910432653,1779,2857,2769.789213014799,1801.2069416287757,2773.3244142699477,1798.4617066916378,2,2,terminal,0.15559691567105538,817,15,0.8,0.0011229347991434761,44.79356035166012,39.490128943289015,0.12549999519251287,0.29969999741297215,11.61580000189133,0.14570000348612666,12.073700010660104,0,True,on_screen,0.7593817515001096
1787910432684,1780,2858,2770.801455100895,1797.6609752840907,2772.5675265192317,1798.2214872693735,2,2,terminal,0.15690619142612372,848,15,0.8,0.0011353327122691804,43.45160686056216,39.48660368958428,0.13089999265503138,0.3251000016462058,11.472500002128072,0.17220000154338777,11.984099997789599,0,True,on_screen,0.7593817515001096
1787910432701,1781,2859,2770.6614378778772,1796.1014630116456,2771.995699926825,1797.5854799920548,2,2,terminal,0.15839699008448993,865,15,0.8,0.0011458773417801701,45.28126772129862,39.491165545170716,0.17040000238921493,0.36950000503566116,12.220099990372546,0.1483999949414283,12.75069999974221,0,True,on_screen,0.7593817515001096
1787910432732,1782,2860,2770.5247200884223,1794.7703649242792,2771.5544059753042,1796.7409454717222,2,2,terminal,0.1599375333123697,896,15,0.8,0.0011602934721814846,43.91290826360333,39.48862065048347,0.14170000213198364,0.2826000127242878,10.657699996954761,0.1396000006934628,11.092100001405925,0,True,on_screen,0.7593817515001096
1787910432748,1783,2861,2768.2645194170573,1794.907933967606,2770.56744000783,1796.1910420204872,2,2,terminal,0.16190617979966804,911,15,0.8,0.001165525691567696,45.74888790128044,39.49375603164769,0.1373999984934926,0.3239999932702631,10.465200000908226,0.13610000314656645,10.93639999453444,0,True,on_screen,0.7593817515001096
1787910432780,1784,2862,2759.105064674399,1801.0053658351799,2767.1287274078004,1797.635339164895,2,2,terminal,0.1650384864479011,944,15,0.8,0.0011866048161640157,44.3015402385415,39.48999131550922,0.16689999029040337,0.33400001120753586,10.704100001021288,0.13859999307896942,11.191400000825524,0,True,on_screen,0.7593817515001096
1787910432812,1785,2863,2757.3029469195444,1801.988125794156,2764.1809932613232,1798.9411751536732,2,2,terminal,0.16761548011997351,976,15,0.8,0.001207024385430737,43.004031827057254,39.486716652655836,0.15870000061113387,0.2813000028254464,10.189100008574314,0.12390001211315393,10.604800001601689,0,True,on_screen,0.7593817515001096
1787910432828,1786,2864,2753.8914894353165,1814.9675848355873,2761.0941421135212,1803.7490980582475,-1,-1,off_screen,0.0,0,18,1.0,0.0011879431653852683,44.948398653809306,39.49178556174642,0.12129999231547117,0.27060000866185874,10.207100000116043,0.1201999984914437,10.60690000304021,0,True,gaze_outside_screen,0.7593817515001096
1787910432860,1787,2865,2741.673295536286,1827.9463791160792,2755.2678881403504,1811.008282375597,-1,-1,off_screen,0.0,31,18,1.0,0.0010451774354455039,43.563282270824,39.48747898557635,0.1672000071266666,0.3395999956410378,11.180900008184835,0.14699999883305281,11.683699995046481,0,True,gaze_outside_screen,0.7593817515001096
1787910432876,1788,2866,2710.804098678699,1840.5592456309823,2741.928751301855,1819.8735713522124,-1,-1,off_screen,0.0,47,18,1.0,0.00096250243862913,45.48311780529101,39.49282302480603,0.10959999053739011,0.2626999921631068,10.26310000452213,0.7192000048235059,11.253500008024275,0,True,gaze_outside_screen,0.7593817515001096
1787910432909,1789,2867,2658.768786792586,1830.935769603758,2716.980761949074,1823.1922308276758,-1,-1,off_screen,0.0,80,18,1.0,0.0008559455894270769,44.02999548030763,39.48858755853905,0.1652000064495951,0.3296999930171296,11.575800002901815,0.13469999248627573,12.052799997036345,0,True,gaze_outside_screen,0.7593817515001096
1787910432940,1790,2868,2571.3312705316002,1831.850089779716,2673.2859145238317,1825.7895885132875,-1,-1,off_screen,0.0,111,18,1.0,0.000842304120472686,42.76439847777731,39.48514971847925,0.13689999468624592,0.29379999614320695,11.380800002370961,0.13780000153928995,11.826700007077307,0,True,gaze_outside_screen,0.7593817515001096
1787910432956,1791,2869,2537.7059332512094,1834.824336384895,2632.6119201420447,1828.5000128747697,-1,-1,off_screen,0.0,128,18,1.0,0.0008427468936886423,44.83728591730073,39.490473239911914,0.11529999028425664,0.2764999953797087,11.172400001669303,0.1475000026402995,11.608000000705943,0,True,gaze_outside_screen,0.7593817515001096
1787910432988,1792,2870,2501.7706417162635,1825.299687770463,2593.3595366143104,1827.5399153434778,-1,-1,off_screen,0.0,159,18,1.0,0.0008294078088801927,43.46257503068814,39.48715752846703,0.1621999981580302,0.28959999326616526,10.435100004542619,0.13130001025274396,10.86840000061784,0,True,gaze_outside_screen,0.7593817515001096
1787910433004,1793,2871,2493.645993766909,1818.8271470900395,2563.44547376009,1824.9260848674462,-1,-1,off_screen,0.0,175,18,1.0,0.0008336696709706805,45.38614586116778,39.49120298858891,0.14800000644754618,0.26899999647866935,12.383699999190867,0.1334000116912648,12.795599992386997,0,True,gaze_outside_screen,0.7593817515001096
1787910433036,1794,2872,2540.531348811041,1806.8584417174347,2556.571236275375,1819.5057919224425,-1,-1,off_screen,0.0,207,18,1.0,0.0008568398491801688,43.978842825325316,39.48841292613117,0.16670000331941992,0.3097000007983297,10.865499993087724,0.13270000636111945,11.32079999661073,0,True,gaze_outside_screen,0.7593817515001096
1787910433052,1795,2873,2558.0517893437295,1796.4523013992402,2557.0154021958815,1812.5897447654818,-1,-1,off_screen,0.0,223,18,1.0,0.0008636810996980292,45.8544055513707,39.49390570956573,0.10489999840501696,0.2587999915704131,10.203300000284798,0.11549999180715531,10.585500000161119,0,True,gaze_outside_screen,0.7593817515001096
1787910433084,1796,2874,2586.03258313362,1761.4180821203015,2565.720556477203,1797.2382459719277,2,2,terminal,0.39877912987999253,0,16,1.2,0.0008254995019881146,44.38432684515773,39.49003275214442,0.11300000187475234,0.25469998945482075,10.546300007263198,0.13330001092981547,10.943800007225946,0,True,on_screen,0.7593817515001096
1787910433116,1797,2875,2634.147876570469,1690.3866717973822,2586.248752505183,1765.182773719564,2,2,terminal,0.4275070905602988,31,16,1.2,0.000871361522935498,43.07074768280216,39.48619177350088,0.13500000932253897,0.3102000046055764,10.875700012547895,0.14679999731015414,11.346899991622195,0,True,on_screen,0.7593817515001096
1787910433132,1798,2876,2649.5792395371705,1657.3765515960097,2605.247898614779,1732.8409070824978,2,2,terminal,0.45164646651968565,47,16,1.2,0.0009708048738560661,45.00727322530769,39.49089030774804,0.13179999950807542,0.25880000612232834,11.59660000121221,0.12480000441428274,11.989999999059364,0,True,on_screen,0.7593817515001096
1787910433164,1799,2877,2703.198379977371,1611.8853043522574,2634.6330430235566,1696.5542262634258,2,2,terminal,0.4592561051068096,79,16,1.2,0.0010123786318316473,43.63995715431827,39.487795012945405,0.13729999773204327,0.28469999961089343,10.687199988751672,0.12510000669863075,11.10910001443699,0,True,on_screen,0.7593817515001096
1787910433180,1800,2878,2718.4943717087604,1577.712250063638,2659.791441629118,1660.9016334034895,2,2,terminal,0.4601378985674299,95,16,1.2,0.0010302668879219115,45.52873610475079,39.49253335131252,0.11389999417588115,0.25599999935366213,11.268400005064905,0.1618999958736822,11.69569999910891,0,True,on_screen,0.7593817515001096
1787910433212,1801,2879,2707.3344705157538,1520.901440647324,2674.054350295108,1618.9015755766397,2,2,terminal,0.4722336080101478,127,16,1.2,0.0007730565410021019,44.08216642715671,39.48947458599778,0.12260000221431255,0.2710999979171902,10.058300002128817,0.1292000088142231,10.471000001416542,0,True,on_screen,0.7593817515001096
1787910433228,1802,2880,2701.0903557987235,1450.3413821479455,2682.1651519461925,1568.3335175480315,2,2,terminal,0.4870994984906746,143,16,1.2,0.0005533837265916559,45.959028382243005,39.49452233464928,0.11079999967478216,0.24560000747442245,10.193099995376542,0.11529999028425664,10.562399998889305,0,True,on_screen,0.7593817515001096
1787910433261,1803,2881,2707.3837124013694,1379.530617211756,2689.7307200827454,1511.6926474471486,2,2,terminal,0.4877267617041424,176,16,1.2,0.0004985748283166634,44.46801170347902,39.49069715549412,0.20029999723192304,0.3209999995306134,10.273799998685718,0.13590000162366778,10.740900004748255,0,True,on_screen,0.7593817515001096
1787910433292,1804,2882,2688.3038153502516,1402.3099966527982,2689.302648662997,1478.8778522088433,2,2,terminal,0.4875392659884338,207,16,1.2,0.0006142940430266218,43.16735854696338,39.48719814486322,0.1581999968038872,0.305800000205636,10.289199999533594,0.13830000534653664,10.745200008386746,0,True,on_screen,0.7593817515001096
1787910433308,1805,2883,2677.502246604676,1383.4846437640242,2685.7625280455004,1450.2598896753975,2,2,terminal,0.4875632221022219,223,16,1.2,0.0006440766738784465,45.073010842722965,39.49239091625029,0.1328999933321029,0.24880000273697078,10.01630000246223,0.12540000898297876,10.3986000031,0,True,on_screen,0.7593817515001096
1787910433340,1806,2884,2652.6806817459483,1322.7434211683062,2675.8379741556346,1412.00494912327,2,2,terminal,0.48849162812544145,255,16,1.2,0.0005736505296659138,43.70133167809391,39.488689386415395,0.1399999891873449,0.25769999774638563,10.28470000892412,0.12260000221431255,10.673500000848435,0,True,on_screen,0.7593817515001096
1787910433356,1807,2885,2599.62088603886,1343.5332803856645,2652.972847720602,1391.4634485019883,2,2,terminal,0.5136846327985787,271,16,1.2,0.0005531756711426618,45.586906840811466,39.49260670955679,0.18080000882036984,0.24249999842140824,12.347099996986799,0.16629998572170734,12.76549999602139,0,True,on_screen,0.7593817515001096
1787910433388,1808,2886,2631.717802196819,1371.8165926266652,2646.596334063467,1385.5693917393912,2,2,terminal,0.519727124222753,303,16,1.2,0.0005730402367500609,44.15467191318759,39.49010080802825,0.11779999476857483,0.2646999928401783,10.333899990655482,0.12989999959245324,10.738400000263937,0,True,on_screen,0.7593817515001096
1787910433420,1809,2887,2626.303027146807,1370.5964304232918,2640.508341988469,1381.0775033445614,2,2,terminal,0.5259979180315995,335,16,1.2,0.0006014854751369043,42.86762643292501,39.48657527836697,0.11730000551324338,0.262100002146326,10.227999999187887,0.1247000036528334,10.623399997712113,0,True,on_screen,0.7593817515001096
1787910433436,1810,2888,2631.5962776014444,1355.448436462364,2637.8347226723613,1373.388783279902,2,2,terminal,0.5239973604890211,351,16,1.2,0.00059163619182135,44.821152339139886,39.49115050903001,0.10740000288933516,0.23259999579750001,10.949899995466694,0.25850000383798033,11.450299993157387,0,True,on_screen,0.7593817515001096
1787910433468,1811,2889,2632.708066345215,1307.3356398494034,2636.2967257742175,1353.5728402507525,2,2,terminal,0.5088897145279865,383,16,1.2,0.0006798798110979297,43.453836139400224,39.487745663596456,0.14859999646432698,0.30420000257436186,10.521599993808195,0.13559999933931977,10.975400000461377,0,True,on_screen,0.7593817515001096
1787910433484,1812,2890,2630.2112015890584,1302.7564090601657,2634.4710685186697,1338.3279108935762,2,2,terminal,0.49684346443983207,399,16,1.2,0.0006412500119825255,45.409768870197944,39.49324552214356,0.09539999882690609,0.24599999596830457,9.866899999906309,0.11700000322889537,10.237700000288896,0,True,on_screen,0.7593817515001096
1787910433517,1813,2891,2571.6813919797305,1303.874415256286,2615.6341655569877,1327.9918622023893,2,2,terminal,0.5126926488271961,432,16,1.2,0.0005191959107679785,43.96789510221991,39.48944057208469,0.1323000033153221,0.24639999901410192,9.953399989171885,0.13630000466946512,10.344499998609535,0,True,on_screen,0.7593817515001096
1787910433532,1814,2892,2523.296972558383,1344.39124296655,2587.933007657406,1332.9116764316373,2,2,terminal,0.5557366516110777,447,16,1.2,0.0004937231502585189,45.918981909185476,39.493566135503514,0.1272999943466857,0.25180001102853566,11.847300003864802,0.15720000374130905,12.264399993000552,0,True,on_screen,0.7593817515001096
1787910433564,1815,2893,2453.3658849965746,1398.7394074045078,2547.5628708591566,1352.6599957234985,2,2,terminal,0.6316014779821244,479,16,1.2,0.00048751594530479364,44.44090316093801,39.4907165802204,0.13349999790079892,0.2736000024015084,10.334599995985627,0.13609998859465122,10.755900002550334,0,True,on_screen,0.7593817515001096
1787910433596,1816,2894,2408.3470935109885,1422.085997719586,2505.798137654706,1373.4877963223246,2,2,terminal,0.708642038111817,511,16,1.2,0.0004527757854874588,43.12539115586555,39.487293542224755,0.11680000170599669,0.29630000062752515,10.022999995271675,0.12070000229869038,10.467300002346747,0,True,on_screen,0.7593817515001096
1787910433612,1817,2895,2403.057494766877,1426.7102196866697,2474.975944788357,1389.454523331628,2,2,terminal,0.7640218466599951,527,16,1.2,0.00044426562994289223,45.05022136638526,39.49237276165247,0.10289999772794545,0.2351000002818182,9.958399998140521,0.12919999426230788,10.330499993870035,0,True,on_screen,0.7593817515001096
1787910433645,1818,2896,2565.2297166882863,1348.6354519215033,2502.052076358336,1377.2088019085907,2,2,terminal,0.7179290923644066,560,16,1.2,0.00040466414711438567,43.613126200885624,39.4880512688389,0.22149999858811498,0.37290000182110816,10.530900006415322,0.159099989105016,11.081799995736219,0,True,on_screen,0.7593817515001096
1787910433661,1819,2897,2520.8882127324737,1528.9996643059299,2507.702917270577,1422.7460606277923,2,2,terminal,0.7658382180450196,576,16,1.2,0.00028881320080064235,45.61702388919249,39.49331131287222,0.13109999417793006,0.3234000032534823,10.413999989395961,0.13169999874662608,10.92400000197813,0,True,on_screen,0.7593817515001096
1787910433692,1820,2898,1818.616700015666,2759.256459716318,2300.977052094104,1823.6991803543501,-1,-1,off_screen,0.0,0,19,1.4,-0.00042043107322873793,44.2244315502244,39.49026225661851,0.10830000974237919,0.23960000544320792,9.987199999159202,0.12100000458303839,10.355999998864718,0,True,gaze_outside_screen,0.7593817515001096
1787910433724,1821,2899,1144.0162147400501,3405.422461282094,1953.8888008878876,2298.216164632673,-1,-1,off_screen,0.0,32,19,1.4,-0.0008379381154583511,42.921071883412225,39.486008005031046,0.1309000072069466,0.3324999997857958,11.046500003430992,0.1343000039923936,11.527399998158216,0,True,gaze_outside_screen,0.7593817515001096
1787910433740,1822,2900,0.0,0.0,0.0,0.0,-1,-1,,0.0,0,0,1.4,-0.0010890475344734266,44.902411703648916,39.49159845248402,0.11220001033507288,0.24259999918285757,10.182500001974404,0.08199999865610152,10.516099995584227,0,True,eyes_invalid_or_blink,0.7593817515001096
1787910433773,1823,2901,0.0,0.0,0.0,0.0,-1,-1,,0.0,0,0,1.4,-0.0012926354421315504,43.48448041927675,39.48735315768113,0.2072000061161816,0.3608999977586791,10.746600004495122,0.0678999931551516,11.188000004040077,0,True,eyes_invalid_or_blink,0.7593817515001096
1787910433788,1824,2902,0.0,0.0,0.0,0.0,-1,-1,,0.0,0,0,1.4,-0.0016246772127246588,45.61687177557109,39.4929159670459,0.10659999679774046,0.23469999723602086,10.414999997010455,0.07189999450929463,10.729400004493073,0,True,eyes_invalid_or_blink,0.7593817515001096
1787910433821,1825,2903,0.0,0.0,0.0,0.0,-1,-1,,0.0,0,0,1.4,-0.0020920398053418457,44.12114568499553,39.488916030544,0.16820000018924475,0.31010000384412706,10.462999998708256,0.0881000014487654,10.879900000873022,0,True,eyes_invalid_or_blink,0.7593817515001096
1787910433836,1826,2904,0.0,0.0,0.0,0.0,-1,-1,,0.0,0,0,1.4,-0.002418010485811941,46.10461048815521,39.49412443843098,0.12730000889860094,0.31350000062957406,10.471699992194772,0.06839999696239829,10.86909999139607,0,True,eyes_invalid_or_blink,0.7593817515001096
1787910433868,1827,2905,1438.5726156674536,2832.574809663106,1799.2939453217573,2458.523758141803,-1,-1,off_screen,0.0,0,20,1.6,-0.002511887892370543,44.64404344668483,39.490859801072006,0.13049998960923404,0.2570999931776896,10.123600004590116,0.13359999866224825,10.522900003707036,0,True,gaze_outside_screen,0.7593817515001096
1787910433900,1828,2906,2757.210563536742,2016.4012281915836,2086.6689307862525,2325.886999156737,-1,-1,off_screen,0.0,32,20,1.6,-0.002801499032683905,43.30170241093494,39.48701411723509,0.1379000023007393,0.2938999969046563,10.546399993472733,0.12840000272262841,10.981900006299838,0,True,gaze_outside_screen,0.7593817515001096
1787910433916,1829,2907,3148.7246464476766,1513.8257714853921,2405.2856454846797,2082.268630855334,-1,-1,off_screen,0.0,47,20,1.6,-0.002680084437989302,45.242776009127915,39.492462006391015,0.10689999908208847,0.23550000332761556,9.8370000050636,0.12509999214671552,10.20530000096187,0,True,gaze_outside_screen,0.7593817515001096
1787910433948,1830,2908,3414.976193819847,697.5642570654238,2708.19280998523,1666.8573187183606,2,2,terminal,0.38085029477546606,0,17,1.8,-0.0028232469332701,43.84569721891962,39.488568128098855,0.10689999908208847,0.2381999947829172,10.455600000568666,0.10859999747481197,10.809799990965985,0,True,on_screen,0.7593817515001096
1787910433964,1831,2909,3406.186249750444,359.4159485211496,2917.5908419147936,1274.624907659197,-1,-1,off_screen,0.0,0,21,2.0,-0.0028667051076430652,45.6481742991285,39.49374487642139,0.09279999358113855,0.23820000933483243,9.94370000262279,0.12419999984558672,10.314900006051175,0,True,gaze_outside_screen,0.7593817515001096
1787910433996,1832,2910,3347.4160011591466,-69.73168426861265,3046.5383896880994,871.3179300808541,-1,-1,off_screen,0.0,32,21,2.0,-0.0028459121909796756,44.19413478144602,39.48976943496077,0.1453000004403293,0.2928000030806288,10.476699986611493,0.12399999832268804,10.906700001214631,0,True,gaze_outside_screen,0.7593817515001096
1787910434028,1833,2911,3348.389235094987,-187.2892524257097,3137.093643310165,553.735775328885,-1,-1,off_screen,0.0,64,21,2.0,-0.0026438123302052596,42.89809129432245,39.48629536965867,0.16280000272672623,0.275699989288114,10.29420000850223,0.11890000314451754,10.69860000279732,0,True,gaze_outside_screen,0.7593817515001096
1787910434045,1834,2912,3315.0289573350933,-113.44671023437256,3190.474237517643,353.5810296599077,-1,-1,off_screen,0.0,81,21,2.0,-0.0024770643413351296,44.74992063152175,39.49075478305376,0.16399999731220305,0.2733000001171604,10.992700001224875,0.13770000077784061,11.414000007789582,0,True,gaze_outside_screen,0.7593817515001096
1787910434077,1835,2913,3314.587033107784,-209.07193261919403,3227.708076194685,184.78514097617716,-1,-1,off_screen,0.0,112,21,2.0,-0.0028444080115386655,43.409321953164095,39.48689457689375,0.13509999553207308,0.30270000570453703,11.565099994186312,0.16060000052675605,12.043299997458234,0,True,gaze_outside_screen,0.7593817515001096
1787910434092,1836,2914,3412.116530815629,-55.670128074698845,3283.030612580968,112.64856026091437,-1,-1,off_screen,0.0,128,21,2.0,-0.003214897335858013,45.42979384928179,39.492436912370934,0.19489999976940453,0.2958999975817278,10.84160000027623,0.13889999536331743,11.291700007859617,0,True,gaze_outside_screen,0.7593817515001096
1787910434125,1837,2915,3480.5402751684774,73.08613286112534,3342.283511357221,100.77983204097765,-1,-1,off_screen,0.0,161,21,2.0,-0.0032474292824402583,44.000440000193585,39.488913858613046,0.2330999996047467,0.3063999902224168,10.617699997965246,0.14189998910296708,11.081399992690422,0,True,gaze_outside_screen,0.7593817515001096
1787910434156,1838,2916,3533.6935237737084,9.197429841685757,3399.7065150821672,73.30511138119007,-1,-1,off_screen,0.0,191,21,2.0,-0.0033644877202479544,42.731423228706944,39.484875119531296,0.14829999417997897,0.3102999908151105,11.531700001796708,0.16450000111944973,12.019900008453988,0,True,gaze_outside_screen,0.7593817515001096
1787910434172,1839,2917,3563.046216953902,-141.36841748445582,3448.7084256436874,8.903052721496309,-1,-1,off_screen,0.0,207,21,2.0,-0.003357247784262201,44.742925006026354,39.49006405822797,0.1421999913873151,0.32359999022446573,11.228899995330721,0.15910000365693122,11.72690000385046,0,True,gaze_outside_screen,0.7593817515001096
1787910434204,1840,2918,3517.7679675975614,-363.80236797468774,3469.426288229849,-102.90857348735891,-1,-1,off_screen,0.0,240,21,2.0,-0.003410029101953531,43.401582365752766,39.48695110532925,0.1573999907122925,0.2987999905599281,10.525699995923787,0.11940000695176423,10.956099999020807,0,True,gaze_outside_screen,0.7593817515001096
1787910434220,1841,2919,3418.2339058119906,-570.581675533449,3454.068573504491,-243.21050410118593,-1,-1,off_screen,0.0,256,21,2.0,-0.003573011045697256,45.33432019602537,39.49215192379509,0.1120000088121742,0.24390000908169895,10.23350001196377,0.11839999933727086,10.604099996271543,0,True,gaze_outside_screen,0.7593817515001096
1787910434252,1842,2920,3306.7063720632646,-827.5742458444437,3409.8599130721227,-418.51962662416327,-1,-1,off_screen,0.0,288,21,2.0,-0.0038778007074443434,43.91532827764002,39.487874720658986,0.15990000974852592,0.3146999952150509,11.355299997376278,0.14180000289343297,11.825999987195246,0,True,gaze_outside_screen,0.7593817515001096
1787910434268,1843,2921,3322.186136985719,-794.6466970265523,3383.557780246201,-531.3577477448799,-1,-1,off_screen,0.0,303,21,2.0,-0.00426961965910733,45.78009084826179,39.49312204362057,0.10509999992791563,0.27319999935571104,10.928799994871952,0.12650000280700624,11.33799999661278,0,True,gaze_outside_screen,0.7593817515001096
1787910434300,1844,2922,3348.5206378611697,-844.8034792841304,3373.0466375306914,-625.3914672066551,-1,-1,off_screen,0.0,335,21,2.0,-0.004479800881151418,44.34230201950348,39.489988554727624,0.14289999671746045,0.29319999157451093,10.235199995804578,0.1340000017080456,10.684799999580719,0,True,gaze_outside_screen,0.7593817515001096
1787910434332,1845,2923,3369.1242975040873,-810.8833126308169,3371.86993552271,-681.0390208339036,-1,-1,off_screen,0.0,368,21,2.0,-0.004684609540476999,43.02812847781397,39.485641153312685,0.18689999706111848,0.39060000563040376,11.528699993505143,0.1733999961288646,12.106500013032928,0,True,gaze_outside_screen,0.7593817515001096
1787910434348,1846,2924,3425.5725859759427,-676.8949371719027,3387.9807306586795,-679.7957957353033,-1,-1,off_screen,0.0,384,21,2.0,-0.00451727917045185,44.942442568562356,39.49097233333661,0.13359999866224825,0.2595999976620078,10.94389999343548,0.13610000314656645,11.350500004482456,0,True,gaze_outside_screen,0.7593817515001096
1787910434380,1847,2925,3476.388323274231,-467.0371487047864,3414.5030084433447,-615.9682016261481,-1,-1,off_screen,0.0,416,21,2.0,-0.004164124513244518,43.56569683126298,39.487329347610256,0.1652999926591292,0.2882999979192391,10.983999993186444,0.14449999434873462,11.42920000711456,0,True,gaze_outside_screen,0.7593817515001096
1787910434396,1848,2926,3521.056750244226,-345.64291272205134,3446.469130983609,-534.870614954919,-1,-1,off_screen,0.0,431,21,2.0,-0.004009656323355055,45.46992702917329,39.4926434356351,0.12059998698532581,0.26679999427869916,10.404500004369766,0.12850000348407775,10.810700012370944,0,True,gaze_outside_screen,0.7593817515001096
1787910434428,1849,2927,3494.218909649738,-323.16459515686034,3460.7940645834474,-471.3588090155014,-1,-1,off_screen,0.0,463,21,2.0,-0.0038617360047617164,44.03449626704444,39.48869684553224,0.19780000729952008,0.3431999939493835,10.903799993684515,0.13849999231752008,11.40089999535121,0,True,gaze_outside_screen,0.7593817515001096
1787910434460,1850,2928,3535.892192664711,-175.54536626606233,3483.323503007826,-382.61477619066966,-1,-1,off_screen,0.0,496,21,2.0,-0.003994416280465464,42.79184265547425,39.48576469540675,0.12569999671541154,0.2716000017244369,10.194300004513934,0.11549999180715531,10.592899998300709,0,True,gaze_outside_screen,0.7593817515001096
1787910434476,1851,2929,3517.789721232595,-139.9248443050371,3493.6633684752564,-309.8077966249799,-1,-1,off_screen,0.0,512,21,2.0,-0.004079011384667973,44.69989659157618,39.49054846506386,0.11439999798312783,0.2564000023994595,10.382899999967776,0.12240000069141388,10.770299995783716,0,True,gaze_outside_screen,0.7593817515001096
1787910434508,1852,2930,3516.5628772605746,-127.9622241944298,3500.5332211108516,-255.25412489581487,-1,-1,off_screen,0.0,543,21,2.0,-0.004183059622792574,43.3578980747505,39.48664839641906,0.1632999919820577,0.3234000032534823,10.973899989039637,0.14089999604038894,11.451500002294779,0,True,gaze_outside_screen,0.7593817515001096
1787910434524,1853,2931,3514.063315396122,-107.0289640317924,3504.5922493964326,-210.78657663660812,-1,-1,off_screen,0.0,559,21,2.0,-0.004189125737625955,45.22392787966294,39.491945485670136,0.14170000213198364,0.33460000122431666,10.237700000288896,0.112900001113303,10.696099998313002,0,True,gaze_outside_screen,0.7593817515001096
1787910434556,1854,2932,3416.2397360827167,-100.54943203794417,3478.0864954023177,-177.71543325700893,-1,-1,off_screen,0.0,592,21,2.0,-0.004151366476981111,43.84484487128915,39.488543522336705,0.1419000036548823,0.3195000026607886,10.138899990124628,0.13070000568404794,10.60019999567885,0,True,gaze_outside_screen,0.7593817515001096
1787910434572,1855,2933,3363.376872554508,-240.92437808382945,3443.6736085479743,-196.67811670505506,-1,-1,off_screen,0.0,608,21,2.0,-0.004195119071039798,45.69143350152349,39.493521400876226,0.10629999451339245,0.24259999918285757,10.142900006030686,0.11949999316129833,10.513500004890375,0,True,gaze_outside_screen,0.7593817515001096
1787910434604,1856,2934,3175.530556596058,-584.3691345221021,3363.230692962399,-312.9854220501692,-1,-1,off_screen,0.0,640,21,2.0,-0.0040836809894351025,44.23327129133218,39.48937184271162,0.20500000391621143,0.39000000106170774,10.938299994450063,0.1500999933341518,11.496799997985363,0,True,gaze_outside_screen,0.7593817515001096
1787910434636,1857,2935,3136.732950458715,-507.8765964409687,3295.2813702112935,-371.452774367409,-1,-1,off_screen,0.0,671,21,2.0,-0.003823521092788395,42.951466607692645,39.48604373519547,0.13479999324772507,0.2783000090857968,10.827000005519949,0.13649999164044857,11.252399999648333,0,True,gaze_outside_screen,0.7593817515001096
1787910434652,1858,2936,3072.89580685768,20.775299702650994,3228.565701205209,-253.78435214639097,-1,-1,off_screen,0.0,687,21,2.0,-0.0035033686487252365,44.89867306163286,39.491399519702796,0.10550000297371298,0.23950000468175858,10.103700013132766,0.12260000221431255,10.47419999667909,0,True,gaze_outside_screen,0.7593817515001096
1787910434684,1859,2937,0.0,0.0,0.0,0.0,-1,-1,,0.0,0,0,2.0,-0.0035033686487252365,43.52269307123753,39.488693246967486,0.1765999913914129,0.3127000090898946,8.44140000117477,0.010000003385357559,8.779000010690652,0,False,face_missing,0.7593817515001096
1787910434700,1860,2938,0.0,0.0,0.0,0.0,-1,-1,,0.0,0,0,2.0,-0.0035033686487252365,45.42304204393464,39.492551999745075,0.11470000026747584,0.27260000933893025,10.547000012593344,0.009700001101009548,10.840699993423186,0,False,face_missing,0.7593817515001096
1787910434732,1861,2939,3131.213620875143,1788.998169779442,3199.360077106189,359.05040443135886,-1,-1,off_screen,0.0,0,22,2.2,-0.004159758862826915,44.0144436661407,39.48808904338312,0.1179000100819394,0.2538999979151413,12.273499989532866,0.12419999984558672,12.660599997616373,0,True,gaze_outside_screen,0.7593817515001096
1787910434765,1862,2940,3480.816401602053,1566.8860959813255,3283.7969744549478,721.4011118963488,-1,-1,off_screen,0.0,32,22,2.2,-0.004741674402933806,42.71095991262013,39.484895683708274,0.25689999165479094,0.3443000023253262,11.188400007085875,0.1638999965507537,11.72700000461191,0,True,gaze_outside_screen,0.7593817515001096
1787910434780,1863,2941,1142.9982153434642,-1282.8702807562674,2641.5573467215027,120.11969410056389,0,2,ai_agent,0.4679237773034084,0,14,2.4,-0.003939877889773463,44.72245486305044,39.49012997441174,0.13190000026952475,0.2717000024858862,10.850599996047094,0.13020000187680125,11.263300009886734,0,True,on_screen,0.7593817515001096
1787910434812,1864,2942,519.718905839155,-515.0451935277079,2005.0058144567981,-70.42977218791764,-1,-1,off_screen,0.0,0,23,2.6,-0.0035018463623363444,43.39061700123095,39.48660450966033,0.11989999620709568,0.26139999681618065,11.00159999623429,0.12270000297576189,11.394500004826114,0,True,gaze_outside_screen,0.7593817515001096
1787910434828,1865,2943,814.5423538588202,-192.38511592584274,1647.8667762774046,-107.01637530929517,-1,-1,off_screen,0.0,16,23,2.6,-0.003799976384225308,45.318711639846455,39.49177883550914,0.10420000762678683,0.23440000950358808,10.6283000059193,0.1272999943466857,10.998099998687394,0,True,gaze_outside_screen,0.7593817515001096
1787910434860,1866,2944,1831.1065627562368,960.8545107646971,1702.8387122210543,213.3448905129025,0,1,main_file,0.5110672510806806,0,12,2.8,-0.0050368671280710785,43.894978824913075,39.4878765250968,0.12700000661425292,0.382099999114871,10.951200005365536,0.1655999949434772,11.513199991895817,0,True,on_screen,0.7593817515001096
1787910434876,1867,2945,2136.131550222912,1649.569098111385,1832.8265636216115,644.2121527924472,1,1,main_file,0.17185108597487508,16,12,2.8,-0.005582518403316755,45.7993412823522,39.492762998113975,0.11059999815188348,0.31010000384412706,11.264200002187863,0.13380000018514693,11.72099998802878,0,True,on_screen,0.7593817515001096
1787910434908,1868,2946,2774.4439000754846,589.1352993606803,2115.311764557773,627.6890967629171,1,2,second_file,0.30401405176507745,0,13,3.0,-0.0057547751001722925,44.32745856162805,39.489270969489674,0.12330000754445791,0.2775999892037362,11.041500009014271,0.1362000039080158,11.464199997135438,0,True,on_screen,0.7593817515001096
1787910434940,1869,2947,3101.8844541677126,796.631552116306,2411.2835714407547,678.3718333689337,1,2,second_file,0.6079505686218862,32,13,3.0,-0.00601801737193404,43.04244523702628,39.48579785220067,0.15779999375808984,0.3257000062149018,11.097599999629892,0.14650000957772136,11.582800012547523,0,True,on_screen,0.7593817515001096
1787910434956,1870,2948,2942.4095791594696,1138.5501380841454,2570.621373756369,816.4253247834972,1,2,second_file,0.6643508371089191,48,13,3.0,-0.005948168786758964,44.987810108489015,39.49134367027612,0.11500000255182385,0.23820000933483243,10.041799992904998,0.13410000246949494,10.422799998195842,0,True,on_screen,0.7593817515001096
1787910434988,1871,2949,3024.448948519129,1111.796141791264,2706.7696461851965,905.0365698858272,1,2,second_file,0.45796833715813867,79,13,3.0,-0.005499554245824857,43.60276127924849,39.48775461697752,0.09800000407267362,0.2477000089129433,10.033999991719611,0.1255999959539622,10.416099990834482,0,True,on_screen,0.7593817515001096
1787910435004,1872,2950,3036.4868830962823,649.4361190195816,2805.6848172585223,828.3564346259535,1,2,second_file,0.2722013176606203,95,13,3.0,-0.005695222179525498,45.501325767118935,39.49243413318094,0.10900000052060932,0.24420001136604697,10.53880000836216,0.11959999392274767,10.910800003330223,0,True,on_screen,0.7593817515001096
1787910435036,1873,2951,3129.9793131222227,647.159472445735,2902.973166017632,773.997345971888,-1,-1,off_screen,0.0,0,24,3.2,-0.005804360474345741,44.068924977492905,39.488684720122095,0.17220000154338777,0.305499997921288,10.772699999506585,0.16229999891947955,11.252899988903664,0,True,gaze_outside_screen,0.7593817515001096
1787910435069,1874,2952,3256.0814596009936,590.6610539725136,3008.9056540926404,718.9964583720756,-1,-1,off_screen,0.0,32,24,3.2,-0.0061238184440972395,42.75434098154891,39.485413042431745,0.23720000172033906,0.34860000596381724,9.954699999070726,0.11800001084338874,10.43200001004152,0,True,gaze_outside_screen,0.7593817515001096
1787910435084,1875,2953,3307.174847843537,436.4051613027993,3098.3864122179093,634.2190692512927,-1,-1,off_screen,0.0,48,24,3.2,-0.006103162035605788,44.937144686974975,39.49070423458629,0.11350000568199903,0.22819999139755964,9.887899999739602,0.13040000339969993,10.25340000342112,0,True,gaze_outside_screen,0.7593817515001096
1787910435116,1876,2954,3345.935452861017,467.1519346486314,3172.6511244108415,584.0989288704943,-1,-1,off_screen,0.0,79,24,3.2,-0.006008056221111771,43.55652264047675,39.48661497590014,0.1584999990882352,0.2840999950421974,10.76689999899827,0.13719999697059393,11.200200009625405,0,True,gaze_outside_screen,0.7593817515001096
1787910435132,1877,2955,3249.663830217675,340.03719200770774,3195.7549361528913,510.8804078116583,-1,-1,off_screen,0.0,95,24,3.2,-0.0059088527165983215,45.49936881002632,39.49204315717673,0.12110000534448773,0.2519999979995191,9.98299999628216,0.11900000390596688,10.362200002418831,0,True,gaze_outside_screen,0.7593817515001096
1787910435165,1878,2956,3231.7599876274085,581.1888232503584,3206.5564515952465,531.9729324432683,-1,-1,off_screen,0.0,128,24,3.2,-0.00608615476498627,44.04586731272796,39.48771592261455,0.13970000145491213,0.2793000021483749,11.184200004208833,0.11809999705292284,11.590900001465343,0,True,gaze_outside_screen,0.7593817515001096
1787910435180,1879,2957,3272.0856994313604,725.8034940785019,3226.2152259460804,590.1221009338384,-1,-1,off_screen,0.0,144,24,3.2,-0.006229620348230828,46.02766991193586,39.49363660549848,0.1041999930748716,0.23729998792987317,9.667300008004531,0.11800001084338874,10.030700010247529,0,True,gaze_outside_screen,0.7593817515001096
1787910435213,1880,2958,3444.5957350547524,1094.5042546773025,3291.7293786786813,741.4367470568776,-1,-1,off_screen,0.0,177,24,3.2,-0.006616036053156537,44.50754548452528,39.48921061182822,0.3048000071430579,0.2781999937724322,10.88990000425838,0.12760001118294895,11.306300002615899,0,True,gaze_outside_screen,0.7593817515001096
1787910435244,1881,2959,3380.3786536839393,931.2627537414137,3318.3241611802587,798.3845490622384,-1,-1,off_screen,0.0,207,24,3.2,-0.006756961362179126,43.211424777498515,39.48606153971061,0.1238999975612387,0.28750000637955964,10.47800001106225,0.1306000049225986,10.906099996645935,0,True,gaze_outside_screen,0.7593817515001096
1787910435260,1882,2960,3048.991334498075,168.32127778844549,3237.5243131756033,609.3655676801005,-1,-1,off_screen,0.0,223,24,3.2,-0.006660921056065309,45.10231127602547,39.49100244404923,0.14769998961128294,0.25880000612232834,10.364999994635582,0.12270000297576189,10.754600007203408,0,True,gaze_outside_screen,0.7593817515001096
1787910435292,1883,2961,2278.2501035168725,-473.18615734789626,2949.7420502779837,284.60005017170147,-1,-1,off_screen,0.0,256,24,3.2,-0.00632345028650692,43.71933763690961,39.4867649778704,0.1323000033153221,0.30279999191407114,11.662599994451739,0.16670000331941992,12.146699998993427,0,True,gaze_outside_screen,0.7593817515001096
1787910435308,1884,2962,1557.8033271419429,-687.0174309091643,2532.1604333371715,-6.885194152558256,-1,-1,off_screen,0.0,272,24,3.2,-0.006295055500225102,45.6288898200519,39.49274167940645,0.1205000007757917,0.25090000417549163,9.838300000410527,0.10220000694971532,10.199299998930655,0,True,gaze_outside_screen,0.7593817515001096
1787910435340,1885,2963,722.2631005703804,-918.0434381970755,1989.1912335071343,-280.2326673659134,-1,-1,off_screen,0.0,303,24,3.2,-0.006270893806532141,44.19602844552857,39.48893823947521,0.12209999840706587,0.23960000544320792,10.434599986183457,0.11520000407472253,10.79800000297837,0,True,gaze_outside_screen,0.7593817515001096
1787910435374,1886,2964,1073.5011914387035,-1242.06082640442,1714.4842208866048,-568.7811150774653,-1,-1,off_screen,0.0,338,24,3.2,-0.006478099436186517,42.70003462104497,39.48365561087542,0.14819999341852963,0.32619999547023326,11.45429999451153,0.16450000111944973,11.960100004216656,0,True,gaze_outside_screen,0.7593817515001096
1787910435388,1887,2965,1122.1647605262579,-2012.574172799755,1536.7883827785006,-1001.919032394152,-1,-1,off_screen,0.0,351,24,3.2,-0.006547541182618553,45.62412049117601,39.490119400976155,0.1453000004403293,0.27319999935571104,10.653100005583838,0.15919998986646533,11.10079999489244,0,True,gaze_outside_screen,0.7593817515001096
1787910435420,1888,2966,1395.7264450608968,-2145.188659182221,1494.4698014632195,-1344.8999204305726,-1,-1,off_screen,0.0,384,24,3.2,-0.006267247023286508,44.17947911234574,39.48650486989678,0.14179998834151775,0.3023000026587397,10.786700004246086,0.12009999772999436,11.218500003451481,0,True,gaze_outside_screen,0.7593817515001096
1787910435436,1889,2967,1575.7857203822616,-2206.040598398944,1518.864577138932,-1603.2421238210839,-1,-1,off_screen,0.0,400,24,3.2,-0.006234689772513766,46.143681597730755,39.492171458335584,0.11269999959040433,0.2423999976599589,9.720799993374385,0.12169999536126852,10.093499993672594,0,True,gaze_outside_screen,0.7593817515001096
1787910435469,1890,2968,1347.7825353845262,-2110.311951814782,1467.5399646126102,-1755.363072219193,-1,-1,off_screen,0.0,433,24,3.2,-0.006096871280007627,44.61279246578236,39.4874507078914,0.1618000096641481,0.3361999988555908,11.452500009909272,0.1672000071266666,11.968999999226071,0,True,gaze_outside_screen,0.7593817515001096
1787910435484,1891,2969,2170.173912048518,-948.8345632545244,1678.3301488433824,-1513.4045195297922,-1,-1,off_screen,0.0,447,24,3.2,-0.00598989159000719,46.4652822887327,39.49286600216388,0.1255999959539622,0.2640000020619482,10.73720000567846,0.13469999248627573,11.144999996758997,0,True,gaze_outside_screen,0.7593817515001096
1787910435516,1892,2970,2692.223605498585,326.41294488920556,1982.498185839943,-961.4592802040927,-1,-1,off_screen,0.0,480,24,3.2,-0.005648816904182324,44.94249480159151,39.48927465383769,0.16710000636521727,0.2834000042639673,10.871000005863607,0.12539999443106353,11.292499999399297,0,True,gaze_outside_screen,0.7593817515001096
1787910435549,1893,2971,2786.29595334954,1659.4112348384228,2223.637516092822,-175.19812569133802,-1,-1,off_screen,0.0,513,24,3.2,-0.005139981914832,43.48625384619871,39.48512130125211,0.19230000907555223,0.4479999915929511,10.892899997998029,0.2531999925849959,11.61349999892991,0,True,gaze_outside_screen,0.7593817515001096
1787910435565,1894,2972,2885.682965425941,1566.284464785924,2422.2511508927573,347.24665145184053,0,2,ai_agent,0.9077375542625383,0,15,3.4,-0.005214143189857258,45.65237132469194,39.49084564328389,0.11619999713730067,0.2958999975817278,10.238399991067126,0.13329999637790024,10.679099999833852,0,True,on_screen,0.7593817515001096
1787910435596,1895,2973,2399.510028160992,1960.769270542454,2415.428814073228,831.3034371790245,1,2,second_file,0.8756130382558414,0,14,3.6,-0.004833535533067142,44.24123073283794,39.48729525827472,0.1475000026402995,0.275999991572462,10.618300002533942,0.15720000374130905,11.065600003348663,0,True,on_screen,0.7593817515001096
1787910435613,1896,2974,1523.8246528544873,2307.3869917929223,2147.9475657076055,1274.1285035631936,2,2,terminal,0.40207296682485083,0,18,3.8,-0.0045997605506482055,45.9521146219607,39.49187669292404,0.16170000890269876,0.2825999981723726,10.898799999267794,0.16030001279432327,11.353199995937757,0,True,on_screen,0.7593817515001096
1787910435644,1897,2975,2657.6544070792,2552.3615161942025,2300.8596181190837,1657.5984073524962,2,2,terminal,0.6710680407268628,31,18,3.6,-0.004902562531910286,44.52015878253184,39.48819691754993,0.14060000830795616,0.3139000036753714,11.578400008147582,0.17579999985173345,12.082000001100823,0,True,on_screen,0.7593817515001096
1787910435676,1898,2976,1974.3129129871104,2683.5230749966945,2202.8956065794914,1965.3758076457557,-1,-1,off_screen,0.0,0,25,3.8,-0.0051553579046395275,43.17699629779386,39.48538317985069,0.13380000018514693,0.3412000078242272,10.127800007467158,0.12759999663103372,10.609900011331774,0,True,gaze_outside_screen,0.7593817515001096
1787910435692,1899,2977,-704.6748507963563,3127.2292524620884,1330.624469366737,2313.9318410906553,-1,-1,off_screen,0.0,15,25,3.8,-0.004479838249419117,45.10266309051209,39.489872873173475,0.12669998977798969,0.29969999741297215,10.924799993517809,0.11350000568199903,11.34690000617411,0,True,gaze_outside_screen,0.7593817515001096
1787910435724,1900,2978,-278.47455494494443,2837.74558513337,847.8947620732325,2471.0759643034694,-1,-1,off_screen,0.0,47,25,3.8,-0.004113457420480726,43.761346147661385,39.4859183237677,0.1286000042455271,0.2919999969890341,12.196399999083951,0.1652000064495951,12.666399998124689,0,True,gaze_outside_screen,0.7593817515001096
1787910435740,1901,2979,335.3073431060673,2456.303606894978,694.118536383083,2466.644257080922,-1,-1,off_screen,0.0,63,25,3.8,-0.004217056334805146,45.53568911914736,39.489983273607955,0.13349999790079892,0.3093999985139817,13.44930000777822,0.19640001119114459,13.96779999777209,0,True,gaze_outside_screen,0.7593817515001096
1787910435772,1902,2980,435.87010358846123,2004.179513248978,616.6440065446964,2327.9048339313385,-1,-1,off_screen,0.0,95,25,3.8,-0.003737529663542287,44.11120757679011,39.48828012360285,0.13549999857787043,0.30869999318383634,10.135899996384978,0.13059999037068337,10.586199990939349,0,True,gaze_outside_screen,0.7593817515001096
1787910435788,1903,2981,906.4669145189112,1853.9343431154073,703.5908789369607,2185.7136866865594,-1,-1,off_screen,0.0,111,25,3.8,-0.0036271407558595217,45.883460965858916,39.49292708503251,0.12599999899975955,0.2857999934349209,10.436800002935342,0.12269998842384666,10.855000000447035,0,True,gaze_outside_screen,0.7593817515001096
1787910435822,1904,2982,1175.8946816376788,1596.4909210997341,845.282019747176,2008.9468570105116,-1,-1,off_screen,0.0,145,25,3.8,-0.003310540045565004,44.30242564079823,39.4885566618848,0.1475000026402995,0.33399999665562063,10.792300003231503,0.14319999900180846,11.280699996859767,0,True,gaze_outside_screen,0.7593817515001096
1787910435852,1905,2983,848.0137217003972,1722.2452448879735,846.1015303331424,1922.93637337375,-1,-1,off_screen,0.0,175,25,3.8,-0.0032437050736599596,43.149378060261256,39.48616362732368,0.1213000068673864,0.305499997921288,10.22380001086276,0.12969999806955457,10.668599992641248,0,True,gaze_outside_screen,0.7593817515001096
1787910435868,1906,2984,920.7058890225329,1553.031596628514,868.4828379399594,1811.9649403501792,-1,-1,off_screen,0.0,191,25,3.6,-0.002802326419077388,44.970953119117524,39.49081281773745,0.13100000796839595,0.28610001027118415,10.387600006652065,0.11789999553002417,10.801099997479469,0,True,gaze_outside_screen,0.7593817515001096
1787910435900,1907,2985,800.0818140473956,1772.2568525770757,847.9625307721901,1800.052514018248,-1,-1,off_screen,0.0,223,25,3.6,-0.0026886370547556607,43.638935605661466,39.487508180362376,0.12209999840706587,0.258100000792183,10.42230000894051,0.16460000188089907,10.854599997401237,0,True,gaze_outside_screen,0.7593817515001096
1787910435917,1908,2986,909.6985354088795,1892.511590751629,866.4833321631968,1827.7902370382624,-1,-1,off_screen,0.0,240,25,3.6,-0.002809757439260919,45.27193565114864,39.49139824378191,0.18050000653602183,0.3628999984357506,11.559599995962344,0.1201999984914437,12.054999999236315,0,True,gaze_outside_screen,0.7593817515001096
1787910435948,1909,2987,1389.5105855058525,1685.2148001633552,1023.3915081659934,1785.01760597579,2,1,terminal,0.10823284338110684,0,19,3.8,-0.0030081497597043098,43.89673099092633,39.48849655411259,0.12570001126732677,0.33059999987017363,10.745499996119179,0.12229999992996454,11.208799987798557,0,True,on_screen,0.7593817515001096
1787910435980,1910,2988,1628.3452345121668,1594.6175947497225,1204.8776260698455,1727.8976026079695,2,1,terminal,0.42151601548509976,32,19,3.8,-0.003095932449069092,42.65302774738704,39.484430020006066,0.11039999662898481,0.24649999977555126,12.149699992733076,0.13349999790079892,12.538800001493655,0,True,on_screen,0.7593817515001096
1787910435996,1911,2989,1545.9320617061019,1643.4999987695996,1307.1939567607224,1702.5783214564585,2,1,terminal,0.5720610121828422,48,19,3.8,-0.0029109237927174986,44.571443242645536,39.48984197470693,0.10970000585075468,0.2810000005410984,10.862499999348074,0.16319999122060835,11.319299999740906,0,True,on_screen,0.7593817515001096
1787910436028,1912,2990,1016.523451450443,1758.5794410514625,1219.9928051676384,1719.3786573349596,2,1,terminal,0.451110071909817,80,19,3.8,-0.0026065218614462204,43.25960580692176,39.486783121954964,0.17129999469034374,0.2755999885266647,10.296300009940751,0.13179999950807542,10.714300005929545,0,True,on_screen,0.7593817515001096
1787910436044,1913,2991,808.1208817390541,1816.3436503273556,1096.431228139063,1748.4681552326783,2,1,terminal,0.2509349873727872,95,19,3.8,-0.0025017385976992546,45.12283642004225,39.49150615206971,0.10099999781232327,0.24590000975877047,10.440900005050935,0.12589999823831022,10.822800002642907,0,True,on_screen,0.7593817515001096
1787910436076,1914,2992,1203.4304974264994,1696.0790741546869,1128.531008925294,1732.7514309092808,2,1,terminal,0.31307429845080426,128,19,3.8,-0.002315034793219246,43.758919562519196,39.48672051361379,0.13729999773204327,0.40639999497216195,12.991600000532344,0.1551000023027882,13.564499997301027,0,True,on_screen,0.7593817515001096
1787910436092,1915,2993,1266.9441751074921,1660.7017201674435,1170.0549587799533,1711.1365176867296,2,1,terminal,0.39454994407031885,144,19,3.8,-0.0023011677080635277,45.56605766250126,39.492796221694675,0.1109000004362315,0.27159998717252165,10.634599995682947,0.13919999764766544,11.055299997678958,0,True,on_screen,0.7593817515001096
1787910436124,1916,2994,1366.0772162913565,1632.3899309569244,1228.8616360333742,1687.512541667788,2,1,terminal,0.5011237283671371,176,19,3.8,-0.0022217769456300586,44.12785452586799,39.489182027613616,0.12250000145286322,0.2714000002015382,10.829600010765716,0.13670000771526247,11.247000002185814,0,True,on_screen,0.7593817515001096
1787910436156,1917,2995,1430.3928381988756,1649.6145184100387,1289.3209966830245,1676.143134690463,2,1,terminal,0.5904900543753793,207,19,3.8,-0.0021403035439841716,42.8490793523951,39.48594405665437,0.10770000517368317,0.2860000095097348,10.42760000564158,0.15859999984968454,10.881900001550093,0,True,on_screen,0.7593817515001096
1787910436172,1918,2996,1468.8375678715756,1686.6103125081672,1343.1759680395899,1679.2832880357741,2,1,terminal,0.64002795861277,223,19,3.8,-0.0021651123478170116,44.78199418686566,39.49029944322182,0.1745999907143414,0.35339999885763973,11.227599999983795,0.1613000058569014,11.756400010199286,0,True,on_screen,0.7593817515001096
1787910436204,1919,2997,1453.2868613725348,1788.1329229230719,1376.2092360394734,1711.9381785019634,2,1,terminal,0.6089841127597562,256,19,3.8,-0.0022027180900800834,43.445188918812846,39.48742024074638,0.12929999502375722,0.26339999749325216,10.375099998782389,0.13050000416114926,10.779500007629395,0,True,on_screen,0.7593817515001096
1787910436220,1920,2998,1337.9995775183806,1866.3044677122205,1364.7463384831453,1758.2480652650406,2,1,terminal,0.5247867395589954,272,19,3.8,-0.002188744638954951,45.31007603539175,39.4924841672879,0.1134999911300838,0.2432000037515536,9.884800005238503,0.1277999981539324,10.264199998346157,0,True,on_screen,0.7593817515001096
1787910436252,1921,2999,1213.2688861739177,1971.900503102143,1319.3031027903771,1822.3437966161714,-1,-1,off_screen,0.0,0,26,4.0,-0.002178068897127336,43.90664868465967,39.488542397443716,0.13300000864546746,0.2896000078180805,10.73430001270026,0.15750000602565706,11.192499994649552,0,True,gaze_outside_screen,0.7593817515001096
1787910436285,1922,3000,1137.5105933577267,2033.11779539194,1264.765349960582,1885.575996248902,-1,-1,off_screen,0.0,32,26,4.0,-0.002159441237206298,42.620600070963164,39.48503569070029,0.1677999971434474,0.3276999923400581,10.583800001768395,0.1297000126214698,11.053099995478988,0,True,gaze_outside_screen,0.7593817515001096
1787910436300,1923,3001,1126.396195596305,2061.374004204736,1223.2546036512988,1938.315398635652,-1,-1,off_screen,0.0,47,26,4.0,-0.002165639287350682,44.69443098675745,39.49029475212501,0.10769999062176794,0.2510999911464751,10.104000000865199,0.11190000805072486,10.474400012753904,0,True,gaze_outside_screen,0.7593817515001096
1787910436332,1924,3002,1137.5760302829228,2088.5049188616654,1197.5510316407858,1983.3722547034558,-1,-1,off_screen,0.0,79,26,3.8,-0.0021132240577629927,43.3527833545934,39.48653192329964,0.13470000703819096,0.27880001289304346,10.645500005921349,0.1357000001007691,11.069600004702806,0,True,gaze_outside_screen,0.7593817515001096
1787910436349,1925,3003,1173.5587551773606,2111.7618531076105,1190.3533487017583,2021.889134224702,-1,-1,off_screen,0.0,96,26,3.8,-0.0021261624934111947,45.03572820071827,39.49094756228512,0.1463999942643568,0.3639999922597781,10.737699994933791,0.15750000602565706,11.275400000158697,0,True,gaze_outside_screen,0.7593817515001096
1787910436380,1926,3004,940.6992824879151,2057.643567435669,1115.4571288376053,2032.615464187992,-1,-1,off_screen,0.0,128,26,3.8,-0.0021412194650054436,43.716655779432855,39.48825908369547,0.106100007542409,0.2657000004546717,9.971999999834225,0.12590001279022545,10.373999990406446,0,True,gaze_outside_screen,0.7593817515001096
1787910436396,1927,3005,888.8919276207608,2076.1825599173994,1047.487568472552,2045.6855929068142,-1,-1,off_screen,0.0,143,26,3.8,-0.0019415908637846497,45.572803615917195,39.49311354964937,0.1002000062726438,0.2361999941058457,9.930300002451986,0.11300000187475234,10.286999997333623,0,True,gaze_outside_screen,0.7593817515001096
1787910436429,1928,3006,474.1637030712374,1833.3677371378299,875.4904088521577,1981.9902361761187,-1,-1,off_screen,0.0,176,26,3.8,-0.0012646360801597915,44.10627387402457,39.48844446338786,0.2572000084910542,0.4602999979397282,11.633899994194508,0.14519999967887998,12.253299995791167,0,True,gaze_outside_screen,0.7593817515001096
1787910436460,1929,3007,370.1142028143755,1655.1673315727617,723.877547040823,1883.9433647951114,-1,-1,off_screen,0.0,207,26,3.8,-0.0012549479166200327,42.851813637094416,39.486072859626134,0.14480001118499786,0.27910000062547624,10.039000000688247,0.13760000001639128,10.46669999777805,0,True,gaze_outside_screen,0.7593817515001096
1787910436476,1930,3008,181.280380992381,1558.9652270938545,561.0983972262903,1786.4499234847344,2,0,terminal,0.4740489005813744,0,20,4.0,-0.001323089860482702,44.86548777545791,39.49110138793812,0.10269999620504677,0.302100001135841,9.770799995749258,0.12700000661425292,10.216000009677373,0,True,on_screen,0.7593817515001096
1787910436508,1931,3009,162.4559785698319,1477.5344469168615,441.5056716293528,1693.7752805143723,2,0,terminal,0.6509748163473668,31,20,4.0,-0.001734231224711339,43.49745832458884,39.48745037449648,0.10479999764356762,0.25129999266937375,10.12740000442136,0.1289999927394092,10.516499998630024,0,True,on_screen,0.7593817515001096
1787910436524,1932,3010,-335.53120998246476,1695.2731260710352,208.39460714580753,1694.224634181371,2,0,terminal,0.4101019524851591,47,20,4.0,-0.0018234843206416558,45.33196614419105,39.49156253254628,0.16029999824240804,0.4464000085135922,11.123200005386025,0.15129998791962862,11.733899998944253,0,True,on_screen,0.7593817515001096
1787910436557,1933,3011,-656.9210770418696,1908.2401314197828,-51.20009811049559,1758.4292833528943,-1,-1,off_screen,0.0,0,27,4.2,-0.0017738426651678976,43.90547877902327,39.488042654787336,0.14850001025479287,0.30020000122021884,11.222899993299507,0.1286000042455271,11.663700002827682,0,True,gaze_outside_screen,0.7593817515001096
1787910436588,1934,3012,-800.2622846610135,2031.0976848644764,-275.91875407565095,1840.2298038063686,-1,-1,off_screen,0.0,31,27,4.2,-0.0017083016148867307,42.681040860073416,39.48520076191481,0.11890000314451754,0.26359999901615083,10.501700002350844,0.11870000162161887,10.892899997998029,0,True,gaze_outside_screen,0.7593817515001096
1787910436604,1935,3013,-390.7276489367695,2027.4891742435402,-310.3614225339865,1896.40761493752,-1,-1,off_screen,0.0,47,27,4.2,-0.0017916258176033997,44.72471329085238,39.48942959189949,0.13380000018514693,0.2628999936860055,11.742699993192218,0.18899999849963933,12.204300001030788,0,True,gaze_outside_screen,0.7593817515001096
1787910436637,1936,3014,49.45728033827198,1967.5131818002951,-202.41581167230896,1917.7392849963526,-1,-1,off_screen,0.0,80,27,4.2,-0.0020655774392846597,43.337557094714256,39.485812552346076,0.13100000796839595,0.3529999958118424,11.614599992753938,0.12739999510813504,12.107299990020692,0,True,gaze_outside_screen,0.7593817515001096
1787910436652,1937,3015,492.9004279178385,2308.2867464938013,6.179060204735293,2034.9035234455869,-1,-1,off_screen,0.0,95,27,4.2,-0.002393186113826506,45.400403514105385,39.4916275143086,0.1134999911300838,0.2638000005390495,10.156000003917143,0.12760001118294895,10.556200009887107,0,True,gaze_outside_screen,0.7593817515001096
1787910436684,1938,3016,585.0003045889831,2455.899858364609,179.82543352000965,2161.2024239212933,-1,-1,off_screen,0.0,127,27,4.2,-0.0026309633914124286,43.977443829640464,39.48787949128669,0.11199999426025897,0.24649999977555126,10.4979000025196,0.2911000046879053,11.045899998862296,0,True,gaze_outside_screen,0.7593817515001096
1787910436701,1939,3017,657.0868849789877,2515.4471997922897,323.00386895770305,2267.475856682592,-1,-1,off_screen,0.0,144,27,4.2,-0.002650563371491905,45.570700961534314,39.4922271384139,0.29799999902024865,0.3291000030003488,10.76669999747537,0.15870000061113387,11.26700000895653,0,True,gaze_outside_screen,0.7593817515001096
1787910436733,1940,3018,735.2955750967352,2161.5684841858138,446.6913807994127,2235.7036449335583,-1,-1,off_screen,0.0,176,27,4.2,-0.0025569164351294145,44.156733170202784,39.48858834293451,0.14069999451749027,0.3350999904796481,11.321800004225224,0.12519999290816486,11.814600002253428,0,True,gaze_outside_screen,0.7593817515001096
1787910436764,1941,3019,997.032491716322,2130.9332768251647,611.7937140744855,2204.2725345010404,-1,-1,off_screen,0.0,207,27,4.2,-0.002762262246364869,42.9124614217249,39.48580798708457,0.11160000576637685,0.24629999825265259,10.598499997286126,0.1370999962091446,10.98979999369476,0,True,gaze_outside_screen,0.7593817515001096
1787910436780,1942,3020,1013.3576051650932,1875.639686802165,732.2628814016678,2105.6826801913776,-1,-1,off_screen,0.0,223,27,4.2,-0.0027384312195655475,44.8083769233037,39.489877038736736,0.2082999999402091,0.3108999953838065,11.781499997596256,0.16569999570492655,12.272300009499304,0,True,gaze_outside_screen,0.7593817515001096
1787910436813,1943,3021,1094.0508453717225,2230.56183915234,840.7992705926843,2143.146427879666,-1,-1,off_screen,0.0,256,27,4.2,-0.0026096131437357145,43.44131988893516,39.48712960601422,0.12710000737570226,0.27609999233391136,10.392500000307336,0.12309999146964401,10.802499993587844,0,True,gaze_outside_screen,0.7593817515001096
1787910436828,1944,3022,1122.2133916575021,2384.2103348095407,925.2235069121296,2215.4655999586284,-1,-1,off_screen,0.0,271,27,4.2,-0.0025796257871493356,45.412791233937284,39.492284782281615,0.13279999257065356,0.24710000434424728,9.92749999568332,0.11979999544564635,10.303300005034544,0,True,gaze_outside_screen,0.7593817515001096
1787910436860,1945,3023,970.398008005521,2652.049996601865,938.7758572401469,2346.4409189515995,-1,-1,off_screen,0.0,302,27,4.0,-0.0023870647057284266,44.00163769114055,39.48796613963476,0.16250000044237822,0.25150000874418765,11.640400000032969,0.1475000026402995,12.048700009472668,0,True,gaze_outside_screen,0.7593817515001096
1787910436893,1946,3024,1226.5680452128538,2739.421344571164,1025.113513631959,2464.3350466374686,-1,-1,off_screen,0.0,335,27,4.0,-0.002245165054763458,42.704048127174154,39.484770592756234,0.21040000137872994,0.3921999887097627,10.775300004752353,0.15640001220162958,11.339599994244054,0,True,gaze_outside_screen,0.7593817515001096
1787910436908,1947,3025,1446.8981772811708,2475.238735822082,1151.6489127267225,2467.6061533928523,-1,-1,off_screen,0.0,351,27,4.0,-0.0019208783609266367,44.75867399138824,39.48978647585504,0.15279999934136868,0.26699999580159783,10.724199994001538,0.12349999451544136,11.124299999210052,0,True,gaze_outside_screen,0.7593817515001096
1787910436940,1948,3026,1576.7258046104666,2443.6477281842317,1279.1719802918456,2460.418625830266,-1,-1,off_screen,0.0,383,27,4.0,-0.0020831050849795113,43.413265329316474,39.48629272690731,0.17690000822767615,0.2796000044327229,10.851500002900138,0.13749999925494194,11.283400002866983,0,True,gaze_outside_screen,0.7593817515001096
1787910436956,1949,3027,1241.5093332072938,2575.3644287244833,1267.87318616648,2494.9023666985313,-1,-1,off_screen,0.0,399,27,4.0,-0.0019381236974640448,45.2638509220739,39.490234431618205,0.1548000000184402,0.31550000130664557,12.32480000180658,0.1542999962111935,12.806500002625398,0,True,gaze_outside_screen,0.7593817515001096
1787910436989,1950,3028,1246.1888310466315,2570.5157265732505,1261.3678796305255,2517.586374660947,-1,-1,off_screen,0.0,432,27,4.0,-0.0018929672753598067,43.832272126203826,39.487146779845446,0.16939999477472156,0.34169999707955867,11.31359999999404,0.14340000052470714,11.812800003099255,0,True,gaze_outside_screen,0.7593817515001096
1787910437005,1951,3029,1137.2938185915932,2766.085074644145,1224.1456613188457,2592.135984655906,-1,-1,off_screen,0.0,448,27,4.0,-0.0019041778748236336,45.78742570799656,39.492337101958924,0.1512000017100945,0.2918999962275848,10.832400002982467,0.14230000670067966,11.279300000751391,0,True,gaze_outside_screen,0.7593817515001096
1787910437036,1952,3030,1251.381598583269,2892.8717860259185,1232.3164424981726,2682.35672506691,-1,-1,off_screen,0.0,479,27,4.0,-0.0020106373617075485,44.35839856032698,39.489143006201616,0.13220000255387276,0.2821000089170411,10.631500001181848,0.1323000033153221,11.05729999835603,0,True,gaze_outside_screen,0.7593817515001096
1787910437069,1953,3031,1365.9971884755514,3165.531919565479,1272.4206662913862,2827.3092834164804,-1,-1,off_screen,0.0,512,27,4.0,-0.002039648096775395,43.02422833389871,39.48507784849318,0.19199999223928899,0.33150000672321767,11.555899996892549,0.14259999443311244,12.042500005918555,0,True,gaze_outside_screen,0.7593817515001096
1787910437084,1954,3032,1255.8758116432696,3288.8793259018807,1267.457209896951,2965.7802961621005,-1,-1,off_screen,0.0,527,27,4.0,-0.0018811825895354295,45.07617603826622,39.490691881116696,0.10399999155197293,0.291600008495152,10.301899994374253,0.11269999959040433,10.714800009736791,0,True,gaze_outside_screen,0.7593817515001096
1787910437116,1955,3033,1167.977441659429,3464.4355660729625,1237.6132794256944,3115.376877135359,-1,-1,off_screen,0.0,559,27,4.0,-0.0016827123390719505,43.69065098569265,39.487128365925,0.16209999739658087,0.294400000711903,10.504400008358061,0.1303000026382506,10.938400009763427,0,True,gaze_outside_screen,0.7593817515001096
1787910437132,1956,3034,1183.2135039892594,3463.763532272484,1221.293346794764,3219.8928736764965,-1,-1,off_screen,0.0,575,27,4.0,-0.0015710959430716813,45.60374267507524,39.49212456161227,0.11930000619031489,0.2708999963942915,10.204000005614944,0.14050000754650682,10.624899994581938,0,True,gaze_outside_screen,0.7593817515001096
1787910437164,1957,3035,1135.7785247072966,3518.217400519818,1195.6389001685236,3309.3902317294924,-1,-1,off_screen,0.0,607,27,4.0,-0.0015036282362827363,44.15371091798355,39.488266724447016,0.1505999971413985,0.3480000013951212,10.803500001202337,0.1387999946018681,11.303499995847233,0,True,gaze_outside_screen,0.7593817515001096
1787910437180,1958,3036,1127.0593651263744,3491.7705288554457,1175.0650396558788,3364.104320867278,-1,-1,off_screen,0.0,623,27,4.0,-0.001517679480426564,46.01477932783704,39.493525198497565,0.10800000745803118,0.24009999469853938,10.085800007800572,0.12390001211315393,10.457900003530085,0,True,gaze_outside_screen,0.7593817515001096
1787910437212,1959,3037,968.2773483030408,3406.6842867023115,1113.0287322500274,3376.878310617788,-1,-1,off_screen,0.0,654,27,4.0,-0.0015449551832236764,44.52653919390424,39.48981946277538,0.10889999975915998,0.25349999486934394,10.474499998963438,0.1283999881707132,10.873799998080358,0,True,gaze_outside_screen,0.7593817515001096
1787910437244,1960,3038,902.0499645329079,3345.5274780923874,1049.7351019348914,3367.4730608601676,-1,-1,off_screen,0.0,687,27,4.0,-0.0014451766762414615,43.209369549403874,39.48627231538263,0.13490000856108963,0.2960999991046265,10.76600000669714,0.14060000830795616,11.214799989829771,0,True,gaze_outside_screen,0.7593817515001096
1787910437261,1961,3039,775.0660279107386,3330.1582576921705,967.3343797276455,3356.278619909768,-1,-1,off_screen,0.0,703,27,4.0,-0.001438730022024482,45.04015876899169,39.49122648540189,0.1584999990882352,0.30419998802244663,10.184900005697273,0.12930000957567245,10.629299998981878,0,True,gaze_outside_screen,0.7593817515001096
1787910437292,1962,3040,698.4378167424585,3336.6902200263785,886.6654108320894,3350.402099944751,-1,-1,off_screen,0.0,735,27,4.0,-0.0015755431077842282,43.67282704043823,39.48779400398011,0.1486000110162422,0.2995999966515228,10.268400001223199,0.18429999181535095,10.761899990029633,0,True,gaze_outside_screen,0.7593817515001096
1787910437308,1963,3041,702.7933938398036,3278.6005354723384,831.5038057344036,3328.861630603027,-1,-1,off_screen,0.0,751,27,4.0,-0.0014468429633491021,45.59560415541946,39.49180475573651,0.11850000009872019,0.2491999912308529,11.954500005231239,0.15350000467151403,12.367199989967048,0,True,gaze_outside_screen,0.7593817515001096
1787910437340,1964,3042,779.3380821781049,3147.707278037946,815.8540886675139,3274.5153248335023,-1,-1,off_screen,0.0,782,27,4.0,-0.0012921227849191884,44.16269500313778,39.48839048978341,0.15130000247154385,0.25949999690055847,11.963799988734536,0.13250000483822078,12.36550000612624,0,True,gaze_outside_screen,0.7593817515001096
1787910437373,1965,3043,759.4101103096614,2876.7741092753895,798.9208951601581,3155.1929601660686,-1,-1,off_screen,0.0,815,27,4.0,-0.0011500752686399857,42.839929762680455,39.48527130089435,0.1931000006152317,0.32140000257641077,10.993299991241656,0.12260000221431255,11.45120000001043,0,True,gaze_outside_screen,0.7593817515001096
1787910437388,1966,3044,869.4405817066697,2809.1619309738203,820.0768011241116,3051.383651408394,-1,-1,off_screen,0.0,831,27,4.0,-0.0011612703323877864,44.96459103335141,39.49069212429798,0.1041999930748716,0.24199999461416155,10.21059999766294,0.13010000111535192,10.590999998385087,0,True,gaze_outside_screen,0.7593817515001096
1787910437420,1967,3045,726.4687711723277,2772.0662731529883,791.9943921385764,2967.588437931772,-1,-1,off_screen,0.0,863,27,4.0,-0.0012528489382239542,43.59138486067175,39.48675870939062,0.1539999939268455,0.31119999766815454,11.085799997090362,0.16589999722782522,11.57650000823196,0,True,gaze_outside_screen,0.7593817515001096
1787910437437,1968,3046,607.9069864294911,2729.7894301678243,736.7681704258507,2896.2487356025877,-1,-1,off_screen,0.0,880,27,4.0,-0.001250648314792848,45.34546314626671,39.49133060665452,0.13899999612476677,0.3031999949598685,11.172300000907853,0.12830000196117908,11.612699992838316,0,True,gaze_outside_screen,0.7593817515001096
1787910437469,1969,3047,659.1865872289954,2779.733261478856,713.4936954667942,2861.294093365468,-1,-1,off_screen,0.0,912,27,4.0,-0.0013361832904214901,43.91541742613272,39.48810799686998,0.20670000230893493,0.3412000078242272,10.54170000134036,0.12539999443106353,11.020199992344715,0,True,gaze_outside_screen,0.7593817515001096
1787910437484,1970,3048,635.6249754652802,2819.0894564888335,690.13307946634,2848.6327023024774,-1,-1,off_screen,0.0,927,27,4.0,-0.0013567209852033794,46.06717926701218,39.49324588789231,0.09650000720284879,0.2830000012181699,10.594099992886186,0.13410000246949494,11.019900004612282,0,True,gaze_outside_screen,0.7593817515001096
1787910437517,1971,3049,744.0427715619213,2925.6130613500654,706.3059870950143,2871.7268100167535,-1,-1,off_screen,0.0,960,27,4.0,-0.00124617268758841,44.53999017282713,39.48861530852367,0.1694999955361709,0.34359999699518085,12.429900001734495,0.13479999324772507,12.921000001369976,0,True,gaze_outside_screen,0.7593817515001096
1787910437548,1972,3050,718.3219670058215,2933.4496540411824,709.9107810682565,2890.243663224082,-1,-1,off_screen,0.0,991,27,4.0,-0.0011167166091236372,43.25041793571381,39.48664640915462,0.11870000162161887,0.25179999647662044,10.117700003320351,0.11629999789875001,10.49490000877995,0,True,gaze_outside_screen,0.7593817515001096
1787910437564,1973,3051,795.4566102147595,2905.973293698426,735.5745298122074,2894.962552366385,-1,-1,off_screen,0.0,1006,27,4.0,-0.0010636579895418295,45.13385692569828,39.49131837275859,0.10760000441223383,0.23370000417344272,10.21049999690149,0.119399992399849,10.571999999228865,0,True,gaze_outside_screen,0.7593817515001096
1787910437597,1974,3052,904.3892248173976,2806.5547273891134,786.2189383137644,2868.440204873203,-1,-1,off_screen,0.0,1039,27,4.0,-0.0008753243200597428,43.7264760724935,39.487600767212626,0.1664000010350719,0.28160000510979444,10.543500000494532,0.13749999925494194,10.974100005114451,0,True,gaze_outside_screen,0.7593817515001096
1787910437612,1975,3053,865.6973126620677,2773.9034218252086,810.0624506182553,2840.0791699588044,-1,-1,off_screen,0.0,1055,27,4.0,-0.0007629684003673219,45.70448639032873,39.49252751512397,0.1049999991664663,0.2506000018911436,10.537800000747666,0.1109000004362315,10.90690000273753,0,True,gaze_outside_screen,0.7593817515001096
1787910437644,1976,3054,962.2549316085905,2727.2130208669923,855.7201949153557,2806.2193252312604,-1,-1,off_screen,0.0,1087,27,4.0,-0.000560703869844293,44.270721899641565,39.48934193264075,0.14940000255592167,0.3195000026607886,10.13270000112243,0.12340000830590725,10.585600000922568,0,True,gaze_outside_screen,0.7593817515001096
1787910437677,1977,3055,770.5004535525918,2666.0800630265576,830.1542725065265,2764.1775465698493,-1,-1,off_screen,0.0,1120,27,4.0,-0.0004384582164362501,42.9321379881547,39.48498622237314,0.2384999970672652,0.3242999955546111,11.56749999790918,0.15929999062791467,12.064800001098774,0,True,gaze_outside_screen,0.7593817515001096
1787910437693,1978,3056,817.8881552598721,2626.607735565364,826.4744373325301,2722.906603268503,-1,-1,off_screen,0.0,1136,27,4.0,-0.0003871712824047857,44.86662124807502,39.490232171191984,0.10879999899771065,0.3541000041877851,10.567300007096492,0.1210999907925725,11.05210000241641,0,True,gaze_outside_screen,0.7593817515001096
1787910437724,1979,3057,725.79823383726,2642.23765989386,796.271576283949,2698.70592025611,-1,-1,off_screen,0.0,1167,27,4.0,-0.00044219440345226457,43.54573831685244,39.487363091177194,0.14959998952690512,0.23990000772755593,10.042100009741262,0.12040000001434237,10.411499999463558,0,True,gaze_outside_screen,0.7593817515001096
1787910437740,1980,3058,732.8301760601739,2608.553578973571,777.2391562168165,2671.660217871348,-1,-1,off_screen,0.0,1183,27,4.0,-0.0003462314299164382,45.42367449986538,39.48912834595619,0.1548000000184402,0.26190000062342733,15.677300005336292,0.2798000059556216,16.229399989242665,0,True,gaze_outside_screen,0.7593817515001096
1787910437772,1981,3059,602.1010869550652,2675.5833115128944,724.697735438291,2672.8371459638115,-1,-1,off_screen,0.0,1215,27,4.0,-0.0003870663190760071,43.988663094509036,39.487580396289935,0.12549999519251287,0.301799998851493,11.934900001506321,0.15730000450275838,12.407899994286709,0,True,gaze_outside_screen,0.7593817515001096
1787910437789,1982,3060,588.7688579983179,2660.3177985085813,683.919072206299,2669.081341727242,-1,-1,off_screen,0.0,1232,27,4.0,-0.00033050577219901484,45.78704272620787,39.493350441988994,0.10110001312568784,0.28739999106619507,9.86900000134483,0.10959999053739011,10.274000000208616,0,True,gaze_outside_screen,0.7593817515001096
1787910437820,1983,3061,684.0339201843624,2636.738055331232,683.953526599718,2659.3783558084388,-1,-1,off_screen,0.0,1263,27,4.0,-0.0002233977646742824,44.362037112713836,39.48964567557074,0.11069999891333282,0.25340000865980983,10.778099996969104,0.11719999019987881,11.157400003867224,0,True,gaze_outside_screen,0.7593817515001096
1787910437852,1984,3062,750.0154125912186,2584.760898967682,703.7720923971681,2636.9931187562115,-1,-1,off_screen,0.0,1295,27,3.8,-0.00026384797323894885,43.04856941699657,39.48515713677003,0.12240000069141388,0.2941999991890043,12.810900007025339,0.15190000704023987,13.271899995743297,0,True,gaze_outside_screen,0.7593817515001096
1787910437868,1985,3063,644.6828923446437,2627.1360962298027,686.0453323814107,2634.036011998289,-1,-1,off_screen,0.0,1311,27,3.8,-0.0002985703717473427,44.919449241248074,39.49054759448686,0.09940000018104911,0.29719999292865396,11.387199992896058,0.12290000449866056,11.8166000029305,0,True,gaze_outside_screen,0.7593817515001096
1787910437900,1986,3064,535.7094982349464,2596.0697069314483,640.9445821374713,2622.6461204782363,-1,-1,off_screen,0.0,1343,27,3.8,-0.0002612082940281167,43.57313770668884,39.487983037365304,0.10369998926762491,0.24970000959001482,10.015599997132085,0.1142999972216785,10.387900008936413,0,True,gaze_outside_screen,0.7593817515001096
1787910437916,1987,3065,533.2195404594595,2559.99754522956,608.6270696340678,2603.851547903633,-1,-1,off_screen,0.0,1358,27,3.8,-0.00011588078550995098,45.43658634943247,39.49263058557799,0.10800000745803118,0.24700000358279794,10.128499998245388,0.11989999620709568,10.502599994651973,0,True,gaze_outside_screen,0.7593817515001096
1787910437948,1988,3066,419.71375405656875,2564.1116203992974,551.9530749608181,2591.9295696523322,-1,-1,off_screen,0.0,1391,27,3.8,-0.0002665019910240256,44.01332512809689,39.48925829771768,0.11829999857582152,0.2592999953776598,10.0044999999227,0.13049998960923404,10.406399989733472,0,True,gaze_outside_screen,0.7593817515001096
1787910437980,1989,3067,383.499526276636,2470.1011532033076,501.41701035556343,2555.3810447176247,-1,-1,off_screen,0.0,1423,27,3.8,-7.027568830522343e-05,42.74437328725422,39.48559200680059,0.1306000049225986,0.3049000079045072,10.577299995929934,0.12519999290816486,11.01639999251347,0,True,gaze_outside_screen,0.7593817515001096
1787910437996,1990,3068,398.6440499671352,2443.6757280960737,470.58512223903494,2521.869449731159,-1,-1,off_screen,0.0,1439,27,3.8,1.7867036033656497e-05,44.75572567628027,39.490497209091615,0.10940000356640667,0.2351000002818182,10.422100007417612,0.11670000094454736,10.782099998323247,0,True,gaze_outside_screen,0.7593817515001096
1787910438029,1991,3069,191.977473874444,2475.0096452441803,387.0028277296576,2507.8115083850653,-1,-1,off_screen,0.0,1472,27,3.8,1.6946215363671663e-05,43.37293023708015,39.48650869191946,0.2508000034140423,0.33320000511594117,11.131500010378659,0.14309999824035913,11.621400000876747,0,True,gaze_outside_screen,0.7593817515001096
1787910438044,1992,3070,173.21432341618709,2499.637075147784,322.86627643561644,2505.3591784138807,-1,-1,off_screen,0.0,1486,27,3.8,2.8557193974751427e-05,45.41742104758937,39.49205900302057,0.11609999637585133,0.26450000586919487,9.94090001040604,0.1362000039080158,10.349899996072054,0,True,gaze_outside_screen,0.7593817515001096
1787910438076,1993,3071,218.17787544194397,2466.802738641608,291.45975613751466,2493.7922464821986,-1,-1,off_screen,0.0,1519,27,3.8,5.025558053233306e-05,43.993099713358184,39.488517715649586,0.145500001963228,0.26300000899937004,10.168799999519251,0.12620000052265823,10.567399993306026,0,True,gaze_outside_screen,0.7593817515001096
1787910438092,1994,3072,230.75730221876628,2417.221589725521,273.2490199618901,2470.8210494551954,-1,-1,off_screen,0.0,1535,27,3.6,0.00023164852591769924,45.90827643900808,39.49327566430379,0.10619999375194311,0.2432000037515536,10.297499989974312,0.13320001016836613,10.682199994334951,0,True,gaze_outside_screen,0.7593817515001096
1787910438125,1995,3073,197.87831426792062,2377.359856816468,250.63780825369923,2442.782691663577,-1,-1,off_screen,0.0,1568,27,3.6,0.0002831521255590823,44.401488887856566,39.489222875131645,0.1475000026402995,0.31060000765137374,11.085099991760217,0.15559999155811965,11.563699998077936,0,True,gaze_outside_screen,0.7593817515001096
1787910438156,1996,3074,223.95082098373308,2358.126628410118,242.63171207270938,2417.385872687539,-1,-1,off_screen,0.0,1598,27,3.6,0.00028768967220168737,43.10340534073667,39.486483040815,0.1351000100839883,0.2793000021483749,10.052199999336153,0.1210999907925725,10.462199992616661,0,True,gaze_outside_screen,0.7593817515001096
1787910438172,1997,3075,265.28917597725126,2188.0364663966475,249.42895124407192,2348.5810508002714,-1,-1,off_screen,0.0,1615,27,3.6,0.00036135524173685693,45.063797418966885,39.48971597065932,0.11670000094454736,0.24769999436102808,13.067499996395782,0.14010000450070947,13.46479999483563,0,True,gaze_outside_screen,0.7593817515001096
1787910438204,1998,3076,241.22805647247893,2143.5689652800224,246.968682812594,2287.0774251441967,-1,-1,off_screen,0.0,1647,27,3.6,0.00025572940079632636,43.67236224592395,39.48753579270228,0.16090000281110406,0.3327000013086945,10.480500000994653,0.15839999832678586,10.98529998853337,0,True,gaze_outside_screen,0.7593817515001096
1787910438220,1999,3077,290.3053659810809,2043.779299614966,259.9696877631401,2214.087987485427,-1,-1,off_screen,0.0,1663,27,3.6,0.0004625951633834384,45.5711435295986,39.492319748120465,0.1711000077193603,0.29240000003483146,10.477300005732104,0.1314000110141933,10.911399993347004,0,True,gaze_outside_screen,0.7593817515001096
1787910438252,2000,3078,319.2340314761118,2242.3640886617377,277.7489908770316,2222.57081783832,-1,-1,off_screen,0.0,1695,27,3.6,0.0002172567680077224,44.15759586805161,39.489047797907276,0.11860000086016953,0.2682000049389899,10.46610000776127,0.13320001016836613,10.879599998588674,0,True,gaze_outside_screen,0.7593817515001096
1787910438284,2001,3079,338.5997489873242,2325.136933171562,296.0042183101193,2253.3406524382926,-1,-1,off_screen,0.0,1726,27,3.6,0.00015962374419427675,42.87419732956963,39.48541494116584,0.1601999974809587,0.34169999707955867,10.925800001132302,0.16939999477472156,11.452100006863475,0,True,gaze_outside_screen,0.7593817515001096
1787910438301,2002,3080,312.9515157820285,2368.129914646326,301.08840755169206,2287.7774311007024,-1,-1,off_screen,0.0,1744,27,3.6,0.00010395157497110688,44.67739378255393,39.489661868075395,0.12759999663103372,0.2775000029942021,11.51719999324996,0.16460000188089907,11.970199993811548,0,True,gaze_outside_screen,0.7593817515001096
1787910438332,2003,3081,264.72814138316903,2389.3867551546177,290.1803277011351,2318.260228316877,-1,-1,off_screen,0.0,1775,27,3.6,0.00010437749079722156,43.366429316915195,39.486512571650955,0.12650000280700624,0.2906000008806586,11.382100012269802,0.15150000399444252,11.83790000504814,0,True,gaze_outside_screen,0.7593817515001096
1787910438348,2004,3082,244.9139699816967,2392.2742572188295,276.6004203853036,2340.4644369874627,-1,-1,off_screen,0.0,1791,27,3.6,9.574578115746982e-05,45.186701525556956,39.49102754115773,0.13250000483822078,0.27550000231713057,11.54379999206867,0.1652000064495951,11.997800000244752,0,True,gaze_outside_screen,0.7593817515001096
1787910438380,2005,3083,270.95456540048826,2399.206112169362,274.906663889859,2358.0869395420323,-1,-1,off_screen,0.0,1823,27,3.6,8.335528400738035e-05,43.79922526545646,39.487778017810896,0.18010000349022448,0.3496999997878447,11.293299990938976,0.15140000323299319,11.80749999184627,0,True,gaze_outside_screen,0.7593817515001096
1787910438397,2006,3084,282.9245250423218,2403.5131989835972,277.3120222355978,2371.7148173745018,-1,-1,off_screen,0.0,1840,27,3.6,7.248473000488406e-05,45.57834143686148,39.49252004178786,0.1534000039100647,0.2908000024035573,11.086300000897609,0.12539999443106353,11.517499995534308,0,True,gaze_outside_screen,0.7593817515001096
1787910438428,2007,3085,384.0963225608171,2396.323642026135,309.3473123331636,2379.0974647699913,-1,-1,off_screen,0.0,1871,27,3.6,5.9578758717235974e-05,44.18238266445437,39.489639786754005,0.12589999823831022,0.28219999512657523,10.481100005563349,0.13359999866224825,10.90969999495428,0,True,gaze_outside_screen,0.7593817515001096
1787910438460,2008,3086,451.5369129266376,2411.985163876224,352.0041925112058,2388.963774501861,-1,-1,off_screen,0.0,1903,27,3.6,-4.2163977540764924e-05,42.890492635363636,39.48572016970942,0.17550001211930066,0.31650000892113894,11.543000000528991,0.1311999949393794,12.0038999884855,0,True,gaze_outside_screen,0.7593817515001096
1787910438476,2009,3087,534.0201582368254,2391.4959463844766,406.6089822288917,2389.7234260666455,-1,-1,off_screen,0.0,1919,27,3.6,-6.764283899780843e-05,44.85038886433954,39.49117629087815,0.10350000229664147,0.24540000595152378,10.170199995627627,0.10039999324362725,10.52529999287799,0,True,gaze_outside_screen,0.7593817515001096
1787910438508,2010,3088,598.5813751296048,2394.241526149272,464.2007000991056,2391.0788560914334,-1,-1,off_screen,0.0,1950,27,3.6,-0.00013390963708136486,43.47920820343017,39.4874373096671,0.14640000881627202,0.3654000029200688,10.637299987138249,0.12090000382158905,11.13709999481216,0,True,gaze_outside_screen,0.7593817515001096
1787910438524,2011,3089,615.2417860093958,2379.0804069193723,509.51302587219266,2387.479321339815,-1,-1,off_screen,0.0,1967,27,3.6,-0.000139334635450801,45.359488681224214,39.492361376976056,0.13470000703819096,0.2624999906402081,10.24830000824295,0.13190000026952475,10.651799995684996,0,True,gaze_outside_screen,0.7593817515001096
1787910438556,2012,3090,628.460623532085,2376.7470705435157,545.1973051701603,2384.2596461009252,-1,-1,off_screen,0.0,1999,27,3.6,-0.0001380176483463634,43.95741259034496,39.488816074636794,0.19979999342467636,0.30729999707546085,10.632999998051673,0.13580000086221844,11.088600003859028,0,True,gaze_outside_screen,0.7593817515001096
1787910438588,2013,3091,780.5596448554903,2338.65022044297,615.8060070757593,2370.5768184035387,-1,-1,off_screen,0.0,2031,27,3.6,-0.00012770691763413014,42.691336489164634,39.48579550626332,0.112599998828955,0.27570000384002924,10.043900008895434,0.1179000100819394,10.447700013173744,0,True,gaze_outside_screen,0.7593817515001096
1787910438604,2014,3092,901.9291089111861,2333.2996544207504,701.6429376263873,2359.393669208702,-1,-1,off_screen,0.0,2047,27,3.6,-0.00014102488310827055,44.628949570763886,39.49042147629917,0.12880000576842576,0.2607999922474846,10.105699999257922,0.11340000492054969,10.488700005225837,0,True,gaze_outside_screen,0.7593817515001096
1787910438636,2015,3093,1014.6555052761254,2324.9948326273297,795.5467079213087,2349.07401823429,-1,-1,off_screen,0.0,2078,27,3.6,-0.0001266879086719401,43.3036835701637,39.486534417696916,0.1537000061944127,0.3473999968264252,11.128199999802746,0.16140000661835074,11.650400003418326,0,True,gaze_outside_screen,0.7593817515001096
1787910438652,2016,3094,1017.7245874108969,2326.7381870400586,862.2000717681851,2342.3732688760206,-1,-1,off_screen,0.0,2095,27,3.6,-0.00011739875211353237,45.16235319081002,39.49137669795493,0.15619999612681568,0.29769999673590064,10.762100006104447,0.14159998681861907,11.210099997697398,0,True,gaze_outside_screen,0.7593817515001096
1787910438684,2017,3095,973.1558726054703,2324.870926954588,895.4868120193707,2337.1225662995907,-1,-1,off_screen,0.0,2127,27,3.6,-0.00010445197300133421,43.78520452263632,39.48829316664347,0.11910000466741621,0.2719000040087849,10.376799997175112,0.13669999316334724,10.795499998494051,0,True,gaze_outside_screen,0.7593817515001096
1787910438700,2018,3096,938.4145083162058,2322.913965400106,908.3651209084212,2332.8599860297454,-1,-1,off_screen,0.0,2143,27,3.4,-4.242018835958622e-05,45.60842676359248,39.49287107308555,0.12909999350085855,0.27350000164005905,10.450800007674843,0.17240000306628644,10.907000003498979,0,True,gaze_outside_screen,0.7593817515001096
1787910438732,2019,3097,909.6048279786601,2301.851817697371,908.7370330294929,2323.557535530033,-1,-1,off_screen,0.0,2175,27,3.4,7.957448546735968e-05,44.16939398694876,39.48943070742671,0.2339000056963414,0.4783999902429059,10.39409999793861,0.13669999316334724,11.027000000467524,0,True,gaze_outside_screen,0.7593817515001096
1787910438764,2020,3098,907.5574266088884,2224.6343362373295,908.3831511033115,2293.880575742222,-1,-1,off_screen,0.0,2207,27,3.4,0.00034246380167683374,42.9122119185145,39.486158739483784,0.12330000754445791,0.2629000082379207,10.821199990459718,0.10980000661220402,11.20309998805169,0,True,gaze_outside_screen,0.7593817515001096
1787910438780,2021,3099,859.9502472289715,2204.3403225288444,893.8532799410094,2267.0184997782085,-1,-1,off_screen,0.0,2223,27,3.4,0.0004863440394161679,44.871225110963834,39.49104974925178,0.09870000940281898,0.24689998826943338,10.431000002427027,0.12179999612271786,10.808699997141957,0,True,gaze_outside_screen,0.7593817515001096
1787910438812,2022,3100,911.774223490655,2147.473901554901,899.2295630059032,2231.1551203112163,-1,-1,off_screen,0.0,2255,27,3.4,0.0007206096689764789,43.47291522993257,39.48732877540744,0.15130000247154385,0.36449999606702477,10.635799990268424,0.1348999940091744,11.153100000228733,0,True,gaze_outside_screen,0.7593817515001096
1787910438828,2023,3101,957.4955554716984,2127.2978790921647,916.7093607456416,2199.9979479455005,-1,-1,off_screen,0.0,2271,27,3.4,0.0007884076336040109,45.456019737117,39.49253304896983,0.09049999061971903,0.2305999951204285,9.96669998858124,0.1269000058528036,10.332000005291775,0,True,gaze_outside_screen,0.7593817515001096
1787910438861,2024,3102,998.0030728144121,2155.8299490538548,941.0974743662726,2186.7475482780064,-1,-1,off_screen,0.0,2304,27,3.4,0.0008051559408882268,43.99306032718831,39.48894260850119,0.13290000788401812,0.374399998690933,9.852300005150028,0.1109000004362315,10.355099992011674,0,True,gaze_outside_screen,0.7593817515001096
1787910438893,2025,3103,1023.0528119947018,2207.6009319384025,965.6840756548013,2193.0035633761254,-1,-1,off_screen,0.0,2335,27,3.2,0.000798889611762818,42.729415543404755,39.48493147554031,0.2479999966453761,0.4994000046281144,11.125599994556978,0.12929999502375722,11.770099998102523,0,True,gaze_outside_screen,0.7593817515001096
1787910438908,2026,3104,998.2088896181164,2280.8005066064843,975.4415198437957,2219.342646345233,-1,-1,off_screen,0.0,2351,27,3.2,0.00073369324587658,44.87104789845265,39.49000988053275,0.11020000965800136,0.24280000070575625,11.021700003766455,0.12379999679978937,11.397099995519966,0,True,gaze_outside_screen,0.7593817515001096
1787910438941,2027,3105,892.5113549659535,2399.116185421947,950.562470380443,2273.274708068247,-1,-1,off_screen,0.0,2384,27,3.2,0.0007240087064839737,43.46967714368306,39.486795523374845,0.1846999948611483,0.32729998929426074,10.256699999445118,0.119399992399849,10.7133999990765,0,True,gaze_outside_screen,0.7593817515001096
1787910438956,2028,3106,852.9360156928343,2438.4224275808338,921.2745339741604,2322.819023922023,-1,-1,off_screen,0.0,2399,27,3.0,0.0007180217220116407,45.510812225317075,39.49192100065562,0.10900000052060932,0.2367999986745417,9.802000000490807,0.12799999967683107,10.175400006119162,0,True,gaze_outside_screen,0.7593817515001096
1787910438989,2029,3107,723.0106954660534,2556.136621199897,861.7953824217283,2392.814303105385,-1,-1,off_screen,0.0,2432,27,2.8,0.000683761838469684,44.05245074021906,39.488022524017,0.13519999629352242,0.2700000040931627,10.520900003029965,0.12789999891538173,10.930199990980327,0,True,gaze_outside_screen,0.7593817515001096
1787910439020,2030,3108,557.7274645226831,2678.6024905888994,770.5750070520147,2478.550759350439,-1,-1,off_screen,0.0,2463,27,2.8,0.0006881734013496309,42.81463937954602,39.484912958317764,0.11550000635907054,0.25830000231508166,10.488500003702939,0.1250000059371814,10.881499998504296,0,True,gaze_outside_screen,0.7593817515001096
1787910439036,2031,3109,515.7562293563409,2725.4818862314673,694.1293737433126,2552.630097414747,-1,-1,off_screen,0.0,2479,27,2.8,0.0006779505207790033,44.78950998175223,39.48983853673163,0.10620000830385834,0.2401000092504546,10.03260001016315,0.12200001219753176,10.402600004454143,0,True,gaze_outside_screen,0.7593817515001096
1787910439068,2032,3110,425.4167449002232,2806.641668296837,613.5155850903858,2628.833568679374,-1,-1,off_screen,0.0,2511,27,2.8,0.0006754192516951162,43.4159465201345,39.48578693165299,0.1559000083943829,0.30759999935980886,11.151900005643256,0.13179999950807542,11.60469999013003,0,True,gaze_outside_screen,0.7593817515001096
1787910439084,2033,3111,403.28076231999484,2847.351289132301,550.4451382592684,2694.388884815252,-1,-1,off_screen,0.0,2527,27,2.8,0.0006748539121181722,45.35603510798155,39.491162051208335,0.12409999908413738,0.2415999915683642,9.92460000270512,0.11199999426025897,10.286999997333623,0,True,gaze_outside_screen,0.7593817515001096
1787910439117,2034,3112,359.87154042906093,2910.1326458794424,493.27305891020615,2759.1120131345087,-1,-1,off_screen,0.0,2560,27,2.8,0.0006726552149757432,43.91911217945114,39.4873376714307,0.11730000551324338,0.364200008334592,10.467199987033382,0.1277999981539324,10.969399998430163,0,True,gaze_outside_screen,0.7593817515001096
1787910439132,2035,3113,353.9366094161333,2911.2721980234865,451.4721240619843,2804.760068601202,-1,-1,off_screen,0.0,2575,27,2.8,0.0006722136392582727,45.892127669062354,39.49107785803634,0.10449999535921961,0.22890001127962023,12.58840000082273,0.2905000001192093,13.116400004946627,0,True,gaze_outside_screen,0.7593817515001096
1787910439164,2036,3114,461.10492329207096,2933.9773036831093,454.36196383101026,2843.525239125774,-1,-1,off_screen,0.0,2607,27,2.8,0.0005421311261882868,44.40714565758217,39.488910777712576,0.13220000255387276,0.2893999917432666,10.122699997737072,0.1269999920623377,10.5518999916967,0,True,gaze_outside_screen,0.7593817515001096
1787910439196,2037,3115,451.40635168092814,3008.7438264201487,453.47528018598564,2893.0908153140863,-1,-1,off_screen,0.0,2639,27,2.8,0.00041522137676726356,43.124043306180035,39.48562918877895,0.12840000272262841,0.2469000028213486,10.382799999206327,0.12290000449866056,10.76170000305865,0,True,gaze_outside_screen,0.7593817515001096
1787910439212,2038,3116,468.78648282650664,3031.1147490330764,458.0686409781419,2934.4979954297833,-1,-1,off_screen,0.0,2654,27,2.8,0.00043067923468153094,45.03964632580497,39.490469627834585,0.10150000161956996,0.23119999968912452,10.010300000431016,0.10859999747481197,10.358200001064688,0,True,gaze_outside_screen,0.7593817515001096
1787910439245,2039,3117,557.0170822804032,3103.9685452864383,487.7531733688203,2985.3391603867794,-1,-1,off_screen,0.0,2687,27,2.8,0.0003030116791872782,43.62743567547667,39.48646800704656,0.1686000032350421,0.3080999886151403,10.871400008909404,0.1429999974789098,11.335499992128462,0,True,gaze_outside_screen,0.7593817515001096
1787910439260,2040,3118,537.7941278154121,3097.2524995341987,502.7654597027978,3018.9131621310053,-1,-1,off_screen,0.0,2703,27,2.8,0.00030067401550913295,45.60813901074687,39.49151750511742,0.10370000381954014,0.24680000205989927,10.421200000564568,0.12310000602155924,10.799800002132542,0,True,gaze_outside_screen,0.7593817515001096
1787910439292,2041,3119,605.3030887074947,3111.0899892361635,533.5267484042068,3046.566210262553,-1,-1,off_screen,0.0,2735,27,2.8,0.00018498253230339948,44.17906814475605,39.48807437554529,0.09779998799785972,0.26450000586919487,10.7022999873152,0.0957000011112541,11.077000002842396,0,True,gaze_outside_screen,0.7593817515001096
1787910439324,2042,3120,670.27421280507,3056.892717557507,574.5509877244657,3049.664162451039,-1,-1,off_screen,0.0,2766,27,2.8,8.689624480568911e-05,42.87911669947119,39.48453896187731,0.14459999511018395,0.3264999977545813,10.933700003079139,0.13020000187680125,11.403600001358427,0,True,gaze_outside_screen,0.7593817515001096
1787910439340,2043,3121,607.5555842070844,3017.2057075519033,584.4523666692512,3039.9266259812985,-1,-1,off_screen,0.0,2782,27,2.8,-1.6032392219058472e-05,44.877903630600116,39.48946041611209,0.11100000119768083,0.24880000273697078,10.575300009804778,0.1396000006934628,10.972299991408363,0,True,gaze_outside_screen,0.7593817515001096
1787910439372,2044,3122,533.675453103321,2920.0093948116696,569.219292599472,3003.9514566304097,-1,-1,off_screen,0.0,2815,27,2.8,7.258257834632034e-05,43.486069330384645,39.48581715611506,0.12099999003112316,0.3532000118866563,10.823200005688705,0.10269999620504677,11.289800007943995,0,True,gaze_outside_screen,0.7593817515001096
1787910439388,2045,3123,472.26640355637335,2884.6916807747193,540.1334258865425,2968.1735238737024,-1,-1,off_screen,0.0,2831,27,2.8,0.0001467999293497911,45.45071327762327,39.49100742340945,0.15639999764971435,0.25349999486934394,9.999000001698732,0.11949999316129833,10.380799998529255,0,True,gaze_outside_screen,0.7593817515001096
1787910439420,2046,3124,451.7223767367459,2822.421666847682,513.6101111416035,2924.447966765896,-1,-1,off_screen,0.0,2863,27,2.8,0.00019789875750670857,44.02104262148225,39.48680865484895,0.15150000399444252,0.30390000029001385,11.577800003578886,0.12119999155402184,12.016099994070828,0,True,gaze_outside_screen,0.7593817515001096
